Time (s),Voltage (V)
0.0,9.8
0.04,10.8
0.08,10.200000000000001
0.12,11.200000000000001
0.16,10.4
0.2,0.0
0.24,0.0
0.28,0.0
0.32,0.0
0.36,0.0
0.4,0.0
0.44,-0.2
0.48,0.0
0.52,0.0
0.56,0.0
0.6,0.0
0.64,0.0
0.68,0.0
0.72,0.0
0.76,0.0
0.8,0.0
0.84,0.0
0.88,0.0
0.92,0.0
0.96,0.0
1.0,0.0
1.04,0.0
1.08,0.0
1.12,0.0
1.16,0.0
1.2,0.0
1.24,0.0
1.28,0.0
1.32,0.0
1.36,0.0
1.4000000000000001,0.0
1.44,0.0
1.48,0.0
1.52,0.0
1.56,0.0
1.6,0.0
1.6400000000000001,0.0
1.68,0.0
1.72,0.0
1.76,0.0
1.8,0.0
1.84,0.0
1.8800000000000001,0.0
1.92,0.0
1.96,0.0
2.0,0.0
2.04,0.0
2.08,0.0
2.12,0.0
2.16,0.0
2.2,0.0
2.24,0.0
2.2800000000000002,0.0
2.32,0.0
2.36,0.0
2.4,0.0
2.44,0.0
2.48,0.0
2.52,0.0
2.56,0.0
2.6,0.0
2.64,0.0
2.68,0.0
2.72,0.0
2.7600000000000002,0.0
2.8000000000000003,0.0
2.84,0.0
2.88,0.0
2.92,0.0
2.96,0.0
3.0,0.0
3.04,0.0
3.08,0.0
3.12,0.0
3.16,0.0
3.2,0.0
3.24,0.0
3.2800000000000002,0.0
3.3200000000000003,0.0
3.36,0.0
3.4,0.0
3.44,0.0
3.48,0.0
3.52,0.0
3.56,0.0
3.6,0.0
3.64,0.0
3.68,0.0
3.72,0.0
3.7600000000000002,0.0
3.8000000000000003,0.0
3.84,0.0
3.88,0.0
3.92,0.0
3.96,0.0
4.0,0.0
4.04,0.0
4.08,0.0
4.12,0.0
4.16,0.0
4.2,0.0
4.24,0.0
4.28,0.0
4.32,0.0
4.36,0.0
4.4,0.0
4.44,0.0
4.48,0.0
4.5200000000000005,0.0
4.5600000000000005,0.0
4.6000000000000005,0.0
4.64,0.0
4.68,0.0
4.72,0.0
4.76,-0.2
4.8,0.0
4.84,0.0
4.88,0.0
4.92,0.0
4.96,-0.2
5.0,0.0
5.04,0.0
5.08,0.0
5.12,0.0
5.16,0.0
5.2,0.0
5.24,0.0
5.28,0.0
5.32,0.0
5.36,0.0
5.4,0.0
5.44,0.0
5.48,0.0
5.5200000000000005,0.0
5.5600000000000005,0.0
5.6000000000000005,0.0
5.64,0.0
5.68,0.0
5.72,0.0
5.76,0.0
5.8,0.0
5.84,0.0
5.88,0.0
5.92,0.0
5.96,0.0
6.0,0.0
6.04,0.0
6.08,0.0
6.12,0.0
6.16,0.0
6.2,0.0
6.24,0.0
6.28,0.0
6.32,0.0
6.36,0.0
6.4,0.0
6.44,0.0
6.48,0.0
6.5200000000000005,0.0
6.5600000000000005,0.0
6.6000000000000005,0.0
6.640000000000001,0.0
6.68,0.0
6.72,0.0
6.76,0.0
6.8,0.0
6.84,0.0
6.88,0.0
6.92,0.0
6.96,0.0
7.0,0.0
7.04,0.0
7.08,0.0
7.12,0.0
7.16,0.0
7.2,0.0
7.24,0.0
7.28,0.0
7.32,0.0
7.36,0.0
7.4,0.0
7.44,0.0
7.48,0.0
7.5200000000000005,0.0
7.5600000000000005,0.0
7.6000000000000005,0.0
7.640000000000001,0.0
7.68,0.0
7.72,0.0
7.76,0.0
7.8,0.0
7.84,0.0
7.88,0.0
7.92,0.0
7.96,0.0
8.0,0.0
8.040000000000001,0.0
8.08,0.0
8.120000000000001,0.0
8.16,0.0
8.2,0.0
8.24,0.0
8.28,0.0
8.32,0.0
8.36,0.0
8.4,0.0
8.44,0.0
8.48,0.0
8.52,0.0
8.56,0.0
8.6,0.0
8.64,0.0
8.68,0.0
8.72,0.0
8.76,0.0
8.8,0.0
8.84,0.0
8.88,0.0
8.92,0.0
8.96,0.0
9.0,0.0
9.040000000000001,0.0
9.08,0.0
9.120000000000001,0.0
9.16,0.0
9.200000000000001,0.0
9.24,0.0
9.28,0.0
9.32,0.0
9.36,0.0
9.4,0.0
9.44,0.0
9.48,0.0
9.52,-0.2
9.56,0.0
9.6,0.0
9.64,0.0
9.68,0.0
9.72,0.0
9.76,0.0
9.8,0.0
9.84,0.0
9.88,0.0
9.92,0.0
9.96,0.0
10.0,0.0
10.040000000000001,0.0
10.08,0.0
10.120000000000001,0.0
10.16,0.0
10.200000000000001,0.0
10.24,0.0
10.28,0.0
10.32,0.0
10.36,0.0
10.4,0.0
10.44,0.0
10.48,0.0
10.52,0.0
10.56,0.0
10.6,0.0
10.64,0.0
10.68,0.0
10.72,0.0
10.76,0.0
10.8,0.0
10.84,0.0
10.88,0.0
10.92,0.0
10.96,0.0
11.0,0.0
11.040000000000001,0.0
11.08,0.0
11.120000000000001,0.0
11.16,0.0
11.200000000000001,0.0
11.24,0.0
11.28,0.0
11.32,0.0
11.36,0.0
11.4,0.0
11.44,0.0
11.48,0.0
11.52,0.0
11.56,0.0
11.6,0.0
11.64,0.0
11.68,0.0
11.72,0.0
11.76,0.0
11.8,0.0
11.84,0.0
11.88,0.0
11.92,0.0
11.96,0.0
12.0,0.0
12.040000000000001,0.0
12.08,0.0
12.120000000000001,0.0
12.16,0.0
12.200000000000001,0.0
12.24,0.0
12.280000000000001,0.0
12.32,0.0
12.36,0.0
12.4,0.0
12.44,0.0
12.48,0.0
12.52,0.0
12.56,0.0
12.6,0.0
12.64,0.0
12.68,0.0
12.72,0.0
12.76,0.0
12.8,0.0
12.84,0.0
12.88,0.0
12.92,0.0
12.96,0.0
13.0,0.0
13.040000000000001,0.0
13.08,0.0
13.120000000000001,0.0
13.16,0.0
13.200000000000001,0.0
13.24,0.0
13.280000000000001,0.0
13.32,0.0
13.36,0.0
13.4,0.0
13.44,0.0
13.48,0.0
13.52,0.0
13.56,0.0
13.6,0.0
13.64,0.0
13.68,0.0
13.72,0.0
13.76,0.0
13.8,0.0
13.84,0.0
13.88,0.0
13.92,0.0
13.96,0.0
14.0,0.0
14.040000000000001,0.0
14.08,0.0
14.120000000000001,0.0
14.16,0.0
14.200000000000001,0.0
14.24,0.0
14.280000000000001,0.0
14.32,0.0
14.36,0.0
14.4,0.0
14.44,0.0
14.48,0.0
14.52,0.0
14.56,0.0
14.6,0.0
14.64,0.0
14.68,0.0
14.72,0.0
14.76,0.0
14.8,0.0
14.84,0.0
14.88,0.0
14.92,0.0
14.96,0.0
15.0,0.0
15.040000000000001,0.0
15.08,0.0
15.120000000000001,0.0
15.16,0.0
15.200000000000001,0.0
15.24,0.0
15.280000000000001,0.0
15.32,0.0
15.36,0.0
15.4,0.0
15.44,0.0
15.48,0.0
15.52,0.0
15.56,0.0
15.6,0.0
15.64,0.0
15.68,0.0
15.72,0.0
15.76,0.0
15.8,0.0
15.84,0.0
15.88,0.0
15.92,0.0
15.96,0.0
16.0,0.0
16.04,0.0
16.080000000000002,0.0
16.12,0.0
16.16,0.0
16.2,0.0
16.240000000000002,0.0
16.28,0.0
16.32,0.0
16.36,0.0
16.4,0.0
16.44,0.0
16.48,0.0
16.52,0.0
16.56,0.0
16.6,0.0
16.64,0.0
16.68,0.0
16.72,0.0
16.76,0.0
16.8,0.0
16.84,0.0
16.88,0.0
16.92,0.0
16.96,0.0
17.0,0.0
17.04,0.0
17.080000000000002,0.0
17.12,0.0
17.16,0.0
17.2,0.0
17.240000000000002,0.0
17.28,0.0
17.32,0.0
17.36,0.0
17.400000000000002,0.0
17.44,0.0
17.48,0.0
17.52,0.0
17.56,0.0
17.6,0.0
17.64,0.0
17.68,0.0
17.72,0.0
17.76,0.0
17.8,0.0
17.84,0.0
17.88,0.0
17.92,0.0
17.96,0.0
18.0,0.0
18.04,0.0
18.080000000000002,0.0
18.12,0.0
18.16,0.0
18.2,0.0
18.240000000000002,0.0
18.28,0.0
18.32,-0.2
18.36,0.0
18.400000000000002,0.0
18.44,0.0
18.48,0.0
18.52,0.0
18.56,0.0
18.6,0.0
18.64,0.0
18.68,0.0
18.72,0.0
18.76,0.0
18.8,0.0
18.84,0.0
18.88,0.0
18.92,0.0
18.96,0.0
19.0,0.0
19.04,0.0
19.080000000000002,0.0
19.12,0.0
19.16,0.0
19.2,0.0
19.240000000000002,0.0
19.28,0.0
19.32,0.0
19.36,0.0
19.400000000000002,0.0
19.44,0.0
19.48,0.0
19.52,0.0
19.56,0.0
19.6,0.0
19.64,0.0
19.68,0.0
19.72,0.0
19.76,0.0
19.8,0.0
19.84,-0.2
19.88,0.0
19.92,0.0
19.96,0.0
20.0,0.0
20.04,0.0
20.080000000000002,0.0
20.12,0.0
20.16,0.0
20.2,0.0
20.240000000000002,0.0
20.28,0.0
20.32,0.0
20.36,0.0
20.400000000000002,0.0
20.44,0.0
20.48,0.0
20.52,0.0
20.56,-0.2
20.6,0.0
20.64,0.0
20.68,0.0
20.72,0.0
20.76,0.0
20.8,0.0
20.84,0.0
20.88,0.0
20.92,0.0
20.96,0.0
21.0,0.0
21.04,0.0
21.080000000000002,0.0
21.12,0.0
21.16,0.0
21.2,0.0
21.240000000000002,0.0
21.28,0.0
21.32,0.0
21.36,0.0
21.400000000000002,0.0
21.44,0.0
21.48,0.0
21.52,0.0
21.56,0.0
21.6,0.0
21.64,0.0
21.68,0.0
21.72,0.0
21.76,0.0
21.8,0.0
21.84,0.0
21.88,0.0
21.92,0.0
21.96,0.0
22.0,0.0
22.04,0.0
22.080000000000002,0.0
22.12,0.0
22.16,0.0
22.2,0.0
22.240000000000002,0.0
22.28,0.0
22.32,0.0
22.36,0.0
22.400000000000002,0.0
22.44,0.0
22.48,0.0
22.52,0.0
22.56,0.0
22.6,0.0
22.64,0.0
22.68,0.0
22.72,0.0
22.76,0.0
22.8,0.0
22.84,0.0
22.88,0.0
22.92,0.0
22.96,0.0
23.0,-0.2
23.04,0.0
23.080000000000002,0.0
23.12,0.0
23.16,0.0
23.2,0.0
23.240000000000002,0.0
23.28,0.0
23.32,0.0
23.36,0.0
23.400000000000002,0.0
23.44,0.0
23.48,0.0
23.52,0.0
23.56,0.0
23.6,0.0
23.64,0.0
23.68,0.0
23.72,0.0
23.76,-0.2
23.8,0.0
23.84,0.0
23.88,0.0
23.92,0.0
23.96,0.0
24.0,0.0
24.04,0.0
24.080000000000002,0.0
24.12,0.0
24.16,0.0
24.2,0.0
24.240000000000002,0.0
24.28,0.0
24.32,0.0
24.36,0.0
24.400000000000002,0.0
24.44,0.0
24.48,0.0
24.52,0.0
24.560000000000002,0.0
24.6,0.0
24.64,0.0
24.68,0.0
24.72,0.0
24.76,0.0
24.8,0.0
24.84,0.0
24.88,0.0
24.92,0.0
24.96,0.0
25.0,0.0
25.04,0.0
25.080000000000002,0.0
25.12,0.0
25.16,0.0
25.2,0.0
25.240000000000002,0.0
25.28,0.0
25.32,0.0
25.36,0.0
25.400000000000002,0.0
25.44,0.0
25.48,0.0
25.52,0.0
25.560000000000002,0.0
25.6,0.0
25.64,-0.2
25.68,0.0
25.72,0.0
25.76,0.0
25.8,0.0
25.84,0.0
25.88,0.0
25.92,0.0
25.96,0.0
26.0,0.0
26.04,0.0
26.080000000000002,0.0
26.12,0.0
26.16,0.0
26.2,0.0
26.240000000000002,0.0
26.28,0.0
26.32,0.0
26.36,0.0
26.400000000000002,0.0
26.44,0.0
26.48,0.0
26.52,0.0
26.560000000000002,0.0
26.6,0.0
26.64,0.0
26.68,0.0
26.72,0.0
26.76,0.0
26.8,0.0
26.84,0.0
26.88,0.0
26.92,0.0
26.96,0.0
27.0,0.0
27.04,0.0
27.080000000000002,0.0
27.12,0.0
27.16,0.0
27.2,0.0
27.240000000000002,0.0
27.28,0.0
27.32,0.0
27.36,0.0
27.400000000000002,0.0
27.44,0.0
27.48,0.0
27.52,0.0
27.560000000000002,0.0
27.6,0.0
27.64,0.0
27.68,0.0
27.72,0.0
27.76,0.0
27.8,-0.2
27.84,0.0
27.88,0.0
27.92,0.0
27.96,0.0
28.0,0.0
28.04,0.0
28.080000000000002,0.0
28.12,0.0
28.16,0.0
28.2,0.0
28.240000000000002,0.0
28.28,0.0
28.32,0.0
28.36,0.0
28.400000000000002,0.0
28.44,0.0
28.48,0.0
28.52,0.0
28.560000000000002,0.0
28.6,0.0
28.64,0.0
28.68,0.0
28.72,0.0
28.76,0.0
28.8,-0.2
28.84,0.0
28.88,0.0
28.92,0.0
28.96,0.0
29.0,0.0
29.04,0.0
29.080000000000002,0.0
29.12,0.0
29.16,0.0
29.2,0.0
29.240000000000002,0.0
29.28,0.0
29.32,0.0
29.36,0.0
29.400000000000002,0.0
29.44,-0.2
29.48,0.0
29.52,0.0
29.560000000000002,0.0
29.6,0.0
29.64,0.0
29.68,0.0
29.72,0.0
29.76,0.0
29.8,0.0
29.84,0.0
29.88,0.0
29.92,0.0
29.96,0.0
30.0,0.0
30.04,0.0
30.080000000000002,0.0
30.12,0.0
30.16,0.0
30.2,0.0
30.240000000000002,0.0
30.28,0.0
30.32,0.0
30.36,0.0
30.400000000000002,0.0
30.44,0.0
30.48,0.0
30.52,0.0
30.560000000000002,0.0
30.6,0.0
30.64,0.0
30.68,0.0
30.72,0.0
30.76,0.0
30.8,0.0
30.84,0.0
30.88,0.0
30.92,0.0
30.96,-0.2
31.0,0.0
31.04,0.0
31.080000000000002,0.0
31.12,0.0
31.16,0.0
31.2,-0.2
31.240000000000002,0.0
31.28,0.0
31.32,0.0
31.36,0.0
31.400000000000002,0.0
31.44,0.0
31.48,0.0
31.52,0.0
31.560000000000002,0.0
31.6,0.0
31.64,0.0
31.68,0.0
31.720000000000002,0.0
31.76,0.0
31.8,0.0
31.84,0.0
31.88,0.0
31.92,0.0
31.96,0.0
32.0,0.0
32.04,0.0
32.08,0.0
32.12,0.0
32.160000000000004,0.0
32.2,0.0
32.24,0.0
32.28,0.0
32.32,0.0
32.36,0.0
32.4,0.0
32.44,0.0
32.480000000000004,0.0
32.52,0.0
32.56,0.0
32.6,0.0
32.64,0.0
32.68,0.0
32.72,-0.2
32.76,0.0
32.8,0.0
32.84,0.0
32.88,0.0
32.92,0.0
32.96,0.0
33.0,0.0
33.04,0.0
33.08,0.0
33.12,0.0
33.160000000000004,0.0
33.2,0.0
33.24,0.0
33.28,0.0
33.32,0.0
33.36,0.0
33.4,0.0
33.44,0.0
33.480000000000004,0.0
33.52,0.0
33.56,0.0
33.6,0.0
33.64,0.0
33.68,0.0
33.72,0.0
33.76,0.0
33.8,0.0
33.84,0.0
33.88,0.0
33.92,0.0
33.96,0.0
34.0,0.0
34.04,0.0
34.08,0.0
34.12,0.0
34.160000000000004,0.0
34.2,0.0
34.24,0.0
34.28,0.0
34.32,0.0
34.36,0.0
34.4,0.0
34.44,0.0
34.480000000000004,0.0
34.52,0.0
34.56,0.0
34.6,0.0
34.64,0.0
34.68,0.0
34.72,0.0
34.76,0.0
34.800000000000004,0.0
34.84,0.0
34.88,0.0
34.92,0.0
34.96,0.0
35.0,0.0
35.04,0.0
35.08,0.0
35.12,0.0
35.160000000000004,0.0
35.2,0.0
35.24,0.0
35.28,0.0
35.32,0.0
35.36,0.0
35.4,0.0
35.44,0.0
35.480000000000004,0.0
35.52,0.0
35.56,0.0
35.6,0.0
35.64,0.0
35.68,0.0
35.72,0.0
35.76,0.0
35.800000000000004,0.0
35.84,0.0
35.88,0.0
35.92,0.0
35.96,0.0
36.0,0.0
36.04,0.0
36.08,0.0
36.12,0.0
36.160000000000004,0.0
36.2,0.0
36.24,0.0
36.28,0.0
36.32,0.0
36.36,0.0
36.4,0.0
36.44,0.0
36.480000000000004,0.0
36.52,0.0
36.56,0.0
36.6,0.0
36.64,-0.2
36.68,0.0
36.72,0.0
36.76,0.0
36.800000000000004,0.0
36.84,0.0
36.88,0.0
36.92,0.0
36.96,0.0
37.0,0.0
37.04,-0.2
37.08,0.0
37.12,0.0
37.160000000000004,0.0
37.2,0.0
37.24,0.0
37.28,0.0
37.32,0.0
37.36,0.0
37.4,0.0
37.44,0.0
37.480000000000004,0.0
37.52,0.0
37.56,0.0
37.6,0.0
37.64,0.0
37.68,0.0
37.72,0.0
37.76,0.0
37.800000000000004,0.0
37.84,0.0
37.88,0.0
37.92,0.0
37.96,0.0
38.0,0.0
38.04,0.0
38.08,0.0
38.12,0.0
38.160000000000004,0.0
38.2,0.0
38.24,0.0
38.28,0.0
38.32,0.0
38.36,0.0
38.4,0.0
38.44,0.0
38.480000000000004,0.0
38.52,0.0
38.56,0.0
38.6,0.0
38.64,0.0
38.68,0.0
38.72,0.0
38.76,0.0
38.800000000000004,0.0
38.84,0.0
38.88,0.0
38.92,0.0
38.96,0.0
39.0,0.0
39.04,0.0
39.08,0.0
39.12,0.0
39.160000000000004,0.0
39.2,0.0
39.24,0.0
39.28,0.0
39.32,0.0
39.36,0.0
39.4,0.0
39.44,0.0
39.480000000000004,0.0
39.52,0.0
39.56,0.0
39.6,0.0
39.64,0.0
39.68,0.0
39.72,-0.2
39.76,0.0
39.800000000000004,0.0
39.84,0.0
39.88,0.0
39.92,0.0
39.96,0.0
40.0,0.0
40.04,0.0
40.08,0.0
40.12,0.0
40.160000000000004,0.0
40.2,0.0
40.24,0.0
40.28,0.0
40.32,0.0
40.36,0.0
40.4,0.0
40.44,0.0
40.480000000000004,0.0
40.52,0.0
40.56,0.0
40.6,0.0
40.64,0.0
40.68,0.0
40.72,0.0
40.76,0.0
40.800000000000004,0.0
40.84,0.0
40.88,0.0
40.92,0.0
40.96,0.0
41.0,0.0
41.04,0.0
41.08,0.0
41.12,0.0
41.160000000000004,0.0
41.2,0.0
41.24,0.0
41.28,0.0
41.32,0.0
41.36,0.0
41.4,0.0
41.44,0.0
41.480000000000004,0.0
41.52,0.0
41.56,0.0
41.6,0.0
41.64,0.0
41.68,0.0
41.72,0.0
41.76,0.0
41.800000000000004,0.0
41.84,0.0
41.88,0.0
41.92,0.0
41.96,0.0
42.0,0.0
42.04,0.0
42.08,0.0
42.12,0.0
42.160000000000004,0.0
42.2,0.0
42.24,0.0
42.28,0.0
42.32,0.0
42.36,0.0
42.4,0.0
42.44,0.0
42.480000000000004,0.0
42.52,0.0
42.56,0.0
42.6,0.0
42.64,0.0
42.68,0.0
42.72,0.0
42.76,0.0
42.800000000000004,0.0
42.84,0.0
42.88,0.0
42.92,0.0
42.96,0.0
43.0,0.0
43.04,0.0
43.08,0.0
43.12,0.0
43.160000000000004,0.0
43.2,0.0
43.24,0.0
43.28,0.0
43.32,0.0
43.36,0.0
43.4,0.0
43.44,0.0
43.480000000000004,0.0
43.52,0.0
43.56,0.0
43.6,0.0
43.64,0.0
43.68,0.0
43.72,0.0
43.76,0.0
43.800000000000004,0.0
43.84,0.0
43.88,0.0
43.92,0.0
43.96,0.0
44.0,0.0
44.04,0.0
44.08,0.0
44.12,0.0
44.160000000000004,0.0
44.2,0.0
44.24,0.0
44.28,0.0
44.32,0.0
44.36,0.0
44.4,0.0
44.44,0.0
44.480000000000004,0.0
44.52,0.0
44.56,0.0
44.6,0.0
44.64,0.0
44.68,0.0
44.72,0.0
44.76,0.0
44.800000000000004,0.0
44.84,0.0
44.88,0.0
44.92,0.0
44.96,0.0
45.0,0.0
45.04,0.0
45.08,0.0
45.12,0.0
45.160000000000004,0.0
45.2,0.0
45.24,0.0
45.28,-0.2
45.32,0.0
45.36,0.0
45.4,0.0
45.44,0.0
45.480000000000004,0.0
45.52,0.0
45.56,0.0
45.6,0.0
45.64,0.0
45.68,0.0
45.72,0.0
45.76,0.0
45.800000000000004,0.0
45.84,0.0
45.88,0.0
45.92,-0.2
45.96,0.0
46.0,0.0
46.04,0.0
46.08,0.0
46.12,0.0
46.160000000000004,0.0
46.2,0.0
46.24,0.0
46.28,0.0
46.32,0.0
46.36,0.0
46.4,0.0
46.44,0.0
46.480000000000004,0.0
46.52,0.0
46.56,0.0
46.6,0.0
46.64,0.0
46.68,0.0
46.72,0.0
46.76,0.0
46.800000000000004,0.0
46.84,0.0
46.88,0.0
46.92,0.0
46.96,0.0
47.0,0.0
47.04,0.0
47.08,0.0
47.12,0.0
47.160000000000004,0.0
47.2,0.0
47.24,0.0
47.28,0.0
47.32,0.0
47.36,0.0
47.4,0.0
47.44,0.0
47.480000000000004,0.0
47.52,0.0
47.56,0.0
47.6,0.0
47.64,0.0
47.68,0.0
47.72,0.0
47.76,0.0
47.800000000000004,0.0
47.84,0.0
47.88,0.0
47.92,0.0
47.96,0.0
48.0,0.0
48.04,0.0
48.08,0.0
48.120000000000005,0.0
48.160000000000004,0.0
48.2,0.0
48.24,0.0
48.28,0.0
48.32,-0.2
48.36,0.0
48.4,0.0
48.44,0.0
48.480000000000004,0.0
48.52,0.0
48.56,0.0
48.6,0.0
48.64,0.0
48.68,0.0
48.72,0.0
48.76,0.0
48.800000000000004,0.0
48.84,0.0
48.88,0.0
48.92,0.0
48.96,0.0
49.0,0.0
49.04,0.0
49.08,0.0
49.120000000000005,0.0
49.160000000000004,0.0
49.2,0.0
49.24,0.0
49.28,0.0
49.32,0.0
49.36,0.0
49.4,0.0
49.44,0.0
49.480000000000004,0.0
49.52,0.0
49.56,0.0
49.6,0.0
49.64,0.0
49.68,0.0
49.72,0.0
49.76,0.0
49.800000000000004,0.0
49.84,0.0
49.88,0.0
49.92,0.0
49.96,0.0
50.0,0.0
50.04,0.0
50.08,0.0
50.120000000000005,0.0
50.160000000000004,0.0
50.2,0.0
50.24,0.0
50.28,0.0
50.32,0.0
50.36,0.0
50.4,0.0
50.44,0.0
50.480000000000004,0.0
50.52,0.0
50.56,0.0
50.6,0.0
50.64,0.0
50.68,0.0
50.72,0.0
50.76,0.0
50.800000000000004,0.0
50.84,0.0
50.88,0.0
50.92,0.0
50.96,0.0
51.0,0.0
51.04,0.0
51.08,0.0
51.120000000000005,0.0
51.160000000000004,0.0
51.2,0.0
51.24,0.0
51.28,0.0
51.32,0.0
51.36,0.0
51.4,0.0
51.44,0.0
51.480000000000004,0.0
51.52,0.0
51.56,0.0
51.6,0.0
51.64,0.0
51.68,0.0
51.72,0.0
51.76,0.0
51.800000000000004,0.0
51.84,0.0
51.88,0.0
51.92,0.0
51.96,0.0
52.0,0.0
52.04,0.0
52.08,0.0
52.120000000000005,0.0
52.160000000000004,0.0
52.2,0.0
52.24,0.0
52.28,0.0
52.32,0.0
52.36,0.0
52.4,0.0
52.44,0.0
52.480000000000004,0.0
52.52,0.0
52.56,0.0
52.6,0.0
52.64,0.0
52.68,0.0
52.72,0.0
52.76,0.0
52.800000000000004,0.0
52.84,0.0
52.88,0.0
52.92,0.0
52.96,0.0
53.0,0.0
53.04,0.0
53.08,0.0
53.120000000000005,0.0
53.160000000000004,0.0
53.2,0.0
53.24,0.0
53.28,0.0
53.32,0.0
53.36,0.0
53.4,-0.2
53.44,0.0
53.480000000000004,0.0
53.52,0.0
53.56,0.0
53.6,0.0
53.64,0.0
53.68,0.0
53.72,0.0
53.76,0.0
53.800000000000004,0.0
53.84,0.0
53.88,0.0
53.92,0.0
53.96,0.0
54.0,0.0
54.04,0.0
54.08,0.0
54.120000000000005,0.0
54.160000000000004,0.0
54.2,0.0
54.24,0.0
54.28,0.0
54.32,0.0
54.36,0.0
54.4,0.0
54.44,0.0
54.480000000000004,0.0
54.52,0.0
54.56,0.0
54.6,0.0
54.64,0.0
54.68,0.0
54.72,0.0
54.76,0.0
54.800000000000004,0.0
54.84,-0.2
54.88,0.0
54.92,0.0
54.96,0.0
55.0,0.0
55.04,0.0
55.08,0.0
55.120000000000005,0.0
55.160000000000004,0.0
55.2,0.0
55.24,0.0
55.28,0.0
55.32,0.0
55.36,0.0
55.4,0.0
55.44,0.0
55.480000000000004,0.0
55.52,0.0
55.56,0.0
55.6,0.0
55.64,0.0
55.68,0.0
55.72,0.0
55.76,0.0
55.800000000000004,0.0
55.84,0.0
55.88,0.0
55.92,0.0
55.96,0.0
56.0,0.0
56.04,0.0
56.08,0.0
56.120000000000005,0.0
56.160000000000004,0.0
56.2,0.0
56.24,0.0
56.28,0.0
56.32,-0.2
56.36,0.0
56.4,0.0
56.44,0.0
56.480000000000004,0.0
56.52,0.0
56.56,0.0
56.6,0.0
56.64,0.0
56.68,0.0
56.72,0.0
56.76,0.0
56.800000000000004,0.0
56.84,0.0
56.88,0.0
56.92,0.0
56.96,0.0
57.0,0.0
57.04,0.0
57.08,0.0
57.120000000000005,0.0
57.160000000000004,0.0
57.2,-0.2
57.24,0.0
57.28,0.0
57.32,0.0
57.36,0.0
57.4,0.0
57.44,0.0
57.480000000000004,0.0
57.52,0.0
57.56,-0.2
57.6,0.0
57.64,0.0
57.68,0.0
57.72,0.0
57.76,0.0
57.800000000000004,0.0
57.84,0.0
57.88,0.0
57.92,0.0
57.96,0.0
58.0,-0.2
58.04,0.0
58.08,0.0
58.120000000000005,0.0
58.160000000000004,0.0
58.2,0.0
58.24,0.0
58.28,0.0
58.32,0.0
58.36,0.0
58.4,0.0
58.44,0.0
58.480000000000004,0.0
58.52,0.0
58.56,0.0
58.6,0.0
58.64,0.0
58.68,-0.2
58.72,0.0
58.76,0.0
58.800000000000004,0.0
58.84,0.0
58.88,0.0
58.92,0.0
58.96,0.0
59.0,0.0
59.04,0.0
59.08,0.0
59.120000000000005,0.0
59.160000000000004,0.0
59.2,0.0
59.24,0.0
59.28,0.0
59.32,0.0
59.36,0.0
59.4,0.0
59.44,0.0
59.480000000000004,0.0
59.52,0.0
59.56,0.0
59.6,0.0
59.64,0.0
59.68,0.0
59.72,0.0
59.76,0.0
59.800000000000004,-0.2
59.84,0.0
59.88,0.0
59.92,0.0
59.96,0.0
60.0,0.0
60.04,0.0
60.08,0.0
60.120000000000005,0.0
60.160000000000004,0.0
60.2,0.0
60.24,0.0
60.28,0.0
60.32,0.0
60.36,0.0
60.4,0.0
60.44,0.0
60.480000000000004,0.0
60.52,0.0
60.56,0.0
60.6,0.0
60.64,0.0
60.68,0.0
60.72,0.0
60.76,0.0
60.800000000000004,0.0
60.84,0.0
60.88,0.0
60.92,0.0
60.96,0.0
61.0,0.0
61.04,0.0
61.08,0.0
61.120000000000005,0.0
61.160000000000004,0.0
61.2,0.0
61.24,0.0
61.28,0.0
61.32,0.0
61.36,0.0
61.4,0.0
61.44,0.0
61.480000000000004,0.0
61.52,0.0
61.56,0.0
61.6,0.0
61.64,0.0
61.68,0.0
61.72,0.0
61.76,0.0
61.800000000000004,0.0
61.84,0.0
61.88,0.0
61.92,0.0
61.96,0.0
62.0,0.0
62.04,0.0
62.08,0.0
62.120000000000005,0.0
62.160000000000004,0.0
62.2,0.0
62.24,0.0
62.28,0.0
62.32,0.0
62.36,0.0
62.4,0.0
62.440000000000005,0.0
62.480000000000004,0.0
62.52,0.0
62.56,0.0
62.6,0.0
62.64,0.0
62.68,0.0
62.72,0.0
62.76,0.0
62.800000000000004,0.0
62.84,0.0
62.88,0.0
62.92,0.0
62.96,0.0
63.0,0.0
63.04,0.0
63.08,0.0
63.120000000000005,0.0
63.160000000000004,0.0
63.2,0.0
63.24,0.0
63.28,0.0
63.32,0.0
63.36,0.0
63.4,0.0
63.440000000000005,0.0
63.480000000000004,0.0
63.52,0.0
63.56,0.0
63.6,0.0
63.64,0.0
63.68,0.0
63.72,0.0
63.76,0.0
63.800000000000004,0.0
63.84,0.0
63.88,0.0
63.92,0.0
63.96,0.0
64.0,0.0
64.04,0.0
64.08,0.0
64.12,0.0
64.16,0.0
64.2,0.0
64.24,0.0
64.28,0.0
64.32000000000001,-0.2
64.36,0.0
64.4,0.0
64.44,0.0
64.48,0.0
64.52,0.0
64.56,0.0
64.6,0.0
64.64,0.0
64.68,0.0
64.72,0.0
64.76,0.0
64.8,0.0
64.84,0.0
64.88,0.0
64.92,0.0
64.96000000000001,0.0
65.0,0.0
65.04,0.0
65.08,0.0
65.12,-0.2
65.16,0.0
65.2,0.0
65.24,0.0
65.28,0.0
65.32000000000001,0.0
65.36,0.0
65.4,0.0
65.44,0.0
65.48,0.0
65.52,0.0
65.56,0.0
65.6,0.0
65.64,0.0
65.68,0.0
65.72,0.0
65.76,0.0
65.8,0.0
65.84,0.0
65.88,0.0
65.92,0.0
65.96000000000001,-0.2
66.0,0.0
66.04,0.0
66.08,0.0
66.12,-0.2
66.16,0.0
66.2,0.0
66.24,0.0
66.28,0.0
66.32000000000001,0.0
66.36,0.0
66.4,0.0
66.44,0.0
66.48,0.0
66.52,0.0
66.56,0.0
66.6,0.0
66.64,0.0
66.68,0.0
66.72,0.0
66.76,0.0
66.8,0.0
66.84,0.0
66.88,0.0
66.92,0.0
66.96000000000001,0.0
67.0,0.0
67.04,0.0
67.08,0.0
67.12,0.0
67.16,0.0
67.2,0.0
67.24,0.0
67.28,0.0
67.32000000000001,0.0
67.36,0.0
67.4,0.0
67.44,0.0
67.48,0.0
67.52,0.0
67.56,0.0
67.6,0.0
67.64,0.0
67.68,0.0
67.72,0.0
67.76,0.0
67.8,0.0
67.84,0.0
67.88,0.0
67.92,0.0
67.96000000000001,0.0
68.0,0.0
68.04,0.0
68.08,0.0
68.12,0.0
68.16,0.0
68.2,0.0
68.24,0.0
68.28,0.0
68.32000000000001,0.0
68.36,0.0
68.4,0.0
68.44,-0.2
68.48,0.0
68.52,0.0
68.56,0.0
68.60000000000001,0.0
68.64,0.0
68.68,0.0
68.72,0.0
68.76,0.0
68.8,0.0
68.84,0.0
68.88,0.0
68.92,0.0
68.96000000000001,0.0
69.0,0.0
69.04,0.0
69.08,0.0
69.12,0.0
69.16,0.0
69.2,0.0
69.24,0.0
69.28,0.0
69.32000000000001,0.0
69.36,0.0
69.4,0.0
69.44,0.0
69.48,0.0
69.52,0.0
69.56,0.0
69.60000000000001,0.0
69.64,0.0
69.68,0.0
69.72,0.0
69.76,0.0
69.8,0.0
69.84,0.0
69.88,0.0
69.92,0.0
69.96000000000001,0.0
70.0,0.0
70.04,0.0
70.08,0.0
70.12,0.0
70.16,0.0
70.2,0.0
70.24,0.0
70.28,0.0
70.32000000000001,0.0
70.36,0.0
70.4,0.0
70.44,0.0
70.48,0.0
70.52,0.0
70.56,0.0
70.60000000000001,0.0
70.64,0.0
70.68,0.0
70.72,0.0
70.76,0.0
70.8,0.0
70.84,0.0
70.88,0.0
70.92,0.0
70.96000000000001,0.0
71.0,0.0
71.04,0.0
71.08,0.0
71.12,0.0
71.16,0.0
71.2,0.0
71.24,0.0
71.28,0.0
71.32000000000001,0.0
71.36,0.0
71.4,0.0
71.44,0.0
71.48,0.0
71.52,0.0
71.56,0.0
71.60000000000001,0.0
71.64,0.0
71.68,0.0
71.72,0.0
71.76,0.0
71.8,0.0
71.84,0.0
71.88,0.0
71.92,0.0
71.96000000000001,0.0
72.0,0.0
72.04,0.0
72.08,0.0
72.12,0.0
72.16,0.0
72.2,0.0
72.24,0.0
72.28,0.0
72.32000000000001,0.0
72.36,0.0
72.4,0.0
72.44,0.0
72.48,0.0
72.52,0.0
72.56,0.0
72.60000000000001,0.0
72.64,0.0
72.68,0.0
72.72,0.0
72.76,0.0
72.8,0.0
72.84,0.0
72.88,0.0
72.92,0.0
72.96000000000001,0.0
73.0,-0.2
73.04,0.0
73.08,0.0
73.12,0.0
73.16,0.0
73.2,0.0
73.24,0.0
73.28,0.0
73.32000000000001,0.0
73.36,0.0
73.4,0.0
73.44,0.0
73.48,-0.2
73.52,0.0
73.56,0.0
73.60000000000001,0.0
73.64,0.0
73.68,0.0
73.72,0.0
73.76,0.0
73.8,0.0
73.84,-0.2
73.88,0.0
73.92,0.0
73.96000000000001,0.0
74.0,0.0
74.04,0.0
74.08,0.0
74.12,0.0
74.16,0.0
74.2,0.0
74.24,0.0
74.28,0.0
74.32000000000001,0.0
74.36,0.0
74.4,0.0
74.44,0.0
74.48,0.0
74.52,-0.2
74.56,0.0
74.60000000000001,0.0
74.64,0.0
74.68,0.0
74.72,0.0
74.76,0.0
74.8,0.0
74.84,0.0
74.88,0.0
74.92,0.0
74.96000000000001,0.0
75.0,0.0
75.04,0.0
75.08,0.0
75.12,0.0
75.16,0.0
75.2,0.0
75.24,0.0
75.28,0.0
75.32000000000001,0.0
75.36,0.0
75.4,0.0
75.44,0.0
75.48,0.0
75.52,0.0
75.56,0.0
75.60000000000001,0.0
75.64,0.0
75.68,0.0
75.72,0.0
75.76,0.0
75.8,0.0
75.84,0.0
75.88,0.0
75.92,0.0
75.96000000000001,0.0
76.0,0.0
76.04,0.0
76.08,0.0
76.12,0.0
76.16,0.0
76.2,0.0
76.24,0.0
76.28,0.0
76.32000000000001,0.0
76.36,0.0
76.4,0.0
76.44,0.0
76.48,0.0
76.52,0.0
76.56,0.0
76.60000000000001,0.0
76.64,0.0
76.68,0.0
76.72,0.0
76.76,0.0
76.8,-0.2
76.84,0.0
76.88,0.0
76.92,0.0
76.96000000000001,0.0
77.0,0.0
77.04,0.0
77.08,0.0
77.12,0.0
77.16,0.0
77.2,0.0
77.24,0.0
77.28,0.0
77.32000000000001,0.0
77.36,0.0
77.4,0.0
77.44,0.0
77.48,0.0
77.52,0.0
77.56,0.0
77.60000000000001,0.0
77.64,0.0
77.68,0.0
77.72,0.0
77.76,0.0
77.8,0.0
77.84,-0.2
77.88,0.0
77.92,0.0
77.96000000000001,0.0
78.0,0.0
78.04,0.0
78.08,-0.2
78.12,0.0
78.16,0.0
78.2,0.0
78.24,0.0
78.28,0.0
78.32000000000001,0.0
78.36,0.0
78.4,0.0
78.44,0.0
78.48,0.0
78.52,0.0
78.56,0.0
78.60000000000001,0.0
78.64,0.0
78.68,0.0
78.72,0.0
78.76,0.0
78.8,0.0
78.84,0.0
78.88,0.0
78.92,0.0
78.96000000000001,0.0
79.0,0.0
79.04,0.0
79.08,0.0
79.12,0.0
79.16,0.0
79.2,0.0
79.24,0.0
79.28,0.0
79.32000000000001,0.0
79.36,0.0
79.4,0.0
79.44,0.0
79.48,0.0
79.52,0.0
79.56,0.0
79.60000000000001,0.0
79.64,0.0
79.68,0.0
79.72,0.0
79.76,0.0
79.8,0.0
79.84,0.0
79.88,0.0
79.92,0.0
79.96000000000001,0.0
80.0,0.0
80.04,0.0
80.08,0.0
80.12,0.0
80.16,0.0
80.2,0.0
80.24,0.0
80.28,0.0
80.32000000000001,0.0
80.36,0.0
80.4,0.0
80.44,0.0
80.48,0.0
80.52,0.0
80.56,0.0
80.60000000000001,0.0
80.64,0.0
80.68,0.0
80.72,0.0
80.76,0.0
80.8,0.0
80.84,0.0
80.88,0.0
80.92,0.0
80.96000000000001,0.0
81.0,0.0
81.04,0.0
81.08,0.0
81.12,0.0
81.16,0.0
81.2,0.0
81.24,0.0
81.28,0.0
81.32000000000001,0.0
81.36,0.0
81.4,0.0
81.44,0.0
81.48,0.0
81.52,0.0
81.56,0.0
81.60000000000001,0.0
81.64,0.0
81.68,0.0
81.72,0.0
81.76,0.0
81.8,0.0
81.84,0.0
81.88,0.0
81.92,0.0
81.96000000000001,0.0
82.0,0.0
82.04,0.0
82.08,0.0
82.12,0.0
82.16,0.0
82.2,0.0
82.24,0.0
82.28,0.0
82.32000000000001,0.0
82.36,0.0
82.4,0.0
82.44,0.0
82.48,0.0
82.52,0.0
82.56,0.0
82.60000000000001,0.0
82.64,0.0
82.68,0.0
82.72,0.0
82.76,0.0
82.8,0.0
82.84,0.0
82.88,0.0
82.92,0.0
82.96000000000001,0.0
83.0,0.0
83.04,0.0
83.08,0.0
83.12,0.0
83.16,0.0
83.2,0.0
83.24,0.0
83.28,0.0
83.32000000000001,0.0
83.36,0.0
83.4,0.0
83.44,0.0
83.48,0.0
83.52,0.0
83.56,0.0
83.60000000000001,0.0
83.64,0.0
83.68,0.0
83.72,0.0
83.76,0.0
83.8,0.0
83.84,0.0
83.88,0.0
83.92,0.0
83.96000000000001,0.0
84.0,0.0
84.04,0.0
84.08,0.0
84.12,0.0
84.16,0.0
84.2,0.0
84.24,0.0
84.28,0.0
84.32000000000001,0.0
84.36,0.0
84.4,0.0
84.44,0.0
84.48,0.0
84.52,0.0
84.56,0.0
84.60000000000001,0.0
84.64,0.0
84.68,0.0
84.72,0.0
84.76,0.0
84.8,0.0
84.84,0.0
84.88,0.0
84.92,0.0
84.96000000000001,0.0
85.0,0.0
85.04,0.0
85.08,0.0
85.12,0.0
85.16,0.0
85.2,0.0
85.24,0.0
85.28,0.0
85.32000000000001,0.0
85.36,0.0
85.4,0.0
85.44,0.0
85.48,0.0
85.52,0.0
85.56,0.0
85.60000000000001,0.0
85.64,0.0
85.68,0.0
85.72,0.0
85.76,0.0
85.8,0.0
85.84,0.0
85.88,0.0
85.92,0.0
85.96000000000001,0.0
86.0,0.0
86.04,0.0
86.08,0.0
86.12,0.0
86.16,0.0
86.2,0.0
86.24,0.0
86.28,0.0
86.32000000000001,0.0
86.36,0.0
86.4,0.0
86.44,0.0
86.48,0.0
86.52,0.0
86.56,0.0
86.60000000000001,0.0
86.64,0.0
86.68,0.0
86.72,0.0
86.76,0.0
86.8,0.0
86.84,0.0
86.88,0.0
86.92,0.0
86.96000000000001,0.0
87.0,0.0
87.04,0.0
87.08,0.0
87.12,0.0
87.16,0.0
87.2,0.0
87.24,0.0
87.28,0.0
87.32000000000001,0.0
87.36,0.0
87.4,0.0
87.44,0.0
87.48,0.0
87.52,0.0
87.56,0.0
87.60000000000001,0.0
87.64,0.0
87.68,0.0
87.72,0.0
87.76,0.0
87.8,-0.2
87.84,0.0
87.88,0.0
87.92,0.0
87.96000000000001,0.0
88.0,0.0
88.04,0.0
88.08,0.0
88.12,-0.2
88.16,0.0
88.2,0.0
88.24,0.0
88.28,0.0
88.32000000000001,0.0
88.36,0.0
88.4,0.0
88.44,0.0
88.48,0.0
88.52,0.0
88.56,0.0
88.60000000000001,0.0
88.64,0.0
88.68,0.0
88.72,0.0
88.76,0.0
88.8,0.0
88.84,0.0
88.88,0.0
88.92,0.0
88.96000000000001,0.0
89.0,0.0
89.04,0.0
89.08,-0.2
89.12,0.0
89.16,0.0
89.2,0.0
89.24,0.0
89.28,0.0
89.32000000000001,0.0
89.36,0.0
89.4,0.0
89.44,0.0
89.48,0.0
89.52,0.0
89.56,0.0
89.60000000000001,0.0
89.64,0.0
89.68,0.0
89.72,0.0
89.76,0.0
89.8,0.0
89.84,0.0
89.88,0.0
89.92,0.0
89.96000000000001,0.0
90.0,0.0
90.04,0.0
90.08,0.0
90.12,0.0
90.16,0.0
90.2,0.0
90.24,0.0
90.28,0.0
90.32000000000001,0.0
90.36,0.0
90.4,0.0
90.44,0.0
90.48,0.0
90.52,0.0
90.56,0.0
90.60000000000001,0.0
90.64,0.0
90.68,0.0
90.72,0.0
90.76,0.0
90.8,0.0
90.84,0.0
90.88,0.0
90.92,0.0
90.96000000000001,0.0
91.0,0.0
91.04,0.0
91.08,0.0
91.12,0.0
91.16,0.0
91.2,0.0
91.24,0.0
91.28,0.0
91.32000000000001,0.0
91.36,0.0
91.4,0.0
91.44,0.0
91.48,0.0
91.52,0.0
91.56,0.0
91.60000000000001,0.0
91.64,0.0
91.68,0.0
91.72,0.0
91.76,0.0
91.8,0.0
91.84,0.0
91.88,-0.2
91.92,0.0
91.96000000000001,0.0
92.0,0.0
92.04,0.0
92.08,0.0
92.12,0.0
92.16,0.0
92.2,0.0
92.24,0.0
92.28,0.0
92.32000000000001,0.0
92.36,0.0
92.4,0.0
92.44,0.0
92.48,0.0
92.52,0.0
92.56,0.0
92.60000000000001,0.0
92.64,0.0
92.68,0.0
92.72,0.0
92.76,0.0
92.8,0.0
92.84,0.0
92.88,0.0
92.92,0.0
92.96000000000001,0.0
93.0,0.0
93.04,0.0
93.08,0.0
93.12,0.0
93.16,0.0
93.2,0.0
93.24,0.0
93.28,0.0
93.32000000000001,0.0
93.36,0.0
93.4,0.0
93.44,0.0
93.48,0.0
93.52,0.0
93.56,0.0
93.60000000000001,0.0
93.64,0.0
93.68,0.0
93.72,0.0
93.76,0.0
93.8,0.0
93.84,0.0
93.88,0.0
93.92,0.0
93.96000000000001,0.0
94.0,0.0
94.04,0.0
94.08,0.0
94.12,0.0
94.16,0.0
94.2,0.0
94.24,0.0
94.28,0.0
94.32000000000001,0.0
94.36,0.0
94.4,0.0
94.44,0.0
94.48,0.0
94.52,0.0
94.56,0.0
94.60000000000001,0.0
94.64,0.0
94.68,0.0
94.72,0.0
94.76,0.0
94.8,0.0
94.84,0.0
94.88,0.0
94.92,0.0
94.96000000000001,0.0
95.0,0.0
95.04,0.0
95.08,0.0
95.12,0.0
95.16,0.0
95.2,0.0
95.24,0.0
95.28,0.0
95.32000000000001,0.0
95.36,0.0
95.4,0.0
95.44,0.0
95.48,0.0
95.52,0.0
95.56,0.0
95.60000000000001,0.0
95.64,0.0
95.68,0.0
95.72,0.0
95.76,0.0
95.8,0.0
95.84,0.0
95.88,0.0
95.92,0.0
95.96000000000001,0.0
96.0,0.0
96.04,0.0
96.08,0.0
96.12,0.0
96.16,0.0
96.2,0.0
96.24000000000001,0.0
96.28,0.0
96.32000000000001,0.0
96.36,0.0
96.4,0.0
96.44,0.0
96.48,0.0
96.52,0.0
96.56,0.0
96.60000000000001,-0.2
96.64,0.0
96.68,0.0
96.72,0.0
96.76,0.0
96.8,0.0
96.84,0.0
96.88,0.0
96.92,0.0
96.96000000000001,0.0
97.0,0.0
97.04,0.0
97.08,0.0
97.12,0.0
97.16,0.0
97.2,0.0
97.24000000000001,0.0
97.28,0.0
97.32000000000001,0.0
97.36,0.0
97.4,0.0
97.44,0.0
97.48,0.0
97.52,0.0
97.56,0.0
97.60000000000001,0.0
97.64,0.0
97.68,0.0
97.72,0.0
97.76,0.0
97.8,0.0
97.84,0.0
97.88,0.0
97.92,0.0
97.96000000000001,0.0
98.0,0.0
98.04,0.0
98.08,0.0
98.12,0.0
98.16,0.0
98.2,0.0
98.24000000000001,0.0
98.28,0.0
98.32000000000001,0.0
98.36,0.0
98.4,0.0
98.44,0.0
98.48,0.0
98.52,0.0
98.56,0.0
98.60000000000001,0.0
98.64,0.0
98.68,0.0
98.72,0.0
98.76,0.0
98.8,0.0
98.84,0.0
98.88,0.0
98.92,0.0
98.96000000000001,0.0
99.0,0.0
99.04,0.0
99.08,0.0
99.12,0.0
99.16,0.0
99.2,0.0
99.24000000000001,0.0
99.28,0.0
99.32000000000001,0.0
99.36,0.0
99.4,0.0
99.44,0.0
99.48,0.0
99.52,0.0
99.56,0.0
99.60000000000001,0.0
99.64,0.0
99.68,0.0
99.72,0.0
99.76,0.0
99.8,0.0
99.84,0.0
99.88,0.0
99.92,0.0
99.96000000000001,0.0
100.0,0.0
100.04,0.0
100.08,0.0
100.12,0.0
100.16,0.0
100.2,0.0
100.24000000000001,0.0
100.28,0.0
100.32000000000001,0.0
100.36,0.0
100.4,0.0
100.44,0.0
100.48,0.0
100.52,0.0
100.56,0.0
100.60000000000001,0.0
100.64,0.0
100.68,0.0
100.72,0.0
100.76,0.0
100.8,0.0
100.84,0.0
100.88,0.0
100.92,0.0
100.96000000000001,0.0
101.0,0.0
101.04,0.0
101.08,0.0
101.12,0.0
101.16,0.0
101.2,0.0
101.24000000000001,0.0
101.28,0.0
101.32000000000001,0.0
101.36,0.0
101.4,0.0
101.44,0.0
101.48,0.0
101.52,0.0
101.56,0.0
101.60000000000001,0.0
101.64,0.0
101.68,0.0
101.72,0.0
101.76,0.0
101.8,0.0
101.84,0.0
101.88,-0.2
101.92,0.0
101.96000000000001,0.0
102.0,0.0
102.04,0.0
102.08,0.0
102.12,0.0
102.16,0.0
102.2,0.0
102.24000000000001,0.0
102.28,0.0
102.32000000000001,0.0
102.36,0.0
102.4,0.0
102.44,0.0
102.48,0.0
102.52,0.0
102.56,0.0
102.60000000000001,0.0
102.64,0.0
102.68,0.0
102.72,0.0
102.76,0.0
102.8,0.0
102.84,0.0
102.88,0.0
102.92,0.0
102.96000000000001,0.0
103.0,0.0
103.04,0.0
103.08,0.0
103.12,0.0
103.16,0.0
103.2,0.0
103.24000000000001,0.0
103.28,0.0
103.32000000000001,0.0
103.36,0.0
103.4,0.0
103.44,0.0
103.48,0.0
103.52,0.0
103.56,0.0
103.60000000000001,0.0
103.64,0.0
103.68,0.0
103.72,0.0
103.76,0.0
103.8,0.0
103.84,0.0
103.88,0.0
103.92,0.0
103.96000000000001,0.0
104.0,0.0
104.04,0.0
104.08,0.0
104.12,0.0
104.16,0.0
104.2,0.0
104.24000000000001,-0.2
104.28,0.0
104.32000000000001,0.0
104.36,0.0
104.4,0.0
104.44,0.0
104.48,0.0
104.52,0.0
104.56,0.0
104.60000000000001,0.0
104.64,0.0
104.68,0.0
104.72,0.0
104.76,0.0
104.8,0.0
104.84,0.0
104.88,0.0
104.92,0.0
104.96000000000001,0.0
105.0,0.0
105.04,0.0
105.08,0.0
105.12,0.0
105.16,0.0
105.2,0.0
105.24000000000001,0.0
105.28,0.0
105.32000000000001,0.0
105.36,0.0
105.4,0.0
105.44,0.0
105.48,0.0
105.52,0.0
105.56,0.0
105.60000000000001,0.0
105.64,-0.2
105.68,0.0
105.72,0.0
105.76,0.0
105.8,0.0
105.84,0.0
105.88,0.0
105.92,0.0
105.96000000000001,0.0
106.0,0.0
106.04,0.0
106.08,0.0
106.12,0.0
106.16,0.0
106.2,0.0
106.24000000000001,0.0
106.28,-0.2
106.32000000000001,0.0
106.36,0.0
106.4,0.0
106.44,0.0
106.48,0.0
106.52,0.0
106.56,0.0
106.60000000000001,0.0
106.64,0.0
106.68,0.0
106.72,0.0
106.76,0.0
106.8,0.0
106.84,0.0
106.88,0.0
106.92,0.0
106.96000000000001,0.0
107.0,0.0
107.04,0.0
107.08,0.0
107.12,0.0
107.16,0.0
107.2,0.0
107.24000000000001,0.0
107.28,0.0
107.32000000000001,0.0
107.36,-0.2
107.4,0.0
107.44,0.0
107.48,0.0
107.52,0.0
107.56,0.0
107.60000000000001,0.0
107.64,0.0
107.68,0.0
107.72,0.0
107.76,0.0
107.8,0.0
107.84,0.0
107.88,0.0
107.92,0.0
107.96000000000001,0.0
108.0,0.0
108.04,0.0
108.08,0.0
108.12,0.0
108.16,0.0
108.2,0.0
108.24000000000001,0.0
108.28,0.0
108.32000000000001,0.0
108.36,0.0
108.4,0.0
108.44,0.0
108.48,0.0
108.52,0.0
108.56,0.0
108.60000000000001,0.0
108.64,0.0
108.68,0.0
108.72,0.0
108.76,0.0
108.8,0.0
108.84,0.0
108.88,0.0
108.92,0.0
108.96000000000001,-0.2
109.0,0.0
109.04,0.0
109.08,0.0
109.12,0.0
109.16,0.0
109.2,0.0
109.24000000000001,0.0
109.28,0.0
109.32000000000001,0.0
109.36,0.0
109.4,0.0
109.44,0.0
109.48,0.0
109.52,0.0
109.56,0.0
109.60000000000001,0.0
109.64,0.0
109.68,0.0
109.72,0.0
109.76,0.0
109.8,0.0
109.84,0.0
109.88,0.0
109.92,0.0
109.96000000000001,0.0
110.0,0.0
110.04,0.0
110.08,0.0
110.12,0.0
110.16,0.0
110.2,0.0
110.24000000000001,0.0
110.28,0.0
110.32000000000001,0.0
110.36,0.0
110.4,0.0
110.44,0.0
110.48,0.0
110.52,0.0
110.56,0.0
110.60000000000001,0.0
110.64,0.0
110.68,0.0
110.72,0.0
110.76,0.0
110.8,0.0
110.84,0.0
110.88,0.0
110.92,0.0
110.96000000000001,-0.2
111.0,0.0
111.04,0.0
111.08,0.0
111.12,0.0
111.16,0.0
111.2,0.0
111.24000000000001,0.0
111.28,-0.2
111.32000000000001,0.0
111.36,0.0
111.4,0.0
111.44,0.0
111.48,0.0
111.52,0.0
111.56,0.0
111.60000000000001,0.0
111.64,0.0
111.68,0.0
111.72,0.0
111.76,0.0
111.8,0.0
111.84,0.0
111.88,0.0
111.92,0.0
111.96000000000001,0.0
112.0,0.0
112.04,0.0
112.08,0.0
112.12,0.0
112.16,0.0
112.2,0.0
112.24000000000001,-0.2
112.28,0.0
112.32000000000001,0.0
112.36,0.0
112.4,0.0
112.44,0.0
112.48,0.0
112.52,0.0
112.56,0.0
112.60000000000001,0.0
112.64,0.0
112.68,0.0
112.72,0.0
112.76,0.0
112.8,0.0
112.84,0.0
112.88,0.0
112.92,0.0
112.96000000000001,0.0
113.0,0.0
113.04,0.0
113.08,0.0
113.12,0.0
113.16,0.0
113.2,-0.2
113.24000000000001,0.0
113.28,0.0
113.32000000000001,0.0
113.36,0.0
113.4,0.0
113.44,0.0
113.48,0.0
113.52,0.0
113.56,0.0
113.60000000000001,0.0
113.64,0.0
113.68,0.0
113.72,0.0
113.76,0.0
113.8,0.0
113.84,0.0
113.88,0.0
113.92,0.0
113.96000000000001,0.0
114.0,0.0
114.04,0.0
114.08,0.0
114.12,0.0
114.16,0.0
114.2,0.0
114.24000000000001,0.0
114.28,0.0
114.32000000000001,0.0
114.36,0.0
114.4,0.0
114.44,0.0
114.48,0.0
114.52,0.0
114.56,0.0
114.60000000000001,0.0
114.64,0.0
114.68,0.0
114.72,0.0
114.76,0.0
114.8,0.0
114.84,0.0
114.88,0.0
114.92,0.0
114.96000000000001,0.0
115.0,-0.2
115.04,0.0
115.08,0.0
115.12,0.0
115.16,0.0
115.2,0.0
115.24000000000001,0.0
115.28,-0.2
115.32000000000001,0.0
115.36,0.0
115.4,0.0
115.44,0.0
115.48,0.0
115.52,0.0
115.56,0.0
115.60000000000001,0.0
115.64,0.0
115.68,0.0
115.72,0.0
115.76,0.0
115.8,0.0
115.84,0.0
115.88,0.0
115.92,0.0
115.96000000000001,0.0
116.0,0.0
116.04,0.0
116.08,0.0
116.12,0.0
116.16,0.0
116.2,0.0
116.24000000000001,0.0
116.28,0.0
116.32000000000001,0.0
116.36,0.0
116.4,0.0
116.44,0.0
116.48,0.0
116.52,0.0
116.56,0.0
116.60000000000001,0.0
116.64,0.0
116.68,0.0
116.72,0.0
116.76,0.0
116.8,0.0
116.84,0.0
116.88,0.0
116.92,0.0
116.96000000000001,0.0
117.0,0.0
117.04,0.0
117.08,0.0
117.12,0.0
117.16,0.0
117.2,0.0
117.24000000000001,0.0
117.28,0.0
117.32000000000001,0.0
117.36,0.0
117.4,0.0
117.44,0.0
117.48,0.0
117.52,0.0
117.56,0.0
117.60000000000001,0.0
117.64,0.0
117.68,0.0
117.72,0.0
117.76,0.0
117.8,0.0
117.84,0.0
117.88,0.0
117.92,0.0
117.96000000000001,0.0
118.0,0.0
118.04,0.0
118.08,0.0
118.12,0.0
118.16,0.0
118.2,0.0
118.24000000000001,0.0
118.28,0.0
118.32000000000001,0.0
118.36,0.0
118.4,0.0
118.44,0.0
118.48,0.0
118.52,0.0
118.56,0.0
118.60000000000001,0.0
118.64,0.0
118.68,0.0
118.72,0.0
118.76,0.0
118.8,0.0
118.84,0.0
118.88,0.0
118.92,0.0
118.96000000000001,0.0
119.0,0.0
119.04,0.0
119.08,0.0
119.12,0.0
119.16,-0.2
119.2,0.0
119.24000000000001,0.0
119.28,0.0
119.32000000000001,0.0
119.36,0.0
119.4,0.0
119.44,0.0
119.48,0.0
119.52,0.0
119.56,0.0
119.60000000000001,0.0
119.64,0.0
119.68,0.0
119.72,0.0
119.76,-0.2
119.8,0.0
119.84,0.0
119.88,0.0
119.92,0.0
119.96000000000001,0.0
120.0,0.0
120.04,0.0
120.08,0.0
120.12,0.0
120.16,0.0
120.2,0.0
120.24000000000001,0.0
120.28,0.0
120.32000000000001,0.0
120.36,0.0
120.4,0.0
120.44,0.0
120.48,0.0
120.52,0.0
120.56,-0.2
120.60000000000001,0.0
120.64,0.0
120.68,0.0
120.72,0.0
120.76,0.0
120.8,0.0
120.84,0.0
120.88,0.0
120.92,0.0
120.96000000000001,0.0
121.0,0.0
121.04,0.0
121.08,0.0
121.12,0.0
121.16,0.0
121.2,0.0
121.24000000000001,0.0
121.28,0.0
121.32000000000001,0.0
121.36,0.0
121.4,0.0
121.44,0.0
121.48,0.0
121.52,0.0
121.56,0.0
121.60000000000001,0.0
121.64,0.0
121.68,0.0
121.72,0.0
121.76,0.0
121.8,0.0
121.84,0.0
121.88,0.0
121.92,0.0
121.96000000000001,0.0
122.0,0.0
122.04,0.0
122.08,0.0
122.12,0.0
122.16,0.0
122.2,0.0
122.24000000000001,0.0
122.28,0.0
122.32000000000001,0.0
122.36,-0.2
122.4,0.0
122.44,0.0
122.48,0.0
122.52,0.0
122.56,0.0
122.60000000000001,0.0
122.64,0.0
122.68,0.0
122.72,0.0
122.76,0.0
122.8,0.0
122.84,0.0
122.88,0.0
122.92,0.0
122.96000000000001,0.0
123.0,0.0
123.04,0.0
123.08,0.0
123.12,0.0
123.16,0.0
123.2,0.0
123.24000000000001,0.0
123.28,0.0
123.32000000000001,0.0
123.36,0.0
123.4,0.0
123.44,0.0
123.48,0.0
123.52,0.0
123.56,0.0
123.60000000000001,0.0
123.64,0.0
123.68,0.0
123.72,0.0
123.76,0.0
123.8,0.0
123.84,0.0
123.88000000000001,0.0
123.92,0.0
123.96000000000001,0.0
124.0,0.0
124.04,0.0
124.08,0.0
124.12,0.0
124.16,0.0
124.2,0.0
124.24000000000001,0.0
124.28,-0.2
124.32000000000001,0.0
124.36,0.0
124.4,0.0
124.44,0.0
124.48,0.0
124.52,0.0
124.56,0.0
124.60000000000001,0.0
124.64,0.0
124.68,0.0
124.72,0.0
124.76,0.0
124.8,0.0
124.84,0.0
124.88000000000001,0.0
124.92,0.0
124.96000000000001,0.0
125.0,0.0
125.04,0.0
125.08,0.0
125.12,0.0
125.16,0.0
125.2,0.0
125.24000000000001,0.0
125.28,0.0
125.32000000000001,0.0
125.36,0.0
125.4,0.0
125.44,0.0
125.48,0.0
125.52,0.0
125.56,0.0
125.60000000000001,0.0
125.64,0.0
125.68,0.0
125.72,0.0
125.76,0.0
125.8,0.0
125.84,0.0
125.88000000000001,0.0
125.92,0.0
125.96000000000001,0.0
126.0,0.0
126.04,0.0
126.08,0.0
126.12,-0.2
126.16,0.0
126.2,0.0
126.24000000000001,0.0
126.28,0.0
126.32000000000001,0.0
126.36,0.0
126.4,0.0
126.44,0.0
126.48,0.0
126.52,0.0
126.56,0.0
126.60000000000001,0.0
126.64,0.0
126.68,0.0
126.72,0.0
126.76,0.0
126.8,0.0
126.84,0.0
126.88000000000001,0.0
126.92,0.0
126.96000000000001,0.0
127.0,0.0
127.04,0.0
127.08,0.0
127.12,0.0
127.16,0.0
127.2,0.0
127.24000000000001,0.0
127.28,0.0
127.32000000000001,0.0
127.36,0.0
127.4,0.0
127.44,0.0
127.48,0.0
127.52,0.0
127.56,0.0
127.60000000000001,0.0
127.64,0.0
127.68,0.0
127.72,0.0
127.76,0.0
127.8,0.0
127.84,0.0
127.88000000000001,0.0
127.92,0.0
127.96000000000001,0.0
128.0,0.0
128.04,0.0
128.08,0.0
128.12,0.0
128.16,0.0
128.2,0.0
128.24,0.0
128.28,0.0
128.32,0.0
128.36,0.0
128.4,0.0
128.44,0.0
128.48,0.0
128.52,0.0
128.56,0.0
128.6,0.0
128.64000000000001,0.0
128.68,-0.2
128.72,0.0
128.76,0.0
128.8,0.0
128.84,0.0
128.88,0.0
128.92000000000002,0.0
128.96,0.0
129.0,0.0
129.04,0.0
129.08,0.0
129.12,0.0
129.16,0.0
129.2,0.0
129.24,0.0
129.28,0.0
129.32,0.0
129.36,0.0
129.4,0.0
129.44,0.0
129.48,0.0
129.52,0.0
129.56,0.0
129.6,0.0
129.64000000000001,0.0
129.68,0.0
129.72,0.0
129.76,0.0
129.8,0.0
129.84,0.0
129.88,0.0
129.92000000000002,0.0
129.96,0.0
130.0,0.0
130.04,0.0
130.08,0.0
130.12,0.0
130.16,0.0
130.2,0.0
130.24,0.0
130.28,0.0
130.32,0.0
130.36,0.0
130.4,0.0
130.44,0.0
130.48,0.0
130.52,0.0
130.56,0.0
130.6,0.0
130.64000000000001,0.0
130.68,0.0
130.72,0.0
130.76,0.0
130.8,0.0
130.84,0.0
130.88,0.0
130.92000000000002,0.0
130.96,0.0
131.0,0.0
131.04,0.0
131.08,0.0
131.12,0.0
131.16,0.0
131.2,0.0
131.24,0.0
131.28,0.0
131.32,0.0
131.36,0.0
131.4,0.0
131.44,0.0
131.48,0.0
131.52,0.0
131.56,0.0
131.6,0.0
131.64000000000001,0.0
131.68,0.0
131.72,0.0
131.76,0.0
131.8,0.0
131.84,0.0
131.88,0.0
131.92000000000002,0.0
131.96,0.0
132.0,0.0
132.04,0.0
132.08,0.0
132.12,0.0
132.16,0.0
132.2,0.0
132.24,0.0
132.28,0.0
132.32,0.0
132.36,0.0
132.4,0.0
132.44,0.0
132.48,0.0
132.52,0.0
132.56,0.0
132.6,0.0
132.64000000000001,0.0
132.68,0.0
132.72,0.0
132.76,0.0
132.8,0.0
132.84,0.0
132.88,0.0
132.92000000000002,0.0
132.96,0.0
133.0,0.0
133.04,0.0
133.08,0.0
133.12,0.0
133.16,0.0
133.2,0.0
133.24,0.0
133.28,0.0
133.32,0.0
133.36,0.0
133.4,0.0
133.44,0.0
133.48,0.0
133.52,0.0
133.56,0.0
133.6,0.0
133.64000000000001,0.0
133.68,0.0
133.72,0.0
133.76,0.0
133.8,0.0
133.84,0.0
133.88,0.0
133.92000000000002,0.0
133.96,0.0
134.0,0.0
134.04,0.0
134.08,0.0
134.12,0.0
134.16,0.0
134.2,0.0
134.24,0.0
134.28,0.0
134.32,0.0
134.36,0.0
134.4,0.0
134.44,0.0
134.48,0.0
134.52,0.0
134.56,0.0
134.6,0.0
134.64000000000001,0.0
134.68,0.0
134.72,0.0
134.76,0.0
134.8,0.0
134.84,0.0
134.88,0.0
134.92000000000002,0.0
134.96,0.0
135.0,0.0
135.04,0.0
135.08,0.0
135.12,0.0
135.16,0.0
135.2,0.0
135.24,0.0
135.28,0.0
135.32,0.0
135.36,0.0
135.4,0.0
135.44,0.0
135.48,0.0
135.52,0.0
135.56,0.0
135.6,0.0
135.64000000000001,0.0
135.68,0.0
135.72,0.0
135.76,0.0
135.8,0.0
135.84,0.0
135.88,0.0
135.92000000000002,0.0
135.96,0.0
136.0,0.0
136.04,0.0
136.08,0.0
136.12,0.0
136.16,0.0
136.2,0.0
136.24,0.0
136.28,0.0
136.32,0.0
136.36,0.0
136.4,0.0
136.44,0.0
136.48,0.0
136.52,0.0
136.56,0.0
136.6,0.0
136.64000000000001,0.0
136.68,0.0
136.72,0.0
136.76,0.0
136.8,0.0
136.84,0.0
136.88,0.0
136.92000000000002,0.0
136.96,0.0
137.0,0.0
137.04,0.0
137.08,0.0
137.12,0.0
137.16,0.0
137.20000000000002,0.0
137.24,0.0
137.28,0.0
137.32,0.0
137.36,0.0
137.4,0.0
137.44,0.0
137.48,0.0
137.52,0.0
137.56,0.0
137.6,0.0
137.64000000000001,0.0
137.68,0.0
137.72,0.0
137.76,0.0
137.8,0.0
137.84,0.0
137.88,0.0
137.92000000000002,0.0
137.96,0.0
138.0,0.0
138.04,0.0
138.08,0.0
138.12,0.0
138.16,0.0
138.20000000000002,0.0
138.24,0.0
138.28,0.0
138.32,0.0
138.36,0.0
138.4,0.0
138.44,0.0
138.48,0.0
138.52,0.0
138.56,0.0
138.6,0.0
138.64000000000001,0.0
138.68,0.0
138.72,0.0
138.76,0.0
138.8,0.0
138.84,0.0
138.88,0.0
138.92000000000002,0.0
138.96,0.0
139.0,0.0
139.04,0.0
139.08,0.0
139.12,0.0
139.16,0.0
139.20000000000002,0.0
139.24,0.0
139.28,0.0
139.32,0.0
139.36,0.0
139.4,0.0
139.44,0.0
139.48,0.0
139.52,0.0
139.56,0.0
139.6,0.0
139.64000000000001,0.0
139.68,0.0
139.72,0.0
139.76,0.0
139.8,0.0
139.84,0.0
139.88,0.0
139.92000000000002,0.0
139.96,0.0
140.0,0.0
140.04,0.0
140.08,0.0
140.12,0.0
140.16,0.0
140.20000000000002,0.0
140.24,0.0
140.28,0.0
140.32,0.0
140.36,0.0
140.4,0.0
140.44,0.0
140.48,0.0
140.52,0.0
140.56,0.0
140.6,0.0
140.64000000000001,0.0
140.68,0.0
140.72,0.0
140.76,0.0
140.8,0.0
140.84,0.0
140.88,0.0
140.92000000000002,0.0
140.96,0.0
141.0,0.0
141.04,0.0
141.08,0.0
141.12,0.0
141.16,0.0
141.20000000000002,0.0
141.24,0.0
141.28,0.0
141.32,0.0
141.36,0.0
141.4,0.0
141.44,0.0
141.48,0.0
141.52,0.0
141.56,0.0
141.6,0.0
141.64000000000001,0.0
141.68,0.0
141.72,0.0
141.76,0.0
141.8,0.0
141.84,0.0
141.88,0.0
141.92000000000002,0.0
141.96,0.0
142.0,0.0
142.04,0.0
142.08,0.0
142.12,0.0
142.16,0.0
142.20000000000002,0.0
142.24,0.0
142.28,0.0
142.32,0.0
142.36,0.0
142.4,0.0
142.44,0.0
142.48,0.0
142.52,0.0
142.56,0.0
142.6,0.0
142.64000000000001,0.0
142.68,0.0
142.72,0.0
142.76,0.0
142.8,0.0
142.84,0.0
142.88,0.0
142.92000000000002,0.0
142.96,0.0
143.0,0.0
143.04,0.0
143.08,0.0
143.12,0.0
143.16,0.0
143.20000000000002,0.0
143.24,0.0
143.28,0.0
143.32,0.0
143.36,0.0
143.4,0.0
143.44,0.0
143.48,0.0
143.52,0.0
143.56,0.0
143.6,0.0
143.64000000000001,0.0
143.68,0.0
143.72,0.0
143.76,0.0
143.8,0.0
143.84,0.0
143.88,0.0
143.92000000000002,0.0
143.96,0.0
144.0,0.0
144.04,0.0
144.08,0.0
144.12,0.0
144.16,0.0
144.20000000000002,0.0
144.24,0.0
144.28,-0.2
144.32,0.0
144.36,0.0
144.4,0.0
144.44,0.0
144.48,0.0
144.52,0.0
144.56,0.0
144.6,0.0
144.64000000000001,0.0
144.68,0.0
144.72,0.0
144.76,0.0
144.8,0.0
144.84,0.0
144.88,0.0
144.92000000000002,0.0
144.96,0.0
145.0,0.0
145.04,0.0
145.08,0.0
145.12,0.0
145.16,0.0
145.20000000000002,0.0
145.24,0.0
145.28,0.0
145.32,0.0
145.36,0.0
145.4,0.0
145.44,0.0
145.48,0.0
145.52,0.0
145.56,-0.2
145.6,0.0
145.64000000000001,0.0
145.68,0.0
145.72,0.0
145.76,0.0
145.8,0.0
145.84,0.0
145.88,0.0
145.92000000000002,0.0
145.96,0.0
146.0,0.0
146.04,0.0
146.08,0.0
146.12,0.0
146.16,0.0
146.20000000000002,0.0
146.24,0.0
146.28,0.0
146.32,0.0
146.36,0.0
146.4,0.0
146.44,0.0
146.48,0.0
146.52,0.0
146.56,0.0
146.6,0.0
146.64000000000001,0.0
146.68,0.0
146.72,0.0
146.76,0.0
146.8,0.0
146.84,0.0
146.88,0.0
146.92000000000002,0.0
146.96,0.0
147.0,0.0
147.04,0.0
147.08,0.0
147.12,0.0
147.16,0.0
147.20000000000002,0.0
147.24,0.0
147.28,0.0
147.32,0.0
147.36,0.0
147.4,0.0
147.44,0.0
147.48,0.0
147.52,0.0
147.56,0.0
147.6,0.0
147.64000000000001,0.0
147.68,0.0
147.72,0.0
147.76,0.0
147.8,0.0
147.84,0.0
147.88,0.0
147.92000000000002,0.0
147.96,0.0
148.0,0.0
148.04,-0.2
148.08,0.0
148.12,0.0
148.16,0.0
148.20000000000002,0.0
148.24,-0.2
148.28,0.0
148.32,0.0
148.36,0.0
148.4,0.0
148.44,0.0
148.48,0.0
148.52,0.0
148.56,0.0
148.6,0.0
148.64000000000001,0.0
148.68,0.0
148.72,0.0
148.76,0.0
148.8,0.0
148.84,0.0
148.88,0.0
148.92000000000002,0.0
148.96,0.0
149.0,0.0
149.04,0.0
149.08,0.0
149.12,0.0
149.16,0.0
149.20000000000002,0.0
149.24,0.0
149.28,0.0
149.32,0.0
149.36,0.0
149.4,0.0
149.44,0.0
149.48,0.0
149.52,0.0
149.56,0.0
149.6,0.0
149.64000000000001,0.0
149.68,0.0
149.72,0.0
149.76,0.0
149.8,0.0
149.84,0.0
149.88,0.0
149.92000000000002,0.0
149.96,0.0
150.0,0.0
150.04,0.0
150.08,0.0
150.12,0.0
150.16,0.0
150.20000000000002,0.0
150.24,0.0
150.28,0.0
150.32,0.0
150.36,0.0
150.4,0.0
150.44,0.0
150.48,0.0
150.52,0.0
150.56,0.0
150.6,0.0
150.64000000000001,0.0
150.68,0.0
150.72,0.0
150.76,0.0
150.8,0.0
150.84,0.0
150.88,0.0
150.92000000000002,0.0
150.96,0.0
151.0,0.0
151.04,0.0
151.08,0.0
151.12,0.0
151.16,0.0
151.20000000000002,0.0
151.24,0.0
151.28,0.0
151.32,0.0
151.36,0.0
151.4,0.0
151.44,0.0
151.48,0.0
151.52,0.0
151.56,0.0
151.6,0.0
151.64000000000001,0.0
151.68,0.0
151.72,0.0
151.76,0.0
151.8,0.0
151.84,0.0
151.88,0.0
151.92000000000002,0.0
151.96,0.0
152.0,0.0
152.04,0.0
152.08,0.0
152.12,0.0
152.16,0.0
152.20000000000002,0.0
152.24,0.0
152.28,0.0
152.32,0.0
152.36,0.0
152.4,0.0
152.44,0.0
152.48,0.0
152.52,0.0
152.56,0.0
152.6,0.0
152.64000000000001,0.0
152.68,0.0
152.72,0.0
152.76,0.0
152.8,0.0
152.84,0.0
152.88,0.0
152.92000000000002,0.0
152.96,0.0
153.0,0.0
153.04,0.0
153.08,0.0
153.12,0.0
153.16,0.0
153.20000000000002,0.0
153.24,0.0
153.28,0.0
153.32,0.0
153.36,0.0
153.4,0.0
153.44,0.0
153.48,0.0
153.52,0.0
153.56,0.0
153.6,0.0
153.64000000000001,0.0
153.68,0.0
153.72,0.0
153.76,0.0
153.8,0.0
153.84,0.0
153.88,0.0
153.92000000000002,0.0
153.96,0.0
154.0,0.0
154.04,0.0
154.08,0.0
154.12,0.0
154.16,0.0
154.20000000000002,0.0
154.24,0.0
154.28,0.0
154.32,0.0
154.36,0.0
154.4,0.0
154.44,0.0
154.48,0.0
154.52,0.0
154.56,0.0
154.6,0.0
154.64000000000001,0.0
154.68,0.0
154.72,0.0
154.76,0.0
154.8,0.0
154.84,0.0
154.88,0.0
154.92000000000002,0.0
154.96,0.0
155.0,0.0
155.04,0.0
155.08,0.0
155.12,0.0
155.16,0.0
155.20000000000002,0.0
155.24,0.0
155.28,0.0
155.32,0.0
155.36,0.0
155.4,0.0
155.44,0.0
155.48,0.0
155.52,0.0
155.56,0.0
155.6,0.0
155.64000000000001,0.0
155.68,0.0
155.72,0.0
155.76,0.0
155.8,0.0
155.84,0.0
155.88,0.0
155.92000000000002,0.0
155.96,0.0
156.0,0.0
156.04,0.0
156.08,0.0
156.12,0.0
156.16,0.0
156.20000000000002,0.0
156.24,0.0
156.28,0.0
156.32,0.0
156.36,0.0
156.4,0.0
156.44,0.0
156.48,0.0
156.52,0.0
156.56,0.0
156.6,0.0
156.64000000000001,0.0
156.68,0.0
156.72,0.0
156.76,0.0
156.8,0.0
156.84,0.0
156.88,0.0
156.92000000000002,0.0
156.96,0.0
157.0,0.0
157.04,0.0
157.08,0.0
157.12,0.0
157.16,0.0
157.20000000000002,0.0
157.24,0.0
157.28,0.0
157.32,0.0
157.36,0.0
157.4,0.0
157.44,0.0
157.48,0.0
157.52,0.0
157.56,-0.2
157.6,0.0
157.64000000000001,0.0
157.68,0.0
157.72,0.0
157.76,0.0
157.8,0.0
157.84,0.0
157.88,0.0
157.92000000000002,0.0
157.96,0.0
158.0,0.0
158.04,0.0
158.08,0.0
158.12,0.0
158.16,0.0
158.20000000000002,0.0
158.24,0.0
158.28,0.0
158.32,0.0
158.36,0.0
158.4,0.0
158.44,0.0
158.48,0.0
158.52,0.0
158.56,0.0
158.6,0.0
158.64000000000001,0.0
158.68,0.0
158.72,0.0
158.76,0.0
158.8,0.0
158.84,0.0
158.88,0.0
158.92000000000002,0.0
158.96,0.0
159.0,0.0
159.04,0.0
159.08,0.0
159.12,0.0
159.16,0.0
159.20000000000002,0.0
159.24,0.0
159.28,0.0
159.32,0.0
159.36,0.0
159.4,0.0
159.44,0.0
159.48,0.0
159.52,0.0
159.56,0.0
159.6,0.0
159.64000000000001,0.0
159.68,0.0
159.72,0.0
159.76,0.0
159.8,0.0
159.84,0.0
159.88,0.0
159.92000000000002,0.0
159.96,0.0
160.0,0.0
160.04,0.0
160.08,0.0
160.12,0.0
160.16,0.0
160.20000000000002,0.0
160.24,0.0
160.28,0.0
160.32,0.0
160.36,0.0
160.4,0.0
160.44,0.0
160.48,0.0
160.52,0.0
160.56,0.0
160.6,0.0
160.64000000000001,0.0
160.68,0.0
160.72,0.0
160.76,0.0
160.8,0.0
160.84,0.0
160.88,0.0
160.92000000000002,0.0
160.96,0.0
161.0,0.0
161.04,0.0
161.08,0.0
161.12,0.0
161.16,0.0
161.20000000000002,0.0
161.24,0.0
161.28,0.0
161.32,0.0
161.36,0.0
161.4,0.0
161.44,0.0
161.48,0.0
161.52,0.0
161.56,0.0
161.6,0.0
161.64000000000001,0.0
161.68,0.0
161.72,0.0
161.76,0.0
161.8,0.0
161.84,0.0
161.88,0.0
161.92000000000002,0.0
161.96,0.0
162.0,0.0
162.04,0.0
162.08,0.0
162.12,0.0
162.16,0.0
162.20000000000002,0.0
162.24,0.0
162.28,0.0
162.32,0.0
162.36,0.0
162.4,0.0
162.44,0.0
162.48,0.0
162.52,0.0
162.56,0.0
162.6,0.0
162.64000000000001,0.0
162.68,0.0
162.72,0.0
162.76,0.0
162.8,0.0
162.84,0.0
162.88,0.0
162.92000000000002,0.0
162.96,0.0
163.0,0.0
163.04,0.0
163.08,0.0
163.12,0.0
163.16,0.0
163.20000000000002,0.0
163.24,0.0
163.28,0.0
163.32,0.0
163.36,0.0
163.4,0.0
163.44,0.0
163.48,-0.2
163.52,0.0
163.56,0.0
163.6,0.0
163.64000000000001,0.0
163.68,0.0
163.72,0.0
163.76,0.0
163.8,0.0
163.84,0.0
163.88,0.0
163.92000000000002,0.0
163.96,0.0
164.0,0.0
164.04,0.0
164.08,0.0
164.12,0.0
164.16,0.0
164.20000000000002,0.0
164.24,0.0
164.28,0.0
164.32,0.0
164.36,0.0
164.4,0.0
164.44,0.0
164.48,0.0
164.52,0.0
164.56,0.0
164.6,0.0
164.64000000000001,0.0
164.68,0.0
164.72,0.0
164.76,0.0
164.8,0.0
164.84,0.0
164.88,0.0
164.92000000000002,0.0
164.96,0.0
165.0,0.0
165.04,0.0
165.08,0.0
165.12,0.0
165.16,0.0
165.20000000000002,0.0
165.24,0.0
165.28,0.0
165.32,0.0
165.36,0.0
165.4,0.0
165.44,0.0
165.48,0.0
165.52,0.0
165.56,0.0
165.6,0.0
165.64000000000001,0.0
165.68,0.0
165.72,0.0
165.76,0.0
165.8,0.0
165.84,0.0
165.88,0.0
165.92000000000002,0.0
165.96,0.0
166.0,0.0
166.04,0.0
166.08,0.0
166.12,0.0
166.16,0.0
166.20000000000002,0.0
166.24,0.0
166.28,-0.2
166.32,0.0
166.36,0.0
166.4,0.0
166.44,0.0
166.48,0.0
166.52,0.0
166.56,0.0
166.6,0.0
166.64000000000001,0.0
166.68,0.0
166.72,0.0
166.76,0.0
166.8,0.0
166.84,0.0
166.88,0.0
166.92000000000002,0.0
166.96,0.0
167.0,0.0
167.04,0.0
167.08,0.0
167.12,0.0
167.16,0.0
167.20000000000002,0.0
167.24,0.0
167.28,0.0
167.32,0.0
167.36,0.0
167.4,0.0
167.44,0.0
167.48,0.0
167.52,0.0
167.56,0.0
167.6,0.0
167.64000000000001,0.0
167.68,0.0
167.72,0.0
167.76,0.0
167.8,0.0
167.84,0.0
167.88,0.0
167.92000000000002,0.0
167.96,0.0
168.0,0.0
168.04,0.0
168.08,0.0
168.12,0.0
168.16,0.0
168.20000000000002,0.0
168.24,0.0
168.28,0.0
168.32,0.0
168.36,0.0
168.4,0.0
168.44,0.0
168.48,0.0
168.52,0.0
168.56,0.0
168.6,0.0
168.64000000000001,0.0
168.68,0.0
168.72,0.0
168.76,0.0
168.8,0.0
168.84,0.0
168.88,0.0
168.92000000000002,0.0
168.96,0.0
169.0,0.0
169.04,0.0
169.08,0.0
169.12,0.0
169.16,0.0
169.20000000000002,0.0
169.24,0.0
169.28,0.0
169.32,0.0
169.36,0.0
169.4,-0.2
169.44,0.0
169.48,0.0
169.52,0.0
169.56,0.0
169.6,0.0
169.64000000000001,0.0
169.68,0.0
169.72,0.0
169.76,0.0
169.8,0.0
169.84,0.0
169.88,0.0
169.92000000000002,0.0
169.96,0.0
170.0,0.0
170.04,0.0
170.08,0.0
170.12,0.0
170.16,0.0
170.20000000000002,0.0
170.24,0.0
170.28,0.0
170.32,0.0
170.36,0.0
170.4,0.0
170.44,0.0
170.48,0.0
170.52,0.0
170.56,0.0
170.6,0.0
170.64000000000001,0.0
170.68,0.0
170.72,0.0
170.76,0.0
170.8,0.0
170.84,0.0
170.88,0.0
170.92000000000002,0.0
170.96,0.0
171.0,0.0
171.04,0.0
171.08,0.0
171.12,0.0
171.16,0.0
171.20000000000002,0.0
171.24,0.0
171.28,0.0
171.32,0.0
171.36,0.0
171.4,0.0
171.44,0.0
171.48,0.0
171.52,0.0
171.56,0.0
171.6,0.0
171.64000000000001,0.0
171.68,0.0
171.72,0.0
171.76,0.0
171.8,0.0
171.84,0.0
171.88,0.0
171.92000000000002,0.0
171.96,0.0
172.0,0.0
172.04,0.0
172.08,0.0
172.12,0.0
172.16,0.0
172.20000000000002,0.0
172.24,0.0
172.28,0.0
172.32,0.0
172.36,0.0
172.4,0.0
172.44,0.0
172.48,0.0
172.52,0.0
172.56,0.0
172.6,0.0
172.64000000000001,0.0
172.68,0.0
172.72,-0.2
172.76,0.0
172.8,0.0
172.84,0.0
172.88,0.0
172.92000000000002,0.0
172.96,0.0
173.0,0.0
173.04,0.0
173.08,0.0
173.12,0.0
173.16,0.0
173.20000000000002,0.0
173.24,0.0
173.28,0.0
173.32,0.0
173.36,0.0
173.4,-0.2
173.44,0.0
173.48,0.0
173.52,0.0
173.56,0.0
173.6,0.0
173.64000000000001,0.0
173.68,0.0
173.72,0.0
173.76,0.0
173.8,0.0
173.84,0.0
173.88,0.0
173.92000000000002,0.0
173.96,0.0
174.0,0.0
174.04,0.0
174.08,0.0
174.12,0.0
174.16,0.0
174.20000000000002,0.0
174.24,0.0
174.28,0.0
174.32,0.0
174.36,0.0
174.4,0.0
174.44,-0.2
174.48,0.0
174.52,0.0
174.56,0.0
174.6,0.0
174.64000000000001,0.0
174.68,0.0
174.72,0.0
174.76,0.0
174.8,0.0
174.84,0.0
174.88,0.0
174.92000000000002,0.0
174.96,0.0
175.0,0.0
175.04,0.0
175.08,0.0
175.12,0.0
175.16,0.0
175.20000000000002,0.0
175.24,0.0
175.28,0.0
175.32,0.0
175.36,0.0
175.4,0.0
175.44,0.0
175.48,0.0
175.52,0.0
175.56,0.0
175.6,0.0
175.64000000000001,0.0
175.68,0.0
175.72,0.0
175.76,0.0
175.8,0.0
175.84,0.0
175.88,0.0
175.92000000000002,0.0
175.96,0.0
176.0,0.0
176.04,0.0
176.08,0.0
176.12,0.0
176.16,0.0
176.20000000000002,0.0
176.24,0.0
176.28,0.0
176.32,-0.2
176.36,0.0
176.4,0.0
176.44,0.0
176.48,0.0
176.52,0.0
176.56,0.0
176.6,0.0
176.64000000000001,0.0
176.68,0.0
176.72,0.0
176.76,0.0
176.8,0.0
176.84,0.0
176.88,0.0
176.92000000000002,0.0
176.96,0.0
177.0,0.0
177.04,0.0
177.08,0.0
177.12,0.0
177.16,0.0
177.20000000000002,0.0
177.24,0.0
177.28,0.0
177.32,0.0
177.36,0.0
177.4,0.0
177.44,0.0
177.48,0.0
177.52,0.0
177.56,0.0
177.6,0.0
177.64000000000001,0.0
177.68,0.0
177.72,0.0
177.76,-0.2
177.8,0.0
177.84,0.0
177.88,0.0
177.92000000000002,0.0
177.96,0.0
178.0,0.0
178.04,0.0
178.08,0.0
178.12,0.0
178.16,0.0
178.20000000000002,0.0
178.24,0.0
178.28,0.0
178.32,0.0
178.36,0.0
178.4,0.0
178.44,0.0
178.48,0.0
178.52,0.0
178.56,0.0
178.6,0.0
178.64000000000001,0.0
178.68,0.0
178.72,0.0
178.76,0.0
178.8,0.0
178.84,0.0
178.88,0.0
178.92000000000002,0.0
178.96,0.0
179.0,0.0
179.04,0.0
179.08,0.0
179.12,0.0
179.16,0.0
179.20000000000002,0.0
179.24,0.0
179.28,0.0
179.32,0.0
179.36,0.0
179.4,0.0
179.44,0.0
179.48,0.0
179.52,0.0
179.56,0.0
179.6,0.0
179.64000000000001,0.0
179.68,0.0
179.72,0.0
179.76,0.0
179.8,0.0
179.84,0.0
179.88,0.0
179.92000000000002,0.0
179.96,0.0
180.0,0.0
180.04,0.0
180.08,0.0
180.12,0.0
180.16,0.0
180.20000000000002,0.0
180.24,0.0
180.28,0.0
180.32,0.0
180.36,0.0
180.4,0.0
180.44,0.0
180.48,0.0
180.52,0.0
180.56,0.0
180.6,0.0
180.64000000000001,0.0
180.68,0.0
180.72,0.0
180.76,0.0
180.8,0.0
180.84,0.0
180.88,0.0
180.92000000000002,0.0
180.96,0.0
181.0,0.0
181.04,0.0
181.08,0.0
181.12,0.0
181.16,0.0
181.20000000000002,0.0
181.24,0.0
181.28,0.0
181.32,0.0
181.36,0.0
181.4,0.0
181.44,0.0
181.48,0.0
181.52,0.0
181.56,0.0
181.6,0.0
181.64000000000001,0.0
181.68,0.0
181.72,0.0
181.76,0.0
181.8,0.0
181.84,0.0
181.88,0.0
181.92000000000002,0.0
181.96,0.0
182.0,0.0
182.04,0.0
182.08,0.0
182.12,0.0
182.16,0.0
182.20000000000002,-0.2
182.24,0.0
182.28,0.0
182.32,0.0
182.36,0.0
182.4,0.0
182.44,0.0
182.48,0.0
182.52,0.0
182.56,0.0
182.6,0.0
182.64000000000001,0.0
182.68,0.0
182.72,0.0
182.76,0.0
182.8,0.0
182.84,0.0
182.88,0.0
182.92000000000002,0.0
182.96,0.0
183.0,0.0
183.04,0.0
183.08,0.0
183.12,0.0
183.16,0.0
183.20000000000002,0.0
183.24,0.0
183.28,0.0
183.32,0.0
183.36,-0.2
183.4,0.0
183.44,0.0
183.48,0.0
183.52,0.0
183.56,0.0
183.6,0.0
183.64000000000001,0.0
183.68,0.0
183.72,0.0
183.76,0.0
183.8,0.0
183.84,0.0
183.88,0.0
183.92000000000002,0.0
183.96,0.0
184.0,0.0
184.04,0.0
184.08,0.0
184.12,0.0
184.16,0.0
184.20000000000002,0.0
184.24,0.0
184.28,0.0
184.32,0.0
184.36,0.0
184.4,0.0
184.44,0.0
184.48,0.0
184.52,0.0
184.56,0.0
184.6,0.0
184.64000000000001,0.0
184.68,0.0
184.72,0.0
184.76,0.0
184.8,0.0
184.84,0.0
184.88,0.0
184.92000000000002,0.0
184.96,0.0
185.0,0.0
185.04,0.0
185.08,0.0
185.12,0.0
185.16,0.0
185.20000000000002,0.0
185.24,0.0
185.28,0.0
185.32,0.0
185.36,0.0
185.4,0.0
185.44,0.0
185.48,0.0
185.52,0.0
185.56,0.0
185.6,0.0
185.64000000000001,0.0
185.68,0.0
185.72,0.0
185.76,0.0
185.8,0.0
185.84,0.0
185.88,0.0
185.92000000000002,0.0
185.96,0.0
186.0,0.0
186.04,0.0
186.08,0.0
186.12,0.0
186.16,0.0
186.20000000000002,0.0
186.24,0.0
186.28,0.0
186.32,0.0
186.36,0.0
186.4,0.0
186.44,0.0
186.48,0.0
186.52,0.0
186.56,0.0
186.6,0.0
186.64000000000001,0.0
186.68,0.0
186.72,0.0
186.76,0.0
186.8,0.0
186.84,0.0
186.88,0.0
186.92000000000002,0.0
186.96,0.0
187.0,0.0
187.04,0.0
187.08,0.0
187.12,0.0
187.16,0.0
187.20000000000002,0.0
187.24,0.0
187.28,0.0
187.32,0.0
187.36,0.0
187.4,0.0
187.44,0.0
187.48,0.0
187.52,0.0
187.56,0.0
187.6,0.0
187.64000000000001,0.0
187.68,0.0
187.72,0.0
187.76,0.0
187.8,0.0
187.84,0.0
187.88,0.0
187.92000000000002,0.0
187.96,0.0
188.0,0.0
188.04,0.0
188.08,0.0
188.12,0.0
188.16,0.0
188.20000000000002,0.0
188.24,0.0
188.28,0.0
188.32,0.0
188.36,0.0
188.4,0.0
188.44,0.0
188.48,0.0
188.52,0.0
188.56,0.0
188.6,0.0
188.64000000000001,0.0
188.68,0.0
188.72,0.0
188.76,0.0
188.8,0.0
188.84,0.0
188.88,0.0
188.92000000000002,0.0
188.96,0.0
189.0,0.0
189.04,0.0
189.08,0.0
189.12,0.0
189.16,0.0
189.20000000000002,0.0
189.24,0.0
189.28,0.0
189.32,0.0
189.36,0.0
189.4,0.0
189.44,0.0
189.48,0.0
189.52,0.0
189.56,0.0
189.6,0.0
189.64000000000001,0.0
189.68,0.0
189.72,0.0
189.76,0.0
189.8,0.0
189.84,0.0
189.88,0.0
189.92000000000002,0.0
189.96,0.0
190.0,0.0
190.04,0.0
190.08,0.0
190.12,0.0
190.16,0.0
190.20000000000002,0.0
190.24,0.0
190.28,0.0
190.32,0.0
190.36,-0.2
190.4,0.0
190.44,0.0
190.48,0.0
190.52,0.0
190.56,0.0
190.6,0.0
190.64000000000001,0.0
190.68,0.0
190.72,0.0
190.76,0.0
190.8,0.0
190.84,0.0
190.88,0.0
190.92000000000002,0.0
190.96,0.0
191.0,0.0
191.04,0.0
191.08,0.0
191.12,0.0
191.16,0.0
191.20000000000002,0.0
191.24,0.0
191.28,0.0
191.32,0.0
191.36,0.0
191.4,0.0
191.44,0.0
191.48000000000002,0.0
191.52,0.0
191.56,0.0
191.6,0.0
191.64000000000001,0.0
191.68,0.0
191.72,-0.2
191.76,0.0
191.8,0.0
191.84,0.0
191.88,0.0
191.92000000000002,0.0
191.96,0.0
192.0,0.0
192.04,0.0
192.08,0.0
192.12,0.0
192.16,0.0
192.20000000000002,0.0
192.24,0.0
192.28,0.0
192.32,0.0
192.36,0.0
192.4,0.0
192.44,0.0
192.48000000000002,0.0
192.52,0.0
192.56,0.0
192.6,0.0
192.64000000000001,0.0
192.68,0.0
192.72,0.0
192.76,0.0
192.8,0.0
192.84,0.0
192.88,0.0
192.92000000000002,0.0
192.96,0.0
193.0,0.0
193.04,0.0
193.08,0.0
193.12,0.0
193.16,0.0
193.20000000000002,0.0
193.24,0.0
193.28,0.0
193.32,0.0
193.36,0.0
193.4,0.0
193.44,0.0
193.48000000000002,0.0
193.52,0.0
193.56,0.0
193.6,0.0
193.64000000000001,0.0
193.68,0.0
193.72,0.0
193.76,0.0
193.8,0.0
193.84,0.0
193.88,0.0
193.92000000000002,0.0
193.96,0.0
194.0,0.0
194.04,0.0
194.08,0.0
194.12,0.0
194.16,0.0
194.20000000000002,0.0
194.24,0.0
194.28,0.0
194.32,0.0
194.36,0.0
194.4,0.0
194.44,0.0
194.48000000000002,0.0
194.52,0.0
194.56,0.0
194.6,0.0
194.64000000000001,0.0
194.68,0.0
194.72,0.0
194.76,0.0
194.8,0.0
194.84,0.0
194.88,0.0
194.92000000000002,0.0
194.96,0.0
195.0,0.0
195.04,0.0
195.08,0.0
195.12,0.0
195.16,0.0
195.20000000000002,0.0
195.24,0.0
195.28,0.0
195.32,0.0
195.36,0.0
195.4,0.0
195.44,0.0
195.48000000000002,0.0
195.52,0.0
195.56,0.0
195.6,0.0
195.64000000000001,0.0
195.68,0.0
195.72,0.0
195.76,0.0
195.8,0.0
195.84,0.0
195.88,0.0
195.92000000000002,0.0
195.96,-0.2
196.0,0.0
196.04,0.0
196.08,0.0
196.12,0.0
196.16,0.0
196.20000000000002,0.0
196.24,0.0
196.28,0.0
196.32,0.0
196.36,0.0
196.4,0.0
196.44,0.0
196.48000000000002,0.0
196.52,0.0
196.56,0.0
196.6,0.0
196.64000000000001,0.0
196.68,0.0
196.72,0.0
196.76,0.0
196.8,0.0
196.84,0.0
196.88,0.0
196.92000000000002,0.0
196.96,0.0
197.0,0.0
197.04,0.0
197.08,0.0
197.12,0.0
197.16,0.0
197.20000000000002,0.0
197.24,0.0
197.28,0.0
197.32,0.0
197.36,0.0
197.4,0.0
197.44,0.0
197.48000000000002,0.0
197.52,0.0
197.56,0.0
197.6,0.0
197.64000000000001,0.0
197.68,0.0
197.72,0.0
197.76,0.0
197.8,0.0
197.84,0.0
197.88,0.0
197.92000000000002,0.0
197.96,0.0
198.0,0.0
198.04,0.0
198.08,0.0
198.12,0.0
198.16,0.0
198.20000000000002,0.0
198.24,0.0
198.28,0.0
198.32,0.0
198.36,0.0
198.4,0.0
198.44,0.0
198.48000000000002,0.0
198.52,0.0
198.56,0.0
198.6,0.0
198.64000000000001,0.0
198.68,0.0
198.72,-0.2
198.76,0.0
198.8,0.0
198.84,0.0
198.88,0.0
198.92000000000002,0.0
198.96,0.0
199.0,0.0
199.04,0.0
199.08,0.0
199.12,0.0
199.16,0.0
199.20000000000002,0.0
199.24,0.0
199.28,0.0
199.32,0.0
199.36,-0.2
199.4,0.0
199.44,0.0
199.48000000000002,0.0
199.52,0.0
199.56,0.0
199.6,0.0
199.64000000000001,0.0
199.68,0.0
199.72,0.0
199.76,0.0
199.8,0.0
199.84,0.0
199.88,0.0
199.92000000000002,0.0
199.96,0.0
200.0,0.0
200.04,0.0
200.08,0.0
200.12,0.0
200.16,0.0
200.20000000000002,0.0
200.24,0.0
200.28,0.0
200.32,0.0
200.36,0.0
200.4,0.0
200.44,0.0
200.48000000000002,0.0
200.52,0.0
200.56,0.0
200.6,0.0
200.64000000000001,0.0
200.68,0.0
200.72,0.0
200.76,0.0
200.8,0.0
200.84,0.0
200.88,0.0
200.92000000000002,0.0
200.96,-0.2
201.0,-0.2
201.04,0.0
201.08,0.0
201.12,0.0
201.16,0.0
201.20000000000002,0.0
201.24,0.0
201.28,0.0
201.32,0.0
201.36,0.0
201.4,0.0
201.44,0.0
201.48000000000002,0.0
201.52,0.0
201.56,0.0
201.6,0.0
201.64000000000001,0.0
201.68,0.0
201.72,0.0
201.76,0.0
201.8,0.0
201.84,0.0
201.88,0.0
201.92000000000002,0.0
201.96,0.0
202.0,0.0
202.04,0.0
202.08,0.0
202.12,0.0
202.16,0.0
202.20000000000002,0.0
202.24,0.0
202.28,0.0
202.32,0.0
202.36,0.0
202.4,0.0
202.44,0.0
202.48000000000002,0.0
202.52,0.0
202.56,0.0
202.6,0.0
202.64000000000001,0.0
202.68,0.0
202.72,0.0
202.76,0.0
202.8,0.0
202.84,0.0
202.88,0.0
202.92000000000002,0.0
202.96,0.0
203.0,0.0
203.04,0.0
203.08,0.0
203.12,0.0
203.16,0.0
203.20000000000002,0.0
203.24,0.0
203.28,0.0
203.32,0.0
203.36,0.0
203.4,0.0
203.44,0.0
203.48000000000002,0.0
203.52,0.0
203.56,0.0
203.6,0.0
203.64000000000001,0.0
203.68,0.0
203.72,0.0
203.76,0.0
203.8,0.0
203.84,0.0
203.88,0.0
203.92000000000002,0.0
203.96,0.0
204.0,0.0
204.04,0.0
204.08,0.0
204.12,0.0
204.16,0.0
204.20000000000002,0.0
204.24,0.0
204.28,0.0
204.32,0.0
204.36,0.0
204.4,0.0
204.44,0.0
204.48000000000002,0.0
204.52,0.0
204.56,0.0
204.6,0.0
204.64000000000001,0.0
204.68,0.0
204.72,0.0
204.76,0.0
204.8,0.0
204.84,0.0
204.88,0.0
204.92000000000002,0.0
204.96,0.0
205.0,0.0
205.04,0.0
205.08,0.0
205.12,0.0
205.16,0.0
205.20000000000002,0.0
205.24,0.0
205.28,0.0
205.32,0.0
205.36,0.0
205.4,0.0
205.44,0.0
205.48000000000002,0.0
205.52,0.0
205.56,0.0
205.6,0.0
205.64000000000001,0.0
205.68,0.0
205.72,0.0
205.76,0.0
205.8,0.0
205.84,0.0
205.88,0.0
205.92000000000002,0.0
205.96,0.0
206.0,0.0
206.04,0.0
206.08,0.0
206.12,0.0
206.16,0.0
206.20000000000002,0.0
206.24,0.0
206.28,0.0
206.32,0.0
206.36,0.0
206.4,0.0
206.44,0.0
206.48000000000002,0.0
206.52,0.0
206.56,0.0
206.6,0.0
206.64000000000001,0.0
206.68,0.0
206.72,0.0
206.76,0.0
206.8,0.0
206.84,0.0
206.88,0.0
206.92000000000002,0.0
206.96,0.0
207.0,0.0
207.04,0.0
207.08,0.0
207.12,0.0
207.16,0.0
207.20000000000002,0.0
207.24,0.0
207.28,0.0
207.32,0.0
207.36,0.0
207.4,0.0
207.44,0.0
207.48000000000002,0.0
207.52,0.0
207.56,0.0
207.6,0.0
207.64000000000001,0.0
207.68,0.0
207.72,0.0
207.76,0.0
207.8,0.0
207.84,0.0
207.88,0.0
207.92000000000002,0.0
207.96,0.0
208.0,0.0
208.04,0.0
208.08,0.0
208.12,0.0
208.16,0.0
208.20000000000002,0.0
208.24,0.0
208.28,0.0
208.32,0.0
208.36,0.0
208.4,0.0
208.44,0.0
208.48000000000002,0.0
208.52,0.0
208.56,0.0
208.6,0.0
208.64000000000001,0.0
208.68,0.0
208.72,0.0
208.76,0.0
208.8,0.0
208.84,0.0
208.88,0.0
208.92000000000002,0.0
208.96,0.0
209.0,0.0
209.04,0.0
209.08,0.0
209.12,0.0
209.16,0.0
209.20000000000002,0.0
209.24,0.0
209.28,0.0
209.32,0.0
209.36,0.0
209.4,0.0
209.44,0.0
209.48000000000002,0.0
209.52,0.0
209.56,0.0
209.6,0.0
209.64000000000001,0.0
209.68,0.0
209.72,0.0
209.76,0.0
209.8,0.0
209.84,0.0
209.88,0.0
209.92000000000002,0.0
209.96,0.0
210.0,0.0
210.04,0.0
210.08,0.0
210.12,0.0
210.16,0.0
210.20000000000002,0.0
210.24,0.0
210.28,0.0
210.32,0.0
210.36,0.0
210.4,0.0
210.44,0.0
210.48000000000002,0.0
210.52,0.0
210.56,0.0
210.6,0.0
210.64000000000001,0.0
210.68,0.0
210.72,0.0
210.76,0.0
210.8,0.0
210.84,0.0
210.88,0.0
210.92000000000002,0.0
210.96,0.0
211.0,0.0
211.04,0.0
211.08,0.0
211.12,0.0
211.16,0.0
211.20000000000002,0.0
211.24,0.0
211.28,0.0
211.32,0.0
211.36,0.0
211.4,0.0
211.44,0.0
211.48000000000002,0.0
211.52,0.0
211.56,0.0
211.6,0.0
211.64000000000001,0.0
211.68,0.0
211.72,0.0
211.76,0.0
211.8,0.0
211.84,0.0
211.88,0.0
211.92000000000002,0.0
211.96,0.0
212.0,0.0
212.04,0.0
212.08,0.0
212.12,0.0
212.16,0.0
212.20000000000002,0.0
212.24,-0.2
212.28,0.0
212.32,0.0
212.36,0.0
212.4,0.0
212.44,0.0
212.48000000000002,0.0
212.52,0.0
212.56,0.0
212.6,0.0
212.64000000000001,0.0
212.68,0.0
212.72,0.0
212.76,0.0
212.8,0.0
212.84,0.0
212.88,0.0
212.92000000000002,0.0
212.96,0.0
213.0,0.0
213.04,0.0
213.08,0.0
213.12,0.0
213.16,0.0
213.20000000000002,0.0
213.24,0.0
213.28,0.0
213.32,0.0
213.36,0.0
213.4,0.0
213.44,0.0
213.48000000000002,0.0
213.52,0.0
213.56,0.0
213.6,0.0
213.64000000000001,0.0
213.68,0.0
213.72,0.0
213.76,0.0
213.8,0.0
213.84,0.0
213.88,0.0
213.92000000000002,0.0
213.96,0.0
214.0,0.0
214.04,0.0
214.08,0.0
214.12,0.0
214.16,0.0
214.20000000000002,0.0
214.24,0.0
214.28,0.0
214.32,0.0
214.36,0.0
214.4,0.0
214.44,0.0
214.48000000000002,0.0
214.52,0.0
214.56,0.0
214.6,0.0
214.64000000000001,0.0
214.68,0.0
214.72,0.0
214.76,0.0
214.8,0.0
214.84,0.0
214.88,0.0
214.92000000000002,0.0
214.96,0.0
215.0,0.0
215.04,0.0
215.08,0.0
215.12,0.0
215.16,0.0
215.20000000000002,0.0
215.24,0.0
215.28,0.0
215.32,0.0
215.36,0.0
215.4,0.0
215.44,0.0
215.48000000000002,0.0
215.52,0.0
215.56,0.0
215.6,0.0
215.64000000000001,0.0
215.68,0.0
215.72,0.0
215.76,0.0
215.8,0.0
215.84,0.0
215.88,0.0
215.92000000000002,0.0
215.96,0.0
216.0,0.0
216.04,0.0
216.08,0.0
216.12,0.0
216.16,0.0
216.20000000000002,0.0
216.24,0.0
216.28,0.0
216.32,0.0
216.36,0.0
216.4,0.0
216.44,0.0
216.48000000000002,0.0
216.52,0.0
216.56,0.0
216.6,0.0
216.64000000000001,0.0
216.68,0.0
216.72,0.0
216.76,0.0
216.8,0.0
216.84,0.0
216.88,0.0
216.92000000000002,0.0
216.96,0.0
217.0,0.0
217.04,0.0
217.08,0.0
217.12,0.0
217.16,0.0
217.20000000000002,0.0
217.24,0.0
217.28,0.0
217.32,0.0
217.36,0.0
217.4,0.0
217.44,0.0
217.48000000000002,0.0
217.52,0.0
217.56,0.0
217.6,0.0
217.64000000000001,0.0
217.68,0.0
217.72,0.0
217.76,0.0
217.8,0.0
217.84,0.0
217.88,0.0
217.92000000000002,0.0
217.96,0.0
218.0,0.0
218.04,0.0
218.08,0.0
218.12,0.0
218.16,0.0
218.20000000000002,0.0
218.24,0.0
218.28,0.0
218.32,0.0
218.36,0.0
218.4,0.0
218.44,0.0
218.48000000000002,0.0
218.52,0.0
218.56,0.0
218.6,0.0
218.64000000000001,0.0
218.68,0.0
218.72,0.0
218.76,0.0
218.8,0.0
218.84,0.0
218.88,0.0
218.92000000000002,0.0
218.96,0.0
219.0,0.0
219.04,0.0
219.08,0.0
219.12,0.0
219.16,0.0
219.20000000000002,0.0
219.24,0.0
219.28,0.0
219.32,0.0
219.36,0.0
219.4,0.0
219.44,0.0
219.48000000000002,0.0
219.52,0.0
219.56,0.0
219.6,0.0
219.64000000000001,0.0
219.68,0.0
219.72,0.0
219.76,0.0
219.8,0.0
219.84,0.0
219.88,0.0
219.92000000000002,0.0
219.96,0.0
220.0,0.0
220.04,0.0
220.08,0.0
220.12,0.0
220.16,0.0
220.20000000000002,0.0
220.24,0.0
220.28,0.0
220.32,0.0
220.36,0.0
220.4,0.0
220.44,0.0
220.48000000000002,0.0
220.52,0.0
220.56,0.0
220.6,0.0
220.64000000000001,0.0
220.68,0.0
220.72,0.0
220.76,0.0
220.8,0.0
220.84,0.0
220.88,0.0
220.92000000000002,0.0
220.96,0.0
221.0,0.0
221.04,0.0
221.08,0.0
221.12,0.0
221.16,0.0
221.20000000000002,0.0
221.24,0.0
221.28,0.0
221.32,0.0
221.36,0.0
221.4,0.0
221.44,0.0
221.48000000000002,0.0
221.52,0.0
221.56,0.0
221.6,0.0
221.64000000000001,0.0
221.68,0.0
221.72,0.0
221.76,0.0
221.8,0.0
221.84,0.0
221.88,0.0
221.92000000000002,0.0
221.96,0.0
222.0,0.0
222.04,0.0
222.08,0.0
222.12,0.0
222.16,0.0
222.20000000000002,0.0
222.24,0.0
222.28,0.0
222.32,0.0
222.36,0.0
222.4,0.0
222.44,0.0
222.48000000000002,0.0
222.52,0.0
222.56,0.0
222.6,0.0
222.64000000000001,0.0
222.68,0.0
222.72,0.0
222.76,0.0
222.8,0.0
222.84,0.0
222.88,0.0
222.92000000000002,0.0
222.96,0.0
223.0,0.0
223.04,0.0
223.08,0.0
223.12,0.0
223.16,0.0
223.20000000000002,0.0
223.24,0.0
223.28,0.0
223.32,0.0
223.36,0.0
223.4,0.0
223.44,0.0
223.48000000000002,0.0
223.52,0.0
223.56,0.0
223.6,0.0
223.64000000000001,0.0
223.68,0.0
223.72,0.0
223.76,0.0
223.8,0.0
223.84,0.0
223.88,0.0
223.92000000000002,0.0
223.96,0.0
224.0,0.0
224.04,0.0
224.08,0.0
224.12,0.0
224.16,0.0
224.20000000000002,0.0
224.24,0.0
224.28,0.0
224.32,0.0
224.36,0.0
224.4,0.0
224.44,0.0
224.48000000000002,0.0
224.52,0.0
224.56,0.0
224.6,0.0
224.64000000000001,0.0
224.68,0.0
224.72,0.0
224.76,0.0
224.8,0.0
224.84,0.0
224.88,0.0
224.92000000000002,0.0
224.96,0.0
225.0,0.0
225.04,0.0
225.08,0.0
225.12,0.0
225.16,0.0
225.20000000000002,0.0
225.24,0.0
225.28,0.0
225.32,0.0
225.36,0.0
225.4,0.0
225.44,0.0
225.48000000000002,0.0
225.52,0.0
225.56,0.0
225.6,0.0
225.64000000000001,0.0
225.68,0.0
225.72,0.0
225.76,0.0
225.8,0.0
225.84,0.0
225.88,0.0
225.92000000000002,0.0
225.96,0.0
226.0,0.0
226.04,0.0
226.08,0.0
226.12,0.0
226.16,0.0
226.20000000000002,0.0
226.24,0.0
226.28,0.0
226.32,0.0
226.36,0.0
226.4,0.0
226.44,0.0
226.48000000000002,0.0
226.52,0.0
226.56,0.0
226.6,0.0
226.64000000000001,0.0
226.68,0.0
226.72,0.0
226.76,0.0
226.8,0.0
226.84,0.0
226.88,0.0
226.92000000000002,0.0
226.96,0.0
227.0,0.0
227.04,0.0
227.08,0.0
227.12,0.0
227.16,0.0
227.20000000000002,0.0
227.24,0.0
227.28,0.0
227.32,0.0
227.36,0.0
227.4,0.0
227.44,0.0
227.48000000000002,0.0
227.52,0.0
227.56,0.0
227.6,0.0
227.64000000000001,0.0
227.68,0.0
227.72,-0.2
227.76,0.0
227.8,0.0
227.84,0.0
227.88,0.0
227.92000000000002,0.0
227.96,0.0
228.0,0.0
228.04,0.0
228.08,0.0
228.12,0.0
228.16,0.0
228.20000000000002,-0.2
228.24,0.0
228.28,0.0
228.32,0.0
228.36,0.0
228.4,0.0
228.44,0.0
228.48000000000002,0.0
228.52,0.0
228.56,0.0
228.6,0.0
228.64000000000001,0.0
228.68,0.0
228.72,0.0
228.76,0.0
228.8,0.0
228.84,0.0
228.88,0.0
228.92000000000002,0.0
228.96,0.0
229.0,0.0
229.04,0.0
229.08,0.0
229.12,0.0
229.16,0.0
229.20000000000002,0.0
229.24,0.0
229.28,0.0
229.32,0.0
229.36,0.0
229.4,-0.2
229.44,0.0
229.48000000000002,0.0
229.52,0.0
229.56,0.0
229.6,0.0
229.64000000000001,0.0
229.68,0.0
229.72,0.0
229.76,0.0
229.8,0.0
229.84,0.0
229.88,0.0
229.92000000000002,0.0
229.96,0.0
230.0,0.0
230.04,0.0
230.08,0.0
230.12,0.0
230.16,0.0
230.20000000000002,0.0
230.24,0.0
230.28,0.0
230.32,0.0
230.36,0.0
230.4,0.0
230.44,0.0
230.48000000000002,0.0
230.52,0.0
230.56,0.0
230.6,0.0
230.64000000000001,0.0
230.68,-0.2
230.72,0.0
230.76,0.0
230.8,0.0
230.84,0.0
230.88,0.0
230.92000000000002,0.0
230.96,0.0
231.0,0.0
231.04,0.0
231.08,0.0
231.12,0.0
231.16,0.0
231.20000000000002,0.0
231.24,0.0
231.28,0.0
231.32,0.0
231.36,0.0
231.4,0.0
231.44,0.0
231.48000000000002,0.0
231.52,0.0
231.56,0.0
231.6,0.0
231.64000000000001,0.0
231.68,0.0
231.72,0.0
231.76,0.0
231.8,0.0
231.84,0.0
231.88,0.0
231.92000000000002,0.0
231.96,0.0
232.0,0.0
232.04,0.0
232.08,0.0
232.12,0.0
232.16,0.0
232.20000000000002,0.0
232.24,0.0
232.28,0.0
232.32,0.0
232.36,0.0
232.4,0.0
232.44,0.0
232.48000000000002,0.0
232.52,0.0
232.56,0.0
232.6,0.0
232.64000000000001,0.0
232.68,0.0
232.72,0.0
232.76,0.0
232.8,0.0
232.84,0.0
232.88,0.0
232.92000000000002,0.0
232.96,0.0
233.0,0.0
233.04,0.0
233.08,0.0
233.12,0.0
233.16,0.0
233.20000000000002,0.0
233.24,0.0
233.28,0.0
233.32,0.0
233.36,0.0
233.4,0.0
233.44,0.0
233.48000000000002,0.0
233.52,0.0
233.56,0.0
233.6,0.0
233.64000000000001,0.0
233.68,0.0
233.72,0.0
233.76,0.0
233.8,0.0
233.84,0.0
233.88,0.0
233.92000000000002,0.0
233.96,0.0
234.0,0.0
234.04,0.0
234.08,0.0
234.12,0.0
234.16,0.0
234.20000000000002,0.0
234.24,0.0
234.28,0.0
234.32,0.0
234.36,0.0
234.4,0.0
234.44,0.0
234.48000000000002,0.0
234.52,0.0
234.56,0.0
234.6,0.0
234.64000000000001,0.0
234.68,0.0
234.72,0.0
234.76,0.0
234.8,0.0
234.84,0.0
234.88,0.0
234.92000000000002,0.0
234.96,0.0
235.0,0.0
235.04,0.0
235.08,0.0
235.12,0.0
235.16,0.0
235.20000000000002,0.0
235.24,0.0
235.28,0.0
235.32,0.0
235.36,0.0
235.4,0.0
235.44,0.0
235.48000000000002,0.0
235.52,0.0
235.56,0.0
235.6,0.0
235.64000000000001,0.0
235.68,0.0
235.72,0.0
235.76,0.0
235.8,0.0
235.84,0.0
235.88,0.0
235.92000000000002,0.0
235.96,0.0
236.0,0.0
236.04,0.0
236.08,0.0
236.12,0.0
236.16,0.0
236.20000000000002,0.0
236.24,0.0
236.28,0.0
236.32,0.0
236.36,0.0
236.4,0.0
236.44,0.0
236.48000000000002,0.0
236.52,0.0
236.56,0.0
236.6,0.0
236.64000000000001,0.0
236.68,0.0
236.72,0.0
236.76,0.0
236.8,0.0
236.84,0.0
236.88,0.0
236.92000000000002,0.0
236.96,0.0
237.0,0.0
237.04,0.0
237.08,0.0
237.12,0.0
237.16,0.0
237.20000000000002,0.0
237.24,0.0
237.28,0.0
237.32,0.0
237.36,0.0
237.4,0.0
237.44,0.0
237.48000000000002,0.0
237.52,0.0
237.56,0.0
237.6,0.0
237.64000000000001,0.0
237.68,0.0
237.72,0.0
237.76,0.0
237.8,0.0
237.84,0.0
237.88,0.0
237.92000000000002,0.0
237.96,0.0
238.0,0.0
238.04,0.0
238.08,0.0
238.12,0.0
238.16,0.0
238.20000000000002,0.0
238.24,0.0
238.28,0.0
238.32,0.0
238.36,0.0
238.4,0.0
238.44,0.0
238.48000000000002,0.0
238.52,0.0
238.56,0.0
238.6,0.0
238.64000000000001,0.0
238.68,0.0
238.72,0.0
238.76,0.0
238.8,0.0
238.84,0.0
238.88,0.0
238.92000000000002,0.0
238.96,0.0
239.0,0.0
239.04,0.0
239.08,0.0
239.12,0.0
239.16,0.0
239.20000000000002,0.0
239.24,0.0
239.28,0.0
239.32,0.0
239.36,0.0
239.4,0.0
239.44,0.0
239.48000000000002,0.0
239.52,0.0
239.56,0.0
239.6,0.4
239.64000000000001,0.8
239.68,1.2000000000000002
239.72,1.6
239.76,2.0
239.8,2.0
239.84,2.2
239.88,2.6
239.92000000000002,3.4000000000000004
239.96,4.800000000000001
240.0,7.4
240.04,9.600000000000001
240.08,10.8
240.12,11.4
240.16,12.0
240.20000000000002,12.0
240.24,12.4
240.28,12.4
240.32,12.600000000000001
240.36,12.600000000000001
240.4,12.600000000000001
240.44,12.8
240.48000000000002,12.8
240.52,12.8
240.56,12.8
240.6,12.8
240.64000000000001,12.8
240.68,12.8
240.72,12.8
240.76,12.8
240.8,13.0
240.84,12.8
240.88,12.8
240.92000000000002,13.0
240.96,13.0
241.0,12.8
241.04,12.8
241.08,12.8
241.12,12.8
241.16,13.0
241.20000000000002,13.0
241.24,12.8
241.28,13.0
241.32,13.0
241.36,12.8
241.4,13.0
241.44,13.0
241.48000000000002,13.0
241.52,12.8
241.56,13.0
241.6,13.0
241.64000000000001,13.0
241.68,12.8
241.72,12.8
241.76,12.8
241.8,13.0
241.84,12.8
241.88,13.0
241.92000000000002,12.8
241.96,13.0
242.0,12.8
242.04,12.8
242.08,12.8
242.12,12.8
242.16,12.8
242.20000000000002,12.8
242.24,13.0
242.28,12.8
242.32,12.8
242.36,12.8
242.4,13.0
242.44,12.8
242.48000000000002,12.8
242.52,12.8
242.56,12.8
242.6,12.8
242.64000000000001,12.8
242.68,12.8
242.72,12.8
242.76,12.8
242.8,13.0
242.84,13.0
242.88,12.8
242.92000000000002,12.8
242.96,12.8
243.0,12.8
243.04,12.8
243.08,12.8
243.12,12.8
243.16,12.8
243.20000000000002,12.8
243.24,12.8
243.28,12.8
243.32,12.8
243.36,12.8
243.4,12.8
243.44,12.8
243.48000000000002,12.8
243.52,12.8
243.56,13.0
243.6,12.8
243.64000000000001,12.8
243.68,12.8
243.72,12.8
243.76,12.8
243.8,12.8
243.84,12.8
243.88,12.8
243.92000000000002,12.8
243.96,12.8
244.0,12.8
244.04,12.8
244.08,12.8
244.12,12.8
244.16,12.8
244.20000000000002,12.8
244.24,12.8
244.28,12.8
244.32,12.8
244.36,12.8
244.4,12.8
244.44,12.8
244.48000000000002,12.8
244.52,12.8
244.56,12.8
244.6,12.8
244.64000000000001,12.8
244.68,12.8
244.72,12.8
244.76,12.8
244.8,12.8
244.84,12.8
244.88,12.8
244.92000000000002,12.8
244.96,12.8
245.0,12.8
245.04,12.8
245.08,12.8
245.12,12.600000000000001
245.16,12.8
245.20000000000002,12.8
245.24,12.8
245.28,12.600000000000001
245.32,12.8
245.36,12.8
245.4,12.600000000000001
245.44,12.8
245.48000000000002,12.8
245.52,12.8
245.56,12.8
245.6,12.600000000000001
245.64000000000001,12.8
245.68,12.600000000000001
245.72,12.8
245.76,12.600000000000001
245.8,12.600000000000001
245.84,12.8
245.88,12.8
245.92000000000002,12.600000000000001
245.96,12.600000000000001
246.0,12.8
246.04,12.8
246.08,12.600000000000001
246.12,12.8
246.16,12.600000000000001
246.20000000000002,12.600000000000001
246.24,12.600000000000001
246.28,12.8
246.32,12.600000000000001
246.36,12.8
246.4,12.600000000000001
246.44,12.600000000000001
246.48000000000002,12.600000000000001
246.52,12.8
246.56,12.600000000000001
246.6,12.600000000000001
246.64000000000001,12.600000000000001
246.68,12.600000000000001
246.72,12.8
246.76000000000002,12.8
246.8,12.8
246.84,12.600000000000001
246.88,12.600000000000001
246.92000000000002,12.600000000000001
246.96,12.600000000000001
247.0,12.600000000000001
247.04,12.600000000000001
247.08,12.8
247.12,12.600000000000001
247.16,12.8
247.20000000000002,12.8
247.24,12.600000000000001
247.28,12.600000000000001
247.32,12.600000000000001
247.36,12.600000000000001
247.4,12.600000000000001
247.44,12.600000000000001
247.48000000000002,12.600000000000001
247.52,12.600000000000001
247.56,12.600000000000001
247.6,12.8
247.64000000000001,12.600000000000001
247.68,12.8
247.72,12.600000000000001
247.76000000000002,12.600000000000001
247.8,12.600000000000001
247.84,12.600000000000001
247.88,12.600000000000001
247.92000000000002,12.600000000000001
247.96,12.600000000000001
248.0,12.8
248.04,12.600000000000001
248.08,12.600000000000001
248.12,12.600000000000001
248.16,12.600000000000001
248.20000000000002,12.8
248.24,12.8
248.28,12.4
248.32,12.600000000000001
248.36,12.600000000000001
248.4,12.8
248.44,12.600000000000001
248.48000000000002,12.600000000000001
248.52,12.600000000000001
248.56,12.8
248.6,12.600000000000001
248.64000000000001,12.8
248.68,12.600000000000001
248.72,12.600000000000001
248.76000000000002,12.600000000000001
248.8,12.600000000000001
248.84,12.600000000000001
248.88,12.600000000000001
248.92000000000002,12.600000000000001
248.96,12.600000000000001
249.0,12.600000000000001
249.04,12.600000000000001
249.08,12.600000000000001
249.12,12.4
249.16,12.600000000000001
249.20000000000002,12.600000000000001
249.24,12.600000000000001
249.28,12.600000000000001
249.32,12.600000000000001
249.36,12.600000000000001
249.4,12.600000000000001
249.44,12.600000000000001
249.48000000000002,12.600000000000001
249.52,12.600000000000001
249.56,12.600000000000001
249.6,12.600000000000001
249.64000000000001,12.600000000000001
249.68,12.600000000000001
249.72,12.600000000000001
249.76000000000002,12.4
249.8,12.600000000000001
249.84,12.600000000000001
249.88,12.4
249.92000000000002,12.600000000000001
249.96,12.600000000000001
250.0,12.4
250.04,12.600000000000001
250.08,12.600000000000001
250.12,12.4
250.16,12.600000000000001
250.20000000000002,12.600000000000001
250.24,12.4
250.28,12.4
250.32,12.600000000000001
250.36,12.4
250.4,12.4
250.44,12.4
250.48000000000002,12.4
250.52,12.600000000000001
250.56,12.4
250.6,12.4
250.64000000000001,12.600000000000001
250.68,12.4
250.72,12.4
250.76000000000002,12.4
250.8,12.4
250.84,12.4
250.88,12.600000000000001
250.92000000000002,12.4
250.96,12.4
251.0,12.4
251.04,12.4
251.08,12.4
251.12,12.4
251.16,12.4
251.20000000000002,12.600000000000001
251.24,12.4
251.28,12.4
251.32,12.4
251.36,12.4
251.4,12.4
251.44,12.4
251.48000000000002,12.4
251.52,12.4
251.56,12.4
251.6,12.4
251.64000000000001,12.4
251.68,12.4
251.72,12.4
251.76000000000002,12.4
251.8,12.4
251.84,12.4
251.88,12.4
251.92000000000002,12.4
251.96,12.4
252.0,12.4
252.04,12.4
252.08,12.4
252.12,12.4
252.16,12.4
252.20000000000002,12.4
252.24,12.4
252.28,12.4
252.32,12.4
252.36,12.4
252.4,12.4
252.44,12.4
252.48000000000002,12.4
252.52,12.4
252.56,12.4
252.6,12.4
252.64000000000001,12.4
252.68,12.4
252.72,12.4
252.76000000000002,12.4
252.8,12.4
252.84,12.4
252.88,12.4
252.92000000000002,12.4
252.96,12.4
253.0,12.4
253.04,12.4
253.08,12.4
253.12,12.200000000000001
253.16,12.200000000000001
253.20000000000002,12.200000000000001
253.24,12.200000000000001
253.28,12.4
253.32,12.4
253.36,12.4
253.4,12.4
253.44,12.200000000000001
253.48000000000002,12.200000000000001
253.52,12.200000000000001
253.56,12.4
253.6,12.200000000000001
253.64000000000001,12.200000000000001
253.68,12.0
253.72,12.0
253.76000000000002,12.200000000000001
253.8,12.200000000000001
253.84,12.4
253.88,12.4
253.92000000000002,12.200000000000001
253.96,12.0
254.0,12.4
254.04,12.0
254.08,12.4
254.12,12.0
254.16,12.4
254.20000000000002,12.0
254.24,12.200000000000001
254.28,12.0
254.32,12.4
254.36,12.0
254.4,12.200000000000001
254.44,12.200000000000001
254.48000000000002,12.200000000000001
254.52,12.0
254.56,12.200000000000001
254.6,12.200000000000001
254.64000000000001,12.4
254.68,12.0
254.72,12.0
254.76000000000002,12.0
254.8,12.200000000000001
254.84,12.200000000000001
254.88,12.200000000000001
254.92000000000002,12.0
254.96,12.0
255.0,12.200000000000001
255.04,12.200000000000001
255.08,12.0
255.12,12.0
255.16,12.200000000000001
255.20000000000002,12.200000000000001
255.24,12.0
255.28,12.0
255.32,12.200000000000001
255.36,12.0
255.4,12.200000000000001
255.44,12.0
255.48000000000002,12.0
255.52,12.200000000000001
255.56,12.0
255.6,12.200000000000001
255.64000000000001,12.0
255.68,12.0
255.72,12.200000000000001
255.76000000000002,12.0
255.8,12.0
255.84,12.0
255.88,12.0
255.92000000000002,12.0
255.96,12.0
256.0,12.0
256.04,12.0
256.08,12.0
256.12,12.0
256.16,12.0
256.2,12.0
256.24,12.0
256.28000000000003,12.0
256.32,12.0
256.36,12.200000000000001
256.4,12.0
256.44,12.0
256.48,12.0
256.52,12.0
256.56,12.0
256.6,12.0
256.64,12.0
256.68,12.0
256.72,12.0
256.76,12.0
256.8,12.0
256.84000000000003,12.0
256.88,12.0
256.92,12.0
256.96,12.0
257.0,12.0
257.04,12.0
257.08,12.0
257.12,12.0
257.16,12.0
257.2,12.0
257.24,12.0
257.28000000000003,12.0
257.32,12.0
257.36,12.0
257.4,12.0
257.44,12.0
257.48,11.8
257.52,12.0
257.56,12.0
257.6,12.0
257.64,12.0
257.68,11.8
257.72,12.0
257.76,12.0
257.8,11.8
257.84000000000003,11.8
257.88,12.0
257.92,12.0
257.96,12.0
258.0,12.0
258.04,12.0
258.08,12.0
258.12,12.0
258.16,11.8
258.2,11.8
258.24,12.0
258.28000000000003,12.0
258.32,12.0
258.36,11.8
258.4,11.8
258.44,11.8
258.48,11.8
258.52,11.8
258.56,11.8
258.6,11.8
258.64,12.0
258.68,11.8
258.72,11.8
258.76,11.8
258.8,11.8
258.84000000000003,11.8
258.88,11.8
258.92,11.8
258.96,11.8
259.0,12.0
259.04,11.8
259.08,12.0
259.12,11.8
259.16,11.8
259.2,11.8
259.24,11.8
259.28000000000003,11.8
259.32,11.8
259.36,11.8
259.4,11.8
259.44,11.8
259.48,11.8
259.52,11.8
259.56,11.8
259.6,11.8
259.64,11.600000000000001
259.68,11.8
259.72,11.8
259.76,11.8
259.8,11.8
259.84000000000003,11.600000000000001
259.88,11.8
259.92,11.8
259.96,11.600000000000001
260.0,11.600000000000001
260.04,11.600000000000001
260.08,11.8
260.12,11.600000000000001
260.16,11.600000000000001
260.2,11.8
260.24,11.8
260.28000000000003,11.600000000000001
260.32,11.8
260.36,11.600000000000001
260.4,11.600000000000001
260.44,11.8
260.48,11.600000000000001
260.52,11.8
260.56,11.600000000000001
260.6,11.600000000000001
260.64,11.600000000000001
260.68,11.600000000000001
260.72,11.8
260.76,11.600000000000001
260.8,11.600000000000001
260.84000000000003,11.600000000000001
260.88,11.600000000000001
260.92,11.600000000000001
260.96,11.600000000000001
261.0,11.600000000000001
261.04,11.600000000000001
261.08,11.600000000000001
261.12,11.600000000000001
261.16,11.600000000000001
261.2,11.600000000000001
261.24,11.600000000000001
261.28000000000003,11.600000000000001
261.32,11.600000000000001
261.36,11.600000000000001
261.4,11.600000000000001
261.44,11.600000000000001
261.48,11.600000000000001
261.52,11.600000000000001
261.56,11.600000000000001
261.6,11.600000000000001
261.64,11.600000000000001
261.68,11.600000000000001
261.72,11.600000000000001
261.76,11.600000000000001
261.8,11.600000000000001
261.84000000000003,11.600000000000001
261.88,11.600000000000001
261.92,11.600000000000001
261.96,11.600000000000001
262.0,11.600000000000001
262.04,11.600000000000001
262.08,11.600000000000001
262.12,11.600000000000001
262.16,11.600000000000001
262.2,11.600000000000001
262.24,11.600000000000001
262.28000000000003,11.600000000000001
262.32,11.600000000000001
262.36,11.600000000000001
262.4,11.600000000000001
262.44,11.600000000000001
262.48,11.600000000000001
262.52,11.4
262.56,11.600000000000001
262.6,11.600000000000001
262.64,11.600000000000001
262.68,11.600000000000001
262.72,11.600000000000001
262.76,11.600000000000001
262.8,11.600000000000001
262.84000000000003,11.600000000000001
262.88,11.4
262.92,11.600000000000001
262.96,11.600000000000001
263.0,11.4
263.04,11.4
263.08,11.600000000000001
263.12,11.4
263.16,11.4
263.2,11.4
263.24,11.4
263.28000000000003,11.4
263.32,11.4
263.36,11.4
263.4,11.4
263.44,11.200000000000001
263.48,11.4
263.52,11.4
263.56,11.4
263.6,11.200000000000001
263.64,11.4
263.68,11.200000000000001
263.72,11.200000000000001
263.76,11.4
263.8,11.4
263.84000000000003,11.200000000000001
263.88,11.200000000000001
263.92,11.4
263.96,11.200000000000001
264.0,11.200000000000001
264.04,11.200000000000001
264.08,11.200000000000001
264.12,11.4
264.16,11.200000000000001
264.2,11.4
264.24,11.200000000000001
264.28000000000003,11.200000000000001
264.32,11.4
264.36,11.200000000000001
264.4,11.200000000000001
264.44,11.200000000000001
264.48,11.200000000000001
264.52,11.200000000000001
264.56,11.200000000000001
264.6,11.200000000000001
264.64,11.200000000000001
264.68,11.200000000000001
264.72,11.200000000000001
264.76,11.200000000000001
264.8,11.200000000000001
264.84000000000003,11.200000000000001
264.88,11.200000000000001
264.92,11.200000000000001
264.96,11.200000000000001
265.0,11.200000000000001
265.04,11.200000000000001
265.08,11.0
265.12,11.200000000000001
265.16,11.0
265.2,11.0
265.24,11.200000000000001
265.28000000000003,11.200000000000001
265.32,11.200000000000001
265.36,11.200000000000001
265.4,11.200000000000001
265.44,11.0
265.48,11.0
265.52,11.0
265.56,11.0
265.6,11.200000000000001
265.64,11.200000000000001
265.68,11.200000000000001
265.72,11.200000000000001
265.76,11.200000000000001
265.8,11.200000000000001
265.84000000000003,11.200000000000001
265.88,11.0
265.92,11.0
265.96,11.0
266.0,11.200000000000001
266.04,11.0
266.08,11.0
266.12,11.200000000000001
266.16,11.0
266.2,11.200000000000001
266.24,11.200000000000001
266.28000000000003,11.0
266.32,11.0
266.36,11.0
266.4,11.200000000000001
266.44,11.0
266.48,11.0
266.52,11.0
266.56,11.0
266.6,11.0
266.64,11.200000000000001
266.68,11.0
266.72,11.0
266.76,11.0
266.8,11.0
266.84000000000003,11.0
266.88,11.200000000000001
266.92,11.0
266.96,11.0
267.0,11.200000000000001
267.04,11.0
267.08,11.0
267.12,11.0
267.16,11.0
267.2,11.0
267.24,11.0
267.28000000000003,11.0
267.32,11.0
267.36,11.200000000000001
267.4,11.0
267.44,11.0
267.48,11.0
267.52,11.0
267.56,11.0
267.6,11.200000000000001
267.64,10.8
267.68,11.0
267.72,11.0
267.76,10.8
267.8,11.0
267.84000000000003,11.0
267.88,11.0
267.92,10.8
267.96,10.8
268.0,10.8
268.04,11.0
268.08,10.8
268.12,10.8
268.16,10.8
268.2,10.8
268.24,10.8
268.28000000000003,10.8
268.32,10.8
268.36,10.8
268.4,10.8
268.44,10.8
268.48,10.8
268.52,10.8
268.56,11.0
268.6,10.8
268.64,10.8
268.68,10.8
268.72,10.8
268.76,10.8
268.8,10.8
268.84000000000003,10.8
268.88,10.8
268.92,10.8
268.96,10.8
269.0,10.8
269.04,10.8
269.08,10.8
269.12,10.8
269.16,10.8
269.2,10.8
269.24,10.8
269.28000000000003,10.8
269.32,10.8
269.36,10.600000000000001
269.4,10.8
269.44,10.600000000000001
269.48,10.600000000000001
269.52,10.600000000000001
269.56,10.8
269.6,10.600000000000001
269.64,10.600000000000001
269.68,10.600000000000001
269.72,10.600000000000001
269.76,10.600000000000001
269.8,10.8
269.84000000000003,10.600000000000001
269.88,10.600000000000001
269.92,10.600000000000001
269.96,10.600000000000001
270.0,10.8
270.04,10.600000000000001
270.08,10.8
270.12,10.4
270.16,10.4
270.2,10.4
270.24,10.600000000000001
270.28000000000003,10.600000000000001
270.32,10.600000000000001
270.36,10.600000000000001
270.4,10.600000000000001
270.44,10.4
270.48,10.4
270.52,10.600000000000001
270.56,10.4
270.6,10.600000000000001
270.64,10.600000000000001
270.68,10.4
270.72,10.4
270.76,10.4
270.8,10.4
270.84000000000003,10.4
270.88,10.4
270.92,10.4
270.96,10.4
271.0,10.4
271.04,10.4
271.08,10.4
271.12,10.4
271.16,10.4
271.2,10.4
271.24,10.4
271.28000000000003,10.4
271.32,10.4
271.36,10.4
271.4,10.4
271.44,10.4
271.48,10.4
271.52,10.4
271.56,10.4
271.6,10.4
271.64,10.4
271.68,10.4
271.72,10.4
271.76,10.4
271.8,10.4
271.84000000000003,10.4
271.88,10.4
271.92,10.4
271.96,10.200000000000001
272.0,10.4
272.04,10.4
272.08,10.4
272.12,10.200000000000001
272.16,10.200000000000001
272.2,10.200000000000001
272.24,10.4
272.28000000000003,10.200000000000001
272.32,10.200000000000001
272.36,10.200000000000001
272.4,10.4
272.44,10.4
272.48,10.200000000000001
272.52,10.200000000000001
272.56,10.200000000000001
272.6,10.200000000000001
272.64,10.200000000000001
272.68,10.200000000000001
272.72,10.200000000000001
272.76,10.200000000000001
272.8,10.200000000000001
272.84000000000003,10.200000000000001
272.88,10.200000000000001
272.92,10.200000000000001
272.96,10.200000000000001
273.0,10.200000000000001
273.04,10.200000000000001
273.08,10.200000000000001
273.12,10.200000000000001
273.16,10.200000000000001
273.2,10.200000000000001
273.24,10.200000000000001
273.28000000000003,10.200000000000001
273.32,10.200000000000001
273.36,10.200000000000001
273.40000000000003,10.200000000000001
273.44,10.0
273.48,10.200000000000001
273.52,10.200000000000001
273.56,10.200000000000001
273.6,10.200000000000001
273.64,10.0
273.68,10.200000000000001
273.72,10.200000000000001
273.76,10.200000000000001
273.8,10.200000000000001
273.84000000000003,10.0
273.88,10.0
273.92,10.0
273.96,10.0
274.0,10.200000000000001
274.04,10.0
274.08,10.0
274.12,10.0
274.16,10.0
274.2,10.0
274.24,10.0
274.28000000000003,10.0
274.32,10.0
274.36,10.0
274.40000000000003,10.0
274.44,10.0
274.48,10.0
274.52,10.0
274.56,10.0
274.6,10.0
274.64,10.0
274.68,10.0
274.72,10.0
274.76,10.0
274.8,10.0
274.84000000000003,10.0
274.88,10.0
274.92,10.0
274.96,10.0
275.0,10.0
275.04,10.0
275.08,10.0
275.12,10.0
275.16,10.0
275.2,10.0
275.24,10.0
275.28000000000003,10.0
275.32,10.0
275.36,10.0
275.40000000000003,10.0
275.44,10.0
275.48,10.0
275.52,9.8
275.56,9.8
275.6,10.0
275.64,9.8
275.68,9.8
275.72,9.8
275.76,9.8
275.8,9.8
275.84000000000003,9.8
275.88,9.8
275.92,9.8
275.96,9.8
276.0,9.8
276.04,9.8
276.08,9.8
276.12,9.8
276.16,9.8
276.2,9.600000000000001
276.24,9.600000000000001
276.28000000000003,9.600000000000001
276.32,9.8
276.36,9.600000000000001
276.40000000000003,9.600000000000001
276.44,9.600000000000001
276.48,9.600000000000001
276.52,9.8
276.56,9.600000000000001
276.6,9.600000000000001
276.64,9.8
276.68,9.600000000000001
276.72,9.600000000000001
276.76,9.8
276.8,9.600000000000001
276.84000000000003,9.600000000000001
276.88,9.600000000000001
276.92,9.600000000000001
276.96,9.600000000000001
277.0,9.600000000000001
277.04,9.600000000000001
277.08,9.4
277.12,9.600000000000001
277.16,9.600000000000001
277.2,9.600000000000001
277.24,9.600000000000001
277.28000000000003,9.600000000000001
277.32,9.600000000000001
277.36,9.4
277.40000000000003,9.600000000000001
277.44,9.600000000000001
277.48,9.4
277.52,9.600000000000001
277.56,9.600000000000001
277.6,9.600000000000001
277.64,9.4
277.68,9.600000000000001
277.72,9.600000000000001
277.76,9.4
277.8,9.600000000000001
277.84000000000003,9.600000000000001
277.88,9.600000000000001
277.92,9.600000000000001
277.96,9.4
278.0,9.600000000000001
278.04,9.4
278.08,9.600000000000001
278.12,9.600000000000001
278.16,9.600000000000001
278.2,9.4
278.24,9.4
278.28000000000003,9.4
278.32,9.4
278.36,9.600000000000001
278.40000000000003,9.4
278.44,9.4
278.48,9.4
278.52,9.4
278.56,9.4
278.6,9.4
278.64,9.4
278.68,9.4
278.72,9.4
278.76,9.4
278.8,9.4
278.84000000000003,9.4
278.88,9.4
278.92,9.4
278.96,9.4
279.0,9.4
279.04,9.4
279.08,9.4
279.12,9.4
279.16,9.4
279.2,9.4
279.24,9.4
279.28000000000003,9.4
279.32,9.4
279.36,9.4
279.40000000000003,9.4
279.44,9.4
279.48,9.4
279.52,9.4
279.56,9.4
279.6,9.4
279.64,9.4
279.68,9.4
279.72,9.4
279.76,9.4
279.8,9.4
279.84000000000003,9.4
279.88,9.4
279.92,9.4
279.96,9.4
280.0,9.4
280.04,9.4
280.08,9.4
280.12,9.4
280.16,9.4
280.2,9.4
280.24,9.4
280.28000000000003,9.4
280.32,9.4
280.36,9.4
280.40000000000003,9.4
280.44,9.4
280.48,9.4
280.52,9.4
280.56,9.4
280.6,9.200000000000001
280.64,9.4
280.68,9.4
280.72,9.4
280.76,9.4
280.8,9.4
280.84000000000003,9.200000000000001
280.88,9.4
280.92,9.200000000000001
280.96,9.4
281.0,9.4
281.04,9.200000000000001
281.08,9.0
281.12,9.4
281.16,9.200000000000001
281.2,9.4
281.24,9.200000000000001
281.28000000000003,9.4
281.32,9.0
281.36,9.200000000000001
281.40000000000003,9.200000000000001
281.44,9.200000000000001
281.48,9.0
281.52,9.200000000000001
281.56,9.200000000000001
281.6,9.200000000000001
281.64,9.200000000000001
281.68,9.0
281.72,9.200000000000001
281.76,9.200000000000001
281.8,9.0
281.84000000000003,9.200000000000001
281.88,9.0
281.92,9.200000000000001
281.96,9.0
282.0,9.0
282.04,9.0
282.08,9.200000000000001
282.12,9.200000000000001
282.16,9.0
282.2,9.0
282.24,9.0
282.28000000000003,9.0
282.32,9.0
282.36,9.200000000000001
282.40000000000003,9.0
282.44,9.0
282.48,8.8
282.52,8.8
282.56,9.0
282.6,8.8
282.64,9.0
282.68,9.0
282.72,9.0
282.76,9.0
282.8,9.0
282.84000000000003,8.8
282.88,9.0
282.92,9.0
282.96,9.0
283.0,8.8
283.04,8.8
283.08,9.0
283.12,8.8
283.16,8.8
283.2,8.8
283.24,8.8
283.28000000000003,8.8
283.32,8.8
283.36,8.8
283.40000000000003,8.8
283.44,8.8
283.48,8.8
283.52,8.8
283.56,9.0
283.6,8.8
283.64,8.8
283.68,8.8
283.72,8.8
283.76,8.8
283.8,8.6
283.84000000000003,8.8
283.88,8.8
283.92,8.8
283.96,8.6
284.0,8.8
284.04,8.8
284.08,8.6
284.12,8.6
284.16,8.8
284.2,8.6
284.24,8.8
284.28000000000003,8.6
284.32,8.6
284.36,8.6
284.40000000000003,8.6
284.44,8.6
284.48,8.6
284.52,8.8
284.56,8.6
284.6,8.6
284.64,8.6
284.68,8.6
284.72,8.6
284.76,8.8
284.8,8.6
284.84000000000003,8.6
284.88,8.6
284.92,8.6
284.96,8.6
285.0,8.6
285.04,8.6
285.08,8.6
285.12,8.6
285.16,8.6
285.2,8.6
285.24,8.6
285.28000000000003,8.6
285.32,8.6
285.36,8.4
285.40000000000003,8.6
285.44,8.4
285.48,8.6
285.52,8.6
285.56,8.6
285.6,8.4
285.64,8.4
285.68,8.6
285.72,8.4
285.76,8.4
285.8,8.6
285.84000000000003,8.6
285.88,8.4
285.92,8.4
285.96,8.200000000000001
286.0,8.4
286.04,8.4
286.08,8.200000000000001
286.12,8.200000000000001
286.16,8.4
286.2,8.200000000000001
286.24,8.200000000000001
286.28000000000003,8.4
286.32,8.4
286.36,8.200000000000001
286.40000000000003,8.200000000000001
286.44,8.200000000000001
286.48,8.200000000000001
286.52,8.200000000000001
286.56,8.200000000000001
286.6,8.200000000000001
286.64,8.4
286.68,8.200000000000001
286.72,8.4
286.76,8.200000000000001
286.8,8.200000000000001
286.84000000000003,8.200000000000001
286.88,8.200000000000001
286.92,8.200000000000001
286.96,8.200000000000001
287.0,8.200000000000001
287.04,8.200000000000001
287.08,8.200000000000001
287.12,8.200000000000001
287.16,8.200000000000001
287.2,8.200000000000001
287.24,8.200000000000001
287.28000000000003,8.200000000000001
287.32,8.200000000000001
287.36,8.0
287.40000000000003,8.200000000000001
287.44,8.200000000000001
287.48,8.200000000000001
287.52,8.200000000000001
287.56,8.200000000000001
287.6,8.0
287.64,8.0
287.68,8.0
287.72,8.0
287.76,8.0
287.8,8.200000000000001
287.84000000000003,8.200000000000001
287.88,8.200000000000001
287.92,8.0
287.96,8.0
288.0,8.200000000000001
288.04,8.200000000000001
288.08,8.200000000000001
288.12,8.0
288.16,8.200000000000001
288.2,8.0
288.24,8.0
288.28000000000003,8.200000000000001
288.32,7.800000000000001
288.36,7.800000000000001
288.40000000000003,8.0
288.44,7.800000000000001
288.48,8.0
288.52,8.0
288.56,7.800000000000001
288.6,8.0
288.64,7.800000000000001
288.68,8.0
288.72,8.0
288.76,7.800000000000001
288.8,7.800000000000001
288.84000000000003,8.0
288.88,7.800000000000001
288.92,7.800000000000001
288.96,8.0
289.0,7.800000000000001
289.04,7.800000000000001
289.08,7.800000000000001
289.12,7.800000000000001
289.16,7.800000000000001
289.2,7.800000000000001
289.24,7.800000000000001
289.28000000000003,7.800000000000001
289.32,7.800000000000001
289.36,7.800000000000001
289.40000000000003,7.800000000000001
289.44,7.800000000000001
289.48,7.800000000000001
289.52,7.800000000000001
289.56,7.800000000000001
289.6,7.800000000000001
289.64,7.800000000000001
289.68,7.800000000000001
289.72,7.800000000000001
289.76,7.800000000000001
289.8,7.800000000000001
289.84000000000003,7.800000000000001
289.88,7.800000000000001
289.92,7.800000000000001
289.96,7.6000000000000005
290.0,7.800000000000001
290.04,7.800000000000001
290.08,7.6000000000000005
290.12,7.800000000000001
290.16,7.6000000000000005
290.2,7.6000000000000005
290.24,7.800000000000001
290.28000000000003,7.800000000000001
290.32,7.6000000000000005
290.36,7.6000000000000005
290.40000000000003,7.6000000000000005
290.44,7.6000000000000005
290.48,7.6000000000000005
290.52,7.6000000000000005
290.56,7.800000000000001
290.6,7.6000000000000005
290.64,7.6000000000000005
290.68,7.6000000000000005
290.72,7.6000000000000005
290.76,7.4
290.8,7.6000000000000005
290.84000000000003,7.4
290.88,7.4
290.92,7.6000000000000005
290.96,7.4
291.0,7.4
291.04,7.4
291.08,7.4
291.12,7.4
291.16,7.4
291.2,7.4
291.24,7.4
291.28000000000003,7.4
291.32,7.4
291.36,7.4
291.40000000000003,7.4
291.44,7.4
291.48,7.2
291.52,7.4
291.56,7.4
291.6,7.4
291.64,7.4
291.68,7.4
291.72,7.4
291.76,7.4
291.8,7.4
291.84000000000003,7.4
291.88,7.2
291.92,7.4
291.96,7.4
292.0,7.4
292.04,7.4
292.08,7.4
292.12,7.4
292.16,7.4
292.2,7.4
292.24,7.2
292.28000000000003,7.4
292.32,7.2
292.36,7.2
292.40000000000003,7.4
292.44,7.2
292.48,7.2
292.52,7.2
292.56,7.2
292.6,7.2
292.64,7.2
292.68,7.2
292.72,7.2
292.76,7.2
292.8,7.2
292.84000000000003,7.2
292.88,7.2
292.92,7.2
292.96,7.2
293.0,7.2
293.04,7.2
293.08,7.2
293.12,7.2
293.16,7.2
293.2,7.2
293.24,7.2
293.28000000000003,7.2
293.32,7.2
293.36,7.2
293.40000000000003,7.0
293.44,7.2
293.48,7.0
293.52,7.0
293.56,7.0
293.6,7.0
293.64,7.0
293.68,7.0
293.72,7.0
293.76,7.0
293.8,7.0
293.84000000000003,7.0
293.88,7.0
293.92,7.0
293.96,7.0
294.0,7.0
294.04,7.0
294.08,7.0
294.12,7.0
294.16,7.0
294.2,7.0
294.24,7.0
294.28000000000003,7.0
294.32,7.0
294.36,7.0
294.40000000000003,7.0
294.44,7.0
294.48,7.0
294.52,7.0
294.56,6.800000000000001
294.6,6.800000000000001
294.64,6.800000000000001
294.68,6.800000000000001
294.72,6.800000000000001
294.76,6.800000000000001
294.8,7.0
294.84000000000003,7.0
294.88,6.800000000000001
294.92,6.800000000000001
294.96,6.800000000000001
295.0,7.0
295.04,6.800000000000001
295.08,6.800000000000001
295.12,6.800000000000001
295.16,6.800000000000001
295.2,6.6000000000000005
295.24,6.800000000000001
295.28000000000003,6.6000000000000005
295.32,6.800000000000001
295.36,6.800000000000001
295.40000000000003,6.6000000000000005
295.44,6.800000000000001
295.48,6.6000000000000005
295.52,6.6000000000000005
295.56,6.800000000000001
295.6,6.6000000000000005
295.64,6.6000000000000005
295.68,6.6000000000000005
295.72,6.6000000000000005
295.76,6.6000000000000005
295.8,6.6000000000000005
295.84000000000003,6.6000000000000005
295.88,6.6000000000000005
295.92,6.6000000000000005
295.96,6.6000000000000005
296.0,6.6000000000000005
296.04,6.6000000000000005
296.08,6.6000000000000005
296.12,6.6000000000000005
296.16,6.4
296.2,6.4
296.24,6.6000000000000005
296.28000000000003,6.6000000000000005
296.32,6.4
296.36,6.4
296.40000000000003,6.6000000000000005
296.44,6.6000000000000005
296.48,6.6000000000000005
296.52,6.6000000000000005
296.56,6.4
296.6,6.4
296.64,6.4
296.68,6.4
296.72,6.6000000000000005
296.76,6.4
296.8,6.6000000000000005
296.84000000000003,6.4
296.88,6.6000000000000005
296.92,6.4
296.96,6.6000000000000005
297.0,6.4
297.04,6.4
297.08,6.4
297.12,6.4
297.16,6.4
297.2,6.4
297.24,6.4
297.28000000000003,6.4
297.32,6.4
297.36,6.4
297.40000000000003,6.6000000000000005
297.44,6.4
297.48,6.2
297.52,6.4
297.56,6.4
297.6,6.2
297.64,6.4
297.68,6.4
297.72,6.4
297.76,6.2
297.8,6.2
297.84000000000003,6.4
297.88,6.4
297.92,6.2
297.96,6.2
298.0,6.2
298.04,6.2
298.08,6.2
298.12,6.2
298.16,6.2
298.2,6.2
298.24,6.2
298.28000000000003,6.2
298.32,6.2
298.36,6.2
298.40000000000003,6.2
298.44,6.2
298.48,6.2
298.52,6.2
298.56,6.2
298.6,6.2
298.64,6.2
298.68,6.2
298.72,6.2
298.76,6.2
298.8,6.2
298.84000000000003,6.2
298.88,6.2
298.92,6.2
298.96,6.2
299.0,6.2
299.04,6.2
299.08,6.2
299.12,6.0
299.16,6.0
299.2,6.0
299.24,6.0
299.28000000000003,6.0
299.32,6.0
299.36,6.0
299.40000000000003,6.2
299.44,6.0
299.48,6.0
299.52,6.0
299.56,6.0
299.6,6.0
299.64,5.800000000000001
299.68,6.0
299.72,5.800000000000001
299.76,5.800000000000001
299.8,6.0
299.84000000000003,6.0
299.88,6.0
299.92,5.800000000000001
299.96,5.800000000000001
300.0,5.800000000000001
300.04,5.800000000000001
300.08,6.0
300.12,5.800000000000001
300.16,5.800000000000001
300.2,5.800000000000001
300.24,5.800000000000001
300.28000000000003,5.800000000000001
300.32,5.800000000000001
300.36,5.800000000000001
300.40000000000003,5.800000000000001
300.44,5.800000000000001
300.48,5.800000000000001
300.52,5.800000000000001
300.56,5.800000000000001
300.6,5.800000000000001
300.64,5.6000000000000005
300.68,5.800000000000001
300.72,5.6000000000000005
300.76,5.800000000000001
300.8,5.800000000000001
300.84000000000003,5.800000000000001
300.88,5.6000000000000005
300.92,5.800000000000001
300.96,5.800000000000001
301.0,5.6000000000000005
301.04,5.6000000000000005
301.08,5.6000000000000005
301.12,5.6000000000000005
301.16,5.6000000000000005
301.2,5.6000000000000005
301.24,5.6000000000000005
301.28000000000003,5.6000000000000005
301.32,5.6000000000000005
301.36,5.6000000000000005
301.40000000000003,5.4
301.44,5.6000000000000005
301.48,5.6000000000000005
301.52,5.6000000000000005
301.56,5.6000000000000005
301.6,5.6000000000000005
301.64,5.6000000000000005
301.68,5.6000000000000005
301.72,5.6000000000000005
301.76,5.6000000000000005
301.8,5.4
301.84000000000003,5.4
301.88,5.6000000000000005
301.92,5.4
301.96,5.6000000000000005
302.0,5.4
302.04,5.6000000000000005
302.08,5.4
302.12,5.4
302.16,5.4
302.2,5.4
302.24,5.4
302.28000000000003,5.4
302.32,5.4
302.36,5.4
302.40000000000003,5.4
302.44,5.4
302.48,5.4
302.52,5.4
302.56,5.4
302.6,5.4
302.64,5.4
302.68,5.4
302.72,5.4
302.76,5.4
302.8,5.4
302.84000000000003,5.4
302.88,5.4
302.92,5.4
302.96,5.4
303.0,5.4
303.04,5.4
303.08,5.4
303.12,5.4
303.16,5.4
303.2,5.4
303.24,5.4
303.28000000000003,5.2
303.32,5.4
303.36,5.4
303.40000000000003,5.2
303.44,5.2
303.48,5.2
303.52,5.4
303.56,5.2
303.6,5.4
303.64,5.2
303.68,5.4
303.72,5.2
303.76,5.2
303.8,5.2
303.84000000000003,5.0
303.88,5.0
303.92,5.2
303.96,5.2
304.0,5.2
304.04,5.0
304.08,5.0
304.12,5.2
304.16,5.0
304.2,5.0
304.24,5.0
304.28000000000003,5.0
304.32,5.0
304.36,5.0
304.40000000000003,5.0
304.44,5.0
304.48,5.0
304.52,5.0
304.56,4.800000000000001
304.6,5.0
304.64,5.0
304.68,5.0
304.72,5.0
304.76,5.0
304.8,5.0
304.84000000000003,5.0
304.88,5.0
304.92,5.0
304.96,5.0
305.0,5.0
305.04,5.0
305.08,5.0
305.12,5.0
305.16,5.0
305.2,4.800000000000001
305.24,4.800000000000001
305.28000000000003,5.0
305.32,5.0
305.36,4.800000000000001
305.40000000000003,5.0
305.44,5.0
305.48,4.800000000000001
305.52,5.0
305.56,4.800000000000001
305.6,4.800000000000001
305.64,4.800000000000001
305.68,4.800000000000001
305.72,4.800000000000001
305.76,5.0
305.8,4.800000000000001
305.84000000000003,5.0
305.88,4.800000000000001
305.92,4.800000000000001
305.96,4.800000000000001
306.0,4.6000000000000005
306.04,4.800000000000001
306.08,4.800000000000001
306.12,4.800000000000001
306.16,4.800000000000001
306.2,4.800000000000001
306.24,4.6000000000000005
306.28000000000003,4.800000000000001
306.32,4.800000000000001
306.36,4.800000000000001
306.40000000000003,4.6000000000000005
306.44,4.800000000000001
306.48,4.6000000000000005
306.52,4.6000000000000005
306.56,4.800000000000001
306.6,4.6000000000000005
306.64,4.6000000000000005
306.68,4.6000000000000005
306.72,4.6000000000000005
306.76,4.6000000000000005
306.8,4.6000000000000005
306.84000000000003,4.6000000000000005
306.88,4.6000000000000005
306.92,4.6000000000000005
306.96,4.6000000000000005
307.0,4.6000000000000005
307.04,4.6000000000000005
307.08,4.6000000000000005
307.12,4.6000000000000005
307.16,4.6000000000000005
307.2,4.6000000000000005
307.24,4.6000000000000005
307.28000000000003,4.6000000000000005
307.32,4.6000000000000005
307.36,4.6000000000000005
307.40000000000003,4.4
307.44,4.6000000000000005
307.48,4.6000000000000005
307.52,4.6000000000000005
307.56,4.4
307.6,4.4
307.64,4.6000000000000005
307.68,4.6000000000000005
307.72,4.4
307.76,4.4
307.8,4.4
307.84000000000003,4.4
307.88,4.4
307.92,4.4
307.96,4.4
308.0,4.4
308.04,4.4
308.08,4.4
308.12,4.4
308.16,4.4
308.2,4.2
308.24,4.4
308.28000000000003,4.2
308.32,4.2
308.36,4.2
308.40000000000003,4.2
308.44,4.2
308.48,4.2
308.52,4.2
308.56,4.2
308.6,4.2
308.64,4.2
308.68,4.2
308.72,4.2
308.76,4.2
308.8,4.2
308.84000000000003,4.2
308.88,4.2
308.92,4.2
308.96,4.2
309.0,4.0
309.04,4.0
309.08,4.2
309.12,4.2
309.16,4.0
309.2,4.2
309.24,4.0
309.28000000000003,4.0
309.32,4.0
309.36,4.0
309.40000000000003,4.0
309.44,4.2
309.48,4.0
309.52,4.0
309.56,4.0
309.6,4.0
309.64,4.0
309.68,4.0
309.72,4.0
309.76,4.0
309.8,4.0
309.84000000000003,4.0
309.88,4.0
309.92,4.0
309.96,4.0
310.0,4.0
310.04,4.0
310.08,4.0
310.12,4.0
310.16,4.0
310.2,3.8000000000000003
310.24,4.0
310.28000000000003,4.0
310.32,3.8000000000000003
310.36,3.8000000000000003
310.40000000000003,4.0
310.44,4.0
310.48,3.8000000000000003
310.52,4.0
310.56,3.8000000000000003
310.6,3.8000000000000003
310.64,3.8000000000000003
310.68,3.8000000000000003
310.72,3.8000000000000003
310.76,3.8000000000000003
310.8,3.8000000000000003
310.84000000000003,3.8000000000000003
310.88,3.8000000000000003
310.92,3.8000000000000003
310.96,3.8000000000000003
311.0,3.8000000000000003
311.04,3.8000000000000003
311.08,3.8000000000000003
311.12,3.8000000000000003
311.16,3.6
311.2,3.8000000000000003
311.24,3.8000000000000003
311.28000000000003,3.8000000000000003
311.32,3.8000000000000003
311.36,3.8000000000000003
311.40000000000003,3.6
311.44,3.8000000000000003
311.48,3.8000000000000003
311.52,3.8000000000000003
311.56,3.6
311.6,3.8000000000000003
311.64,3.8000000000000003
311.68,3.8000000000000003
311.72,3.6
311.76,3.6
311.8,3.4000000000000004
311.84000000000003,3.8000000000000003
311.88,3.6
311.92,3.6
311.96,3.6
312.0,3.4000000000000004
312.04,3.4000000000000004
312.08,3.6
312.12,3.6
312.16,3.4000000000000004
312.2,3.4000000000000004
312.24,3.6
312.28000000000003,3.4000000000000004
312.32,3.4000000000000004
312.36,3.4000000000000004
312.40000000000003,3.4000000000000004
312.44,3.4000000000000004
312.48,3.4000000000000004
312.52,3.4000000000000004
312.56,3.4000000000000004
312.6,3.2
312.64,3.4000000000000004
312.68,3.4000000000000004
312.72,3.2
312.76,3.4000000000000004
312.8,3.4000000000000004
312.84000000000003,3.4000000000000004
312.88,3.2
312.92,3.2
312.96,3.2
313.0,3.2
313.04,3.2
313.08,3.4000000000000004
313.12,3.4000000000000004
313.16,3.2
313.2,3.2
313.24,3.2
313.28000000000003,3.2
313.32,3.2
313.36,3.2
313.40000000000003,3.4000000000000004
313.44,3.4000000000000004
313.48,3.2
313.52,3.4000000000000004
313.56,3.2
313.6,3.2
313.64,3.2
313.68,3.4000000000000004
313.72,3.2
313.76,3.2
313.8,3.2
313.84000000000003,3.2
313.88,3.2
313.92,3.2
313.96,3.2
314.0,3.2
314.04,3.2
314.08,3.2
314.12,3.2
314.16,3.2
314.2,3.2
314.24,3.2
314.28000000000003,3.2
314.32,3.2
314.36,3.2
314.40000000000003,3.2
314.44,3.2
314.48,3.2
314.52,3.2
314.56,3.2
314.6,3.2
314.64,3.2
314.68,3.2
314.72,3.2
314.76,3.2
314.8,3.2
314.84000000000003,3.2
314.88,3.2
314.92,3.2
314.96,3.2
315.0,3.2
315.04,3.2
315.08,3.2
315.12,3.2
315.16,3.2
315.2,3.2
315.24,3.2
315.28000000000003,3.2
315.32,3.2
315.36,3.0
315.40000000000003,3.0
315.44,3.0
315.48,3.0
315.52,3.0
315.56,3.0
315.6,3.2
315.64,2.8000000000000003
315.68,3.0
315.72,2.8000000000000003
315.76,2.8000000000000003
315.8,2.8000000000000003
315.84000000000003,2.8000000000000003
315.88,3.0
315.92,2.8000000000000003
315.96,2.8000000000000003
316.0,2.8000000000000003
316.04,2.8000000000000003
316.08,2.8000000000000003
316.12,2.8000000000000003
316.16,2.8000000000000003
316.2,2.8000000000000003
316.24,2.8000000000000003
316.28000000000003,2.8000000000000003
316.32,2.8000000000000003
316.36,2.8000000000000003
316.40000000000003,2.8000000000000003
316.44,2.8000000000000003
316.48,2.8000000000000003
316.52,2.8000000000000003
316.56,2.8000000000000003
316.6,2.8000000000000003
316.64,2.8000000000000003
316.68,2.8000000000000003
316.72,2.6
316.76,2.8000000000000003
316.8,2.8000000000000003
316.84000000000003,2.6
316.88,2.8000000000000003
316.92,2.8000000000000003
316.96,2.8000000000000003
317.0,2.6
317.04,2.8000000000000003
317.08,2.6
317.12,2.8000000000000003
317.16,2.6
317.2,2.6
317.24,2.6
317.28000000000003,2.8000000000000003
317.32,2.6
317.36,2.6
317.40000000000003,2.6
317.44,2.6
317.48,2.6
317.52,2.6
317.56,2.6
317.6,2.6
317.64,2.6
317.68,2.4000000000000004
317.72,2.4000000000000004
317.76,2.6
317.8,2.6
317.84000000000003,2.6
317.88,2.4000000000000004
317.92,2.4000000000000004
317.96,2.6
318.0,2.6
318.04,2.6
318.08,2.4000000000000004
318.12,2.4000000000000004
318.16,2.4000000000000004
318.2,2.6
318.24,2.4000000000000004
318.28000000000003,2.4000000000000004
318.32,2.4000000000000004
318.36,2.4000000000000004
318.40000000000003,2.4000000000000004
318.44,2.4000000000000004
318.48,2.4000000000000004
318.52,2.4000000000000004
318.56,2.4000000000000004
318.6,2.4000000000000004
318.64,2.4000000000000004
318.68,2.4000000000000004
318.72,2.4000000000000004
318.76,2.4000000000000004
318.8,2.4000000000000004
318.84000000000003,2.4000000000000004
318.88,2.4000000000000004
318.92,2.4000000000000004
318.96,2.4000000000000004
319.0,2.4000000000000004
319.04,2.4000000000000004
319.08,2.4000000000000004
319.12,2.4000000000000004
319.16,2.4000000000000004
319.2,2.4000000000000004
319.24,2.2
319.28000000000003,2.4000000000000004
319.32,2.4000000000000004
319.36,2.2
319.40000000000003,2.4000000000000004
319.44,2.2
319.48,2.2
319.52,2.2
319.56,2.2
319.6,2.2
319.64,2.2
319.68,2.2
319.72,2.2
319.76,2.0
319.8,2.2
319.84000000000003,2.0
319.88,2.0
319.92,2.0
319.96,2.0
320.0,2.0
320.04,2.0
320.08,2.0
320.12,2.0
320.16,2.0
320.2,2.0
320.24,2.0
320.28000000000003,2.0
320.32,2.0
320.36,2.0
320.40000000000003,2.0
320.44,2.0
320.48,2.0
320.52,2.0
320.56,2.0
320.6,2.0
320.64,1.8
320.68,2.0
320.72,1.8
320.76,2.0
320.8,2.0
320.84000000000003,2.0
320.88,2.0
320.92,2.0
320.96,2.0
321.0,1.8
321.04,1.8
321.08,2.0
321.12,2.0
321.16,2.0
321.2,2.0
321.24,1.8
321.28000000000003,1.8
321.32,1.8
321.36,1.8
321.40000000000003,1.8
321.44,2.0
321.48,1.8
321.52,1.8
321.56,1.8
321.6,1.6
321.64,1.8
321.68,1.8
321.72,1.8
321.76,1.6
321.8,1.8
321.84000000000003,1.6
321.88,1.8
321.92,1.6
321.96,1.6
322.0,1.6
322.04,1.8
322.08,1.8
322.12,1.8
322.16,1.8
322.2,1.6
322.24,1.8
322.28000000000003,1.8
322.32,1.6
322.36,1.6
322.40000000000003,1.6
322.44,1.6
322.48,1.6
322.52,1.6
322.56,1.6
322.6,1.6
322.64,1.6
322.68,1.6
322.72,1.6
322.76,1.6
322.8,1.6
322.84000000000003,1.6
322.88,1.6
322.92,1.6
322.96,1.6
323.0,1.6
323.04,1.4000000000000001
323.08,1.6
323.12,1.4000000000000001
323.16,1.4000000000000001
323.2,1.6
323.24,1.6
323.28000000000003,1.6
323.32,1.6
323.36,1.6
323.40000000000003,1.6
323.44,1.4000000000000001
323.48,1.4000000000000001
323.52,1.4000000000000001
323.56,1.4000000000000001
323.6,1.4000000000000001
323.64,1.4000000000000001
323.68,1.2000000000000002
323.72,1.4000000000000001
323.76,1.4000000000000001
323.8,1.2000000000000002
323.84000000000003,1.2000000000000002
323.88,1.4000000000000001
323.92,1.2000000000000002
323.96,1.4000000000000001
324.0,1.4000000000000001
324.04,1.2000000000000002
324.08,1.2000000000000002
324.12,1.2000000000000002
324.16,1.2000000000000002
324.2,1.2000000000000002
324.24,1.2000000000000002
324.28000000000003,1.2000000000000002
324.32,1.2000000000000002
324.36,1.2000000000000002
324.40000000000003,1.2000000000000002
324.44,1.2000000000000002
324.48,1.2000000000000002
324.52,1.2000000000000002
324.56,1.2000000000000002
324.6,1.0
324.64,1.2000000000000002
324.68,1.2000000000000002
324.72,1.2000000000000002
324.76,1.2000000000000002
324.8,1.0
324.84000000000003,1.2000000000000002
324.88,1.2000000000000002
324.92,1.0
324.96,1.2000000000000002
325.0,1.0
325.04,1.0
325.08,1.0
325.12,1.0
325.16,1.0
325.2,1.0
325.24,1.0
325.28000000000003,1.0
325.32,1.0
325.36,1.0
325.40000000000003,1.0
325.44,1.0
325.48,1.0
325.52,1.0
325.56,1.0
325.6,0.8
325.64,1.0
325.68,1.0
325.72,0.8
325.76,1.0
325.8,1.0
325.84000000000003,0.8
325.88,1.0
325.92,0.8
325.96,0.8
326.0,0.8
326.04,0.8
326.08,0.8
326.12,0.8
326.16,0.8
326.2,0.8
326.24,0.8
326.28000000000003,0.8
326.32,0.8
326.36,0.8
326.40000000000003,0.8
326.44,0.8
326.48,0.8
326.52,0.8
326.56,0.8
326.6,0.8
326.64,0.8
326.68,0.8
326.72,0.8
326.76,0.8
326.8,0.8
326.84000000000003,0.8
326.88,0.8
326.92,0.8
326.96,0.6000000000000001
327.0,0.8
327.04,0.8
327.08,0.8
327.12,0.8
327.16,0.8
327.2,0.8
327.24,0.8
327.28000000000003,0.6000000000000001
327.32,0.8
327.36,0.6000000000000001
327.40000000000003,0.6000000000000001
327.44,0.8
327.48,0.6000000000000001
327.52,0.6000000000000001
327.56,0.6000000000000001
327.6,0.6000000000000001
327.64,0.6000000000000001
327.68,0.6000000000000001
327.72,0.6000000000000001
327.76,0.4
327.8,0.4
327.84000000000003,0.4
327.88,0.6000000000000001
327.92,0.4
327.96,0.4
328.0,0.4
328.04,0.4
328.08,0.4
328.12,0.4
328.16,0.4
328.2,0.4
328.24,0.4
328.28000000000003,0.4
328.32,0.4
328.36,0.4
328.40000000000003,0.4
328.44,0.4
328.48,0.4
328.52,0.4
328.56,0.4
328.6,0.4
328.64,0.4
328.68,0.4
328.72,0.4
328.76,0.4
328.8,0.4
328.84000000000003,0.2
328.88,0.4
328.92,0.2
328.96,0.2
329.0,0.4
329.04,0.4
329.08,0.2
329.12,0.2
329.16,0.4
329.2,0.2
329.24,0.2
329.28000000000003,0.2
329.32,0.2
329.36,0.2
329.40000000000003,0.2
329.44,0.2
329.48,0.2
329.52,0.2
329.56,0.2
329.6,0.2
329.64,0.2
329.68,0.2
329.72,0.2
329.76,0.2
329.8,0.2
329.84000000000003,0.2
329.88,0.0
329.92,0.2
329.96,0.2
330.0,0.0
330.04,0.0
330.08,0.0
330.12,0.0
330.16,0.0
330.2,0.2
330.24,0.0
330.28000000000003,0.0
330.32,0.0
330.36,0.0
330.40000000000003,0.0
330.44,0.0
330.48,0.0
330.52,0.0
330.56,0.0
330.6,0.0
330.64,0.0
330.68,0.0
330.72,0.0
330.76,0.0
330.8,0.0
330.84000000000003,0.0
330.88,0.0
330.92,0.0
330.96,0.0
331.0,0.0
331.04,0.0
331.08,0.0
331.12,0.0
331.16,0.0
331.2,0.0
331.24,0.0
331.28000000000003,0.0
331.32,0.0
331.36,0.0
331.40000000000003,-0.2
331.44,-0.2
331.48,0.0
331.52,0.0
331.56,0.0
331.6,0.0
331.64,-0.2
331.68,0.0
331.72,-0.2
331.76,-0.2
331.8,-0.2
331.84000000000003,-0.2
331.88,-0.4
331.92,-0.2
331.96,-0.4
332.0,-0.2
332.04,-0.4
332.08,-0.4
332.12,-0.2
332.16,-0.4
332.2,-0.4
332.24,-0.4
332.28000000000003,-0.4
332.32,-0.4
332.36,-0.4
332.40000000000003,-0.4
332.44,-0.4
332.48,-0.4
332.52,-0.4
332.56,-0.4
332.6,-0.4
332.64,-0.4
332.68,-0.4
332.72,-0.4
332.76,-0.4
332.8,-0.4
332.84000000000003,-0.4
332.88,-0.4
332.92,-0.4
332.96,-0.6000000000000001
333.0,-0.4
333.04,-0.6000000000000001
333.08,-0.4
333.12,-0.4
333.16,-0.6000000000000001
333.2,-0.6000000000000001
333.24,-0.4
333.28000000000003,-0.6000000000000001
333.32,-0.6000000000000001
333.36,-0.6000000000000001
333.40000000000003,-0.6000000000000001
333.44,-0.6000000000000001
333.48,-0.6000000000000001
333.52,-0.6000000000000001
333.56,-0.6000000000000001
333.6,-0.6000000000000001
333.64,-0.6000000000000001
333.68,-0.6000000000000001
333.72,-0.6000000000000001
333.76,-0.6000000000000001
333.8,-0.6000000000000001
333.84000000000003,-0.6000000000000001
333.88,-0.6000000000000001
333.92,-0.6000000000000001
333.96,-0.6000000000000001
334.0,-0.6000000000000001
334.04,-0.6000000000000001
334.08,-0.6000000000000001
334.12,-0.6000000000000001
334.16,-0.6000000000000001
334.2,-0.8
334.24,-0.6000000000000001
334.28000000000003,-0.6000000000000001
334.32,-0.6000000000000001
334.36,-0.6000000000000001
334.40000000000003,-0.6000000000000001
334.44,-0.6000000000000001
334.48,-0.8
334.52,-0.8
334.56,-0.8
334.6,-0.8
334.64,-0.8
334.68,-0.8
334.72,-0.8
334.76,-0.8
334.8,-0.8
334.84000000000003,-0.8
334.88,-0.8
334.92,-0.8
334.96,-0.8
335.0,-0.8
335.04,-0.8
335.08,-0.8
335.12,-0.8
335.16,-0.8
335.2,-0.8
335.24,-0.8
335.28000000000003,-0.8
335.32,-0.8
335.36,-0.8
335.40000000000003,-0.8
335.44,-0.8
335.48,-0.8
335.52,-0.8
335.56,-0.8
335.6,-1.0
335.64,-0.8
335.68,-0.8
335.72,-1.0
335.76,-0.8
335.8,-1.0
335.84000000000003,-1.0
335.88,-1.0
335.92,-1.0
335.96,-1.0
336.0,-1.0
336.04,-1.0
336.08,-1.0
336.12,-1.2000000000000002
336.16,-1.0
336.2,-1.2000000000000002
336.24,-1.0
336.28000000000003,-1.2000000000000002
336.32,-1.0
336.36,-1.0
336.40000000000003,-1.0
336.44,-1.2000000000000002
336.48,-1.2000000000000002
336.52,-1.0
336.56,-1.2000000000000002
336.6,-1.2000000000000002
336.64,-1.2000000000000002
336.68,-1.2000000000000002
336.72,-1.2000000000000002
336.76,-1.2000000000000002
336.8,-1.2000000000000002
336.84000000000003,-1.2000000000000002
336.88,-1.2000000000000002
336.92,-1.2000000000000002
336.96,-1.2000000000000002
337.0,-1.2000000000000002
337.04,-1.2000000000000002
337.08,-1.2000000000000002
337.12,-1.2000000000000002
337.16,-1.2000000000000002
337.2,-1.2000000000000002
337.24,-1.2000000000000002
337.28000000000003,-1.4000000000000001
337.32,-1.2000000000000002
337.36,-1.4000000000000001
337.40000000000003,-1.2000000000000002
337.44,-1.2000000000000002
337.48,-1.2000000000000002
337.52,-1.4000000000000001
337.56,-1.2000000000000002
337.6,-1.2000000000000002
337.64,-1.4000000000000001
337.68,-1.4000000000000001
337.72,-1.4000000000000001
337.76,-1.4000000000000001
337.8,-1.2000000000000002
337.84000000000003,-1.4000000000000001
337.88,-1.4000000000000001
337.92,-1.4000000000000001
337.96,-1.2000000000000002
338.0,-1.2000000000000002
338.04,-1.2000000000000002
338.08,-1.4000000000000001
338.12,-1.4000000000000001
338.16,-1.4000000000000001
338.2,-1.4000000000000001
338.24,-1.4000000000000001
338.28000000000003,-1.4000000000000001
338.32,-1.4000000000000001
338.36,-1.4000000000000001
338.40000000000003,-1.6
338.44,-1.4000000000000001
338.48,-1.4000000000000001
338.52,-1.4000000000000001
338.56,-1.4000000000000001
338.6,-1.6
338.64,-1.4000000000000001
338.68,-1.4000000000000001
338.72,-1.6
338.76,-1.6
338.8,-1.4000000000000001
338.84000000000003,-1.6
338.88,-1.4000000000000001
338.92,-1.6
338.96,-1.6
339.0,-1.6
339.04,-1.6
339.08,-1.6
339.12,-1.6
339.16,-1.6
339.2,-1.6
339.24,-1.6
339.28000000000003,-1.6
339.32,-1.6
339.36,-1.6
339.40000000000003,-1.6
339.44,-1.6
339.48,-1.6
339.52,-1.6
339.56,-1.6
339.6,-1.8
339.64,-1.6
339.68,-1.6
339.72,-1.6
339.76,-1.6
339.8,-1.6
339.84000000000003,-1.8
339.88,-1.6
339.92,-1.8
339.96,-1.6
340.0,-1.6
340.04,-1.8
340.08,-1.6
340.12,-1.8
340.16,-1.8
340.2,-1.8
340.24,-1.6
340.28000000000003,-1.8
340.32,-1.8
340.36,-1.8
340.40000000000003,-1.8
340.44,-2.0
340.48,-2.0
340.52,-1.8
340.56,-1.8
340.6,-1.8
340.64,-2.0
340.68,-1.8
340.72,-2.0
340.76,-1.8
340.8,-1.8
340.84000000000003,-2.0
340.88,-1.8
340.92,-2.0
340.96,-2.0
341.0,-2.0
341.04,-2.0
341.08,-1.8
341.12,-2.0
341.16,-2.0
341.2,-2.0
341.24,-2.0
341.28000000000003,-2.0
341.32,-2.0
341.36,-2.0
341.40000000000003,-2.0
341.44,-2.0
341.48,-2.0
341.52,-2.0
341.56,-2.0
341.6,-2.0
341.64,-2.0
341.68,-2.0
341.72,-2.0
341.76,-2.0
341.8,-2.0
341.84000000000003,-2.0
341.88,-2.0
341.92,-2.0
341.96,-2.2
342.0,-2.0
342.04,-2.0
342.08,-2.0
342.12,-2.2
342.16,-2.2
342.2,-2.2
342.24,-2.2
342.28000000000003,-2.2
342.32,-2.2
342.36,-2.2
342.40000000000003,-2.2
342.44,-2.2
342.48,-2.2
342.52,-2.2
342.56,-2.2
342.6,-2.2
342.64,-2.2
342.68,-2.2
342.72,-2.2
342.76,-2.2
342.8,-2.2
342.84000000000003,-2.2
342.88,-2.2
342.92,-2.2
342.96,-2.2
343.0,-2.2
343.04,-2.2
343.08,-2.2
343.12,-2.2
343.16,-2.2
343.2,-2.2
343.24,-2.2
343.28000000000003,-2.2
343.32,-2.4000000000000004
343.36,-2.2
343.40000000000003,-2.2
343.44,-2.2
343.48,-2.2
343.52,-2.4000000000000004
343.56,-2.2
343.6,-2.4000000000000004
343.64,-2.4000000000000004
343.68,-2.4000000000000004
343.72,-2.4000000000000004
343.76,-2.4000000000000004
343.8,-2.4000000000000004
343.84000000000003,-2.4000000000000004
343.88,-2.4000000000000004
343.92,-2.4000000000000004
343.96,-2.4000000000000004
344.0,-2.4000000000000004
344.04,-2.4000000000000004
344.08,-2.4000000000000004
344.12,-2.4000000000000004
344.16,-2.4000000000000004
344.2,-2.4000000000000004
344.24,-2.4000000000000004
344.28000000000003,-2.4000000000000004
344.32,-2.4000000000000004
344.36,-2.4000000000000004
344.40000000000003,-2.4000000000000004
344.44,-2.4000000000000004
344.48,-2.4000000000000004
344.52,-2.4000000000000004
344.56,-2.4000000000000004
344.6,-2.4000000000000004
344.64,-2.4000000000000004
344.68,-2.4000000000000004
344.72,-2.4000000000000004
344.76,-2.4000000000000004
344.8,-2.4000000000000004
344.84000000000003,-2.4000000000000004
344.88,-2.4000000000000004
344.92,-2.4000000000000004
344.96,-2.4000000000000004
345.0,-2.4000000000000004
345.04,-2.4000000000000004
345.08,-2.4000000000000004
345.12,-2.4000000000000004
345.16,-2.4000000000000004
345.2,-2.4000000000000004
345.24,-2.6
345.28000000000003,-2.4000000000000004
345.32,-2.4000000000000004
345.36,-2.6
345.40000000000003,-2.6
345.44,-2.6
345.48,-2.6
345.52,-2.4000000000000004
345.56,-2.4000000000000004
345.6,-2.6
345.64,-2.6
345.68,-2.6
345.72,-2.6
345.76,-2.4000000000000004
345.8,-2.6
345.84000000000003,-2.4000000000000004
345.88,-2.6
345.92,-2.6
345.96,-2.6
346.0,-2.6
346.04,-2.8000000000000003
346.08,-2.6
346.12,-2.6
346.16,-2.8000000000000003
346.2,-2.8000000000000003
346.24,-2.8000000000000003
346.28000000000003,-2.8000000000000003
346.32,-2.8000000000000003
346.36,-2.8000000000000003
346.40000000000003,-2.8000000000000003
346.44,-2.8000000000000003
346.48,-2.8000000000000003
346.52,-2.8000000000000003
346.56,-2.8000000000000003
346.6,-2.8000000000000003
346.64,-2.8000000000000003
346.68,-2.8000000000000003
346.72,-2.8000000000000003
346.76,-2.8000000000000003
346.8,-2.8000000000000003
346.84000000000003,-2.8000000000000003
346.88,-2.8000000000000003
346.92,-2.8000000000000003
346.96,-2.8000000000000003
347.0,-2.8000000000000003
347.04,-2.8000000000000003
347.08,-2.8000000000000003
347.12,-2.8000000000000003
347.16,-2.8000000000000003
347.2,-2.8000000000000003
347.24,-2.8000000000000003
347.28000000000003,-2.8000000000000003
347.32,-2.8000000000000003
347.36,-2.8000000000000003
347.40000000000003,-2.8000000000000003
347.44,-2.8000000000000003
347.48,-3.0
347.52,-3.0
347.56,-3.0
347.6,-3.0
347.64,-3.0
347.68,-2.8000000000000003
347.72,-2.8000000000000003
347.76,-2.8000000000000003
347.8,-2.8000000000000003
347.84000000000003,-2.8000000000000003
347.88,-2.8000000000000003
347.92,-3.0
347.96,-3.0
348.0,-2.8000000000000003
348.04,-3.0
348.08,-3.0
348.12,-2.8000000000000003
348.16,-3.0
348.2,-3.0
348.24,-2.8000000000000003
348.28000000000003,-3.0
348.32,-3.0
348.36,-2.8000000000000003
348.40000000000003,-3.0
348.44,-3.0
348.48,-3.0
348.52,-3.0
348.56,-2.8000000000000003
348.6,-3.0
348.64,-3.0
348.68,-2.8000000000000003
348.72,-3.0
348.76,-3.0
348.8,-3.0
348.84000000000003,-3.0
348.88,-3.0
348.92,-3.0
348.96,-3.0
349.0,-3.0
349.04,-3.0
349.08,-3.0
349.12,-3.0
349.16,-3.0
349.2,-3.0
349.24,-3.0
349.28000000000003,-3.0
349.32,-3.0
349.36,-3.0
349.40000000000003,-3.0
349.44,-3.0
349.48,-3.0
349.52,-3.0
349.56,-3.0
349.6,-3.0
349.64,-3.0
349.68,-3.0
349.72,-3.0
349.76,-3.0
349.8,-3.0
349.84000000000003,-3.0
349.88,-3.0
349.92,-3.0
349.96,-3.0
350.0,-3.0
350.04,-3.0
350.08,-3.0
350.12,-3.0
350.16,-3.0
350.2,-3.0
350.24,-3.0
350.28000000000003,-3.0
350.32,-3.0
350.36,-3.0
350.40000000000003,-3.0
350.44,-3.0
350.48,-3.0
350.52,-3.0
350.56,-3.0
350.6,-3.0
350.64,-3.0
350.68,-3.0
350.72,-3.0
350.76,-3.0
350.8,-3.0
350.84000000000003,-3.0
350.88,-3.0
350.92,-3.0
350.96,-3.0
351.0,-3.0
351.04,-3.0
351.08,-3.0
351.12,-3.0
351.16,-3.2
351.2,-3.0
351.24,-3.0
351.28000000000003,-3.2
351.32,-3.2
351.36,-3.2
351.40000000000003,-3.0
351.44,-3.2
351.48,-3.0
351.52,-3.0
351.56,-3.0
351.6,-3.0
351.64,-3.2
351.68,-3.2
351.72,-3.2
351.76,-3.0
351.8,-3.0
351.84000000000003,-3.2
351.88,-3.0
351.92,-3.0
351.96,-3.2
352.0,-3.2
352.04,-3.2
352.08,-3.0
352.12,-3.2
352.16,-3.0
352.2,-3.2
352.24,-3.4000000000000004
352.28000000000003,-3.2
352.32,-3.2
352.36,-3.2
352.40000000000003,-3.2
352.44,-3.2
352.48,-3.2
352.52,-3.2
352.56,-3.4000000000000004
352.6,-3.4000000000000004
352.64,-3.4000000000000004
352.68,-3.4000000000000004
352.72,-3.4000000000000004
352.76,-3.4000000000000004
352.8,-3.4000000000000004
352.84000000000003,-3.4000000000000004
352.88,-3.4000000000000004
352.92,-3.4000000000000004
352.96,-3.4000000000000004
353.0,-3.4000000000000004
353.04,-3.4000000000000004
353.08,-3.2
353.12,-3.4000000000000004
353.16,-3.4000000000000004
353.2,-3.4000000000000004
353.24,-3.4000000000000004
353.28000000000003,-3.4000000000000004
353.32,-3.4000000000000004
353.36,-3.4000000000000004
353.40000000000003,-3.4000000000000004
353.44,-3.4000000000000004
353.48,-3.4000000000000004
353.52,-3.4000000000000004
353.56,-3.4000000000000004
353.6,-3.4000000000000004
353.64,-3.4000000000000004
353.68,-3.4000000000000004
353.72,-3.4000000000000004
353.76,-3.4000000000000004
353.8,-3.4000000000000004
353.84000000000003,-3.4000000000000004
353.88,-3.4000000000000004
353.92,-3.4000000000000004
353.96,-3.4000000000000004
354.0,-3.4000000000000004
354.04,-3.6
354.08,-3.4000000000000004
354.12,-3.4000000000000004
354.16,-3.4000000000000004
354.2,-3.4000000000000004
354.24,-3.6
354.28000000000003,-3.4000000000000004
354.32,-3.6
354.36,-3.4000000000000004
354.40000000000003,-3.6
354.44,-3.4000000000000004
354.48,-3.6
354.52,-3.4000000000000004
354.56,-3.4000000000000004
354.6,-3.6
354.64,-3.4000000000000004
354.68,-3.6
354.72,-3.6
354.76,-3.6
354.8,-3.4000000000000004
354.84000000000003,-3.6
354.88,-3.6
354.92,-3.6
354.96,-3.6
355.0,-3.6
355.04,-3.6
355.08,-3.6
355.12,-3.6
355.16,-3.6
355.2,-3.6
355.24,-3.6
355.28000000000003,-3.6
355.32,-3.6
355.36,-3.6
355.40000000000003,-3.4000000000000004
355.44,-3.6
355.48,-3.6
355.52,-3.6
355.56,-3.6
355.6,-3.6
355.64,-3.6
355.68,-3.6
355.72,-3.6
355.76,-3.6
355.8,-3.6
355.84000000000003,-3.6
355.88,-3.6
355.92,-3.6
355.96,-3.6
356.0,-3.6
356.04,-3.6
356.08,-3.6
356.12,-3.6
356.16,-3.8000000000000003
356.2,-3.6
356.24,-3.6
356.28000000000003,-3.6
356.32,-3.6
356.36,-3.6
356.40000000000003,-3.6
356.44,-3.6
356.48,-3.8000000000000003
356.52,-3.8000000000000003
356.56,-3.8000000000000003
356.6,-3.6
356.64,-3.6
356.68,-3.6
356.72,-3.8000000000000003
356.76,-3.8000000000000003
356.8,-3.8000000000000003
356.84000000000003,-3.6
356.88,-3.8000000000000003
356.92,-3.8000000000000003
356.96,-3.8000000000000003
357.0,-3.8000000000000003
357.04,-3.6
357.08,-3.8000000000000003
357.12,-3.8000000000000003
357.16,-3.8000000000000003
357.2,-3.8000000000000003
357.24,-3.8000000000000003
357.28000000000003,-3.8000000000000003
357.32,-3.8000000000000003
357.36,-3.8000000000000003
357.40000000000003,-3.8000000000000003
357.44,-3.8000000000000003
357.48,-3.8000000000000003
357.52,-3.8000000000000003
357.56,-3.8000000000000003
357.6,-3.8000000000000003
357.64,-3.8000000000000003
357.68,-3.8000000000000003
357.72,-3.8000000000000003
357.76,-3.8000000000000003
357.8,-3.8000000000000003
357.84000000000003,-3.8000000000000003
357.88,-3.8000000000000003
357.92,-3.8000000000000003
357.96,-3.8000000000000003
358.0,-3.8000000000000003
358.04,-3.8000000000000003
358.08,-3.8000000000000003
358.12,-3.8000000000000003
358.16,-3.8000000000000003
358.2,-3.8000000000000003
358.24,-3.8000000000000003
358.28000000000003,-3.8000000000000003
358.32,-3.8000000000000003
358.36,-3.8000000000000003
358.40000000000003,-3.8000000000000003
358.44,-3.8000000000000003
358.48,-3.8000000000000003
358.52,-3.8000000000000003
358.56,-3.8000000000000003
358.6,-3.8000000000000003
358.64,-3.8000000000000003
358.68,-3.8000000000000003
358.72,-3.8000000000000003
358.76,-3.8000000000000003
358.8,-3.8000000000000003
358.84000000000003,-3.8000000000000003
358.88,-3.8000000000000003
358.92,-3.8000000000000003
358.96,-3.8000000000000003
359.0,-3.8000000000000003
359.04,-3.8000000000000003
359.08,-3.8000000000000003
359.12,-3.8000000000000003
359.16,-3.8000000000000003
359.2,-3.8000000000000003
359.24,-3.8000000000000003
359.28000000000003,-3.8000000000000003
359.32,-3.8000000000000003
359.36,-4.0
359.40000000000003,-3.8000000000000003
359.44,-3.8000000000000003
359.48,-3.8000000000000003
359.52,-3.8000000000000003
359.56,-3.8000000000000003
359.6,-3.8000000000000003
359.64,-4.0
359.68,-4.0
359.72,-4.0
359.76,-3.8000000000000003
359.8,-3.8000000000000003
359.84000000000003,-4.0
359.88,-4.0
359.92,-3.8000000000000003
359.96,-4.0
360.0,-4.0
360.04,-4.0
360.08,-4.0
360.12,-3.8000000000000003
360.16,-3.8000000000000003
360.2,-4.0
360.24,-3.8000000000000003
360.28000000000003,-4.0
360.32,-4.0
360.36,-4.2
360.40000000000003,-4.2
360.44,-4.0
360.48,-4.0
360.52,-4.0
360.56,-4.2
360.6,-4.0
360.64,-4.0
360.68,-4.2
360.72,-4.2
360.76,-4.2
360.8,-4.2
360.84000000000003,-4.2
360.88,-4.2
360.92,-4.0
360.96,-4.0
361.0,-4.2
361.04,-4.2
361.08,-4.2
361.12,-4.0
361.16,-4.2
361.2,-4.2
361.24,-4.2
361.28000000000003,-4.2
361.32,-4.2
361.36,-4.0
361.40000000000003,-4.2
361.44,-4.2
361.48,-4.2
361.52,-4.2
361.56,-4.2
361.6,-4.2
361.64,-4.2
361.68,-4.0
361.72,-4.2
361.76,-4.0
361.8,-4.2
361.84000000000003,-4.2
361.88,-4.2
361.92,-4.0
361.96,-4.2
362.0,-4.2
362.04,-4.2
362.08,-4.2
362.12,-4.2
362.16,-4.2
362.2,-4.2
362.24,-4.2
362.28000000000003,-4.2
362.32,-4.2
362.36,-4.2
362.40000000000003,-4.2
362.44,-4.2
362.48,-4.2
362.52,-4.2
362.56,-4.2
362.6,-4.2
362.64,-4.2
362.68,-4.4
362.72,-4.4
362.76,-4.2
362.8,-4.2
362.84000000000003,-4.2
362.88,-4.2
362.92,-4.2
362.96,-4.2
363.0,-4.2
363.04,-4.2
363.08,-4.2
363.12,-4.4
363.16,-4.2
363.2,-4.2
363.24,-4.4
363.28000000000003,-4.4
363.32,-4.2
363.36,-4.2
363.40000000000003,-4.4
363.44,-4.2
363.48,-4.2
363.52,-4.4
363.56,-4.4
363.6,-4.2
363.64,-4.2
363.68,-4.2
363.72,-4.4
363.76,-4.4
363.8,-4.4
363.84000000000003,-4.4
363.88,-4.4
363.92,-4.2
363.96,-4.2
364.0,-4.2
364.04,-4.2
364.08,-4.4
364.12,-4.4
364.16,-4.4
364.2,-4.4
364.24,-4.4
364.28000000000003,-4.4
364.32,-4.4
364.36,-4.4
364.40000000000003,-4.4
364.44,-4.4
364.48,-4.4
364.52,-4.4
364.56,-4.4
364.6,-4.2
364.64,-4.2
364.68,-4.4
364.72,-4.4
364.76,-4.2
364.8,-4.2
364.84000000000003,-4.2
364.88,-4.4
364.92,-4.4
364.96,-4.4
365.0,-4.4
365.04,-4.4
365.08,-4.4
365.12,-4.2
365.16,-4.2
365.2,-4.4
365.24,-4.4
365.28000000000003,-4.4
365.32,-4.4
365.36,-4.2
365.40000000000003,-4.4
365.44,-4.4
365.48,-4.2
365.52,-4.4
365.56,-4.4
365.6,-4.4
365.64,-4.2
365.68,-4.4
365.72,-4.4
365.76,-4.4
365.8,-4.4
365.84000000000003,-4.4
365.88,-4.4
365.92,-4.4
365.96,-4.4
366.0,-4.4
366.04,-4.4
366.08,-4.6000000000000005
366.12,-4.4
366.16,-4.4
366.2,-4.4
366.24,-4.2
366.28000000000003,-4.4
366.32,-4.4
366.36,-4.4
366.40000000000003,-4.4
366.44,-4.4
366.48,-4.4
366.52,-4.4
366.56,-4.4
366.6,-4.4
366.64,-4.4
366.68,-4.4
366.72,-4.6000000000000005
366.76,-4.6000000000000005
366.8,-4.4
366.84000000000003,-4.4
366.88,-4.4
366.92,-4.4
366.96,-4.6000000000000005
367.0,-4.4
367.04,-4.4
367.08,-4.4
367.12,-4.4
367.16,-4.4
367.2,-4.4
367.24,-4.4
367.28000000000003,-4.4
367.32,-4.6000000000000005
367.36,-4.6000000000000005
367.40000000000003,-4.4
367.44,-4.4
367.48,-4.6000000000000005
367.52,-4.4
367.56,-4.4
367.6,-4.6000000000000005
367.64,-4.6000000000000005
367.68,-4.6000000000000005
367.72,-4.6000000000000005
367.76,-4.6000000000000005
367.8,-4.4
367.84000000000003,-4.6000000000000005
367.88,-4.6000000000000005
367.92,-4.4
367.96,-4.6000000000000005
368.0,-4.4
368.04,-4.4
368.08,-4.6000000000000005
368.12,-4.6000000000000005
368.16,-4.6000000000000005
368.2,-4.6000000000000005
368.24,-4.4
368.28000000000003,-4.4
368.32,-4.6000000000000005
368.36,-4.6000000000000005
368.40000000000003,-4.6000000000000005
368.44,-4.6000000000000005
368.48,-4.6000000000000005
368.52,-4.6000000000000005
368.56,-4.6000000000000005
368.6,-4.6000000000000005
368.64,-4.6000000000000005
368.68,-4.6000000000000005
368.72,-4.6000000000000005
368.76,-4.6000000000000005
368.8,-4.6000000000000005
368.84000000000003,-4.6000000000000005
368.88,-4.6000000000000005
368.92,-4.4
368.96,-4.6000000000000005
369.0,-4.6000000000000005
369.04,-4.6000000000000005
369.08,-4.6000000000000005
369.12,-4.6000000000000005
369.16,-4.6000000000000005
369.2,-4.4
369.24,-4.6000000000000005
369.28000000000003,-4.6000000000000005
369.32,-4.4
369.36,-4.6000000000000005
369.40000000000003,-4.6000000000000005
369.44,-4.6000000000000005
369.48,-4.6000000000000005
369.52,-4.6000000000000005
369.56,-4.6000000000000005
369.6,-4.6000000000000005
369.64,-4.6000000000000005
369.68,-4.6000000000000005
369.72,-4.6000000000000005
369.76,-4.6000000000000005
369.8,-4.6000000000000005
369.84000000000003,-4.6000000000000005
369.88,-4.6000000000000005
369.92,-4.6000000000000005
369.96,-4.6000000000000005
370.0,-4.6000000000000005
370.04,-4.6000000000000005
370.08,-4.6000000000000005
370.12,-4.6000000000000005
370.16,-4.6000000000000005
370.2,-4.6000000000000005
370.24,-4.6000000000000005
370.28000000000003,-4.6000000000000005
370.32,-4.6000000000000005
370.36,-4.6000000000000005
370.40000000000003,-4.6000000000000005
370.44,-4.6000000000000005
370.48,-4.6000000000000005
370.52,-4.6000000000000005
370.56,-4.6000000000000005
370.6,-4.6000000000000005
370.64,-4.6000000000000005
370.68,-4.6000000000000005
370.72,-4.6000000000000005
370.76,-4.6000000000000005
370.8,-4.6000000000000005
370.84000000000003,-4.6000000000000005
370.88,-4.6000000000000005
370.92,-4.6000000000000005
370.96,-4.6000000000000005
371.0,-4.6000000000000005
371.04,-4.6000000000000005
371.08,-4.6000000000000005
371.12,-4.6000000000000005
371.16,-4.6000000000000005
371.2,-4.6000000000000005
371.24,-4.6000000000000005
371.28000000000003,-4.6000000000000005
371.32,-4.6000000000000005
371.36,-4.6000000000000005
371.40000000000003,-4.6000000000000005
371.44,-4.6000000000000005
371.48,-4.6000000000000005
371.52,-4.6000000000000005
371.56,-4.6000000000000005
371.6,-4.6000000000000005
371.64,-4.6000000000000005
371.68,-4.6000000000000005
371.72,-4.6000000000000005
371.76,-4.6000000000000005
371.8,-4.6000000000000005
371.84000000000003,-4.6000000000000005
371.88,-4.6000000000000005
371.92,-4.6000000000000005
371.96,-4.6000000000000005
372.0,-4.6000000000000005
372.04,-4.6000000000000005
372.08,-4.6000000000000005
372.12,-4.6000000000000005
372.16,-4.6000000000000005
372.2,-4.6000000000000005
372.24,-4.6000000000000005
372.28000000000003,-4.6000000000000005
372.32,-4.6000000000000005
372.36,-4.6000000000000005
372.40000000000003,-4.6000000000000005
372.44,-4.800000000000001
372.48,-4.6000000000000005
372.52,-4.6000000000000005
372.56,-4.800000000000001
372.6,-4.6000000000000005
372.64,-4.6000000000000005
372.68,-4.6000000000000005
372.72,-4.6000000000000005
372.76,-4.6000000000000005
372.8,-4.6000000000000005
372.84000000000003,-4.6000000000000005
372.88,-4.6000000000000005
372.92,-4.6000000000000005
372.96,-4.6000000000000005
373.0,-4.6000000000000005
373.04,-4.6000000000000005
373.08,-4.6000000000000005
373.12,-4.6000000000000005
373.16,-4.800000000000001
373.2,-4.6000000000000005
373.24,-4.800000000000001
373.28000000000003,-4.800000000000001
373.32,-4.6000000000000005
373.36,-4.800000000000001
373.40000000000003,-4.6000000000000005
373.44,-4.800000000000001
373.48,-4.6000000000000005
373.52,-4.6000000000000005
373.56,-4.800000000000001
373.6,-4.6000000000000005
373.64,-4.6000000000000005
373.68,-4.6000000000000005
373.72,-4.6000000000000005
373.76,-4.6000000000000005
373.8,-4.6000000000000005
373.84000000000003,-4.800000000000001
373.88,-4.6000000000000005
373.92,-4.800000000000001
373.96,-4.6000000000000005
374.0,-4.800000000000001
374.04,-4.6000000000000005
374.08,-4.6000000000000005
374.12,-4.800000000000001
374.16,-4.800000000000001
374.2,-4.800000000000001
374.24,-4.6000000000000005
374.28000000000003,-4.6000000000000005
374.32,-4.800000000000001
374.36,-4.800000000000001
374.40000000000003,-4.800000000000001
374.44,-4.800000000000001
374.48,-4.6000000000000005
374.52,-4.6000000000000005
374.56,-4.800000000000001
374.6,-4.6000000000000005
374.64,-4.800000000000001
374.68,-4.800000000000001
374.72,-4.800000000000001
374.76,-4.6000000000000005
374.8,-4.800000000000001
374.84000000000003,-4.800000000000001
374.88,-4.6000000000000005
374.92,-4.800000000000001
374.96,-4.800000000000001
375.0,-4.800000000000001
375.04,-4.800000000000001
375.08,-4.800000000000001
375.12,-4.800000000000001
375.16,-4.800000000000001
375.2,-4.800000000000001
375.24,-4.6000000000000005
375.28000000000003,-4.800000000000001
375.32,-4.800000000000001
375.36,-4.6000000000000005
375.40000000000003,-4.800000000000001
375.44,-4.800000000000001
375.48,-4.6000000000000005
375.52,-4.800000000000001
375.56,-4.800000000000001
375.6,-4.6000000000000005
375.64,-4.6000000000000005
375.68,-4.800000000000001
375.72,-4.800000000000001
375.76,-4.6000000000000005
375.8,-5.0
375.84000000000003,-4.800000000000001
375.88,-4.800000000000001
375.92,-4.800000000000001
375.96,-4.800000000000001
376.0,-4.800000000000001
376.04,-4.800000000000001
376.08,-4.800000000000001
376.12,-4.800000000000001
376.16,-4.800000000000001
376.2,-4.800000000000001
376.24,-4.800000000000001
376.28000000000003,-4.800000000000001
376.32,-4.800000000000001
376.36,-4.800000000000001
376.40000000000003,-4.800000000000001
376.44,-5.0
376.48,-4.800000000000001
376.52,-4.800000000000001
376.56,-4.800000000000001
376.6,-4.6000000000000005
376.64,-4.800000000000001
376.68,-4.800000000000001
376.72,-4.6000000000000005
376.76,-5.0
376.8,-4.800000000000001
376.84000000000003,-4.800000000000001
376.88,-4.800000000000001
376.92,-4.800000000000001
376.96,-4.800000000000001
377.0,-4.800000000000001
377.04,-4.800000000000001
377.08,-4.800000000000001
377.12,-4.800000000000001
377.16,-4.800000000000001
377.2,-4.800000000000001
377.24,-4.800000000000001
377.28000000000003,-4.800000000000001
377.32,-4.800000000000001
377.36,-4.6000000000000005
377.40000000000003,-4.800000000000001
377.44,-4.800000000000001
377.48,-4.800000000000001
377.52,-4.800000000000001
377.56,-4.800000000000001
377.6,-4.800000000000001
377.64,-4.800000000000001
377.68,-4.800000000000001
377.72,-5.0
377.76,-4.800000000000001
377.8,-4.800000000000001
377.84000000000003,-4.800000000000001
377.88,-4.800000000000001
377.92,-4.800000000000001
377.96,-5.0
378.0,-4.800000000000001
378.04,-4.6000000000000005
378.08,-4.800000000000001
378.12,-5.0
378.16,-4.800000000000001
378.2,-4.800000000000001
378.24,-4.800000000000001
378.28000000000003,-4.800000000000001
378.32,-5.0
378.36,-4.800000000000001
378.40000000000003,-5.0
378.44,-4.800000000000001
378.48,-4.800000000000001
378.52,-4.800000000000001
378.56,-4.800000000000001
378.6,-4.800000000000001
378.64,-5.0
378.68,-4.800000000000001
378.72,-4.800000000000001
378.76,-5.0
378.8,-5.0
378.84000000000003,-4.800000000000001
378.88,-5.0
378.92,-4.6000000000000005
378.96,-4.800000000000001
379.0,-4.800000000000001
379.04,-5.0
379.08,-4.800000000000001
379.12,-5.0
379.16,-5.0
379.2,-4.800000000000001
379.24,-4.800000000000001
379.28000000000003,-4.800000000000001
379.32,-4.800000000000001
379.36,-4.800000000000001
379.40000000000003,-4.800000000000001
379.44,-4.800000000000001
379.48,-4.800000000000001
379.52,-5.0
379.56,-5.0
379.6,-5.0
379.64,-4.800000000000001
379.68,-5.0
379.72,-5.0
379.76,-4.800000000000001
379.8,-5.0
379.84000000000003,-4.800000000000001
379.88,-5.0
379.92,-4.800000000000001
379.96,-4.800000000000001
380.0,-4.800000000000001
380.04,-4.800000000000001
380.08,-4.800000000000001
380.12,-5.0
380.16,-4.800000000000001
380.2,-5.0
380.24,-5.0
380.28000000000003,-4.800000000000001
380.32,-5.0
380.36,-5.0
380.40000000000003,-4.800000000000001
380.44,-4.800000000000001
380.48,-4.800000000000001
380.52,-5.0
380.56,-4.800000000000001
380.6,-4.800000000000001
380.64,-4.800000000000001
380.68,-4.800000000000001
380.72,-4.800000000000001
380.76,-5.0
380.8,-4.800000000000001
380.84000000000003,-5.0
380.88,-5.0
380.92,-4.800000000000001
380.96,-5.0
381.0,-5.0
381.04,-5.0
381.08,-5.0
381.12,-5.0
381.16,-5.0
381.2,-4.800000000000001
381.24,-4.800000000000001
381.28000000000003,-5.0
381.32,-4.800000000000001
381.36,-5.0
381.40000000000003,-4.800000000000001
381.44,-4.800000000000001
381.48,-4.800000000000001
381.52,-5.0
381.56,-5.0
381.6,-4.800000000000001
381.64,-5.0
381.68,-4.800000000000001
381.72,-4.800000000000001
381.76,-4.800000000000001
381.8,-4.800000000000001
381.84000000000003,-5.0
381.88,-5.0
381.92,-4.800000000000001
381.96,-5.0
382.0,-5.0
382.04,-4.800000000000001
382.08,-5.0
382.12,-4.800000000000001
382.16,-5.0
382.2,-4.800000000000001
382.24,-4.800000000000001
382.28000000000003,-5.0
382.32,-5.0
382.36,-4.800000000000001
382.40000000000003,-4.800000000000001
382.44,-4.800000000000001
382.48,-5.0
382.52,-5.0
382.56,-5.0
382.6,-5.0
382.64,-5.0
382.68,-5.0
382.72,-4.800000000000001
382.76,-4.800000000000001
382.8,-5.0
382.84000000000003,-5.0
382.88,-4.800000000000001
382.92,-4.800000000000001
382.96000000000004,-4.800000000000001
383.0,-5.0
383.04,-5.0
383.08,-4.800000000000001
383.12,-4.800000000000001
383.16,-5.0
383.2,-4.800000000000001
383.24,-5.0
383.28000000000003,-4.800000000000001
383.32,-5.0
383.36,-5.0
383.40000000000003,-4.800000000000001
383.44,-5.0
383.48,-5.0
383.52,-4.800000000000001
383.56,-4.800000000000001
383.6,-5.0
383.64,-5.0
383.68,-5.0
383.72,-4.800000000000001
383.76,-4.800000000000001
383.8,-4.800000000000001
383.84000000000003,-5.0
383.88,-5.0
383.92,-5.0
383.96000000000004,-5.0
384.0,-4.800000000000001
384.04,-5.0
384.08,-4.800000000000001
384.12,-4.800000000000001
384.16,-5.0
384.2,-4.800000000000001
384.24,-5.0
384.28000000000003,-5.0
384.32,-5.0
384.36,-4.800000000000001
384.40000000000003,-4.800000000000001
384.44,-5.0
384.48,-5.0
384.52,-4.800000000000001
384.56,-4.800000000000001
384.6,-4.800000000000001
384.64,-5.0
384.68,-5.0
384.72,-5.0
384.76,-5.0
384.8,-4.800000000000001
384.84000000000003,-5.0
384.88,-5.0
384.92,-4.800000000000001
384.96000000000004,-5.0
385.0,-5.0
385.04,-4.800000000000001
385.08,-5.0
385.12,-4.800000000000001
385.16,-5.0
385.2,-5.0
385.24,-4.800000000000001
385.28000000000003,-5.0
385.32,-5.0
385.36,-4.800000000000001
385.40000000000003,-5.0
385.44,-5.0
385.48,-4.6000000000000005
385.52,-4.800000000000001
385.56,-4.800000000000001
385.6,-5.0
385.64,-5.0
385.68,-5.0
385.72,-5.0
385.76,-5.0
385.8,-5.0
385.84000000000003,-5.0
385.88,-5.0
385.92,-5.0
385.96000000000004,-4.800000000000001
386.0,-4.800000000000001
386.04,-4.800000000000001
386.08,-4.800000000000001
386.12,-5.0
386.16,-4.800000000000001
386.2,-4.800000000000001
386.24,-5.0
386.28000000000003,-4.800000000000001
386.32,-5.0
386.36,-4.800000000000001
386.40000000000003,-5.0
386.44,-5.0
386.48,-5.0
386.52,-5.0
386.56,-5.0
386.6,-4.800000000000001
386.64,-4.800000000000001
386.68,-5.0
386.72,-4.800000000000001
386.76,-5.0
386.8,-4.800000000000001
386.84000000000003,-5.0
386.88,-4.800000000000001
386.92,-5.0
386.96000000000004,-4.800000000000001
387.0,-5.0
387.04,-5.0
387.08,-5.0
387.12,-4.800000000000001
387.16,-5.0
387.2,-5.0
387.24,-4.800000000000001
387.28000000000003,-5.0
387.32,-5.0
387.36,-4.800000000000001
387.40000000000003,-4.800000000000001
387.44,-4.800000000000001
387.48,-4.800000000000001
387.52,-4.800000000000001
387.56,-5.0
387.6,-4.800000000000001
387.64,-4.800000000000001
387.68,-4.800000000000001
387.72,-4.800000000000001
387.76,-5.0
387.8,-5.0
387.84000000000003,-5.0
387.88,-5.0
387.92,-4.800000000000001
387.96000000000004,-4.800000000000001
388.0,-5.0
388.04,-5.0
388.08,-4.800000000000001
388.12,-4.800000000000001
388.16,-4.800000000000001
388.2,-4.800000000000001
388.24,-5.0
388.28000000000003,-4.800000000000001
388.32,-5.0
388.36,-4.800000000000001
388.40000000000003,-5.0
388.44,-5.0
388.48,-5.0
388.52,-4.800000000000001
388.56,-4.800000000000001
388.6,-4.800000000000001
388.64,-4.800000000000001
388.68,-4.800000000000001
388.72,-4.800000000000001
388.76,-4.800000000000001
388.8,-4.800000000000001
388.84000000000003,-5.0
388.88,-4.800000000000001
388.92,-5.0
388.96000000000004,-5.0
389.0,-5.0
389.04,-4.800000000000001
389.08,-4.800000000000001
389.12,-4.800000000000001
389.16,-4.800000000000001
389.2,-4.800000000000001
389.24,-4.800000000000001
389.28000000000003,-4.800000000000001
389.32,-4.800000000000001
389.36,-4.800000000000001
389.40000000000003,-4.800000000000001
389.44,-5.0
389.48,-4.800000000000001
389.52,-4.800000000000001
389.56,-4.800000000000001
389.6,-5.0
389.64,-4.800000000000001
389.68,-4.800000000000001
389.72,-5.0
389.76,-4.800000000000001
389.8,-4.800000000000001
389.84000000000003,-5.0
389.88,-4.800000000000001
389.92,-4.800000000000001
389.96000000000004,-4.800000000000001
390.0,-5.0
390.04,-4.800000000000001
390.08,-4.800000000000001
390.12,-5.0
390.16,-5.0
390.2,-4.800000000000001
390.24,-4.800000000000001
390.28000000000003,-5.0
390.32,-4.800000000000001
390.36,-4.800000000000001
390.40000000000003,-5.0
390.44,-4.800000000000001
390.48,-5.0
390.52,-4.800000000000001
390.56,-5.0
390.6,-4.800000000000001
390.64,-4.800000000000001
390.68,-4.800000000000001
390.72,-4.800000000000001
390.76,-4.800000000000001
390.8,-4.800000000000001
390.84000000000003,-4.800000000000001
390.88,-4.800000000000001
390.92,-4.800000000000001
390.96000000000004,-4.800000000000001
391.0,-4.800000000000001
391.04,-4.800000000000001
391.08,-4.800000000000001
391.12,-4.800000000000001
391.16,-4.800000000000001
391.2,-5.0
391.24,-4.800000000000001
391.28000000000003,-4.800000000000001
391.32,-4.800000000000001
391.36,-4.800000000000001
391.40000000000003,-4.6000000000000005
391.44,-4.800000000000001
391.48,-4.800000000000001
391.52,-4.800000000000001
391.56,-5.0
391.6,-4.800000000000001
391.64,-4.800000000000001
391.68,-4.6000000000000005
391.72,-4.6000000000000005
391.76,-4.6000000000000005
391.8,-4.800000000000001
391.84000000000003,-4.800000000000001
391.88,-4.800000000000001
391.92,-4.800000000000001
391.96000000000004,-5.0
392.0,-4.800000000000001
392.04,-4.6000000000000005
392.08,-4.800000000000001
392.12,-4.800000000000001
392.16,-4.800000000000001
392.2,-4.800000000000001
392.24,-4.800000000000001
392.28000000000003,-4.800000000000001
392.32,-4.800000000000001
392.36,-4.800000000000001
392.40000000000003,-4.800000000000001
392.44,-4.800000000000001
392.48,-4.800000000000001
392.52,-4.800000000000001
392.56,-4.800000000000001
392.6,-4.800000000000001
392.64,-4.800000000000001
392.68,-4.800000000000001
392.72,-4.800000000000001
392.76,-4.800000000000001
392.8,-4.800000000000001
392.84000000000003,-4.800000000000001
392.88,-4.6000000000000005
392.92,-4.800000000000001
392.96000000000004,-4.800000000000001
393.0,-4.800000000000001
393.04,-4.800000000000001
393.08,-4.800000000000001
393.12,-4.6000000000000005
393.16,-4.6000000000000005
393.2,-4.800000000000001
393.24,-4.800000000000001
393.28000000000003,-4.800000000000001
393.32,-4.800000000000001
393.36,-4.800000000000001
393.40000000000003,-4.800000000000001
393.44,-4.800000000000001
393.48,-4.800000000000001
393.52,-4.800000000000001
393.56,-4.800000000000001
393.6,-4.6000000000000005
393.64,-4.800000000000001
393.68,-4.800000000000001
393.72,-4.800000000000001
393.76,-4.800000000000001
393.8,-4.6000000000000005
393.84000000000003,-4.800000000000001
393.88,-4.6000000000000005
393.92,-4.800000000000001
393.96000000000004,-4.800000000000001
394.0,-4.800000000000001
394.04,-4.800000000000001
394.08,-4.800000000000001
394.12,-4.6000000000000005
394.16,-4.6000000000000005
394.2,-4.800000000000001
394.24,-4.800000000000001
394.28000000000003,-4.6000000000000005
394.32,-4.6000000000000005
394.36,-4.800000000000001
394.40000000000003,-4.800000000000001
394.44,-4.800000000000001
394.48,-4.6000000000000005
394.52,-4.800000000000001
394.56,-4.800000000000001
394.6,-4.800000000000001
394.64,-4.6000000000000005
394.68,-4.800000000000001
394.72,-4.800000000000001
394.76,-4.6000000000000005
394.8,-4.6000000000000005
394.84000000000003,-4.6000000000000005
394.88,-4.800000000000001
394.92,-4.800000000000001
394.96000000000004,-4.6000000000000005
395.0,-4.6000000000000005
395.04,-4.800000000000001
395.08,-4.800000000000001
395.12,-4.800000000000001
395.16,-4.6000000000000005
395.2,-4.6000000000000005
395.24,-4.800000000000001
395.28000000000003,-4.6000000000000005
395.32,-4.6000000000000005
395.36,-4.800000000000001
395.40000000000003,-4.800000000000001
395.44,-4.800000000000001
395.48,-4.6000000000000005
395.52,-4.800000000000001
395.56,-4.800000000000001
395.6,-4.800000000000001
395.64,-4.800000000000001
395.68,-4.6000000000000005
395.72,-4.800000000000001
395.76,-4.800000000000001
395.8,-4.800000000000001
395.84000000000003,-4.800000000000001
395.88,-4.800000000000001
395.92,-4.6000000000000005
395.96000000000004,-4.800000000000001
396.0,-4.800000000000001
396.04,-4.800000000000001
396.08,-4.800000000000001
396.12,-4.6000000000000005
396.16,-4.6000000000000005
396.2,-4.6000000000000005
396.24,-4.6000000000000005
396.28000000000003,-4.6000000000000005
396.32,-4.6000000000000005
396.36,-4.6000000000000005
396.40000000000003,-4.6000000000000005
396.44,-4.6000000000000005
396.48,-4.800000000000001
396.52,-4.800000000000001
396.56,-4.6000000000000005
396.6,-4.6000000000000005
396.64,-4.800000000000001
396.68,-4.6000000000000005
396.72,-4.800000000000001
396.76,-4.6000000000000005
396.8,-4.800000000000001
396.84000000000003,-4.6000000000000005
396.88,-4.800000000000001
396.92,-4.6000000000000005
396.96000000000004,-4.6000000000000005
397.0,-4.6000000000000005
397.04,-4.6000000000000005
397.08,-4.6000000000000005
397.12,-4.6000000000000005
397.16,-4.800000000000001
397.2,-4.6000000000000005
397.24,-4.800000000000001
397.28000000000003,-4.6000000000000005
397.32,-4.800000000000001
397.36,-4.6000000000000005
397.40000000000003,-4.6000000000000005
397.44,-4.6000000000000005
397.48,-4.6000000000000005
397.52,-4.6000000000000005
397.56,-4.6000000000000005
397.6,-4.6000000000000005
397.64,-4.800000000000001
397.68,-4.6000000000000005
397.72,-4.6000000000000005
397.76,-4.800000000000001
397.8,-4.6000000000000005
397.84000000000003,-4.6000000000000005
397.88,-4.6000000000000005
397.92,-4.6000000000000005
397.96000000000004,-4.6000000000000005
398.0,-4.6000000000000005
398.04,-4.6000000000000005
398.08,-4.6000000000000005
398.12,-4.6000000000000005
398.16,-4.6000000000000005
398.2,-4.6000000000000005
398.24,-4.6000000000000005
398.28000000000003,-4.6000000000000005
398.32,-4.6000000000000005
398.36,-4.6000000000000005
398.40000000000003,-4.6000000000000005
398.44,-4.6000000000000005
398.48,-4.6000000000000005
398.52,-4.6000000000000005
398.56,-4.6000000000000005
398.6,-4.6000000000000005
398.64,-4.6000000000000005
398.68,-4.6000000000000005
398.72,-4.6000000000000005
398.76,-4.6000000000000005
398.8,-4.6000000000000005
398.84000000000003,-4.6000000000000005
398.88,-4.6000000000000005
398.92,-4.6000000000000005
398.96000000000004,-4.6000000000000005
399.0,-4.800000000000001
399.04,-4.6000000000000005
399.08,-4.6000000000000005
399.12,-4.6000000000000005
399.16,-4.6000000000000005
399.2,-4.6000000000000005
399.24,-4.6000000000000005
399.28000000000003,-4.6000000000000005
399.32,-4.6000000000000005
399.36,-4.6000000000000005
399.40000000000003,-4.6000000000000005
399.44,-4.6000000000000005
399.48,-4.6000000000000005
399.52,-4.6000000000000005
399.56,-4.6000000000000005
399.6,-4.6000000000000005
399.64,-4.6000000000000005
399.68,-4.6000000000000005
399.72,-4.6000000000000005
399.76,-4.6000000000000005
399.8,-4.6000000000000005
399.84000000000003,-4.6000000000000005
399.88,-4.6000000000000005
399.92,-4.6000000000000005
399.96000000000004,-4.6000000000000005
400.0,-4.6000000000000005
400.04,-4.6000000000000005
400.08,-4.6000000000000005
400.12,-4.6000000000000005
400.16,-4.6000000000000005
400.2,-4.6000000000000005
400.24,-4.800000000000001
400.28000000000003,-4.6000000000000005
400.32,-4.6000000000000005
400.36,-4.6000000000000005
400.40000000000003,-4.6000000000000005
400.44,-4.6000000000000005
400.48,-4.6000000000000005
400.52,-4.6000000000000005
400.56,-4.6000000000000005
400.6,-4.6000000000000005
400.64,-4.6000000000000005
400.68,-4.6000000000000005
400.72,-4.6000000000000005
400.76,-4.6000000000000005
400.8,-4.6000000000000005
400.84000000000003,-4.6000000000000005
400.88,-4.6000000000000005
400.92,-4.6000000000000005
400.96000000000004,-4.6000000000000005
401.0,-4.6000000000000005
401.04,-4.6000000000000005
401.08,-4.6000000000000005
401.12,-4.6000000000000005
401.16,-4.6000000000000005
401.2,-4.6000000000000005
401.24,-4.6000000000000005
401.28000000000003,-4.6000000000000005
401.32,-4.6000000000000005
401.36,-4.6000000000000005
401.40000000000003,-4.6000000000000005
401.44,-4.6000000000000005
401.48,-4.6000000000000005
401.52,-4.6000000000000005
401.56,-4.6000000000000005
401.6,-4.6000000000000005
401.64,-4.6000000000000005
401.68,-4.6000000000000005
401.72,-4.6000000000000005
401.76,-4.6000000000000005
401.8,-4.6000000000000005
401.84000000000003,-4.6000000000000005
401.88,-4.6000000000000005
401.92,-4.6000000000000005
401.96000000000004,-4.6000000000000005
402.0,-4.6000000000000005
402.04,-4.6000000000000005
402.08,-4.6000000000000005
402.12,-4.6000000000000005
402.16,-4.6000000000000005
402.2,-4.6000000000000005
402.24,-4.6000000000000005
402.28000000000003,-4.6000000000000005
402.32,-4.6000000000000005
402.36,-4.6000000000000005
402.40000000000003,-4.6000000000000005
402.44,-4.6000000000000005
402.48,-4.6000000000000005
402.52,-4.6000000000000005
402.56,-4.6000000000000005
402.6,-4.6000000000000005
402.64,-4.6000000000000005
402.68,-4.6000000000000005
402.72,-4.6000000000000005
402.76,-4.4
402.8,-4.6000000000000005
402.84000000000003,-4.6000000000000005
402.88,-4.6000000000000005
402.92,-4.4
402.96000000000004,-4.6000000000000005
403.0,-4.6000000000000005
403.04,-4.6000000000000005
403.08,-4.6000000000000005
403.12,-4.6000000000000005
403.16,-4.4
403.2,-4.6000000000000005
403.24,-4.6000000000000005
403.28000000000003,-4.6000000000000005
403.32,-4.6000000000000005
403.36,-4.6000000000000005
403.40000000000003,-4.6000000000000005
403.44,-4.6000000000000005
403.48,-4.6000000000000005
403.52,-4.6000000000000005
403.56,-4.6000000000000005
403.6,-4.6000000000000005
403.64,-4.4
403.68,-4.6000000000000005
403.72,-4.4
403.76,-4.6000000000000005
403.8,-4.6000000000000005
403.84000000000003,-4.6000000000000005
403.88,-4.6000000000000005
403.92,-4.4
403.96000000000004,-4.6000000000000005
404.0,-4.6000000000000005
404.04,-4.6000000000000005
404.08,-4.6000000000000005
404.12,-4.6000000000000005
404.16,-4.6000000000000005
404.2,-4.6000000000000005
404.24,-4.6000000000000005
404.28000000000003,-4.6000000000000005
404.32,-4.6000000000000005
404.36,-4.6000000000000005
404.40000000000003,-4.6000000000000005
404.44,-4.6000000000000005
404.48,-4.4
404.52,-4.6000000000000005
404.56,-4.4
404.6,-4.6000000000000005
404.64,-4.6000000000000005
404.68,-4.4
404.72,-4.6000000000000005
404.76,-4.4
404.8,-4.4
404.84000000000003,-4.6000000000000005
404.88,-4.4
404.92,-4.4
404.96000000000004,-4.4
405.0,-4.6000000000000005
405.04,-4.6000000000000005
405.08,-4.6000000000000005
405.12,-4.6000000000000005
405.16,-4.6000000000000005
405.2,-4.6000000000000005
405.24,-4.6000000000000005
405.28000000000003,-4.6000000000000005
405.32,-4.6000000000000005
405.36,-4.4
405.40000000000003,-4.6000000000000005
405.44,-4.4
405.48,-4.6000000000000005
405.52,-4.4
405.56,-4.6000000000000005
405.6,-4.4
405.64,-4.6000000000000005
405.68,-4.4
405.72,-4.6000000000000005
405.76,-4.4
405.8,-4.4
405.84000000000003,-4.6000000000000005
405.88,-4.4
405.92,-4.4
405.96000000000004,-4.4
406.0,-4.6000000000000005
406.04,-4.4
406.08,-4.4
406.12,-4.6000000000000005
406.16,-4.4
406.2,-4.6000000000000005
406.24,-4.6000000000000005
406.28000000000003,-4.4
406.32,-4.6000000000000005
406.36,-4.4
406.40000000000003,-4.4
406.44,-4.6000000000000005
406.48,-4.4
406.52,-4.4
406.56,-4.4
406.6,-4.4
406.64,-4.4
406.68,-4.4
406.72,-4.4
406.76,-4.4
406.8,-4.4
406.84000000000003,-4.4
406.88,-4.4
406.92,-4.4
406.96000000000004,-4.4
407.0,-4.4
407.04,-4.4
407.08,-4.6000000000000005
407.12,-4.4
407.16,-4.4
407.2,-4.4
407.24,-4.6000000000000005
407.28000000000003,-4.6000000000000005
407.32,-4.6000000000000005
407.36,-4.4
407.40000000000003,-4.4
407.44,-4.4
407.48,-4.4
407.52,-4.4
407.56,-4.4
407.6,-4.4
407.64,-4.4
407.68,-4.6000000000000005
407.72,-4.4
407.76,-4.4
407.8,-4.4
407.84000000000003,-4.4
407.88,-4.4
407.92,-4.4
407.96000000000004,-4.4
408.0,-4.4
408.04,-4.4
408.08,-4.2
408.12,-4.4
408.16,-4.4
408.2,-4.4
408.24,-4.4
408.28000000000003,-4.4
408.32,-4.4
408.36,-4.4
408.40000000000003,-4.4
408.44,-4.2
408.48,-4.4
408.52,-4.4
408.56,-4.4
408.6,-4.4
408.64,-4.4
408.68,-4.4
408.72,-4.4
408.76,-4.4
408.8,-4.4
408.84000000000003,-4.4
408.88,-4.4
408.92,-4.4
408.96000000000004,-4.2
409.0,-4.4
409.04,-4.4
409.08,-4.4
409.12,-4.4
409.16,-4.4
409.2,-4.4
409.24,-4.4
409.28000000000003,-4.2
409.32,-4.4
409.36,-4.2
409.40000000000003,-4.4
409.44,-4.4
409.48,-4.4
409.52,-4.4
409.56,-4.4
409.6,-4.4
409.64,-4.2
409.68,-4.4
409.72,-4.2
409.76,-4.2
409.8,-4.4
409.84000000000003,-4.4
409.88,-4.4
409.92,-4.4
409.96000000000004,-4.4
410.0,-4.4
410.04,-4.4
410.08,-4.2
410.12,-4.4
410.16,-4.4
410.2,-4.4
410.24,-4.2
410.28000000000003,-4.4
410.32,-4.2
410.36,-4.4
410.40000000000003,-4.4
410.44,-4.4
410.48,-4.4
410.52,-4.4
410.56,-4.4
410.6,-4.4
410.64,-4.4
410.68,-4.2
410.72,-4.4
410.76,-4.4
410.8,-4.4
410.84000000000003,-4.4
410.88,-4.4
410.92,-4.2
410.96000000000004,-4.2
411.0,-4.4
411.04,-4.4
411.08,-4.4
411.12,-4.4
411.16,-4.4
411.2,-4.4
411.24,-4.4
411.28000000000003,-4.4
411.32,-4.4
411.36,-4.4
411.40000000000003,-4.2
411.44,-4.4
411.48,-4.4
411.52,-4.2
411.56,-4.2
411.6,-4.4
411.64,-4.4
411.68,-4.2
411.72,-4.2
411.76,-4.4
411.8,-4.2
411.84000000000003,-4.4
411.88,-4.4
411.92,-4.2
411.96000000000004,-4.4
412.0,-4.2
412.04,-4.4
412.08,-4.2
412.12,-4.4
412.16,-4.4
412.2,-4.2
412.24,-4.4
412.28000000000003,-4.4
412.32,-4.4
412.36,-4.2
412.40000000000003,-4.2
412.44,-4.2
412.48,-4.4
412.52,-4.4
412.56,-4.2
412.6,-4.4
412.64,-4.4
412.68,-4.2
412.72,-4.2
412.76,-4.4
412.8,-4.2
412.84000000000003,-4.2
412.88,-4.2
412.92,-4.2
412.96000000000004,-4.4
413.0,-4.2
413.04,-4.2
413.08,-4.4
413.12,-4.2
413.16,-4.4
413.2,-4.2
413.24,-4.2
413.28000000000003,-4.2
413.32,-4.2
413.36,-4.2
413.40000000000003,-4.2
413.44,-4.2
413.48,-4.2
413.52,-4.4
413.56,-4.4
413.6,-4.4
413.64,-4.2
413.68,-4.2
413.72,-4.2
413.76,-4.2
413.8,-4.2
413.84000000000003,-4.2
413.88,-4.2
413.92,-4.4
413.96000000000004,-4.4
414.0,-4.4
414.04,-4.2
414.08,-4.2
414.12,-4.2
414.16,-4.2
414.2,-4.2
414.24,-4.2
414.28000000000003,-4.2
414.32,-4.2
414.36,-4.4
414.40000000000003,-4.4
414.44,-4.2
414.48,-4.2
414.52,-4.2
414.56,-4.2
414.6,-4.0
414.64,-4.2
414.68,-4.4
414.72,-4.2
414.76,-4.2
414.8,-4.2
414.84000000000003,-4.2
414.88,-4.2
414.92,-4.2
414.96000000000004,-4.2
415.0,-4.2
415.04,-4.2
415.08,-4.2
415.12,-4.2
415.16,-4.2
415.2,-4.2
415.24,-4.2
415.28000000000003,-4.2
415.32,-4.2
415.36,-4.2
415.40000000000003,-4.2
415.44,-4.2
415.48,-4.2
415.52,-4.2
415.56,-4.2
415.6,-4.2
415.64,-4.2
415.68,-4.2
415.72,-4.2
415.76,-4.2
415.8,-4.2
415.84000000000003,-4.2
415.88,-4.2
415.92,-4.2
415.96000000000004,-4.2
416.0,-4.2
416.04,-4.2
416.08,-4.2
416.12,-4.2
416.16,-4.2
416.2,-4.2
416.24,-4.2
416.28000000000003,-4.2
416.32,-4.2
416.36,-4.2
416.40000000000003,-4.2
416.44,-4.2
416.48,-4.0
416.52,-4.2
416.56,-4.2
416.6,-4.2
416.64,-4.2
416.68,-4.2
416.72,-4.2
416.76,-4.2
416.8,-4.2
416.84000000000003,-4.0
416.88,-4.2
416.92,-4.2
416.96000000000004,-4.2
417.0,-4.0
417.04,-4.2
417.08,-4.2
417.12,-4.2
417.16,-4.2
417.2,-4.0
417.24,-4.0
417.28000000000003,-4.2
417.32,-4.2
417.36,-4.2
417.40000000000003,-4.0
417.44,-4.2
417.48,-4.2
417.52,-4.0
417.56,-4.2
417.6,-4.2
417.64,-4.2
417.68,-4.2
417.72,-4.2
417.76,-4.2
417.8,-4.2
417.84000000000003,-4.2
417.88,-4.2
417.92,-4.0
417.96000000000004,-4.0
418.0,-4.2
418.04,-4.2
418.08,-4.2
418.12,-4.2
418.16,-4.0
418.2,-4.0
418.24,-3.8000000000000003
418.28000000000003,-4.2
418.32,-4.2
418.36,-4.0
418.40000000000003,-4.2
418.44,-4.0
418.48,-4.2
418.52,-4.0
418.56,-4.0
418.6,-4.0
418.64,-4.2
418.68,-4.0
418.72,-4.2
418.76,-4.0
418.8,-4.2
418.84000000000003,-4.2
418.88,-4.0
418.92,-4.0
418.96000000000004,-4.0
419.0,-4.0
419.04,-4.0
419.08,-4.0
419.12,-4.0
419.16,-3.8000000000000003
419.2,-3.8000000000000003
419.24,-4.0
419.28000000000003,-4.2
419.32,-4.0
419.36,-4.2
419.40000000000003,-3.8000000000000003
419.44,-3.8000000000000003
419.48,-4.0
419.52,-4.0
419.56,-4.0
419.6,-4.2
419.64,-4.0
419.68,-4.0
419.72,-4.0
419.76,-4.0
419.8,-4.0
419.84000000000003,-4.0
419.88,-4.0
419.92,-3.8000000000000003
419.96000000000004,-4.0
420.0,-4.0
420.04,-4.0
420.08,-4.0
420.12,-4.0
420.16,-4.0
420.2,-4.0
420.24,-4.0
420.28000000000003,-4.0
420.32,-4.0
420.36,-4.0
420.40000000000003,-3.8000000000000003
420.44,-4.0
420.48,-4.0
420.52,-3.8000000000000003
420.56,-3.8000000000000003
420.6,-4.0
420.64,-4.0
420.68,-3.8000000000000003
420.72,-4.0
420.76,-3.8000000000000003
420.8,-4.0
420.84000000000003,-3.8000000000000003
420.88,-4.0
420.92,-4.0
420.96000000000004,-4.0
421.0,-4.0
421.04,-4.0
421.08,-4.0
421.12,-4.0
421.16,-4.0
421.2,-4.0
421.24,-3.8000000000000003
421.28000000000003,-4.0
421.32,-3.8000000000000003
421.36,-3.8000000000000003
421.40000000000003,-3.8000000000000003
421.44,-4.0
421.48,-4.0
421.52,-3.8000000000000003
421.56,-3.8000000000000003
421.6,-4.0
421.64,-3.8000000000000003
421.68,-3.8000000000000003
421.72,-3.8000000000000003
421.76,-4.0
421.8,-3.8000000000000003
421.84000000000003,-4.0
421.88,-4.0
421.92,-3.8000000000000003
421.96000000000004,-3.8000000000000003
422.0,-3.8000000000000003
422.04,-3.8000000000000003
422.08,-3.8000000000000003
422.12,-3.8000000000000003
422.16,-3.8000000000000003
422.2,-3.8000000000000003
422.24,-4.0
422.28000000000003,-3.8000000000000003
422.32,-3.8000000000000003
422.36,-3.8000000000000003
422.40000000000003,-3.8000000000000003
422.44,-4.0
422.48,-3.8000000000000003
422.52,-3.8000000000000003
422.56,-3.8000000000000003
422.6,-3.8000000000000003
422.64,-3.8000000000000003
422.68,-3.8000000000000003
422.72,-3.8000000000000003
422.76,-3.8000000000000003
422.8,-3.8000000000000003
422.84000000000003,-4.0
422.88,-3.8000000000000003
422.92,-3.8000000000000003
422.96000000000004,-3.8000000000000003
423.0,-3.8000000000000003
423.04,-3.8000000000000003
423.08,-4.0
423.12,-3.8000000000000003
423.16,-3.8000000000000003
423.2,-3.8000000000000003
423.24,-3.8000000000000003
423.28000000000003,-3.8000000000000003
423.32,-3.8000000000000003
423.36,-3.8000000000000003
423.40000000000003,-3.8000000000000003
423.44,-4.0
423.48,-3.8000000000000003
423.52,-3.8000000000000003
423.56,-3.8000000000000003
423.6,-3.8000000000000003
423.64,-3.8000000000000003
423.68,-3.8000000000000003
423.72,-3.8000000000000003
423.76,-3.8000000000000003
423.8,-3.8000000000000003
423.84000000000003,-3.8000000000000003
423.88,-3.8000000000000003
423.92,-3.8000000000000003
423.96000000000004,-3.8000000000000003
424.0,-3.8000000000000003
424.04,-3.8000000000000003
424.08,-3.8000000000000003
424.12,-3.8000000000000003
424.16,-3.8000000000000003
424.2,-3.8000000000000003
424.24,-3.8000000000000003
424.28000000000003,-3.8000000000000003
424.32,-3.8000000000000003
424.36,-3.8000000000000003
424.40000000000003,-3.8000000000000003
424.44,-3.8000000000000003
424.48,-3.8000000000000003
424.52,-3.8000000000000003
424.56,-3.8000000000000003
424.6,-3.8000000000000003
424.64,-3.8000000000000003
424.68,-3.8000000000000003
424.72,-3.8000000000000003
424.76,-3.8000000000000003
424.8,-3.8000000000000003
424.84000000000003,-3.8000000000000003
424.88,-3.8000000000000003
424.92,-3.8000000000000003
424.96000000000004,-3.8000000000000003
425.0,-3.8000000000000003
425.04,-3.8000000000000003
425.08,-3.8000000000000003
425.12,-3.8000000000000003
425.16,-3.8000000000000003
425.2,-3.8000000000000003
425.24,-3.8000000000000003
425.28000000000003,-3.8000000000000003
425.32,-3.8000000000000003
425.36,-3.8000000000000003
425.40000000000003,-3.8000000000000003
425.44,-3.8000000000000003
425.48,-3.8000000000000003
425.52,-3.8000000000000003
425.56,-3.8000000000000003
425.6,-3.8000000000000003
425.64,-3.8000000000000003
425.68,-3.8000000000000003
425.72,-3.8000000000000003
425.76,-3.8000000000000003
425.8,-3.8000000000000003
425.84000000000003,-3.8000000000000003
425.88,-3.8000000000000003
425.92,-3.8000000000000003
425.96000000000004,-3.8000000000000003
426.0,-3.8000000000000003
426.04,-3.8000000000000003
426.08,-3.8000000000000003
426.12,-3.8000000000000003
426.16,-3.8000000000000003
426.2,-3.8000000000000003
426.24,-3.8000000000000003
426.28000000000003,-3.8000000000000003
426.32,-3.8000000000000003
426.36,-3.8000000000000003
426.40000000000003,-3.8000000000000003
426.44,-3.8000000000000003
426.48,-3.8000000000000003
426.52,-3.8000000000000003
426.56,-3.8000000000000003
426.6,-3.8000000000000003
426.64,-3.8000000000000003
426.68,-3.8000000000000003
426.72,-3.8000000000000003
426.76,-3.8000000000000003
426.8,-3.8000000000000003
426.84000000000003,-3.8000000000000003
426.88,-3.8000000000000003
426.92,-3.8000000000000003
426.96000000000004,-3.8000000000000003
427.0,-3.8000000000000003
427.04,-3.8000000000000003
427.08,-3.8000000000000003
427.12,-3.6
427.16,-3.8000000000000003
427.2,-3.8000000000000003
427.24,-3.8000000000000003
427.28000000000003,-3.8000000000000003
427.32,-3.8000000000000003
427.36,-3.8000000000000003
427.40000000000003,-3.8000000000000003
427.44,-3.8000000000000003
427.48,-3.8000000000000003
427.52,-3.8000000000000003
427.56,-3.8000000000000003
427.6,-3.8000000000000003
427.64,-3.8000000000000003
427.68,-3.8000000000000003
427.72,-3.8000000000000003
427.76,-3.8000000000000003
427.8,-3.6
427.84000000000003,-3.8000000000000003
427.88,-3.8000000000000003
427.92,-3.8000000000000003
427.96000000000004,-3.8000000000000003
428.0,-3.8000000000000003
428.04,-3.8000000000000003
428.08,-3.8000000000000003
428.12,-3.6
428.16,-3.8000000000000003
428.2,-3.8000000000000003
428.24,-3.8000000000000003
428.28000000000003,-3.8000000000000003
428.32,-3.8000000000000003
428.36,-3.8000000000000003
428.40000000000003,-3.8000000000000003
428.44,-3.8000000000000003
428.48,-3.6
428.52,-3.6
428.56,-3.8000000000000003
428.6,-3.8000000000000003
428.64,-3.8000000000000003
428.68,-3.8000000000000003
428.72,-3.8000000000000003
428.76,-3.8000000000000003
428.8,-3.8000000000000003
428.84000000000003,-3.8000000000000003
428.88,-3.8000000000000003
428.92,-3.8000000000000003
428.96000000000004,-3.6
429.0,-3.8000000000000003
429.04,-3.8000000000000003
429.08,-3.8000000000000003
429.12,-3.8000000000000003
429.16,-3.8000000000000003
429.2,-3.6
429.24,-3.8000000000000003
429.28000000000003,-3.6
429.32,-3.8000000000000003
429.36,-3.8000000000000003
429.40000000000003,-3.6
429.44,-3.8000000000000003
429.48,-3.6
429.52,-3.6
429.56,-3.8000000000000003
429.6,-3.6
429.64,-3.8000000000000003
429.68,-3.6
429.72,-3.8000000000000003
429.76,-3.8000000000000003
429.8,-3.6
429.84000000000003,-3.6
429.88,-3.6
429.92,-3.6
429.96000000000004,-3.8000000000000003
430.0,-3.6
430.04,-3.6
430.08,-3.8000000000000003
430.12,-3.6
430.16,-3.6
430.2,-3.6
430.24,-3.8000000000000003
430.28000000000003,-3.6
430.32,-3.8000000000000003
430.36,-3.6
430.40000000000003,-3.6
430.44,-3.6
430.48,-3.6
430.52,-3.6
430.56,-3.8000000000000003
430.6,-3.6
430.64,-3.6
430.68,-3.6
430.72,-3.6
430.76,-3.6
430.8,-3.8000000000000003
430.84000000000003,-3.6
430.88,-3.6
430.92,-3.6
430.96000000000004,-3.6
431.0,-3.6
431.04,-3.6
431.08,-3.6
431.12,-3.6
431.16,-3.6
431.2,-3.6
431.24,-3.8000000000000003
431.28000000000003,-3.6
431.32,-3.6
431.36,-3.6
431.40000000000003,-3.6
431.44,-3.6
431.48,-3.6
431.52,-3.6
431.56,-3.6
431.6,-3.6
431.64,-3.6
431.68,-3.6
431.72,-3.6
431.76,-3.6
431.8,-3.6
431.84000000000003,-3.6
431.88,-3.8000000000000003
431.92,-3.6
431.96000000000004,-3.6
432.0,-3.8000000000000003
432.04,-3.4000000000000004
432.08,-3.6
432.12,-3.6
432.16,-3.6
432.2,-3.6
432.24,-3.6
432.28000000000003,-3.6
432.32,-3.6
432.36,-3.6
432.40000000000003,-3.6
432.44,-3.6
432.48,-3.6
432.52,-3.6
432.56,-3.6
432.6,-3.6
432.64,-3.6
432.68,-3.6
432.72,-3.6
432.76,-3.6
432.8,-3.6
432.84000000000003,-3.6
432.88,-3.6
432.92,-3.6
432.96000000000004,-3.6
433.0,-3.6
433.04,-3.6
433.08,-3.6
433.12,-3.6
433.16,-3.6
433.2,-3.6
433.24,-3.6
433.28000000000003,-3.6
433.32,-3.6
433.36,-3.6
433.40000000000003,-3.6
433.44,-3.4000000000000004
433.48,-3.6
433.52,-3.6
433.56,-3.6
433.6,-3.6
433.64,-3.6
433.68,-3.6
433.72,-3.6
433.76,-3.6
433.8,-3.6
433.84000000000003,-3.6
433.88,-3.6
433.92,-3.6
433.96000000000004,-3.4000000000000004
434.0,-3.6
434.04,-3.6
434.08,-3.6
434.12,-3.6
434.16,-3.6
434.2,-3.6
434.24,-3.6
434.28000000000003,-3.6
434.32,-3.6
434.36,-3.6
434.40000000000003,-3.4000000000000004
434.44,-3.6
434.48,-3.4000000000000004
434.52,-3.6
434.56,-3.6
434.6,-3.6
434.64,-3.6
434.68,-3.6
434.72,-3.6
434.76,-3.6
434.8,-3.6
434.84000000000003,-3.6
434.88,-3.6
434.92,-3.4000000000000004
434.96000000000004,-3.6
435.0,-3.6
435.04,-3.6
435.08,-3.6
435.12,-3.6
435.16,-3.6
435.2,-3.4000000000000004
435.24,-3.4000000000000004
435.28000000000003,-3.6
435.32,-3.6
435.36,-3.4000000000000004
435.40000000000003,-3.6
435.44,-3.4000000000000004
435.48,-3.4000000000000004
435.52,-3.4000000000000004
435.56,-3.4000000000000004
435.6,-3.4000000000000004
435.64,-3.6
435.68,-3.6
435.72,-3.4000000000000004
435.76,-3.4000000000000004
435.8,-3.4000000000000004
435.84000000000003,-3.6
435.88,-3.4000000000000004
435.92,-3.6
435.96000000000004,-3.6
436.0,-3.4000000000000004
436.04,-3.6
436.08,-3.4000000000000004
436.12,-3.6
436.16,-3.4000000000000004
436.2,-3.6
436.24,-3.4000000000000004
436.28000000000003,-3.4000000000000004
436.32,-3.6
436.36,-3.4000000000000004
436.40000000000003,-3.4000000000000004
436.44,-3.4000000000000004
436.48,-3.6
436.52,-3.4000000000000004
436.56,-3.6
436.6,-3.4000000000000004
436.64,-3.4000000000000004
436.68,-3.4000000000000004
436.72,-3.4000000000000004
436.76,-3.4000000000000004
436.8,-3.6
436.84000000000003,-3.6
436.88,-3.4000000000000004
436.92,-3.4000000000000004
436.96000000000004,-3.4000000000000004
437.0,-3.4000000000000004
437.04,-3.4000000000000004
437.08,-3.4000000000000004
437.12,-3.4000000000000004
437.16,-3.4000000000000004
437.2,-3.4000000000000004
437.24,-3.4000000000000004
437.28000000000003,-3.4000000000000004
437.32,-3.4000000000000004
437.36,-3.4000000000000004
437.40000000000003,-3.4000000000000004
437.44,-3.4000000000000004
437.48,-3.4000000000000004
437.52,-3.4000000000000004
437.56,-3.6
437.6,-3.4000000000000004
437.64,-3.4000000000000004
437.68,-3.4000000000000004
437.72,-3.4000000000000004
437.76,-3.4000000000000004
437.8,-3.4000000000000004
437.84000000000003,-3.4000000000000004
437.88,-3.4000000000000004
437.92,-3.4000000000000004
437.96000000000004,-3.4000000000000004
438.0,-3.4000000000000004
438.04,-3.4000000000000004
438.08,-3.4000000000000004
438.12,-3.4000000000000004
438.16,-3.4000000000000004
438.2,-3.4000000000000004
438.24,-3.4000000000000004
438.28000000000003,-3.4000000000000004
438.32,-3.4000000000000004
438.36,-3.4000000000000004
438.40000000000003,-3.4000000000000004
438.44,-3.4000000000000004
438.48,-3.4000000000000004
438.52,-3.4000000000000004
438.56,-3.4000000000000004
438.6,-3.4000000000000004
438.64,-3.2
438.68,-3.4000000000000004
438.72,-3.4000000000000004
438.76,-3.4000000000000004
438.8,-3.4000000000000004
438.84000000000003,-3.4000000000000004
438.88,-3.4000000000000004
438.92,-3.4000000000000004
438.96000000000004,-3.4000000000000004
439.0,-3.4000000000000004
439.04,-3.4000000000000004
439.08,-3.4000000000000004
439.12,-3.4000000000000004
439.16,-3.4000000000000004
439.2,-3.4000000000000004
439.24,-3.4000000000000004
439.28000000000003,-3.4000000000000004
439.32,-3.4000000000000004
439.36,-3.4000000000000004
439.40000000000003,-3.4000000000000004
439.44,-3.4000000000000004
439.48,-3.4000000000000004
439.52,-3.4000000000000004
439.56,-3.4000000000000004
439.6,-3.4000000000000004
439.64,-3.4000000000000004
439.68,-3.4000000000000004
439.72,-3.4000000000000004
439.76,-3.4000000000000004
439.8,-3.4000000000000004
439.84000000000003,-3.4000000000000004
439.88,-3.4000000000000004
439.92,-3.2
439.96000000000004,-3.4000000000000004
440.0,-3.4000000000000004
440.04,-3.4000000000000004
440.08,-3.4000000000000004
440.12,-3.4000000000000004
440.16,-3.4000000000000004
440.2,-3.4000000000000004
440.24,-3.4000000000000004
440.28000000000003,-3.2
440.32,-3.2
440.36,-3.4000000000000004
440.40000000000003,-3.4000000000000004
440.44,-3.4000000000000004
440.48,-3.4000000000000004
440.52,-3.2
440.56,-3.4000000000000004
440.6,-3.4000000000000004
440.64,-3.4000000000000004
440.68,-3.4000000000000004
440.72,-3.4000000000000004
440.76,-3.2
440.8,-3.2
440.84000000000003,-3.4000000000000004
440.88,-3.4000000000000004
440.92,-3.4000000000000004
440.96000000000004,-3.4000000000000004
441.0,-3.4000000000000004
441.04,-3.4000000000000004
441.08,-3.4000000000000004
441.12,-3.4000000000000004
441.16,-3.4000000000000004
441.2,-3.4000000000000004
441.24,-3.2
441.28000000000003,-3.4000000000000004
441.32,-3.4000000000000004
441.36,-3.4000000000000004
441.40000000000003,-3.4000000000000004
441.44,-3.4000000000000004
441.48,-3.2
441.52,-3.4000000000000004
441.56,-3.4000000000000004
441.6,-3.4000000000000004
441.64,-3.4000000000000004
441.68,-3.4000000000000004
441.72,-3.4000000000000004
441.76,-3.4000000000000004
441.8,-3.2
441.84000000000003,-3.4000000000000004
441.88,-3.2
441.92,-3.2
441.96000000000004,-3.4000000000000004
442.0,-3.4000000000000004
442.04,-3.4000000000000004
442.08,-3.2
442.12,-3.4000000000000004
442.16,-3.4000000000000004
442.2,-3.4000000000000004
442.24,-3.2
442.28000000000003,-3.2
442.32,-3.2
442.36,-3.4000000000000004
442.40000000000003,-3.2
442.44,-3.2
442.48,-3.4000000000000004
442.52,-3.4000000000000004
442.56,-3.2
442.6,-3.2
442.64,-3.4000000000000004
442.68,-3.2
442.72,-3.2
442.76,-3.4000000000000004
442.8,-3.2
442.84000000000003,-3.4000000000000004
442.88,-3.4000000000000004
442.92,-3.2
442.96000000000004,-3.4000000000000004
443.0,-3.4000000000000004
443.04,-3.2
443.08,-3.4000000000000004
443.12,-3.2
443.16,-3.2
443.2,-3.2
443.24,-3.4000000000000004
443.28000000000003,-3.2
443.32,-3.4000000000000004
443.36,-3.2
443.40000000000003,-3.2
443.44,-3.2
443.48,-3.4000000000000004
443.52,-3.2
443.56,-3.2
443.6,-3.2
443.64,-3.2
443.68,-3.2
443.72,-3.0
443.76,-3.0
443.8,-3.2
443.84000000000003,-3.2
443.88,-3.2
443.92,-3.2
443.96000000000004,-3.4000000000000004
444.0,-3.4000000000000004
444.04,-3.2
444.08,-3.2
444.12,-3.2
444.16,-3.0
444.2,-3.2
444.24,-3.0
444.28000000000003,-3.2
444.32,-3.2
444.36,-3.2
444.40000000000003,-3.2
444.44,-3.2
444.48,-3.0
444.52,-3.2
444.56,-3.0
444.6,-3.2
444.64,-3.0
444.68,-3.0
444.72,-3.0
444.76,-3.2
444.8,-3.0
444.84000000000003,-3.0
444.88,-3.0
444.92,-3.2
444.96000000000004,-3.0
445.0,-3.0
445.04,-3.0
445.08,-3.2
445.12,-3.2
445.16,-3.2
445.2,-3.0
445.24,-3.2
445.28000000000003,-3.0
445.32,-3.0
445.36,-3.0
445.40000000000003,-3.0
445.44,-3.2
445.48,-3.2
445.52,-3.0
445.56,-3.0
445.6,-3.0
445.64,-3.0
445.68,-3.0
445.72,-3.2
445.76,-3.2
445.8,-3.0
445.84000000000003,-3.0
445.88,-3.0
445.92,-3.0
445.96000000000004,-3.0
446.0,-3.2
446.04,-3.0
446.08,-3.0
446.12,-3.0
446.16,-3.0
446.2,-3.0
446.24,-3.0
446.28000000000003,-3.0
446.32,-3.0
446.36,-3.0
446.40000000000003,-3.0
446.44,-3.0
446.48,-3.0
446.52,-3.0
446.56,-3.0
446.6,-3.2
446.64,-3.0
446.68,-3.0
446.72,-3.0
446.76,-3.0
446.8,-3.2
446.84000000000003,-3.0
446.88,-3.0
446.92,-3.0
446.96000000000004,-3.0
447.0,-3.0
447.04,-3.0
447.08,-3.0
447.12,-3.0
447.16,-3.0
447.2,-3.2
447.24,-3.0
447.28000000000003,-3.0
447.32,-3.0
447.36,-3.0
447.40000000000003,-3.0
447.44,-3.0
447.48,-3.0
447.52,-3.0
447.56,-3.0
447.6,-3.0
447.64,-3.0
447.68,-3.0
447.72,-3.0
447.76,-3.0
447.8,-3.0
447.84000000000003,-3.0
447.88,-3.0
447.92,-3.0
447.96000000000004,-3.0
448.0,-3.0
448.04,-3.2
448.08,-3.0
448.12,-3.0
448.16,-3.0
448.2,-3.0
448.24,-3.0
448.28000000000003,-3.0
448.32,-3.0
448.36,-3.0
448.40000000000003,-3.0
448.44,-3.0
448.48,-3.0
448.52,-3.0
448.56,-3.0
448.6,-3.0
448.64,-3.0
448.68,-3.0
448.72,-3.0
448.76,-3.0
448.8,-3.0
448.84000000000003,-3.0
448.88,-3.0
448.92,-3.0
448.96000000000004,-3.0
449.0,-3.0
449.04,-3.0
449.08,-3.0
449.12,-3.0
449.16,-3.0
449.2,-3.0
449.24,-3.0
449.28000000000003,-3.0
449.32,-3.0
449.36,-3.0
449.40000000000003,-3.0
449.44,-3.0
449.48,-3.0
449.52,-3.0
449.56,-3.0
449.6,-3.0
449.64,-3.0
449.68,-3.0
449.72,-3.0
449.76,-3.0
449.8,-3.0
449.84000000000003,-3.0
449.88,-3.0
449.92,-3.0
449.96000000000004,-3.0
450.0,-3.0
450.04,-3.0
450.08,-3.0
450.12,-3.0
450.16,-3.0
450.2,-3.0
450.24,-3.0
450.28000000000003,-3.0
450.32,-3.0
450.36,-3.0
450.40000000000003,-3.0
450.44,-3.0
450.48,-3.0
450.52,-3.0
450.56,-3.0
450.6,-3.0
450.64,-3.0
450.68,-3.0
450.72,-3.0
450.76,-3.0
450.8,-3.0
450.84000000000003,-3.0
450.88,-3.0
450.92,-3.0
450.96000000000004,-3.0
451.0,-3.0
451.04,-3.0
451.08,-3.0
451.12,-3.0
451.16,-3.0
451.2,-3.0
451.24,-3.0
451.28000000000003,-3.0
451.32,-3.0
451.36,-3.0
451.40000000000003,-3.0
451.44,-3.0
451.48,-3.0
451.52,-3.0
451.56,-3.0
451.6,-3.0
451.64,-3.0
451.68,-3.0
451.72,-3.0
451.76,-3.0
451.8,-3.0
451.84000000000003,-3.0
451.88,-3.0
451.92,-3.0
451.96000000000004,-3.0
452.0,-3.0
452.04,-3.0
452.08,-3.0
452.12,-3.0
452.16,-3.0
452.2,-3.0
452.24,-3.0
452.28000000000003,-3.0
452.32,-3.0
452.36,-3.0
452.40000000000003,-3.0
452.44,-3.0
452.48,-3.0
452.52,-3.0
452.56,-3.0
452.6,-3.0
452.64,-3.0
452.68,-3.0
452.72,-3.0
452.76,-3.0
452.8,-3.0
452.84000000000003,-3.0
452.88,-3.0
452.92,-3.0
452.96000000000004,-3.0
453.0,-3.0
453.04,-3.0
453.08,-3.0
453.12,-3.0
453.16,-3.0
453.2,-3.0
453.24,-3.0
453.28000000000003,-3.0
453.32,-3.0
453.36,-3.0
453.40000000000003,-3.0
453.44,-3.0
453.48,-3.0
453.52,-3.0
453.56,-3.0
453.6,-3.0
453.64,-3.0
453.68,-3.0
453.72,-3.0
453.76,-3.0
453.8,-3.0
453.84000000000003,-3.0
453.88,-3.0
453.92,-3.0
453.96000000000004,-3.0
454.0,-3.0
454.04,-3.0
454.08,-3.0
454.12,-3.0
454.16,-3.0
454.2,-3.0
454.24,-3.0
454.28000000000003,-3.0
454.32,-3.0
454.36,-3.0
454.40000000000003,-3.0
454.44,-3.0
454.48,-3.0
454.52,-3.0
454.56,-3.0
454.6,-3.0
454.64,-3.0
454.68,-3.0
454.72,-3.0
454.76,-3.0
454.8,-3.0
454.84000000000003,-3.0
454.88,-3.0
454.92,-3.0
454.96000000000004,-3.0
455.0,-3.0
455.04,-3.0
455.08,-3.0
455.12,-3.0
455.16,-3.0
455.2,-3.0
455.24,-3.0
455.28000000000003,-3.0
455.32,-3.0
455.36,-3.0
455.40000000000003,-3.0
455.44,-3.0
455.48,-3.0
455.52,-3.0
455.56,-3.0
455.6,-3.0
455.64,-3.0
455.68,-3.0
455.72,-3.0
455.76,-3.0
455.8,-3.0
455.84000000000003,-3.0
455.88,-3.0
455.92,-3.0
455.96000000000004,-3.0
456.0,-3.0
456.04,-3.0
456.08,-3.0
456.12,-3.0
456.16,-3.0
456.2,-3.0
456.24,-3.0
456.28000000000003,-3.0
456.32,-3.0
456.36,-3.0
456.40000000000003,-3.0
456.44,-3.0
456.48,-3.0
456.52,-3.0
456.56,-3.0
456.6,-3.0
456.64,-3.0
456.68,-3.0
456.72,-3.0
456.76,-3.0
456.8,-3.0
456.84000000000003,-3.0
456.88,-3.0
456.92,-2.8000000000000003
456.96000000000004,-3.0
457.0,-3.0
457.04,-3.0
457.08,-3.0
457.12,-3.0
457.16,-2.8000000000000003
457.2,-3.0
457.24,-3.0
457.28000000000003,-3.0
457.32,-2.8000000000000003
457.36,-3.0
457.40000000000003,-3.0
457.44,-3.0
457.48,-3.0
457.52,-3.0
457.56,-3.0
457.6,-3.0
457.64,-3.0
457.68,-3.0
457.72,-3.0
457.76,-3.0
457.8,-3.0
457.84000000000003,-3.0
457.88,-3.0
457.92,-2.8000000000000003
457.96000000000004,-3.0
458.0,-3.0
458.04,-3.0
458.08,-3.0
458.12,-3.0
458.16,-2.8000000000000003
458.2,-3.0
458.24,-3.0
458.28000000000003,-2.8000000000000003
458.32,-3.0
458.36,-2.8000000000000003
458.40000000000003,-2.8000000000000003
458.44,-3.0
458.48,-3.0
458.52,-3.0
458.56,-2.8000000000000003
458.6,-3.0
458.64,-2.8000000000000003
458.68,-2.8000000000000003
458.72,-3.0
458.76,-3.0
458.8,-3.0
458.84000000000003,-3.0
458.88,-2.8000000000000003
458.92,-2.8000000000000003
458.96000000000004,-3.0
459.0,-3.0
459.04,-3.0
459.08,-3.0
459.12,-2.8000000000000003
459.16,-3.0
459.2,-3.0
459.24,-3.0
459.28000000000003,-2.8000000000000003
459.32,-3.0
459.36,-3.0
459.40000000000003,-2.8000000000000003
459.44,-2.8000000000000003
459.48,-2.8000000000000003
459.52,-2.8000000000000003
459.56,-2.8000000000000003
459.6,-2.8000000000000003
459.64,-2.8000000000000003
459.68,-2.8000000000000003
459.72,-2.8000000000000003
459.76,-3.0
459.8,-2.8000000000000003
459.84000000000003,-2.8000000000000003
459.88,-2.8000000000000003
459.92,-2.8000000000000003
459.96000000000004,-3.0
460.0,-3.0
460.04,-3.0
460.08,-2.8000000000000003
460.12,-3.0
460.16,-2.8000000000000003
460.2,-2.8000000000000003
460.24,-2.8000000000000003
460.28000000000003,-3.0
460.32,-3.0
460.36,-3.0
460.40000000000003,-2.8000000000000003
460.44,-3.0
460.48,-2.8000000000000003
460.52,-3.0
460.56,-2.8000000000000003
460.6,-2.8000000000000003
460.64,-3.0
460.68,-2.8000000000000003
460.72,-3.0
460.76,-3.0
460.8,-3.0
460.84000000000003,-3.0
460.88,-3.0
460.92,-3.0
460.96000000000004,-3.0
461.0,-2.8000000000000003
461.04,-3.0
461.08,-3.0
461.12,-3.0
461.16,-2.8000000000000003
461.2,-2.8000000000000003
461.24,-3.0
461.28000000000003,-3.0
461.32,-2.8000000000000003
461.36,-2.8000000000000003
461.40000000000003,-3.0
461.44,-3.0
461.48,-2.8000000000000003
461.52,-2.8000000000000003
461.56,-2.8000000000000003
461.6,-2.8000000000000003
461.64,-2.8000000000000003
461.68,-3.0
461.72,-3.0
461.76,-3.0
461.8,-2.8000000000000003
461.84000000000003,-2.8000000000000003
461.88,-2.8000000000000003
461.92,-2.8000000000000003
461.96000000000004,-2.8000000000000003
462.0,-2.8000000000000003
462.04,-3.0
462.08,-2.8000000000000003
462.12,-2.8000000000000003
462.16,-2.8000000000000003
462.2,-2.8000000000000003
462.24,-2.8000000000000003
462.28000000000003,-2.8000000000000003
462.32,-2.8000000000000003
462.36,-2.8000000000000003
462.40000000000003,-2.8000000000000003
462.44,-2.8000000000000003
462.48,-2.8000000000000003
462.52,-2.8000000000000003
462.56,-3.0
462.6,-2.8000000000000003
462.64,-2.8000000000000003
462.68,-2.8000000000000003
462.72,-2.8000000000000003
462.76,-2.8000000000000003
462.8,-3.0
462.84000000000003,-3.0
462.88,-2.8000000000000003
462.92,-2.8000000000000003
462.96000000000004,-2.8000000000000003
463.0,-3.0
463.04,-2.8000000000000003
463.08,-3.0
463.12,-2.8000000000000003
463.16,-2.8000000000000003
463.2,-2.8000000000000003
463.24,-2.8000000000000003
463.28000000000003,-2.8000000000000003
463.32,-2.8000000000000003
463.36,-2.8000000000000003
463.40000000000003,-2.8000000000000003
463.44,-2.8000000000000003
463.48,-2.8000000000000003
463.52,-2.8000000000000003
463.56,-2.8000000000000003
463.6,-3.0
463.64,-2.8000000000000003
463.68,-2.8000000000000003
463.72,-2.8000000000000003
463.76,-2.8000000000000003
463.8,-2.8000000000000003
463.84000000000003,-2.8000000000000003
463.88,-2.8000000000000003
463.92,-2.8000000000000003
463.96000000000004,-2.8000000000000003
464.0,-2.8000000000000003
464.04,-2.8000000000000003
464.08,-2.8000000000000003
464.12,-2.8000000000000003
464.16,-2.8000000000000003
464.2,-2.8000000000000003
464.24,-2.8000000000000003
464.28000000000003,-2.8000000000000003
464.32,-2.8000000000000003
464.36,-2.8000000000000003
464.40000000000003,-2.8000000000000003
464.44,-3.0
464.48,-2.8000000000000003
464.52,-2.8000000000000003
464.56,-2.8000000000000003
464.6,-2.8000000000000003
464.64,-2.8000000000000003
464.68,-2.8000000000000003
464.72,-2.8000000000000003
464.76,-2.8000000000000003
464.8,-2.8000000000000003
464.84000000000003,-2.8000000000000003
464.88,-2.8000000000000003
464.92,-2.8000000000000003
464.96000000000004,-2.8000000000000003
465.0,-2.8000000000000003
465.04,-2.8000000000000003
465.08,-2.8000000000000003
465.12,-2.8000000000000003
465.16,-2.8000000000000003
465.2,-2.8000000000000003
465.24,-2.8000000000000003
465.28000000000003,-2.8000000000000003
465.32,-2.8000000000000003
465.36,-2.8000000000000003
465.40000000000003,-2.8000000000000003
465.44,-2.8000000000000003
465.48,-2.8000000000000003
465.52,-2.8000000000000003
465.56,-2.8000000000000003
465.6,-2.8000000000000003
465.64,-2.8000000000000003
465.68,-2.8000000000000003
465.72,-2.8000000000000003
465.76,-2.8000000000000003
465.8,-2.8000000000000003
465.84000000000003,-2.8000000000000003
465.88,-2.8000000000000003
465.92,-2.8000000000000003
465.96000000000004,-2.8000000000000003
466.0,-2.8000000000000003
466.04,-2.8000000000000003
466.08,-2.8000000000000003
466.12,-2.8000000000000003
466.16,-2.8000000000000003
466.2,-2.8000000000000003
466.24,-2.8000000000000003
466.28000000000003,-2.8000000000000003
466.32,-2.8000000000000003
466.36,-2.8000000000000003
466.40000000000003,-2.8000000000000003
466.44,-2.8000000000000003
466.48,-2.8000000000000003
466.52,-2.8000000000000003
466.56,-2.8000000000000003
466.6,-2.8000000000000003
466.64,-2.8000000000000003
466.68,-2.8000000000000003
466.72,-2.8000000000000003
466.76,-2.8000000000000003
466.8,-2.8000000000000003
466.84000000000003,-2.8000000000000003
466.88,-2.8000000000000003
466.92,-2.8000000000000003
466.96000000000004,-2.8000000000000003
467.0,-2.8000000000000003
467.04,-2.6
467.08,-2.8000000000000003
467.12,-2.8000000000000003
467.16,-2.8000000000000003
467.2,-2.8000000000000003
467.24,-2.8000000000000003
467.28000000000003,-2.8000000000000003
467.32,-2.8000000000000003
467.36,-2.8000000000000003
467.40000000000003,-2.8000000000000003
467.44,-2.8000000000000003
467.48,-2.8000000000000003
467.52,-2.8000000000000003
467.56,-2.8000000000000003
467.6,-2.8000000000000003
467.64,-2.8000000000000003
467.68,-2.8000000000000003
467.72,-2.8000000000000003
467.76,-2.8000000000000003
467.8,-2.8000000000000003
467.84000000000003,-2.6
467.88,-2.8000000000000003
467.92,-2.8000000000000003
467.96000000000004,-2.8000000000000003
468.0,-2.8000000000000003
468.04,-2.8000000000000003
468.08,-2.8000000000000003
468.12,-2.8000000000000003
468.16,-2.8000000000000003
468.2,-2.8000000000000003
468.24,-2.8000000000000003
468.28000000000003,-2.6
468.32,-2.6
468.36,-2.8000000000000003
468.40000000000003,-2.8000000000000003
468.44,-2.8000000000000003
468.48,-2.8000000000000003
468.52,-2.6
468.56,-2.6
468.6,-2.8000000000000003
468.64,-2.6
468.68,-2.8000000000000003
468.72,-2.6
468.76,-2.6
468.8,-2.8000000000000003
468.84000000000003,-2.6
468.88,-2.8000000000000003
468.92,-2.8000000000000003
468.96000000000004,-2.8000000000000003
469.0,-2.6
469.04,-2.8000000000000003
469.08,-2.8000000000000003
469.12,-2.8000000000000003
469.16,-2.6
469.2,-2.6
469.24,-2.6
469.28000000000003,-2.6
469.32,-2.8000000000000003
469.36,-2.6
469.40000000000003,-2.6
469.44,-2.6
469.48,-2.8000000000000003
469.52,-2.8000000000000003
469.56,-2.8000000000000003
469.6,-2.8000000000000003
469.64,-2.8000000000000003
469.68,-2.6
469.72,-2.8000000000000003
469.76,-2.6
469.8,-2.8000000000000003
469.84000000000003,-2.6
469.88,-2.8000000000000003
469.92,-2.8000000000000003
469.96000000000004,-2.8000000000000003
470.0,-2.6
470.04,-2.6
470.08,-2.6
470.12,-2.6
470.16,-2.6
470.2,-2.8000000000000003
470.24,-2.6
470.28000000000003,-2.8000000000000003
470.32,-2.6
470.36,-2.6
470.40000000000003,-2.6
470.44,-2.6
470.48,-2.8000000000000003
470.52,-2.4000000000000004
470.56,-2.6
470.6,-2.6
470.64,-2.4000000000000004
470.68,-2.6
470.72,-2.6
470.76,-2.6
470.8,-2.6
470.84000000000003,-2.6
470.88,-2.6
470.92,-2.6
470.96000000000004,-2.6
471.0,-2.8000000000000003
471.04,-2.4000000000000004
471.08,-2.6
471.12,-2.6
471.16,-2.4000000000000004
471.2,-2.4000000000000004
471.24,-2.4000000000000004
471.28000000000003,-2.4000000000000004
471.32,-2.6
471.36,-2.6
471.40000000000003,-2.6
471.44,-2.4000000000000004
471.48,-2.6
471.52,-2.6
471.56,-2.4000000000000004
471.6,-2.6
471.64,-2.6
471.68,-2.6
471.72,-2.6
471.76,-2.6
471.8,-2.6
471.84000000000003,-2.4000000000000004
471.88,-2.6
471.92,-2.6
471.96000000000004,-2.4000000000000004
472.0,-2.6
472.04,-2.6
472.08,-2.6
472.12,-2.6
472.16,-2.4000000000000004
472.2,-2.4000000000000004
472.24,-2.4000000000000004
472.28000000000003,-2.6
472.32,-2.4000000000000004
472.36,-2.4000000000000004
472.40000000000003,-2.4000000000000004
472.44,-2.6
472.48,-2.6
472.52,-2.4000000000000004
472.56,-2.6
472.6,-2.6
472.64,-2.4000000000000004
472.68,-2.4000000000000004
472.72,-2.4000000000000004
472.76,-2.4000000000000004
472.8,-2.4000000000000004
472.84000000000003,-2.4000000000000004
472.88,-2.4000000000000004
472.92,-2.4000000000000004
472.96000000000004,-2.4000000000000004
473.0,-2.4000000000000004
473.04,-2.4000000000000004
473.08,-2.4000000000000004
473.12,-2.4000000000000004
473.16,-2.4000000000000004
473.2,-2.4000000000000004
473.24,-2.4000000000000004
473.28000000000003,-2.4000000000000004
473.32,-2.6
473.36,-2.6
473.40000000000003,-2.4000000000000004
473.44,-2.6
473.48,-2.6
473.52,-2.4000000000000004
473.56,-2.4000000000000004
473.6,-2.4000000000000004
473.64,-2.4000000000000004
473.68,-2.6
473.72,-2.4000000000000004
473.76,-2.4000000000000004
473.8,-2.4000000000000004
473.84000000000003,-2.4000000000000004
473.88,-2.4000000000000004
473.92,-2.4000000000000004
473.96000000000004,-2.6
474.0,-2.4000000000000004
474.04,-2.4000000000000004
474.08,-2.4000000000000004
474.12,-2.4000000000000004
474.16,-2.4000000000000004
474.2,-2.4000000000000004
474.24,-2.6
474.28000000000003,-2.4000000000000004
474.32,-2.4000000000000004
474.36,-2.4000000000000004
474.40000000000003,-2.4000000000000004
474.44,-2.4000000000000004
474.48,-2.4000000000000004
474.52,-2.4000000000000004
474.56,-2.4000000000000004
474.6,-2.4000000000000004
474.64,-2.4000000000000004
474.68,-2.4000000000000004
474.72,-2.4000000000000004
474.76,-2.4000000000000004
474.8,-2.4000000000000004
474.84000000000003,-2.4000000000000004
474.88,-2.4000000000000004
474.92,-2.4000000000000004
474.96000000000004,-2.4000000000000004
475.0,-2.4000000000000004
475.04,-2.4000000000000004
475.08,-2.4000000000000004
475.12,-2.4000000000000004
475.16,-2.4000000000000004
475.2,-2.4000000000000004
475.24,-2.4000000000000004
475.28000000000003,-2.4000000000000004
475.32,-2.4000000000000004
475.36,-2.4000000000000004
475.40000000000003,-2.4000000000000004
475.44,-2.4000000000000004
475.48,-2.4000000000000004
475.52,-2.4000000000000004
475.56,-2.4000000000000004
475.6,-2.4000000000000004
475.64,-2.4000000000000004
475.68,-2.4000000000000004
475.72,-2.4000000000000004
475.76,-2.4000000000000004
475.8,-2.4000000000000004
475.84000000000003,-2.4000000000000004
475.88,-2.4000000000000004
475.92,-2.4000000000000004
475.96000000000004,-2.4000000000000004
476.0,-2.4000000000000004
476.04,-2.4000000000000004
476.08,-2.4000000000000004
476.12,-2.4000000000000004
476.16,-2.4000000000000004
476.2,-2.4000000000000004
476.24,-2.4000000000000004
476.28000000000003,-2.4000000000000004
476.32,-2.4000000000000004
476.36,-2.4000000000000004
476.40000000000003,-2.4000000000000004
476.44,-2.4000000000000004
476.48,-2.4000000000000004
476.52,-2.4000000000000004
476.56,-2.4000000000000004
476.6,-2.4000000000000004
476.64,-2.4000000000000004
476.68,-2.4000000000000004
476.72,-2.4000000000000004
476.76,-2.4000000000000004
476.8,-2.4000000000000004
476.84000000000003,-2.4000000000000004
476.88,-2.4000000000000004
476.92,-2.4000000000000004
476.96000000000004,-2.4000000000000004
477.0,-2.4000000000000004
477.04,-2.4000000000000004
477.08,-2.4000000000000004
477.12,-2.4000000000000004
477.16,-2.4000000000000004
477.2,-2.4000000000000004
477.24,-2.4000000000000004
477.28000000000003,-2.4000000000000004
477.32,-2.4000000000000004
477.36,-2.4000000000000004
477.40000000000003,-2.4000000000000004
477.44,-2.4000000000000004
477.48,-2.4000000000000004
477.52,-2.4000000000000004
477.56,-2.4000000000000004
477.6,-2.4000000000000004
477.64,-2.4000000000000004
477.68,-2.4000000000000004
477.72,-2.4000000000000004
477.76,-2.4000000000000004
477.8,-2.4000000000000004
477.84000000000003,-2.4000000000000004
477.88,-2.4000000000000004
477.92,-2.4000000000000004
477.96000000000004,-2.4000000000000004
478.0,-2.4000000000000004
478.04,-2.4000000000000004
478.08,-2.4000000000000004
478.12,-2.4000000000000004
478.16,-2.4000000000000004
478.2,-2.4000000000000004
478.24,-2.4000000000000004
478.28000000000003,-2.4000000000000004
478.32,-2.4000000000000004
478.36,-2.4000000000000004
478.40000000000003,-2.4000000000000004
478.44,-2.4000000000000004
478.48,-2.4000000000000004
478.52,-2.4000000000000004
478.56,-2.4000000000000004
478.6,-2.4000000000000004
478.64,-2.4000000000000004
478.68,-2.4000000000000004
478.72,-2.4000000000000004
478.76,-2.4000000000000004
478.8,-2.4000000000000004
478.84000000000003,-2.4000000000000004
478.88,-2.4000000000000004
478.92,-2.4000000000000004
478.96000000000004,-2.4000000000000004
479.0,-2.4000000000000004
479.04,-2.4000000000000004
479.08,-2.4000000000000004
479.12,-2.4000000000000004
479.16,-2.4000000000000004
479.2,-2.4000000000000004
479.24,-2.4000000000000004
479.28000000000003,-2.4000000000000004
479.32,-2.4000000000000004
479.36,-2.4000000000000004
479.40000000000003,-2.4000000000000004
479.44,-2.4000000000000004
479.48,-2.4000000000000004
479.52,-2.4000000000000004
479.56,-2.4000000000000004
479.6,-2.4000000000000004
479.64,-2.4000000000000004
479.68,-2.4000000000000004
479.72,-2.4000000000000004
479.76,-2.4000000000000004
479.8,-2.4000000000000004
479.84000000000003,-2.4000000000000004
479.88,-2.2
479.92,-2.4000000000000004
479.96000000000004,-2.4000000000000004
480.0,-2.4000000000000004
480.04,-2.4000000000000004
480.08,-2.4000000000000004
480.12,-2.4000000000000004
480.16,-2.4000000000000004
480.2,-2.4000000000000004
480.24,-2.4000000000000004
480.28000000000003,-2.4000000000000004
480.32,-2.4000000000000004
480.36,-2.4000000000000004
480.40000000000003,-2.4000000000000004
480.44,-2.2
480.48,-2.4000000000000004
480.52,-2.4000000000000004
480.56,-2.4000000000000004
480.6,-2.4000000000000004
480.64,-2.4000000000000004
480.68,-2.4000000000000004
480.72,-2.4000000000000004
480.76,-2.2
480.8,-2.4000000000000004
480.84000000000003,-2.4000000000000004
480.88,-2.4000000000000004
480.92,-2.4000000000000004
480.96000000000004,-2.2
481.0,-2.4000000000000004
481.04,-2.2
481.08,-2.4000000000000004
481.12,-2.4000000000000004
481.16,-2.4000000000000004
481.2,-2.2
481.24,-2.4000000000000004
481.28000000000003,-2.4000000000000004
481.32,-2.4000000000000004
481.36,-2.2
481.40000000000003,-2.2
481.44,-2.4000000000000004
481.48,-2.2
481.52,-2.4000000000000004
481.56,-2.2
481.6,-2.2
481.64,-2.4000000000000004
481.68,-2.2
481.72,-2.4000000000000004
481.76,-2.2
481.8,-2.4000000000000004
481.84000000000003,-2.2
481.88,-2.4000000000000004
481.92,-2.4000000000000004
481.96000000000004,-2.4000000000000004
482.0,-2.4000000000000004
482.04,-2.4000000000000004
482.08,-2.4000000000000004
482.12,-2.4000000000000004
482.16,-2.4000000000000004
482.2,-2.2
482.24,-2.2
482.28000000000003,-2.4000000000000004
482.32,-2.2
482.36,-2.4000000000000004
482.40000000000003,-2.2
482.44,-2.2
482.48,-2.2
482.52,-2.2
482.56,-2.2
482.6,-2.2
482.64,-2.4000000000000004
482.68,-2.2
482.72,-2.2
482.76,-2.4000000000000004
482.8,-2.2
482.84000000000003,-2.4000000000000004
482.88,-2.2
482.92,-2.4000000000000004
482.96000000000004,-2.4000000000000004
483.0,-2.2
483.04,-2.2
483.08,-2.2
483.12,-2.4000000000000004
483.16,-2.2
483.2,-2.2
483.24,-2.2
483.28000000000003,-2.4000000000000004
483.32,-2.2
483.36,-2.2
483.40000000000003,-2.2
483.44,-2.2
483.48,-2.2
483.52,-2.2
483.56,-2.2
483.6,-2.4000000000000004
483.64,-2.2
483.68,-2.4000000000000004
483.72,-2.2
483.76,-2.2
483.8,-2.2
483.84000000000003,-2.2
483.88,-2.2
483.92,-2.2
483.96000000000004,-2.2
484.0,-2.2
484.04,-2.2
484.08,-2.4000000000000004
484.12,-2.2
484.16,-2.4000000000000004
484.2,-2.2
484.24,-2.2
484.28000000000003,-2.2
484.32,-2.2
484.36,-2.2
484.40000000000003,-2.2
484.44,-2.2
484.48,-2.2
484.52,-2.2
484.56,-2.2
484.6,-2.2
484.64,-2.2
484.68,-2.2
484.72,-2.2
484.76,-2.2
484.8,-2.2
484.84000000000003,-2.2
484.88,-2.2
484.92,-2.2
484.96000000000004,-2.4000000000000004
485.0,-2.2
485.04,-2.2
485.08,-2.2
485.12,-2.2
485.16,-2.4000000000000004
485.2,-2.2
485.24,-2.4000000000000004
485.28000000000003,-2.2
485.32,-2.2
485.36,-2.4000000000000004
485.40000000000003,-2.2
485.44,-2.2
485.48,-2.2
485.52,-2.2
485.56,-2.2
485.6,-2.2
485.64,-2.2
485.68,-2.2
485.72,-2.2
485.76,-2.2
485.8,-2.2
485.84000000000003,-2.2
485.88,-2.2
485.92,-2.2
485.96000000000004,-2.2
486.0,-2.2
486.04,-2.2
486.08,-2.2
486.12,-2.2
486.16,-2.2
486.2,-2.2
486.24,-2.2
486.28000000000003,-2.2
486.32,-2.2
486.36,-2.2
486.40000000000003,-2.2
486.44,-2.2
486.48,-2.2
486.52,-2.2
486.56,-2.2
486.6,-2.2
486.64,-2.2
486.68,-2.2
486.72,-2.2
486.76,-2.2
486.8,-2.2
486.84000000000003,-2.2
486.88,-2.2
486.92,-2.2
486.96000000000004,-2.2
487.0,-2.2
487.04,-2.2
487.08,-2.2
487.12,-2.2
487.16,-2.2
487.2,-2.2
487.24,-2.2
487.28000000000003,-2.2
487.32,-2.2
487.36,-2.2
487.40000000000003,-2.2
487.44,-2.2
487.48,-2.2
487.52,-2.2
487.56,-2.2
487.6,-2.2
487.64,-2.2
487.68,-2.2
487.72,-2.2
487.76,-2.2
487.8,-2.2
487.84000000000003,-2.2
487.88,-2.2
487.92,-2.2
487.96000000000004,-2.2
488.0,-2.2
488.04,-2.2
488.08,-2.2
488.12,-2.2
488.16,-2.2
488.2,-2.2
488.24,-2.2
488.28000000000003,-2.2
488.32,-2.2
488.36,-2.2
488.40000000000003,-2.2
488.44,-2.2
488.48,-2.2
488.52,-2.2
488.56,-2.2
488.6,-2.2
488.64,-2.2
488.68,-2.0
488.72,-2.2
488.76,-2.2
488.8,-2.2
488.84000000000003,-2.2
488.88,-2.2
488.92,-2.2
488.96000000000004,-2.2
489.0,-2.2
489.04,-2.2
489.08,-2.2
489.12,-2.2
489.16,-2.2
489.2,-2.2
489.24,-2.2
489.28000000000003,-2.2
489.32,-2.2
489.36,-2.2
489.40000000000003,-2.2
489.44,-2.2
489.48,-2.2
489.52,-2.2
489.56,-2.2
489.6,-2.0
489.64,-2.2
489.68,-2.2
489.72,-2.2
489.76,-2.2
489.8,-2.2
489.84000000000003,-2.2
489.88,-2.2
489.92,-2.2
489.96000000000004,-2.2
490.0,-2.2
490.04,-2.2
490.08,-2.2
490.12,-2.2
490.16,-2.2
490.2,-2.2
490.24,-2.2
490.28000000000003,-2.2
490.32,-2.2
490.36,-2.0
490.40000000000003,-2.2
490.44,-2.2
490.48,-2.0
490.52,-2.2
490.56,-2.2
490.6,-2.2
490.64,-2.2
490.68,-2.2
490.72,-2.2
490.76,-2.2
490.8,-2.0
490.84000000000003,-2.2
490.88,-2.2
490.92,-2.2
490.96000000000004,-2.2
491.0,-2.2
491.04,-2.0
491.08,-2.2
491.12,-2.2
491.16,-2.2
491.2,-2.2
491.24,-2.0
491.28000000000003,-2.2
491.32,-2.2
491.36,-2.2
491.40000000000003,-2.2
491.44,-2.2
491.48,-2.2
491.52,-2.0
491.56,-2.0
491.6,-2.2
491.64,-2.0
491.68,-2.2
491.72,-2.0
491.76,-2.0
491.8,-2.2
491.84000000000003,-2.0
491.88,-2.0
491.92,-2.2
491.96000000000004,-2.2
492.0,-2.2
492.04,-2.0
492.08,-2.0
492.12,-2.0
492.16,-2.2
492.2,-2.2
492.24,-2.0
492.28000000000003,-2.0
492.32,-2.0
492.36,-2.0
492.40000000000003,-2.0
492.44,-2.0
492.48,-2.2
492.52000000000004,-2.0
492.56,-2.0
492.6,-2.2
492.64,-2.0
492.68,-2.0
492.72,-2.0
492.76,-2.2
492.8,-2.2
492.84000000000003,-2.0
492.88,-2.2
492.92,-2.0
492.96000000000004,-2.2
493.0,-2.0
493.04,-2.2
493.08,-2.0
493.12,-2.0
493.16,-2.2
493.2,-2.0
493.24,-2.0
493.28000000000003,-2.0
493.32,-2.0
493.36,-2.0
493.40000000000003,-2.0
493.44,-2.2
493.48,-2.0
493.52000000000004,-2.0
493.56,-2.0
493.6,-2.2
493.64,-2.2
493.68,-2.0
493.72,-2.0
493.76,-2.0
493.8,-2.0
493.84000000000003,-2.2
493.88,-2.0
493.92,-2.0
493.96000000000004,-2.0
494.0,-2.0
494.04,-2.0
494.08,-2.0
494.12,-2.2
494.16,-2.0
494.2,-2.0
494.24,-2.0
494.28000000000003,-2.0
494.32,-2.2
494.36,-2.0
494.40000000000003,-2.0
494.44,-2.0
494.48,-2.0
494.52000000000004,-2.0
494.56,-2.0
494.6,-2.2
494.64,-2.0
494.68,-2.0
494.72,-2.0
494.76,-2.2
494.8,-2.0
494.84000000000003,-2.0
494.88,-2.2
494.92,-2.0
494.96000000000004,-2.0
495.0,-2.0
495.04,-2.0
495.08,-2.0
495.12,-2.0
495.16,-2.0
495.2,-2.0
495.24,-2.0
495.28000000000003,-2.0
495.32,-2.0
495.36,-2.2
495.40000000000003,-2.2
495.44,-2.0
495.48,-2.0
495.52000000000004,-2.0
495.56,-2.0
495.6,-2.0
495.64,-2.0
495.68,-2.0
495.72,-2.0
495.76,-2.0
495.8,-2.0
495.84000000000003,-2.2
495.88,-2.0
495.92,-2.0
495.96000000000004,-2.0
496.0,-2.0
496.04,-2.0
496.08,-2.0
496.12,-2.0
496.16,-2.0
496.2,-2.0
496.24,-2.0
496.28000000000003,-2.0
496.32,-2.0
496.36,-2.0
496.40000000000003,-2.0
496.44,-2.0
496.48,-2.0
496.52000000000004,-2.0
496.56,-2.0
496.6,-2.0
496.64,-2.0
496.68,-2.0
496.72,-2.0
496.76,-2.0
496.8,-2.0
496.84000000000003,-2.0
496.88,-2.0
496.92,-2.0
496.96000000000004,-2.0
497.0,-2.0
497.04,-2.0
497.08,-2.0
497.12,-2.0
497.16,-2.0
497.2,-2.0
497.24,-2.0
497.28000000000003,-2.0
497.32,-2.0
497.36,-2.0
497.40000000000003,-2.0
497.44,-2.0
497.48,-2.0
497.52000000000004,-2.0
497.56,-2.0
497.6,-2.0
497.64,-2.0
497.68,-2.0
497.72,-2.0
497.76,-2.0
497.8,-2.0
497.84000000000003,-2.0
497.88,-2.0
497.92,-1.8
497.96000000000004,-2.0
498.0,-2.0
498.04,-2.0
498.08,-2.0
498.12,-2.0
498.16,-2.0
498.2,-2.0
498.24,-2.0
498.28000000000003,-2.0
498.32,-2.0
498.36,-2.0
498.40000000000003,-2.0
498.44,-2.0
498.48,-1.8
498.52000000000004,-2.0
498.56,-2.0
498.6,-2.0
498.64,-2.0
498.68,-2.0
498.72,-2.0
498.76,-2.0
498.8,-2.0
498.84000000000003,-1.8
498.88,-2.0
498.92,-2.0
498.96000000000004,-2.0
499.0,-2.0
499.04,-1.8
499.08,-2.0
499.12,-1.8
499.16,-1.8
499.2,-2.0
499.24,-2.0
499.28000000000003,-1.8
499.32,-2.0
499.36,-1.8
499.40000000000003,-1.8
499.44,-2.0
499.48,-2.0
499.52000000000004,-1.8
499.56,-2.0
499.6,-2.0
499.64,-1.8
499.68,-1.8
499.72,-2.0
499.76,-2.0
499.8,-1.8
499.84000000000003,-2.0
499.88,-2.0
499.92,-2.0
499.96000000000004,-1.8
500.0,-2.0
500.04,-2.0
500.08,-2.0
500.12,-2.0
500.16,-2.0
500.2,-1.8
500.24,-2.0
500.28000000000003,-2.0
500.32,-2.0
500.36,-1.8
500.40000000000003,-1.8
500.44,-2.0
500.48,-2.0
500.52000000000004,-1.8
500.56,-1.8
500.6,-2.0
500.64,-2.0
500.68,-1.8
500.72,-1.8
500.76,-2.0
500.8,-2.0
500.84000000000003,-1.8
500.88,-2.0
500.92,-1.8
500.96000000000004,-2.0
501.0,-2.0
501.04,-1.8
501.08,-2.0
501.12,-1.8
501.16,-2.0
501.2,-1.8
501.24,-1.8
501.28000000000003,-1.8
501.32,-2.0
501.36,-1.8
501.40000000000003,-2.0
501.44,-2.0
501.48,-2.0
501.52000000000004,-1.8
501.56,-1.8
501.6,-1.8
501.64,-1.8
501.68,-1.8
501.72,-2.0
501.76,-1.8
501.8,-1.8
501.84000000000003,-1.8
501.88,-1.8
501.92,-1.8
501.96000000000004,-1.8
502.0,-1.8
502.04,-1.8
502.08,-2.0
502.12,-2.0
502.16,-1.6
502.2,-1.8
502.24,-1.8
502.28000000000003,-1.8
502.32,-1.8
502.36,-1.8
502.40000000000003,-1.8
502.44,-1.8
502.48,-2.0
502.52000000000004,-1.8
502.56,-1.6
502.6,-1.8
502.64,-1.8
502.68,-1.8
502.72,-1.8
502.76,-1.8
502.8,-1.8
502.84000000000003,-1.8
502.88,-1.8
502.92,-1.8
502.96000000000004,-1.8
503.0,-1.8
503.04,-1.8
503.08,-1.8
503.12,-1.8
503.16,-1.8
503.2,-1.6
503.24,-1.8
503.28000000000003,-1.8
503.32,-1.6
503.36,-1.6
503.40000000000003,-1.8
503.44,-2.0
503.48,-1.8
503.52000000000004,-1.8
503.56,-1.8
503.6,-1.8
503.64,-1.8
503.68,-1.8
503.72,-1.6
503.76,-1.6
503.8,-1.6
503.84000000000003,-1.6
503.88,-1.8
503.92,-1.6
503.96000000000004,-1.6
504.0,-1.8
504.04,-1.6
504.08,-1.6
504.12,-2.0
504.16,-1.6
504.2,-1.8
504.24,-1.8
504.28000000000003,-2.0
504.32,-1.8
504.36,-1.6
504.40000000000003,-1.8
504.44,-1.6
504.48,-1.8
504.52000000000004,-1.8
504.56,-1.8
504.6,-1.8
504.64,-1.8
504.68,-1.8
504.72,-1.8
504.76,-1.8
504.8,-1.8
504.84000000000003,-1.8
504.88,-1.8
504.92,-1.8
504.96000000000004,-2.0
505.0,-1.8
505.04,-1.8
505.08,-1.6
505.12,-1.8
505.16,-1.8
505.2,-1.8
505.24,-1.8
505.28000000000003,-1.6
505.32,-1.6
505.36,-1.6
505.40000000000003,-1.8
505.44,-1.8
505.48,-1.6
505.52000000000004,-1.6
505.56,-1.8
505.6,-1.6
505.64,-1.8
505.68,-1.8
505.72,-1.6
505.76,-1.6
505.8,-1.8
505.84000000000003,-1.6
505.88,-1.6
505.92,-1.6
505.96000000000004,-1.6
506.0,-1.8
506.04,-1.6
506.08,-1.8
506.12,-1.6
506.16,-1.6
506.2,-1.8
506.24,-1.8
506.28000000000003,-1.6
506.32,-1.8
506.36,-1.6
506.40000000000003,-1.6
506.44,-1.6
506.48,-1.6
506.52000000000004,-1.6
506.56,-1.8
506.6,-1.8
506.64,-1.6
506.68,-1.6
506.72,-1.6
506.76,-1.8
506.8,-1.8
506.84000000000003,-1.6
506.88,-1.8
506.92,-1.8
506.96000000000004,-1.6
507.0,-1.6
507.04,-1.6
507.08,-1.6
507.12,-1.6
507.16,-1.8
507.2,-1.6
507.24,-1.6
507.28000000000003,-1.6
507.32,-1.8
507.36,-1.6
507.40000000000003,-1.6
507.44,-1.8
507.48,-1.6
507.52000000000004,-1.8
507.56,-1.8
507.6,-1.8
507.64,-1.6
507.68,-1.6
507.72,-1.6
507.76,-1.8
507.8,-1.8
507.84000000000003,-1.8
507.88,-1.6
507.92,-1.6
507.96000000000004,-1.6
508.0,-1.6
508.04,-1.6
508.08,-1.8
508.12,-1.8
508.16,-1.8
508.2,-1.6
508.24,-1.6
508.28000000000003,-1.6
508.32,-1.6
508.36,-1.8
508.40000000000003,-1.6
508.44,-1.8
508.48,-1.6
508.52000000000004,-1.6
508.56,-1.6
508.6,-1.6
508.64,-1.6
508.68,-1.6
508.72,-1.6
508.76,-1.6
508.8,-1.6
508.84000000000003,-1.8
508.88,-1.6
508.92,-1.6
508.96000000000004,-1.8
509.0,-1.6
509.04,-1.8
509.08,-1.6
509.12,-1.8
509.16,-1.6
509.2,-1.8
509.24,-1.6
509.28000000000003,-1.6
509.32,-1.6
509.36,-1.6
509.40000000000003,-1.8
509.44,-1.6
509.48,-1.6
509.52000000000004,-1.6
509.56,-1.6
509.6,-1.6
509.64,-1.6
509.68,-1.6
509.72,-1.8
509.76,-1.6
509.8,-1.6
509.84000000000003,-1.6
509.88,-1.6
509.92,-1.6
509.96000000000004,-1.6
510.0,-1.6
510.04,-1.6
510.08,-1.6
510.12,-1.6
510.16,-1.6
510.2,-1.6
510.24,-1.6
510.28000000000003,-1.6
510.32,-1.6
510.36,-1.6
510.40000000000003,-1.6
510.44,-1.6
510.48,-1.6
510.52000000000004,-1.6
510.56,-1.6
510.6,-1.6
510.64,-1.6
510.68,-1.6
510.72,-1.6
510.76,-1.8
510.8,-1.6
510.84000000000003,-1.6
510.88,-1.6
510.92,-1.6
510.96000000000004,-1.6
511.0,-1.6
511.04,-1.6
511.08,-1.6
511.12,-1.6
511.16,-1.6
511.2,-1.6
511.24,-1.6
511.28000000000003,-1.6
511.32,-1.6
511.36,-1.6
511.40000000000003,-1.6
511.44,-1.6
511.48,-1.8
511.52000000000004,-1.6
511.56,-1.6
511.6,-1.6
511.64,-1.6
511.68,-1.6
511.72,-1.6
511.76,-1.6
511.8,-1.6
511.84000000000003,-1.6
511.88,-1.6
511.92,-1.6
511.96000000000004,-1.6
512.0,-1.6
512.04,-1.6
512.08,-1.6
512.12,-1.6
512.16,-1.6
512.2,-1.6
512.24,-1.6
512.28,-1.6
512.32,-1.6
512.36,-1.6
512.4,-1.6
512.44,-1.6
512.48,-1.6
512.52,-1.6
512.5600000000001,-1.6
512.6,-1.6
512.64,-1.6
512.6800000000001,-1.6
512.72,-1.6
512.76,-1.6
512.8,-1.6
512.84,-1.6
512.88,-1.6
512.92,-1.6
512.96,-1.6
513.0,-1.6
513.04,-1.6
513.08,-1.6
513.12,-1.6
513.16,-1.6
513.2,-1.6
513.24,-1.6
513.28,-1.6
513.32,-1.6
513.36,-1.6
513.4,-1.6
513.44,-1.6
513.48,-1.6
513.52,-1.6
513.5600000000001,-1.6
513.6,-1.6
513.64,-1.6
513.6800000000001,-1.6
513.72,-1.6
513.76,-1.6
513.8,-1.6
513.84,-1.6
513.88,-1.6
513.92,-1.6
513.96,-1.6
514.0,-1.6
514.04,-1.6
514.08,-1.6
514.12,-1.6
514.16,-1.6
514.2,-1.6
514.24,-1.6
514.28,-1.6
514.32,-1.6
514.36,-1.6
514.4,-1.6
514.44,-1.6
514.48,-1.6
514.52,-1.6
514.5600000000001,-1.6
514.6,-1.6
514.64,-1.6
514.6800000000001,-1.6
514.72,-1.6
514.76,-1.6
514.8,-1.6
514.84,-1.6
514.88,-1.6
514.92,-1.6
514.96,-1.6
515.0,-1.6
515.04,-1.6
515.08,-1.6
515.12,-1.6
515.16,-1.6
515.2,-1.6
515.24,-1.4000000000000001
515.28,-1.6
515.32,-1.6
515.36,-1.6
515.4,-1.6
515.44,-1.6
515.48,-1.6
515.52,-1.6
515.5600000000001,-1.6
515.6,-1.6
515.64,-1.4000000000000001
515.6800000000001,-1.6
515.72,-1.6
515.76,-1.6
515.8,-1.6
515.84,-1.6
515.88,-1.6
515.92,-1.6
515.96,-1.6
516.0,-1.6
516.04,-1.6
516.08,-1.6
516.12,-1.6
516.16,-1.6
516.2,-1.6
516.24,-1.6
516.28,-1.6
516.32,-1.6
516.36,-1.6
516.4,-1.6
516.44,-1.6
516.48,-1.6
516.52,-1.6
516.5600000000001,-1.6
516.6,-1.6
516.64,-1.6
516.6800000000001,-1.6
516.72,-1.6
516.76,-1.6
516.8,-1.6
516.84,-1.6
516.88,-1.6
516.92,-1.6
516.96,-1.4000000000000001
517.0,-1.6
517.04,-1.6
517.08,-1.6
517.12,-1.6
517.16,-1.6
517.2,-1.4000000000000001
517.24,-1.6
517.28,-1.6
517.32,-1.4000000000000001
517.36,-1.6
517.4,-1.6
517.44,-1.6
517.48,-1.4000000000000001
517.52,-1.6
517.5600000000001,-1.6
517.6,-1.6
517.64,-1.6
517.6800000000001,-1.6
517.72,-1.6
517.76,-1.6
517.8,-1.4000000000000001
517.84,-1.6
517.88,-1.4000000000000001
517.92,-1.6
517.96,-1.6
518.0,-1.4000000000000001
518.04,-1.4000000000000001
518.08,-1.4000000000000001
518.12,-1.4000000000000001
518.16,-1.4000000000000001
518.2,-1.6
518.24,-1.4000000000000001
518.28,-1.6
518.32,-1.4000000000000001
518.36,-1.4000000000000001
518.4,-1.6
518.44,-1.6
518.48,-1.4000000000000001
518.52,-1.6
518.5600000000001,-1.6
518.6,-1.6
518.64,-1.6
518.6800000000001,-1.4000000000000001
518.72,-1.6
518.76,-1.6
518.8,-1.4000000000000001
518.84,-1.6
518.88,-1.6
518.92,-1.4000000000000001
518.96,-1.4000000000000001
519.0,-1.4000000000000001
519.04,-1.6
519.08,-1.6
519.12,-1.6
519.16,-1.6
519.2,-1.6
519.24,-1.4000000000000001
519.28,-1.6
519.32,-1.4000000000000001
519.36,-1.4000000000000001
519.4,-1.6
519.44,-1.4000000000000001
519.48,-1.4000000000000001
519.52,-1.6
519.5600000000001,-1.6
519.6,-1.4000000000000001
519.64,-1.4000000000000001
519.6800000000001,-1.4000000000000001
519.72,-1.4000000000000001
519.76,-1.6
519.8,-1.4000000000000001
519.84,-1.4000000000000001
519.88,-1.4000000000000001
519.92,-1.6
519.96,-1.4000000000000001
520.0,-1.4000000000000001
520.04,-1.6
520.08,-1.6
520.12,-1.6
520.16,-1.6
520.2,-1.4000000000000001
520.24,-1.6
520.28,-1.4000000000000001
520.32,-1.4000000000000001
520.36,-1.6
520.4,-1.4000000000000001
520.44,-1.6
520.48,-1.4000000000000001
520.52,-1.4000000000000001
520.5600000000001,-1.4000000000000001
520.6,-1.4000000000000001
520.64,-1.6
520.6800000000001,-1.4000000000000001
520.72,-1.4000000000000001
520.76,-1.4000000000000001
520.8,-1.4000000000000001
520.84,-1.4000000000000001
520.88,-1.4000000000000001
520.92,-1.4000000000000001
520.96,-1.4000000000000001
521.0,-1.4000000000000001
521.04,-1.4000000000000001
521.08,-1.4000000000000001
521.12,-1.6
521.16,-1.4000000000000001
521.2,-1.4000000000000001
521.24,-1.4000000000000001
521.28,-1.4000000000000001
521.32,-1.4000000000000001
521.36,-1.4000000000000001
521.4,-1.4000000000000001
521.44,-1.4000000000000001
521.48,-1.4000000000000001
521.52,-1.4000000000000001
521.5600000000001,-1.4000000000000001
521.6,-1.4000000000000001
521.64,-1.4000000000000001
521.6800000000001,-1.4000000000000001
521.72,-1.4000000000000001
521.76,-1.4000000000000001
521.8,-1.4000000000000001
521.84,-1.4000000000000001
521.88,-1.4000000000000001
521.92,-1.4000000000000001
521.96,-1.4000000000000001
522.0,-1.4000000000000001
522.04,-1.4000000000000001
522.08,-1.4000000000000001
522.12,-1.4000000000000001
522.16,-1.4000000000000001
522.2,-1.4000000000000001
522.24,-1.4000000000000001
522.28,-1.6
522.32,-1.2000000000000002
522.36,-1.4000000000000001
522.4,-1.4000000000000001
522.44,-1.4000000000000001
522.48,-1.4000000000000001
522.52,-1.4000000000000001
522.5600000000001,-1.4000000000000001
522.6,-1.4000000000000001
522.64,-1.4000000000000001
522.6800000000001,-1.4000000000000001
522.72,-1.4000000000000001
522.76,-1.4000000000000001
522.8,-1.4000000000000001
522.84,-1.4000000000000001
522.88,-1.4000000000000001
522.92,-1.4000000000000001
522.96,-1.4000000000000001
523.0,-1.4000000000000001
523.04,-1.4000000000000001
523.08,-1.4000000000000001
523.12,-1.4000000000000001
523.16,-1.4000000000000001
523.2,-1.4000000000000001
523.24,-1.4000000000000001
523.28,-1.4000000000000001
523.32,-1.2000000000000002
523.36,-1.4000000000000001
523.4,-1.4000000000000001
523.44,-1.4000000000000001
523.48,-1.4000000000000001
523.52,-1.4000000000000001
523.5600000000001,-1.4000000000000001
523.6,-1.4000000000000001
523.64,-1.4000000000000001
523.6800000000001,-1.4000000000000001
523.72,-1.4000000000000001
523.76,-1.4000000000000001
523.8,-1.4000000000000001
523.84,-1.4000000000000001
523.88,-1.4000000000000001
523.92,-1.4000000000000001
523.96,-1.4000000000000001
524.0,-1.4000000000000001
524.04,-1.4000000000000001
524.08,-1.4000000000000001
524.12,-1.4000000000000001
524.16,-1.4000000000000001
524.2,-1.4000000000000001
524.24,-1.4000000000000001
524.28,-1.4000000000000001
524.32,-1.4000000000000001
524.36,-1.4000000000000001
524.4,-1.4000000000000001
524.44,-1.4000000000000001
524.48,-1.4000000000000001
524.52,-1.4000000000000001
524.5600000000001,-1.4000000000000001
524.6,-1.4000000000000001
524.64,-1.4000000000000001
524.6800000000001,-1.4000000000000001
524.72,-1.4000000000000001
524.76,-1.2000000000000002
524.8,-1.4000000000000001
524.84,-1.4000000000000001
524.88,-1.4000000000000001
524.92,-1.4000000000000001
524.96,-1.4000000000000001
525.0,-1.4000000000000001
525.04,-1.4000000000000001
525.08,-1.2000000000000002
525.12,-1.4000000000000001
525.16,-1.4000000000000001
525.2,-1.4000000000000001
525.24,-1.4000000000000001
525.28,-1.4000000000000001
525.32,-1.4000000000000001
525.36,-1.4000000000000001
525.4,-1.4000000000000001
525.44,-1.4000000000000001
525.48,-1.4000000000000001
525.52,-1.2000000000000002
525.5600000000001,-1.2000000000000002
525.6,-1.4000000000000001
525.64,-1.4000000000000001
525.6800000000001,-1.4000000000000001
525.72,-1.4000000000000001
525.76,-1.4000000000000001
525.8,-1.4000000000000001
525.84,-1.4000000000000001
525.88,-1.4000000000000001
525.92,-1.4000000000000001
525.96,-1.4000000000000001
526.0,-1.4000000000000001
526.04,-1.4000000000000001
526.08,-1.4000000000000001
526.12,-1.4000000000000001
526.16,-1.4000000000000001
526.2,-1.2000000000000002
526.24,-1.4000000000000001
526.28,-1.4000000000000001
526.32,-1.4000000000000001
526.36,-1.4000000000000001
526.4,-1.4000000000000001
526.44,-1.4000000000000001
526.48,-1.4000000000000001
526.52,-1.2000000000000002
526.5600000000001,-1.2000000000000002
526.6,-1.4000000000000001
526.64,-1.4000000000000001
526.6800000000001,-1.4000000000000001
526.72,-1.2000000000000002
526.76,-1.4000000000000001
526.8,-1.2000000000000002
526.84,-1.4000000000000001
526.88,-1.2000000000000002
526.92,-1.2000000000000002
526.96,-1.4000000000000001
527.0,-1.2000000000000002
527.04,-1.4000000000000001
527.08,-1.4000000000000001
527.12,-1.4000000000000001
527.16,-1.2000000000000002
527.2,-1.4000000000000001
527.24,-1.4000000000000001
527.28,-1.4000000000000001
527.32,-1.2000000000000002
527.36,-1.4000000000000001
527.4,-1.2000000000000002
527.44,-1.4000000000000001
527.48,-1.4000000000000001
527.52,-1.4000000000000001
527.5600000000001,-1.4000000000000001
527.6,-1.4000000000000001
527.64,-1.4000000000000001
527.6800000000001,-1.4000000000000001
527.72,-1.4000000000000001
527.76,-1.4000000000000001
527.8,-1.4000000000000001
527.84,-1.4000000000000001
527.88,-1.4000000000000001
527.92,-1.4000000000000001
527.96,-1.4000000000000001
528.0,-1.4000000000000001
528.04,-1.4000000000000001
528.08,-1.2000000000000002
528.12,-1.4000000000000001
528.16,-1.4000000000000001
528.2,-1.4000000000000001
528.24,-1.4000000000000001
528.28,-1.2000000000000002
528.32,-1.2000000000000002
528.36,-1.2000000000000002
528.4,-1.4000000000000001
528.44,-1.4000000000000001
528.48,-1.4000000000000001
528.52,-1.2000000000000002
528.5600000000001,-1.4000000000000001
528.6,-1.4000000000000001
528.64,-1.4000000000000001
528.6800000000001,-1.4000000000000001
528.72,-1.4000000000000001
528.76,-1.2000000000000002
528.8,-1.4000000000000001
528.84,-1.2000000000000002
528.88,-1.2000000000000002
528.92,-1.2000000000000002
528.96,-1.4000000000000001
529.0,-1.4000000000000001
529.04,-1.4000000000000001
529.08,-1.4000000000000001
529.12,-1.2000000000000002
529.16,-1.2000000000000002
529.2,-1.4000000000000001
529.24,-1.4000000000000001
529.28,-1.4000000000000001
529.32,-1.2000000000000002
529.36,-1.4000000000000001
529.4,-1.4000000000000001
529.44,-1.2000000000000002
529.48,-1.4000000000000001
529.52,-1.4000000000000001
529.5600000000001,-1.4000000000000001
529.6,-1.4000000000000001
529.64,-1.4000000000000001
529.6800000000001,-1.4000000000000001
529.72,-1.2000000000000002
529.76,-1.2000000000000002
529.8,-1.2000000000000002
529.84,-1.4000000000000001
529.88,-1.2000000000000002
529.92,-1.2000000000000002
529.96,-1.4000000000000001
530.0,-1.4000000000000001
530.04,-1.4000000000000001
530.08,-1.4000000000000001
530.12,-1.4000000000000001
530.16,-1.4000000000000001
530.2,-1.2000000000000002
530.24,-1.2000000000000002
530.28,-1.2000000000000002
530.32,-1.2000000000000002
530.36,-1.4000000000000001
530.4,-1.4000000000000001
530.44,-1.4000000000000001
530.48,-1.2000000000000002
530.52,-1.4000000000000001
530.5600000000001,-1.4000000000000001
530.6,-1.2000000000000002
530.64,-1.4000000000000001
530.6800000000001,-1.4000000000000001
530.72,-1.4000000000000001
530.76,-1.4000000000000001
530.8,-1.4000000000000001
530.84,-1.4000000000000001
530.88,-1.2000000000000002
530.92,-1.4000000000000001
530.96,-1.2000000000000002
531.0,-1.2000000000000002
531.04,-1.2000000000000002
531.08,-1.4000000000000001
531.12,-1.2000000000000002
531.16,-1.2000000000000002
531.2,-1.2000000000000002
531.24,-1.4000000000000001
531.28,-1.2000000000000002
531.32,-1.4000000000000001
531.36,-1.2000000000000002
531.4,-1.2000000000000002
531.44,-1.2000000000000002
531.48,-1.2000000000000002
531.52,-1.4000000000000001
531.5600000000001,-1.4000000000000001
531.6,-1.2000000000000002
531.64,-1.4000000000000001
531.6800000000001,-1.4000000000000001
531.72,-1.4000000000000001
531.76,-1.4000000000000001
531.8,-1.2000000000000002
531.84,-1.2000000000000002
531.88,-1.2000000000000002
531.92,-1.2000000000000002
531.96,-1.4000000000000001
532.0,-1.2000000000000002
532.04,-1.2000000000000002
532.08,-1.2000000000000002
532.12,-1.2000000000000002
532.16,-1.4000000000000001
532.2,-1.4000000000000001
532.24,-1.4000000000000001
532.28,-1.4000000000000001
532.32,-1.2000000000000002
532.36,-1.2000000000000002
532.4,-1.4000000000000001
532.44,-1.4000000000000001
532.48,-1.2000000000000002
532.52,-1.4000000000000001
532.5600000000001,-1.4000000000000001
532.6,-1.2000000000000002
532.64,-1.2000000000000002
532.6800000000001,-1.2000000000000002
532.72,-1.2000000000000002
532.76,-1.4000000000000001
532.8,-1.2000000000000002
532.84,-1.2000000000000002
532.88,-1.4000000000000001
532.92,-1.4000000000000001
532.96,-1.4000000000000001
533.0,-1.2000000000000002
533.04,-1.2000000000000002
533.08,-1.4000000000000001
533.12,-1.2000000000000002
533.16,-1.2000000000000002
533.2,-1.2000000000000002
533.24,-1.2000000000000002
533.28,-1.4000000000000001
533.32,-1.2000000000000002
533.36,-1.2000000000000002
533.4,-1.4000000000000001
533.44,-1.2000000000000002
533.48,-1.2000000000000002
533.52,-1.4000000000000001
533.5600000000001,-1.2000000000000002
533.6,-1.4000000000000001
533.64,-1.2000000000000002
533.6800000000001,-1.4000000000000001
533.72,-1.4000000000000001
533.76,-1.2000000000000002
533.8,-1.2000000000000002
533.84,-1.2000000000000002
533.88,-1.2000000000000002
533.92,-1.4000000000000001
533.96,-1.4000000000000001
534.0,-1.4000000000000001
534.04,-1.2000000000000002
534.08,-1.4000000000000001
534.12,-1.2000000000000002
534.16,-1.2000000000000002
534.2,-1.2000000000000002
534.24,-1.2000000000000002
534.28,-1.2000000000000002
534.32,-1.2000000000000002
534.36,-1.2000000000000002
534.4,-1.2000000000000002
534.44,-1.2000000000000002
534.48,-1.2000000000000002
534.52,-1.2000000000000002
534.5600000000001,-1.2000000000000002
534.6,-1.4000000000000001
534.64,-1.2000000000000002
534.6800000000001,-1.2000000000000002
534.72,-1.2000000000000002
534.76,-1.2000000000000002
534.8,-1.4000000000000001
534.84,-1.2000000000000002
534.88,-1.2000000000000002
534.92,-1.2000000000000002
534.96,-1.2000000000000002
535.0,-1.2000000000000002
535.04,-1.2000000000000002
535.08,-1.2000000000000002
535.12,-1.2000000000000002
535.16,-1.2000000000000002
535.2,-1.2000000000000002
535.24,-1.2000000000000002
535.28,-1.2000000000000002
535.32,-1.2000000000000002
535.36,-1.4000000000000001
535.4,-1.2000000000000002
535.44,-1.2000000000000002
535.48,-1.2000000000000002
535.52,-1.2000000000000002
535.5600000000001,-1.2000000000000002
535.6,-1.2000000000000002
535.64,-1.2000000000000002
535.6800000000001,-1.2000000000000002
535.72,-1.2000000000000002
535.76,-1.2000000000000002
535.8,-1.2000000000000002
535.84,-1.2000000000000002
535.88,-1.2000000000000002
535.92,-1.4000000000000001
535.96,-1.2000000000000002
536.0,-1.4000000000000001
536.04,-1.2000000000000002
536.08,-1.2000000000000002
536.12,-1.2000000000000002
536.16,-1.2000000000000002
536.2,-1.2000000000000002
536.24,-1.2000000000000002
536.28,-1.2000000000000002
536.32,-1.2000000000000002
536.36,-1.2000000000000002
536.4,-1.2000000000000002
536.44,-1.2000000000000002
536.48,-1.2000000000000002
536.52,-1.2000000000000002
536.5600000000001,-1.2000000000000002
536.6,-1.2000000000000002
536.64,-1.2000000000000002
536.6800000000001,-1.2000000000000002
536.72,-1.2000000000000002
536.76,-1.2000000000000002
536.8,-1.2000000000000002
536.84,-1.2000000000000002
536.88,-1.2000000000000002
536.92,-1.4000000000000001
536.96,-1.2000000000000002
537.0,-1.2000000000000002
537.04,-1.2000000000000002
537.08,-1.2000000000000002
537.12,-1.2000000000000002
537.16,-1.2000000000000002
537.2,-1.2000000000000002
537.24,-1.2000000000000002
537.28,-1.2000000000000002
537.32,-1.2000000000000002
537.36,-1.2000000000000002
537.4,-1.2000000000000002
537.44,-1.2000000000000002
537.48,-1.2000000000000002
537.52,-1.2000000000000002
537.5600000000001,-1.2000000000000002
537.6,-1.2000000000000002
537.64,-1.2000000000000002
537.6800000000001,-1.2000000000000002
537.72,-1.2000000000000002
537.76,-1.2000000000000002
537.8,-1.2000000000000002
537.84,-1.2000000000000002
537.88,-1.2000000000000002
537.92,-1.2000000000000002
537.96,-1.2000000000000002
538.0,-1.2000000000000002
538.04,-1.4000000000000001
538.08,-1.2000000000000002
538.12,-1.2000000000000002
538.16,-1.2000000000000002
538.2,-1.2000000000000002
538.24,-1.2000000000000002
538.28,-1.2000000000000002
538.32,-1.2000000000000002
538.36,-1.4000000000000001
538.4,-1.2000000000000002
538.44,-1.2000000000000002
538.48,-1.2000000000000002
538.52,-1.2000000000000002
538.5600000000001,-1.2000000000000002
538.6,-1.2000000000000002
538.64,-1.2000000000000002
538.6800000000001,-1.2000000000000002
538.72,-1.2000000000000002
538.76,-1.2000000000000002
538.8,-1.2000000000000002
538.84,-1.2000000000000002
538.88,-1.2000000000000002
538.92,-1.2000000000000002
538.96,-1.2000000000000002
539.0,-1.2000000000000002
539.04,-1.4000000000000001
539.08,-1.2000000000000002
539.12,-1.2000000000000002
539.16,-1.2000000000000002
539.2,-1.2000000000000002
539.24,-1.2000000000000002
539.28,-1.2000000000000002
539.32,-1.2000000000000002
539.36,-1.2000000000000002
539.4,-1.2000000000000002
539.44,-1.2000000000000002
539.48,-1.2000000000000002
539.52,-1.2000000000000002
539.5600000000001,-1.2000000000000002
539.6,-1.2000000000000002
539.64,-1.2000000000000002
539.6800000000001,-1.2000000000000002
539.72,-1.2000000000000002
539.76,-1.2000000000000002
539.8,-1.2000000000000002
539.84,-1.2000000000000002
539.88,-1.2000000000000002
539.92,-1.2000000000000002
539.96,-1.2000000000000002
540.0,-1.2000000000000002
540.04,-1.2000000000000002
540.08,-1.2000000000000002
540.12,-1.2000000000000002
540.16,-1.2000000000000002
540.2,-1.2000000000000002
540.24,-1.2000000000000002
540.28,-1.2000000000000002
540.32,-1.2000000000000002
540.36,-1.2000000000000002
540.4,-1.2000000000000002
540.44,-1.2000000000000002
540.48,-1.2000000000000002
540.52,-1.2000000000000002
540.5600000000001,-1.2000000000000002
540.6,-1.2000000000000002
540.64,-1.2000000000000002
540.6800000000001,-1.2000000000000002
540.72,-1.2000000000000002
540.76,-1.2000000000000002
540.8,-1.2000000000000002
540.84,-1.2000000000000002
540.88,-1.2000000000000002
540.92,-1.2000000000000002
540.96,-1.2000000000000002
541.0,-1.2000000000000002
541.04,-1.2000000000000002
541.08,-1.2000000000000002
541.12,-1.2000000000000002
541.16,-1.2000000000000002
541.2,-1.2000000000000002
541.24,-1.2000000000000002
541.28,-1.2000000000000002
541.32,-1.2000000000000002
541.36,-1.2000000000000002
541.4,-1.2000000000000002
541.44,-1.2000000000000002
541.48,-1.2000000000000002
541.52,-1.2000000000000002
541.5600000000001,-1.2000000000000002
541.6,-1.2000000000000002
541.64,-1.2000000000000002
541.6800000000001,-1.2000000000000002
541.72,-1.2000000000000002
541.76,-1.2000000000000002
541.8,-1.2000000000000002
541.84,-1.2000000000000002
541.88,-1.2000000000000002
541.92,-1.2000000000000002
541.96,-1.2000000000000002
542.0,-1.2000000000000002
542.04,-1.2000000000000002
542.08,-1.2000000000000002
542.12,-1.2000000000000002
542.16,-1.2000000000000002
542.2,-1.2000000000000002
542.24,-1.2000000000000002
542.28,-1.2000000000000002
542.32,-1.2000000000000002
542.36,-1.2000000000000002
542.4,-1.2000000000000002
542.44,-1.2000000000000002
542.48,-1.2000000000000002
542.52,-1.2000000000000002
542.5600000000001,-1.2000000000000002
542.6,-1.2000000000000002
542.64,-1.2000000000000002
542.6800000000001,-1.2000000000000002
542.72,-1.2000000000000002
542.76,-1.2000000000000002
542.8,-1.2000000000000002
542.84,-1.0
542.88,-1.2000000000000002
542.92,-1.2000000000000002
542.96,-1.2000000000000002
543.0,-1.2000000000000002
543.04,-1.2000000000000002
543.08,-1.2000000000000002
543.12,-1.2000000000000002
543.16,-1.2000000000000002
543.2,-1.2000000000000002
543.24,-1.2000000000000002
543.28,-1.2000000000000002
543.32,-1.2000000000000002
543.36,-1.2000000000000002
543.4,-1.2000000000000002
543.44,-1.2000000000000002
543.48,-1.2000000000000002
543.52,-1.2000000000000002
543.5600000000001,-1.2000000000000002
543.6,-1.2000000000000002
543.64,-1.2000000000000002
543.6800000000001,-1.2000000000000002
543.72,-1.2000000000000002
543.76,-1.2000000000000002
543.8,-1.2000000000000002
543.84,-1.2000000000000002
543.88,-1.2000000000000002
543.92,-1.2000000000000002
543.96,-1.2000000000000002
544.0,-1.2000000000000002
544.04,-1.2000000000000002
544.08,-1.2000000000000002
544.12,-1.2000000000000002
544.16,-1.2000000000000002
544.2,-1.2000000000000002
544.24,-1.2000000000000002
544.28,-1.2000000000000002
544.32,-1.2000000000000002
544.36,-1.2000000000000002
544.4,-1.0
544.44,-1.2000000000000002
544.48,-1.2000000000000002
544.52,-1.2000000000000002
544.5600000000001,-1.2000000000000002
544.6,-1.2000000000000002
544.64,-1.2000000000000002
544.6800000000001,-1.2000000000000002
544.72,-1.2000000000000002
544.76,-1.2000000000000002
544.8,-1.2000000000000002
544.84,-1.2000000000000002
544.88,-1.2000000000000002
544.92,-1.2000000000000002
544.96,-1.2000000000000002
545.0,-1.2000000000000002
545.04,-1.0
545.08,-1.2000000000000002
545.12,-1.2000000000000002
545.16,-1.0
545.2,-1.2000000000000002
545.24,-1.2000000000000002
545.28,-1.2000000000000002
545.32,-1.2000000000000002
545.36,-1.2000000000000002
545.4,-1.0
545.44,-1.2000000000000002
545.48,-1.2000000000000002
545.52,-1.2000000000000002
545.5600000000001,-1.2000000000000002
545.6,-1.0
545.64,-1.2000000000000002
545.6800000000001,-1.2000000000000002
545.72,-1.2000000000000002
545.76,-1.2000000000000002
545.8,-1.0
545.84,-1.2000000000000002
545.88,-1.2000000000000002
545.92,-1.2000000000000002
545.96,-1.0
546.0,-1.0
546.04,-1.2000000000000002
546.08,-1.2000000000000002
546.12,-1.2000000000000002
546.16,-1.0
546.2,-1.2000000000000002
546.24,-1.0
546.28,-1.2000000000000002
546.32,-1.2000000000000002
546.36,-1.2000000000000002
546.4,-1.0
546.44,-1.2000000000000002
546.48,-1.2000000000000002
546.52,-1.0
546.5600000000001,-1.2000000000000002
546.6,-1.2000000000000002
546.64,-1.2000000000000002
546.6800000000001,-1.2000000000000002
546.72,-1.0
546.76,-1.2000000000000002
546.8000000000001,-1.2000000000000002
546.84,-1.2000000000000002
546.88,-1.2000000000000002
546.92,-1.2000000000000002
546.96,-1.2000000000000002
547.0,-1.2000000000000002
547.04,-1.2000000000000002
547.08,-1.0
547.12,-1.2000000000000002
547.16,-1.2000000000000002
547.2,-1.2000000000000002
547.24,-1.2000000000000002
547.28,-1.2000000000000002
547.32,-1.0
547.36,-1.2000000000000002
547.4,-1.0
547.44,-1.2000000000000002
547.48,-1.2000000000000002
547.52,-1.2000000000000002
547.5600000000001,-1.2000000000000002
547.6,-1.2000000000000002
547.64,-1.2000000000000002
547.6800000000001,-1.2000000000000002
547.72,-1.2000000000000002
547.76,-1.2000000000000002
547.8000000000001,-1.2000000000000002
547.84,-1.2000000000000002
547.88,-1.0
547.92,-1.2000000000000002
547.96,-1.0
548.0,-1.2000000000000002
548.04,-1.2000000000000002
548.08,-1.0
548.12,-1.2000000000000002
548.16,-1.0
548.2,-1.0
548.24,-1.2000000000000002
548.28,-1.0
548.32,-1.2000000000000002
548.36,-1.2000000000000002
548.4,-1.0
548.44,-1.2000000000000002
548.48,-1.2000000000000002
548.52,-1.2000000000000002
548.5600000000001,-1.2000000000000002
548.6,-1.2000000000000002
548.64,-1.2000000000000002
548.6800000000001,-1.0
548.72,-1.2000000000000002
548.76,-1.2000000000000002
548.8000000000001,-1.0
548.84,-1.2000000000000002
548.88,-1.0
548.92,-1.2000000000000002
548.96,-1.2000000000000002
549.0,-1.0
549.04,-1.0
549.08,-1.0
549.12,-1.0
549.16,-1.0
549.2,-1.0
549.24,-1.2000000000000002
549.28,-1.2000000000000002
549.32,-1.2000000000000002
549.36,-1.0
549.4,-1.0
549.44,-1.2000000000000002
549.48,-1.2000000000000002
549.52,-1.2000000000000002
549.5600000000001,-1.2000000000000002
549.6,-1.2000000000000002
549.64,-1.0
549.6800000000001,-1.2000000000000002
549.72,-1.0
549.76,-1.2000000000000002
549.8000000000001,-1.0
549.84,-1.0
549.88,-1.0
549.92,-1.2000000000000002
549.96,-1.0
550.0,-1.2000000000000002
550.04,-1.0
550.08,-1.0
550.12,-1.0
550.16,-1.0
550.2,-1.0
550.24,-1.0
550.28,-1.2000000000000002
550.32,-1.2000000000000002
550.36,-1.2000000000000002
550.4,-1.2000000000000002
550.44,-1.2000000000000002
550.48,-1.0
550.52,-1.0
550.5600000000001,-1.0
550.6,-1.2000000000000002
550.64,-1.0
550.6800000000001,-1.0
550.72,-1.2000000000000002
550.76,-1.2000000000000002
550.8000000000001,-1.2000000000000002
550.84,-1.0
550.88,-1.0
550.92,-1.2000000000000002
550.96,-1.2000000000000002
551.0,-1.2000000000000002
551.04,-0.8
551.08,-1.0
551.12,-1.0
551.16,-1.0
551.2,-1.0
551.24,-1.2000000000000002
551.28,-1.0
551.32,-1.2000000000000002
551.36,-1.2000000000000002
551.4,-1.0
551.44,-1.2000000000000002
551.48,-1.2000000000000002
551.52,-1.0
551.5600000000001,-1.0
551.6,-1.0
551.64,-1.0
551.6800000000001,-1.0
551.72,-1.0
551.76,-1.0
551.8000000000001,-1.0
551.84,-1.2000000000000002
551.88,-1.2000000000000002
551.92,-1.2000000000000002
551.96,-1.0
552.0,-1.2000000000000002
552.04,-1.0
552.08,-1.0
552.12,-1.0
552.16,-1.0
552.2,-1.0
552.24,-1.2000000000000002
552.28,-1.0
552.32,-1.2000000000000002
552.36,-0.8
552.4,-1.0
552.44,-1.0
552.48,-1.0
552.52,-1.0
552.5600000000001,-1.2000000000000002
552.6,-1.0
552.64,-1.0
552.6800000000001,-1.2000000000000002
552.72,-1.0
552.76,-1.0
552.8000000000001,-1.0
552.84,-1.0
552.88,-1.0
552.92,-1.0
552.96,-1.0
553.0,-1.0
553.04,-1.0
553.08,-1.2000000000000002
553.12,-1.0
553.16,-1.0
553.2,-1.0
553.24,-1.0
553.28,-1.0
553.32,-1.0
553.36,-0.8
553.4,-1.0
553.44,-1.0
553.48,-1.0
553.52,-1.0
553.5600000000001,-1.0
553.6,-1.0
553.64,-1.0
553.6800000000001,-0.8
553.72,-1.0
553.76,-1.0
553.8000000000001,-1.0
553.84,-1.0
553.88,-1.0
553.92,-1.0
553.96,-1.0
554.0,-1.0
554.04,-1.2000000000000002
554.08,-1.0
554.12,-1.0
554.16,-1.0
554.2,-1.0
554.24,-1.0
554.28,-1.2000000000000002
554.32,-1.0
554.36,-1.2000000000000002
554.4,-1.0
554.44,-1.2000000000000002
554.48,-1.0
554.52,-1.0
554.5600000000001,-1.0
554.6,-1.0
554.64,-0.8
554.6800000000001,-1.0
554.72,-1.0
554.76,-1.0
554.8000000000001,-1.0
554.84,-1.0
554.88,-1.0
554.92,-1.2000000000000002
554.96,-1.0
555.0,-1.0
555.04,-1.0
555.08,-1.0
555.12,-1.0
555.16,-1.0
555.2,-1.2000000000000002
555.24,-1.2000000000000002
555.28,-1.0
555.32,-1.2000000000000002
555.36,-0.8
555.4,-1.0
555.44,-1.0
555.48,-1.0
555.52,-1.0
555.5600000000001,-0.8
555.6,-1.0
555.64,-1.0
555.6800000000001,-1.0
555.72,-1.0
555.76,-1.0
555.8000000000001,-1.0
555.84,-1.0
555.88,-1.0
555.92,-1.0
555.96,-1.0
556.0,-0.8
556.04,-1.0
556.08,-1.0
556.12,-1.0
556.16,-0.8
556.2,-1.0
556.24,-0.8
556.28,-1.0
556.32,-0.8
556.36,-1.0
556.4,-1.0
556.44,-1.0
556.48,-1.0
556.52,-1.0
556.5600000000001,-1.0
556.6,-1.0
556.64,-1.0
556.6800000000001,-1.0
556.72,-1.0
556.76,-1.0
556.8000000000001,-1.0
556.84,-1.0
556.88,-0.8
556.92,-0.8
556.96,-0.8
557.0,-1.0
557.04,-1.0
557.08,-1.0
557.12,-0.8
557.16,-1.0
557.2,-1.0
557.24,-0.8
557.28,-1.0
557.32,-1.0
557.36,-1.2000000000000002
557.4,-1.0
557.44,-1.0
557.48,-1.0
557.52,-0.8
557.5600000000001,-0.8
557.6,-1.0
557.64,-0.8
557.6800000000001,-0.8
557.72,-0.8
557.76,-1.0
557.8000000000001,-1.0
557.84,-0.8
557.88,-1.0
557.92,-0.8
557.96,-0.8
558.0,-1.0
558.04,-0.8
558.08,-0.8
558.12,-1.0
558.16,-0.8
558.2,-0.8
558.24,-1.0
558.28,-1.0
558.32,-0.8
558.36,-1.0
558.4,-0.8
558.44,-0.8
558.48,-1.0
558.52,-0.8
558.5600000000001,-0.8
558.6,-1.0
558.64,-1.0
558.6800000000001,-1.0
558.72,-0.8
558.76,-1.0
558.8000000000001,-0.8
558.84,-1.0
558.88,-0.8
558.92,-0.8
558.96,-0.8
559.0,-0.8
559.04,-0.8
559.08,-1.0
559.12,-1.0
559.16,-1.0
559.2,-0.8
559.24,-1.0
559.28,-1.0
559.32,-1.0
559.36,-0.8
559.4,-1.0
559.44,-0.8
559.48,-1.0
559.52,-0.8
559.5600000000001,-0.8
559.6,-0.8
559.64,-0.8
559.6800000000001,-1.0
559.72,-0.8
559.76,-0.8
559.8000000000001,-0.8
559.84,-1.0
559.88,-1.0
559.92,-1.0
559.96,-1.0
560.0,-0.8
560.04,-1.0
560.08,-0.8
560.12,-0.8
560.16,-1.0
560.2,-0.8
560.24,-0.8
560.28,-0.8
560.32,-0.8
560.36,-1.0
560.4,-1.0
560.44,-0.8
560.48,-1.0
560.52,-0.8
560.5600000000001,-0.8
560.6,-1.0
560.64,-0.8
560.6800000000001,-0.8
560.72,-0.8
560.76,-0.8
560.8000000000001,-1.0
560.84,-0.8
560.88,-0.8
560.92,-0.8
560.96,-1.0
561.0,-0.8
561.04,-0.8
561.08,-1.0
561.12,-0.8
561.16,-0.8
561.2,-1.0
561.24,-0.8
561.28,-0.8
561.32,-0.8
561.36,-0.8
561.4,-0.8
561.44,-0.8
561.48,-0.8
561.52,-0.8
561.5600000000001,-0.8
561.6,-0.8
561.64,-0.8
561.6800000000001,-1.0
561.72,-0.8
561.76,-0.8
561.8000000000001,-0.8
561.84,-1.0
561.88,-0.8
561.92,-0.8
561.96,-0.8
562.0,-1.0
562.04,-0.8
562.08,-0.8
562.12,-1.0
562.16,-0.8
562.2,-0.8
562.24,-0.8
562.28,-0.8
562.32,-0.8
562.36,-1.0
562.4,-0.8
562.44,-0.8
562.48,-0.8
562.52,-0.8
562.5600000000001,-0.8
562.6,-0.8
562.64,-1.0
562.6800000000001,-0.8
562.72,-0.8
562.76,-0.8
562.8000000000001,-0.8
562.84,-0.8
562.88,-0.8
562.92,-0.8
562.96,-0.8
563.0,-0.8
563.04,-0.8
563.08,-0.8
563.12,-0.8
563.16,-0.8
563.2,-0.8
563.24,-0.8
563.28,-0.8
563.32,-0.8
563.36,-0.8
563.4,-0.8
563.44,-0.8
563.48,-0.8
563.52,-0.8
563.5600000000001,-0.8
563.6,-0.8
563.64,-0.8
563.6800000000001,-0.8
563.72,-0.8
563.76,-0.8
563.8000000000001,-0.8
563.84,-0.8
563.88,-0.8
563.92,-0.8
563.96,-0.8
564.0,-1.0
564.04,-0.8
564.08,-0.8
564.12,-0.8
564.16,-0.8
564.2,-0.8
564.24,-0.8
564.28,-0.8
564.32,-0.8
564.36,-0.8
564.4,-0.8
564.44,-0.8
564.48,-0.8
564.52,-0.8
564.5600000000001,-0.8
564.6,-0.8
564.64,-0.8
564.6800000000001,-0.8
564.72,-1.0
564.76,-0.8
564.8000000000001,-0.8
564.84,-0.8
564.88,-0.8
564.92,-0.8
564.96,-0.8
565.0,-0.8
565.04,-0.8
565.08,-0.8
565.12,-0.8
565.16,-0.8
565.2,-0.8
565.24,-0.8
565.28,-0.8
565.32,-0.8
565.36,-0.8
565.4,-0.8
565.44,-0.8
565.48,-0.8
565.52,-0.8
565.5600000000001,-0.8
565.6,-1.0
565.64,-0.8
565.6800000000001,-0.8
565.72,-0.8
565.76,-0.8
565.8000000000001,-0.8
565.84,-0.8
565.88,-0.8
565.92,-0.8
565.96,-0.8
566.0,-0.8
566.04,-0.8
566.08,-0.8
566.12,-0.8
566.16,-0.8
566.2,-0.8
566.24,-0.8
566.28,-1.0
566.32,-0.8
566.36,-0.8
566.4,-0.8
566.44,-0.8
566.48,-0.8
566.52,-0.8
566.5600000000001,-0.8
566.6,-0.8
566.64,-0.8
566.6800000000001,-0.8
566.72,-0.8
566.76,-0.8
566.8000000000001,-0.8
566.84,-0.8
566.88,-0.8
566.92,-0.8
566.96,-0.8
567.0,-0.8
567.04,-0.8
567.08,-0.8
567.12,-0.8
567.16,-0.8
567.2,-0.8
567.24,-0.8
567.28,-0.8
567.32,-0.8
567.36,-0.8
567.4,-0.8
567.44,-0.8
567.48,-0.8
567.52,-0.8
567.5600000000001,-0.8
567.6,-0.8
567.64,-0.8
567.6800000000001,-0.8
567.72,-0.8
567.76,-0.8
567.8000000000001,-0.8
567.84,-0.8
567.88,-0.8
567.92,-0.8
567.96,-0.8
568.0,-0.8
568.04,-0.8
568.08,-0.8
568.12,-0.8
568.16,-0.8
568.2,-0.8
568.24,-0.8
568.28,-0.8
568.32,-0.8
568.36,-0.8
568.4,-0.8
568.44,-0.8
568.48,-0.8
568.52,-0.8
568.5600000000001,-0.8
568.6,-0.8
568.64,-0.8
568.6800000000001,-0.8
568.72,-0.8
568.76,-0.8
568.8000000000001,-0.8
568.84,-0.8
568.88,-0.8
568.92,-0.8
568.96,-0.8
569.0,-0.8
569.04,-0.8
569.08,-0.8
569.12,-0.8
569.16,-0.8
569.2,-0.8
569.24,-0.8
569.28,-0.8
569.32,-0.8
569.36,-0.8
569.4,-0.8
569.44,-0.8
569.48,-0.8
569.52,-0.8
569.5600000000001,-0.8
569.6,-0.8
569.64,-0.8
569.6800000000001,-0.8
569.72,-0.8
569.76,-0.8
569.8000000000001,-0.8
569.84,-0.8
569.88,-0.8
569.92,-0.8
569.96,-0.8
570.0,-0.8
570.04,-0.8
570.08,-0.8
570.12,-0.8
570.16,-0.8
570.2,-0.8
570.24,-0.8
570.28,-0.8
570.32,-0.8
570.36,-0.8
570.4,-0.8
570.44,-0.8
570.48,-0.8
570.52,-0.8
570.5600000000001,-0.8
570.6,-0.8
570.64,-0.8
570.6800000000001,-0.8
570.72,-0.8
570.76,-0.8
570.8000000000001,-0.8
570.84,-0.8
570.88,-0.8
570.92,-0.8
570.96,-0.8
571.0,-0.8
571.04,-0.8
571.08,-0.8
571.12,-0.8
571.16,-0.8
571.2,-0.8
571.24,-0.8
571.28,-0.8
571.32,-0.8
571.36,-0.8
571.4,-0.8
571.44,-0.8
571.48,-0.8
571.52,-0.8
571.5600000000001,-0.8
571.6,-0.8
571.64,-0.8
571.6800000000001,-0.8
571.72,-0.8
571.76,-0.8
571.8000000000001,-0.8
571.84,-0.8
571.88,-0.8
571.92,-0.8
571.96,-0.8
572.0,-0.8
572.04,-0.8
572.08,-0.8
572.12,-0.8
572.16,-0.8
572.2,-0.8
572.24,-0.8
572.28,-0.8
572.32,-0.8
572.36,-0.8
572.4,-0.8
572.44,-0.8
572.48,-0.8
572.52,-0.8
572.5600000000001,-0.8
572.6,-0.8
572.64,-0.8
572.6800000000001,-0.8
572.72,-0.8
572.76,-0.8
572.8000000000001,-0.8
572.84,-0.8
572.88,-0.8
572.92,-0.8
572.96,-0.8
573.0,-0.8
573.04,-0.8
573.08,-0.8
573.12,-0.8
573.16,-0.8
573.2,-0.8
573.24,-0.8
573.28,-0.8
573.32,-0.8
573.36,-0.8
573.4,-0.8
573.44,-0.8
573.48,-0.8
573.52,-0.8
573.5600000000001,-0.8
573.6,-0.8
573.64,-0.8
573.6800000000001,-0.8
573.72,-0.8
573.76,-0.8
573.8000000000001,-0.8
573.84,-0.8
573.88,-0.8
573.92,-0.8
573.96,-0.8
574.0,-0.8
574.04,-0.8
574.08,-0.8
574.12,-0.8
574.16,-0.8
574.2,-0.8
574.24,-0.8
574.28,-0.8
574.32,-0.8
574.36,-0.8
574.4,-0.8
574.44,-0.8
574.48,-0.8
574.52,-0.8
574.5600000000001,-0.8
574.6,-0.8
574.64,-0.8
574.6800000000001,-0.8
574.72,-0.8
574.76,-0.8
574.8000000000001,-0.8
574.84,-0.8
574.88,-0.8
574.92,-0.8
574.96,-0.8
575.0,-0.8
575.04,-0.8
575.08,-0.8
575.12,-0.8
575.16,-0.8
575.2,-0.8
575.24,-0.8
575.28,-0.8
575.32,-0.8
575.36,-0.8
575.4,-0.8
575.44,-0.8
575.48,-0.8
575.52,-0.8
575.5600000000001,-0.8
575.6,-0.8
575.64,-0.8
575.6800000000001,-0.8
575.72,-0.8
575.76,-0.8
575.8000000000001,-0.8
575.84,-0.8
575.88,-0.8
575.92,-0.8
575.96,-0.8
576.0,-0.8
576.04,-0.8
576.08,-0.8
576.12,-0.8
576.16,-0.8
576.2,-0.8
576.24,-0.8
576.28,-0.8
576.32,-0.8
576.36,-0.8
576.4,-0.8
576.44,-0.8
576.48,-0.8
576.52,-0.8
576.5600000000001,-0.8
576.6,-0.8
576.64,-0.8
576.6800000000001,-0.8
576.72,-0.8
576.76,-0.8
576.8000000000001,-0.8
576.84,-0.8
576.88,-0.8
576.92,-0.8
576.96,-0.8
577.0,-0.8
577.04,-0.8
577.08,-0.8
577.12,-0.8
577.16,-0.8
577.2,-0.8
577.24,-0.8
577.28,-0.8
577.32,-0.8
577.36,-0.8
577.4,-0.8
577.44,-0.8
577.48,-0.8
577.52,-0.8
577.5600000000001,-0.8
577.6,-0.8
577.64,-0.8
577.6800000000001,-0.8
577.72,-0.8
577.76,-0.8
577.8000000000001,-0.8
577.84,-0.8
577.88,-0.8
577.92,-0.8
577.96,-0.8
578.0,-0.8
578.04,-0.8
578.08,-0.8
578.12,-0.8
578.16,-0.8
578.2,-0.8
578.24,-0.8
578.28,-0.8
578.32,-0.8
578.36,-0.8
578.4,-0.8
578.44,-0.8
578.48,-0.8
578.52,-0.8
578.5600000000001,-0.8
578.6,-0.8
578.64,-0.8
578.6800000000001,-0.8
578.72,-0.8
578.76,-0.8
578.8000000000001,-0.8
578.84,-0.8
578.88,-0.8
578.92,-0.8
578.96,-0.8
579.0,-0.8
579.04,-0.8
579.08,-0.8
579.12,-0.8
579.16,-0.8
579.2,-0.8
579.24,-0.8
579.28,-0.8
579.32,-0.6000000000000001
579.36,-0.8
579.4,-0.8
579.44,-0.8
579.48,-0.8
579.52,-0.8
579.5600000000001,-0.8
579.6,-0.8
579.64,-0.8
579.6800000000001,-0.8
579.72,-0.8
579.76,-0.8
579.8000000000001,-0.8
579.84,-0.8
579.88,-0.8
579.92,-0.8
579.96,-0.8
580.0,-0.8
580.04,-0.6000000000000001
580.08,-0.8
580.12,-0.8
580.16,-0.8
580.2,-0.8
580.24,-0.8
580.28,-0.8
580.32,-0.8
580.36,-0.8
580.4,-0.6000000000000001
580.44,-0.8
580.48,-0.8
580.52,-0.8
580.5600000000001,-0.8
580.6,-0.8
580.64,-0.6000000000000001
580.6800000000001,-0.8
580.72,-0.8
580.76,-0.8
580.8000000000001,-0.8
580.84,-0.8
580.88,-0.8
580.92,-0.8
580.96,-0.8
581.0,-0.8
581.04,-0.8
581.08,-0.8
581.12,-0.8
581.16,-0.8
581.2,-0.8
581.24,-0.8
581.28,-0.8
581.32,-0.8
581.36,-0.8
581.4,-0.8
581.44,-0.8
581.48,-0.8
581.52,-0.8
581.5600000000001,-0.8
581.6,-0.8
581.64,-0.8
581.6800000000001,-0.8
581.72,-0.8
581.76,-0.6000000000000001
581.8000000000001,-0.8
581.84,-0.8
581.88,-0.8
581.92,-0.8
581.96,-0.8
582.0,-0.8
582.04,-0.8
582.08,-0.8
582.12,-0.8
582.16,-0.8
582.2,-0.8
582.24,-0.8
582.28,-0.8
582.32,-0.6000000000000001
582.36,-0.8
582.4,-0.8
582.44,-0.8
582.48,-0.8
582.52,-0.8
582.5600000000001,-0.8
582.6,-0.8
582.64,-0.8
582.6800000000001,-0.8
582.72,-0.8
582.76,-0.8
582.8000000000001,-0.8
582.84,-0.8
582.88,-0.8
582.92,-0.8
582.96,-0.8
583.0,-0.8
583.04,-0.8
583.08,-0.8
583.12,-0.8
583.16,-0.8
583.2,-0.8
583.24,-0.8
583.28,-0.8
583.32,-0.8
583.36,-0.8
583.4,-0.6000000000000001
583.44,-0.8
583.48,-0.8
583.52,-0.8
583.5600000000001,-0.8
583.6,-0.6000000000000001
583.64,-0.8
583.6800000000001,-0.6000000000000001
583.72,-0.8
583.76,-0.8
583.8000000000001,-0.8
583.84,-0.8
583.88,-0.8
583.92,-0.8
583.96,-0.8
584.0,-0.8
584.04,-0.8
584.08,-0.8
584.12,-0.6000000000000001
584.16,-0.8
584.2,-0.8
584.24,-0.8
584.28,-0.8
584.32,-0.8
584.36,-0.8
584.4,-0.8
584.44,-0.6000000000000001
584.48,-0.8
584.52,-0.8
584.5600000000001,-0.8
584.6,-0.6000000000000001
584.64,-0.8
584.6800000000001,-0.6000000000000001
584.72,-0.8
584.76,-0.8
584.8000000000001,-0.8
584.84,-0.6000000000000001
584.88,-0.8
584.92,-0.6000000000000001
584.96,-0.8
585.0,-0.8
585.04,-0.8
585.08,-0.8
585.12,-0.8
585.16,-0.8
585.2,-0.6000000000000001
585.24,-0.8
585.28,-0.8
585.32,-0.8
585.36,-0.8
585.4,-0.8
585.44,-0.8
585.48,-0.8
585.52,-0.8
585.5600000000001,-0.8
585.6,-0.6000000000000001
585.64,-0.8
585.6800000000001,-0.8
585.72,-0.6000000000000001
585.76,-0.8
585.8000000000001,-0.8
585.84,-0.8
585.88,-0.8
585.92,-0.6000000000000001
585.96,-0.8
586.0,-0.8
586.04,-0.6000000000000001
586.08,-0.8
586.12,-0.6000000000000001
586.16,-0.8
586.2,-0.8
586.24,-0.8
586.28,-0.8
586.32,-0.8
586.36,-0.6000000000000001
586.4,-0.8
586.44,-0.6000000000000001
586.48,-0.6000000000000001
586.52,-0.8
586.5600000000001,-0.8
586.6,-0.8
586.64,-0.8
586.6800000000001,-0.8
586.72,-0.8
586.76,-0.6000000000000001
586.8000000000001,-0.8
586.84,-0.6000000000000001
586.88,-0.8
586.92,-0.8
586.96,-0.8
587.0,-0.6000000000000001
587.04,-0.8
587.08,-0.6000000000000001
587.12,-0.8
587.16,-0.8
587.2,-0.8
587.24,-0.8
587.28,-0.6000000000000001
587.32,-0.6000000000000001
587.36,-0.8
587.4,-0.6000000000000001
587.44,-0.8
587.48,-0.6000000000000001
587.52,-0.8
587.5600000000001,-0.8
587.6,-0.6000000000000001
587.64,-0.8
587.6800000000001,-0.8
587.72,-0.6000000000000001
587.76,-0.8
587.8000000000001,-0.8
587.84,-0.8
587.88,-0.6000000000000001
587.92,-0.6000000000000001
587.96,-0.6000000000000001
588.0,-0.6000000000000001
588.04,-0.6000000000000001
588.08,-0.8
588.12,-0.8
588.16,-0.8
588.2,-0.8
588.24,-0.8
588.28,-0.6000000000000001
588.32,-0.8
588.36,-0.8
588.4,-0.8
588.44,-0.8
588.48,-0.8
588.52,-0.6000000000000001
588.5600000000001,-0.6000000000000001
588.6,-0.8
588.64,-0.8
588.6800000000001,-0.6000000000000001
588.72,-0.8
588.76,-0.8
588.8000000000001,-0.8
588.84,-0.8
588.88,-0.6000000000000001
588.92,-0.8
588.96,-0.8
589.0,-0.8
589.04,-0.8
589.08,-0.8
589.12,-0.6000000000000001
589.16,-0.8
589.2,-0.6000000000000001
589.24,-0.8
589.28,-0.8
589.32,-0.6000000000000001
589.36,-0.8
589.4,-0.6000000000000001
589.44,-0.6000000000000001
589.48,-0.6000000000000001
589.52,-0.8
589.5600000000001,-0.8
589.6,-0.8
589.64,-0.8
589.6800000000001,-0.8
589.72,-0.6000000000000001
589.76,-0.8
589.8000000000001,-0.8
589.84,-0.6000000000000001
589.88,-0.8
589.92,-0.6000000000000001
589.96,-0.8
590.0,-0.6000000000000001
590.04,-0.6000000000000001
590.08,-0.6000000000000001
590.12,-0.8
590.16,-0.8
590.2,-0.6000000000000001
590.24,-0.6000000000000001
590.28,-0.6000000000000001
590.32,-0.8
590.36,-0.8
590.4,-0.8
590.44,-0.8
590.48,-0.6000000000000001
590.52,-0.6000000000000001
590.5600000000001,-0.8
590.6,-0.8
590.64,-0.6000000000000001
590.6800000000001,-0.6000000000000001
590.72,-0.6000000000000001
590.76,-0.8
590.8000000000001,-0.6000000000000001
590.84,-0.6000000000000001
590.88,-0.6000000000000001
590.92,-0.8
590.96,-0.6000000000000001
591.0,-0.8
591.04,-0.6000000000000001
591.08,-0.8
591.12,-0.8
591.16,-0.8
591.2,-0.6000000000000001
591.24,-0.8
591.28,-0.8
591.32,-0.8
591.36,-0.8
591.4,-0.6000000000000001
591.44,-0.8
591.48,-0.8
591.52,-0.8
591.5600000000001,-0.8
591.6,-0.6000000000000001
591.64,-0.6000000000000001
591.6800000000001,-0.8
591.72,-0.6000000000000001
591.76,-0.8
591.8000000000001,-0.6000000000000001
591.84,-0.6000000000000001
591.88,-0.8
591.92,-0.6000000000000001
591.96,-0.6000000000000001
592.0,-0.8
592.04,-0.6000000000000001
592.08,-0.6000000000000001
592.12,-0.6000000000000001
592.16,-0.6000000000000001
592.2,-0.6000000000000001
592.24,-0.8
592.28,-0.6000000000000001
592.32,-0.8
592.36,-0.8
592.4,-0.6000000000000001
592.44,-0.6000000000000001
592.48,-0.6000000000000001
592.52,-0.6000000000000001
592.5600000000001,-0.8
592.6,-0.8
592.64,-0.6000000000000001
592.6800000000001,-0.6000000000000001
592.72,-0.6000000000000001
592.76,-0.8
592.8000000000001,-0.6000000000000001
592.84,-0.6000000000000001
592.88,-0.6000000000000001
592.92,-0.6000000000000001
592.96,-0.6000000000000001
593.0,-0.6000000000000001
593.04,-0.6000000000000001
593.08,-0.6000000000000001
593.12,-0.8
593.16,-0.6000000000000001
593.2,-0.6000000000000001
593.24,-0.6000000000000001
593.28,-0.8
593.32,-0.6000000000000001
593.36,-0.6000000000000001
593.4,-0.6000000000000001
593.44,-0.6000000000000001
593.48,-0.8
593.52,-0.8
593.5600000000001,-0.6000000000000001
593.6,-0.8
593.64,-0.6000000000000001
593.6800000000001,-0.6000000000000001
593.72,-0.6000000000000001
593.76,-0.6000000000000001
593.8000000000001,-0.8
593.84,-0.6000000000000001
593.88,-0.6000000000000001
593.92,-0.6000000000000001
593.96,-0.6000000000000001
594.0,-0.6000000000000001
594.04,-0.8
594.08,-0.6000000000000001
594.12,-0.6000000000000001
594.16,-0.6000000000000001
594.2,-0.8
594.24,-0.6000000000000001
594.28,-0.6000000000000001
594.32,-0.8
594.36,-0.6000000000000001
594.4,-0.6000000000000001
594.44,-0.6000000000000001
594.48,-0.6000000000000001
594.52,-0.8
594.5600000000001,-0.6000000000000001
594.6,-0.6000000000000001
594.64,-0.6000000000000001
594.6800000000001,-0.8
594.72,-0.6000000000000001
594.76,-0.6000000000000001
594.8000000000001,-0.6000000000000001
594.84,-0.6000000000000001
594.88,-0.6000000000000001
594.92,-0.8
594.96,-0.6000000000000001
595.0,-0.6000000000000001
595.04,-0.6000000000000001
595.08,-0.8
595.12,-0.6000000000000001
595.16,-0.6000000000000001
595.2,-0.6000000000000001
595.24,-0.6000000000000001
595.28,-0.6000000000000001
595.32,-0.6000000000000001
595.36,-0.6000000000000001
595.4,-0.6000000000000001
595.44,-0.6000000000000001
595.48,-0.6000000000000001
595.52,-0.6000000000000001
595.5600000000001,-0.6000000000000001
595.6,-0.6000000000000001
595.64,-0.6000000000000001
595.6800000000001,-0.6000000000000001
595.72,-0.6000000000000001
595.76,-0.8
595.8000000000001,-0.6000000000000001
595.84,-0.6000000000000001
595.88,-0.6000000000000001
595.92,-0.6000000000000001
595.96,-0.6000000000000001
596.0,-0.6000000000000001
596.04,-0.6000000000000001
596.08,-0.6000000000000001
596.12,-0.6000000000000001
596.16,-0.8
596.2,-0.6000000000000001
596.24,-0.6000000000000001
596.28,-0.6000000000000001
596.32,-0.6000000000000001
596.36,-0.6000000000000001
596.4,-0.6000000000000001
596.44,-0.6000000000000001
596.48,-0.6000000000000001
596.52,-0.6000000000000001
596.5600000000001,-0.6000000000000001
596.6,-0.6000000000000001
596.64,-0.6000000000000001
596.6800000000001,-0.6000000000000001
596.72,-0.8
596.76,-0.6000000000000001
596.8000000000001,-0.6000000000000001
596.84,-0.6000000000000001
596.88,-0.6000000000000001
596.92,-0.6000000000000001
596.96,-0.6000000000000001
597.0,-0.6000000000000001
597.04,-0.8
597.08,-0.6000000000000001
597.12,-0.6000000000000001
597.16,-0.6000000000000001
597.2,-0.6000000000000001
597.24,-0.8
597.28,-0.6000000000000001
597.32,-0.6000000000000001
597.36,-0.6000000000000001
597.4,-0.6000000000000001
597.44,-0.6000000000000001
597.48,-0.6000000000000001
597.52,-0.6000000000000001
597.5600000000001,-0.6000000000000001
597.6,-0.6000000000000001
597.64,-0.6000000000000001
597.6800000000001,-0.6000000000000001
597.72,-0.8
597.76,-0.6000000000000001
597.8000000000001,-0.6000000000000001
597.84,-0.6000000000000001
597.88,-0.6000000000000001
597.92,-0.6000000000000001
597.96,-0.6000000000000001
598.0,-0.6000000000000001
598.04,-0.6000000000000001
598.08,-0.6000000000000001
598.12,-0.6000000000000001
598.16,-0.8
598.2,-0.6000000000000001
598.24,-0.6000000000000001
598.28,-0.6000000000000001
598.32,-0.8
598.36,-0.6000000000000001
598.4,-0.8
598.44,-0.8
598.48,-0.6000000000000001
598.52,-0.6000000000000001
598.5600000000001,-0.8
598.6,-0.6000000000000001
598.64,-0.8
598.6800000000001,-0.6000000000000001
598.72,-0.6000000000000001
598.76,-0.8
598.8000000000001,-0.6000000000000001
598.84,-0.6000000000000001
598.88,-0.6000000000000001
598.92,-0.6000000000000001
598.96,-0.6000000000000001
599.0,-0.6000000000000001
599.04,-0.6000000000000001
599.08,-0.6000000000000001
599.12,-0.6000000000000001
599.16,-0.6000000000000001
599.2,-0.6000000000000001
599.24,-0.6000000000000001
599.28,-0.6000000000000001
599.32,-0.6000000000000001
599.36,-0.6000000000000001
599.4,-0.6000000000000001
599.44,-0.6000000000000001
599.48,-0.6000000000000001
599.52,-0.6000000000000001
599.5600000000001,-0.6000000000000001
599.6,-0.6000000000000001
599.64,-0.6000000000000001
599.6800000000001,-0.6000000000000001
599.72,-0.6000000000000001
599.76,-0.6000000000000001
599.8000000000001,-0.6000000000000001
599.84,-0.6000000000000001
599.88,-0.6000000000000001
599.92,-0.6000000000000001
599.96,-0.6000000000000001
600.0,-0.6000000000000001
600.04,-0.6000000000000001
600.08,-0.6000000000000001
600.12,-0.6000000000000001
600.16,-0.6000000000000001
600.2,-0.6000000000000001
600.24,-0.6000000000000001
600.28,-0.6000000000000001
600.32,-0.6000000000000001
600.36,-0.6000000000000001
600.4,-0.6000000000000001
600.44,-0.6000000000000001
600.48,-0.6000000000000001
600.52,-0.6000000000000001
600.5600000000001,-0.6000000000000001
600.6,-0.6000000000000001
600.64,-0.6000000000000001
600.6800000000001,-0.6000000000000001
600.72,-0.6000000000000001
600.76,-0.6000000000000001
600.8000000000001,-0.6000000000000001
600.84,-0.6000000000000001
600.88,-0.6000000000000001
600.92,-0.6000000000000001
600.96,-0.6000000000000001
601.0,-0.6000000000000001
601.04,-0.6000000000000001
601.08,-0.6000000000000001
601.12,-0.6000000000000001
601.16,-0.6000000000000001
601.2,-0.6000000000000001
601.24,-0.6000000000000001
601.28,-0.6000000000000001
601.32,-0.6000000000000001
601.36,-0.6000000000000001
601.4,-0.6000000000000001
601.44,-0.6000000000000001
601.48,-0.6000000000000001
601.52,-0.6000000000000001
601.5600000000001,-0.6000000000000001
601.6,-0.6000000000000001
601.64,-0.6000000000000001
601.6800000000001,-0.6000000000000001
601.72,-0.6000000000000001
601.76,-0.6000000000000001
601.8000000000001,-0.6000000000000001
601.84,-0.6000000000000001
601.88,-0.6000000000000001
601.92,-0.6000000000000001
601.96,-0.6000000000000001
602.0,-0.6000000000000001
602.04,-0.6000000000000001
602.08,-0.6000000000000001
602.12,-0.6000000000000001
602.16,-0.6000000000000001
602.2,-0.6000000000000001
602.24,-0.6000000000000001
602.28,-0.6000000000000001
602.32,-0.6000000000000001
602.36,-0.6000000000000001
602.4,-0.6000000000000001
602.44,-0.6000000000000001
602.48,-0.6000000000000001
602.52,-0.6000000000000001
602.5600000000001,-0.6000000000000001
602.6,-0.6000000000000001
602.64,-0.6000000000000001
602.6800000000001,-0.6000000000000001
602.72,-0.6000000000000001
602.76,-0.6000000000000001
602.8000000000001,-0.6000000000000001
602.84,-0.6000000000000001
602.88,-0.6000000000000001
602.92,-0.6000000000000001
602.96,-0.6000000000000001
603.0,-0.6000000000000001
603.04,-0.6000000000000001
603.08,-0.6000000000000001
603.12,-0.6000000000000001
603.16,-0.6000000000000001
603.2,-0.6000000000000001
603.24,-0.6000000000000001
603.28,-0.6000000000000001
603.32,-0.6000000000000001
603.36,-0.6000000000000001
603.4,-0.6000000000000001
603.44,-0.6000000000000001
603.48,-0.6000000000000001
603.52,-0.6000000000000001
603.5600000000001,-0.6000000000000001
603.6,-0.6000000000000001
603.64,-0.6000000000000001
603.6800000000001,-0.6000000000000001
603.72,-0.6000000000000001
603.76,-0.6000000000000001
603.8000000000001,-0.6000000000000001
603.84,-0.6000000000000001
603.88,-0.6000000000000001
603.92,-0.6000000000000001
603.96,-0.6000000000000001
604.0,-0.6000000000000001
604.04,-0.6000000000000001
604.08,-0.6000000000000001
604.12,-0.6000000000000001
604.16,-0.6000000000000001
604.2,-0.6000000000000001
604.24,-0.6000000000000001
604.28,-0.6000000000000001
604.32,-0.6000000000000001
604.36,-0.6000000000000001
604.4,-0.6000000000000001
604.44,-0.6000000000000001
604.48,-0.6000000000000001
604.52,-0.6000000000000001
604.5600000000001,-0.6000000000000001
604.6,-0.6000000000000001
604.64,-0.6000000000000001
604.6800000000001,-0.6000000000000001
604.72,-0.6000000000000001
604.76,-0.6000000000000001
604.8000000000001,-0.6000000000000001
604.84,-0.6000000000000001
604.88,-0.6000000000000001
604.92,-0.6000000000000001
604.96,-0.6000000000000001
605.0,-0.6000000000000001
605.04,-0.6000000000000001
605.08,-0.6000000000000001
605.12,-0.6000000000000001
605.16,-0.6000000000000001
605.2,-0.6000000000000001
605.24,-0.6000000000000001
605.28,-0.6000000000000001
605.32,-0.6000000000000001
605.36,-0.6000000000000001
605.4,-0.6000000000000001
605.44,-0.4
605.48,-0.6000000000000001
605.52,-0.6000000000000001
605.5600000000001,-0.6000000000000001
605.6,-0.6000000000000001
605.64,-0.6000000000000001
605.6800000000001,-0.6000000000000001
605.72,-0.6000000000000001
605.76,-0.6000000000000001
605.8000000000001,-0.6000000000000001
605.84,-0.6000000000000001
605.88,-0.6000000000000001
605.92,-0.6000000000000001
605.96,-0.6000000000000001
606.0,-0.6000000000000001
606.04,-0.6000000000000001
606.08,-0.6000000000000001
606.12,-0.6000000000000001
606.16,-0.6000000000000001
606.2,-0.6000000000000001
606.24,-0.6000000000000001
606.28,-0.6000000000000001
606.32,-0.6000000000000001
606.36,-0.6000000000000001
606.4,-0.6000000000000001
606.44,-0.6000000000000001
606.48,-0.6000000000000001
606.52,-0.6000000000000001
606.5600000000001,-0.6000000000000001
606.6,-0.6000000000000001
606.64,-0.6000000000000001
606.6800000000001,-0.6000000000000001
606.72,-0.6000000000000001
606.76,-0.6000000000000001
606.8000000000001,-0.6000000000000001
606.84,-0.6000000000000001
606.88,-0.6000000000000001
606.92,-0.6000000000000001
606.96,-0.6000000000000001
607.0,-0.6000000000000001
607.04,-0.6000000000000001
607.08,-0.6000000000000001
607.12,-0.6000000000000001
607.16,-0.6000000000000001
607.2,-0.6000000000000001
607.24,-0.6000000000000001
607.28,-0.6000000000000001
607.32,-0.6000000000000001
607.36,-0.6000000000000001
607.4,-0.6000000000000001
607.44,-0.6000000000000001
607.48,-0.6000000000000001
607.52,-0.6000000000000001
607.5600000000001,-0.6000000000000001
607.6,-0.6000000000000001
607.64,-0.6000000000000001
607.6800000000001,-0.6000000000000001
607.72,-0.6000000000000001
607.76,-0.6000000000000001
607.8000000000001,-0.6000000000000001
607.84,-0.6000000000000001
607.88,-0.6000000000000001
607.92,-0.6000000000000001
607.96,-0.6000000000000001
608.0,-0.6000000000000001
608.04,-0.6000000000000001
608.08,-0.6000000000000001
608.12,-0.6000000000000001
608.16,-0.6000000000000001
608.2,-0.6000000000000001
608.24,-0.6000000000000001
608.28,-0.4
608.32,-0.6000000000000001
608.36,-0.6000000000000001
608.4,-0.6000000000000001
608.44,-0.6000000000000001
608.48,-0.6000000000000001
608.52,-0.6000000000000001
608.5600000000001,-0.6000000000000001
608.6,-0.6000000000000001
608.64,-0.6000000000000001
608.6800000000001,-0.6000000000000001
608.72,-0.6000000000000001
608.76,-0.6000000000000001
608.8000000000001,-0.6000000000000001
608.84,-0.6000000000000001
608.88,-0.6000000000000001
608.92,-0.6000000000000001
608.96,-0.6000000000000001
609.0,-0.6000000000000001
609.04,-0.6000000000000001
609.08,-0.6000000000000001
609.12,-0.4
609.16,-0.4
609.2,-0.6000000000000001
609.24,-0.6000000000000001
609.28,-0.6000000000000001
609.32,-0.6000000000000001
609.36,-0.6000000000000001
609.4,-0.6000000000000001
609.44,-0.6000000000000001
609.48,-0.6000000000000001
609.52,-0.6000000000000001
609.5600000000001,-0.6000000000000001
609.6,-0.6000000000000001
609.64,-0.6000000000000001
609.6800000000001,-0.6000000000000001
609.72,-0.4
609.76,-0.6000000000000001
609.8000000000001,-0.6000000000000001
609.84,-0.6000000000000001
609.88,-0.6000000000000001
609.92,-0.6000000000000001
609.96,-0.6000000000000001
610.0,-0.6000000000000001
610.04,-0.6000000000000001
610.08,-0.6000000000000001
610.12,-0.6000000000000001
610.16,-0.6000000000000001
610.2,-0.6000000000000001
610.24,-0.6000000000000001
610.28,-0.6000000000000001
610.32,-0.6000000000000001
610.36,-0.6000000000000001
610.4,-0.6000000000000001
610.44,-0.6000000000000001
610.48,-0.6000000000000001
610.52,-0.6000000000000001
610.5600000000001,-0.6000000000000001
610.6,-0.4
610.64,-0.6000000000000001
610.6800000000001,-0.6000000000000001
610.72,-0.6000000000000001
610.76,-0.4
610.8000000000001,-0.6000000000000001
610.84,-0.6000000000000001
610.88,-0.6000000000000001
610.92,-0.6000000000000001
610.96,-0.6000000000000001
611.0,-0.6000000000000001
611.04,-0.4
611.08,-0.6000000000000001
611.12,-0.6000000000000001
611.16,-0.6000000000000001
611.2,-0.6000000000000001
611.24,-0.6000000000000001
611.28,-0.6000000000000001
611.32,-0.6000000000000001
611.36,-0.6000000000000001
611.4,-0.6000000000000001
611.44,-0.4
611.48,-0.6000000000000001
611.52,-0.4
611.5600000000001,-0.6000000000000001
611.6,-0.6000000000000001
611.64,-0.6000000000000001
611.6800000000001,-0.6000000000000001
611.72,-0.6000000000000001
611.76,-0.6000000000000001
611.8000000000001,-0.6000000000000001
611.84,-0.4
611.88,-0.6000000000000001
611.92,-0.6000000000000001
611.96,-0.6000000000000001
612.0,-0.6000000000000001
612.04,-0.6000000000000001
612.08,-0.4
612.12,-0.6000000000000001
612.16,-0.6000000000000001
612.2,-0.6000000000000001
612.24,-0.6000000000000001
612.28,-0.6000000000000001
612.32,-0.6000000000000001
612.36,-0.6000000000000001
612.4,-0.6000000000000001
612.44,-0.4
612.48,-0.6000000000000001
612.52,-0.6000000000000001
612.5600000000001,-0.6000000000000001
612.6,-0.6000000000000001
612.64,-0.6000000000000001
612.6800000000001,-0.6000000000000001
612.72,-0.6000000000000001
612.76,-0.4
612.8000000000001,-0.6000000000000001
612.84,-0.6000000000000001
612.88,-0.6000000000000001
612.92,-0.6000000000000001
612.96,-0.6000000000000001
613.0,-0.6000000000000001
613.04,-0.6000000000000001
613.08,-0.6000000000000001
613.12,-0.6000000000000001
613.16,-0.6000000000000001
613.2,-0.6000000000000001
613.24,-0.6000000000000001
613.28,-0.6000000000000001
613.32,-0.6000000000000001
613.36,-0.6000000000000001
613.4,-0.6000000000000001
613.44,-0.6000000000000001
613.48,-0.4
613.52,-0.6000000000000001
613.5600000000001,-0.6000000000000001
613.6,-0.6000000000000001
613.64,-0.6000000000000001
613.6800000000001,-0.6000000000000001
613.72,-0.6000000000000001
613.76,-0.6000000000000001
613.8000000000001,-0.6000000000000001
613.84,-0.6000000000000001
613.88,-0.6000000000000001
613.92,-0.6000000000000001
613.96,-0.6000000000000001
614.0,-0.6000000000000001
614.04,-0.4
614.08,-0.4
614.12,-0.6000000000000001
614.16,-0.6000000000000001
614.2,-0.6000000000000001
614.24,-0.6000000000000001
614.28,-0.6000000000000001
614.32,-0.6000000000000001
614.36,-0.6000000000000001
614.4,-0.6000000000000001
614.44,-0.6000000000000001
614.48,-0.6000000000000001
614.52,-0.6000000000000001
614.5600000000001,-0.6000000000000001
614.6,-0.6000000000000001
614.64,-0.6000000000000001
614.6800000000001,-0.6000000000000001
614.72,-0.6000000000000001
614.76,-0.6000000000000001
614.8000000000001,-0.6000000000000001
614.84,-0.6000000000000001
614.88,-0.6000000000000001
614.92,-0.6000000000000001
614.96,-0.6000000000000001
615.0,-0.6000000000000001
615.04,-0.6000000000000001
615.08,-0.6000000000000001
615.12,-0.4
615.16,-0.4
615.2,-0.6000000000000001
615.24,-0.6000000000000001
615.28,-0.6000000000000001
615.32,-0.4
615.36,-0.6000000000000001
615.4,-0.6000000000000001
615.44,-0.6000000000000001
615.48,-0.6000000000000001
615.52,-0.6000000000000001
615.5600000000001,-0.6000000000000001
615.6,-0.6000000000000001
615.64,-0.6000000000000001
615.6800000000001,-0.6000000000000001
615.72,-0.6000000000000001
615.76,-0.6000000000000001
615.8000000000001,-0.6000000000000001
615.84,-0.6000000000000001
615.88,-0.6000000000000001
615.92,-0.6000000000000001
615.96,-0.6000000000000001
616.0,-0.6000000000000001
616.04,-0.6000000000000001
616.08,-0.6000000000000001
616.12,-0.6000000000000001
616.16,-0.6000000000000001
616.2,-0.4
616.24,-0.6000000000000001
616.28,-0.6000000000000001
616.32,-0.4
616.36,-0.4
616.4,-0.4
616.44,-0.4
616.48,-0.6000000000000001
616.52,-0.6000000000000001
616.5600000000001,-0.6000000000000001
616.6,-0.6000000000000001
616.64,-0.6000000000000001
616.6800000000001,-0.6000000000000001
616.72,-0.6000000000000001
616.76,-0.4
616.8000000000001,-0.4
616.84,-0.6000000000000001
616.88,-0.6000000000000001
616.92,-0.6000000000000001
616.96,-0.4
617.0,-0.6000000000000001
617.04,-0.6000000000000001
617.08,-0.4
617.12,-0.6000000000000001
617.16,-0.6000000000000001
617.2,-0.6000000000000001
617.24,-0.6000000000000001
617.28,-0.6000000000000001
617.32,-0.6000000000000001
617.36,-0.6000000000000001
617.4,-0.6000000000000001
617.44,-0.6000000000000001
617.48,-0.6000000000000001
617.52,-0.6000000000000001
617.5600000000001,-0.6000000000000001
617.6,-0.6000000000000001
617.64,-0.6000000000000001
617.6800000000001,-0.6000000000000001
617.72,-0.6000000000000001
617.76,-0.6000000000000001
617.8000000000001,-0.6000000000000001
617.84,-0.4
617.88,-0.6000000000000001
617.92,-0.6000000000000001
617.96,-0.6000000000000001
618.0,-0.6000000000000001
618.04,-0.6000000000000001
618.08,-0.4
618.12,-0.6000000000000001
618.16,-0.6000000000000001
618.2,-0.6000000000000001
618.24,-0.4
618.28,-0.6000000000000001
618.32,-0.6000000000000001
618.36,-0.6000000000000001
618.4,-0.6000000000000001
618.44,-0.6000000000000001
618.48,-0.4
618.52,-0.6000000000000001
618.5600000000001,-0.6000000000000001
618.6,-0.6000000000000001
618.64,-0.4
618.6800000000001,-0.4
618.72,-0.4
618.76,-0.6000000000000001
618.8000000000001,-0.6000000000000001
618.84,-0.6000000000000001
618.88,-0.6000000000000001
618.92,-0.6000000000000001
618.96,-0.4
619.0,-0.6000000000000001
619.04,-0.6000000000000001
619.08,-0.6000000000000001
619.12,-0.4
619.16,-0.4
619.2,-0.6000000000000001
619.24,-0.4
619.28,-0.6000000000000001
619.32,-0.6000000000000001
619.36,-0.4
619.4,-0.4
619.44,-0.4
619.48,-0.4
619.52,-0.4
619.5600000000001,-0.6000000000000001
619.6,-0.6000000000000001
619.64,-0.6000000000000001
619.6800000000001,-0.6000000000000001
619.72,-0.4
619.76,-0.6000000000000001
619.8000000000001,-0.4
619.84,-0.6000000000000001
619.88,-0.6000000000000001
619.92,-0.4
619.96,-0.4
620.0,-0.4
620.04,-0.4
620.08,-0.6000000000000001
620.12,-0.4
620.16,-0.4
620.2,-0.6000000000000001
620.24,-0.6000000000000001
620.28,-0.6000000000000001
620.32,-0.4
620.36,-0.4
620.4,-0.6000000000000001
620.44,-0.4
620.48,-0.4
620.52,-0.6000000000000001
620.5600000000001,-0.4
620.6,-0.4
620.64,-0.6000000000000001
620.6800000000001,-0.4
620.72,-0.4
620.76,-0.4
620.8000000000001,-0.6000000000000001
620.84,-0.4
620.88,-0.4
620.92,-0.6000000000000001
620.96,-0.6000000000000001
621.0,-0.4
621.04,-0.4
621.08,-0.6000000000000001
621.12,-0.6000000000000001
621.16,-0.6000000000000001
621.2,-0.6000000000000001
621.24,-0.6000000000000001
621.28,-0.6000000000000001
621.32,-0.6000000000000001
621.36,-0.4
621.4,-0.4
621.44,-0.6000000000000001
621.48,-0.4
621.52,-0.6000000000000001
621.5600000000001,-0.6000000000000001
621.6,-0.6000000000000001
621.64,-0.6000000000000001
621.6800000000001,-0.6000000000000001
621.72,-0.6000000000000001
621.76,-0.4
621.8000000000001,-0.4
621.84,-0.6000000000000001
621.88,-0.6000000000000001
621.92,-0.4
621.96,-0.6000000000000001
622.0,-0.6000000000000001
622.04,-0.6000000000000001
622.08,-0.4
622.12,-0.4
622.16,-0.6000000000000001
622.2,-0.4
622.24,-0.6000000000000001
622.28,-0.6000000000000001
622.32,-0.6000000000000001
622.36,-0.4
622.4,-0.4
622.44,-0.6000000000000001
622.48,-0.6000000000000001
622.52,-0.4
622.5600000000001,-0.4
622.6,-0.4
622.64,-0.4
622.6800000000001,-0.4
622.72,-0.4
622.76,-0.6000000000000001
622.8000000000001,-0.6000000000000001
622.84,-0.4
622.88,-0.4
622.92,-0.6000000000000001
622.96,-0.6000000000000001
623.0,-0.4
623.04,-0.4
623.08,-0.4
623.12,-0.6000000000000001
623.16,-0.6000000000000001
623.2,-0.4
623.24,-0.6000000000000001
623.28,-0.6000000000000001
623.32,-0.4
623.36,-0.6000000000000001
623.4,-0.6000000000000001
623.44,-0.4
623.48,-0.4
623.52,-0.6000000000000001
623.5600000000001,-0.4
623.6,-0.4
623.64,-0.6000000000000001
623.6800000000001,-0.4
623.72,-0.4
623.76,-0.6000000000000001
623.8000000000001,-0.4
623.84,-0.4
623.88,-0.4
623.92,-0.6000000000000001
623.96,-0.6000000000000001
624.0,-0.6000000000000001
624.04,-0.6000000000000001
624.08,-0.6000000000000001
624.12,-0.6000000000000001
624.16,-0.4
624.2,-0.4
624.24,-0.4
624.28,-0.6000000000000001
624.32,-0.6000000000000001
624.36,-0.4
624.4,-0.4
624.44,-0.4
624.48,-0.6000000000000001
624.52,-0.4
624.5600000000001,-0.4
624.6,-0.4
624.64,-0.6000000000000001
624.6800000000001,-0.6000000000000001
624.72,-0.6000000000000001
624.76,-0.6000000000000001
624.8000000000001,-0.6000000000000001
624.84,-0.4
624.88,-0.4
624.92,-0.4
624.96,-0.4
625.0,-0.6000000000000001
625.04,-0.4
625.08,-0.4
625.12,-0.6000000000000001
625.16,-0.4
625.2,-0.6000000000000001
625.24,-0.6000000000000001
625.28,-0.6000000000000001
625.32,-0.6000000000000001
625.36,-0.6000000000000001
625.4,-0.4
625.44,-0.6000000000000001
625.48,-0.4
625.52,-0.4
625.5600000000001,-0.4
625.6,-0.6000000000000001
625.64,-0.4
625.6800000000001,-0.4
625.72,-0.4
625.76,-0.4
625.8000000000001,-0.6000000000000001
625.84,-0.6000000000000001
625.88,-0.6000000000000001
625.92,-0.4
625.96,-0.4
626.0,-0.6000000000000001
626.04,-0.4
626.08,-0.4
626.12,-0.4
626.16,-0.6000000000000001
626.2,-0.4
626.24,-0.4
626.28,-0.4
626.32,-0.6000000000000001
626.36,-0.4
626.4,-0.4
626.44,-0.4
626.48,-0.4
626.52,-0.4
626.5600000000001,-0.4
626.6,-0.4
626.64,-0.6000000000000001
626.6800000000001,-0.6000000000000001
626.72,-0.4
626.76,-0.4
626.8000000000001,-0.4
626.84,-0.6000000000000001
626.88,-0.4
626.92,-0.6000000000000001
626.96,-0.4
627.0,-0.4
627.04,-0.6000000000000001
627.08,-0.4
627.12,-0.4
627.16,-0.4
627.2,-0.4
627.24,-0.4
627.28,-0.6000000000000001
627.32,-0.4
627.36,-0.4
627.4,-0.4
627.44,-0.4
627.48,-0.6000000000000001
627.52,-0.4
627.5600000000001,-0.4
627.6,-0.4
627.64,-0.4
627.6800000000001,-0.4
627.72,-0.6000000000000001
627.76,-0.4
627.8000000000001,-0.4
627.84,-0.4
627.88,-0.4
627.92,-0.4
627.96,-0.4
628.0,-0.4
628.04,-0.4
628.08,-0.6000000000000001
628.12,-0.4
628.16,-0.4
628.2,-0.4
628.24,-0.6000000000000001
628.28,-0.4
628.32,-0.4
628.36,-0.4
628.4,-0.4
628.44,-0.4
628.48,-0.4
628.52,-0.4
628.5600000000001,-0.4
628.6,-0.4
628.64,-0.4
628.6800000000001,-0.4
628.72,-0.4
628.76,-0.4
628.8000000000001,-0.4
628.84,-0.6000000000000001
628.88,-0.4
628.92,-0.4
628.96,-0.4
629.0,-0.4
629.04,-0.4
629.08,-0.6000000000000001
629.12,-0.4
629.16,-0.4
629.2,-0.4
629.24,-0.6000000000000001
629.28,-0.6000000000000001
629.32,-0.4
629.36,-0.4
629.4,-0.4
629.44,-0.4
629.48,-0.4
629.52,-0.4
629.5600000000001,-0.4
629.6,-0.4
629.64,-0.4
629.6800000000001,-0.4
629.72,-0.4
629.76,-0.4
629.8000000000001,-0.6000000000000001
629.84,-0.4
629.88,-0.4
629.92,-0.4
629.96,-0.4
630.0,-0.4
630.04,-0.4
630.08,-0.4
630.12,-0.4
630.16,-0.4
630.2,-0.6000000000000001
630.24,-0.4
630.28,-0.4
630.32,-0.6000000000000001
630.36,-0.4
630.4,-0.4
630.44,-0.6000000000000001
630.48,-0.4
630.52,-0.6000000000000001
630.5600000000001,-0.6000000000000001
630.6,-0.4
630.64,-0.4
630.6800000000001,-0.4
630.72,-0.4
630.76,-0.4
630.8000000000001,-0.4
630.84,-0.4
630.88,-0.4
630.92,-0.4
630.96,-0.4
631.0,-0.4
631.04,-0.4
631.08,-0.4
631.12,-0.4
631.16,-0.4
631.2,-0.4
631.24,-0.4
631.28,-0.4
631.32,-0.4
631.36,-0.4
631.4,-0.6000000000000001
631.44,-0.4
631.48,-0.4
631.52,-0.4
631.5600000000001,-0.4
631.6,-0.4
631.64,-0.4
631.6800000000001,-0.4
631.72,-0.6000000000000001
631.76,-0.4
631.8000000000001,-0.4
631.84,-0.4
631.88,-0.4
631.92,-0.4
631.96,-0.4
632.0,-0.6000000000000001
632.04,-0.4
632.08,-0.4
632.12,-0.4
632.16,-0.6000000000000001
632.2,-0.4
632.24,-0.4
632.28,-0.4
632.32,-0.6000000000000001
632.36,-0.4
632.4,-0.6000000000000001
632.44,-0.4
632.48,-0.4
632.52,-0.4
632.5600000000001,-0.4
632.6,-0.6000000000000001
632.64,-0.4
632.6800000000001,-0.4
632.72,-0.4
632.76,-0.4
632.8000000000001,-0.4
632.84,-0.4
632.88,-0.4
632.92,-0.6000000000000001
632.96,-0.4
633.0,-0.4
633.04,-0.4
633.08,-0.4
633.12,-0.4
633.16,-0.6000000000000001
633.2,-0.4
633.24,-0.4
633.28,-0.4
633.32,-0.4
633.36,-0.4
633.4,-0.4
633.44,-0.4
633.48,-0.4
633.52,-0.4
633.5600000000001,-0.6000000000000001
633.6,-0.4
633.64,-0.4
633.6800000000001,-0.4
633.72,-0.4
633.76,-0.4
633.8000000000001,-0.4
633.84,-0.6000000000000001
633.88,-0.4
633.92,-0.4
633.96,-0.4
634.0,-0.4
634.04,-0.4
634.08,-0.4
634.12,-0.4
634.16,-0.4
634.2,-0.4
634.24,-0.4
634.28,-0.4
634.32,-0.4
634.36,-0.4
634.4,-0.4
634.44,-0.4
634.48,-0.4
634.52,-0.4
634.5600000000001,-0.4
634.6,-0.4
634.64,-0.4
634.6800000000001,-0.4
634.72,-0.4
634.76,-0.4
634.8000000000001,-0.4
634.84,-0.4
634.88,-0.4
634.92,-0.4
634.96,-0.4
635.0,-0.4
635.04,-0.4
635.08,-0.4
635.12,-0.4
635.16,-0.4
635.2,-0.4
635.24,-0.4
635.28,-0.4
635.32,-0.4
635.36,-0.4
635.4,-0.4
635.44,-0.4
635.48,-0.4
635.52,-0.4
635.5600000000001,-0.6000000000000001
635.6,-0.4
635.64,-0.4
635.6800000000001,-0.4
635.72,-0.6000000000000001
635.76,-0.4
635.8000000000001,-0.4
635.84,-0.4
635.88,-0.4
635.92,-0.4
635.96,-0.4
636.0,-0.6000000000000001
636.04,-0.4
636.08,-0.4
636.12,-0.4
636.16,-0.4
636.2,-0.4
636.24,-0.4
636.28,-0.4
636.32,-0.4
636.36,-0.4
636.4,-0.4
636.44,-0.4
636.48,-0.4
636.52,-0.4
636.5600000000001,-0.4
636.6,-0.4
636.64,-0.4
636.6800000000001,-0.4
636.72,-0.4
636.76,-0.4
636.8000000000001,-0.4
636.84,-0.4
636.88,-0.4
636.92,-0.4
636.96,-0.4
637.0,-0.4
637.04,-0.4
637.08,-0.4
637.12,-0.4
637.16,-0.4
637.2,-0.4
637.24,-0.4
637.28,-0.4
637.32,-0.4
637.36,-0.4
637.4,-0.4
637.44,-0.4
637.48,-0.4
637.52,-0.6000000000000001
637.5600000000001,-0.4
637.6,-0.4
637.64,-0.4
637.6800000000001,-0.4
637.72,-0.4
637.76,-0.4
637.8000000000001,-0.4
637.84,-0.4
637.88,-0.6000000000000001
637.92,-0.4
637.96,-0.4
638.0,-0.4
638.04,-0.4
638.08,-0.4
638.12,-0.4
638.16,-0.4
638.2,-0.4
638.24,-0.4
638.28,-0.4
638.32,-0.4
638.36,-0.4
638.4,-0.4
638.44,-0.4
638.48,-0.4
638.52,-0.4
638.5600000000001,-0.4
638.6,-0.4
638.64,-0.4
638.6800000000001,-0.4
638.72,-0.4
638.76,-0.4
638.8000000000001,-0.4
638.84,-0.4
638.88,-0.4
638.92,-0.4
638.96,-0.4
639.0,-0.4
639.04,-0.4
639.08,-0.4
639.12,-0.4
639.16,-0.4
639.2,-0.4
639.24,-0.4
639.28,-0.4
639.32,-0.4
639.36,-0.4
639.4,-0.4
639.44,-0.4
639.48,-0.4
639.52,-0.4
639.5600000000001,-0.4
639.6,-0.4
639.64,-0.4
639.6800000000001,-0.4
639.72,-0.4
639.76,-0.4
639.8000000000001,-0.4
639.84,-0.4
639.88,-0.4
639.92,-0.4
639.96,-0.4
640.0,-0.4
640.04,-0.4
640.08,-0.4
640.12,-0.4
640.16,-0.4
640.2,-0.4
640.24,-0.4
640.28,-0.4
640.32,-0.4
640.36,-0.4
640.4,-0.4
640.44,-0.4
640.48,-0.4
640.52,-0.6000000000000001
640.5600000000001,-0.4
640.6,-0.4
640.64,-0.4
640.6800000000001,-0.4
640.72,-0.4
640.76,-0.4
640.8000000000001,-0.4
640.84,-0.4
640.88,-0.4
640.92,-0.4
640.96,-0.4
641.0,-0.4
641.04,-0.4
641.08,-0.4
641.12,-0.4
641.16,-0.4
641.2,-0.4
641.24,-0.4
641.28,-0.4
641.32,-0.4
641.36,-0.4
641.4,-0.4
641.44,-0.4
641.48,-0.4
641.52,-0.6000000000000001
641.5600000000001,-0.4
641.6,-0.4
641.64,-0.4
641.6800000000001,-0.4
641.72,-0.6000000000000001
641.76,-0.4
641.8000000000001,-0.4
641.84,-0.4
641.88,-0.4
641.92,-0.4
641.96,-0.4
642.0,-0.4
642.04,-0.4
642.08,-0.4
642.12,-0.4
642.16,-0.4
642.2,-0.4
642.24,-0.4
642.28,-0.4
642.32,-0.4
642.36,-0.4
642.4,-0.4
642.44,-0.4
642.48,-0.4
642.52,-0.4
642.5600000000001,-0.4
642.6,-0.4
642.64,-0.4
642.6800000000001,-0.4
642.72,-0.4
642.76,-0.4
642.8000000000001,-0.4
642.84,-0.4
642.88,-0.4
642.92,-0.4
642.96,-0.4
643.0,-0.4
643.04,-0.4
643.08,-0.4
643.12,-0.4
643.16,-0.4
643.2,-0.4
643.24,-0.4
643.28,-0.4
643.32,-0.4
643.36,-0.4
643.4,-0.4
643.44,-0.4
643.48,-0.4
643.52,-0.4
643.5600000000001,-0.4
643.6,-0.4
643.64,-0.4
643.6800000000001,-0.4
643.72,-0.4
643.76,-0.4
643.8000000000001,-0.4
643.84,-0.4
643.88,-0.4
643.92,-0.4
643.96,-0.4
644.0,-0.4
644.04,-0.4
644.08,-0.4
644.12,-0.4
644.16,-0.4
644.2,-0.4
644.24,-0.4
644.28,-0.4
644.32,-0.2
644.36,-0.4
644.4,-0.4
644.44,-0.4
644.48,-0.4
644.52,-0.4
644.5600000000001,-0.4
644.6,-0.4
644.64,-0.4
644.6800000000001,-0.4
644.72,-0.4
644.76,-0.4
644.8000000000001,-0.4
644.84,-0.4
644.88,-0.4
644.92,-0.4
644.96,-0.4
645.0,-0.4
645.04,-0.4
645.08,-0.4
645.12,-0.4
645.16,-0.4
645.2,-0.4
645.24,-0.4
645.28,-0.4
645.32,-0.4
645.36,-0.4
645.4,-0.4
645.44,-0.4
645.48,-0.4
645.52,-0.4
645.5600000000001,-0.4
645.6,-0.4
645.64,-0.4
645.6800000000001,-0.4
645.72,-0.4
645.76,-0.4
645.8000000000001,-0.4
645.84,-0.4
645.88,-0.4
645.92,-0.4
645.96,-0.4
646.0,-0.2
646.04,-0.4
646.08,-0.4
646.12,-0.4
646.16,-0.4
646.2,-0.4
646.24,-0.4
646.28,-0.4
646.32,-0.4
646.36,-0.4
646.4,-0.4
646.44,-0.4
646.48,-0.4
646.52,-0.4
646.5600000000001,-0.4
646.6,-0.4
646.64,-0.4
646.6800000000001,-0.4
646.72,-0.4
646.76,-0.2
646.8000000000001,-0.4
646.84,-0.4
646.88,-0.4
646.92,-0.4
646.96,-0.4
647.0,-0.4
647.04,-0.4
647.08,-0.4
647.12,-0.4
647.16,-0.4
647.2,-0.4
647.24,-0.4
647.28,-0.4
647.32,-0.4
647.36,-0.4
647.4,-0.4
647.44,-0.4
647.48,-0.4
647.52,-0.4
647.5600000000001,-0.4
647.6,-0.4
647.64,-0.4
647.6800000000001,-0.4
647.72,-0.4
647.76,-0.4
647.8000000000001,-0.4
647.84,-0.4
647.88,-0.4
647.92,-0.4
647.96,-0.4
648.0,-0.4
648.04,-0.4
648.08,-0.4
648.12,-0.4
648.16,-0.4
648.2,-0.4
648.24,-0.4
648.28,-0.4
648.32,-0.4
648.36,-0.2
648.4,-0.4
648.44,-0.4
648.48,-0.4
648.52,-0.4
648.5600000000001,-0.4
648.6,-0.4
648.64,-0.4
648.6800000000001,-0.4
648.72,-0.2
648.76,-0.4
648.8000000000001,-0.4
648.84,-0.4
648.88,-0.4
648.92,-0.4
648.96,-0.4
649.0,-0.4
649.04,-0.4
649.08,-0.4
649.12,-0.4
649.16,-0.4
649.2,-0.4
649.24,-0.4
649.28,-0.4
649.32,-0.4
649.36,-0.4
649.4,-0.4
649.44,-0.4
649.48,-0.4
649.52,-0.4
649.5600000000001,-0.4
649.6,-0.4
649.64,-0.4
649.6800000000001,-0.4
649.72,-0.4
649.76,-0.4
649.8000000000001,-0.4
649.84,-0.4
649.88,-0.4
649.92,-0.4
649.96,-0.4
650.0,-0.4
650.04,-0.4
650.08,-0.4
650.12,-0.4
650.16,-0.4
650.2,-0.4
650.24,-0.4
650.28,-0.4
650.32,-0.4
650.36,-0.4
650.4,-0.4
650.44,-0.4
650.48,-0.4
650.52,-0.4
650.5600000000001,-0.4
650.6,-0.2
650.64,-0.4
650.6800000000001,-0.4
650.72,-0.4
650.76,-0.4
650.8000000000001,-0.4
650.84,-0.2
650.88,-0.4
650.92,-0.4
650.96,-0.4
651.0,-0.4
651.04,-0.4
651.08,-0.4
651.12,-0.4
651.16,-0.4
651.2,-0.4
651.24,-0.4
651.28,-0.4
651.32,-0.4
651.36,-0.4
651.4,-0.4
651.44,-0.4
651.48,-0.4
651.52,-0.4
651.5600000000001,-0.4
651.6,-0.2
651.64,-0.4
651.6800000000001,-0.4
651.72,-0.4
651.76,-0.4
651.8000000000001,-0.4
651.84,-0.4
651.88,-0.4
651.92,-0.4
651.96,-0.4
652.0,-0.4
652.04,-0.4
652.08,-0.4
652.12,-0.4
652.16,-0.2
652.2,-0.4
652.24,-0.4
652.28,-0.4
652.32,-0.4
652.36,-0.4
652.4,-0.4
652.44,-0.4
652.48,-0.4
652.52,-0.4
652.5600000000001,-0.4
652.6,-0.4
652.64,-0.4
652.6800000000001,-0.4
652.72,-0.4
652.76,-0.4
652.8000000000001,-0.4
652.84,-0.4
652.88,-0.4
652.92,-0.4
652.96,-0.4
653.0,-0.4
653.04,-0.4
653.08,-0.4
653.12,-0.4
653.16,-0.4
653.2,-0.4
653.24,-0.4
653.28,-0.4
653.32,-0.2
653.36,-0.4
653.4,-0.4
653.44,-0.4
653.48,-0.4
653.52,-0.4
653.5600000000001,-0.4
653.6,-0.4
653.64,-0.4
653.6800000000001,-0.4
653.72,-0.4
653.76,-0.4
653.8000000000001,-0.4
653.84,-0.4
653.88,-0.4
653.92,-0.4
653.96,-0.4
654.0,-0.4
654.04,-0.4
654.08,-0.4
654.12,-0.4
654.16,-0.4
654.2,-0.4
654.24,-0.4
654.28,-0.4
654.32,-0.2
654.36,-0.4
654.4,-0.4
654.44,-0.2
654.48,-0.4
654.52,-0.4
654.5600000000001,-0.2
654.6,-0.4
654.64,-0.4
654.6800000000001,-0.4
654.72,-0.4
654.76,-0.4
654.8000000000001,-0.4
654.84,-0.4
654.88,-0.4
654.92,-0.4
654.96,-0.4
655.0,-0.2
655.04,-0.4
655.08,-0.4
655.12,-0.4
655.16,-0.4
655.2,-0.4
655.24,-0.4
655.28,-0.4
655.32,-0.4
655.36,-0.4
655.4,-0.4
655.44,-0.4
655.48,-0.4
655.52,-0.4
