Time (s),Voltage (V)
0.0,0.14800000000000002
0.04,0.158
0.08,0.15200000000000002
0.12,0.162
0.16,0.15400000000000003
0.2,-0.005999999999999998
0.24,-0.0020000000000000018
0.28,0.0020000000000000018
0.32,-0.0020000000000000018
0.36,-0.005999999999999998
0.4,-0.003999999999999997
0.44,0.0020000000000000018
0.48,-0.0020000000000000018
0.52,0.0
0.56,0.0020000000000000018
0.6,0.0020000000000000018
0.64,0.0020000000000000018
0.68,0.0040000000000000036
0.72,0.0
0.76,-0.003999999999999997
0.8,-0.0020000000000000018
0.84,0.0040000000000000036
0.88,0.0020000000000000018
0.92,-0.003999999999999997
0.96,-0.0020000000000000018
1.0,-0.0020000000000000018
1.04,-0.003999999999999997
1.08,-0.0020000000000000018
1.12,0.0020000000000000018
1.16,0.0020000000000000018
1.2,0.0040000000000000036
1.24,0.006000000000000005
1.28,0.006000000000000005
1.32,0.0020000000000000018
1.36,-0.0020000000000000018
1.4000000000000001,-0.003999999999999997
1.44,-0.005999999999999998
1.48,-0.003999999999999997
1.52,0.0020000000000000018
1.56,-0.0020000000000000018
1.6,-0.005999999999999998
1.6400000000000001,-0.0020000000000000018
1.68,-0.0020000000000000018
1.72,-0.005999999999999998
1.76,-0.005999999999999998
1.8,0.0020000000000000018
1.84,0.0020000000000000018
1.8800000000000001,0.0020000000000000018
1.92,0.0040000000000000036
1.96,0.0
2.0,-0.003999999999999997
2.04,0.0
2.08,0.0020000000000000018
2.12,0.0
2.16,-0.003999999999999997
2.2,0.0
2.24,-0.0020000000000000018
2.2800000000000002,-0.003999999999999997
2.32,-0.003999999999999997
2.36,-0.003999999999999997
2.4,-0.0020000000000000018
2.44,0.0020000000000000018
2.48,0.006000000000000005
2.52,0.006000000000000005
2.56,0.0020000000000000018
2.6,0.0040000000000000036
2.64,-0.0020000000000000018
2.68,-0.003999999999999997
2.72,0.0020000000000000018
2.7600000000000002,0.0040000000000000036
2.8000000000000003,-0.003999999999999997
2.84,-0.0020000000000000018
2.88,0.0
2.92,-0.003999999999999997
2.96,-0.005999999999999998
3.0,-0.003999999999999997
3.04,-0.0020000000000000018
3.08,-0.0020000000000000018
3.12,0.0020000000000000018
3.16,0.0040000000000000036
3.2,-0.0020000000000000018
3.24,-0.003999999999999997
3.2800000000000002,0.0040000000000000036
3.3200000000000003,0.0020000000000000018
3.36,-0.0020000000000000018
3.4,0.0020000000000000018
3.44,0.0020000000000000018
3.48,0.0
3.52,-0.0020000000000000018
3.56,-0.003999999999999997
3.6,-0.005999999999999998
3.64,-0.005999999999999998
3.68,-0.0020000000000000018
3.72,0.0020000000000000018
3.7600000000000002,0.0
3.8000000000000003,0.006000000000000005
3.84,0.0040000000000000036
3.88,-0.0020000000000000018
3.92,0.0
3.96,0.006000000000000005
4.0,-0.0020000000000000018
4.04,-0.003999999999999997
4.08,0.0020000000000000018
4.12,0.0020000000000000018
4.16,-0.005999999999999998
4.2,-0.005999999999999998
4.24,-0.0020000000000000018
4.28,-0.003999999999999997
4.32,-0.003999999999999997
4.36,0.0020000000000000018
4.4,0.0020000000000000018
4.44,-0.003999999999999997
4.48,-0.0020000000000000018
4.5200000000000005,0.0020000000000000018
4.5600000000000005,0.0
4.6000000000000005,-0.0020000000000000018
4.64,0.0020000000000000018
4.68,0.0040000000000000036
4.72,0.0020000000000000018
4.76,0.0020000000000000018
4.8,-0.0020000000000000018
4.84,-0.003999999999999997
4.88,-0.003999999999999997
4.92,-0.0020000000000000018
4.96,-0.003999999999999997
5.0,-0.0020000000000000018
5.04,0.0020000000000000018
5.08,0.0020000000000000018
5.12,-0.0020000000000000018
5.16,0.0020000000000000018
5.2,0.006000000000000005
5.24,0.0
5.28,-0.0020000000000000018
5.32,0.006000000000000005
5.36,0.006000000000000005
5.4,-0.0020000000000000018
5.44,-0.003999999999999997
5.48,-0.0020000000000000018
5.5200000000000005,-0.003999999999999997
5.5600000000000005,-0.005999999999999998
5.6000000000000005,-0.003999999999999997
5.64,-0.0020000000000000018
5.68,-0.0020000000000000018
5.72,0.0
5.76,0.0020000000000000018
5.8,-0.0020000000000000018
5.84,-0.005999999999999998
5.88,-0.0020000000000000018
5.92,0.0020000000000000018
5.96,0.0020000000000000018
6.0,0.0020000000000000018
6.04,0.0020000000000000018
6.08,-0.0020000000000000018
6.12,-0.003999999999999997
6.16,-0.003999999999999997
6.2,-0.003999999999999997
6.24,-0.003999999999999997
6.28,-0.0020000000000000018
6.32,0.0
6.36,-0.0020000000000000018
6.4,0.0
6.44,0.0020000000000000018
6.48,-0.0020000000000000018
6.5200000000000005,0.0
6.5600000000000005,0.006000000000000005
6.6000000000000005,0.010000000000000002
6.640000000000001,0.0020000000000000018
6.68,0.0020000000000000018
6.72,0.0020000000000000018
6.76,0.0
6.8,-0.005999999999999998
6.84,-0.0020000000000000018
6.88,-0.0020000000000000018
6.92,-0.005999999999999998
6.96,-0.0020000000000000018
7.0,0.0020000000000000018
7.04,-0.003999999999999997
7.08,-0.008
7.12,-0.0020000000000000018
7.16,0.0020000000000000018
7.2,0.0020000000000000018
7.24,0.0
7.28,0.0020000000000000018
7.32,0.0
7.36,-0.0020000000000000018
7.4,-0.0020000000000000018
7.44,-0.003999999999999997
7.48,-0.005999999999999998
7.5200000000000005,-0.0020000000000000018
7.5600000000000005,-0.003999999999999997
7.6000000000000005,-0.003999999999999997
7.640000000000001,-0.0020000000000000018
7.68,-0.0020000000000000018
7.72,-0.005999999999999998
7.76,-0.005999999999999998
7.8,0.0040000000000000036
7.84,0.0040000000000000036
7.88,0.0020000000000000018
7.92,0.0040000000000000036
7.96,0.006000000000000005
8.0,0.0
8.040000000000001,-0.003999999999999997
8.08,-0.0020000000000000018
8.120000000000001,-0.0020000000000000018
8.16,-0.0020000000000000018
8.2,0.0020000000000000018
8.24,0.0040000000000000036
8.28,-0.003999999999999997
8.32,-0.003999999999999997
8.36,0.0
8.4,0.0
8.44,-0.0020000000000000018
8.48,0.0
8.52,0.0020000000000000018
8.56,0.0020000000000000018
8.6,0.0040000000000000036
8.64,0.0020000000000000018
8.68,-0.0020000000000000018
8.72,-0.0020000000000000018
8.76,-0.0020000000000000018
8.8,-0.0020000000000000018
8.84,-0.003999999999999997
8.88,-0.0020000000000000018
8.92,-0.0020000000000000018
8.96,-0.008
9.0,-0.005999999999999998
9.040000000000001,0.0
9.08,-0.0020000000000000018
9.120000000000001,-0.0020000000000000018
9.16,0.0040000000000000036
9.200000000000001,0.006000000000000005
9.24,0.0020000000000000018
9.28,0.0020000000000000018
9.32,0.0020000000000000018
9.36,-0.0020000000000000018
9.4,-0.003999999999999997
9.44,0.0020000000000000018
9.48,0.0
9.52,-0.003999999999999997
9.56,-0.003999999999999997
9.6,0.0020000000000000018
9.64,-0.0020000000000000018
9.68,-0.003999999999999997
9.72,-0.0020000000000000018
9.76,-0.0020000000000000018
9.8,0.0020000000000000018
9.84,0.0040000000000000036
9.88,0.0040000000000000036
9.92,0.0
9.96,0.0
10.0,0.0
10.040000000000001,-0.0020000000000000018
10.08,-0.0020000000000000018
10.120000000000001,0.0020000000000000018
10.16,0.0
10.200000000000001,-0.005999999999999998
10.24,-0.003999999999999997
10.28,-0.0020000000000000018
10.32,-0.005999999999999998
10.36,-0.005999999999999998
10.4,0.0020000000000000018
10.44,0.0020000000000000018
10.48,0.0
10.52,0.0020000000000000018
10.56,0.0040000000000000036
10.6,0.0
10.64,0.0
10.68,0.0040000000000000036
10.72,0.0
10.76,-0.003999999999999997
10.8,0.0
10.84,0.0040000000000000036
10.88,-0.0020000000000000018
10.92,-0.005999999999999998
10.96,-0.003999999999999997
11.0,-0.003999999999999997
11.040000000000001,-0.0020000000000000018
11.08,0.006000000000000005
11.120000000000001,0.0020000000000000018
11.16,-0.0020000000000000018
11.200000000000001,0.0
11.24,0.0020000000000000018
11.28,-0.0020000000000000018
11.32,-0.0020000000000000018
11.36,0.0040000000000000036
11.4,0.0
11.44,-0.0020000000000000018
11.48,-0.0020000000000000018
11.52,-0.0020000000000000018
11.56,-0.009999999999999995
11.6,-0.009999999999999995
11.64,-0.0020000000000000018
11.68,-0.0020000000000000018
11.72,-0.003999999999999997
11.76,0.0020000000000000018
11.8,0.006000000000000005
11.84,0.0
11.88,0.0
11.92,0.0020000000000000018
11.96,-0.0020000000000000018
12.0,-0.003999999999999997
12.040000000000001,0.0040000000000000036
12.08,0.006000000000000005
12.120000000000001,-0.003999999999999997
12.16,-0.003999999999999997
12.200000000000001,-0.003999999999999997
12.24,-0.003999999999999997
12.280000000000001,-0.003999999999999997
12.32,0.0020000000000000018
12.36,0.0020000000000000018
12.4,0.0
12.44,0.0020000000000000018
12.48,0.0020000000000000018
12.52,0.0
12.56,0.0020000000000000018
12.6,0.0020000000000000018
12.64,0.0
12.68,0.0020000000000000018
12.72,0.006000000000000005
12.76,0.0020000000000000018
12.8,-0.005999999999999998
12.84,-0.003999999999999997
12.88,-0.0020000000000000018
12.92,-0.005999999999999998
12.96,-0.005999999999999998
13.0,-0.0020000000000000018
13.040000000000001,-0.0020000000000000018
13.08,-0.0020000000000000018
13.120000000000001,0.0020000000000000018
13.16,0.0020000000000000018
13.200000000000001,-0.003999999999999997
13.24,-0.0020000000000000018
13.280000000000001,0.0040000000000000036
13.32,0.0020000000000000018
13.36,-0.0020000000000000018
13.4,-0.0020000000000000018
13.44,-0.0020000000000000018
13.48,-0.003999999999999997
13.52,-0.003999999999999997
13.56,-0.003999999999999997
13.6,-0.003999999999999997
13.64,-0.0020000000000000018
13.68,0.0020000000000000018
13.72,0.0020000000000000018
13.76,0.0020000000000000018
13.8,0.0020000000000000018
13.84,0.0020000000000000018
13.88,-0.0020000000000000018
13.92,0.0020000000000000018
13.96,0.006000000000000005
14.0,0.0020000000000000018
14.040000000000001,0.0020000000000000018
14.08,0.0040000000000000036
14.120000000000001,0.0020000000000000018
14.16,-0.003999999999999997
14.200000000000001,-0.005999999999999998
14.24,-0.003999999999999997
14.280000000000001,-0.003999999999999997
14.32,-0.0020000000000000018
14.36,0.0
14.4,-0.0020000000000000018
14.44,-0.003999999999999997
14.48,0.0
14.52,0.0040000000000000036
14.56,0.0020000000000000018
14.6,-0.0020000000000000018
14.64,0.0020000000000000018
14.68,0.0040000000000000036
14.72,0.0
14.76,-0.0020000000000000018
14.8,-0.005999999999999998
14.84,-0.005999999999999998
14.88,-0.005999999999999998
14.92,-0.0020000000000000018
14.96,-0.0020000000000000018
15.0,0.0
15.040000000000001,0.0
15.08,-0.0020000000000000018
15.120000000000001,-0.003999999999999997
15.16,-0.0020000000000000018
15.200000000000001,0.0020000000000000018
15.24,-0.0020000000000000018
15.280000000000001,0.0020000000000000018
15.32,0.006000000000000005
15.36,0.006000000000000005
15.4,-0.003999999999999997
15.44,-0.003999999999999997
15.48,-0.0020000000000000018
15.52,-0.003999999999999997
15.56,-0.003999999999999997
15.6,-0.0020000000000000018
15.64,-0.003999999999999997
15.68,-0.003999999999999997
15.72,0.0
15.76,0.0020000000000000018
15.8,-0.0020000000000000018
15.84,-0.003999999999999997
15.88,0.0020000000000000018
15.92,0.006000000000000005
15.96,0.0040000000000000036
16.0,0.0020000000000000018
16.04,-0.0020000000000000018
16.080000000000002,-0.005999999999999998
16.12,-0.005999999999999998
16.16,-0.0020000000000000018
16.2,-0.003999999999999997
16.240000000000002,-0.003999999999999997
16.28,0.0020000000000000018
16.32,0.0
16.36,-0.003999999999999997
16.4,0.0020000000000000018
16.44,0.0
16.48,-0.003999999999999997
16.52,0.0
16.56,0.006000000000000005
16.6,0.006000000000000005
16.64,0.0
16.68,0.0020000000000000018
16.72,0.0040000000000000036
16.76,-0.0020000000000000018
16.8,-0.0020000000000000018
16.84,0.0
16.88,-0.003999999999999997
16.92,-0.003999999999999997
16.96,0.0020000000000000018
17.0,0.0
17.04,-0.005999999999999998
17.080000000000002,-0.003999999999999997
17.12,0.0
17.16,-0.0020000000000000018
17.2,0.0020000000000000018
17.240000000000002,0.006000000000000005
17.28,0.0020000000000000018
17.32,-0.0020000000000000018
17.36,0.0
17.400000000000002,-0.0020000000000000018
17.44,-0.005999999999999998
17.48,-0.003999999999999997
17.52,-0.003999999999999997
17.56,-0.003999999999999997
17.6,-0.003999999999999997
17.64,0.0020000000000000018
17.68,-0.0020000000000000018
17.72,-0.005999999999999998
17.76,-0.0020000000000000018
17.8,0.0040000000000000036
17.84,-0.0020000000000000018
17.88,0.0
17.92,0.006000000000000005
17.96,0.0040000000000000036
18.0,0.0
18.04,0.0
18.080000000000002,0.0
18.12,-0.0020000000000000018
18.16,0.0
18.2,0.0040000000000000036
18.240000000000002,0.0
18.28,-0.0020000000000000018
18.32,-0.0020000000000000018
18.36,-0.0020000000000000018
18.400000000000002,-0.003999999999999997
18.44,0.0
18.48,0.0020000000000000018
18.52,0.0020000000000000018
18.56,0.0040000000000000036
18.6,0.0040000000000000036
18.64,0.0
18.68,-0.003999999999999997
18.72,-0.0020000000000000018
18.76,-0.003999999999999997
18.8,-0.005999999999999998
18.84,-0.0020000000000000018
18.88,0.0
18.92,-0.003999999999999997
18.96,-0.005999999999999998
19.0,-0.0020000000000000018
19.04,-0.0020000000000000018
19.080000000000002,-0.005999999999999998
19.12,-0.003999999999999997
19.16,0.006000000000000005
19.2,0.0040000000000000036
19.240000000000002,0.0020000000000000018
19.28,0.0
19.32,-0.0020000000000000018
19.36,-0.003999999999999997
19.400000000000002,0.0
19.44,0.0040000000000000036
19.48,-0.0020000000000000018
19.52,-0.0020000000000000018
19.56,-0.0020000000000000018
19.6,-0.0020000000000000018
19.64,-0.005999999999999998
19.68,-0.003999999999999997
19.72,-0.0020000000000000018
19.76,-0.0020000000000000018
19.8,0.0020000000000000018
19.84,0.006000000000000005
19.88,0.006000000000000005
19.92,0.0020000000000000018
19.96,0.0020000000000000018
20.0,0.0
20.04,-0.0020000000000000018
20.080000000000002,-0.0020000000000000018
20.12,0.0020000000000000018
20.16,-0.0020000000000000018
20.2,-0.003999999999999997
20.240000000000002,0.0
20.28,-0.003999999999999997
20.32,-0.008
20.36,-0.005999999999999998
20.400000000000002,0.0040000000000000036
20.44,0.0020000000000000018
20.48,0.0
20.52,0.0
20.56,0.0
20.6,-0.0020000000000000018
20.64,0.0020000000000000018
20.68,0.0020000000000000018
20.72,-0.0020000000000000018
20.76,-0.0020000000000000018
20.8,0.0020000000000000018
20.84,0.0020000000000000018
20.88,-0.003999999999999997
20.92,-0.003999999999999997
20.96,-0.003999999999999997
21.0,-0.005999999999999998
21.04,-0.0020000000000000018
21.080000000000002,0.0020000000000000018
21.12,0.0
21.16,0.0020000000000000018
21.2,0.0040000000000000036
21.240000000000002,0.0020000000000000018
21.28,-0.0020000000000000018
21.32,0.0020000000000000018
21.36,0.0020000000000000018
21.400000000000002,-0.003999999999999997
21.44,0.0
21.48,0.0040000000000000036
21.52,-0.003999999999999997
21.56,-0.009999999999999995
21.6,-0.003999999999999997
21.64,-0.0020000000000000018
21.68,-0.003999999999999997
21.72,-0.003999999999999997
21.76,0.0020000000000000018
21.8,0.0
21.84,-0.0020000000000000018
21.88,0.0040000000000000036
21.92,0.0020000000000000018
21.96,-0.003999999999999997
22.0,-0.0020000000000000018
22.04,0.006000000000000005
22.080000000000002,0.0020000000000000018
22.12,0.0020000000000000018
22.16,0.0020000000000000018
22.2,-0.003999999999999997
22.240000000000002,-0.005999999999999998
22.28,-0.0020000000000000018
22.32,-0.0020000000000000018
22.36,-0.005999999999999998
22.400000000000002,0.0020000000000000018
22.44,0.006000000000000005
22.48,0.0
22.52,0.0
22.56,0.0040000000000000036
22.6,0.0020000000000000018
22.64,-0.0020000000000000018
22.68,0.0040000000000000036
22.72,0.006000000000000005
22.76,-0.0020000000000000018
22.8,-0.003999999999999997
22.84,0.0
22.88,-0.003999999999999997
22.92,-0.008
22.96,-0.003999999999999997
23.0,-0.0020000000000000018
23.04,-0.003999999999999997
23.080000000000002,0.0
23.12,0.0040000000000000036
23.16,-0.003999999999999997
23.2,-0.005999999999999998
23.240000000000002,-0.0020000000000000018
23.28,-0.0020000000000000018
23.32,0.0
23.36,0.0040000000000000036
23.400000000000002,0.0020000000000000018
23.44,-0.003999999999999997
23.48,-0.003999999999999997
23.52,-0.0020000000000000018
23.56,-0.005999999999999998
23.6,-0.005999999999999998
23.64,0.0
23.68,0.0
23.72,-0.0020000000000000018
23.76,0.0020000000000000018
23.8,0.0020000000000000018
23.84,-0.0020000000000000018
23.88,-0.0020000000000000018
23.92,0.006000000000000005
23.96,0.006000000000000005
24.0,0.0020000000000000018
24.04,0.0040000000000000036
24.080000000000002,0.006000000000000005
24.12,-0.0020000000000000018
24.16,-0.003999999999999997
24.2,-0.003999999999999997
24.240000000000002,-0.003999999999999997
24.28,-0.0020000000000000018
24.32,0.0020000000000000018
24.36,0.0020000000000000018
24.400000000000002,-0.0020000000000000018
24.44,-0.0020000000000000018
24.48,-0.0020000000000000018
24.52,-0.003999999999999997
24.560000000000002,0.0
24.6,0.0020000000000000018
24.64,0.0020000000000000018
24.68,-0.0020000000000000018
24.72,0.0
24.76,0.0
24.8,-0.003999999999999997
24.84,-0.005999999999999998
24.88,-0.003999999999999997
24.92,-0.003999999999999997
24.96,-0.003999999999999997
25.0,-0.0020000000000000018
25.04,-0.0020000000000000018
25.080000000000002,-0.005999999999999998
25.12,-0.003999999999999997
25.16,0.0020000000000000018
25.2,0.0
25.240000000000002,0.0
25.28,0.006000000000000005
25.32,0.010000000000000002
25.36,0.0040000000000000036
25.400000000000002,-0.0020000000000000018
25.44,-0.0020000000000000018
25.48,-0.0020000000000000018
25.52,-0.003999999999999997
25.560000000000002,-0.0020000000000000018
25.6,0.0020000000000000018
25.64,-0.0020000000000000018
25.68,-0.0020000000000000018
25.72,0.0020000000000000018
25.76,-0.0020000000000000018
25.8,-0.0020000000000000018
25.84,0.0020000000000000018
25.88,0.0020000000000000018
25.92,0.0020000000000000018
25.96,0.0020000000000000018
26.0,0.0020000000000000018
26.04,-0.0020000000000000018
26.080000000000002,-0.003999999999999997
26.12,-0.0020000000000000018
26.16,-0.003999999999999997
26.2,-0.003999999999999997
26.240000000000002,0.0
26.28,-0.0020000000000000018
26.32,-0.005999999999999998
26.36,-0.003999999999999997
26.400000000000002,0.0
26.44,-0.005999999999999998
26.48,-0.005999999999999998
26.52,0.0040000000000000036
26.560000000000002,0.006000000000000005
26.6,0.0020000000000000018
26.64,0.0
26.68,0.0020000000000000018
26.72,-0.0020000000000000018
26.76,-0.0020000000000000018
26.8,0.0
26.84,-0.0020000000000000018
26.88,-0.003999999999999997
26.92,-0.0020000000000000018
26.96,0.0020000000000000018
27.0,-0.0020000000000000018
27.04,-0.003999999999999997
27.080000000000002,0.0
27.12,-0.0020000000000000018
27.16,0.0
27.2,0.0040000000000000036
27.240000000000002,0.006000000000000005
27.28,0.0
27.32,0.0020000000000000018
27.36,0.0
27.400000000000002,-0.003999999999999997
27.44,-0.003999999999999997
27.48,0.0020000000000000018
27.52,0.0
27.560000000000002,-0.003999999999999997
27.6,0.0
27.64,-0.0020000000000000018
27.68,-0.008
27.72,-0.005999999999999998
27.76,0.0020000000000000018
27.8,0.0020000000000000018
27.84,0.0
27.88,0.0020000000000000018
27.92,0.006000000000000005
27.96,0.0020000000000000018
28.0,0.0020000000000000018
28.04,0.0020000000000000018
28.080000000000002,-0.003999999999999997
28.12,-0.0020000000000000018
28.16,0.0020000000000000018
28.2,0.0020000000000000018
28.240000000000002,0.0
28.28,-0.0020000000000000018
28.32,-0.003999999999999997
28.36,-0.005999999999999998
28.400000000000002,-0.0020000000000000018
28.44,0.006000000000000005
28.48,0.0020000000000000018
28.52,0.0
28.560000000000002,0.006000000000000005
28.6,0.0
28.64,-0.003999999999999997
28.68,-0.0020000000000000018
28.72,0.0020000000000000018
28.76,-0.0020000000000000018
28.8,0.0
28.84,0.0020000000000000018
28.88,-0.0020000000000000018
28.92,-0.009999999999999995
28.96,-0.005999999999999998
29.0,-0.0020000000000000018
29.04,-0.003999999999999997
29.080000000000002,-0.003999999999999997
29.12,0.0
29.16,0.0020000000000000018
29.2,0.0020000000000000018
29.240000000000002,0.0020000000000000018
29.28,0.0
29.32,-0.003999999999999997
29.36,-0.0020000000000000018
29.400000000000002,0.0040000000000000036
29.44,0.0020000000000000018
29.48,0.0020000000000000018
29.52,-0.0020000000000000018
29.560000000000002,-0.005999999999999998
29.6,-0.003999999999999997
29.64,-0.0020000000000000018
29.68,0.0020000000000000018
29.72,-0.0020000000000000018
29.76,0.0
29.8,0.006000000000000005
29.84,0.0020000000000000018
29.88,-0.0020000000000000018
29.92,0.0020000000000000018
29.96,0.0020000000000000018
30.0,-0.0020000000000000018
30.04,0.0020000000000000018
30.080000000000002,0.006000000000000005
30.12,-0.0020000000000000018
30.16,-0.003999999999999997
30.2,0.0
30.240000000000002,-0.0020000000000000018
30.28,-0.009999999999999995
30.32,-0.005999999999999998
30.36,0.0
30.400000000000002,-0.0020000000000000018
30.44,-0.0020000000000000018
30.48,0.0
30.52,-0.0020000000000000018
30.560000000000002,-0.005999999999999998
30.6,-0.0020000000000000018
30.64,0.0040000000000000036
30.68,0.0020000000000000018
30.72,0.0020000000000000018
30.76,0.0
30.8,-0.003999999999999997
30.84,-0.005999999999999998
30.88,-0.0020000000000000018
30.92,-0.003999999999999997
30.96,-0.008
31.0,-0.0020000000000000018
31.04,0.0040000000000000036
31.080000000000002,-0.0020000000000000018
31.12,-0.0020000000000000018
31.16,0.0020000000000000018
31.2,0.0
31.240000000000002,-0.0020000000000000018
31.28,0.0040000000000000036
31.32,0.006000000000000005
31.36,0.0020000000000000018
31.400000000000002,0.0020000000000000018
31.44,0.006000000000000005
31.48,0.0020000000000000018
31.52,-0.005999999999999998
31.560000000000002,-0.0020000000000000018
31.6,0.0
31.64,-0.0020000000000000018
31.68,-0.0020000000000000018
31.720000000000002,0.0020000000000000018
31.76,-0.003999999999999997
31.8,-0.005999999999999998
31.84,0.0
31.88,0.0020000000000000018
31.92,0.0020000000000000018
31.96,0.0040000000000000036
32.0,0.0020000000000000018
32.04,-0.0020000000000000018
32.08,0.0
32.12,0.0020000000000000018
32.160000000000004,-0.005999999999999998
32.2,-0.009999999999999995
32.24,-0.003999999999999997
32.28,0.0
32.32,-0.003999999999999997
32.36,-0.0020000000000000018
32.4,0.0020000000000000018
32.44,-0.003999999999999997
32.480000000000004,-0.0020000000000000018
32.52,0.0020000000000000018
32.56,0.0020000000000000018
32.6,0.0
32.64,0.0040000000000000036
32.68,0.0040000000000000036
32.72,0.0020000000000000018
32.76,-0.003999999999999997
32.8,0.0020000000000000018
32.84,0.0
32.88,-0.0020000000000000018
32.92,0.0
32.96,0.0020000000000000018
33.0,-0.0020000000000000018
33.04,-0.0020000000000000018
33.08,-0.0020000000000000018
33.12,-0.003999999999999997
33.160000000000004,0.0020000000000000018
33.2,0.0040000000000000036
33.24,0.0040000000000000036
33.28,0.0020000000000000018
33.32,0.0040000000000000036
33.36,0.0020000000000000018
33.4,-0.003999999999999997
33.44,-0.003999999999999997
33.480000000000004,0.0
33.52,-0.0020000000000000018
33.56,-0.005999999999999998
33.6,-0.0020000000000000018
33.64,-0.0020000000000000018
33.68,-0.003999999999999997
33.72,-0.003999999999999997
33.76,0.0
33.8,-0.0020000000000000018
33.84,-0.0020000000000000018
33.88,0.0040000000000000036
33.92,0.0040000000000000036
33.96,0.0020000000000000018
34.0,0.0
34.04,0.0020000000000000018
34.08,-0.0020000000000000018
34.12,-0.0020000000000000018
34.160000000000004,0.0020000000000000018
34.2,0.0020000000000000018
34.24,-0.0020000000000000018
34.28,-0.0020000000000000018
34.32,0.0
34.36,-0.005999999999999998
34.4,-0.003999999999999997
34.44,-0.003999999999999997
34.480000000000004,-0.003999999999999997
34.52,0.0020000000000000018
34.56,0.010000000000000002
34.6,0.0040000000000000036
34.64,-0.0020000000000000018
34.68,-0.0020000000000000018
34.72,0.0020000000000000018
34.76,-0.003999999999999997
34.800000000000004,-0.003999999999999997
34.84,0.0020000000000000018
34.88,-0.0020000000000000018
34.92,-0.005999999999999998
34.96,-0.003999999999999997
35.0,-0.003999999999999997
35.04,-0.005999999999999998
35.08,-0.003999999999999997
35.12,0.0040000000000000036
35.160000000000004,0.0020000000000000018
35.2,-0.0020000000000000018
35.24,0.0040000000000000036
35.28,0.0020000000000000018
35.32,-0.0020000000000000018
35.36,0.0
35.4,0.0040000000000000036
35.44,-0.0020000000000000018
35.480000000000004,-0.0020000000000000018
35.52,0.0040000000000000036
35.56,0.0020000000000000018
35.6,-0.003999999999999997
35.64,-0.003999999999999997
35.68,-0.003999999999999997
35.72,-0.003999999999999997
35.76,0.0020000000000000018
35.800000000000004,0.006000000000000005
35.84,-0.0020000000000000018
35.88,-0.0020000000000000018
35.92,0.0040000000000000036
35.96,0.0040000000000000036
36.0,-0.003999999999999997
36.04,0.0020000000000000018
36.08,0.006000000000000005
36.12,-0.0020000000000000018
36.160000000000004,-0.003999999999999997
36.2,0.0
36.24,-0.005999999999999998
36.28,-0.009999999999999995
36.32,-0.003999999999999997
36.36,-0.0020000000000000018
36.4,-0.003999999999999997
36.44,-0.0020000000000000018
36.480000000000004,0.0040000000000000036
36.52,0.0020000000000000018
36.56,-0.0020000000000000018
36.6,0.0020000000000000018
36.64,0.0
36.68,-0.003999999999999997
36.72,0.0020000000000000018
36.76,0.006000000000000005
36.800000000000004,0.0020000000000000018
36.84,-0.0020000000000000018
36.88,-0.0020000000000000018
36.92,-0.005999999999999998
36.96,-0.003999999999999997
37.0,0.0020000000000000018
37.04,0.0020000000000000018
37.08,-0.003999999999999997
37.12,0.0
37.160000000000004,0.006000000000000005
37.2,0.0
37.24,-0.0020000000000000018
37.28,0.0040000000000000036
37.32,0.006000000000000005
37.36,0.0
37.4,0.0040000000000000036
37.44,0.0020000000000000018
37.480000000000004,-0.0020000000000000018
37.52,-0.003999999999999997
37.56,-0.003999999999999997
37.6,-0.003999999999999997
37.64,-0.005999999999999998
37.68,-0.003999999999999997
37.72,-0.0020000000000000018
37.76,-0.0020000000000000018
37.800000000000004,0.0020000000000000018
37.84,0.0
37.88,-0.003999999999999997
37.92,-0.003999999999999997
37.96,0.0
38.0,0.0020000000000000018
38.04,0.0020000000000000018
38.08,0.0
38.12,-0.0020000000000000018
38.160000000000004,-0.005999999999999998
38.2,-0.0020000000000000018
38.24,0.0
38.28,-0.005999999999999998
38.32,-0.005999999999999998
38.36,0.0
38.4,0.0040000000000000036
38.44,-0.0020000000000000018
38.480000000000004,-0.0020000000000000018
38.52,0.0020000000000000018
38.56,0.0020000000000000018
38.6,0.0
38.64,0.0040000000000000036
38.68,0.006000000000000005
38.72,0.0040000000000000036
38.76,0.0020000000000000018
38.800000000000004,0.0020000000000000018
38.84,-0.0020000000000000018
38.88,-0.003999999999999997
38.92,-0.003999999999999997
38.96,-0.0020000000000000018
39.0,-0.0020000000000000018
39.04,0.0020000000000000018
39.08,0.0
39.12,-0.003999999999999997
39.160000000000004,-0.003999999999999997
39.2,0.0
39.24,0.0020000000000000018
39.28,0.0020000000000000018
39.32,0.0020000000000000018
39.36,0.0
39.4,-0.0020000000000000018
39.44,0.0
39.480000000000004,0.0
39.52,-0.005999999999999998
39.56,-0.005999999999999998
39.6,-0.0020000000000000018
39.64,0.0020000000000000018
39.68,-0.003999999999999997
39.72,-0.003999999999999997
39.76,0.0
39.800000000000004,-0.003999999999999997
39.84,-0.005999999999999998
39.88,0.0020000000000000018
39.92,0.0040000000000000036
39.96,0.0020000000000000018
40.0,0.0040000000000000036
40.04,0.006000000000000005
40.08,0.0
40.12,-0.003999999999999997
40.160000000000004,-0.0020000000000000018
40.2,-0.003999999999999997
40.24,-0.003999999999999997
40.28,0.0020000000000000018
40.32,0.0020000000000000018
40.36,-0.005999999999999998
40.4,-0.003999999999999997
40.44,0.0
40.480000000000004,0.0
40.52,-0.0020000000000000018
40.56,0.0020000000000000018
40.6,0.0020000000000000018
40.64,0.0020000000000000018
40.68,0.006000000000000005
40.72,0.0020000000000000018
40.76,-0.008
40.800000000000004,-0.005999999999999998
40.84,0.0020000000000000018
40.88,0.0
40.92,-0.005999999999999998
40.96,-0.0020000000000000018
41.0,0.0020000000000000018
41.04,-0.005999999999999998
41.08,-0.005999999999999998
41.12,0.0020000000000000018
41.160000000000004,0.0020000000000000018
41.2,-0.0020000000000000018
41.24,0.006000000000000005
41.28,0.006000000000000005
41.32,0.0020000000000000018
41.36,0.0020000000000000018
41.4,0.0020000000000000018
41.44,-0.003999999999999997
41.480000000000004,-0.0020000000000000018
41.52,0.006000000000000005
41.56,-0.0020000000000000018
41.6,-0.005999999999999998
41.64,-0.0020000000000000018
41.68,0.0020000000000000018
41.72,-0.005999999999999998
41.76,-0.003999999999999997
41.800000000000004,0.0020000000000000018
41.84,0.0020000000000000018
41.88,0.0020000000000000018
41.92,0.008
41.96,0.0
42.0,-0.005999999999999998
42.04,-0.0020000000000000018
42.08,0.0020000000000000018
42.12,-0.003999999999999997
42.160000000000004,-0.005999999999999998
42.2,0.0020000000000000018
42.24,0.0020000000000000018
42.28,-0.005999999999999998
42.32,-0.003999999999999997
42.36,-0.0020000000000000018
42.4,-0.005999999999999998
42.44,-0.003999999999999997
42.480000000000004,0.0020000000000000018
42.52,0.0020000000000000018
42.56,0.0020000000000000018
42.6,0.006000000000000005
42.64,0.0020000000000000018
42.68,0.0
42.72,0.0040000000000000036
42.76,0.0020000000000000018
42.800000000000004,-0.0020000000000000018
42.84,-0.0020000000000000018
42.88,0.0040000000000000036
42.92,0.0020000000000000018
42.96,-0.005999999999999998
43.0,-0.003999999999999997
43.04,-0.0020000000000000018
43.08,-0.0020000000000000018
43.12,0.0040000000000000036
43.160000000000004,0.006000000000000005
43.2,0.0
43.24,0.0
43.28,0.0040000000000000036
43.32,0.0020000000000000018
43.36,-0.003999999999999997
43.4,-0.0020000000000000018
43.44,0.0020000000000000018
43.480000000000004,-0.0020000000000000018
43.52,-0.003999999999999997
43.56,-0.0020000000000000018
43.6,-0.003999999999999997
43.64,-0.005999999999999998
43.68,-0.008
43.72,-0.003999999999999997
43.76,-0.0020000000000000018
43.800000000000004,-0.0020000000000000018
43.84,0.0
43.88,0.0
43.92,0.0020000000000000018
43.96,0.0020000000000000018
44.0,-0.0020000000000000018
44.04,-0.003999999999999997
44.08,0.0
44.12,0.0040000000000000036
44.160000000000004,0.0020000000000000018
44.2,-0.003999999999999997
44.24,-0.005999999999999998
44.28,-0.0020000000000000018
44.32,-0.003999999999999997
44.36,-0.0020000000000000018
44.4,0.0020000000000000018
44.44,0.0
44.480000000000004,0.0020000000000000018
44.52,0.008
44.56,0.006000000000000005
44.6,-0.0020000000000000018
44.64,-0.0020000000000000018
44.68,0.0040000000000000036
44.72,0.0020000000000000018
44.76,0.0
44.800000000000004,0.0020000000000000018
44.84,0.0020000000000000018
44.88,-0.003999999999999997
44.92,-0.005999999999999998
44.96,-0.0020000000000000018
45.0,-0.003999999999999997
45.04,-0.003999999999999997
45.08,-0.0020000000000000018
45.12,0.0020000000000000018
45.160000000000004,0.0
45.2,0.0
45.24,-0.0020000000000000018
45.28,-0.003999999999999997
45.32,0.0
45.36,0.006000000000000005
45.4,0.0020000000000000018
45.44,-0.003999999999999997
45.480000000000004,-0.0020000000000000018
45.52,-0.0020000000000000018
45.56,-0.005999999999999998
45.6,-0.003999999999999997
45.64,-0.003999999999999997
45.68,-0.003999999999999997
45.72,0.0
45.76,0.006000000000000005
45.800000000000004,0.0040000000000000036
45.84,-0.0020000000000000018
45.88,0.0
45.92,0.0040000000000000036
45.96,-0.0020000000000000018
46.0,-0.0020000000000000018
46.04,0.006000000000000005
46.08,0.0040000000000000036
46.12,-0.0020000000000000018
46.160000000000004,-0.0020000000000000018
46.2,-0.0020000000000000018
46.24,-0.003999999999999997
46.28,-0.003999999999999997
46.32,-0.0020000000000000018
46.36,0.0
46.4,0.0
46.44,0.0020000000000000018
46.480000000000004,-0.0020000000000000018
46.52,-0.005999999999999998
46.56,0.0020000000000000018
46.6,0.0040000000000000036
46.64,0.0
46.68,-0.0020000000000000018
46.72,0.0040000000000000036
46.76,0.0020000000000000018
46.800000000000004,-0.003999999999999997
46.84,-0.003999999999999997
46.88,-0.003999999999999997
46.92,-0.009999999999999995
46.96,-0.0020000000000000018
47.0,0.0040000000000000036
47.04,0.0020000000000000018
47.08,-0.0020000000000000018
47.12,0.0020000000000000018
47.160000000000004,0.0020000000000000018
47.2,-0.0020000000000000018
47.24,0.0
47.28,0.006000000000000005
47.32,0.0040000000000000036
47.36,-0.0020000000000000018
47.4,0.0020000000000000018
47.44,0.0020000000000000018
47.480000000000004,-0.003999999999999997
47.52,-0.003999999999999997
47.56,-0.0020000000000000018
47.6,-0.0020000000000000018
47.64,-0.0020000000000000018
47.68,-0.0020000000000000018
47.72,-0.003999999999999997
47.76,-0.003999999999999997
47.800000000000004,0.0
47.84,0.0
47.88,-0.003999999999999997
47.92,-0.0020000000000000018
47.96,0.006000000000000005
48.0,0.006000000000000005
48.04,0.0020000000000000018
48.08,-0.003999999999999997
48.120000000000005,-0.003999999999999997
48.160000000000004,-0.005999999999999998
48.2,-0.003999999999999997
48.24,0.0
48.28,-0.0020000000000000018
48.32,-0.003999999999999997
48.36,0.0020000000000000018
48.4,0.0020000000000000018
48.44,-0.0020000000000000018
48.480000000000004,-0.0020000000000000018
48.52,0.006000000000000005
48.56,0.0020000000000000018
48.6,0.0
48.64,0.006000000000000005
48.68,0.006000000000000005
48.72,-0.0020000000000000018
48.76,-0.003999999999999997
48.800000000000004,0.0
48.84,0.0
48.88,-0.0020000000000000018
48.92,-0.0020000000000000018
48.96,-0.0020000000000000018
49.0,-0.0020000000000000018
49.04,0.0020000000000000018
49.08,-0.0020000000000000018
49.120000000000005,-0.005999999999999998
49.160000000000004,-0.0020000000000000018
49.2,0.006000000000000005
49.24,0.006000000000000005
49.28,-0.0020000000000000018
49.32,0.0
49.36,0.0020000000000000018
49.4,-0.003999999999999997
49.44,-0.003999999999999997
49.480000000000004,-0.0020000000000000018
49.52,-0.005999999999999998
49.56,-0.005999999999999998
49.6,-0.0020000000000000018
49.64,-0.0020000000000000018
49.68,-0.003999999999999997
49.72,-0.0020000000000000018
49.76,0.0020000000000000018
49.800000000000004,-0.0020000000000000018
49.84,-0.0020000000000000018
49.88,0.008
49.92,0.008
49.96,-0.0020000000000000018
50.0,-0.0020000000000000018
50.04,0.0020000000000000018
50.08,0.0
50.120000000000005,-0.003999999999999997
50.160000000000004,-0.0020000000000000018
50.2,0.0020000000000000018
50.24,0.0020000000000000018
50.28,0.0040000000000000036
50.32,-0.0020000000000000018
50.36,-0.005999999999999998
50.4,-0.0020000000000000018
50.44,0.0040000000000000036
50.480000000000004,0.0020000000000000018
50.52,-0.0020000000000000018
50.56,0.006000000000000005
50.6,0.006000000000000005
50.64,0.0020000000000000018
50.68,0.0
50.72,-0.0020000000000000018
50.76,-0.003999999999999997
50.800000000000004,-0.003999999999999997
50.84,0.0
50.88,-0.0020000000000000018
50.92,-0.005999999999999998
50.96,-0.003999999999999997
51.0,-0.0020000000000000018
51.04,-0.005999999999999998
51.08,-0.003999999999999997
51.120000000000005,0.0040000000000000036
51.160000000000004,0.0040000000000000036
51.2,0.0
51.24,0.0020000000000000018
51.28,0.0040000000000000036
51.32,-0.0020000000000000018
51.36,-0.005999999999999998
51.4,-0.003999999999999997
51.44,0.0
51.480000000000004,0.0020000000000000018
51.52,0.0020000000000000018
51.56,-0.003999999999999997
51.6,-0.005999999999999998
51.64,-0.0020000000000000018
51.68,0.0
51.72,-0.003999999999999997
51.76,-0.003999999999999997
51.800000000000004,0.0040000000000000036
51.84,0.0040000000000000036
51.88,0.0020000000000000018
51.92,0.0020000000000000018
51.96,0.0020000000000000018
52.0,-0.0020000000000000018
52.04,-0.0020000000000000018
52.08,0.0020000000000000018
52.120000000000005,0.0
52.160000000000004,-0.003999999999999997
52.2,-0.0020000000000000018
52.24,-0.0020000000000000018
52.28,-0.009999999999999995
52.32,-0.005999999999999998
52.36,0.0020000000000000018
52.4,0.0020000000000000018
52.44,-0.0020000000000000018
52.480000000000004,0.0040000000000000036
52.52,0.006000000000000005
52.56,0.0
52.6,-0.003999999999999997
52.64,-0.0020000000000000018
52.68,0.0020000000000000018
52.72,0.0
52.76,0.0
52.800000000000004,-0.003999999999999997
52.84,-0.003999999999999997
52.88,0.0
52.92,-0.0020000000000000018
52.96,-0.005999999999999998
53.0,-0.005999999999999998
53.04,0.0020000000000000018
53.08,0.0020000000000000018
53.120000000000005,0.0020000000000000018
53.160000000000004,0.0020000000000000018
53.2,0.0020000000000000018
53.24,-0.0020000000000000018
53.28,-0.0020000000000000018
53.32,0.0020000000000000018
53.36,0.0020000000000000018
53.4,-0.0020000000000000018
53.44,0.0020000000000000018
53.480000000000004,-0.0020000000000000018
53.52,-0.008
53.56,-0.005999999999999998
53.6,-0.003999999999999997
53.64,-0.003999999999999997
53.68,-0.003999999999999997
53.72,0.0040000000000000036
53.76,0.0040000000000000036
53.800000000000004,0.0
53.84,0.0
53.88,0.0
53.92,0.0
53.96,0.0020000000000000018
54.0,-0.0020000000000000018
54.04,-0.003999999999999997
54.08,0.0020000000000000018
54.120000000000005,0.0040000000000000036
54.160000000000004,-0.0020000000000000018
54.2,-0.008
54.24,-0.003999999999999997
54.28,0.0
54.32,-0.0020000000000000018
54.36,0.0
54.4,0.0040000000000000036
54.44,0.0020000000000000018
54.480000000000004,-0.0020000000000000018
54.52,0.0020000000000000018
54.56,0.0040000000000000036
54.6,-0.0020000000000000018
54.64,0.0040000000000000036
54.68,0.006000000000000005
54.72,0.0
54.76,-0.003999999999999997
54.800000000000004,-0.0020000000000000018
54.84,-0.003999999999999997
54.88,-0.009999999999999995
54.92,-0.003999999999999997
54.96,0.0
55.0,-0.0020000000000000018
55.04,-0.0020000000000000018
55.08,0.0
55.120000000000005,0.0
55.160000000000004,0.0020000000000000018
55.2,0.0
55.24,-0.003999999999999997
55.28,-0.003999999999999997
55.32,0.0040000000000000036
55.36,0.006000000000000005
55.4,-0.003999999999999997
55.44,-0.005999999999999998
55.480000000000004,-0.0020000000000000018
55.52,-0.0020000000000000018
55.56,-0.003999999999999997
55.6,-0.0020000000000000018
55.64,0.0040000000000000036
55.68,-0.0020000000000000018
55.72,0.0
55.76,0.0020000000000000018
55.800000000000004,0.0020000000000000018
55.84,0.0
55.88,0.0040000000000000036
55.92,0.006000000000000005
55.96,0.0020000000000000018
56.0,0.006000000000000005
56.04,0.006000000000000005
56.08,-0.0020000000000000018
56.120000000000005,-0.005999999999999998
56.160000000000004,-0.003999999999999997
56.2,-0.0020000000000000018
56.24,-0.005999999999999998
56.28,-0.003999999999999997
56.32,0.0020000000000000018
56.36,0.0040000000000000036
56.4,0.0020000000000000018
56.44,-0.0020000000000000018
56.480000000000004,-0.003999999999999997
56.52,0.0
56.56,0.0040000000000000036
56.6,0.0020000000000000018
56.64,-0.003999999999999997
56.68,-0.003999999999999997
56.72,0.0020000000000000018
56.76,-0.0020000000000000018
56.800000000000004,-0.008
56.84,-0.003999999999999997
56.88,-0.0020000000000000018
56.92,-0.003999999999999997
56.96,-0.003999999999999997
57.0,0.0
57.04,0.0
57.08,-0.003999999999999997
57.120000000000005,-0.0020000000000000018
57.160000000000004,0.0020000000000000018
57.2,0.0020000000000000018
57.24,0.0020000000000000018
57.28,0.006000000000000005
57.32,0.0020000000000000018
57.36,-0.0020000000000000018
57.4,0.0
57.44,-0.0020000000000000018
57.480000000000004,-0.005999999999999998
57.52,-0.005999999999999998
57.56,0.0020000000000000018
57.6,0.0020000000000000018
57.64,-0.0020000000000000018
57.68,-0.0020000000000000018
57.72,-0.0020000000000000018
57.76,0.0
57.800000000000004,0.0040000000000000036
57.84,0.0040000000000000036
57.88,-0.0020000000000000018
57.92,0.0020000000000000018
57.96,0.006000000000000005
58.0,0.0020000000000000018
58.04,-0.005999999999999998
58.08,-0.003999999999999997
58.120000000000005,-0.0020000000000000018
58.160000000000004,-0.005999999999999998
58.2,-0.003999999999999997
58.24,0.0020000000000000018
58.28,-0.0020000000000000018
58.32,-0.003999999999999997
58.36,-0.0020000000000000018
58.4,-0.0020000000000000018
58.44,-0.003999999999999997
58.480000000000004,0.0
58.52,0.006000000000000005
58.56,0.0020000000000000018
58.6,0.0040000000000000036
58.64,0.006000000000000005
58.68,-0.0020000000000000018
58.72,-0.005999999999999998
58.76,-0.003999999999999997
58.800000000000004,0.0
58.84,-0.0020000000000000018
58.88,-0.0020000000000000018
58.92,-0.0020000000000000018
58.96,-0.003999999999999997
59.0,-0.0020000000000000018
59.04,0.0020000000000000018
59.08,-0.0020000000000000018
59.120000000000005,0.0
59.160000000000004,0.008
59.2,0.008
59.24,0.0
59.28,-0.0020000000000000018
59.32,0.0
59.36,-0.003999999999999997
59.4,-0.005999999999999998
59.44,0.0
59.480000000000004,0.0
59.52,-0.0020000000000000018
59.56,-0.0020000000000000018
59.6,-0.0020000000000000018
59.64,-0.003999999999999997
59.68,-0.005999999999999998
59.72,-0.0020000000000000018
59.76,0.0
59.800000000000004,0.0020000000000000018
59.84,0.006000000000000005
59.88,0.006000000000000005
59.92,0.0
59.96,-0.0020000000000000018
60.0,0.0020000000000000018
60.04,-0.0020000000000000018
60.08,-0.0020000000000000018
60.120000000000005,-0.0020000000000000018
60.160000000000004,-0.003999999999999997
60.2,-0.0020000000000000018
60.24,0.0020000000000000018
60.28,-0.0020000000000000018
60.32,-0.008
60.36,-0.005999999999999998
60.4,0.006000000000000005
60.44,0.0040000000000000036
60.480000000000004,0.0020000000000000018
60.52,0.0020000000000000018
60.56,0.0020000000000000018
60.6,-0.003999999999999997
60.64,-0.003999999999999997
60.68,0.0
60.72,-0.0020000000000000018
60.76,-0.003999999999999997
60.800000000000004,0.0
60.84,-0.0020000000000000018
60.88,-0.005999999999999998
60.92,-0.005999999999999998
60.96,-0.003999999999999997
61.0,-0.005999999999999998
61.04,-0.0020000000000000018
61.08,0.0040000000000000036
61.120000000000005,0.0020000000000000018
61.160000000000004,-0.0020000000000000018
61.2,0.0020000000000000018
61.24,0.0040000000000000036
61.28,0.0
61.32,-0.0020000000000000018
61.36,-0.0020000000000000018
61.4,-0.0020000000000000018
61.44,0.0020000000000000018
61.480000000000004,0.0020000000000000018
61.52,-0.003999999999999997
61.56,-0.008
61.6,-0.003999999999999997
61.64,0.0020000000000000018
61.68,0.0
61.72,-0.0020000000000000018
61.76,0.006000000000000005
61.800000000000004,0.008
61.84,0.0
61.88,0.0
61.92,0.0020000000000000018
61.96,-0.0020000000000000018
62.0,-0.0020000000000000018
62.04,0.0
62.08,0.0
62.120000000000005,-0.0020000000000000018
62.160000000000004,-0.0020000000000000018
62.2,-0.003999999999999997
62.24,-0.005999999999999998
62.28,-0.005999999999999998
62.32,-0.0020000000000000018
62.36,-0.0020000000000000018
62.4,-0.003999999999999997
62.440000000000005,0.0020000000000000018
62.480000000000004,0.006000000000000005
62.52,0.0020000000000000018
62.56,-0.003999999999999997
62.6,-0.0020000000000000018
62.64,-0.0020000000000000018
62.68,0.0
62.72,0.0040000000000000036
62.76,-0.0020000000000000018
62.800000000000004,-0.005999999999999998
62.84,-0.003999999999999997
62.88,-0.0020000000000000018
62.92,-0.005999999999999998
62.96,-0.005999999999999998
63.0,0.0040000000000000036
63.04,0.0040000000000000036
63.08,-0.0020000000000000018
63.120000000000005,0.0020000000000000018
63.160000000000004,0.006000000000000005
63.2,-0.0020000000000000018
63.24,-0.003999999999999997
63.28,0.0020000000000000018
63.32,0.0020000000000000018
63.36,0.0
63.4,0.0020000000000000018
63.440000000000005,0.0020000000000000018
63.480000000000004,-0.003999999999999997
63.52,-0.003999999999999997
63.56,-0.0020000000000000018
63.6,-0.003999999999999997
63.64,-0.003999999999999997
63.68,0.0020000000000000018
63.72,0.0040000000000000036
63.76,-0.0020000000000000018
63.800000000000004,-0.0020000000000000018
63.84,0.0
63.88,0.0
63.92,0.0020000000000000018
63.96,0.0040000000000000036
64.0,-0.0020000000000000018
64.04,-0.003999999999999997
64.08,0.0020000000000000018
64.12,-0.0020000000000000018
64.16,-0.008
64.2,-0.005999999999999998
64.24,-0.0020000000000000018
64.28,-0.0020000000000000018
64.32000000000001,-0.0020000000000000018
64.36,0.006000000000000005
64.4,0.0040000000000000036
64.44,-0.003999999999999997
64.48,-0.0020000000000000018
64.52,0.0040000000000000036
64.56,0.0
64.6,-0.0020000000000000018
64.64,0.0020000000000000018
64.68,0.0020000000000000018
64.72,-0.0020000000000000018
64.76,0.0
64.8,-0.003999999999999997
64.84,-0.008
64.88,-0.003999999999999997
64.92,0.0020000000000000018
64.96000000000001,-0.0020000000000000018
65.0,-0.0020000000000000018
65.04,0.0
65.08,-0.0020000000000000018
65.12,-0.0020000000000000018
65.16,0.0020000000000000018
65.2,0.0020000000000000018
65.24,-0.0020000000000000018
65.28,0.0020000000000000018
65.32000000000001,0.008
65.36,0.0
65.4,-0.005999999999999998
65.44,-0.003999999999999997
65.48,-0.003999999999999997
65.52,-0.005999999999999998
65.56,-0.0020000000000000018
65.6,0.0040000000000000036
65.64,0.0
65.68,-0.0020000000000000018
65.72,0.0020000000000000018
65.76,0.0020000000000000018
65.8,-0.003999999999999997
65.84,0.0020000000000000018
65.88,0.0020000000000000018
65.92,0.0020000000000000018
65.96000000000001,0.006000000000000005
66.0,0.0020000000000000018
66.04,-0.005999999999999998
66.08,-0.005999999999999998
66.12,-0.0020000000000000018
66.16,-0.0020000000000000018
66.2,-0.005999999999999998
66.24,-0.0020000000000000018
66.28,0.0
66.32000000000001,-0.003999999999999997
66.36,-0.003999999999999997
66.4,0.0020000000000000018
66.44,-0.0020000000000000018
66.48,-0.005999999999999998
66.52,0.006000000000000005
66.56,0.006000000000000005
66.6,0.0
66.64,-0.0020000000000000018
66.68,0.0
66.72,-0.003999999999999997
66.76,-0.008
66.8,-0.0020000000000000018
66.84,-0.0020000000000000018
66.88,-0.003999999999999997
66.92,-0.0020000000000000018
66.96000000000001,0.0020000000000000018
67.0,-0.0020000000000000018
67.04,-0.003999999999999997
67.08,0.0
67.12,0.0020000000000000018
67.16,0.0020000000000000018
67.2,0.006000000000000005
67.24,0.0040000000000000036
67.28,-0.0020000000000000018
67.32000000000001,0.0
67.36,0.0020000000000000018
67.4,-0.0020000000000000018
67.44,-0.003999999999999997
67.48,-0.0020000000000000018
67.52,0.0020000000000000018
67.56,0.0020000000000000018
67.6,0.0
67.64,-0.0020000000000000018
67.68,-0.003999999999999997
67.72,-0.005999999999999998
67.76,0.0020000000000000018
67.8,0.0040000000000000036
67.84,0.0020000000000000018
67.88,0.0020000000000000018
67.92,0.0040000000000000036
67.96000000000001,0.0
68.0,-0.005999999999999998
68.04,-0.003999999999999997
68.08,-0.0020000000000000018
68.12,-0.005999999999999998
68.16,-0.005999999999999998
68.2,-0.0020000000000000018
68.24,-0.0020000000000000018
68.28,-0.005999999999999998
68.32000000000001,-0.003999999999999997
68.36,0.0020000000000000018
68.4,0.0020000000000000018
68.44,0.0
68.48,0.0020000000000000018
68.52,0.0020000000000000018
68.56,0.0020000000000000018
68.60000000000001,0.0020000000000000018
68.64,0.0
68.68,-0.003999999999999997
68.72,-0.0020000000000000018
68.76,0.0020000000000000018
68.8,0.0040000000000000036
68.84,-0.0020000000000000018
68.88,0.0
68.92,-0.003999999999999997
68.96000000000001,-0.005999999999999998
69.0,0.0
69.04,0.0020000000000000018
69.08,-0.0020000000000000018
69.12,0.0020000000000000018
69.16,0.006000000000000005
69.2,0.0040000000000000036
69.24,-0.0020000000000000018
69.28,0.0020000000000000018
69.32000000000001,0.0020000000000000018
69.36,-0.005999999999999998
69.4,-0.003999999999999997
69.44,0.0020000000000000018
69.48,-0.0020000000000000018
69.52,-0.005999999999999998
69.56,-0.003999999999999997
69.60000000000001,-0.0020000000000000018
69.64,-0.003999999999999997
69.68,-0.003999999999999997
69.72,0.0020000000000000018
69.76,0.0020000000000000018
69.8,0.0020000000000000018
69.84,0.0040000000000000036
69.88,0.0
69.92,-0.005999999999999998
69.96000000000001,-0.0020000000000000018
70.0,0.0020000000000000018
70.04,-0.0020000000000000018
70.08,0.0020000000000000018
70.12,0.0020000000000000018
70.16,-0.003999999999999997
70.2,-0.003999999999999997
70.24,0.0
70.28,-0.0020000000000000018
70.32000000000001,-0.005999999999999998
70.36,-0.0020000000000000018
70.4,0.0040000000000000036
70.44,0.0020000000000000018
70.48,0.0020000000000000018
70.52,0.006000000000000005
70.56,0.0
70.60000000000001,-0.003999999999999997
70.64,0.0020000000000000018
70.68,0.0040000000000000036
70.72,-0.003999999999999997
70.76,-0.003999999999999997
70.8,0.0
70.84,-0.003999999999999997
70.88,-0.008
70.92,-0.003999999999999997
70.96000000000001,-0.003999999999999997
71.0,-0.0020000000000000018
71.04,0.0040000000000000036
71.08,0.0020000000000000018
71.12,-0.0020000000000000018
71.16,0.0
71.2,0.0040000000000000036
71.24,0.0
71.28,-0.0020000000000000018
71.32000000000001,0.0040000000000000036
71.36,0.0020000000000000018
71.4,-0.003999999999999997
71.44,0.0
71.48,0.0040000000000000036
71.52,-0.003999999999999997
71.56,-0.005999999999999998
71.60000000000001,-0.0020000000000000018
71.64,0.0020000000000000018
71.68,-0.0020000000000000018
71.72,0.0020000000000000018
71.76,0.0040000000000000036
71.8,-0.0020000000000000018
71.84,-0.0020000000000000018
71.88,0.0020000000000000018
71.92,0.0020000000000000018
71.96000000000001,-0.0020000000000000018
72.0,0.0020000000000000018
72.04,0.0040000000000000036
72.08,-0.003999999999999997
72.12,-0.005999999999999998
72.16,-0.005999999999999998
72.2,-0.005999999999999998
72.24,-0.003999999999999997
72.28,-0.0020000000000000018
72.32000000000001,-0.0020000000000000018
72.36,-0.0020000000000000018
72.4,0.0020000000000000018
72.44,0.0020000000000000018
72.48,-0.0020000000000000018
72.52,-0.0020000000000000018
72.56,0.0020000000000000018
72.60000000000001,0.0
72.64,0.0
72.68,0.0040000000000000036
72.72,0.0040000000000000036
72.76,-0.003999999999999997
72.8,-0.005999999999999998
72.84,-0.0020000000000000018
72.88,-0.0020000000000000018
72.92,-0.0020000000000000018
72.96000000000001,0.0020000000000000018
73.0,0.0
73.04,0.0
73.08,0.0020000000000000018
73.12,0.0040000000000000036
73.16,0.0020000000000000018
73.2,-0.0020000000000000018
73.24,0.0040000000000000036
73.28,0.008
73.32000000000001,0.0020000000000000018
73.36,-0.0020000000000000018
73.4,-0.0020000000000000018
73.44,-0.003999999999999997
73.48,-0.003999999999999997
73.52,-0.003999999999999997
73.56,-0.003999999999999997
73.60000000000001,-0.003999999999999997
73.64,0.0
73.68,0.0
73.72,-0.0020000000000000018
73.76,-0.0020000000000000018
73.8,-0.0020000000000000018
73.84,-0.0020000000000000018
73.88,0.0
73.92,0.006000000000000005
73.96000000000001,0.0040000000000000036
74.0,-0.003999999999999997
74.04,-0.005999999999999998
74.08,-0.0020000000000000018
74.12,-0.0020000000000000018
74.16,-0.003999999999999997
74.2,-0.003999999999999997
74.24,0.0
74.28,-0.0020000000000000018
74.32000000000001,-0.0020000000000000018
74.36,0.0
74.4,-0.003999999999999997
74.44,-0.0020000000000000018
74.48,0.0040000000000000036
74.52,0.006000000000000005
74.56,0.006000000000000005
74.60000000000001,0.0040000000000000036
74.64,0.006000000000000005
74.68,0.0020000000000000018
74.72,-0.0020000000000000018
74.76,-0.0020000000000000018
74.8,-0.003999999999999997
74.84,-0.003999999999999997
74.88,0.0
74.92,0.0020000000000000018
74.96000000000001,-0.0020000000000000018
75.0,-0.003999999999999997
75.04,-0.0020000000000000018
75.08,-0.0020000000000000018
75.12,0.0
75.16,0.006000000000000005
75.2,0.006000000000000005
75.24,-0.0020000000000000018
75.28,0.0
75.32000000000001,0.0020000000000000018
75.36,-0.0020000000000000018
75.4,-0.005999999999999998
75.44,-0.0020000000000000018
75.48,-0.0020000000000000018
75.52,-0.003999999999999997
75.56,-0.0020000000000000018
75.60000000000001,0.0
75.64,-0.005999999999999998
75.68,-0.003999999999999997
75.72,-0.0020000000000000018
75.76,0.0
75.8,-0.0020000000000000018
75.84,0.0040000000000000036
75.88,0.006000000000000005
75.92,0.0040000000000000036
75.96000000000001,0.0020000000000000018
76.0,0.0
76.04,-0.003999999999999997
76.08,-0.003999999999999997
76.12,0.0020000000000000018
76.16,0.0
76.2,-0.003999999999999997
76.24,-0.0020000000000000018
76.28,-0.003999999999999997
76.32000000000001,-0.003999999999999997
76.36,-0.0020000000000000018
76.4,0.0040000000000000036
76.44,-0.0020000000000000018
76.48,-0.003999999999999997
76.52,0.006000000000000005
76.56,0.006000000000000005
76.60000000000001,-0.0020000000000000018
76.64,-0.003999999999999997
76.68,0.0
76.72,-0.0020000000000000018
76.76,-0.0020000000000000018
76.8,0.0020000000000000018
76.84,0.0
76.88,-0.003999999999999997
76.92,-0.003999999999999997
76.96000000000001,-0.0020000000000000018
77.0,-0.005999999999999998
77.04,-0.003999999999999997
77.08,0.0020000000000000018
77.12,0.0040000000000000036
77.16,0.0020000000000000018
77.2,0.006000000000000005
77.24,0.0040000000000000036
77.28,0.0
77.32000000000001,0.0
77.36,0.0020000000000000018
77.4,0.0
77.44,-0.0020000000000000018
77.48,-0.0020000000000000018
77.52,-0.0020000000000000018
77.56,-0.003999999999999997
77.60000000000001,0.0
77.64,0.0020000000000000018
77.68,-0.005999999999999998
77.72,-0.003999999999999997
77.76,0.0040000000000000036
77.8,0.006000000000000005
77.84,-0.0020000000000000018
77.88,-0.0020000000000000018
77.92,0.0020000000000000018
77.96000000000001,-0.0020000000000000018
78.0,-0.0020000000000000018
78.04,0.0020000000000000018
78.08,0.0020000000000000018
78.12,-0.003999999999999997
78.16,-0.0020000000000000018
78.2,-0.0020000000000000018
78.24,-0.008
78.28,-0.005999999999999998
78.32000000000001,-0.0020000000000000018
78.36,0.0
78.4,-0.0020000000000000018
78.44,0.0020000000000000018
78.48,0.006000000000000005
78.52,0.0020000000000000018
78.56,0.0020000000000000018
78.60000000000001,0.0040000000000000036
78.64,0.0020000000000000018
78.68,-0.0020000000000000018
78.72,0.0
78.76,0.0
78.8,0.0
78.84,0.0
78.88,-0.0020000000000000018
78.92,-0.008
78.96000000000001,-0.003999999999999997
79.0,0.006000000000000005
79.04,0.006000000000000005
79.08,-0.0020000000000000018
79.12,0.0
79.16,0.0040000000000000036
79.2,-0.0020000000000000018
79.24,-0.0020000000000000018
79.28,0.0020000000000000018
79.32000000000001,0.0020000000000000018
79.36,-0.0020000000000000018
79.4,0.0020000000000000018
79.44,0.0
79.48,-0.003999999999999997
79.52,-0.005999999999999998
79.56,-0.003999999999999997
79.60000000000001,-0.005999999999999998
79.64,-0.005999999999999998
79.68,-0.0020000000000000018
79.72,0.0020000000000000018
79.76,-0.0020000000000000018
79.8,0.0020000000000000018
79.84,0.0020000000000000018
79.88,-0.0020000000000000018
79.92,-0.0020000000000000018
79.96000000000001,0.0020000000000000018
80.0,0.0040000000000000036
80.04,0.0020000000000000018
80.08,0.0020000000000000018
80.12,-0.003999999999999997
80.16,-0.008
80.2,-0.0020000000000000018
80.24,0.0040000000000000036
80.28,-0.0020000000000000018
80.32000000000001,-0.003999999999999997
80.36,0.0040000000000000036
80.4,0.006000000000000005
80.44,-0.0020000000000000018
80.48,-0.0020000000000000018
80.52,0.0020000000000000018
80.56,0.0
80.60000000000001,0.0020000000000000018
80.64,0.0040000000000000036
80.68,0.0040000000000000036
80.72,0.0020000000000000018
80.76,0.0020000000000000018
80.8,-0.003999999999999997
80.84,-0.005999999999999998
80.88,-0.003999999999999997
80.92,-0.003999999999999997
80.96000000000001,-0.003999999999999997
81.0,-0.0020000000000000018
81.04,0.0020000000000000018
81.08,-0.0020000000000000018
81.12,-0.003999999999999997
81.16,-0.003999999999999997
81.2,0.0
81.24,0.0020000000000000018
81.28,0.0040000000000000036
81.32000000000001,0.0020000000000000018
81.36,-0.003999999999999997
81.4,-0.005999999999999998
81.44,-0.0020000000000000018
81.48,-0.0020000000000000018
81.52,-0.009999999999999995
81.56,-0.003999999999999997
81.60000000000001,0.0020000000000000018
81.64,0.0020000000000000018
81.68,-0.0020000000000000018
81.72,0.0
81.76,0.0
81.8,-0.0020000000000000018
81.84,0.0
81.88,0.0040000000000000036
81.92,0.006000000000000005
81.96000000000001,0.006000000000000005
82.0,0.0040000000000000036
82.04,0.0020000000000000018
82.08,-0.0020000000000000018
82.12,-0.0020000000000000018
82.16,-0.003999999999999997
82.2,-0.003999999999999997
82.24,-0.0020000000000000018
82.28,0.0020000000000000018
82.32000000000001,-0.0020000000000000018
82.36,-0.003999999999999997
82.4,-0.003999999999999997
82.44,0.0020000000000000018
82.48,0.0020000000000000018
82.52,0.0020000000000000018
82.56,0.0020000000000000018
82.60000000000001,0.0
82.64,0.0020000000000000018
82.68,0.0020000000000000018
82.72,-0.0020000000000000018
82.76,-0.008
82.8,-0.005999999999999998
82.84,0.0
82.88,-0.0020000000000000018
82.92,-0.003999999999999997
82.96000000000001,0.0
83.0,0.0
83.04,-0.003999999999999997
83.08,-0.003999999999999997
83.12,0.0020000000000000018
83.16,0.0020000000000000018
83.2,0.0020000000000000018
83.24,0.0020000000000000018
83.28,0.0040000000000000036
83.32000000000001,0.0020000000000000018
83.36,0.0
83.4,0.0
83.44,-0.003999999999999997
83.48,-0.0020000000000000018
83.52,0.0020000000000000018
83.56,-0.0020000000000000018
83.60000000000001,-0.005999999999999998
83.64,-0.0020000000000000018
83.68,0.0
83.72,-0.0020000000000000018
83.76,-0.0020000000000000018
83.8,0.0020000000000000018
83.84,0.0020000000000000018
83.88,0.0040000000000000036
83.92,0.008
83.96000000000001,0.0020000000000000018
84.0,-0.003999999999999997
84.04,-0.003999999999999997
84.08,0.0
84.12,-0.003999999999999997
84.16,-0.003999999999999997
84.2,0.0020000000000000018
84.24,0.0
84.28,-0.005999999999999998
84.32000000000001,-0.003999999999999997
84.36,0.0020000000000000018
84.4,-0.0020000000000000018
84.44,-0.003999999999999997
84.48,0.0020000000000000018
84.52,0.006000000000000005
84.56,0.0020000000000000018
84.60000000000001,0.0040000000000000036
84.64,0.0020000000000000018
84.68,-0.0020000000000000018
84.72,0.0
84.76,0.0040000000000000036
84.8,-0.0020000000000000018
84.84,-0.003999999999999997
84.88,0.0020000000000000018
84.92,0.0
84.96000000000001,-0.003999999999999997
85.0,-0.003999999999999997
85.04,-0.003999999999999997
85.08,-0.0020000000000000018
85.12,0.0040000000000000036
85.16,0.006000000000000005
85.2,0.0020000000000000018
85.24,-0.0020000000000000018
85.28,0.0020000000000000018
85.32000000000001,0.0
85.36,-0.005999999999999998
85.4,-0.0020000000000000018
85.44,0.0020000000000000018
85.48,-0.0020000000000000018
85.52,-0.005999999999999998
85.56,-0.003999999999999997
85.60000000000001,0.0
85.64,-0.005999999999999998
85.68,-0.005999999999999998
85.72,0.0020000000000000018
85.76,0.0040000000000000036
85.8,0.0020000000000000018
85.84,0.0020000000000000018
85.88,0.0
85.92,-0.0020000000000000018
85.96000000000001,0.0020000000000000018
86.0,0.0020000000000000018
86.04,-0.0020000000000000018
86.08,0.0020000000000000018
86.12,0.0040000000000000036
86.16,0.0020000000000000018
86.2,-0.003999999999999997
86.24,-0.005999999999999998
86.28,-0.003999999999999997
86.32000000000001,-0.0020000000000000018
86.36,0.0020000000000000018
86.4,0.0020000000000000018
86.44,0.0
86.48,0.0020000000000000018
86.52,0.006000000000000005
86.56,0.0020000000000000018
86.60000000000001,-0.003999999999999997
86.64,0.0
86.68,0.0020000000000000018
86.72,-0.0020000000000000018
86.76,-0.003999999999999997
86.8,0.0
86.84,-0.0020000000000000018
86.88,-0.008
86.92,-0.008
86.96000000000001,-0.003999999999999997
87.0,-0.0020000000000000018
87.04,-0.0020000000000000018
87.08,-0.0020000000000000018
87.12,0.0020000000000000018
87.16,-0.0020000000000000018
87.2,-0.0020000000000000018
87.24,-0.003999999999999997
87.28,-0.0020000000000000018
87.32000000000001,0.0020000000000000018
87.36,0.006000000000000005
87.4,0.0040000000000000036
87.44,-0.0020000000000000018
87.48,-0.003999999999999997
87.52,-0.0020000000000000018
87.56,-0.003999999999999997
87.60000000000001,-0.003999999999999997
87.64,-0.0020000000000000018
87.68,0.0
87.72,0.0020000000000000018
87.76,0.0040000000000000036
87.8,0.0040000000000000036
87.84,0.0020000000000000018
87.88,0.0020000000000000018
87.92,0.0040000000000000036
87.96000000000001,0.0020000000000000018
88.0,0.0020000000000000018
88.04,0.006000000000000005
88.08,0.0020000000000000018
88.12,-0.008
88.16,-0.005999999999999998
88.2,0.0
88.24,-0.003999999999999997
88.28,-0.005999999999999998
88.32000000000001,-0.0020000000000000018
88.36,0.0020000000000000018
88.4,0.0
88.44,-0.003999999999999997
88.48,-0.003999999999999997
88.52,-0.003999999999999997
88.56,0.0
88.60000000000001,0.006000000000000005
88.64,0.0
88.68,-0.0020000000000000018
88.72,0.0
88.76,-0.0020000000000000018
88.8,-0.005999999999999998
88.84,-0.003999999999999997
88.88,-0.003999999999999997
88.92,-0.005999999999999998
88.96000000000001,-0.003999999999999997
89.0,0.0020000000000000018
89.04,0.0020000000000000018
89.08,-0.0020000000000000018
89.12,0.0
89.16,0.0020000000000000018
89.2,-0.0020000000000000018
89.24,0.0040000000000000036
89.28,0.010000000000000002
89.32000000000001,0.0020000000000000018
89.36,-0.003999999999999997
89.4,0.0
89.44,0.0020000000000000018
89.48,-0.005999999999999998
89.52,-0.005999999999999998
89.56,0.0
89.60000000000001,0.0020000000000000018
89.64,-0.0020000000000000018
89.68,-0.0020000000000000018
89.72,-0.003999999999999997
89.76,-0.0020000000000000018
89.8,0.0
89.84,0.0020000000000000018
89.88,-0.0020000000000000018
89.92,-0.0020000000000000018
89.96000000000001,0.0040000000000000036
90.0,0.0020000000000000018
90.04,-0.003999999999999997
90.08,-0.0020000000000000018
90.12,-0.0020000000000000018
90.16,-0.008
90.2,-0.003999999999999997
90.24,0.0020000000000000018
90.28,-0.0020000000000000018
90.32000000000001,-0.003999999999999997
90.36,-0.0020000000000000018
90.4,-0.003999999999999997
90.44,-0.0020000000000000018
90.48,0.0020000000000000018
90.52,0.006000000000000005
90.56,0.0020000000000000018
90.60000000000001,-0.0020000000000000018
90.64,0.006000000000000005
90.68,0.0040000000000000036
90.72,-0.005999999999999998
90.76,-0.005999999999999998
90.8,0.0
90.84,0.0
90.88,-0.0020000000000000018
90.92,-0.0020000000000000018
90.96000000000001,-0.0020000000000000018
91.0,-0.0020000000000000018
91.04,0.0020000000000000018
91.08,-0.0020000000000000018
91.12,-0.003999999999999997
91.16,-0.0020000000000000018
91.2,0.0040000000000000036
91.24,0.0020000000000000018
91.28,0.0020000000000000018
91.32000000000001,0.0020000000000000018
91.36,0.0
91.4,-0.003999999999999997
91.44,-0.003999999999999997
91.48,0.0020000000000000018
91.52,-0.0020000000000000018
91.56,-0.003999999999999997
91.60000000000001,-0.003999999999999997
91.64,-0.003999999999999997
91.68,-0.003999999999999997
91.72,0.0020000000000000018
91.76,0.0020000000000000018
91.8,-0.0020000000000000018
91.84,0.0020000000000000018
91.88,0.010000000000000002
91.92,0.006000000000000005
91.96000000000001,-0.003999999999999997
92.0,-0.0020000000000000018
92.04,0.0020000000000000018
92.08,-0.0020000000000000018
92.12,-0.003999999999999997
92.16,-0.0020000000000000018
92.2,0.0
92.24,0.0
92.28,-0.0020000000000000018
92.32000000000001,-0.003999999999999997
92.36,-0.003999999999999997
92.4,-0.0020000000000000018
92.44,0.0020000000000000018
92.48,0.0020000000000000018
92.52,0.0020000000000000018
92.56,0.006000000000000005
92.60000000000001,0.0
92.64,-0.003999999999999997
92.68,-0.0020000000000000018
92.72,0.0020000000000000018
92.76,-0.0020000000000000018
92.8,-0.003999999999999997
92.84,-0.0020000000000000018
92.88,-0.0020000000000000018
92.92,-0.003999999999999997
92.96000000000001,-0.0020000000000000018
93.0,-0.005999999999999998
93.04,-0.005999999999999998
93.08,0.0
93.12,0.008
93.16,0.0040000000000000036
93.2,-0.0020000000000000018
93.24,0.0040000000000000036
93.28,0.006000000000000005
93.32000000000001,-0.0020000000000000018
93.36,-0.003999999999999997
93.4,0.0020000000000000018
93.44,0.0020000000000000018
93.48,0.0020000000000000018
93.52,-0.0020000000000000018
93.56,-0.0020000000000000018
93.60000000000001,-0.003999999999999997
93.64,-0.0020000000000000018
93.68,0.0
93.72,-0.0020000000000000018
93.76,0.0020000000000000018
93.8,0.0040000000000000036
93.84,0.0020000000000000018
93.88,-0.0020000000000000018
93.92,0.0020000000000000018
93.96000000000001,0.0020000000000000018
94.0,-0.0020000000000000018
94.04,-0.003999999999999997
94.08,0.0020000000000000018
94.12,0.0020000000000000018
94.16,-0.003999999999999997
94.2,-0.005999999999999998
94.24,-0.005999999999999998
94.28,-0.009999999999999995
94.32000000000001,-0.003999999999999997
94.36,0.0020000000000000018
94.4,-0.0020000000000000018
94.44,-0.0020000000000000018
94.48,0.006000000000000005
94.52,0.006000000000000005
94.56,-0.003999999999999997
94.60000000000001,-0.003999999999999997
94.64,0.0020000000000000018
94.68,0.0020000000000000018
94.72,-0.0020000000000000018
94.76,-0.0020000000000000018
94.8,0.0020000000000000018
94.84,-0.0020000000000000018
94.88,-0.003999999999999997
94.92,-0.0020000000000000018
94.96000000000001,-0.0020000000000000018
95.0,-0.0020000000000000018
95.04,0.0020000000000000018
95.08,0.0020000000000000018
95.12,0.0020000000000000018
95.16,0.006000000000000005
95.2,0.0040000000000000036
95.24,-0.0020000000000000018
95.28,-0.0020000000000000018
95.32000000000001,0.006000000000000005
95.36,0.0040000000000000036
95.4,0.0020000000000000018
95.44,-0.0020000000000000018
95.48,-0.0020000000000000018
95.52,-0.005999999999999998
95.56,-0.005999999999999998
95.60000000000001,-0.003999999999999997
95.64,-0.005999999999999998
95.68,-0.003999999999999997
95.72,0.0040000000000000036
95.76,0.0020000000000000018
95.8,-0.003999999999999997
95.84,-0.0020000000000000018
95.88,0.0020000000000000018
95.92,-0.0020000000000000018
95.96000000000001,-0.003999999999999997
96.0,0.0
96.04,0.0020000000000000018
96.08,-0.0020000000000000018
96.12,-0.003999999999999997
96.16,-0.0020000000000000018
96.2,-0.003999999999999997
96.24000000000001,-0.003999999999999997
96.28,-0.003999999999999997
96.32000000000001,-0.0020000000000000018
96.36,0.0020000000000000018
96.4,0.006000000000000005
96.44,0.0
96.48,-0.005999999999999998
96.52,0.0
96.56,0.006000000000000005
96.60000000000001,0.0040000000000000036
96.64,0.0020000000000000018
96.68,0.006000000000000005
96.72,0.0040000000000000036
96.76,-0.0020000000000000018
96.8,-0.0020000000000000018
96.84,-0.003999999999999997
96.88,-0.008
96.92,-0.003999999999999997
96.96000000000001,0.0020000000000000018
97.0,0.0
97.04,-0.003999999999999997
97.08,0.0020000000000000018
97.12,0.006000000000000005
97.16,-0.0020000000000000018
97.2,-0.0020000000000000018
97.24000000000001,0.0020000000000000018
97.28,0.0020000000000000018
97.32000000000001,-0.0020000000000000018
97.36,0.0
97.4,-0.0020000000000000018
97.44,-0.003999999999999997
97.48,-0.005999999999999998
97.52,-0.005999999999999998
97.56,-0.003999999999999997
97.60000000000001,0.0020000000000000018
97.64,0.0020000000000000018
97.68,-0.003999999999999997
97.72,-0.005999999999999998
97.76,0.0
97.8,0.0020000000000000018
97.84,-0.0020000000000000018
97.88,-0.0020000000000000018
97.92,0.0040000000000000036
97.96000000000001,0.0040000000000000036
98.0,0.0020000000000000018
98.04,0.0020000000000000018
98.08,-0.0020000000000000018
98.12,-0.005999999999999998
98.16,-0.003999999999999997
98.2,-0.0020000000000000018
98.24000000000001,-0.003999999999999997
98.28,-0.003999999999999997
98.32000000000001,0.0020000000000000018
98.36,0.0
98.4,-0.003999999999999997
98.44,0.0
98.48,0.0020000000000000018
98.52,0.0020000000000000018
98.56,0.0020000000000000018
98.60000000000001,0.0040000000000000036
98.64,0.0020000000000000018
98.68,-0.003999999999999997
98.72,-0.0020000000000000018
98.76,-0.005999999999999998
98.8,-0.005999999999999998
98.84,0.0
98.88,0.0
98.92,-0.005999999999999998
98.96000000000001,-0.0020000000000000018
99.0,0.0040000000000000036
99.04,0.0020000000000000018
99.08,-0.005999999999999998
99.12,-0.0020000000000000018
99.16,0.0020000000000000018
99.2,0.0
99.24000000000001,0.0040000000000000036
99.28,0.008
99.32000000000001,0.0
99.36,-0.003999999999999997
99.4,0.0
99.44,0.0
99.48,-0.005999999999999998
99.52,-0.003999999999999997
99.56,0.0020000000000000018
99.60000000000001,-0.0020000000000000018
99.64,-0.003999999999999997
99.68,0.0
99.72,0.0
99.76,-0.003999999999999997
99.8,0.0020000000000000018
99.84,0.006000000000000005
99.88,0.0020000000000000018
99.92,0.0020000000000000018
99.96000000000001,0.0020000000000000018
100.0,-0.0020000000000000018
100.04,-0.005999999999999998
100.08,-0.0020000000000000018
100.12,-0.003999999999999997
100.16,-0.008
100.2,-0.0020000000000000018
100.24000000000001,0.006000000000000005
100.28,-0.0020000000000000018
100.32000000000001,-0.005999999999999998
100.36,-0.0020000000000000018
100.4,-0.003999999999999997
100.44,-0.0020000000000000018
100.48,0.0020000000000000018
100.52,0.006000000000000005
100.56,0.0020000000000000018
100.60000000000001,0.0020000000000000018
100.64,0.0020000000000000018
100.68,-0.0020000000000000018
100.72,-0.003999999999999997
100.76,-0.0020000000000000018
100.8,0.0020000000000000018
100.84,-0.0020000000000000018
100.88,-0.0020000000000000018
100.92,0.0
100.96000000000001,-0.003999999999999997
101.0,-0.003999999999999997
101.04,0.0
101.08,0.0040000000000000036
101.12,0.0020000000000000018
101.16,0.0040000000000000036
101.2,0.006000000000000005
101.24000000000001,0.0040000000000000036
101.28,0.0020000000000000018
101.32000000000001,-0.0020000000000000018
101.36,-0.005999999999999998
101.4,-0.005999999999999998
101.44,0.0
101.48,0.0020000000000000018
101.52,-0.003999999999999997
101.56,-0.005999999999999998
101.60000000000001,-0.0020000000000000018
101.64,-0.003999999999999997
101.68,-0.005999999999999998
101.72,-0.0020000000000000018
101.76,0.0
101.8,-0.0020000000000000018
101.84,0.0
101.88,0.0020000000000000018
101.92,0.0
101.96000000000001,-0.003999999999999997
102.0,-0.0020000000000000018
102.04,0.0
102.08,0.0
102.12,-0.0020000000000000018
102.16,-0.0020000000000000018
102.2,-0.0020000000000000018
102.24000000000001,-0.003999999999999997
102.28,-0.0020000000000000018
102.32000000000001,-0.0020000000000000018
102.36,-0.0020000000000000018
102.4,0.0020000000000000018
102.44,0.006000000000000005
102.48,0.008
102.52,0.0040000000000000036
102.56,0.0020000000000000018
102.60000000000001,-0.003999999999999997
102.64,-0.0020000000000000018
102.68,0.0020000000000000018
102.72,0.0020000000000000018
102.76,-0.003999999999999997
102.8,-0.003999999999999997
102.84,0.0
102.88,-0.0020000000000000018
102.92,-0.005999999999999998
102.96000000000001,-0.003999999999999997
103.0,0.0020000000000000018
103.04,-0.0020000000000000018
103.08,-0.0020000000000000018
103.12,0.0040000000000000036
103.16,0.0020000000000000018
103.2,-0.003999999999999997
103.24000000000001,-0.0020000000000000018
103.28,0.0
103.32000000000001,-0.0020000000000000018
103.36,-0.0020000000000000018
103.4,0.0
103.44,-0.003999999999999997
103.48,-0.003999999999999997
103.52,-0.003999999999999997
103.56,-0.003999999999999997
103.60000000000001,-0.008
103.64,-0.003999999999999997
103.68,0.0020000000000000018
103.72,0.0040000000000000036
103.76,0.0040000000000000036
103.8,0.0040000000000000036
103.84,-0.0020000000000000018
103.88,0.0020000000000000018
103.92,0.0040000000000000036
103.96000000000001,0.0020000000000000018
104.0,-0.003999999999999997
104.04,0.0
104.08,0.0040000000000000036
104.12,-0.0020000000000000018
104.16,-0.003999999999999997
104.2,0.0
104.24000000000001,-0.0020000000000000018
104.28,-0.003999999999999997
104.32000000000001,0.0
104.36,0.0040000000000000036
104.4,0.0
104.44,-0.0020000000000000018
104.48,0.0020000000000000018
104.52,0.0
104.56,-0.003999999999999997
104.60000000000001,0.0020000000000000018
104.64,0.0020000000000000018
104.68,-0.0020000000000000018
104.72,0.0020000000000000018
104.76,0.0
104.8,-0.005999999999999998
104.84,-0.008
104.88,-0.003999999999999997
104.92,-0.003999999999999997
104.96000000000001,-0.003999999999999997
105.0,0.0
105.04,0.0020000000000000018
105.08,-0.0020000000000000018
105.12,0.0020000000000000018
105.16,0.006000000000000005
105.2,-0.0020000000000000018
105.24000000000001,-0.003999999999999997
105.28,0.0020000000000000018
105.32000000000001,0.0040000000000000036
105.36,-0.0020000000000000018
105.4,-0.0020000000000000018
105.44,-0.0020000000000000018
105.48,-0.005999999999999998
105.52,-0.005999999999999998
105.56,0.0020000000000000018
105.60000000000001,0.0020000000000000018
105.64,-0.0020000000000000018
105.68,0.0
105.72,0.0040000000000000036
105.76,0.0020000000000000018
105.8,-0.0020000000000000018
105.84,-0.0020000000000000018
105.88,-0.0020000000000000018
105.92,0.0020000000000000018
105.96000000000001,0.0040000000000000036
106.0,0.0020000000000000018
106.04,-0.003999999999999997
106.08,-0.003999999999999997
106.12,-0.0020000000000000018
106.16,-0.005999999999999998
106.2,-0.005999999999999998
106.24000000000001,-0.0020000000000000018
106.28,-0.0020000000000000018
106.32000000000001,-0.0020000000000000018
106.36,0.0020000000000000018
106.4,0.0040000000000000036
106.44,-0.0020000000000000018
106.48,-0.0020000000000000018
106.52,0.0040000000000000036
106.56,0.006000000000000005
106.60000000000001,0.0
106.64,0.0020000000000000018
106.68,0.0020000000000000018
106.72,-0.003999999999999997
106.76,-0.005999999999999998
106.8,-0.0020000000000000018
106.84,-0.0020000000000000018
106.88,-0.003999999999999997
106.92,-0.0020000000000000018
106.96000000000001,0.006000000000000005
107.0,0.0020000000000000018
107.04,-0.0020000000000000018
107.08,-0.0020000000000000018
107.12,0.0
107.16,-0.0020000000000000018
107.2,0.0020000000000000018
107.24000000000001,0.0020000000000000018
107.28,0.0
107.32000000000001,0.0
107.36,0.0020000000000000018
107.4,-0.003999999999999997
107.44,-0.005999999999999998
107.48,-0.003999999999999997
107.52,-0.003999999999999997
107.56,-0.003999999999999997
107.60000000000001,0.0
107.64,0.0020000000000000018
107.68,-0.003999999999999997
107.72,-0.003999999999999997
107.76,0.0020000000000000018
107.8,0.0020000000000000018
107.84,-0.0020000000000000018
107.88,0.0020000000000000018
107.92,0.0040000000000000036
107.96000000000001,-0.0020000000000000018
108.0,-0.003999999999999997
108.04,-0.0020000000000000018
108.08,-0.003999999999999997
108.12,-0.008
108.16,-0.0020000000000000018
108.2,0.0040000000000000036
108.24000000000001,0.0
108.28,-0.0020000000000000018
108.32000000000001,0.0020000000000000018
108.36,0.0020000000000000018
108.4,0.0
108.44,0.0020000000000000018
108.48,0.0020000000000000018
108.52,0.0020000000000000018
108.56,0.006000000000000005
108.60000000000001,0.006000000000000005
108.64,0.0020000000000000018
108.68,-0.003999999999999997
108.72,-0.0020000000000000018
108.76,-0.003999999999999997
108.8,-0.003999999999999997
108.84,0.0
108.88,0.0
108.92,-0.005999999999999998
108.96000000000001,-0.003999999999999997
109.0,0.0
109.04,-0.0020000000000000018
109.08,-0.003999999999999997
109.12,0.0020000000000000018
109.16,0.006000000000000005
109.2,0.0020000000000000018
109.24000000000001,0.0020000000000000018
109.28,0.0020000000000000018
109.32000000000001,-0.003999999999999997
109.36,-0.008
109.4,-0.003999999999999997
109.44,-0.0020000000000000018
109.48,-0.003999999999999997
109.52,-0.0020000000000000018
109.56,0.0020000000000000018
109.60000000000001,0.0
109.64,-0.0020000000000000018
109.68,0.0
109.72,-0.0020000000000000018
109.76,0.0
109.8,0.006000000000000005
109.84,0.006000000000000005
109.88,0.0040000000000000036
109.92,0.0020000000000000018
109.96000000000001,0.0
110.0,-0.0020000000000000018
110.04,-0.0020000000000000018
110.08,0.0020000000000000018
110.12,-0.0020000000000000018
110.16,-0.003999999999999997
110.2,-0.0020000000000000018
110.24000000000001,0.0020000000000000018
110.28,-0.003999999999999997
110.32000000000001,-0.005999999999999998
110.36,-0.0020000000000000018
110.4,0.0
110.44,0.0020000000000000018
110.48,0.0040000000000000036
110.52,0.0040000000000000036
110.56,-0.0020000000000000018
110.60000000000001,-0.003999999999999997
110.64,-0.003999999999999997
110.68,-0.0020000000000000018
110.72,-0.005999999999999998
110.76,-0.005999999999999998
110.8,0.0
110.84,-0.0020000000000000018
110.88,-0.003999999999999997
110.92,-0.003999999999999997
110.96000000000001,-0.0020000000000000018
111.0,-0.0020000000000000018
111.04,0.0020000000000000018
111.08,0.0040000000000000036
111.12,0.0020000000000000018
111.16,0.0020000000000000018
111.2,0.0020000000000000018
111.24000000000001,0.0
111.28,0.0
111.32000000000001,-0.0020000000000000018
111.36,-0.003999999999999997
111.4,-0.0020000000000000018
111.44,-0.0020000000000000018
111.48,0.0020000000000000018
111.52,-0.003999999999999997
111.56,-0.005999999999999998
111.60000000000001,-0.0020000000000000018
111.64,0.0
111.68,-0.0020000000000000018
111.72,0.0020000000000000018
111.76,0.006000000000000005
111.8,0.0040000000000000036
111.84,0.0020000000000000018
111.88,0.0040000000000000036
111.92,-0.0020000000000000018
111.96000000000001,-0.005999999999999998
112.0,-0.003999999999999997
112.04,0.0020000000000000018
112.08,-0.0020000000000000018
112.12,-0.005999999999999998
112.16,-0.003999999999999997
112.2,-0.0020000000000000018
112.24000000000001,-0.003999999999999997
112.28,-0.0020000000000000018
112.32000000000001,0.0
112.36,-0.0020000000000000018
112.4,0.0020000000000000018
112.44,0.0040000000000000036
112.48,0.0020000000000000018
112.52,-0.0020000000000000018
112.56,0.0
112.60000000000001,-0.0020000000000000018
112.64,-0.003999999999999997
112.68,0.0020000000000000018
112.72,0.0040000000000000036
112.76,-0.003999999999999997
112.8,-0.003999999999999997
112.84,-0.0020000000000000018
112.88,-0.003999999999999997
112.92,-0.005999999999999998
112.96000000000001,-0.0020000000000000018
113.0,0.0020000000000000018
113.04,0.0020000000000000018
113.08,0.0040000000000000036
113.12,0.008
113.16,0.0020000000000000018
113.2,-0.003999999999999997
113.24000000000001,0.0020000000000000018
113.28,0.0020000000000000018
113.32000000000001,-0.003999999999999997
113.36,-0.003999999999999997
113.4,0.0
113.44,-0.0020000000000000018
113.48,-0.003999999999999997
113.52,-0.003999999999999997
113.56,-0.003999999999999997
113.60000000000001,-0.003999999999999997
113.64,0.0
113.68,0.006000000000000005
113.72,0.0020000000000000018
113.76,0.0020000000000000018
113.8,0.0020000000000000018
113.84,-0.003999999999999997
113.88,-0.003999999999999997
113.92,0.006000000000000005
113.96000000000001,0.0020000000000000018
114.0,-0.003999999999999997
114.04,0.0
114.08,0.0040000000000000036
114.12,-0.003999999999999997
114.16,-0.005999999999999998
114.2,-0.0020000000000000018
114.24000000000001,-0.0020000000000000018
114.28,-0.0020000000000000018
114.32000000000001,0.0020000000000000018
114.36,0.006000000000000005
114.4,0.0020000000000000018
114.44,0.0
114.48,0.006000000000000005
114.52,0.0020000000000000018
114.56,-0.0020000000000000018
114.60000000000001,0.0
114.64,0.0020000000000000018
114.68,-0.0020000000000000018
114.72,-0.0020000000000000018
114.76,-0.003999999999999997
114.8,-0.005999999999999998
114.84,-0.005999999999999998
114.88,-0.003999999999999997
114.92,0.0
114.96000000000001,0.0020000000000000018
115.0,0.0040000000000000036
115.04,0.0
115.08,-0.003999999999999997
115.12,-0.0020000000000000018
115.16,0.0020000000000000018
115.2,-0.0020000000000000018
115.24000000000001,-0.005999999999999998
115.28,0.0020000000000000018
115.32000000000001,0.0040000000000000036
115.36,-0.0020000000000000018
115.4,-0.003999999999999997
115.44,-0.0020000000000000018
115.48,-0.003999999999999997
115.52,-0.005999999999999998
115.56,-0.0020000000000000018
115.60000000000001,0.0020000000000000018
115.64,0.0
115.68,0.0020000000000000018
115.72,0.006000000000000005
115.76,0.0020000000000000018
115.8,-0.0020000000000000018
115.84,0.0020000000000000018
115.88,0.0040000000000000036
115.92,0.0020000000000000018
115.96000000000001,0.0020000000000000018
116.0,0.0020000000000000018
116.04,-0.0020000000000000018
116.08,-0.005999999999999998
116.12,-0.003999999999999997
116.16,-0.003999999999999997
116.2,-0.0020000000000000018
116.24000000000001,-0.0020000000000000018
116.28,-0.0020000000000000018
116.32000000000001,0.0
116.36,0.0020000000000000018
116.4,0.0020000000000000018
116.44,-0.003999999999999997
116.48,-0.005999999999999998
116.52,0.0020000000000000018
116.56,0.0040000000000000036
116.60000000000001,0.0
116.64,-0.003999999999999997
116.68,0.0
116.72,-0.003999999999999997
116.76,-0.005999999999999998
116.8,-0.005999999999999998
116.84,-0.003999999999999997
116.88,-0.0020000000000000018
116.92,-0.0020000000000000018
116.96000000000001,0.0020000000000000018
117.0,0.0
117.04,-0.0020000000000000018
117.08,0.0020000000000000018
117.12,0.0040000000000000036
117.16,0.0020000000000000018
117.2,0.0020000000000000018
117.24000000000001,0.006000000000000005
117.28,0.0020000000000000018
117.32000000000001,-0.0020000000000000018
117.36,-0.0020000000000000018
117.4,-0.0020000000000000018
117.44,-0.003999999999999997
117.48,-0.003999999999999997
117.52,-0.0020000000000000018
117.56,0.0020000000000000018
117.60000000000001,0.0040000000000000036
117.64,0.0020000000000000018
117.68,-0.0020000000000000018
117.72,-0.003999999999999997
117.76,0.0020000000000000018
117.8,0.0040000000000000036
117.84,-0.0020000000000000018
117.88,-0.0020000000000000018
117.92,0.006000000000000005
117.96000000000001,0.0020000000000000018
118.0,-0.005999999999999998
118.04,-0.003999999999999997
118.08,-0.003999999999999997
118.12,-0.005999999999999998
118.16,-0.003999999999999997
118.2,0.0
118.24000000000001,-0.003999999999999997
118.28,-0.005999999999999998
118.32000000000001,-0.0020000000000000018
118.36,0.0
118.4,-0.003999999999999997
118.44,0.0
118.48,0.0020000000000000018
118.52,0.0020000000000000018
118.56,0.0020000000000000018
118.60000000000001,0.0040000000000000036
118.64,0.0
118.68,-0.005999999999999998
118.72,-0.005999999999999998
118.76,-0.003999999999999997
118.8,-0.0020000000000000018
118.84,0.0020000000000000018
118.88,0.0020000000000000018
118.92,-0.003999999999999997
118.96000000000001,0.0
119.0,0.0040000000000000036
119.04,0.0
119.08,-0.003999999999999997
119.12,0.0020000000000000018
119.16,0.008
119.2,0.0
119.24000000000001,-0.0020000000000000018
119.28,0.0020000000000000018
119.32000000000001,-0.0020000000000000018
119.36,-0.005999999999999998
119.4,-0.0020000000000000018
119.44,0.0
119.48,-0.003999999999999997
119.52,-0.0020000000000000018
119.56,0.0020000000000000018
119.60000000000001,-0.0020000000000000018
119.64,-0.005999999999999998
119.68,0.0
119.72,-0.0020000000000000018
119.76,-0.0020000000000000018
119.8,0.006000000000000005
119.84,0.008
119.88,0.0020000000000000018
119.92,-0.0020000000000000018
119.96000000000001,-0.003999999999999997
120.0,-0.003999999999999997
120.04,-0.0020000000000000018
120.08,-0.0020000000000000018
120.12,-0.003999999999999997
120.16,-0.005999999999999998
120.2,0.0020000000000000018
120.24000000000001,0.0040000000000000036
120.28,-0.003999999999999997
120.32000000000001,-0.005999999999999998
120.36,0.0020000000000000018
120.4,0.0040000000000000036
120.44,-0.0020000000000000018
120.48,0.0020000000000000018
120.52,0.006000000000000005
120.56,0.0
120.60000000000001,-0.003999999999999997
120.64,-0.0020000000000000018
120.68,-0.003999999999999997
120.72,-0.005999999999999998
120.76,-0.0020000000000000018
120.8,0.0020000000000000018
120.84,-0.0020000000000000018
120.88,-0.003999999999999997
120.92,-0.0020000000000000018
120.96000000000001,-0.005999999999999998
121.0,-0.005999999999999998
121.04,0.0020000000000000018
121.08,0.006000000000000005
121.12,0.0020000000000000018
121.16,0.0020000000000000018
121.2,0.0020000000000000018
121.24000000000001,0.0
121.28,-0.0020000000000000018
121.32000000000001,-0.0020000000000000018
121.36,-0.005999999999999998
121.4,-0.003999999999999997
121.44,0.0020000000000000018
121.48,0.0020000000000000018
121.52,-0.003999999999999997
121.56,-0.003999999999999997
121.60000000000001,0.0020000000000000018
121.64,-0.0020000000000000018
121.68,-0.0020000000000000018
121.72,0.0040000000000000036
121.76,0.006000000000000005
121.8,0.0020000000000000018
121.84,0.0020000000000000018
121.88,0.0020000000000000018
121.92,-0.0020000000000000018
121.96000000000001,-0.003999999999999997
122.0,-0.0020000000000000018
122.04,0.0
122.08,0.0
122.12,-0.0020000000000000018
122.16,-0.003999999999999997
122.2,-0.003999999999999997
122.24000000000001,-0.005999999999999998
122.28,-0.0020000000000000018
122.32000000000001,-0.0020000000000000018
122.36,-0.003999999999999997
122.4,0.0020000000000000018
122.44,0.0040000000000000036
122.48,0.0040000000000000036
122.52,0.0020000000000000018
122.56,-0.0020000000000000018
122.60000000000001,-0.003999999999999997
122.64,-0.0020000000000000018
122.68,0.0020000000000000018
122.72,-0.0020000000000000018
122.76,-0.005999999999999998
122.8,-0.003999999999999997
122.84,-0.0020000000000000018
122.88,-0.005999999999999998
122.92,-0.005999999999999998
122.96000000000001,0.0020000000000000018
123.0,0.006000000000000005
123.04,0.0020000000000000018
123.08,0.0040000000000000036
123.12,0.008
123.16,0.0020000000000000018
123.2,-0.0020000000000000018
123.24000000000001,0.0
123.28,0.0020000000000000018
123.32000000000001,0.0
123.36,0.0020000000000000018
123.4,0.0
123.44,-0.0020000000000000018
123.48,-0.0020000000000000018
123.52,0.0
123.56,-0.003999999999999997
123.60000000000001,-0.005999999999999998
123.64,-0.0020000000000000018
123.68,0.0040000000000000036
123.72,0.0040000000000000036
123.76,0.0020000000000000018
123.8,0.0
123.84,-0.0020000000000000018
123.88000000000001,0.0
123.92,0.0020000000000000018
123.96000000000001,-0.0020000000000000018
124.0,-0.003999999999999997
124.04,0.0020000000000000018
124.08,-0.0020000000000000018
124.12,-0.009999999999999995
124.16,-0.009999999999999995
124.2,-0.0020000000000000018
124.24000000000001,-0.003999999999999997
124.28,-0.003999999999999997
124.32000000000001,0.0020000000000000018
124.36,0.006000000000000005
124.4,0.0020000000000000018
124.44,0.0020000000000000018
124.48,0.0020000000000000018
124.52,-0.0020000000000000018
124.56,-0.0020000000000000018
124.60000000000001,0.0
124.64,0.0
124.68,-0.0020000000000000018
124.72,0.0020000000000000018
124.76,0.0020000000000000018
124.8,-0.005999999999999998
124.84,-0.005999999999999998
124.88000000000001,0.0
124.92,0.0
124.96000000000001,0.0
125.0,0.0020000000000000018
125.04,0.0020000000000000018
125.08,0.0
125.12,0.0020000000000000018
125.16,0.0020000000000000018
125.2,-0.003999999999999997
125.24000000000001,-0.0020000000000000018
125.28,0.0040000000000000036
125.32000000000001,0.0020000000000000018
125.36,-0.005999999999999998
125.4,-0.003999999999999997
125.44,-0.0020000000000000018
125.48,-0.005999999999999998
125.52,-0.008
125.56,-0.0020000000000000018
125.60000000000001,0.0
125.64,-0.0020000000000000018
125.68,0.0020000000000000018
125.72,0.0040000000000000036
125.76,0.0020000000000000018
125.8,-0.0020000000000000018
125.84,-0.0020000000000000018
125.88000000000001,-0.0020000000000000018
125.92,0.0020000000000000018
125.96000000000001,0.0040000000000000036
126.0,0.0020000000000000018
126.04,-0.005999999999999998
126.08,-0.003999999999999997
126.12,0.0
126.16,-0.0020000000000000018
126.2,-0.003999999999999997
126.24000000000001,-0.0020000000000000018
126.28,0.0
126.32000000000001,0.0020000000000000018
126.36,0.0020000000000000018
126.4,0.0020000000000000018
126.44,-0.0020000000000000018
126.48,0.0
126.52,0.006000000000000005
126.56,0.0020000000000000018
126.60000000000001,-0.0020000000000000018
126.64,0.0020000000000000018
126.68,0.0020000000000000018
126.72,-0.005999999999999998
126.76,-0.005999999999999998
126.8,-0.0020000000000000018
126.84,-0.003999999999999997
126.88000000000001,-0.005999999999999998
126.92,-0.0020000000000000018
126.96000000000001,0.0040000000000000036
127.0,0.0020000000000000018
127.04,-0.0020000000000000018
127.08,-0.0020000000000000018
127.12,0.0020000000000000018
127.16,0.0020000000000000018
127.2,0.0020000000000000018
127.24000000000001,0.0020000000000000018
127.28,-0.003999999999999997
127.32000000000001,0.0020000000000000018
127.36,0.0020000000000000018
127.4,-0.003999999999999997
127.44,-0.005999999999999998
127.48,-0.003999999999999997
127.52,-0.0020000000000000018
127.56,-0.0020000000000000018
127.60000000000001,0.0020000000000000018
127.64,0.0020000000000000018
127.68,-0.0020000000000000018
127.72,0.0
127.76,0.0020000000000000018
127.8,-0.0020000000000000018
127.84,0.0020000000000000018
127.88000000000001,0.006000000000000005
127.92,0.006000000000000005
127.96000000000001,-0.0020000000000000018
128.0,-0.0020000000000000018
128.04,0.0020000000000000018
128.08,-0.005999999999999998
128.12,-0.009999999999999995
128.16,-0.003999999999999997
128.2,0.0020000000000000018
128.24,-0.003999999999999997
128.28,-0.003999999999999997
128.32,-0.0020000000000000018
128.36,0.0
128.4,0.0020000000000000018
128.44,0.0
128.48,-0.003999999999999997
128.52,-0.0020000000000000018
128.56,0.006000000000000005
128.6,0.0040000000000000036
128.64000000000001,-0.003999999999999997
128.68,-0.005999999999999998
128.72,-0.0020000000000000018
128.76,-0.003999999999999997
128.8,-0.0020000000000000018
128.84,0.0020000000000000018
128.88,0.0020000000000000018
128.92000000000002,-0.0020000000000000018
128.96,0.0020000000000000018
129.0,0.0020000000000000018
129.04,-0.003999999999999997
129.08,0.0
129.12,0.006000000000000005
129.16,0.006000000000000005
129.2,0.0020000000000000018
129.24,0.006000000000000005
129.28,0.006000000000000005
129.32,-0.003999999999999997
129.36,-0.005999999999999998
129.4,-0.0020000000000000018
129.44,-0.0020000000000000018
129.48,-0.005999999999999998
129.52,-0.003999999999999997
129.56,-0.0020000000000000018
129.6,-0.0020000000000000018
129.64000000000001,0.0
129.68,-0.003999999999999997
129.72,-0.005999999999999998
129.76,0.0020000000000000018
129.8,0.006000000000000005
129.84,0.0020000000000000018
129.88,-0.0020000000000000018
129.92000000000002,-0.0020000000000000018
129.96,-0.0020000000000000018
130.0,-0.003999999999999997
130.04,-0.003999999999999997
130.08,-0.003999999999999997
130.12,-0.003999999999999997
130.16,-0.003999999999999997
130.2,0.0
130.24,-0.0020000000000000018
130.28,-0.005999999999999998
130.32,-0.0020000000000000018
130.36,0.0
130.4,-0.0020000000000000018
130.44,0.0020000000000000018
130.48,0.010000000000000002
130.52,0.0040000000000000036
130.56,0.0020000000000000018
130.6,0.0020000000000000018
130.64000000000001,0.0040000000000000036
130.68,-0.0020000000000000018
130.72,-0.005999999999999998
130.76,-0.0020000000000000018
130.8,0.0
130.84,0.0020000000000000018
130.88,0.0
130.92000000000002,-0.003999999999999997
130.96,-0.005999999999999998
131.0,0.0020000000000000018
131.04,0.006000000000000005
131.08,0.0020000000000000018
131.12,0.0020000000000000018
131.16,0.0040000000000000036
131.2,0.0020000000000000018
131.24,-0.0020000000000000018
131.28,-0.0020000000000000018
131.32,-0.0020000000000000018
131.36,-0.005999999999999998
131.4,-0.003999999999999997
131.44,-0.0020000000000000018
131.48,-0.0020000000000000018
131.52,-0.003999999999999997
131.56,-0.003999999999999997
131.6,-0.003999999999999997
131.64000000000001,-0.008
131.68,-0.0020000000000000018
131.72,0.0040000000000000036
131.76,0.0020000000000000018
131.8,-0.0020000000000000018
131.84,0.0040000000000000036
131.88,0.006000000000000005
131.92000000000002,-0.0020000000000000018
131.96,-0.005999999999999998
132.0,-0.0020000000000000018
132.04,0.0020000000000000018
132.08,-0.0020000000000000018
132.12,-0.0020000000000000018
132.16,-0.003999999999999997
132.2,-0.005999999999999998
132.24,-0.0020000000000000018
132.28,0.0
132.32,-0.003999999999999997
132.36,-0.0020000000000000018
132.4,0.006000000000000005
132.44,0.0040000000000000036
132.48,0.0
132.52,0.0040000000000000036
132.56,0.0020000000000000018
132.6,-0.003999999999999997
132.64000000000001,-0.003999999999999997
132.68,0.0020000000000000018
132.72,0.0020000000000000018
132.76,-0.0020000000000000018
132.8,-0.0020000000000000018
132.84,-0.003999999999999997
132.88,-0.005999999999999998
132.92000000000002,-0.003999999999999997
132.96,-0.0020000000000000018
133.0,-0.003999999999999997
133.04,-0.0020000000000000018
133.08,0.006000000000000005
133.12,0.006000000000000005
133.16,-0.003999999999999997
133.2,-0.0020000000000000018
133.24,0.0040000000000000036
133.28,0.0020000000000000018
133.32,-0.0020000000000000018
133.36,-0.0020000000000000018
133.4,-0.0020000000000000018
133.44,-0.0020000000000000018
133.48,-0.0020000000000000018
133.52,-0.003999999999999997
133.56,-0.005999999999999998
133.6,-0.0020000000000000018
133.64000000000001,0.0020000000000000018
133.68,0.0
133.72,0.0020000000000000018
133.76,0.006000000000000005
133.8,0.0020000000000000018
133.84,-0.003999999999999997
133.88,-0.0020000000000000018
133.92000000000002,0.0020000000000000018
133.96,-0.003999999999999997
134.0,0.0
134.04,0.0020000000000000018
134.08,-0.0020000000000000018
134.12,-0.003999999999999997
134.16,-0.0020000000000000018
134.2,-0.003999999999999997
134.24,-0.005999999999999998
134.28,-0.003999999999999997
134.32,0.0040000000000000036
134.36,0.0020000000000000018
134.4,-0.003999999999999997
134.44,0.0020000000000000018
134.48,0.0040000000000000036
134.52,0.0020000000000000018
134.56,-0.0020000000000000018
134.6,-0.0020000000000000018
134.64000000000001,-0.0020000000000000018
134.68,0.0020000000000000018
134.72,0.0020000000000000018
134.76,-0.003999999999999997
134.8,-0.005999999999999998
134.84,-0.003999999999999997
134.88,-0.003999999999999997
134.92000000000002,-0.003999999999999997
134.96,0.0020000000000000018
135.0,0.006000000000000005
135.04,0.0020000000000000018
135.08,0.0
135.12,0.0040000000000000036
135.16,0.0020000000000000018
135.2,-0.0020000000000000018
135.24,-0.0020000000000000018
135.28,0.0020000000000000018
135.32,0.0
135.36,0.0020000000000000018
135.4,0.0
135.44,-0.003999999999999997
135.48,-0.005999999999999998
135.52,-0.003999999999999997
135.56,-0.0020000000000000018
135.6,-0.005999999999999998
135.64000000000001,-0.003999999999999997
135.68,0.0020000000000000018
135.72,0.0040000000000000036
135.76,-0.0020000000000000018
135.8,-0.003999999999999997
135.84,-0.003999999999999997
135.88,0.0
135.92000000000002,0.0040000000000000036
135.96,0.0020000000000000018
136.0,-0.003999999999999997
136.04,-0.003999999999999997
136.08,-0.0020000000000000018
136.12,-0.005999999999999998
136.16,-0.008
136.2,-0.0020000000000000018
136.24,0.0020000000000000018
136.28,-0.0020000000000000018
136.32,0.0020000000000000018
136.36,0.006000000000000005
136.4,0.0020000000000000018
136.44,-0.0020000000000000018
136.48,0.0020000000000000018
136.52,0.0020000000000000018
136.56,0.0020000000000000018
136.6,0.0040000000000000036
136.64000000000001,0.006000000000000005
136.68,0.0
136.72,-0.003999999999999997
136.76,0.0
136.8,-0.0020000000000000018
136.84,-0.005999999999999998
136.88,-0.0020000000000000018
136.92000000000002,0.0040000000000000036
136.96,0.0020000000000000018
137.0,-0.0020000000000000018
137.04,-0.0020000000000000018
137.08,-0.003999999999999997
137.12,-0.0020000000000000018
137.16,0.0040000000000000036
137.20000000000002,0.0040000000000000036
137.24,-0.0020000000000000018
137.28,0.0020000000000000018
137.32,0.0020000000000000018
137.36,-0.005999999999999998
137.4,-0.005999999999999998
137.44,-0.0020000000000000018
137.48,-0.005999999999999998
137.52,-0.009999999999999995
137.56,-0.0020000000000000018
137.6,0.006000000000000005
137.64000000000001,-0.003999999999999997
137.68,-0.005999999999999998
137.72,0.0020000000000000018
137.76,0.0020000000000000018
137.8,0.0020000000000000018
137.84,0.006000000000000005
137.88,0.0040000000000000036
137.92000000000002,-0.0020000000000000018
137.96,0.0020000000000000018
138.0,0.006000000000000005
138.04,-0.003999999999999997
138.08,-0.003999999999999997
138.12,0.0020000000000000018
138.16,0.0020000000000000018
138.20000000000002,-0.0020000000000000018
138.24,0.0020000000000000018
138.28,0.0
138.32,-0.003999999999999997
138.36,0.0
138.4,0.006000000000000005
138.44,-0.0020000000000000018
138.48,0.0
138.52,0.008
138.56,0.0040000000000000036
138.6,-0.0020000000000000018
138.64000000000001,0.0020000000000000018
138.68,0.0
138.72,-0.008
138.76,-0.008
138.8,0.0
138.84,0.0
138.88,-0.005999999999999998
138.92000000000002,-0.0020000000000000018
138.96,-0.0020000000000000018
139.0,-0.003999999999999997
139.04,-0.0020000000000000018
139.08,0.0020000000000000018
139.12,-0.0020000000000000018
139.16,0.0
139.20000000000002,0.006000000000000005
139.24,0.0020000000000000018
139.28,-0.003999999999999997
139.32,-0.003999999999999997
139.36,0.0
139.4,-0.0020000000000000018
139.44,-0.0020000000000000018
139.48,-0.0020000000000000018
139.52,-0.0020000000000000018
139.56,-0.0020000000000000018
139.6,0.0020000000000000018
139.64000000000001,-0.0020000000000000018
139.68,-0.005999999999999998
139.72,0.0020000000000000018
139.76,0.006000000000000005
139.8,0.0020000000000000018
139.84,0.0040000000000000036
139.88,0.010000000000000002
139.92000000000002,0.0020000000000000018
139.96,-0.003999999999999997
140.0,-0.0020000000000000018
140.04,0.0
140.08,-0.003999999999999997
140.12,-0.005999999999999998
140.16,-0.0020000000000000018
140.20000000000002,-0.0020000000000000018
140.24,-0.0020000000000000018
140.28,-0.0020000000000000018
140.32,-0.003999999999999997
140.36,-0.003999999999999997
140.4,0.0020000000000000018
140.44,0.006000000000000005
140.48,0.0
140.52,-0.0020000000000000018
140.56,0.0020000000000000018
140.6,0.0
140.64000000000001,-0.003999999999999997
140.68,-0.003999999999999997
140.72,-0.0020000000000000018
140.76,-0.003999999999999997
140.8,0.0020000000000000018
140.84,0.0020000000000000018
140.88,-0.005999999999999998
140.92000000000002,-0.003999999999999997
140.96,-0.0020000000000000018
141.0,-0.0020000000000000018
141.04,-0.003999999999999997
141.08,0.006000000000000005
141.12,0.008
141.16,0.0020000000000000018
141.20000000000002,-0.0020000000000000018
141.24,0.0040000000000000036
141.28,0.0020000000000000018
141.32,-0.003999999999999997
141.36,-0.003999999999999997
141.4,-0.0020000000000000018
141.44,-0.0020000000000000018
141.48,-0.0020000000000000018
141.52,-0.0020000000000000018
141.56,-0.005999999999999998
141.6,-0.005999999999999998
141.64000000000001,-0.0020000000000000018
141.68,-0.0020000000000000018
141.72,-0.0020000000000000018
141.76,0.0020000000000000018
141.8,0.0040000000000000036
141.84,0.0020000000000000018
141.88,-0.0020000000000000018
141.92000000000002,-0.0020000000000000018
141.96,-0.003999999999999997
142.0,-0.003999999999999997
142.04,0.0020000000000000018
142.08,0.0020000000000000018
142.12,-0.003999999999999997
142.16,-0.003999999999999997
142.20000000000002,0.0
142.24,-0.003999999999999997
142.28,-0.003999999999999997
142.32,0.0
142.36,0.0020000000000000018
142.4,-0.0020000000000000018
142.44,0.0020000000000000018
142.48,0.010000000000000002
142.52,0.0040000000000000036
142.56,-0.003999999999999997
142.6,0.0
142.64000000000001,0.0
142.68,-0.0020000000000000018
142.72,0.0020000000000000018
142.76,0.0
142.8,-0.005999999999999998
142.84,-0.003999999999999997
142.88,-0.0020000000000000018
142.92000000000002,-0.003999999999999997
142.96,-0.005999999999999998
143.0,0.0020000000000000018
143.04,0.0020000000000000018
143.08,0.0
143.12,0.0020000000000000018
143.16,0.0020000000000000018
143.20000000000002,-0.003999999999999997
143.24,-0.003999999999999997
143.28,0.0020000000000000018
143.32,0.0
143.36,-0.005999999999999998
143.4,-0.0020000000000000018
143.44,0.0020000000000000018
143.48,-0.005999999999999998
143.52,-0.005999999999999998
143.56,-0.0020000000000000018
143.6,-0.005999999999999998
143.64000000000001,-0.005999999999999998
143.68,0.006000000000000005
143.72,0.010000000000000002
143.76,0.0020000000000000018
143.8,0.0
143.84,0.0020000000000000018
143.88,0.0020000000000000018
143.92000000000002,0.0020000000000000018
143.96,0.0040000000000000036
144.0,0.0020000000000000018
144.04,-0.0020000000000000018
144.08,0.0
144.12,0.0020000000000000018
144.16,-0.003999999999999997
144.20000000000002,-0.003999999999999997
144.24,0.0020000000000000018
144.28,0.0
144.32,-0.0020000000000000018
144.36,0.006000000000000005
144.4,0.006000000000000005
144.44,-0.0020000000000000018
144.48,-0.0020000000000000018
144.52,0.0040000000000000036
144.56,-0.003999999999999997
144.6,-0.003999999999999997
144.64000000000001,0.0020000000000000018
144.68,0.0020000000000000018
144.72,-0.003999999999999997
144.76,-0.0020000000000000018
144.8,-0.003999999999999997
144.84,-0.009999999999999995
144.88,-0.009999999999999995
144.92000000000002,0.0020000000000000018
144.96,0.0020000000000000018
145.0,-0.003999999999999997
145.04,-0.0020000000000000018
145.08,0.0020000000000000018
145.12,0.0020000000000000018
145.16,0.0020000000000000018
145.20000000000002,0.0020000000000000018
145.24,-0.0020000000000000018
145.28,0.0
145.32,0.0020000000000000018
145.36,0.0
145.4,-0.003999999999999997
145.44,-0.0020000000000000018
145.48,-0.0020000000000000018
145.52,-0.003999999999999997
145.56,-0.0020000000000000018
145.6,0.0020000000000000018
145.64000000000001,0.0020000000000000018
145.68,0.0020000000000000018
145.72,0.006000000000000005
145.76,0.0040000000000000036
145.8,-0.0020000000000000018
145.84,0.0
145.88,0.0020000000000000018
145.92000000000002,0.0020000000000000018
145.96,0.0020000000000000018
146.0,0.0040000000000000036
146.04,-0.0020000000000000018
146.08,-0.005999999999999998
146.12,-0.005999999999999998
146.16,-0.0020000000000000018
146.20000000000002,-0.003999999999999997
146.24,-0.005999999999999998
146.28,-0.0020000000000000018
146.32,0.0020000000000000018
146.36,0.0
146.4,0.0
146.44,-0.0020000000000000018
146.48,-0.003999999999999997
146.52,0.0
146.56,0.0020000000000000018
146.6,0.0
146.64000000000001,-0.0020000000000000018
146.68,-0.0020000000000000018
146.72,-0.003999999999999997
146.76,-0.008
146.8,-0.005999999999999998
146.84,-0.0020000000000000018
146.88,-0.0020000000000000018
146.92000000000002,-0.0020000000000000018
146.96,0.0040000000000000036
147.0,0.0020000000000000018
147.04,-0.0020000000000000018
147.08,0.0
147.12,0.0020000000000000018
147.16,0.0020000000000000018
147.20000000000002,0.0020000000000000018
147.24,0.006000000000000005
147.28,0.0020000000000000018
147.32,-0.0020000000000000018
147.36,0.0
147.4,0.0020000000000000018
147.44,-0.005999999999999998
147.48,-0.008
147.52,-0.003999999999999997
147.56,0.0
147.6,-0.0020000000000000018
147.64000000000001,0.0
147.68,0.0020000000000000018
147.72,-0.003999999999999997
147.76,-0.0020000000000000018
147.8,0.0020000000000000018
147.84,0.0020000000000000018
147.88,0.0
147.92000000000002,0.006000000000000005
147.96,0.0
148.0,-0.003999999999999997
148.04,-0.003999999999999997
148.08,-0.003999999999999997
148.12,-0.008
148.16,-0.003999999999999997
148.20000000000002,0.0040000000000000036
148.24,0.0020000000000000018
148.28,-0.0020000000000000018
148.32,0.0020000000000000018
148.36,0.0040000000000000036
148.4,-0.003999999999999997
148.44,-0.0020000000000000018
148.48,0.0020000000000000018
148.52,0.0
148.56,0.0
148.6,0.006000000000000005
148.64000000000001,0.0040000000000000036
148.68,-0.005999999999999998
148.72,-0.005999999999999998
148.76,-0.0020000000000000018
148.8,-0.003999999999999997
148.84,-0.003999999999999997
148.88,0.0020000000000000018
148.92000000000002,-0.0020000000000000018
148.96,-0.003999999999999997
149.0,-0.0020000000000000018
149.04,-0.0020000000000000018
149.08,-0.003999999999999997
149.12,0.0020000000000000018
149.16,0.006000000000000005
149.20000000000002,0.0020000000000000018
149.24,0.0
149.28,0.0040000000000000036
149.32,-0.0020000000000000018
149.36,-0.009999999999999995
149.4,-0.003999999999999997
149.44,0.0020000000000000018
149.48,-0.003999999999999997
149.52,-0.003999999999999997
149.56,0.0020000000000000018
149.6,0.0040000000000000036
149.64000000000001,-0.0020000000000000018
149.68,-0.0020000000000000018
149.72,0.0020000000000000018
149.76,-0.0020000000000000018
149.8,0.0020000000000000018
149.84,0.010000000000000002
149.88,0.0040000000000000036
149.92000000000002,-0.0020000000000000018
149.96,-0.0020000000000000018
150.0,0.0020000000000000018
150.04,-0.003999999999999997
150.08,-0.003999999999999997
150.12,0.0
150.16,-0.003999999999999997
150.20000000000002,-0.0020000000000000018
150.24,0.0
150.28,-0.0020000000000000018
150.32,-0.003999999999999997
150.36,-0.0020000000000000018
150.4,0.0020000000000000018
150.44,0.0
150.48,0.0020000000000000018
150.52,0.0040000000000000036
150.56,0.0
150.6,-0.005999999999999998
150.64000000000001,-0.0020000000000000018
150.68,-0.0020000000000000018
150.72,-0.009999999999999995
150.76,-0.008
150.8,0.0
150.84,0.0020000000000000018
150.88,-0.0020000000000000018
150.92000000000002,-0.0020000000000000018
150.96,-0.0020000000000000018
151.0,-0.0020000000000000018
151.04,0.0
151.08,0.0020000000000000018
151.12,0.0040000000000000036
151.16,-0.0020000000000000018
151.20000000000002,0.0020000000000000018
151.24,0.006000000000000005
151.28,0.0020000000000000018
151.32,-0.003999999999999997
151.36,-0.0020000000000000018
151.4,-0.0020000000000000018
151.44,-0.0020000000000000018
151.48,0.0
151.52,0.0020000000000000018
151.56,-0.0020000000000000018
151.6,-0.0020000000000000018
151.64000000000001,0.0
151.68,0.0020000000000000018
151.72,0.0020000000000000018
151.76,0.0040000000000000036
151.8,0.0040000000000000036
151.84,0.0040000000000000036
151.88,0.0040000000000000036
151.92000000000002,0.0
151.96,-0.005999999999999998
152.0,-0.009999999999999995
152.04,0.0
152.08,-0.0020000000000000018
152.12,-0.003999999999999997
152.16,-0.003999999999999997
152.20000000000002,-0.0020000000000000018
152.24,-0.003999999999999997
152.28,-0.003999999999999997
152.32,0.0
152.36,-0.0020000000000000018
152.4,-0.003999999999999997
152.44,0.0020000000000000018
152.48,0.0040000000000000036
152.52,0.0020000000000000018
152.56,-0.003999999999999997
152.6,-0.0020000000000000018
152.64000000000001,-0.0020000000000000018
152.68,-0.003999999999999997
152.72,-0.0020000000000000018
152.76,0.0020000000000000018
152.8,-0.0020000000000000018
152.84,-0.0020000000000000018
152.88,-0.0020000000000000018
152.92000000000002,-0.003999999999999997
152.96,-0.0020000000000000018
153.0,0.0020000000000000018
153.04,0.0040000000000000036
153.08,0.006000000000000005
153.12,0.006000000000000005
153.16,0.006000000000000005
153.20000000000002,-0.003999999999999997
153.24,-0.0020000000000000018
153.28,0.0020000000000000018
153.32,-0.0020000000000000018
153.36,-0.005999999999999998
153.4,-0.003999999999999997
153.44,0.0020000000000000018
153.48,-0.0020000000000000018
153.52,-0.0020000000000000018
153.56,-0.0020000000000000018
153.6,-0.005999999999999998
153.64000000000001,-0.003999999999999997
153.68,0.0020000000000000018
153.72,0.006000000000000005
153.76,0.0020000000000000018
153.8,0.0
153.84,0.0020000000000000018
153.88,-0.003999999999999997
153.92000000000002,-0.003999999999999997
153.96,-0.0020000000000000018
154.0,-0.0020000000000000018
154.04,-0.003999999999999997
154.08,-0.0020000000000000018
154.12,-0.0020000000000000018
154.16,-0.003999999999999997
154.20000000000002,-0.003999999999999997
154.24,-0.003999999999999997
154.28,-0.0020000000000000018
154.32,0.0020000000000000018
154.36,0.006000000000000005
154.4,0.0040000000000000036
154.44,0.0
154.48,0.0020000000000000018
154.52,0.0040000000000000036
154.56,-0.0020000000000000018
154.6,-0.005999999999999998
154.64000000000001,-0.0020000000000000018
154.68,0.0020000000000000018
154.72,-0.0020000000000000018
154.76,-0.0020000000000000018
154.8,-0.0020000000000000018
154.84,-0.003999999999999997
154.88,-0.005999999999999998
154.92000000000002,0.0
154.96,0.0020000000000000018
155.0,0.0
155.04,0.0020000000000000018
155.08,0.0020000000000000018
155.12,0.0020000000000000018
155.16,-0.0020000000000000018
155.20000000000002,0.0
155.24,-0.0020000000000000018
155.28,-0.003999999999999997
155.32,-0.0020000000000000018
155.36,0.0
155.4,-0.0020000000000000018
155.44,-0.003999999999999997
155.48,-0.003999999999999997
155.52,-0.003999999999999997
155.56,-0.003999999999999997
155.6,0.0
155.64000000000001,0.0
155.68,0.0020000000000000018
155.72,0.008
155.76,0.010000000000000002
155.8,0.0
155.84,-0.003999999999999997
155.88,0.0
155.92000000000002,0.0020000000000000018
155.96,-0.003999999999999997
156.0,-0.0020000000000000018
156.04,0.0
156.08,-0.003999999999999997
156.12,-0.003999999999999997
156.16,-0.0020000000000000018
156.20000000000002,-0.003999999999999997
156.24,-0.003999999999999997
156.28,0.0
156.32,0.0040000000000000036
156.36,0.0020000000000000018
156.4,0.0
156.44,0.0020000000000000018
156.48,-0.0020000000000000018
156.52,-0.003999999999999997
156.56,0.0020000000000000018
156.6,0.0
156.64000000000001,-0.003999999999999997
156.68,-0.0020000000000000018
156.72,0.0020000000000000018
156.76,-0.003999999999999997
156.8,-0.005999999999999998
156.84,-0.005999999999999998
156.88,-0.005999999999999998
156.92000000000002,-0.003999999999999997
156.96,0.006000000000000005
157.0,0.008
157.04,0.0
157.08,0.0020000000000000018
157.12,0.006000000000000005
157.16,0.0020000000000000018
157.20000000000002,-0.003999999999999997
157.24,0.0020000000000000018
157.28,0.0020000000000000018
157.32,-0.0020000000000000018
157.36,-0.0020000000000000018
157.4,0.0
157.44,-0.003999999999999997
157.48,-0.005999999999999998
157.52,-0.0020000000000000018
157.56,0.0020000000000000018
157.6,-0.0020000000000000018
157.64000000000001,0.0020000000000000018
157.68,0.0020000000000000018
157.72,-0.0020000000000000018
157.76,-0.0020000000000000018
157.8,0.0020000000000000018
157.84,-0.003999999999999997
157.88,-0.003999999999999997
157.92000000000002,0.0020000000000000018
157.96,0.0020000000000000018
158.0,-0.0020000000000000018
158.04,-0.003999999999999997
158.08,-0.005999999999999998
158.12,-0.009999999999999995
158.16,-0.005999999999999998
158.20000000000002,0.0020000000000000018
158.24,0.0020000000000000018
158.28,-0.003999999999999997
158.32,0.0020000000000000018
158.36,0.008
158.4,0.0020000000000000018
158.44,-0.0020000000000000018
158.48,0.0020000000000000018
158.52,0.0020000000000000018
158.56,-0.0020000000000000018
158.6,0.0020000000000000018
158.64000000000001,0.0020000000000000018
158.68,-0.0020000000000000018
158.72,-0.003999999999999997
158.76,-0.003999999999999997
158.8,-0.0020000000000000018
158.84,-0.0020000000000000018
158.88,0.0020000000000000018
158.92000000000002,0.0040000000000000036
158.96,0.0020000000000000018
159.0,0.0020000000000000018
159.04,0.0020000000000000018
159.08,-0.0020000000000000018
159.12,-0.003999999999999997
159.16,0.0
159.20000000000002,0.0040000000000000036
159.24,0.0020000000000000018
159.28,-0.0020000000000000018
159.32,-0.003999999999999997
159.36,-0.005999999999999998
159.4,-0.003999999999999997
159.44,-0.003999999999999997
159.48,-0.005999999999999998
159.52,-0.005999999999999998
159.56,-0.0020000000000000018
159.6,0.0040000000000000036
159.64000000000001,0.0
159.68,-0.0020000000000000018
159.72,0.0020000000000000018
159.76,0.0020000000000000018
159.8,-0.003999999999999997
159.84,-0.0020000000000000018
159.88,0.0020000000000000018
159.92000000000002,-0.0020000000000000018
159.96,-0.003999999999999997
160.0,-0.0020000000000000018
160.04,-0.003999999999999997
160.08,-0.003999999999999997
160.12,-0.0020000000000000018
160.16,0.0020000000000000018
160.20000000000002,0.0020000000000000018
160.24,0.0020000000000000018
160.28,0.0040000000000000036
160.32,0.0020000000000000018
160.36,-0.003999999999999997
160.4,0.0020000000000000018
160.44,0.0040000000000000036
160.48,0.0020000000000000018
160.52,0.0
160.56,0.0020000000000000018
160.6,0.0020000000000000018
160.64000000000001,0.0
160.68,-0.0020000000000000018
160.72,-0.008
160.76,-0.008
160.8,0.0
160.84,0.0040000000000000036
160.88,-0.003999999999999997
160.92000000000002,-0.0020000000000000018
160.96,0.0040000000000000036
161.0,0.0020000000000000018
161.04,-0.0020000000000000018
161.08,0.0
161.12,0.006000000000000005
161.16,0.0020000000000000018
161.20000000000002,-0.0020000000000000018
161.24,0.0020000000000000018
161.28,-0.0020000000000000018
161.32,-0.005999999999999998
161.36,-0.003999999999999997
161.4,-0.003999999999999997
161.44,-0.003999999999999997
161.48,0.0020000000000000018
161.52,0.0020000000000000018
161.56,-0.0020000000000000018
161.6,0.0
161.64000000000001,0.0020000000000000018
161.68,0.0
161.72,-0.0020000000000000018
161.76,0.0
161.8,0.0040000000000000036
161.84,0.0020000000000000018
161.88,0.0020000000000000018
161.92000000000002,0.0
161.96,-0.005999999999999998
162.0,-0.005999999999999998
162.04,-0.0020000000000000018
162.08,-0.003999999999999997
162.12,-0.005999999999999998
162.16,-0.0020000000000000018
162.20000000000002,0.0020000000000000018
162.24,-0.0020000000000000018
162.28,-0.003999999999999997
162.32,0.0
162.36,0.0020000000000000018
162.4,0.0020000000000000018
162.44,0.0020000000000000018
162.48,0.0040000000000000036
162.52,0.0020000000000000018
162.56,-0.0020000000000000018
162.6,-0.003999999999999997
162.64000000000001,-0.003999999999999997
162.68,-0.003999999999999997
162.72,0.0
162.76,-0.0020000000000000018
162.8,-0.0020000000000000018
162.84,0.0020000000000000018
162.88,0.0040000000000000036
162.92000000000002,-0.0020000000000000018
162.96,-0.003999999999999997
163.0,-0.0020000000000000018
163.04,0.0020000000000000018
163.08,0.0040000000000000036
163.12,0.006000000000000005
163.16,0.0020000000000000018
163.20000000000002,-0.0020000000000000018
163.24,-0.0020000000000000018
163.28,0.0020000000000000018
163.32,-0.003999999999999997
163.36,-0.005999999999999998
163.4,-0.0020000000000000018
163.44,0.0020000000000000018
163.48,-0.003999999999999997
163.52,-0.005999999999999998
163.56,0.0040000000000000036
163.6,0.0020000000000000018
163.64000000000001,-0.0020000000000000018
163.68,0.0
163.72,0.0020000000000000018
163.76,0.0020000000000000018
163.8,0.0
163.84,-0.0020000000000000018
163.88,-0.003999999999999997
163.92000000000002,-0.003999999999999997
163.96,-0.003999999999999997
164.0,-0.005999999999999998
164.04,-0.005999999999999998
164.08,0.0020000000000000018
164.12,0.0040000000000000036
164.16,-0.0020000000000000018
164.20000000000002,-0.003999999999999997
164.24,0.0
164.28,0.0020000000000000018
164.32,0.0020000000000000018
164.36,0.0040000000000000036
164.4,0.0020000000000000018
164.44,0.0
164.48,0.006000000000000005
164.52,0.006000000000000005
164.56,-0.003999999999999997
164.6,-0.005999999999999998
164.64000000000001,0.0
164.68,0.0020000000000000018
164.72,-0.003999999999999997
164.76,-0.0020000000000000018
164.8,0.0020000000000000018
164.84,-0.0020000000000000018
164.88,-0.005999999999999998
164.92000000000002,-0.0020000000000000018
164.96,0.0
165.0,0.0
165.04,0.0020000000000000018
165.08,0.0040000000000000036
165.12,0.0020000000000000018
165.16,-0.0020000000000000018
165.20000000000002,-0.0020000000000000018
165.24,-0.008
165.28,-0.005999999999999998
165.32,0.0020000000000000018
165.36,0.0
165.4,-0.005999999999999998
165.44,-0.003999999999999997
165.48,0.0020000000000000018
165.52,-0.0020000000000000018
165.56,-0.003999999999999997
165.6,-0.0020000000000000018
165.64000000000001,-0.0020000000000000018
165.68,-0.0020000000000000018
165.72,0.006000000000000005
165.76,0.006000000000000005
165.8,-0.003999999999999997
165.84,-0.003999999999999997
165.88,0.0020000000000000018
165.92000000000002,-0.0020000000000000018
165.96,-0.005999999999999998
166.0,0.0
166.04,0.0040000000000000036
166.08,-0.0020000000000000018
166.12,-0.005999999999999998
166.16,-0.0020000000000000018
166.20000000000002,-0.0020000000000000018
166.24,-0.003999999999999997
166.28,0.0020000000000000018
166.32,0.006000000000000005
166.36,0.0040000000000000036
166.4,0.006000000000000005
166.44,0.0020000000000000018
166.48,-0.003999999999999997
166.52,-0.003999999999999997
166.56,0.0
166.6,-0.0020000000000000018
166.64000000000001,-0.005999999999999998
166.68,-0.0020000000000000018
166.72,0.0020000000000000018
166.76,-0.0020000000000000018
166.8,-0.003999999999999997
166.84,-0.003999999999999997
166.88,-0.003999999999999997
166.92000000000002,-0.0020000000000000018
166.96,0.006000000000000005
167.0,0.0020000000000000018
167.04,-0.0020000000000000018
167.08,0.0020000000000000018
167.12,0.0020000000000000018
167.16,-0.0020000000000000018
167.20000000000002,-0.003999999999999997
167.24,0.0020000000000000018
167.28,0.0020000000000000018
167.32,-0.0020000000000000018
167.36,-0.003999999999999997
167.4,0.0020000000000000018
167.44,-0.003999999999999997
167.48,-0.005999999999999998
167.52,-0.003999999999999997
167.56,0.0020000000000000018
167.6,0.0040000000000000036
167.64000000000001,0.0020000000000000018
167.68,0.0020000000000000018
167.72,0.0
167.76,0.0020000000000000018
167.8,0.0020000000000000018
167.84,-0.003999999999999997
167.88,-0.005999999999999998
167.92000000000002,-0.0020000000000000018
167.96,0.0020000000000000018
168.0,-0.0020000000000000018
168.04,-0.003999999999999997
168.08,-0.003999999999999997
168.12,-0.003999999999999997
168.16,-0.0020000000000000018
168.20000000000002,-0.0020000000000000018
168.24,0.0
168.28,0.0020000000000000018
168.32,0.0040000000000000036
168.36,0.006000000000000005
168.4,-0.0020000000000000018
168.44,-0.0020000000000000018
168.48,0.0020000000000000018
168.52,0.0020000000000000018
168.56,-0.003999999999999997
168.6,-0.0020000000000000018
168.64000000000001,0.0020000000000000018
168.68,0.0
168.72,-0.003999999999999997
168.76,-0.005999999999999998
168.8,-0.0020000000000000018
168.84,-0.0020000000000000018
168.88,-0.0020000000000000018
168.92000000000002,0.0020000000000000018
168.96,0.0040000000000000036
169.0,0.006000000000000005
169.04,0.0020000000000000018
169.08,-0.003999999999999997
169.12,-0.003999999999999997
169.16,0.0
169.20000000000002,0.0020000000000000018
169.24,-0.003999999999999997
169.28,-0.005999999999999998
169.32,-0.0020000000000000018
169.36,-0.0020000000000000018
169.4,-0.003999999999999997
169.44,-0.003999999999999997
169.48,-0.005999999999999998
169.52,-0.003999999999999997
169.56,0.0020000000000000018
169.6,0.0040000000000000036
169.64000000000001,-0.0020000000000000018
169.68,-0.0020000000000000018
169.72,0.0020000000000000018
169.76,0.0020000000000000018
169.8,-0.005999999999999998
169.84,0.0020000000000000018
169.88,0.0040000000000000036
169.92000000000002,0.0
169.96,-0.0020000000000000018
170.0,0.0
170.04,-0.003999999999999997
170.08,-0.005999999999999998
170.12,-0.003999999999999997
170.16,-0.0020000000000000018
170.20000000000002,0.0040000000000000036
170.24,0.006000000000000005
170.28,0.0040000000000000036
170.32,0.0020000000000000018
170.36,0.0
170.4,0.006000000000000005
170.44,0.0020000000000000018
170.48,-0.005999999999999998
170.52,-0.0020000000000000018
170.56,0.0020000000000000018
170.6,-0.0020000000000000018
170.64000000000001,-0.0020000000000000018
170.68,-0.0020000000000000018
170.72,-0.008
170.76,-0.005999999999999998
170.8,0.0020000000000000018
170.84,0.0
170.88,-0.003999999999999997
170.92000000000002,0.0020000000000000018
170.96,0.0040000000000000036
171.0,-0.0020000000000000018
171.04,-0.005999999999999998
171.08,0.0020000000000000018
171.12,0.0020000000000000018
171.16,-0.0020000000000000018
171.20000000000002,0.0
171.24,0.0040000000000000036
171.28,-0.0020000000000000018
171.32,-0.005999999999999998
171.36,-0.003999999999999997
171.4,-0.005999999999999998
171.44,-0.003999999999999997
171.48,0.0020000000000000018
171.52,0.0020000000000000018
171.56,-0.003999999999999997
171.6,0.0040000000000000036
171.64000000000001,0.006000000000000005
171.68,0.0020000000000000018
171.72,-0.003999999999999997
171.76,0.0020000000000000018
171.8,0.0040000000000000036
171.84,0.0020000000000000018
171.88,0.0020000000000000018
171.92000000000002,0.0
171.96,-0.005999999999999998
172.0,-0.005999999999999998
172.04,0.0
172.08,-0.003999999999999997
172.12,-0.003999999999999997
172.16,0.0020000000000000018
172.20000000000002,0.0040000000000000036
172.24,-0.0020000000000000018
172.28,-0.003999999999999997
172.32,0.0020000000000000018
172.36,0.0
172.4,-0.003999999999999997
172.44,0.0020000000000000018
172.48,0.0040000000000000036
172.52,0.0
172.56,-0.003999999999999997
172.6,-0.003999999999999997
172.64000000000001,-0.003999999999999997
172.68,-0.003999999999999997
172.72,-0.003999999999999997
172.76,-0.005999999999999998
172.8,-0.003999999999999997
172.84,0.0040000000000000036
172.88,0.0040000000000000036
172.92000000000002,0.0020000000000000018
172.96,-0.0020000000000000018
173.0,0.0020000000000000018
173.04,0.0040000000000000036
173.08,0.0020000000000000018
173.12,0.0020000000000000018
173.16,0.0020000000000000018
173.20000000000002,0.0
173.24,-0.0020000000000000018
173.28,-0.0020000000000000018
173.32,-0.003999999999999997
173.36,-0.003999999999999997
173.4,-0.0020000000000000018
173.44,0.0020000000000000018
173.48,-0.003999999999999997
173.52,0.0
173.56,0.0020000000000000018
173.6,0.0020000000000000018
173.64000000000001,-0.003999999999999997
173.68,0.0
173.72,0.0040000000000000036
173.76,0.0
173.8,-0.0020000000000000018
173.84,0.0040000000000000036
173.88,0.0040000000000000036
173.92000000000002,-0.003999999999999997
173.96,-0.005999999999999998
174.0,-0.005999999999999998
174.04,-0.005999999999999998
174.08,-0.0020000000000000018
174.12,0.0020000000000000018
174.16,-0.0020000000000000018
174.20000000000002,-0.0020000000000000018
174.24,0.0020000000000000018
174.28,0.0040000000000000036
174.32,-0.0020000000000000018
174.36,0.0020000000000000018
174.4,0.0040000000000000036
174.44,0.0020000000000000018
174.48,0.0020000000000000018
174.52,0.0020000000000000018
174.56,-0.0020000000000000018
174.6,-0.005999999999999998
174.64000000000001,-0.0020000000000000018
174.68,-0.0020000000000000018
174.72,-0.005999999999999998
174.76,-0.0020000000000000018
174.8,0.006000000000000005
174.84,0.0
174.88,-0.005999999999999998
174.92000000000002,0.0
174.96,0.0
175.0,-0.003999999999999997
175.04,-0.0020000000000000018
175.08,0.006000000000000005
175.12,0.0040000000000000036
175.16,-0.0020000000000000018
175.20000000000002,-0.0020000000000000018
175.24,-0.003999999999999997
175.28,-0.005999999999999998
175.32,-0.003999999999999997
175.36,-0.003999999999999997
175.4,-0.005999999999999998
175.44,-0.0020000000000000018
175.48,0.0020000000000000018
175.52,0.0
175.56,-0.003999999999999997
175.6,0.0
175.64000000000001,0.0020000000000000018
175.68,0.0020000000000000018
175.72,0.006000000000000005
175.76,0.006000000000000005
175.8,0.0
175.84,0.0
175.88,0.0020000000000000018
175.92000000000002,-0.0020000000000000018
175.96,-0.005999999999999998
176.0,-0.0020000000000000018
176.04,0.0020000000000000018
176.08,-0.0020000000000000018
176.12,-0.0020000000000000018
176.16,0.0020000000000000018
176.20000000000002,-0.0020000000000000018
176.24,-0.005999999999999998
176.28,-0.0020000000000000018
176.32,0.006000000000000005
176.36,0.0020000000000000018
176.4,0.0020000000000000018
176.44,0.0020000000000000018
176.48,-0.0020000000000000018
176.52,0.0
176.56,-0.0020000000000000018
176.6,-0.008
176.64000000000001,-0.008
176.68,-0.003999999999999997
176.72,-0.0020000000000000018
176.76,-0.003999999999999997
176.8,-0.005999999999999998
176.84,-0.0020000000000000018
176.88,-0.003999999999999997
176.92000000000002,-0.003999999999999997
176.96,0.0020000000000000018
177.0,0.0040000000000000036
177.04,0.0020000000000000018
177.08,0.0040000000000000036
177.12,0.0040000000000000036
177.16,-0.0020000000000000018
177.20000000000002,-0.003999999999999997
177.24,-0.0020000000000000018
177.28,0.0
177.32,-0.0020000000000000018
177.36,0.0020000000000000018
177.4,0.0020000000000000018
177.44,-0.0020000000000000018
177.48,-0.005999999999999998
177.52,-0.0020000000000000018
177.56,0.0020000000000000018
177.6,0.0
177.64000000000001,-0.0020000000000000018
177.68,0.0020000000000000018
177.72,0.006000000000000005
177.76,0.006000000000000005
177.8,0.0020000000000000018
177.84,-0.0020000000000000018
177.88,-0.003999999999999997
177.92000000000002,-0.0020000000000000018
177.96,-0.0020000000000000018
178.0,-0.003999999999999997
178.04,-0.003999999999999997
178.08,-0.0020000000000000018
178.12,-0.0020000000000000018
178.16,-0.005999999999999998
178.20000000000002,-0.003999999999999997
178.24,0.0020000000000000018
178.28,0.0
178.32,0.0020000000000000018
178.36,0.0040000000000000036
178.4,0.0020000000000000018
178.44,-0.0020000000000000018
178.48,-0.0020000000000000018
178.52,-0.0020000000000000018
178.56,-0.003999999999999997
178.6,-0.0020000000000000018
178.64000000000001,0.0020000000000000018
178.68,-0.003999999999999997
178.72,-0.005999999999999998
178.76,0.0020000000000000018
178.8,0.0020000000000000018
178.84,-0.003999999999999997
178.88,-0.008
178.92000000000002,0.0020000000000000018
178.96,0.0040000000000000036
179.0,0.0040000000000000036
179.04,0.006000000000000005
179.08,0.0020000000000000018
179.12,-0.0020000000000000018
179.16,0.0
179.20000000000002,0.0
179.24,-0.003999999999999997
179.28,-0.003999999999999997
179.32,0.0
179.36,-0.0020000000000000018
179.4,-0.005999999999999998
179.44,-0.003999999999999997
179.48,-0.003999999999999997
179.52,-0.003999999999999997
179.56,-0.0020000000000000018
179.6,0.006000000000000005
179.64000000000001,0.0040000000000000036
179.68,0.0
179.72,0.0040000000000000036
179.76,0.0
179.8,-0.003999999999999997
179.84,0.0
179.88,0.0020000000000000018
179.92000000000002,-0.003999999999999997
179.96,-0.003999999999999997
180.0,0.0040000000000000036
180.04,0.0020000000000000018
180.08,-0.008
180.12,-0.005999999999999998
180.16,-0.0020000000000000018
180.20000000000002,0.0
180.24,0.0020000000000000018
180.28,0.0020000000000000018
180.32,0.0020000000000000018
180.36,0.0020000000000000018
180.4,0.0040000000000000036
180.44,0.0
180.48,-0.003999999999999997
180.52,0.0
180.56,0.0020000000000000018
180.6,-0.0020000000000000018
180.64000000000001,-0.003999999999999997
180.68,-0.0020000000000000018
180.72,-0.005999999999999998
180.76,-0.008
180.8,-0.003999999999999997
180.84,0.0
180.88,-0.0020000000000000018
180.92000000000002,0.0
180.96,0.0040000000000000036
181.0,0.0020000000000000018
181.04,0.0
181.08,-0.0020000000000000018
181.12,0.0
181.16,-0.003999999999999997
181.20000000000002,0.0
181.24,0.0040000000000000036
181.28,0.0020000000000000018
181.32,-0.003999999999999997
181.36,-0.003999999999999997
181.4,-0.0020000000000000018
181.44,-0.0020000000000000018
181.48,-0.003999999999999997
181.52,0.0
181.56,0.0
181.6,0.0020000000000000018
181.64000000000001,0.0040000000000000036
181.68,0.0020000000000000018
181.72,-0.0020000000000000018
181.76,0.0020000000000000018
181.8,0.0040000000000000036
181.84,0.0020000000000000018
181.88,0.0020000000000000018
181.92000000000002,0.0020000000000000018
181.96,-0.003999999999999997
182.0,-0.005999999999999998
182.04,-0.003999999999999997
182.08,-0.003999999999999997
182.12,-0.005999999999999998
182.16,-0.003999999999999997
182.20000000000002,0.0020000000000000018
182.24,0.0020000000000000018
182.28,0.0
182.32,0.0020000000000000018
182.36,-0.0020000000000000018
182.4,-0.003999999999999997
182.44,0.0
182.48,0.0040000000000000036
182.52,-0.0020000000000000018
182.56,-0.005999999999999998
182.6,-0.0020000000000000018
182.64000000000001,0.0020000000000000018
182.68,-0.003999999999999997
182.72,-0.005999999999999998
182.76,-0.003999999999999997
182.8,-0.0020000000000000018
182.84,0.0
182.88,0.0020000000000000018
182.92000000000002,0.0020000000000000018
182.96,0.0020000000000000018
183.0,0.0020000000000000018
183.04,0.0020000000000000018
183.08,0.0
183.12,0.0020000000000000018
183.16,0.0040000000000000036
183.20000000000002,0.0020000000000000018
183.24,-0.0020000000000000018
183.28,0.0
183.32,-0.0020000000000000018
183.36,-0.008
183.4,-0.005999999999999998
183.44,-0.0020000000000000018
183.48,-0.0020000000000000018
183.52,0.0
183.56,0.0020000000000000018
183.6,0.0
183.64000000000001,-0.0020000000000000018
183.68,0.0020000000000000018
183.72,0.0020000000000000018
183.76,-0.0020000000000000018
183.8,-0.003999999999999997
183.84,0.0040000000000000036
183.88,0.0040000000000000036
183.92000000000002,-0.003999999999999997
183.96,-0.005999999999999998
184.0,-0.003999999999999997
184.04,-0.005999999999999998
184.08,-0.003999999999999997
184.12,-0.0020000000000000018
184.16,0.0020000000000000018
184.20000000000002,-0.0020000000000000018
184.24,0.0
184.28,-0.0020000000000000018
184.32,-0.003999999999999997
184.36,0.0
184.4,0.0040000000000000036
184.44,0.0020000000000000018
184.48,0.0040000000000000036
184.52,0.006000000000000005
184.56,0.0020000000000000018
184.6,-0.005999999999999998
184.64000000000001,-0.003999999999999997
184.68,-0.0020000000000000018
184.72,-0.003999999999999997
184.76,-0.003999999999999997
184.8,0.0
184.84,-0.0020000000000000018
184.88,-0.0020000000000000018
184.92000000000002,0.0020000000000000018
184.96,0.0020000000000000018
185.0,-0.0020000000000000018
185.04,-0.0020000000000000018
185.08,0.006000000000000005
185.12,0.006000000000000005
185.16,-0.0020000000000000018
185.20000000000002,-0.0020000000000000018
185.24,-0.0020000000000000018
185.28,-0.003999999999999997
185.32,-0.005999999999999998
185.36,-0.0020000000000000018
185.4,0.0
185.44,-0.003999999999999997
185.48,-0.0020000000000000018
185.52,0.0
185.56,-0.003999999999999997
185.6,-0.003999999999999997
185.64000000000001,0.0
185.68,0.0
185.72,0.0040000000000000036
185.76,0.006000000000000005
185.8,0.0020000000000000018
185.84,-0.0020000000000000018
185.88,-0.0020000000000000018
185.92000000000002,0.0020000000000000018
185.96,-0.003999999999999997
186.0,-0.005999999999999998
186.04,0.0
186.08,-0.0020000000000000018
186.12,-0.0020000000000000018
186.16,0.0
186.20000000000002,0.0
186.24,-0.005999999999999998
186.28,-0.0020000000000000018
186.32,0.006000000000000005
186.36,0.0040000000000000036
186.4,0.0
186.44,0.0020000000000000018
186.48,0.0020000000000000018
186.52,-0.003999999999999997
186.56,-0.003999999999999997
186.6,0.0
186.64000000000001,-0.0020000000000000018
186.68,-0.003999999999999997
186.72,0.0
186.76,0.0020000000000000018
186.8,-0.003999999999999997
186.84,-0.003999999999999997
186.88,-0.0020000000000000018
186.92000000000002,-0.0020000000000000018
186.96,0.0020000000000000018
187.0,0.0040000000000000036
187.04,0.0020000000000000018
187.08,0.0
187.12,0.006000000000000005
187.16,0.0040000000000000036
187.20000000000002,-0.003999999999999997
187.24,-0.003999999999999997
187.28,0.0
187.32,-0.0020000000000000018
187.36,-0.003999999999999997
187.4,0.0
187.44,-0.003999999999999997
187.48,-0.008
187.52,-0.003999999999999997
187.56,0.0020000000000000018
187.6,0.0
187.64000000000001,0.0
187.68,0.0040000000000000036
187.72,0.0040000000000000036
187.76,-0.0020000000000000018
187.8,-0.0020000000000000018
187.84,0.0
187.88,-0.003999999999999997
187.92000000000002,-0.003999999999999997
187.96,0.0
188.0,0.0
188.04,-0.0020000000000000018
188.08,-0.0020000000000000018
188.12,-0.003999999999999997
188.16,-0.003999999999999997
188.20000000000002,-0.0020000000000000018
188.24,0.0
188.28,-0.0020000000000000018
188.32,0.0020000000000000018
188.36,0.008
188.4,0.0040000000000000036
188.44,-0.0020000000000000018
188.48,0.0020000000000000018
188.52,0.0020000000000000018
188.56,0.0020000000000000018
188.6,0.0020000000000000018
188.64000000000001,0.0020000000000000018
188.68,-0.0020000000000000018
188.72,-0.003999999999999997
188.76,-0.0020000000000000018
188.8,0.0
188.84,-0.005999999999999998
188.88,-0.0020000000000000018
188.92000000000002,0.0040000000000000036
188.96,0.006000000000000005
189.0,0.0020000000000000018
189.04,0.0020000000000000018
189.08,0.0020000000000000018
189.12,-0.0020000000000000018
189.16,-0.003999999999999997
189.20000000000002,0.0
189.24,-0.0020000000000000018
189.28,-0.0020000000000000018
189.32,-0.0020000000000000018
189.36,-0.003999999999999997
189.4,-0.003999999999999997
189.44,-0.005999999999999998
189.48,-0.005999999999999998
189.52,-0.003999999999999997
189.56,-0.0020000000000000018
189.6,0.0020000000000000018
189.64000000000001,0.0020000000000000018
189.68,-0.003999999999999997
189.72,-0.0020000000000000018
189.76,0.0
189.8,-0.0020000000000000018
189.84,-0.0020000000000000018
189.88,0.006000000000000005
189.92000000000002,0.0020000000000000018
189.96,-0.0020000000000000018
190.0,0.0
190.04,-0.0020000000000000018
190.08,-0.008
190.12,-0.008
190.16,0.0020000000000000018
190.20000000000002,0.0040000000000000036
190.24,0.0020000000000000018
190.28,0.0040000000000000036
190.32,0.006000000000000005
190.36,0.0
190.4,0.0020000000000000018
190.44,0.0020000000000000018
190.48,0.0020000000000000018
190.52,0.0
190.56,0.0020000000000000018
190.6,0.0020000000000000018
190.64000000000001,-0.003999999999999997
190.68,-0.005999999999999998
190.72,-0.005999999999999998
190.76,-0.003999999999999997
190.8,-0.0020000000000000018
190.84,0.0020000000000000018
190.88,0.0
190.92000000000002,-0.003999999999999997
190.96,0.0
191.0,0.0020000000000000018
191.04,-0.003999999999999997
191.08,-0.0020000000000000018
191.12,0.0040000000000000036
191.16,0.0
191.20000000000002,-0.0020000000000000018
191.24,0.0040000000000000036
191.28,0.0
191.32,-0.005999999999999998
191.36,-0.005999999999999998
191.4,-0.0020000000000000018
191.44,-0.003999999999999997
191.48000000000002,-0.0020000000000000018
191.52,0.0020000000000000018
191.56,0.0020000000000000018
191.6,-0.0020000000000000018
191.64000000000001,0.0020000000000000018
191.68,0.0040000000000000036
191.72,-0.0020000000000000018
191.76,0.0020000000000000018
191.8,0.006000000000000005
191.84,0.0040000000000000036
191.88,-0.0020000000000000018
191.92000000000002,-0.0020000000000000018
191.96,-0.003999999999999997
192.0,-0.003999999999999997
192.04,0.0
192.08,0.0
192.12,-0.003999999999999997
192.16,-0.0020000000000000018
192.20000000000002,0.0020000000000000018
192.24,0.0
192.28,-0.003999999999999997
192.32,-0.0020000000000000018
192.36,0.0020000000000000018
192.4,-0.0020000000000000018
192.44,0.0020000000000000018
192.48000000000002,0.006000000000000005
192.52,0.0020000000000000018
192.56,-0.005999999999999998
192.6,-0.0020000000000000018
192.64000000000001,-0.0020000000000000018
192.68,-0.003999999999999997
192.72,-0.003999999999999997
192.76,-0.0020000000000000018
192.8,-0.0020000000000000018
192.84,-0.0020000000000000018
192.88,0.0020000000000000018
192.92000000000002,0.0020000000000000018
192.96,-0.003999999999999997
193.0,0.0
193.04,0.006000000000000005
193.08,0.0040000000000000036
193.12,0.0020000000000000018
193.16,0.0020000000000000018
193.20000000000002,-0.0020000000000000018
193.24,-0.003999999999999997
193.28,-0.0020000000000000018
193.32,-0.003999999999999997
193.36,-0.005999999999999998
193.4,-0.003999999999999997
193.44,0.0020000000000000018
193.48000000000002,0.0
193.52,-0.003999999999999997
193.56,-0.0020000000000000018
193.6,-0.0020000000000000018
193.64000000000001,-0.003999999999999997
193.68,0.0
193.72,0.006000000000000005
193.76,0.0040000000000000036
193.8,-0.0020000000000000018
193.84,0.0020000000000000018
193.88,0.0020000000000000018
193.92000000000002,-0.003999999999999997
193.96,-0.003999999999999997
194.0,-0.0020000000000000018
194.04,-0.003999999999999997
194.08,-0.003999999999999997
194.12,-0.0020000000000000018
194.16,0.0
194.20000000000002,-0.003999999999999997
194.24,-0.0020000000000000018
194.28,0.0020000000000000018
194.32,0.0020000000000000018
194.36,0.0020000000000000018
194.4,0.0040000000000000036
194.44,0.0040000000000000036
194.48000000000002,0.0
194.52,0.0
194.56,-0.0020000000000000018
194.6,-0.003999999999999997
194.64000000000001,-0.003999999999999997
194.68,0.0020000000000000018
194.72,0.0020000000000000018
194.76,-0.0020000000000000018
194.8,-0.0020000000000000018
194.84,-0.003999999999999997
194.88,-0.005999999999999998
194.92000000000002,-0.0020000000000000018
194.96,0.0020000000000000018
195.0,0.0
195.04,-0.0020000000000000018
195.08,0.0020000000000000018
195.12,0.0020000000000000018
195.16,-0.0020000000000000018
195.20000000000002,-0.003999999999999997
195.24,-0.0020000000000000018
195.28,-0.003999999999999997
195.32,-0.003999999999999997
195.36,-0.0020000000000000018
195.4,-0.0020000000000000018
195.44,-0.005999999999999998
195.48000000000002,-0.003999999999999997
195.52,-0.0020000000000000018
195.56,-0.0020000000000000018
195.6,0.0020000000000000018
195.64000000000001,0.006000000000000005
195.68,0.006000000000000005
195.72,0.0040000000000000036
195.76,0.0040000000000000036
195.8,-0.0020000000000000018
195.84,-0.003999999999999997
195.88,0.0
195.92000000000002,0.0020000000000000018
195.96,0.0
196.0,0.0
196.04,0.0020000000000000018
196.08,-0.0020000000000000018
196.12,-0.005999999999999998
196.16,0.0
196.20000000000002,0.0020000000000000018
196.24,-0.003999999999999997
196.28,0.0
196.32,0.006000000000000005
196.36,0.0020000000000000018
196.4,-0.0020000000000000018
196.44,-0.0020000000000000018
196.48000000000002,0.0020000000000000018
196.52,-0.0020000000000000018
196.56,-0.0020000000000000018
196.6,0.0020000000000000018
196.64000000000001,-0.0020000000000000018
196.68,-0.005999999999999998
196.72,-0.003999999999999997
196.76,-0.003999999999999997
196.8,-0.008
196.84,-0.005999999999999998
196.88,0.0
196.92000000000002,0.0020000000000000018
196.96,0.0020000000000000018
197.0,0.0020000000000000018
197.04,-0.0020000000000000018
197.08,-0.0020000000000000018
197.12,0.0020000000000000018
197.16,0.0020000000000000018
197.20000000000002,-0.0020000000000000018
197.24,-0.0020000000000000018
197.28,0.0020000000000000018
197.32,-0.0020000000000000018
197.36,-0.0020000000000000018
197.4,-0.0020000000000000018
197.44,-0.0020000000000000018
197.48000000000002,-0.005999999999999998
197.52,-0.0020000000000000018
197.56,0.006000000000000005
197.6,0.0040000000000000036
197.64000000000001,-0.0020000000000000018
197.68,0.0020000000000000018
197.72,0.0020000000000000018
197.76,0.0020000000000000018
197.8,0.0020000000000000018
197.84,0.0020000000000000018
197.88,0.0
197.92000000000002,-0.0020000000000000018
197.96,-0.0020000000000000018
198.0,-0.003999999999999997
198.04,-0.009999999999999995
198.08,-0.005999999999999998
198.12,-0.0020000000000000018
198.16,-0.0020000000000000018
198.20000000000002,-0.0020000000000000018
198.24,0.0020000000000000018
198.28,0.0
198.32,-0.0020000000000000018
198.36,0.0020000000000000018
198.4,0.0020000000000000018
198.44,-0.0020000000000000018
198.48000000000002,-0.0020000000000000018
198.52,0.0020000000000000018
198.56,-0.0020000000000000018
198.6,-0.0020000000000000018
198.64000000000001,0.0
198.68,-0.003999999999999997
198.72,-0.009999999999999995
198.76,-0.0020000000000000018
198.8,0.006000000000000005
198.84,0.0
198.88,-0.003999999999999997
198.92000000000002,0.0020000000000000018
198.96,0.0020000000000000018
199.0,-0.0020000000000000018
199.04,0.0
199.08,0.0040000000000000036
199.12,0.0020000000000000018
199.16,0.0020000000000000018
199.20000000000002,0.0040000000000000036
199.24,0.0020000000000000018
199.28,-0.005999999999999998
199.32,-0.003999999999999997
199.36,-0.0020000000000000018
199.4,-0.005999999999999998
199.44,-0.003999999999999997
199.48000000000002,0.0
199.52,0.0
199.56,-0.0020000000000000018
199.6,0.0040000000000000036
199.64000000000001,0.0020000000000000018
199.68,-0.0020000000000000018
199.72,-0.0020000000000000018
199.76,0.0020000000000000018
199.8,0.0
199.84,0.0020000000000000018
199.88,0.0020000000000000018
199.92000000000002,-0.003999999999999997
199.96,-0.005999999999999998
200.0,-0.0020000000000000018
200.04,0.0
200.08,-0.005999999999999998
200.12,-0.003999999999999997
200.16,0.0020000000000000018
200.20000000000002,0.0040000000000000036
200.24,-0.003999999999999997
200.28,-0.0020000000000000018
200.32,0.0020000000000000018
200.36,-0.0020000000000000018
200.4,0.0020000000000000018
200.44,0.006000000000000005
200.48000000000002,0.0020000000000000018
200.52,-0.0020000000000000018
200.56,0.0
200.6,-0.0020000000000000018
200.64000000000001,-0.003999999999999997
200.68,-0.005999999999999998
200.72,-0.003999999999999997
200.76,-0.003999999999999997
200.8,-0.0020000000000000018
200.84,0.0020000000000000018
200.88,0.0
200.92000000000002,-0.0020000000000000018
200.96,-0.003999999999999997
201.0,0.0
201.04,0.0020000000000000018
201.08,0.0020000000000000018
201.12,0.0020000000000000018
201.16,-0.0020000000000000018
201.20000000000002,-0.003999999999999997
201.24,0.0
201.28,-0.0020000000000000018
201.32,-0.005999999999999998
201.36,-0.003999999999999997
201.4,0.0020000000000000018
201.44,0.0020000000000000018
201.48000000000002,-0.003999999999999997
201.52,-0.0020000000000000018
201.56,0.0
201.6,-0.0020000000000000018
201.64000000000001,0.0
201.68,0.0040000000000000036
201.72,0.0040000000000000036
201.76,0.0040000000000000036
201.8,0.0040000000000000036
201.84,0.0020000000000000018
201.88,-0.0020000000000000018
201.92000000000002,-0.003999999999999997
201.96,-0.005999999999999998
202.0,-0.003999999999999997
202.04,-0.0020000000000000018
202.08,0.0
202.12,-0.0020000000000000018
202.16,-0.0020000000000000018
202.20000000000002,-0.003999999999999997
202.24,-0.0020000000000000018
202.28,-0.0020000000000000018
202.32,0.0020000000000000018
202.36,0.0020000000000000018
202.4,0.0020000000000000018
202.44,-0.0020000000000000018
202.48000000000002,-0.0020000000000000018
202.52,-0.0020000000000000018
202.56,-0.005999999999999998
202.6,-0.003999999999999997
202.64000000000001,0.0020000000000000018
202.68,-0.0020000000000000018
202.72,-0.003999999999999997
202.76,-0.0020000000000000018
202.8,0.0020000000000000018
202.84,-0.0020000000000000018
202.88,-0.003999999999999997
202.92000000000002,0.0020000000000000018
202.96,0.0020000000000000018
203.0,0.0020000000000000018
203.04,0.006000000000000005
203.08,0.008
203.12,0.0020000000000000018
203.16,0.0
203.20000000000002,0.0
203.24,-0.0020000000000000018
203.28,-0.0020000000000000018
203.32,0.0020000000000000018
203.36,-0.0020000000000000018
203.4,-0.003999999999999997
203.44,-0.0020000000000000018
203.48000000000002,0.0
203.52,-0.0020000000000000018
203.56,-0.003999999999999997
203.6,0.0020000000000000018
203.64000000000001,0.0020000000000000018
203.68,0.0020000000000000018
203.72,0.006000000000000005
203.76,0.0
203.8,-0.008
203.84,-0.003999999999999997
203.88,0.0020000000000000018
203.92000000000002,-0.003999999999999997
203.96,-0.005999999999999998
204.0,-0.0020000000000000018
204.04,0.0020000000000000018
204.08,-0.003999999999999997
204.12,-0.003999999999999997
204.16,-0.0020000000000000018
204.20000000000002,-0.003999999999999997
204.24,-0.003999999999999997
204.28,0.006000000000000005
204.32,0.006000000000000005
204.36,0.0
204.4,0.0020000000000000018
204.44,0.0040000000000000036
204.48000000000002,-0.0020000000000000018
204.52,-0.0020000000000000018
204.56,0.0020000000000000018
204.6,-0.0020000000000000018
204.64000000000001,-0.003999999999999997
204.68,0.0
204.72,0.0020000000000000018
204.76,-0.003999999999999997
204.8,-0.003999999999999997
204.84,-0.0020000000000000018
204.88,0.0
204.92000000000002,0.0040000000000000036
204.96,0.006000000000000005
205.0,0.0020000000000000018
205.04,-0.0020000000000000018
205.08,0.0020000000000000018
205.12,0.0020000000000000018
205.16,-0.005999999999999998
205.20000000000002,-0.005999999999999998
205.24,0.0
205.28,0.0020000000000000018
205.32,-0.003999999999999997
205.36,-0.0020000000000000018
205.4,-0.0020000000000000018
205.44,-0.005999999999999998
205.48000000000002,-0.005999999999999998
205.52,-0.0020000000000000018
205.56,0.0020000000000000018
205.6,0.0020000000000000018
205.64000000000001,0.0020000000000000018
205.68,0.0020000000000000018
205.72,0.0
205.76,0.0020000000000000018
205.8,0.0020000000000000018
205.84,-0.003999999999999997
205.88,-0.003999999999999997
205.92000000000002,0.0020000000000000018
205.96,0.0020000000000000018
206.0,-0.003999999999999997
206.04,-0.005999999999999998
206.08,-0.0020000000000000018
206.12,-0.0020000000000000018
206.16,-0.0020000000000000018
206.20000000000002,0.0020000000000000018
206.24,0.0020000000000000018
206.28,0.0020000000000000018
206.32,0.006000000000000005
206.36,0.006000000000000005
206.4,-0.003999999999999997
206.44,-0.005999999999999998
206.48000000000002,0.0020000000000000018
206.52,0.0020000000000000018
206.56,-0.003999999999999997
206.6,-0.0020000000000000018
206.64000000000001,0.0020000000000000018
206.68,-0.003999999999999997
206.72,-0.008
206.76,-0.0020000000000000018
206.8,0.0
206.84,-0.0020000000000000018
206.88,-0.0020000000000000018
206.92000000000002,0.0040000000000000036
206.96,0.0020000000000000018
207.0,0.0
207.04,0.0020000000000000018
207.08,-0.0020000000000000018
207.12,-0.0020000000000000018
207.16,0.0020000000000000018
207.20000000000002,0.0040000000000000036
207.24,-0.003999999999999997
207.28,-0.003999999999999997
207.32,-0.0020000000000000018
207.36,-0.003999999999999997
207.4,-0.005999999999999998
207.44,-0.003999999999999997
207.48000000000002,0.0
207.52,0.0040000000000000036
207.56,0.006000000000000005
207.6,0.0040000000000000036
207.64000000000001,-0.0020000000000000018
207.68,-0.003999999999999997
207.72,0.0020000000000000018
207.76,0.0020000000000000018
207.8,-0.003999999999999997
207.84,0.0020000000000000018
207.88,0.0020000000000000018
207.92000000000002,-0.003999999999999997
207.96,-0.005999999999999998
208.0,-0.0020000000000000018
208.04,-0.0020000000000000018
208.08,-0.005999999999999998
208.12,-0.0020000000000000018
208.16,0.0020000000000000018
208.20000000000002,0.0020000000000000018
208.24,0.0
208.28,0.0020000000000000018
208.32,-0.0020000000000000018
208.36,-0.0020000000000000018
208.4,0.0040000000000000036
208.44,0.0040000000000000036
208.48000000000002,0.0
208.52,0.0020000000000000018
208.56,0.0020000000000000018
208.6,-0.003999999999999997
208.64000000000001,-0.005999999999999998
208.68,-0.005999999999999998
208.72,-0.003999999999999997
208.76,0.0020000000000000018
208.8,0.006000000000000005
208.84,0.0040000000000000036
208.88,-0.0020000000000000018
208.92000000000002,0.0020000000000000018
208.96,0.0040000000000000036
209.0,0.0
209.04,-0.0020000000000000018
209.08,0.0040000000000000036
209.12,0.0020000000000000018
209.16,-0.003999999999999997
209.20000000000002,-0.003999999999999997
209.24,-0.0020000000000000018
209.28,-0.003999999999999997
209.32,-0.005999999999999998
209.36,-0.003999999999999997
209.4,-0.0020000000000000018
209.44,0.0
209.48000000000002,0.0
209.52,-0.0020000000000000018
209.56,-0.003999999999999997
209.6,0.0
209.64000000000001,0.0
209.68,-0.0020000000000000018
209.72,-0.0020000000000000018
209.76,0.0040000000000000036
209.8,0.0040000000000000036
209.84,0.0
209.88,-0.003999999999999997
209.92000000000002,-0.005999999999999998
209.96,-0.003999999999999997
210.0,-0.0020000000000000018
210.04,0.0
210.08,-0.003999999999999997
210.12,-0.003999999999999997
210.16,0.0020000000000000018
210.20000000000002,0.0040000000000000036
210.24,-0.0020000000000000018
210.28,0.0020000000000000018
210.32,0.006000000000000005
210.36,0.006000000000000005
210.4,-0.0020000000000000018
210.44,0.0020000000000000018
210.48000000000002,0.0040000000000000036
210.52,-0.0020000000000000018
210.56,-0.003999999999999997
210.6,-0.003999999999999997
210.64000000000001,-0.0020000000000000018
210.68,-0.003999999999999997
210.72,-0.0020000000000000018
210.76,0.0
210.8,-0.0020000000000000018
210.84,-0.0020000000000000018
210.88,-0.0020000000000000018
210.92000000000002,-0.005999999999999998
210.96,-0.003999999999999997
211.0,0.006000000000000005
211.04,0.006000000000000005
211.08,-0.0020000000000000018
211.12,-0.0020000000000000018
211.16,-0.0020000000000000018
211.20000000000002,-0.003999999999999997
211.24,-0.003999999999999997
211.28,-0.003999999999999997
211.32,-0.005999999999999998
211.36,-0.005999999999999998
211.4,0.0020000000000000018
211.44,0.0040000000000000036
211.48000000000002,-0.005999999999999998
211.52,-0.0020000000000000018
211.56,0.0040000000000000036
211.6,0.0020000000000000018
211.64000000000001,-0.0020000000000000018
211.68,0.006000000000000005
211.72,0.006000000000000005
211.76,-0.0020000000000000018
211.8,-0.003999999999999997
211.84,0.0020000000000000018
211.88,-0.0020000000000000018
211.92000000000002,-0.005999999999999998
211.96,-0.0020000000000000018
212.0,0.0020000000000000018
212.04,0.0
212.08,0.0
212.12,0.0
212.16,-0.003999999999999997
212.20000000000002,-0.003999999999999997
212.24,0.006000000000000005
212.28,0.0040000000000000036
212.32,-0.0020000000000000018
212.36,0.0020000000000000018
212.4,0.0040000000000000036
212.44,0.0
212.48000000000002,-0.0020000000000000018
212.52,-0.003999999999999997
212.56,-0.003999999999999997
212.6,-0.005999999999999998
212.64000000000001,0.0020000000000000018
212.68,0.0020000000000000018
212.72,-0.003999999999999997
212.76,-0.003999999999999997
212.8,0.0020000000000000018
212.84,-0.0020000000000000018
212.88,-0.0020000000000000018
212.92000000000002,0.006000000000000005
212.96,0.008
213.0,0.0
213.04,-0.0020000000000000018
213.08,0.0020000000000000018
213.12,-0.003999999999999997
213.16,-0.005999999999999998
213.20000000000002,-0.003999999999999997
213.24,0.0020000000000000018
213.28,0.0020000000000000018
213.32,-0.0020000000000000018
213.36,-0.0020000000000000018
213.4,-0.003999999999999997
213.44,-0.003999999999999997
213.48000000000002,0.0
213.52,0.0
213.56,-0.0020000000000000018
213.6,0.0020000000000000018
213.64000000000001,0.006000000000000005
213.68,0.0020000000000000018
213.72,-0.0020000000000000018
213.76,-0.0020000000000000018
213.8,-0.003999999999999997
213.84,-0.003999999999999997
213.88,-0.0020000000000000018
213.92000000000002,0.0
213.96,-0.003999999999999997
214.0,-0.003999999999999997
214.04,-0.0020000000000000018
214.08,-0.003999999999999997
214.12,-0.005999999999999998
214.16,0.0020000000000000018
214.20000000000002,0.006000000000000005
214.24,0.0020000000000000018
214.28,0.0040000000000000036
214.32,0.006000000000000005
214.36,0.0020000000000000018
214.4,-0.003999999999999997
214.44,-0.0020000000000000018
214.48000000000002,0.0020000000000000018
214.52,-0.0020000000000000018
214.56,-0.0020000000000000018
214.6,-0.0020000000000000018
214.64000000000001,-0.003999999999999997
214.68,-0.0020000000000000018
214.72,-0.0020000000000000018
214.76,-0.003999999999999997
214.8,-0.003999999999999997
214.84,0.0
214.88,0.0040000000000000036
214.92000000000002,0.0020000000000000018
214.96,0.0
215.0,-0.0020000000000000018
215.04,-0.003999999999999997
215.08,-0.0020000000000000018
215.12,0.0020000000000000018
215.16,-0.0020000000000000018
215.20000000000002,-0.003999999999999997
215.24,0.0
215.28,-0.003999999999999997
215.32,-0.009999999999999995
215.36,-0.005999999999999998
215.4,0.0
215.44,-0.0020000000000000018
215.48000000000002,-0.0020000000000000018
215.52,0.0040000000000000036
215.56,0.006000000000000005
215.6,0.0020000000000000018
215.64000000000001,0.0
215.68,0.0020000000000000018
215.72,0.0020000000000000018
215.76,0.0
215.8,-0.003999999999999997
215.84,-0.003999999999999997
215.88,-0.0020000000000000018
215.92000000000002,0.0020000000000000018
215.96,-0.0020000000000000018
216.0,-0.005999999999999998
216.04,-0.003999999999999997
216.08,0.0020000000000000018
216.12,0.0020000000000000018
216.16,0.0020000000000000018
216.20000000000002,0.0020000000000000018
216.24,0.0
216.28,-0.0020000000000000018
216.32,0.0020000000000000018
216.36,0.0020000000000000018
216.4,-0.0020000000000000018
216.44,-0.0020000000000000018
216.48000000000002,0.0040000000000000036
216.52,-0.0020000000000000018
216.56,-0.005999999999999998
216.6,-0.003999999999999997
216.64000000000001,-0.003999999999999997
216.68,-0.005999999999999998
216.72,-0.005999999999999998
216.76,0.0020000000000000018
216.8,0.0
216.84,-0.0020000000000000018
216.88,0.0020000000000000018
216.92000000000002,0.0020000000000000018
216.96,0.0020000000000000018
217.0,-0.0020000000000000018
217.04,-0.0020000000000000018
217.08,-0.0020000000000000018
217.12,0.0020000000000000018
217.16,0.0040000000000000036
217.20000000000002,-0.0020000000000000018
217.24,-0.005999999999999998
217.28,-0.0020000000000000018
217.32,0.0
217.36,-0.0020000000000000018
217.4,-0.0020000000000000018
217.44,0.0040000000000000036
217.48000000000002,0.0020000000000000018
217.52,0.0020000000000000018
217.56,0.0020000000000000018
217.6,0.0020000000000000018
217.64000000000001,-0.0020000000000000018
217.68,0.0020000000000000018
217.72,0.0040000000000000036
217.76,0.0020000000000000018
217.8,-0.0020000000000000018
217.84,0.0020000000000000018
217.88,-0.0020000000000000018
217.92000000000002,-0.005999999999999998
217.96,-0.005999999999999998
218.0,-0.0020000000000000018
218.04,-0.0020000000000000018
218.08,-0.003999999999999997
218.12,0.0020000000000000018
218.16,0.006000000000000005
218.20000000000002,0.0
218.24,-0.0020000000000000018
218.28,-0.0020000000000000018
218.32,0.0
218.36,0.0020000000000000018
218.4,0.0040000000000000036
218.44,-0.0020000000000000018
218.48000000000002,-0.003999999999999997
218.52,-0.0020000000000000018
218.56,0.0
218.6,-0.005999999999999998
218.64000000000001,-0.005999999999999998
218.68,0.0020000000000000018
218.72,0.0020000000000000018
218.76,0.0
218.8,0.0020000000000000018
218.84,0.0020000000000000018
218.88,-0.003999999999999997
218.92000000000002,-0.0020000000000000018
218.96,0.0020000000000000018
219.0,0.0020000000000000018
219.04,-0.0020000000000000018
219.08,0.0040000000000000036
219.12,0.0020000000000000018
219.16,-0.003999999999999997
219.20000000000002,-0.005999999999999998
219.24,-0.0020000000000000018
219.28,-0.008
219.32,-0.005999999999999998
219.36,0.0020000000000000018
219.4,0.0040000000000000036
219.44,-0.0020000000000000018
219.48000000000002,-0.0020000000000000018
219.52,0.0
219.56,0.0
219.6,0.0020000000000000018
219.64000000000001,0.0040000000000000036
219.68,0.0
219.72,0.0
219.76,0.0040000000000000036
219.8,0.0
219.84,-0.005999999999999998
219.88,-0.003999999999999997
219.92000000000002,-0.0020000000000000018
219.96,-0.0020000000000000018
220.0,0.0
220.04,0.006000000000000005
220.08,0.0020000000000000018
220.12,-0.003999999999999997
220.16,0.0
220.20000000000002,0.0020000000000000018
220.24,-0.0020000000000000018
220.28,0.0020000000000000018
220.32,0.006000000000000005
220.36,0.0020000000000000018
220.4,-0.0020000000000000018
220.44,0.0
220.48000000000002,-0.0020000000000000018
220.52,-0.008
220.56,-0.005999999999999998
220.6,-0.0020000000000000018
220.64000000000001,-0.0020000000000000018
220.68,-0.003999999999999997
220.72,-0.003999999999999997
220.76,-0.0020000000000000018
220.8,-0.0020000000000000018
220.84,0.0020000000000000018
220.88,0.0
220.92000000000002,-0.0020000000000000018
220.96,0.0040000000000000036
221.0,0.008
221.04,0.0
221.08,-0.003999999999999997
221.12,-0.0020000000000000018
221.16,-0.003999999999999997
221.20000000000002,-0.003999999999999997
221.24,0.0
221.28,0.0020000000000000018
221.32,-0.0020000000000000018
221.36,0.0
221.4,0.0020000000000000018
221.44,-0.0020000000000000018
221.48000000000002,-0.003999999999999997
221.52,0.0020000000000000018
221.56,0.006000000000000005
221.6,0.0020000000000000018
221.64000000000001,0.0040000000000000036
221.68,0.0040000000000000036
221.72,0.0
221.76,-0.003999999999999997
221.8,-0.0020000000000000018
221.84,-0.0020000000000000018
221.88,-0.003999999999999997
221.92000000000002,-0.003999999999999997
221.96,-0.003999999999999997
222.0,-0.003999999999999997
222.04,-0.0020000000000000018
222.08,-0.0020000000000000018
222.12,-0.003999999999999997
222.16,-0.003999999999999997
222.20000000000002,0.006000000000000005
222.24,0.006000000000000005
222.28,0.0
222.32,0.0
222.36,0.0
222.4,-0.003999999999999997
222.44,-0.005999999999999998
222.48000000000002,-0.0020000000000000018
222.52,-0.0020000000000000018
222.56,-0.003999999999999997
222.6,-0.0020000000000000018
222.64000000000001,0.0020000000000000018
222.68,-0.003999999999999997
222.72,-0.003999999999999997
222.76,0.0
222.8,0.0020000000000000018
222.84,-0.0020000000000000018
222.88,0.0040000000000000036
222.92000000000002,0.0040000000000000036
222.96,0.0020000000000000018
223.0,0.0
223.04,0.0020000000000000018
223.08,0.0020000000000000018
223.12,-0.0020000000000000018
223.16,-0.0020000000000000018
223.20000000000002,0.0
223.24,0.0020000000000000018
223.28,-0.0020000000000000018
223.32,-0.003999999999999997
223.36,-0.005999999999999998
223.4,-0.003999999999999997
223.44,0.0020000000000000018
223.48000000000002,0.0020000000000000018
223.52,0.0
223.56,0.0020000000000000018
223.6,0.006000000000000005
223.64000000000001,0.0020000000000000018
223.68,-0.003999999999999997
223.72,-0.0020000000000000018
223.76,-0.0020000000000000018
223.8,-0.005999999999999998
223.84,-0.0020000000000000018
223.88,0.0
223.92000000000002,-0.003999999999999997
223.96,-0.005999999999999998
224.0,-0.0020000000000000018
224.04,-0.0020000000000000018
224.08,-0.003999999999999997
224.12,0.0
224.16,0.0040000000000000036
224.20000000000002,0.0020000000000000018
224.24,0.0020000000000000018
224.28,0.006000000000000005
224.32,0.0040000000000000036
224.36,-0.003999999999999997
224.4,-0.003999999999999997
224.44,0.0020000000000000018
224.48000000000002,0.0020000000000000018
224.52,-0.0020000000000000018
224.56,-0.0020000000000000018
224.6,-0.005999999999999998
224.64000000000001,-0.005999999999999998
224.68,-0.0020000000000000018
224.72,-0.003999999999999997
224.76,-0.003999999999999997
224.8,0.0020000000000000018
224.84,0.006000000000000005
224.88,0.0020000000000000018
224.92000000000002,0.0020000000000000018
224.96,0.0020000000000000018
225.0,-0.0020000000000000018
225.04,-0.005999999999999998
225.08,-0.0020000000000000018
225.12,0.0020000000000000018
225.16,-0.003999999999999997
225.20000000000002,-0.003999999999999997
225.24,0.0020000000000000018
225.28,-0.0020000000000000018
225.32,-0.005999999999999998
225.36,-0.0020000000000000018
225.4,-0.0020000000000000018
225.44,-0.003999999999999997
225.48000000000002,0.0020000000000000018
225.52,0.008
225.56,0.0020000000000000018
225.6,-0.003999999999999997
225.64000000000001,0.0
225.68,0.0040000000000000036
225.72,0.0020000000000000018
225.76,0.0040000000000000036
225.8,-0.0020000000000000018
225.84,-0.003999999999999997
225.88,-0.0020000000000000018
225.92000000000002,-0.0020000000000000018
225.96,-0.005999999999999998
226.0,-0.008
226.04,0.0
226.08,0.0020000000000000018
226.12,-0.0020000000000000018
226.16,0.0020000000000000018
226.20000000000002,0.0040000000000000036
226.24,-0.0020000000000000018
226.28,-0.0020000000000000018
226.32,0.0020000000000000018
226.36,0.0
226.4,-0.003999999999999997
226.44,-0.0020000000000000018
226.48000000000002,0.0020000000000000018
226.52,-0.003999999999999997
226.56,-0.005999999999999998
226.6,-0.0020000000000000018
226.64000000000001,-0.005999999999999998
226.68,-0.003999999999999997
226.72,0.0020000000000000018
226.76,0.006000000000000005
226.8,0.0
226.84,-0.0020000000000000018
226.88,0.0020000000000000018
226.92000000000002,0.0
226.96,0.0020000000000000018
227.0,0.0040000000000000036
227.04,0.0020000000000000018
227.08,0.0020000000000000018
227.12,0.006000000000000005
227.16,0.0
227.20000000000002,-0.005999999999999998
227.24,-0.005999999999999998
227.28,-0.0020000000000000018
227.32,-0.0020000000000000018
227.36,-0.003999999999999997
227.4,0.0020000000000000018
227.44,0.0040000000000000036
227.48000000000002,-0.0020000000000000018
227.52,0.0
227.56,0.0020000000000000018
227.6,0.0
227.64000000000001,-0.0020000000000000018
227.68,0.0020000000000000018
227.72,0.0020000000000000018
227.76,-0.0020000000000000018
227.8,-0.003999999999999997
227.84,-0.003999999999999997
227.88,-0.005999999999999998
227.92000000000002,-0.005999999999999998
227.96,-0.0020000000000000018
228.0,0.0020000000000000018
228.04,0.0
228.08,-0.003999999999999997
228.12,-0.0020000000000000018
228.16,0.0
228.20000000000002,-0.0020000000000000018
228.24,0.0
228.28,0.0020000000000000018
228.32,0.0040000000000000036
228.36,0.0040000000000000036
228.4,0.0020000000000000018
228.44,-0.003999999999999997
228.48000000000002,-0.003999999999999997
228.52,-0.0020000000000000018
228.56,-0.003999999999999997
228.6,-0.003999999999999997
228.64000000000001,-0.0020000000000000018
228.68,0.0020000000000000018
228.72,0.0
228.76,0.0
228.8,0.0020000000000000018
228.84,0.0
228.88,-0.0020000000000000018
228.92000000000002,0.0040000000000000036
228.96,0.008
229.0,0.0020000000000000018
229.04,-0.0020000000000000018
229.08,-0.0020000000000000018
229.12,-0.003999999999999997
229.16,-0.005999999999999998
229.20000000000002,-0.0020000000000000018
229.24,0.0
229.28,-0.003999999999999997
229.32,-0.003999999999999997
229.36,0.0020000000000000018
229.4,0.0020000000000000018
229.44,-0.005999999999999998
229.48000000000002,-0.003999999999999997
229.52,-0.0020000000000000018
229.56,0.0
229.6,0.0
229.64000000000001,-0.008
229.68,-0.027999999999999997
229.72,-0.041999999999999996
229.76,-0.052000000000000005
229.8,-0.06
229.84,-0.066
229.88,-0.057999999999999996
229.92000000000002,-0.054000000000000006
229.96,-0.054000000000000006
230.0,-0.054000000000000006
230.04,-0.052000000000000005
230.08,-0.057999999999999996
230.12,-0.057999999999999996
230.16,-0.052000000000000005
230.20000000000002,-0.05
230.24,-0.054000000000000006
230.28,-0.054000000000000006
230.32,-0.052000000000000005
230.36,-0.057999999999999996
230.4,-0.06
230.44,-0.057999999999999996
230.48000000000002,-0.062
230.52,-0.064
230.56,-0.06
230.6,-0.057999999999999996
230.64000000000001,-0.062
230.68,-0.064
230.72,-0.064
230.76,-0.062
230.8,-0.062
230.84,-0.057999999999999996
230.88,-0.057999999999999996
230.92000000000002,-0.062
230.96,-0.057999999999999996
231.0,-0.055999999999999994
231.04,-0.066
231.08,-0.068
231.12,-0.062
231.16,-0.064
231.20000000000002,-0.068
231.24,-0.062
231.28,-0.064
231.32,-0.06999999999999999
231.36,-0.06999999999999999
231.4,-0.064
231.44,-0.066
231.48000000000002,-0.066
231.52,-0.062
231.56,-0.06
231.6,-0.066
231.64000000000001,-0.062
231.68,-0.064
231.72,-0.06999999999999999
231.76,-0.06999999999999999
231.8,-0.066
231.84,-0.066
231.88,-0.068
231.92000000000002,-0.068
231.96,-0.068
232.0,-0.06999999999999999
232.04,-0.06999999999999999
232.08,-0.06999999999999999
232.12,-0.068
232.16,-0.066
232.20000000000002,-0.06
232.24,-0.062
232.28,-0.066
232.32,-0.066
232.36,-0.064
232.4,-0.066
232.44,-0.066
232.48000000000002,-0.062
232.52,-0.066
232.56,-0.06999999999999999
232.6,-0.06999999999999999
232.64000000000001,-0.068
232.68,-0.06999999999999999
232.72,-0.06999999999999999
232.76,-0.066
232.8,-0.062
232.84,-0.064
232.88,-0.06
232.92000000000002,-0.062
232.96,-0.066
233.0,-0.06999999999999999
233.04,-0.068
233.08,-0.066
233.12,-0.068
233.16,-0.06999999999999999
233.20000000000002,-0.066
233.24,-0.068
233.28,-0.06999999999999999
233.32,-0.074
233.36,-0.06999999999999999
233.4,-0.068
233.44,-0.064
233.48000000000002,-0.064
233.52,-0.068
233.56,-0.068
233.6,-0.066
233.64000000000001,-0.066
233.68,-0.068
233.72,-0.066
233.76,-0.062
233.8,-0.068
233.84,-0.068
233.88,-0.066
233.92000000000002,-0.06999999999999999
233.96,-0.074
234.0,-0.068
234.04,-0.064
234.08,-0.066
234.12,-0.062
234.16,-0.06
234.20000000000002,-0.062
234.24,-0.068
234.28,-0.066
234.32,-0.062
234.36,-0.066
234.4,-0.066
234.44,-0.06
234.48000000000002,-0.057999999999999996
234.52,-0.068
234.56,-0.06999999999999999
234.6,-0.06999999999999999
234.64000000000001,-0.072
234.68,-0.066
234.72,-0.064
234.76,-0.068
234.8,-0.068
234.84,-0.062
234.88,-0.068
234.92000000000002,-0.068
234.96,-0.064
235.0,-0.064
235.04,-0.066
235.08,-0.062
235.12,-0.062
235.16,-0.06999999999999999
235.20000000000002,-0.076
235.24,-0.068
235.28,-0.06999999999999999
235.32,-0.072
235.36,-0.066
235.4,-0.062
235.44,-0.066
235.48000000000002,-0.068
235.52,-0.062
235.56,-0.066
235.6,-0.068
235.64000000000001,-0.066
235.68,-0.06
235.72,-0.066
235.76,-0.068
235.8,-0.066
235.84,-0.06999999999999999
235.88,-0.06999999999999999
235.92000000000002,-0.068
235.96,-0.068
236.0,-0.06999999999999999
236.04,-0.064
236.08,-0.064
236.12,-0.066
236.16,-0.068
236.20000000000002,-0.066
236.24,-0.068
236.28,-0.066
236.32,-0.06
236.36,-0.057999999999999996
236.4,-0.068
236.44,-0.068
236.48000000000002,-0.066
236.52,-0.06999999999999999
236.56,-0.06999999999999999
236.6,-0.066
236.64000000000001,-0.066
236.68,-0.068
236.72,-0.064
236.76,-0.062
236.8,-0.066
236.84,-0.066
236.88,-0.062
236.92000000000002,-0.06
236.96,-0.062
237.0,-0.064
237.04,-0.066
237.08,-0.066
237.12,-0.066
237.16,-0.068
237.20000000000002,-0.06999999999999999
237.24,-0.06999999999999999
237.28,-0.066
237.32,-0.066
237.36,-0.068
237.4,-0.068
237.44,-0.068
237.48000000000002,-0.06999999999999999
237.52,-0.068
237.56,-0.062
237.6,-0.062
237.64000000000001,-0.064
237.68,-0.062
237.72,-0.064
237.76,-0.066
237.8,-0.068
237.84,-0.068
237.88,-0.068
237.92000000000002,-0.06999999999999999
237.96,-0.066
238.0,-0.064
238.04,-0.06999999999999999
238.08,-0.06999999999999999
238.12,-0.062
238.16,-0.062
238.20000000000002,-0.062
238.24,-0.064
238.28,-0.057999999999999996
238.32,-0.06
238.36,-0.062
238.4,-0.064
238.44,-0.068
238.48000000000002,-0.068
238.52,-0.064
238.56,-0.062
238.6,-0.068
238.64000000000001,-0.066
238.68,-0.066
238.72,-0.06999999999999999
238.76,-0.06999999999999999
238.8,-0.064
238.84,-0.066
238.88,-0.068
238.92000000000002,-0.062
238.96,-0.06
239.0,-0.066
239.04,-0.066
239.08,-0.066
239.12,-0.068
239.16,-0.06999999999999999
239.20000000000002,-0.066
239.24,-0.062
239.28,-0.06999999999999999
239.32,-0.06999999999999999
239.36,-0.066
239.4,-0.066
239.44,-0.06999999999999999
239.48000000000002,-0.066
239.52,-0.057999999999999996
239.56,-0.057999999999999996
239.6,-0.06
239.64000000000001,-0.062
239.68,-0.066
239.72,-0.068
239.76,-0.064
239.8,-0.064
239.84,-0.066
239.88,-0.062
239.92000000000002,-0.064
239.96,-0.066
240.0,-0.066
240.04,-0.062
240.08,-0.068
240.12,-0.06999999999999999
240.16,-0.062
240.20000000000002,-0.06
240.24,-0.062
240.28,-0.062
240.32,-0.062
240.36,-0.066
240.4,-0.068
240.44,-0.062
240.48000000000002,-0.064
240.52,-0.068
240.56,-0.068
240.6,-0.062
240.64000000000001,-0.068
240.68,-0.074
240.72,-0.06999999999999999
240.76,-0.066
240.8,-0.064
240.84,-0.06
240.88,-0.057999999999999996
240.92000000000002,-0.062
240.96,-0.064
241.0,-0.062
241.04,-0.068
241.08,-0.066
241.12,-0.062
241.16,-0.064
241.20000000000002,-0.066
241.24,-0.062
241.28,-0.064
241.32,-0.06999999999999999
241.36,-0.06999999999999999
241.4,-0.064
241.44,-0.062
241.48000000000002,-0.066
241.52,-0.06
241.56,-0.057999999999999996
241.6,-0.064
241.64000000000001,-0.064
241.68,-0.06
241.72,-0.064
241.76,-0.066
241.8,-0.062
241.84,-0.06
241.88,-0.068
241.92000000000002,-0.072
241.96,-0.068
242.0,-0.068
242.04,-0.066
242.08,-0.064
242.12,-0.06
242.16,-0.062
242.20000000000002,-0.057999999999999996
242.24,-0.057999999999999996
242.28,-0.064
242.32,-0.066
242.36,-0.062
242.4,-0.064
242.44,-0.064
242.48000000000002,-0.057999999999999996
242.52,-0.062
242.56,-0.06999999999999999
242.6,-0.068
242.64000000000001,-0.066
242.68,-0.068
242.72,-0.066
242.76,-0.062
242.8,-0.062
242.84,-0.064
242.88,-0.062
242.92000000000002,-0.06
242.96,-0.068
243.0,-0.064
243.04,-0.057999999999999996
243.08,-0.057999999999999996
243.12,-0.066
243.16,-0.066
243.20000000000002,-0.066
243.24,-0.068
243.28,-0.068
243.32,-0.068
243.36,-0.066
243.4,-0.064
243.44,-0.06
243.48000000000002,-0.06
243.52,-0.062
243.56,-0.062
243.6,-0.062
243.64000000000001,-0.064
243.68,-0.062
243.72,-0.057999999999999996
243.76,-0.057999999999999996
243.8,-0.066
243.84,-0.064
243.88,-0.062
243.92000000000002,-0.068
243.96,-0.066
244.0,-0.062
244.04,-0.062
244.08,-0.062
244.12,-0.057999999999999996
244.16,-0.062
244.20000000000002,-0.068
244.24,-0.064
244.28,-0.055999999999999994
244.32,-0.057999999999999996
244.36,-0.066
244.4,-0.062
244.44,-0.057999999999999996
244.48000000000002,-0.062
244.52,-0.068
244.56,-0.06999999999999999
244.6,-0.06999999999999999
244.64000000000001,-0.066
244.68,-0.062
244.72,-0.064
244.76,-0.064
244.8,-0.062
244.84,-0.064
244.88,-0.066
244.92000000000002,-0.062
244.96,-0.057999999999999996
245.0,-0.062
245.04,-0.064
245.08,-0.062
245.12,-0.062
245.16,-0.066
245.20000000000002,-0.068
245.24,-0.066
245.28,-0.064
245.32,-0.062
245.36,-0.06
245.4,-0.062
245.44,-0.066
245.48000000000002,-0.062
245.52,-0.057999999999999996
245.56,-0.062
245.6,-0.064
245.64000000000001,-0.057999999999999996
245.68,-0.054000000000000006
245.72,-0.06
245.76,-0.064
245.8,-0.064
245.84,-0.066
245.88,-0.068
245.92000000000002,-0.066
245.96,-0.064
246.0,-0.062
246.04,-0.062
246.08,-0.062
246.12,-0.066
246.16,-0.064
246.20000000000002,-0.06
246.24,-0.062
246.28,-0.064
246.32,-0.06
246.36,-0.057999999999999996
246.4,-0.066
246.44,-0.068
246.48000000000002,-0.062
246.52,-0.064
246.56,-0.066
246.6,-0.064
246.64000000000001,-0.062
246.68,-0.066
246.72,-0.062
246.76000000000002,-0.06
246.8,-0.068
246.84,-0.066
246.88,-0.057999999999999996
246.92000000000002,-0.054000000000000006
246.96,-0.057999999999999996
247.0,-0.06
247.04,-0.057999999999999996
247.08,-0.062
247.12,-0.066
247.16,-0.062
247.20000000000002,-0.062
247.24,-0.066
247.28,-0.062
247.32,-0.06
247.36,-0.066
247.4,-0.062
247.44,-0.057999999999999996
247.48000000000002,-0.064
247.52,-0.062
247.56,-0.054000000000000006
247.6,-0.057999999999999996
247.64000000000001,-0.062
247.68,-0.062
247.72,-0.06
247.76000000000002,-0.066
247.8,-0.066
247.84,-0.062
247.88,-0.062
247.92000000000002,-0.064
247.96,-0.057999999999999996
248.0,-0.062
248.04,-0.06999999999999999
248.08,-0.068
248.12,-0.06
248.16,-0.06
248.20000000000002,-0.062
248.24,-0.057999999999999996
248.28,-0.055999999999999994
248.32,-0.057999999999999996
248.36,-0.062
248.4,-0.062
248.44,-0.064
248.48000000000002,-0.062
248.52,-0.062
248.56,-0.064
248.6,-0.064
248.64000000000001,-0.062
248.68,-0.062
248.72,-0.068
248.76000000000002,-0.062
248.8,-0.054000000000000006
248.84,-0.057999999999999996
248.88,-0.062
248.92000000000002,-0.057999999999999996
248.96,-0.057999999999999996
249.0,-0.062
249.04,-0.064
249.08,-0.062
249.12,-0.062
249.16,-0.057999999999999996
249.20000000000002,-0.057999999999999996
249.24,-0.062
249.28,-0.068
249.32,-0.066
249.36,-0.062
249.4,-0.062
249.44,-0.062
249.48000000000002,-0.057999999999999996
249.52,-0.054000000000000006
249.56,-0.057999999999999996
249.6,-0.057999999999999996
249.64000000000001,-0.06
249.68,-0.057999999999999996
249.72,-0.06
249.76000000000002,-0.06
249.8,-0.062
249.84,-0.06
249.88,-0.062
249.92000000000002,-0.066
249.96,-0.066
250.0,-0.064
250.04,-0.06
250.08,-0.062
250.12,-0.062
250.16,-0.057999999999999996
250.20000000000002,-0.054000000000000006
250.24,-0.062
250.28,-0.064
250.32,-0.062
250.36,-0.06
250.4,-0.06
250.44,-0.057999999999999996
250.48000000000002,-0.062
250.52,-0.066
250.56,-0.064
250.6,-0.057999999999999996
250.64000000000001,-0.064
250.68,-0.066
250.72,-0.062
250.76000000000002,-0.057999999999999996
250.8,-0.06
250.84,-0.06
250.88,-0.055999999999999994
250.92000000000002,-0.057999999999999996
250.96,-0.062
251.0,-0.057999999999999996
251.04,-0.055999999999999994
251.08,-0.055999999999999994
251.12,-0.057999999999999996
251.16,-0.062
251.20000000000002,-0.064
251.24,-0.062
251.28,-0.062
251.32,-0.066
251.36,-0.064
251.4,-0.054000000000000006
251.44,-0.054000000000000006
251.48000000000002,-0.06
251.52,-0.062
251.56,-0.06
251.6,-0.06
251.64000000000001,-0.057999999999999996
251.68,-0.057999999999999996
251.72,-0.06
251.76000000000002,-0.064
251.8,-0.057999999999999996
251.84,-0.057999999999999996
251.88,-0.066
251.92000000000002,-0.068
251.96,-0.062
252.0,-0.062
252.04,-0.062
252.08,-0.06
252.12,-0.055999999999999994
252.16,-0.06
252.20000000000002,-0.062
252.24,-0.057999999999999996
252.28,-0.055999999999999994
252.32,-0.057999999999999996
252.36,-0.055999999999999994
252.4,-0.057999999999999996
252.44,-0.06
252.48000000000002,-0.057999999999999996
252.52,-0.06
252.56,-0.068
252.6,-0.066
252.64000000000001,-0.055999999999999994
252.68,-0.055999999999999994
252.72,-0.06
252.76000000000002,-0.057999999999999996
252.8,-0.054000000000000006
252.84,-0.057999999999999996
252.88,-0.057999999999999996
252.92000000000002,-0.057999999999999996
252.96,-0.057999999999999996
253.0,-0.06
253.04,-0.054000000000000006
253.08,-0.055999999999999994
253.12,-0.066
253.16,-0.062
253.20000000000002,-0.06
253.24,-0.062
253.28,-0.066
253.32,-0.057999999999999996
253.36,-0.057999999999999996
253.4,-0.062
253.44,-0.062
253.48000000000002,-0.06
253.52,-0.057999999999999996
253.56,-0.057999999999999996
253.6,-0.055999999999999994
253.64000000000001,-0.057999999999999996
253.68,-0.055999999999999994
253.72,-0.055999999999999994
253.76000000000002,-0.06
253.8,-0.068
253.84,-0.064
253.88,-0.057999999999999996
253.92000000000002,-0.06
253.96,-0.062
254.0,-0.057999999999999996
254.04,-0.054000000000000006
254.08,-0.057999999999999996
254.12,-0.057999999999999996
254.16,-0.06
254.20000000000002,-0.057999999999999996
254.24,-0.057999999999999996
254.28,-0.054000000000000006
254.32,-0.054000000000000006
254.36,-0.062
254.4,-0.06
254.44,-0.057999999999999996
254.48000000000002,-0.06
254.52,-0.066
254.56,-0.06
254.6,-0.055999999999999994
254.64000000000001,-0.06
254.68,-0.062
254.72,-0.06
254.76000000000002,-0.06
254.8,-0.062
254.84,-0.057999999999999996
254.88,-0.054000000000000006
254.92000000000002,-0.054000000000000006
254.96,-0.054000000000000006
255.0,-0.057999999999999996
255.04,-0.062
255.08,-0.06
255.12,-0.057999999999999996
255.16,-0.062
255.20000000000002,-0.066
255.24,-0.057999999999999996
255.28,-0.052000000000000005
255.32,-0.057999999999999996
255.36,-0.06
255.4,-0.057999999999999996
255.44,-0.057999999999999996
255.48000000000002,-0.057999999999999996
255.52,-0.052000000000000005
255.56,-0.054000000000000006
255.6,-0.057999999999999996
255.64000000000001,-0.057999999999999996
255.68,-0.055999999999999994
255.72,-0.062
255.76000000000002,-0.064
255.8,-0.057999999999999996
255.84,-0.054000000000000006
255.88,-0.062
255.92000000000002,-0.06
255.96,-0.057999999999999996
256.0,-0.062
256.04,-0.064
256.08,-0.06
256.12,-0.057999999999999996
256.16,-0.054000000000000006
256.2,-0.054000000000000006
256.24,-0.054000000000000006
256.28000000000003,-0.057999999999999996
256.32,-0.054000000000000006
256.36,-0.054000000000000006
256.4,-0.062
256.44,-0.064
256.48,-0.055999999999999994
256.52,-0.054000000000000006
256.56,-0.06
256.6,-0.06
256.64,-0.055999999999999994
256.68,-0.057999999999999996
256.72,-0.06
256.76,-0.052000000000000005
256.8,-0.054000000000000006
256.84000000000003,-0.055999999999999994
256.88,-0.052000000000000005
256.92,-0.052000000000000005
256.96,-0.06
257.0,-0.06
257.04,-0.054000000000000006
257.08,-0.057999999999999996
257.12,-0.06
257.16,-0.055999999999999994
257.2,-0.054000000000000006
257.24,-0.06
257.28000000000003,-0.062
257.32,-0.06
257.36,-0.057999999999999996
257.4,-0.057999999999999996
257.44,-0.055999999999999994
257.48,-0.057999999999999996
257.52,-0.055999999999999994
257.56,-0.05
257.6,-0.054000000000000006
257.64,-0.062
257.68,-0.06
257.72,-0.054000000000000006
257.76,-0.057999999999999996
257.8,-0.06
257.84000000000003,-0.062
257.88,-0.057999999999999996
257.92,-0.062
257.96,-0.06
258.0,-0.057999999999999996
258.04,-0.057999999999999996
258.08,-0.054000000000000006
258.12,-0.052000000000000005
258.16,-0.052000000000000005
258.2,-0.054000000000000006
258.24,-0.054000000000000006
258.28000000000003,-0.054000000000000006
258.32,-0.055999999999999994
258.36,-0.057999999999999996
258.4,-0.054000000000000006
258.44,-0.054000000000000006
258.48,-0.057999999999999996
258.52,-0.057999999999999996
258.56,-0.055999999999999994
258.6,-0.057999999999999996
258.64,-0.06
258.68,-0.062
258.72,-0.057999999999999996
258.76,-0.054000000000000006
258.8,-0.05
258.84000000000003,-0.054000000000000006
258.88,-0.06
258.92,-0.054000000000000006
258.96,-0.052000000000000005
259.0,-0.057999999999999996
259.04,-0.057999999999999996
259.08,-0.055999999999999994
259.12,-0.055999999999999994
259.16,-0.06
259.2,-0.06
259.24,-0.062
259.28000000000003,-0.057999999999999996
259.32,-0.057999999999999996
259.36,-0.054000000000000006
259.4,-0.054000000000000006
259.44,-0.054000000000000006
259.48,-0.054000000000000006
259.52,-0.054000000000000006
259.56,-0.054000000000000006
259.6,-0.055999999999999994
259.64,-0.052000000000000005
259.68,-0.052000000000000005
259.72,-0.055999999999999994
259.76,-0.054000000000000006
259.8,-0.054000000000000006
259.84000000000003,-0.054000000000000006
259.88,-0.06
259.92,-0.062
259.96,-0.057999999999999996
260.0,-0.054000000000000006
260.04,-0.052000000000000005
260.08,-0.054000000000000006
260.12,-0.057999999999999996
260.16,-0.054000000000000006
260.2,-0.052000000000000005
260.24,-0.054000000000000006
260.28000000000003,-0.057999999999999996
260.32,-0.052000000000000005
260.36,-0.052000000000000005
260.4,-0.055999999999999994
260.44,-0.057999999999999996
260.48,-0.055999999999999994
260.52,-0.06
260.56,-0.06
260.6,-0.054000000000000006
260.64,-0.054000000000000006
260.68,-0.057999999999999996
260.72,-0.054000000000000006
260.76,-0.05
260.8,-0.054000000000000006
260.84000000000003,-0.057999999999999996
260.88,-0.052000000000000005
260.92,-0.054000000000000006
260.96,-0.057999999999999996
261.0,-0.052000000000000005
261.04,-0.046
261.08,-0.054000000000000006
261.12,-0.06
261.16,-0.057999999999999996
261.2,-0.057999999999999996
261.24,-0.057999999999999996
261.28000000000003,-0.054000000000000006
261.32,-0.055999999999999994
261.36,-0.057999999999999996
261.4,-0.052000000000000005
261.44,-0.05
261.48,-0.057999999999999996
261.52,-0.057999999999999996
261.56,-0.05
261.6,-0.05
261.64,-0.054000000000000006
261.68,-0.054000000000000006
261.72,-0.054000000000000006
261.76,-0.057999999999999996
261.8,-0.06
261.84000000000003,-0.055999999999999994
261.88,-0.06
261.92,-0.057999999999999996
261.96,-0.05
262.0,-0.05
262.04,-0.054000000000000006
262.08,-0.054000000000000006
262.12,-0.052000000000000005
262.16,-0.054000000000000006
262.2,-0.055999999999999994
262.24,-0.046
262.28000000000003,-0.044
262.32,-0.052000000000000005
262.36,-0.054000000000000006
262.4,-0.054000000000000006
262.44,-0.054000000000000006
262.48,-0.054000000000000006
262.52,-0.054000000000000006
262.56,-0.057999999999999996
262.6,-0.054000000000000006
262.64,-0.05
262.68,-0.052000000000000005
262.72,-0.057999999999999996
262.76,-0.055999999999999994
262.8,-0.05
262.84000000000003,-0.05
262.88,-0.054000000000000006
262.92,-0.052000000000000005
262.96,-0.05
263.0,-0.054000000000000006
263.04,-0.055999999999999994
263.08,-0.057999999999999996
263.12,-0.062
263.16,-0.06
263.2,-0.054000000000000006
263.24,-0.054000000000000006
263.28000000000003,-0.054000000000000006
263.32,-0.054000000000000006
263.36,-0.052000000000000005
263.4,-0.055999999999999994
263.44,-0.055999999999999994
263.48,-0.05
263.52,-0.046
263.56,-0.05
263.6,-0.054000000000000006
263.64,-0.052000000000000005
263.68,-0.05
263.72,-0.054000000000000006
263.76,-0.057999999999999996
263.8,-0.055999999999999994
263.84000000000003,-0.052000000000000005
263.88,-0.05
263.92,-0.054000000000000006
263.96,-0.055999999999999994
264.0,-0.054000000000000006
264.04,-0.048
264.08,-0.052000000000000005
264.12,-0.054000000000000006
264.16,-0.05
264.2,-0.044
264.24,-0.046
264.28000000000003,-0.052000000000000005
264.32,-0.05
264.36,-0.054000000000000006
264.4,-0.057999999999999996
264.44,-0.055999999999999994
264.48,-0.054000000000000006
264.52,-0.054000000000000006
264.56,-0.054000000000000006
264.6,-0.052000000000000005
264.64,-0.054000000000000006
264.68,-0.055999999999999994
264.72,-0.052000000000000005
264.76,-0.05
264.8,-0.054000000000000006
264.84000000000003,-0.054000000000000006
264.88,-0.048
264.92,-0.048
264.96,-0.052000000000000005
265.0,-0.054000000000000006
265.04,-0.054000000000000006
265.08,-0.052000000000000005
265.12,-0.052000000000000005
265.16,-0.054000000000000006
265.2,-0.055999999999999994
265.24,-0.052000000000000005
265.28000000000003,-0.05
265.32,-0.054000000000000006
265.36,-0.057999999999999996
265.4,-0.052000000000000005
265.44,-0.046
265.48,-0.046
265.52,-0.048
265.56,-0.046
265.6,-0.052000000000000005
265.64,-0.054000000000000006
265.68,-0.052000000000000005
265.72,-0.054000000000000006
265.76,-0.057999999999999996
265.8,-0.054000000000000006
265.84000000000003,-0.052000000000000005
265.88,-0.054000000000000006
265.92,-0.054000000000000006
265.96,-0.05
266.0,-0.052000000000000005
266.04,-0.054000000000000006
266.08,-0.052000000000000005
266.12,-0.046
266.16,-0.046
266.2,-0.05
266.24,-0.052000000000000005
266.28000000000003,-0.052000000000000005
266.32,-0.05
266.36,-0.05
266.4,-0.054000000000000006
266.44,-0.054000000000000006
266.48,-0.048
266.52,-0.046
266.56,-0.054000000000000006
266.6,-0.057999999999999996
266.64,-0.052000000000000005
266.68,-0.05
266.72,-0.052000000000000005
266.76,-0.048
266.8,-0.046
266.84000000000003,-0.05
266.88,-0.05
266.92,-0.046
266.96,-0.052000000000000005
267.0,-0.054000000000000006
267.04,-0.054000000000000006
267.08,-0.052000000000000005
267.12,-0.054000000000000006
267.16,-0.054000000000000006
267.2,-0.05
267.24,-0.054000000000000006
267.28000000000003,-0.057999999999999996
267.32,-0.054000000000000006
267.36,-0.048
267.4,-0.05
267.44,-0.05
267.48,-0.048
267.52,-0.046
267.56,-0.05
267.6,-0.052000000000000005
267.64,-0.054000000000000006
267.68,-0.05
267.72,-0.046
267.76,-0.046
267.8,-0.052000000000000005
267.84000000000003,-0.054000000000000006
267.88,-0.052000000000000005
267.92,-0.05
267.96,-0.054000000000000006
268.0,-0.046
268.04,-0.041999999999999996
268.08,-0.046
268.12,-0.046
268.16,-0.041999999999999996
268.2,-0.046
268.24,-0.052000000000000005
268.28000000000003,-0.052000000000000005
268.32,-0.05
268.36,-0.05
268.4,-0.052000000000000005
268.44,-0.048
268.48,-0.052000000000000005
268.52,-0.057999999999999996
268.56,-0.054000000000000006
268.6,-0.048
268.64,-0.052000000000000005
268.68,-0.054000000000000006
268.72,-0.046
268.76,-0.044
268.8,-0.05
268.84000000000003,-0.052000000000000005
268.88,-0.052000000000000005
268.92,-0.052000000000000005
268.96,-0.048
269.0,-0.046
269.04,-0.052000000000000005
269.08,-0.052000000000000005
269.12,-0.046
269.16,-0.05
269.2,-0.054000000000000006
269.24,-0.054000000000000006
269.28000000000003,-0.046
269.32,-0.048
269.36,-0.05
269.4,-0.041999999999999996
269.44,-0.041999999999999996
269.48,-0.048
269.52,-0.046
269.56,-0.044
269.6,-0.05
269.64,-0.046
269.68,-0.044
269.72,-0.05
269.76,-0.054000000000000006
269.8,-0.052000000000000005
269.84000000000003,-0.05
269.88,-0.054000000000000006
269.92,-0.052000000000000005
269.96,-0.044
270.0,-0.041999999999999996
270.04,-0.048
270.08,-0.048
270.12,-0.048
270.16,-0.046
270.2,-0.046
270.24,-0.048
270.28000000000003,-0.052000000000000005
270.32,-0.048
270.36,-0.044
270.4,-0.05
270.44,-0.054000000000000006
270.48,-0.052000000000000005
270.52,-0.05
270.56,-0.052000000000000005
270.6,-0.05
270.64,-0.046
270.68,-0.046
270.72,-0.048
270.76,-0.044
270.8,-0.046
270.84000000000003,-0.048
270.88,-0.046
270.92,-0.041999999999999996
270.96,-0.046
271.0,-0.05
271.04,-0.046
271.08,-0.046
271.12,-0.054000000000000006
271.16,-0.054000000000000006
271.2,-0.046
271.24,-0.044
271.28000000000003,-0.05
271.32,-0.048
271.36,-0.041999999999999996
271.4,-0.041999999999999996
271.44,-0.046
271.48,-0.05
271.52,-0.05
271.56,-0.046
271.6,-0.041999999999999996
271.64,-0.046
271.68,-0.05
271.72,-0.048
271.76,-0.046
271.8,-0.05
271.84000000000003,-0.052000000000000005
271.88,-0.05
271.92,-0.046
271.96,-0.046
272.0,-0.046
272.04,-0.044
272.08,-0.046
272.12,-0.046
272.16,-0.041999999999999996
272.2,-0.044
272.24,-0.046
272.28000000000003,-0.041999999999999996
272.32,-0.044
272.36,-0.05
272.4,-0.052000000000000005
272.44,-0.046
272.48,-0.05
272.52,-0.054000000000000006
272.56,-0.05
272.6,-0.039999999999999994
272.64,-0.041999999999999996
272.68,-0.048
272.72,-0.046
272.76,-0.046
272.8,-0.048
272.84000000000003,-0.041999999999999996
272.88,-0.046
272.92,-0.048
272.96,-0.044
273.0,-0.044
273.04,-0.052000000000000005
273.08,-0.054000000000000006
273.12,-0.048
273.16,-0.05
273.2,-0.05
273.24,-0.044
273.28000000000003,-0.041999999999999996
273.32,-0.048
273.36,-0.048
273.40000000000003,-0.041999999999999996
273.44,-0.044
273.48,-0.044
273.52,-0.03799999999999999
273.56,-0.03799999999999999
273.6,-0.048
273.64,-0.044
273.68,-0.041999999999999996
273.72,-0.05
273.76,-0.054000000000000006
273.8,-0.046
273.84000000000003,-0.03799999999999999
273.88,-0.041999999999999996
273.92,-0.044
273.96,-0.044
274.0,-0.046
274.04,-0.046
274.08,-0.041999999999999996
274.12,-0.041999999999999996
274.16,-0.046
274.2,-0.041999999999999996
274.24,-0.039999999999999994
274.28000000000003,-0.048
274.32,-0.05
274.36,-0.046
274.40000000000003,-0.05
274.44,-0.052000000000000005
274.48,-0.046
274.52,-0.041999999999999996
274.56,-0.05
274.6,-0.05
274.64,-0.044
274.68,-0.046
274.72,-0.046
274.76,-0.039999999999999994
274.8,-0.039999999999999994
274.84000000000003,-0.041999999999999996
274.88,-0.041999999999999996
274.92,-0.03799999999999999
274.96,-0.048
275.0,-0.054000000000000006
275.04,-0.046
275.08,-0.041999999999999996
275.12,-0.046
275.16,-0.046
275.2,-0.044
275.24,-0.044
275.28000000000003,-0.044
275.32,-0.044
275.36,-0.044
275.40000000000003,-0.041999999999999996
275.44,-0.041999999999999996
275.48,-0.03799999999999999
275.52,-0.044
275.56,-0.044
275.6,-0.041999999999999996
275.64,-0.046
275.68,-0.048
275.72,-0.046
275.76,-0.044
275.8,-0.046
275.84000000000003,-0.046
275.88,-0.046
275.92,-0.046
275.96,-0.048
276.0,-0.044
276.04,-0.044
276.08,-0.041999999999999996
276.12,-0.03799999999999999
276.16,-0.036000000000000004
276.2,-0.044
276.24,-0.048
276.28000000000003,-0.041999999999999996
276.32,-0.041999999999999996
276.36,-0.05
276.40000000000003,-0.05
276.44,-0.044
276.48,-0.041999999999999996
276.52,-0.044
276.56,-0.046
276.6,-0.046
276.64,-0.044
276.68,-0.041999999999999996
276.72,-0.03799999999999999
276.76,-0.041999999999999996
276.8,-0.03799999999999999
276.84000000000003,-0.03799999999999999
276.88,-0.041999999999999996
276.92,-0.046
276.96,-0.044
277.0,-0.044
277.04,-0.046
277.08,-0.046
277.12,-0.041999999999999996
277.16,-0.046
277.2,-0.048
277.24,-0.046
277.28000000000003,-0.046
277.32,-0.046
277.36,-0.039999999999999994
277.40000000000003,-0.036000000000000004
277.44,-0.041999999999999996
277.48,-0.041999999999999996
277.52,-0.03799999999999999
277.56,-0.03799999999999999
277.6,-0.046
277.64,-0.046
277.68,-0.03799999999999999
277.72,-0.041999999999999996
277.76,-0.044
277.8,-0.044
277.84000000000003,-0.044
277.88,-0.046
277.92,-0.044
277.96,-0.041999999999999996
278.0,-0.044
278.04,-0.03799999999999999
278.08,-0.036000000000000004
278.12,-0.039999999999999994
278.16,-0.044
278.2,-0.044
278.24,-0.041999999999999996
278.28000000000003,-0.046
278.32,-0.041999999999999996
278.36,-0.03799999999999999
278.40000000000003,-0.044
278.44,-0.046
278.48,-0.044
278.52,-0.046
278.56,-0.046
278.6,-0.041999999999999996
278.64,-0.041999999999999996
278.68,-0.044
278.72,-0.03799999999999999
278.76,-0.034
278.8,-0.03799999999999999
278.84000000000003,-0.046
278.88,-0.041999999999999996
278.92,-0.03799999999999999
278.96,-0.041999999999999996
279.0,-0.044
279.04,-0.039999999999999994
279.08,-0.041999999999999996
279.12,-0.046
279.16,-0.041999999999999996
279.2,-0.041999999999999996
279.24,-0.044
279.28000000000003,-0.03799999999999999
279.32,-0.034
279.36,-0.03799999999999999
279.40000000000003,-0.03799999999999999
279.44,-0.036000000000000004
279.48,-0.039999999999999994
279.52,-0.041999999999999996
279.56,-0.03799999999999999
279.6,-0.036000000000000004
279.64,-0.041999999999999996
279.68,-0.041999999999999996
279.72,-0.03799999999999999
279.76,-0.041999999999999996
279.8,-0.046
279.84000000000003,-0.044
279.88,-0.044
279.92,-0.046
279.96,-0.039999999999999994
280.0,-0.032
280.04,-0.03799999999999999
280.08,-0.044
280.12,-0.03799999999999999
280.16,-0.036000000000000004
280.2,-0.039999999999999994
280.24,-0.041999999999999996
280.28000000000003,-0.03799999999999999
280.32,-0.039999999999999994
280.36,-0.041999999999999996
280.40000000000003,-0.044
280.44,-0.046
280.48,-0.046
280.52,-0.041999999999999996
280.56,-0.03799999999999999
280.6,-0.03799999999999999
280.64,-0.03799999999999999
280.68,-0.036000000000000004
280.72,-0.03799999999999999
280.76,-0.039999999999999994
280.8,-0.036000000000000004
280.84000000000003,-0.03799999999999999
280.88,-0.041999999999999996
280.92,-0.03799999999999999
280.96,-0.034
281.0,-0.03799999999999999
281.04,-0.041999999999999996
281.08,-0.039999999999999994
281.12,-0.044
281.16,-0.046
281.2,-0.039999999999999994
281.24,-0.036000000000000004
281.28000000000003,-0.041999999999999996
281.32,-0.041999999999999996
281.36,-0.036000000000000004
281.40000000000003,-0.036000000000000004
281.44,-0.03799999999999999
281.48,-0.03799999999999999
281.52,-0.036000000000000004
281.56,-0.036000000000000004
281.6,-0.03799999999999999
281.64,-0.03799999999999999
281.68,-0.041999999999999996
281.72,-0.044
281.76,-0.041999999999999996
281.8,-0.041999999999999996
281.84000000000003,-0.041999999999999996
281.88,-0.039999999999999994
281.92,-0.036000000000000004
281.96,-0.036000000000000004
282.0,-0.03799999999999999
282.04,-0.036000000000000004
282.08,-0.03799999999999999
282.12,-0.041999999999999996
282.16,-0.03799999999999999
282.2,-0.034
282.24,-0.036000000000000004
282.28000000000003,-0.034
282.32,-0.03799999999999999
282.36,-0.041999999999999996
282.40000000000003,-0.044
282.44,-0.039999999999999994
282.48,-0.03799999999999999
282.52,-0.044
282.56,-0.039999999999999994
282.6,-0.036000000000000004
282.64,-0.036000000000000004
282.68,-0.041999999999999996
282.72,-0.03799999999999999
282.76,-0.036000000000000004
282.8,-0.034
282.84000000000003,-0.034
282.88,-0.036000000000000004
282.92,-0.03799999999999999
282.96,-0.03799999999999999
283.0,-0.03799999999999999
283.04,-0.041999999999999996
283.08,-0.044
283.12,-0.039999999999999994
283.16,-0.03799999999999999
283.2,-0.036000000000000004
283.24,-0.034
283.28000000000003,-0.034
283.32,-0.036000000000000004
283.36,-0.041999999999999996
283.40000000000003,-0.036000000000000004
283.44,-0.034
283.48,-0.034
283.52,-0.032
283.56,-0.032
283.6,-0.03799999999999999
283.64,-0.03799999999999999
283.68,-0.036000000000000004
283.72,-0.039999999999999994
283.76,-0.041999999999999996
283.8,-0.03799999999999999
283.84000000000003,-0.032
283.88,-0.03799999999999999
283.92,-0.041999999999999996
283.96,-0.03799999999999999
284.0,-0.036000000000000004
284.04,-0.03799999999999999
284.08,-0.036000000000000004
284.12,-0.034
284.16,-0.036000000000000004
284.2,-0.034
284.24,-0.034
284.28000000000003,-0.03799999999999999
284.32,-0.044
284.36,-0.039999999999999994
284.40000000000003,-0.039999999999999994
284.44,-0.039999999999999994
284.48,-0.036000000000000004
284.52,-0.034
284.56,-0.03799999999999999
284.6,-0.039999999999999994
284.64,-0.036000000000000004
284.68,-0.034
284.72,-0.036000000000000004
284.76,-0.034
284.8,-0.03
284.84000000000003,-0.034
284.88,-0.034
284.92,-0.03
284.96,-0.036000000000000004
285.0,-0.03799999999999999
285.04,-0.036000000000000004
285.08,-0.032
285.12,-0.03799999999999999
285.16,-0.039999999999999994
285.2,-0.036000000000000004
285.24,-0.034
285.28000000000003,-0.03799999999999999
285.32,-0.036000000000000004
285.36,-0.034
285.40000000000003,-0.034
285.44,-0.032
285.48,-0.027999999999999997
285.52,-0.034
285.56,-0.03799999999999999
285.6,-0.036000000000000004
285.64,-0.03799999999999999
285.68,-0.041999999999999996
285.72,-0.036000000000000004
285.76,-0.036000000000000004
285.8,-0.039999999999999994
285.84000000000003,-0.03799999999999999
285.88,-0.036000000000000004
285.92,-0.036000000000000004
285.96,-0.03799999999999999
286.0,-0.034
286.04,-0.032
286.08,-0.034
286.12,-0.03
286.16,-0.027999999999999997
286.2,-0.034
286.24,-0.03799999999999999
286.28000000000003,-0.03
286.32,-0.032
286.36,-0.036000000000000004
286.40000000000003,-0.036000000000000004
286.44,-0.032
286.48,-0.032
286.52,-0.036000000000000004
286.56,-0.03799999999999999
286.6,-0.03799999999999999
286.64,-0.036000000000000004
286.68,-0.034
286.72,-0.027999999999999997
286.76,-0.027999999999999997
286.8,-0.03
286.84000000000003,-0.03
286.88,-0.034
286.92,-0.036000000000000004
286.96,-0.034
287.0,-0.036000000000000004
287.04,-0.03799999999999999
287.08,-0.03799999999999999
287.12,-0.034
287.16,-0.036000000000000004
287.2,-0.03799999999999999
287.24,-0.036000000000000004
287.28000000000003,-0.036000000000000004
287.32,-0.034
287.36,-0.03
287.40000000000003,-0.03
287.44,-0.034
287.48,-0.034
287.52,-0.03
287.56,-0.034
287.6,-0.03799999999999999
287.64,-0.034
287.68,-0.025999999999999995
287.72,-0.032
287.76,-0.036000000000000004
287.8,-0.036000000000000004
287.84000000000003,-0.03799999999999999
287.88,-0.03799999999999999
287.92,-0.034
287.96,-0.03
288.0,-0.03
288.04,-0.03
288.08,-0.027999999999999997
288.12,-0.03
288.16,-0.034
288.2,-0.032
288.24,-0.034
288.28000000000003,-0.036000000000000004
288.32,-0.034
288.36,-0.03
288.40000000000003,-0.036000000000000004
288.44,-0.036000000000000004
288.48,-0.034
288.52,-0.036000000000000004
288.56,-0.036000000000000004
288.6,-0.027999999999999997
288.64,-0.03
288.68,-0.034
288.72,-0.03
288.76,-0.027999999999999997
288.8,-0.034
288.84000000000003,-0.03799999999999999
288.88,-0.03
288.92,-0.025999999999999995
288.96,-0.03
289.0,-0.03
289.04,-0.03
289.08,-0.036000000000000004
289.12,-0.036000000000000004
289.16,-0.034
289.2,-0.034
289.24,-0.034
289.28000000000003,-0.027999999999999997
289.32,-0.027999999999999997
289.36,-0.03
289.40000000000003,-0.027999999999999997
289.44,-0.027999999999999997
289.48,-0.032
289.52,-0.032
289.56,-0.027999999999999997
289.6,-0.027999999999999997
289.64,-0.034
289.68,-0.034
289.72,-0.034
289.76,-0.03799999999999999
289.8,-0.03799999999999999
289.84000000000003,-0.034
289.88,-0.034
289.92,-0.034
289.96,-0.027999999999999997
290.0,-0.025999999999999995
290.04,-0.036000000000000004
290.08,-0.034
290.12,-0.025999999999999995
290.16,-0.03
290.2,-0.03
290.24,-0.027999999999999997
290.28000000000003,-0.03
290.32,-0.032
290.36,-0.032
290.40000000000003,-0.03
290.44,-0.034
290.48,-0.036000000000000004
290.52,-0.034
290.56,-0.03
290.6,-0.03
290.64,-0.025999999999999995
290.68,-0.027999999999999997
290.72,-0.03
290.76,-0.027999999999999997
290.8,-0.023999999999999994
290.84000000000003,-0.025999999999999995
290.88,-0.027999999999999997
290.92,-0.027999999999999997
290.96,-0.027999999999999997
291.0,-0.032
291.04,-0.034
291.08,-0.034
291.12,-0.036000000000000004
291.16,-0.034
291.2,-0.025999999999999995
291.24,-0.025999999999999995
291.28000000000003,-0.032
291.32,-0.03
291.36,-0.025999999999999995
291.40000000000003,-0.027999999999999997
291.44,-0.034
291.48,-0.03
291.52,-0.027999999999999997
291.56,-0.027999999999999997
291.6,-0.027999999999999997
291.64,-0.03
291.68,-0.03
291.72,-0.036000000000000004
291.76,-0.036000000000000004
291.8,-0.032
291.84000000000003,-0.03
291.88,-0.03
291.92,-0.027999999999999997
291.96,-0.03
292.0,-0.03
292.04,-0.025999999999999995
292.08,-0.025999999999999995
292.12,-0.027999999999999997
292.16,-0.025999999999999995
292.2,-0.022000000000000006
292.24,-0.025999999999999995
292.28000000000003,-0.03
292.32,-0.03
292.36,-0.032
292.40000000000003,-0.034
292.44,-0.027999999999999997
292.48,-0.027999999999999997
292.52,-0.032
292.56,-0.027999999999999997
292.6,-0.022000000000000006
292.64,-0.025999999999999995
292.68,-0.034
292.72,-0.03
292.76,-0.023999999999999994
292.8,-0.027999999999999997
292.84000000000003,-0.025999999999999995
292.88,-0.022000000000000006
292.92,-0.027999999999999997
292.96,-0.034
293.0,-0.03
293.04,-0.03
293.08,-0.03
293.12,-0.03
293.16,-0.03
293.2,-0.032
293.24,-0.03
293.28000000000003,-0.027999999999999997
293.32,-0.03
293.36,-0.032
293.40000000000003,-0.025999999999999995
293.44,-0.020000000000000004
293.48,-0.025999999999999995
293.52,-0.025999999999999995
293.56,-0.025999999999999995
293.6,-0.03
293.64,-0.032
293.68,-0.025999999999999995
293.72,-0.03
293.76,-0.034
293.8,-0.025999999999999995
293.84000000000003,-0.022000000000000006
293.88,-0.03
293.92,-0.034
293.96,-0.027999999999999997
294.0,-0.025999999999999995
294.04,-0.027999999999999997
294.08,-0.022000000000000006
294.12,-0.022000000000000006
294.16,-0.025999999999999995
294.2,-0.027999999999999997
294.24,-0.025999999999999995
294.28000000000003,-0.03
294.32,-0.03
294.36,-0.025999999999999995
294.40000000000003,-0.025999999999999995
294.44,-0.027999999999999997
294.48,-0.023999999999999994
294.52,-0.027999999999999997
294.56,-0.034
294.6,-0.03
294.64,-0.025999999999999995
294.68,-0.023999999999999994
294.72,-0.022000000000000006
294.76,-0.020000000000000004
294.8,-0.023999999999999994
294.84000000000003,-0.027999999999999997
294.88,-0.023999999999999994
294.92,-0.022000000000000006
294.96,-0.03
295.0,-0.03
295.04,-0.022000000000000006
295.08,-0.022000000000000006
295.12,-0.027999999999999997
295.16,-0.027999999999999997
295.2,-0.025999999999999995
295.24,-0.03
295.28000000000003,-0.025999999999999995
295.32,-0.022000000000000006
295.36,-0.022000000000000006
295.40000000000003,-0.025999999999999995
295.44,-0.023999999999999994
295.48,-0.023999999999999994
295.52,-0.025999999999999995
295.56,-0.025999999999999995
295.6,-0.025999999999999995
295.64,-0.027999999999999997
295.68,-0.027999999999999997
295.72,-0.022000000000000006
295.76,-0.027999999999999997
295.8,-0.032
295.84000000000003,-0.03
295.88,-0.027999999999999997
295.92,-0.03
295.96,-0.025999999999999995
296.0,-0.022000000000000006
296.04,-0.022000000000000006
296.08,-0.022000000000000006
296.12,-0.020000000000000004
296.16,-0.022000000000000006
296.2,-0.027999999999999997
296.24,-0.025999999999999995
296.28000000000003,-0.022000000000000006
296.32,-0.022000000000000006
296.36,-0.025999999999999995
296.40000000000003,-0.025999999999999995
296.44,-0.025999999999999995
296.48,-0.025999999999999995
296.52,-0.025999999999999995
296.56,-0.022000000000000006
296.6,-0.022000000000000006
296.64,-0.022000000000000006
296.68,-0.020000000000000004
296.72,-0.020000000000000004
296.76,-0.022000000000000006
296.8,-0.023999999999999994
296.84000000000003,-0.022000000000000006
296.88,-0.023999999999999994
296.92,-0.022000000000000006
296.96,-0.022000000000000006
297.0,-0.022000000000000006
297.04,-0.025999999999999995
297.08,-0.027999999999999997
297.12,-0.025999999999999995
297.16,-0.03
297.2,-0.03
297.24,-0.025999999999999995
297.28000000000003,-0.022000000000000006
297.32,-0.022000000000000006
297.36,-0.020000000000000004
297.40000000000003,-0.022000000000000006
297.44,-0.027999999999999997
297.48,-0.025999999999999995
297.52,-0.022000000000000006
297.56,-0.022000000000000006
297.6,-0.025999999999999995
297.64,-0.023999999999999994
297.68,-0.022000000000000006
297.72,-0.025999999999999995
297.76,-0.03
297.8,-0.025999999999999995
297.84000000000003,-0.025999999999999995
297.88,-0.025999999999999995
297.92,-0.020000000000000004
297.96,-0.018000000000000002
298.0,-0.022000000000000006
298.04,-0.022000000000000006
298.08,-0.020000000000000004
298.12,-0.023999999999999994
298.16,-0.022000000000000006
298.2,-0.020000000000000004
298.24,-0.020000000000000004
298.28000000000003,-0.022000000000000006
298.32,-0.020000000000000004
298.36,-0.020000000000000004
298.40000000000003,-0.027999999999999997
298.44,-0.03
298.48,-0.025999999999999995
298.52,-0.025999999999999995
298.56,-0.023999999999999994
298.6,-0.020000000000000004
298.64,-0.022000000000000006
298.68,-0.025999999999999995
298.72,-0.022000000000000006
298.76,-0.018000000000000002
298.8,-0.022000000000000006
298.84000000000003,-0.025999999999999995
298.88,-0.020000000000000004
298.92,-0.020000000000000004
298.96,-0.025999999999999995
299.0,-0.025999999999999995
299.04,-0.025999999999999995
299.08,-0.027999999999999997
299.12,-0.027999999999999997
299.16,-0.022000000000000006
299.2,-0.020000000000000004
299.24,-0.022000000000000006
299.28000000000003,-0.022000000000000006
299.32,-0.020000000000000004
299.36,-0.022000000000000006
299.40000000000003,-0.022000000000000006
299.44,-0.020000000000000004
299.48,-0.020000000000000004
299.52,-0.020000000000000004
299.56,-0.013999999999999999
299.6,-0.018000000000000002
299.64,-0.025999999999999995
299.68,-0.025999999999999995
299.72,-0.022000000000000006
299.76,-0.025999999999999995
299.8,-0.022000000000000006
299.84000000000003,-0.020000000000000004
299.88,-0.023999999999999994
299.92,-0.025999999999999995
299.96,-0.018000000000000002
300.0,-0.018000000000000002
300.04,-0.022000000000000006
300.08,-0.022000000000000006
300.12,-0.016
300.16,-0.018000000000000002
300.2,-0.020000000000000004
300.24,-0.020000000000000004
300.28000000000003,-0.022000000000000006
300.32,-0.025999999999999995
300.36,-0.025999999999999995
300.40000000000003,-0.022000000000000006
300.44,-0.023999999999999994
300.48,-0.022000000000000006
300.52,-0.020000000000000004
300.56,-0.022000000000000006
300.6,-0.022000000000000006
300.64,-0.020000000000000004
300.68,-0.020000000000000004
300.72,-0.022000000000000006
300.76,-0.020000000000000004
300.8,-0.013999999999999999
300.84000000000003,-0.018000000000000002
300.88,-0.020000000000000004
300.92,-0.020000000000000004
300.96,-0.022000000000000006
301.0,-0.022000000000000006
301.04,-0.022000000000000006
301.08,-0.022000000000000006
301.12,-0.025999999999999995
301.16,-0.023999999999999994
301.2,-0.018000000000000002
301.24,-0.020000000000000004
301.28000000000003,-0.023999999999999994
301.32,-0.022000000000000006
301.36,-0.018000000000000002
301.40000000000003,-0.018000000000000002
301.44,-0.018000000000000002
301.48,-0.016
301.52,-0.018000000000000002
301.56,-0.022000000000000006
301.6,-0.022000000000000006
301.64,-0.022000000000000006
301.68,-0.023999999999999994
301.72,-0.022000000000000006
301.76,-0.022000000000000006
301.8,-0.020000000000000004
301.84000000000003,-0.020000000000000004
301.88,-0.020000000000000004
301.92,-0.020000000000000004
301.96,-0.020000000000000004
302.0,-0.018000000000000002
302.04,-0.013999999999999999
302.08,-0.016
302.12,-0.018000000000000002
302.16,-0.013999999999999999
302.2,-0.018000000000000002
302.24,-0.018000000000000002
302.28000000000003,-0.018000000000000002
302.32,-0.022000000000000006
302.36,-0.023999999999999994
302.40000000000003,-0.020000000000000004
302.44,-0.013999999999999999
302.48,-0.018000000000000002
302.52,-0.022000000000000006
302.56,-0.022000000000000006
302.6,-0.018000000000000002
302.64,-0.018000000000000002
302.68,-0.018000000000000002
302.72,-0.013999999999999999
302.76,-0.013999999999999999
302.8,-0.018000000000000002
302.84000000000003,-0.018000000000000002
302.88,-0.020000000000000004
302.92,-0.023999999999999994
302.96,-0.023999999999999994
303.0,-0.020000000000000004
303.04,-0.020000000000000004
303.08,-0.022000000000000006
303.12,-0.020000000000000004
303.16,-0.022000000000000006
303.2,-0.022000000000000006
303.24,-0.022000000000000006
303.28000000000003,-0.018000000000000002
303.32,-0.020000000000000004
303.36,-0.018000000000000002
303.40000000000003,-0.013999999999999999
303.44,-0.013999999999999999
303.48,-0.018000000000000002
303.52,-0.016
303.56,-0.018000000000000002
303.6,-0.022000000000000006
303.64,-0.018000000000000002
303.68,-0.011999999999999997
303.72,-0.013999999999999999
303.76,-0.022000000000000006
303.8,-0.020000000000000004
303.84000000000003,-0.018000000000000002
303.88,-0.020000000000000004
303.92,-0.018000000000000002
303.96,-0.013999999999999999
304.0,-0.011999999999999997
304.04,-0.013999999999999999
304.08,-0.013999999999999999
304.12,-0.013999999999999999
304.16,-0.020000000000000004
304.2,-0.020000000000000004
304.24,-0.018000000000000002
304.28000000000003,-0.018000000000000002
304.32,-0.020000000000000004
304.36,-0.018000000000000002
304.40000000000003,-0.020000000000000004
304.44,-0.022000000000000006
304.48,-0.020000000000000004
304.52,-0.018000000000000002
304.56,-0.020000000000000004
304.6,-0.018000000000000002
304.64,-0.011999999999999997
304.68,-0.013999999999999999
304.72,-0.016
304.76,-0.013999999999999999
304.8,-0.018000000000000002
304.84000000000003,-0.020000000000000004
304.88,-0.016
304.92,-0.011999999999999997
304.96,-0.018000000000000002
305.0,-0.020000000000000004
305.04,-0.013999999999999999
305.08,-0.018000000000000002
305.12,-0.022000000000000006
305.16,-0.022000000000000006
305.2,-0.013999999999999999
305.24,-0.016
305.28000000000003,-0.013999999999999999
305.32,-0.009999999999999995
305.36,-0.009999999999999995
305.40000000000003,-0.013999999999999999
305.44,-0.013999999999999999
305.48,-0.013999999999999999
305.52,-0.018000000000000002
305.56,-0.018000000000000002
305.6,-0.013999999999999999
305.64,-0.018000000000000002
305.68,-0.018000000000000002
305.72,-0.013999999999999999
305.76,-0.020000000000000004
305.8,-0.022000000000000006
305.84000000000003,-0.018000000000000002
305.88,-0.011999999999999997
305.92,-0.013999999999999999
305.96,-0.013999999999999999
306.0,-0.011999999999999997
306.04,-0.016
306.08,-0.016
306.12,-0.011999999999999997
306.16,-0.011999999999999997
306.2,-0.018000000000000002
306.24,-0.016
306.28000000000003,-0.011999999999999997
306.32,-0.013999999999999999
306.36,-0.020000000000000004
306.40000000000003,-0.018000000000000002
306.44,-0.016
306.48,-0.020000000000000004
306.52,-0.018000000000000002
306.56,-0.011999999999999997
306.6,-0.013999999999999999
306.64,-0.013999999999999999
306.68,-0.011999999999999997
306.72,-0.011999999999999997
306.76,-0.013999999999999999
306.8,-0.013999999999999999
306.84000000000003,-0.013999999999999999
306.88,-0.016
306.92,-0.013999999999999999
306.96,-0.013999999999999999
307.0,-0.018000000000000002
307.04,-0.020000000000000004
307.08,-0.018000000000000002
307.12,-0.016
307.16,-0.018000000000000002
307.2,-0.011999999999999997
307.24,-0.009999999999999995
307.28000000000003,-0.013999999999999999
307.32,-0.013999999999999999
307.36,-0.009999999999999995
307.40000000000003,-0.013999999999999999
307.44,-0.020000000000000004
307.48,-0.013999999999999999
307.52,-0.009999999999999995
307.56,-0.011999999999999997
307.6,-0.013999999999999999
307.64,-0.013999999999999999
307.68,-0.013999999999999999
307.72,-0.018000000000000002
307.76,-0.018000000000000002
307.8,-0.013999999999999999
307.84000000000003,-0.013999999999999999
307.88,-0.011999999999999997
307.92,-0.009999999999999995
307.96,-0.009999999999999995
308.0,-0.011999999999999997
308.04,-0.011999999999999997
308.08,-0.013999999999999999
308.12,-0.013999999999999999
308.16,-0.008
308.2,-0.008
308.24,-0.013999999999999999
308.28000000000003,-0.018000000000000002
308.32,-0.018000000000000002
308.36,-0.018000000000000002
308.40000000000003,-0.018000000000000002
308.44,-0.016
308.48,-0.013999999999999999
308.52,-0.013999999999999999
308.56,-0.011999999999999997
308.6,-0.009999999999999995
308.64,-0.016
308.68,-0.018000000000000002
308.72,-0.013999999999999999
308.76,-0.009999999999999995
308.8,-0.013999999999999999
308.84000000000003,-0.013999999999999999
308.88,-0.011999999999999997
308.92,-0.009999999999999995
308.96,-0.018000000000000002
309.0,-0.018000000000000002
309.04,-0.013999999999999999
309.08,-0.013999999999999999
309.12,-0.013999999999999999
309.16,-0.011999999999999997
309.2,-0.009999999999999995
309.24,-0.011999999999999997
309.28000000000003,-0.011999999999999997
309.32,-0.009999999999999995
309.36,-0.009999999999999995
309.40000000000003,-0.005999999999999998
309.44,-0.005999999999999998
309.48,-0.009999999999999995
309.52,-0.011999999999999997
309.56,-0.009999999999999995
309.6,-0.009999999999999995
309.64,-0.016
309.68,-0.013999999999999999
309.72,-0.011999999999999997
309.76,-0.011999999999999997
309.8,-0.009999999999999995
309.84000000000003,-0.005999999999999998
309.88,-0.011999999999999997
309.92,-0.013999999999999999
309.96,-0.009999999999999995
310.0,-0.005999999999999998
310.04,-0.013999999999999999
310.08,-0.013999999999999999
310.12,-0.005999999999999998
310.16,-0.005999999999999998
310.2,-0.013999999999999999
310.24,-0.013999999999999999
310.28000000000003,-0.013999999999999999
310.32,-0.016
310.36,-0.013999999999999999
310.40000000000003,-0.009999999999999995
310.44,-0.011999999999999997
310.48,-0.013999999999999999
310.52,-0.013999999999999999
310.56,-0.011999999999999997
310.6,-0.011999999999999997
310.64,-0.008
310.68,-0.005999999999999998
310.72,-0.009999999999999995
310.76,-0.008
310.8,-0.003999999999999997
310.84000000000003,-0.009999999999999995
310.88,-0.013999999999999999
310.92,-0.013999999999999999
310.96,-0.013999999999999999
311.0,-0.013999999999999999
311.04,-0.011999999999999997
311.08,-0.008
311.12,-0.011999999999999997
311.16,-0.009999999999999995
311.2,-0.005999999999999998
311.24,-0.009999999999999995
311.28000000000003,-0.013999999999999999
311.32,-0.009999999999999995
311.36,-0.003999999999999997
311.40000000000003,-0.005999999999999998
311.44,-0.011999999999999997
311.48,-0.008
311.52,-0.009999999999999995
311.56,-0.013999999999999999
311.6,-0.011999999999999997
311.64,-0.009999999999999995
311.68,-0.011999999999999997
311.72,-0.011999999999999997
311.76,-0.011999999999999997
311.8,-0.011999999999999997
311.84000000000003,-0.011999999999999997
311.88,-0.008
311.92,-0.009999999999999995
311.96,-0.009999999999999995
312.0,-0.003999999999999997
312.04,-0.0020000000000000018
312.08,-0.003999999999999997
312.12,-0.009999999999999995
312.16,-0.009999999999999995
312.2,-0.011999999999999997
312.24,-0.013999999999999999
312.28000000000003,-0.009999999999999995
312.32,-0.009999999999999995
312.36,-0.011999999999999997
312.40000000000003,-0.009999999999999995
312.44,-0.005999999999999998
312.48,-0.011999999999999997
312.52,-0.013999999999999999
312.56,-0.009999999999999995
312.6,-0.003999999999999997
312.64,-0.005999999999999998
312.68,-0.008
312.72,-0.005999999999999998
312.76,-0.005999999999999998
312.8,-0.013999999999999999
312.84000000000003,-0.011999999999999997
312.88,-0.009999999999999995
312.92,-0.011999999999999997
312.96,-0.011999999999999997
313.0,-0.009999999999999995
313.04,-0.009999999999999995
313.08,-0.011999999999999997
313.12,-0.011999999999999997
313.16,-0.013999999999999999
313.2,-0.013999999999999999
313.24,-0.005999999999999998
313.28000000000003,0.0
313.32,-0.003999999999999997
313.36,-0.005999999999999998
313.40000000000003,-0.003999999999999997
313.44,-0.005999999999999998
313.48,-0.009999999999999995
313.52,-0.009999999999999995
313.56,-0.008
313.6,-0.009999999999999995
313.64,-0.005999999999999998
313.68,-0.003999999999999997
313.72,-0.009999999999999995
313.76,-0.013999999999999999
313.8,-0.005999999999999998
313.84000000000003,-0.003999999999999997
313.88,-0.005999999999999998
313.92,-0.005999999999999998
313.96,-0.0020000000000000018
314.0,-0.0020000000000000018
314.04,-0.009999999999999995
314.08,-0.008
314.12,-0.005999999999999998
314.16,-0.009999999999999995
314.2,-0.009999999999999995
314.24,-0.005999999999999998
314.28000000000003,-0.009999999999999995
314.32,-0.008
314.36,-0.009999999999999995
314.40000000000003,-0.013999999999999999
314.44,-0.013999999999999999
314.48,-0.008
314.52,-0.0020000000000000018
314.56,-0.005999999999999998
314.6,-0.005999999999999998
314.64,-0.0020000000000000018
314.68,-0.0020000000000000018
314.72,-0.005999999999999998
314.76,-0.005999999999999998
314.8,-0.005999999999999998
314.84000000000003,-0.008
314.88,-0.003999999999999997
314.92,-0.003999999999999997
314.96,-0.009999999999999995
315.0,-0.013999999999999999
315.04,-0.003999999999999997
315.08,-0.003999999999999997
315.12,-0.009999999999999995
315.16,-0.005999999999999998
315.2,0.0020000000000000018
315.24,-0.0020000000000000018
315.28000000000003,-0.003999999999999997
315.32,-0.0020000000000000018
315.36,-0.003999999999999997
315.40000000000003,-0.005999999999999998
315.44,-0.005999999999999998
315.48,-0.005999999999999998
315.52,-0.003999999999999997
315.56,-0.003999999999999997
315.6,-0.003999999999999997
315.64,-0.009999999999999995
315.68,-0.009999999999999995
315.72,-0.005999999999999998
315.76,-0.005999999999999998
315.8,-0.011999999999999997
315.84000000000003,-0.008
315.88,0.0
315.92,-0.0020000000000000018
315.96,-0.005999999999999998
316.0,-0.003999999999999997
316.04,-0.005999999999999998
316.08,-0.005999999999999998
316.12,-0.0020000000000000018
316.16,-0.005999999999999998
316.2,-0.009999999999999995
316.24,-0.005999999999999998
316.28000000000003,-0.003999999999999997
316.32,-0.005999999999999998
316.36,-0.011999999999999997
316.40000000000003,-0.009999999999999995
316.44,-0.003999999999999997
316.48,-0.0020000000000000018
316.52,-0.0020000000000000018
316.56,0.0020000000000000018
316.6,-0.0020000000000000018
316.64,-0.003999999999999997
316.68,-0.003999999999999997
316.72,-0.003999999999999997
316.76,-0.003999999999999997
316.8,-0.0020000000000000018
316.84000000000003,-0.0020000000000000018
316.88,-0.003999999999999997
316.92,-0.005999999999999998
316.96,-0.003999999999999997
317.0,-0.008
317.04,-0.009999999999999995
317.08,-0.005999999999999998
317.12,-0.0020000000000000018
317.16,-0.0020000000000000018
317.2,-0.003999999999999997
317.24,-0.003999999999999997
317.28000000000003,0.0
317.32,-0.0020000000000000018
317.36,-0.0020000000000000018
317.40000000000003,-0.003999999999999997
317.44,-0.005999999999999998
317.48,-0.0020000000000000018
317.52,0.0
317.56,-0.003999999999999997
317.6,-0.009999999999999995
317.64,-0.008
317.68,-0.005999999999999998
317.72,-0.005999999999999998
317.76,-0.003999999999999997
317.8,0.0
317.84000000000003,0.0020000000000000018
317.88,-0.0020000000000000018
317.92,-0.0020000000000000018
317.96,-0.0020000000000000018
318.0,-0.0020000000000000018
318.04,-0.003999999999999997
318.08,-0.0020000000000000018
318.12,-0.003999999999999997
318.16,0.0
318.2,0.0
318.24,-0.005999999999999998
318.28000000000003,-0.011999999999999997
318.32,-0.005999999999999998
318.36,-0.003999999999999997
318.40000000000003,-0.005999999999999998
318.44,-0.005999999999999998
318.48,0.0
318.52,0.0020000000000000018
318.56,0.0
318.6,0.0
318.64,-0.003999999999999997
318.68,-0.005999999999999998
318.72,0.0
318.76,0.0040000000000000036
318.8,-0.003999999999999997
318.84000000000003,-0.005999999999999998
318.88,-0.0020000000000000018
318.92,-0.003999999999999997
318.96,-0.008
319.0,-0.003999999999999997
319.04,0.0020000000000000018
319.08,0.0
319.12,-0.0020000000000000018
319.16,0.0020000000000000018
319.2,0.0020000000000000018
319.24,-0.0020000000000000018
319.28000000000003,-0.0020000000000000018
319.32,0.0
319.36,-0.0020000000000000018
319.40000000000003,0.0040000000000000036
319.44,0.006000000000000005
319.48,-0.0020000000000000018
319.52,-0.005999999999999998
319.56,-0.0020000000000000018
319.6,-0.0020000000000000018
319.64,-0.008
319.68,-0.005999999999999998
319.72,0.0
319.76,-0.0020000000000000018
319.8,-0.0020000000000000018
319.84000000000003,-0.0020000000000000018
319.88,-0.0020000000000000018
319.92,-0.003999999999999997
319.96,0.0020000000000000018
320.0,0.0040000000000000036
320.04,-0.003999999999999997
320.08,-0.003999999999999997
320.12,0.0020000000000000018
320.16,-0.003999999999999997
320.2,-0.009999999999999995
320.24,-0.005999999999999998
320.28000000000003,-0.0020000000000000018
320.32,-0.0020000000000000018
320.36,-0.0020000000000000018
320.40000000000003,0.0020000000000000018
320.44,0.0020000000000000018
320.48,0.0
320.52,-0.0020000000000000018
320.56,-0.0020000000000000018
320.6,-0.0020000000000000018
320.64,0.0040000000000000036
320.68,0.006000000000000005
320.72,0.0020000000000000018
320.76,0.0020000000000000018
320.8,0.006000000000000005
320.84000000000003,0.0020000000000000018
320.88,-0.005999999999999998
320.92,-0.003999999999999997
320.96,0.0020000000000000018
321.0,0.0020000000000000018
321.04,0.0
321.08,0.0
321.12,-0.0020000000000000018
321.16,0.0
321.2,0.0040000000000000036
321.24,0.0040000000000000036
321.28000000000003,-0.0020000000000000018
321.32,0.0
321.36,0.010000000000000002
321.40000000000003,0.0040000000000000036
321.44,-0.003999999999999997
321.48,-0.003999999999999997
321.52,-0.0020000000000000018
321.56,-0.005999999999999998
321.6,-0.005999999999999998
321.64,0.0
321.68,0.0020000000000000018
321.72,0.0020000000000000018
321.76,0.0020000000000000018
321.8,-0.0020000000000000018
321.84000000000003,-0.0020000000000000018
321.88,0.0020000000000000018
321.92,0.0040000000000000036
321.96,0.0
322.0,0.0020000000000000018
322.04,0.006000000000000005
322.08,0.0020000000000000018
322.12,-0.003999999999999997
322.16,-0.0020000000000000018
322.2,0.0020000000000000018
322.24,0.0
322.28000000000003,-0.0020000000000000018
322.32,0.0020000000000000018
322.36,-0.0020000000000000018
322.40000000000003,0.0020000000000000018
322.44,0.006000000000000005
322.48,0.0020000000000000018
322.52,-0.003999999999999997
322.56,0.0040000000000000036
322.6,0.010000000000000002
322.64,0.006000000000000005
322.68,0.0020000000000000018
322.72,0.0040000000000000036
322.76,0.0040000000000000036
322.8,-0.003999999999999997
322.84000000000003,-0.003999999999999997
322.88,0.0
322.92,0.0
322.96,0.0020000000000000018
323.0,0.0040000000000000036
323.04,0.0020000000000000018
323.08,0.0020000000000000018
323.12,0.0040000000000000036
323.16,0.0
323.2,0.0
323.24,0.006000000000000005
323.28000000000003,0.010000000000000002
323.32,0.0040000000000000036
323.36,-0.0020000000000000018
323.40000000000003,0.0040000000000000036
323.44,0.0040000000000000036
323.48,0.0
323.52,-0.0020000000000000018
323.56,0.0020000000000000018
323.6,0.0
323.64,0.0040000000000000036
323.68,0.006000000000000005
323.72,-0.0020000000000000018
323.76,-0.003999999999999997
323.8,0.0040000000000000036
323.84000000000003,0.006000000000000005
323.88,0.0040000000000000036
323.92,0.006000000000000005
323.96,0.010000000000000002
324.0,0.006000000000000005
324.04,0.0020000000000000018
324.08,-0.0020000000000000018
324.12,-0.0020000000000000018
324.16,-0.0020000000000000018
324.2,0.0
324.24,0.0
324.28000000000003,0.0020000000000000018
324.32,0.0020000000000000018
324.36,0.0020000000000000018
324.40000000000003,-0.0020000000000000018
324.44,-0.0020000000000000018
324.48,0.006000000000000005
324.52,0.008
324.56,0.0020000000000000018
324.6,0.0040000000000000036
324.64,0.010000000000000002
324.68,0.006000000000000005
324.72,0.0020000000000000018
324.76,0.0020000000000000018
324.8,0.0020000000000000018
324.84000000000003,0.006000000000000005
324.88,0.008
324.92,0.006000000000000005
324.96,0.0020000000000000018
325.0,0.0020000000000000018
325.04,0.006000000000000005
325.08,0.0040000000000000036
325.12,0.0020000000000000018
325.16,0.006000000000000005
325.2,0.012000000000000004
325.24,0.010000000000000002
325.28000000000003,0.006000000000000005
325.32,0.006000000000000005
325.36,0.006000000000000005
325.40000000000003,0.0040000000000000036
325.44,0.0020000000000000018
325.48,0.0020000000000000018
325.52,0.0040000000000000036
325.56,0.0040000000000000036
325.6,0.0020000000000000018
325.64,0.0
325.68,0.0020000000000000018
325.72,0.006000000000000005
325.76,0.0040000000000000036
325.8,0.0020000000000000018
325.84000000000003,0.006000000000000005
325.88,0.012000000000000004
325.92,0.010000000000000002
325.96,0.0020000000000000018
326.0,0.0040000000000000036
326.04,0.0040000000000000036
326.08,0.0040000000000000036
326.12,0.0040000000000000036
326.16,0.006000000000000005
326.2,0.0020000000000000018
326.24,0.0020000000000000018
326.28000000000003,0.006000000000000005
326.32,0.006000000000000005
326.36,-0.0020000000000000018
326.40000000000003,0.0040000000000000036
326.44,0.012000000000000004
326.48,0.010000000000000002
326.52,0.010000000000000002
326.56,0.012000000000000004
326.6,0.012000000000000004
326.64,0.006000000000000005
326.68,0.006000000000000005
326.72,0.006000000000000005
326.76,0.006000000000000005
326.8,0.0040000000000000036
326.84000000000003,0.006000000000000005
326.88,0.0040000000000000036
326.92,0.006000000000000005
326.96,0.006000000000000005
327.0,0.0020000000000000018
327.04,-0.0020000000000000018
327.08,0.006000000000000005
327.12,0.013999999999999999
327.16,0.010000000000000002
327.2,0.0040000000000000036
327.24,0.008
327.28000000000003,0.010000000000000002
327.32,0.0040000000000000036
327.36,0.006000000000000005
327.40000000000003,0.006000000000000005
327.44,0.0020000000000000018
327.48,0.006000000000000005
327.52,0.010000000000000002
327.56,0.0040000000000000036
327.6,-0.0020000000000000018
327.64,0.0020000000000000018
327.68,0.008
327.72,0.0040000000000000036
327.76,0.0040000000000000036
327.8,0.012000000000000004
327.84000000000003,0.012000000000000004
327.88,0.010000000000000002
327.92,0.010000000000000002
327.96,0.010000000000000002
328.0,0.006000000000000005
328.04,0.006000000000000005
328.08,0.008
328.12,0.0040000000000000036
328.16,0.010000000000000002
328.2,0.010000000000000002
328.24,0.0020000000000000018
328.28000000000003,-0.0020000000000000018
328.32,0.006000000000000005
328.36,0.012000000000000004
328.40000000000003,0.006000000000000005
328.44,0.006000000000000005
328.48,0.012000000000000004
328.52,0.010000000000000002
328.56,0.008
328.6,0.008
328.64,0.006000000000000005
328.68,0.0040000000000000036
328.72,0.012000000000000004
328.76,0.013999999999999999
328.8,0.006000000000000005
328.84000000000003,0.0020000000000000018
328.88,0.006000000000000005
328.92,0.008
328.96,0.0020000000000000018
329.0,0.0040000000000000036
329.04,0.012000000000000004
329.08,0.010000000000000002
329.12,0.010000000000000002
329.16,0.012000000000000004
329.2,0.010000000000000002
329.24,0.008
329.28000000000003,0.010000000000000002
329.32,0.010000000000000002
329.36,0.010000000000000002
329.40000000000003,0.012000000000000004
329.44,0.012000000000000004
329.48,0.0020000000000000018
329.52,0.0020000000000000018
329.56,0.010000000000000002
329.6,0.006000000000000005
329.64,0.0040000000000000036
329.68,0.008
329.72,0.012000000000000004
329.76,0.010000000000000002
329.8,0.010000000000000002
329.84000000000003,0.010000000000000002
329.88,0.006000000000000005
329.92,0.006000000000000005
329.96,0.012000000000000004
330.0,0.012000000000000004
330.04,0.006000000000000005
330.08,0.008
330.12,0.010000000000000002
330.16,0.008
330.2,0.0020000000000000018
330.24,0.006000000000000005
330.28000000000003,0.008
330.32,0.010000000000000002
330.36,0.010000000000000002
330.40000000000003,0.012000000000000004
330.44,0.010000000000000002
330.48,0.010000000000000002
330.52,0.012000000000000004
330.56,0.012000000000000004
330.6,0.013999999999999999
330.64,0.016
330.68,0.013999999999999999
330.72,0.010000000000000002
330.76,0.010000000000000002
330.8,0.012000000000000004
330.84000000000003,0.008
330.88,0.0040000000000000036
330.92,0.006000000000000005
330.96,0.010000000000000002
331.0,0.012000000000000004
331.04,0.012000000000000004
331.08,0.012000000000000004
331.12,0.010000000000000002
331.16,0.010000000000000002
331.2,0.010000000000000002
331.24,0.012000000000000004
331.28000000000003,0.010000000000000002
331.32,0.010000000000000002
331.36,0.013999999999999999
331.40000000000003,0.010000000000000002
331.44,0.006000000000000005
331.48,0.006000000000000005
331.52,0.008
331.56,0.008
331.6,0.008
331.64,0.010000000000000002
331.68,0.010000000000000002
331.72,0.010000000000000002
331.76,0.010000000000000002
331.8,0.010000000000000002
331.84000000000003,0.012000000000000004
331.88,0.012000000000000004
331.92,0.012000000000000004
331.96,0.013999999999999999
332.0,0.013999999999999999
332.04,0.013999999999999999
332.08,0.010000000000000002
332.12,0.006000000000000005
332.16,0.006000000000000005
332.2,0.010000000000000002
332.24,0.010000000000000002
332.28000000000003,0.010000000000000002
332.32,0.013999999999999999
332.36,0.012000000000000004
332.40000000000003,0.012000000000000004
332.44,0.012000000000000004
332.48,0.012000000000000004
332.52,0.010000000000000002
332.56,0.013999999999999999
332.6,0.018000000000000002
332.64,0.013999999999999999
332.68,0.010000000000000002
332.72,0.012000000000000004
332.76,0.012000000000000004
332.8,0.008
332.84000000000003,0.010000000000000002
332.88,0.012000000000000004
332.92,0.010000000000000002
332.96,0.010000000000000002
333.0,0.012000000000000004
333.04,0.012000000000000004
333.08,0.010000000000000002
333.12,0.010000000000000002
333.16,0.012000000000000004
333.2,0.013999999999999999
333.24,0.018000000000000002
333.28000000000003,0.020000000000000004
333.32,0.013999999999999999
333.36,0.010000000000000002
333.40000000000003,0.012000000000000004
333.44,0.010000000000000002
333.48,0.008
333.52,0.010000000000000002
333.56,0.013999999999999999
333.6,0.012000000000000004
333.64,0.012000000000000004
333.68,0.013999999999999999
333.72,0.010000000000000002
333.76,0.006000000000000005
333.8,0.013999999999999999
333.84000000000003,0.018000000000000002
333.88,0.013999999999999999
333.92,0.012000000000000004
333.96,0.013999999999999999
334.0,0.013999999999999999
334.04,0.010000000000000002
334.08,0.012000000000000004
334.12,0.012000000000000004
334.16,0.010000000000000002
334.2,0.010000000000000002
334.24,0.013999999999999999
334.28000000000003,0.012000000000000004
334.32,0.010000000000000002
334.36,0.010000000000000002
334.40000000000003,0.010000000000000002
334.44,0.012000000000000004
334.48,0.018000000000000002
334.52,0.022000000000000002
334.56,0.013999999999999999
334.6,0.013999999999999999
334.64,0.018000000000000002
334.68,0.013999999999999999
334.72,0.010000000000000002
334.76,0.013999999999999999
334.8,0.013999999999999999
334.84000000000003,0.010000000000000002
334.88,0.013999999999999999
334.92,0.018000000000000002
334.96,0.010000000000000002
335.0,0.008
335.04,0.018000000000000002
335.08,0.018000000000000002
335.12,0.013999999999999999
335.16,0.013999999999999999
335.2,0.020000000000000004
335.24,0.018000000000000002
335.28000000000003,0.012000000000000004
335.32,0.013999999999999999
335.36,0.012000000000000004
335.40000000000003,0.012000000000000004
335.44,0.012000000000000004
335.48,0.016
335.52,0.013999999999999999
335.56,0.010000000000000002
335.6,0.010000000000000002
335.64,0.010000000000000002
335.68,0.010000000000000002
335.72,0.013999999999999999
335.76,0.018000000000000002
335.8,0.013999999999999999
335.84000000000003,0.016
335.88,0.020000000000000004
335.92,0.016
335.96,0.013999999999999999
336.0,0.013999999999999999
336.04,0.016
336.08,0.013999999999999999
336.12,0.018000000000000002
336.16,0.016
336.2,0.010000000000000002
336.24,0.010000000000000002
336.28000000000003,0.018000000000000002
336.32,0.018000000000000002
336.36,0.012000000000000004
336.40000000000003,0.013999999999999999
336.44,0.022000000000000002
336.48,0.020000000000000004
336.52,0.016
336.56,0.018000000000000002
336.6,0.016
336.64,0.013999999999999999
336.68,0.013999999999999999
336.72,0.018000000000000002
336.76,0.016
336.8,0.013999999999999999
336.84000000000003,0.012000000000000004
336.88,0.012000000000000004
336.92,0.010000000000000002
336.96,0.012000000000000004
337.0,0.013999999999999999
337.04,0.012000000000000004
337.08,0.013999999999999999
337.12,0.018000000000000002
337.16,0.018000000000000002
337.2,0.013999999999999999
337.24,0.016
337.28000000000003,0.018000000000000002
337.32,0.012000000000000004
337.36,0.018000000000000002
337.40000000000003,0.016
337.44,0.012000000000000004
337.48,0.010000000000000002
337.52,0.013999999999999999
337.56,0.012000000000000004
337.6,0.008
337.64,0.012000000000000004
337.68,0.020000000000000004
337.72,0.018000000000000002
337.76,0.018000000000000002
337.8,0.018000000000000002
337.84000000000003,0.018000000000000002
337.88,0.013999999999999999
337.92,0.018000000000000002
337.96,0.018000000000000002
338.0,0.018000000000000002
338.04,0.018000000000000002
338.08,0.018000000000000002
338.12,0.016
338.16,0.013999999999999999
338.2,0.013999999999999999
338.24,0.012000000000000004
338.28000000000003,0.012000000000000004
338.32,0.013999999999999999
338.36,0.018000000000000002
338.40000000000003,0.018000000000000002
338.44,0.018000000000000002
338.48,0.018000000000000002
338.52,0.018000000000000002
338.56,0.018000000000000002
338.6,0.020000000000000004
338.64,0.018000000000000002
338.68,0.016
338.72,0.018000000000000002
338.76,0.020000000000000004
338.8,0.012000000000000004
338.84000000000003,0.010000000000000002
338.88,0.013999999999999999
338.92,0.018000000000000002
338.96,0.018000000000000002
339.0,0.018000000000000002
339.04,0.022000000000000002
339.08,0.018000000000000002
339.12,0.018000000000000002
339.16,0.018000000000000002
339.2,0.018000000000000002
339.24,0.016
339.28000000000003,0.018000000000000002
339.32,0.020000000000000004
339.36,0.018000000000000002
339.40000000000003,0.018000000000000002
339.44,0.018000000000000002
339.48,0.012000000000000004
339.52,0.012000000000000004
339.56,0.013999999999999999
339.6,0.018000000000000002
339.64,0.016
339.68,0.018000000000000002
339.72,0.018000000000000002
339.76,0.018000000000000002
339.8,0.016
339.84000000000003,0.018000000000000002
339.88,0.018000000000000002
339.92,0.016
339.96,0.022000000000000002
340.0,0.024
340.04,0.013999999999999999
340.08,0.010000000000000002
340.12,0.013999999999999999
340.16,0.018000000000000002
340.2,0.012000000000000004
340.24,0.013999999999999999
340.28000000000003,0.020000000000000004
340.32,0.018000000000000002
340.36,0.018000000000000002
340.40000000000003,0.020000000000000004
340.44,0.018000000000000002
340.48,0.018000000000000002
340.52,0.020000000000000004
340.56,0.024
340.6,0.020000000000000004
340.64,0.022000000000000002
340.68,0.022000000000000002
340.72,0.018000000000000002
340.76,0.012000000000000004
340.8,0.018000000000000002
340.84000000000003,0.018000000000000002
340.88,0.013999999999999999
340.92,0.018000000000000002
340.96,0.020000000000000004
341.0,0.016
341.04,0.018000000000000002
341.08,0.018000000000000002
341.12,0.016
341.16,0.018000000000000002
341.2,0.024
341.24,0.026000000000000002
341.28000000000003,0.013999999999999999
341.32,0.013999999999999999
341.36,0.020000000000000004
341.40000000000003,0.018000000000000002
341.44,0.010000000000000002
341.48,0.013999999999999999
341.52,0.018000000000000002
341.56,0.016
341.6,0.018000000000000002
341.64,0.020000000000000004
341.68,0.018000000000000002
341.72,0.013999999999999999
341.76,0.020000000000000004
341.8,0.020000000000000004
341.84000000000003,0.020000000000000004
341.88,0.024
341.92,0.026000000000000002
341.96,0.018000000000000002
342.0,0.018000000000000002
342.04,0.020000000000000004
342.08,0.022000000000000002
342.12,0.018000000000000002
342.16,0.018000000000000002
342.2,0.020000000000000004
342.24,0.018000000000000002
342.28000000000003,0.020000000000000004
342.32,0.018000000000000002
342.36,0.016
342.40000000000003,0.020000000000000004
342.44,0.026000000000000002
342.48,0.022000000000000002
342.52,0.018000000000000002
342.56,0.022000000000000002
342.6,0.028000000000000004
342.64,0.022000000000000002
342.68,0.013999999999999999
342.72,0.016
342.76,0.018000000000000002
342.8,0.016
342.84000000000003,0.018000000000000002
342.88,0.020000000000000004
342.92,0.018000000000000002
342.96,0.018000000000000002
343.0,0.018000000000000002
343.04,0.018000000000000002
343.08,0.018000000000000002
343.12,0.022000000000000002
343.16,0.022000000000000002
343.2,0.022000000000000002
343.24,0.022000000000000002
343.28000000000003,0.022000000000000002
343.32,0.022000000000000002
343.36,0.018000000000000002
343.40000000000003,0.018000000000000002
343.44,0.020000000000000004
343.48,0.020000000000000004
343.52,0.018000000000000002
343.56,0.018000000000000002
343.6,0.018000000000000002
343.64,0.018000000000000002
343.68,0.020000000000000004
343.72,0.018000000000000002
343.76,0.018000000000000002
343.8,0.026000000000000002
343.84000000000003,0.030000000000000002
343.88,0.024
343.92,0.018000000000000002
343.96,0.020000000000000004
344.0,0.020000000000000004
344.04,0.018000000000000002
344.08,0.018000000000000002
344.12,0.022000000000000002
344.16,0.022000000000000002
344.2,0.018000000000000002
344.24,0.018000000000000002
344.28000000000003,0.018000000000000002
344.32,0.018000000000000002
344.36,0.018000000000000002
344.40000000000003,0.022000000000000002
344.44,0.020000000000000004
344.48,0.024
344.52,0.026000000000000002
344.56,0.024
344.6,0.018000000000000002
344.64,0.020000000000000004
344.68,0.022000000000000002
344.72,0.020000000000000004
344.76,0.022000000000000002
344.8,0.022000000000000002
344.84000000000003,0.020000000000000004
344.88,0.020000000000000004
344.92,0.020000000000000004
344.96,0.013999999999999999
345.0,0.013999999999999999
345.04,0.022000000000000002
345.08,0.030000000000000002
345.12,0.024
345.16,0.022000000000000002
345.2,0.026000000000000002
345.24,0.026000000000000002
345.28000000000003,0.018000000000000002
345.32,0.020000000000000004
345.36,0.020000000000000004
345.40000000000003,0.020000000000000004
345.44,0.020000000000000004
345.48,0.022000000000000002
345.52,0.018000000000000002
345.56,0.018000000000000002
345.6,0.020000000000000004
345.64,0.018000000000000002
345.68,0.016
345.72,0.024
345.76,0.028000000000000004
345.8,0.022000000000000002
345.84000000000003,0.020000000000000004
345.88,0.024
345.92,0.022000000000000002
345.96,0.020000000000000004
346.0,0.024
346.04,0.022000000000000002
346.08,0.022000000000000002
346.12,0.026000000000000002
346.16,0.020000000000000004
346.2,0.012000000000000004
346.24,0.013999999999999999
346.28000000000003,0.026000000000000002
346.32,0.026000000000000002
346.36,0.020000000000000004
346.40000000000003,0.024
346.44,0.032
346.48,0.028000000000000004
346.52,0.026000000000000002
346.56,0.026000000000000002
346.6,0.022000000000000002
346.64,0.020000000000000004
346.68,0.022000000000000002
346.72,0.024
346.76,0.022000000000000002
346.8,0.022000000000000002
346.84000000000003,0.020000000000000004
346.88,0.016
346.92,0.018000000000000002
346.96,0.022000000000000002
347.0,0.022000000000000002
347.04,0.020000000000000004
347.08,0.022000000000000002
347.12,0.026000000000000002
347.16,0.022000000000000002
347.2,0.020000000000000004
347.24,0.022000000000000002
347.28000000000003,0.022000000000000002
347.32,0.022000000000000002
347.36,0.026000000000000002
347.40000000000003,0.022000000000000002
347.44,0.013999999999999999
347.48,0.018000000000000002
347.52,0.024
347.56,0.018000000000000002
347.6,0.013999999999999999
347.64,0.022000000000000002
347.68,0.028000000000000004
347.72,0.024
347.76,0.024
347.8,0.028000000000000004
347.84000000000003,0.026000000000000002
347.88,0.022000000000000002
347.92,0.026000000000000002
347.96,0.026000000000000002
348.0,0.026000000000000002
348.04,0.026000000000000002
348.08,0.022000000000000002
348.12,0.020000000000000004
348.16,0.022000000000000002
348.2,0.022000000000000002
348.24,0.022000000000000002
348.28000000000003,0.022000000000000002
348.32,0.024
348.36,0.028000000000000004
348.40000000000003,0.024
348.44,0.020000000000000004
348.48,0.022000000000000002
348.52,0.026000000000000002
348.56,0.026000000000000002
348.6,0.026000000000000002
348.64,0.024
348.68,0.022000000000000002
348.72,0.022000000000000002
348.76,0.022000000000000002
348.8,0.018000000000000002
348.84000000000003,0.012000000000000004
348.88,0.018000000000000002
348.92,0.026000000000000002
348.96,0.020000000000000004
349.0,0.022000000000000002
349.04,0.026000000000000002
349.08,0.026000000000000002
349.12,0.020000000000000004
349.16,0.024
349.2,0.028000000000000004
349.24,0.026000000000000002
349.28000000000003,0.024
349.32,0.026000000000000002
349.36,0.026000000000000002
349.40000000000003,0.022000000000000002
349.44,0.020000000000000004
349.48,0.020000000000000004
349.52,0.020000000000000004
349.56,0.024
349.6,0.028000000000000004
349.64,0.024
349.68,0.020000000000000004
349.72,0.026000000000000002
349.76,0.026000000000000002
349.8,0.024
349.84000000000003,0.026000000000000002
349.88,0.026000000000000002
349.92,0.026000000000000002
349.96,0.028000000000000004
350.0,0.028000000000000004
350.04,0.022000000000000002
350.08,0.016
350.12,0.022000000000000002
350.16,0.022000000000000002
350.2,0.020000000000000004
350.24,0.022000000000000002
350.28000000000003,0.028000000000000004
350.32,0.026000000000000002
350.36,0.020000000000000004
350.40000000000003,0.024
350.44,0.026000000000000002
350.48,0.024
350.52,0.026000000000000002
350.56,0.030000000000000002
350.6,0.026000000000000002
350.64,0.024
350.68,0.026000000000000002
350.72,0.022000000000000002
350.76,0.020000000000000004
350.8,0.022000000000000002
350.84000000000003,0.026000000000000002
350.88,0.022000000000000002
350.92,0.022000000000000002
350.96,0.026000000000000002
351.0,0.024
351.04,0.022000000000000002
351.08,0.022000000000000002
351.12,0.022000000000000002
351.16,0.026000000000000002
351.2,0.030000000000000002
351.24,0.030000000000000002
351.28000000000003,0.022000000000000002
351.32,0.020000000000000004
351.36,0.024
351.40000000000003,0.022000000000000002
351.44,0.018000000000000002
351.48,0.022000000000000002
351.52,0.026000000000000002
351.56,0.022000000000000002
351.6,0.020000000000000004
351.64,0.024
351.68,0.024
351.72,0.022000000000000002
351.76,0.026000000000000002
351.8,0.028000000000000004
351.84000000000003,0.026000000000000002
351.88,0.026000000000000002
351.92,0.028000000000000004
351.96,0.024
352.0,0.022000000000000002
352.04,0.026000000000000002
352.08,0.026000000000000002
352.12,0.022000000000000002
352.16,0.026000000000000002
352.2,0.026000000000000002
352.24,0.026000000000000002
352.28000000000003,0.024
352.32,0.024
352.36,0.022000000000000002
352.40000000000003,0.026000000000000002
352.44,0.034
352.48,0.030000000000000002
352.52,0.026000000000000002
352.56,0.026000000000000002
352.6,0.028000000000000004
352.64,0.026000000000000002
352.68,0.020000000000000004
352.72,0.022000000000000002
352.76,0.026000000000000002
352.8,0.022000000000000002
352.84000000000003,0.022000000000000002
352.88,0.024
352.92,0.022000000000000002
352.96,0.020000000000000004
353.0,0.024
353.04,0.026000000000000002
353.08,0.026000000000000002
353.12,0.028000000000000004
353.16,0.028000000000000004
353.2,0.026000000000000002
353.24,0.022000000000000002
353.28000000000003,0.026000000000000002
353.32,0.022000000000000002
353.36,0.020000000000000004
353.40000000000003,0.024
353.44,0.026000000000000002
353.48,0.026000000000000002
353.52,0.022000000000000002
353.56,0.022000000000000002
353.6,0.022000000000000002
353.64,0.022000000000000002
353.68,0.028000000000000004
353.72,0.028000000000000004
353.76,0.026000000000000002
353.8,0.028000000000000004
353.84000000000003,0.034
353.88,0.030000000000000002
353.92,0.024
353.96,0.026000000000000002
354.0,0.026000000000000002
354.04,0.022000000000000002
354.08,0.026000000000000002
354.12,0.028000000000000004
354.16,0.022000000000000002
354.2,0.020000000000000004
354.24,0.022000000000000002
354.28000000000003,0.026000000000000002
354.32,0.022000000000000002
354.36,0.026000000000000002
354.40000000000003,0.030000000000000002
354.44,0.028000000000000004
354.48,0.026000000000000002
354.52,0.026000000000000002
354.56,0.026000000000000002
354.6,0.022000000000000002
354.64,0.024
354.68,0.028000000000000004
354.72,0.026000000000000002
354.76,0.024
354.8,0.026000000000000002
354.84000000000003,0.020000000000000004
354.88,0.020000000000000004
354.92,0.026000000000000002
354.96,0.026000000000000002
355.0,0.022000000000000002
355.04,0.028000000000000004
355.08,0.034
355.12,0.028000000000000004
355.16,0.026000000000000002
355.2,0.028000000000000004
355.24,0.028000000000000004
355.28000000000003,0.026000000000000002
355.32,0.028000000000000004
355.36,0.030000000000000002
355.40000000000003,0.024
355.44,0.022000000000000002
355.48,0.026000000000000002
355.52,0.024
355.56,0.020000000000000004
355.6,0.024
355.64,0.030000000000000002
355.68,0.028000000000000004
355.72,0.028000000000000004
355.76,0.028000000000000004
355.8,0.028000000000000004
355.84000000000003,0.024
355.88,0.026000000000000002
355.92,0.028000000000000004
355.96,0.026000000000000002
356.0,0.026000000000000002
356.04,0.026000000000000002
356.08,0.024
356.12,0.024
356.16,0.026000000000000002
356.2,0.022000000000000002
356.24,0.020000000000000004
356.28000000000003,0.026000000000000002
356.32,0.034
356.36,0.028000000000000004
356.40000000000003,0.026000000000000002
356.44,0.028000000000000004
356.48,0.030000000000000002
356.52,0.026000000000000002
356.56,0.028000000000000004
356.6,0.030000000000000002
356.64,0.028000000000000004
356.68,0.026000000000000002
356.72,0.028000000000000004
356.76,0.022000000000000002
356.8,0.018000000000000002
356.84000000000003,0.024
356.88,0.028000000000000004
356.92,0.026000000000000002
356.96,0.026000000000000002
357.0,0.030000000000000002
357.04,0.028000000000000004
357.08,0.024
357.12,0.026000000000000002
357.16,0.028000000000000004
357.2,0.026000000000000002
357.24,0.026000000000000002
357.28000000000003,0.028000000000000004
357.32,0.026000000000000002
357.36,0.026000000000000002
357.40000000000003,0.026000000000000002
357.44,0.020000000000000004
357.48,0.020000000000000004
357.52,0.026000000000000002
357.56,0.030000000000000002
357.6,0.026000000000000002
357.64,0.024
357.68,0.030000000000000002
357.72,0.030000000000000002
357.76,0.026000000000000002
357.8,0.028000000000000004
357.84000000000003,0.032
357.88,0.030000000000000002
357.92,0.030000000000000002
357.96,0.028000000000000004
358.0,0.026000000000000002
358.04,0.022000000000000002
358.08,0.026000000000000002
358.12,0.026000000000000002
358.16,0.026000000000000002
358.2,0.026000000000000002
358.24,0.032
358.28000000000003,0.028000000000000004
358.32,0.026000000000000002
358.36,0.028000000000000004
358.40000000000003,0.030000000000000002
358.44,0.028000000000000004
358.48,0.026000000000000002
358.52,0.028000000000000004
358.56,0.030000000000000002
358.6,0.030000000000000002
358.64,0.026000000000000002
358.68,0.022000000000000002
358.72,0.022000000000000002
358.76,0.026000000000000002
358.8,0.026000000000000002
358.84000000000003,0.020000000000000004
358.88,0.022000000000000002
358.92,0.028000000000000004
358.96,0.028000000000000004
359.0,0.024
359.04,0.026000000000000002
359.08,0.028000000000000004
359.12,0.028000000000000004
359.16,0.030000000000000002
359.2,0.032
359.24,0.028000000000000004
359.28000000000003,0.026000000000000002
359.32,0.028000000000000004
359.36,0.026000000000000002
359.40000000000003,0.020000000000000004
359.44,0.024
359.48,0.028000000000000004
359.52,0.026000000000000002
359.56,0.028000000000000004
359.6,0.030000000000000002
359.64,0.030000000000000002
359.68,0.026000000000000002
359.72,0.026000000000000002
359.76,0.028000000000000004
359.8,0.034
359.84000000000003,0.034
359.88,0.030000000000000002
359.92,0.024
359.96,0.026000000000000002
360.0,0.030000000000000002
360.04,0.026000000000000002
360.08,0.020000000000000004
360.12,0.024
360.16,0.030000000000000002
360.2,0.026000000000000002
360.24,0.024
360.28000000000003,0.026000000000000002
360.32,0.026000000000000002
360.36,0.026000000000000002
360.40000000000003,0.028000000000000004
360.44,0.032
360.48,0.028000000000000004
360.52,0.030000000000000002
360.56,0.034
360.6,0.026000000000000002
360.64,0.022000000000000002
360.68,0.024
360.72,0.026000000000000002
360.76,0.024
360.8,0.026000000000000002
360.84000000000003,0.030000000000000002
360.88,0.030000000000000002
360.92,0.026000000000000002
360.96,0.026000000000000002
361.0,0.028000000000000004
361.04,0.030000000000000002
361.08,0.032
361.12,0.030000000000000002
361.16,0.028000000000000004
361.2,0.030000000000000002
361.24,0.034
361.28000000000003,0.026000000000000002
361.32,0.020000000000000004
361.36,0.026000000000000002
361.40000000000003,0.030000000000000002
361.44,0.026000000000000002
361.48,0.026000000000000002
361.52,0.028000000000000004
361.56,0.026000000000000002
361.6,0.024
361.64,0.028000000000000004
361.68,0.030000000000000002
361.72,0.028000000000000004
361.76,0.030000000000000002
361.8,0.036000000000000004
361.84000000000003,0.030000000000000002
361.88,0.024
361.92,0.026000000000000002
361.96,0.028000000000000004
362.0,0.022000000000000002
362.04,0.026000000000000002
362.08,0.030000000000000002
362.12,0.028000000000000004
362.16,0.026000000000000002
362.2,0.026000000000000002
362.24,0.030000000000000002
362.28000000000003,0.030000000000000002
362.32,0.030000000000000002
362.36,0.028000000000000004
362.40000000000003,0.030000000000000002
362.44,0.034
362.48,0.034
362.52,0.026000000000000002
362.56,0.022000000000000002
362.6,0.028000000000000004
362.64,0.028000000000000004
362.68,0.026000000000000002
362.72,0.024
362.76,0.028000000000000004
362.8,0.028000000000000004
362.84000000000003,0.024
362.88,0.024
362.92,0.026000000000000002
362.96,0.026000000000000002
363.0,0.030000000000000002
363.04,0.034
363.08,0.030000000000000002
363.12,0.028000000000000004
363.16,0.030000000000000002
363.2,0.028000000000000004
363.24,0.022000000000000002
363.28000000000003,0.024
363.32,0.030000000000000002
363.36,0.026000000000000002
363.40000000000003,0.022000000000000002
363.44,0.026000000000000002
363.48,0.030000000000000002
363.52,0.028000000000000004
363.56,0.026000000000000002
363.6,0.028000000000000004
363.64,0.032
363.68,0.036000000000000004
363.72,0.034
363.76,0.028000000000000004
363.8,0.026000000000000002
363.84000000000003,0.030000000000000002
363.88,0.030000000000000002
363.92,0.024
363.96,0.026000000000000002
364.0,0.032
364.04,0.030000000000000002
364.08,0.026000000000000002
364.12,0.026000000000000002
364.16,0.026000000000000002
364.2,0.024
364.24,0.028000000000000004
364.28000000000003,0.030000000000000002
364.32,0.028000000000000004
364.36,0.028000000000000004
364.40000000000003,0.034
364.44,0.030000000000000002
364.48,0.028000000000000004
364.52,0.026000000000000002
364.56,0.028000000000000004
364.6,0.026000000000000002
364.64,0.022000000000000002
364.68,0.028000000000000004
364.72,0.028000000000000004
364.76,0.026000000000000002
364.8,0.022000000000000002
364.84000000000003,0.024
364.88,0.026000000000000002
364.92,0.030000000000000002
364.96,0.032
365.0,0.028000000000000004
365.04,0.028000000000000004
365.08,0.034
365.12,0.028000000000000004
365.16,0.024
365.2,0.026000000000000002
365.24,0.032
365.28000000000003,0.030000000000000002
365.32,0.028000000000000004
365.36,0.028000000000000004
365.40000000000003,0.026000000000000002
365.44,0.024
365.48,0.026000000000000002
365.52,0.028000000000000004
365.56,0.026000000000000002
365.6,0.028000000000000004
365.64,0.034
365.68,0.034
365.72,0.030000000000000002
365.76,0.032
365.8,0.030000000000000002
365.84000000000003,0.026000000000000002
365.88,0.026000000000000002
365.92,0.030000000000000002
365.96,0.030000000000000002
366.0,0.026000000000000002
366.04,0.024
366.08,0.022000000000000002
366.12,0.024
366.16,0.028000000000000004
366.2,0.028000000000000004
366.24,0.026000000000000002
366.28000000000003,0.030000000000000002
366.32,0.036000000000000004
366.36,0.028000000000000004
366.40000000000003,0.022000000000000002
366.44,0.028000000000000004
366.48,0.032
366.52,0.028000000000000004
366.56,0.028000000000000004
366.6,0.030000000000000002
366.64,0.028000000000000004
366.68,0.024
366.72,0.028000000000000004
366.76,0.026000000000000002
366.8,0.022000000000000002
366.84000000000003,0.026000000000000002
366.88,0.034
366.92,0.030000000000000002
366.96,0.028000000000000004
367.0,0.032
367.04,0.030000000000000002
367.08,0.026000000000000002
367.12,0.028000000000000004
367.16,0.034
367.2,0.030000000000000002
367.24,0.026000000000000002
367.28000000000003,0.026000000000000002
367.32,0.024
367.36,0.024
367.40000000000003,0.026000000000000002
367.44,0.026000000000000002
367.48,0.026000000000000002
367.52,0.030000000000000002
367.56,0.034
367.6,0.028000000000000004
367.64,0.026000000000000002
367.68,0.030000000000000002
367.72,0.034
367.76,0.028000000000000004
367.8,0.028000000000000004
367.84000000000003,0.034
367.88,0.030000000000000002
367.92,0.028000000000000004
367.96,0.030000000000000002
368.0,0.028000000000000004
368.04,0.022000000000000002
368.08,0.026000000000000002
368.12,0.030000000000000002
368.16,0.030000000000000002
368.2,0.028000000000000004
368.24,0.030000000000000002
368.28000000000003,0.032
368.32,0.026000000000000002
368.36,0.030000000000000002
368.40000000000003,0.034
368.44,0.030000000000000002
368.48,0.028000000000000004
368.52,0.030000000000000002
368.56,0.028000000000000004
368.6,0.026000000000000002
368.64,0.024
368.68,0.026000000000000002
368.72,0.022000000000000002
368.76,0.026000000000000002
368.8,0.030000000000000002
368.84000000000003,0.028000000000000004
368.88,0.026000000000000002
368.92,0.030000000000000002
368.96,0.030000000000000002
369.0,0.026000000000000002
369.04,0.026000000000000002
369.08,0.030000000000000002
369.12,0.030000000000000002
369.16,0.030000000000000002
369.2,0.034
369.24,0.028000000000000004
369.28000000000003,0.020000000000000004
369.32,0.026000000000000002
369.36,0.030000000000000002
369.40000000000003,0.028000000000000004
369.44,0.026000000000000002
369.48,0.028000000000000004
369.52,0.034
369.56,0.028000000000000004
369.6,0.030000000000000002
369.64,0.034
369.68,0.032
369.72,0.032
369.76,0.034
369.8,0.034
369.84000000000003,0.030000000000000002
369.88,0.028000000000000004
369.92,0.026000000000000002
369.96,0.026000000000000002
370.0,0.026000000000000002
370.04,0.030000000000000002
370.08,0.028000000000000004
370.12,0.026000000000000002
370.16,0.030000000000000002
370.2,0.030000000000000002
370.24,0.026000000000000002
370.28000000000003,0.026000000000000002
370.32,0.028000000000000004
370.36,0.028000000000000004
370.40000000000003,0.030000000000000002
370.44,0.034
370.48,0.028000000000000004
370.52,0.022000000000000002
370.56,0.026000000000000002
370.6,0.028000000000000004
370.64,0.026000000000000002
370.68,0.020000000000000004
370.72,0.026000000000000002
370.76,0.028000000000000004
370.8,0.026000000000000002
370.84000000000003,0.026000000000000002
370.88,0.028000000000000004
370.92,0.028000000000000004
370.96,0.030000000000000002
371.0,0.034
371.04,0.032
371.08,0.032
371.12,0.034
371.16,0.028000000000000004
371.2,0.026000000000000002
371.24,0.026000000000000002
371.28000000000003,0.028000000000000004
371.32,0.026000000000000002
371.36,0.028000000000000004
371.40000000000003,0.032
371.44,0.030000000000000002
371.48,0.026000000000000002
371.52,0.026000000000000002
371.56,0.028000000000000004
371.6,0.028000000000000004
371.64,0.034
371.68,0.036000000000000004
371.72,0.028000000000000004
371.76,0.026000000000000002
371.8,0.034
371.84000000000003,0.032
371.88,0.022000000000000002
371.92,0.022000000000000002
371.96,0.028000000000000004
372.0,0.028000000000000004
372.04,0.026000000000000002
372.08,0.028000000000000004
372.12,0.026000000000000002
372.16,0.026000000000000002
372.2,0.028000000000000004
372.24,0.030000000000000002
372.28000000000003,0.030000000000000002
372.32,0.034
372.36,0.034
372.40000000000003,0.028000000000000004
372.44,0.026000000000000002
372.48,0.030000000000000002
372.52,0.028000000000000004
372.56,0.026000000000000002
372.6,0.028000000000000004
372.64,0.032
372.68,0.028000000000000004
372.72,0.026000000000000002
372.76,0.026000000000000002
372.8,0.026000000000000002
372.84000000000003,0.026000000000000002
372.88,0.030000000000000002
372.92,0.030000000000000002
372.96,0.026000000000000002
373.0,0.028000000000000004
373.04,0.036000000000000004
373.08,0.032
373.12,0.022000000000000002
373.16,0.024
373.2,0.030000000000000002
373.24,0.028000000000000004
373.28000000000003,0.026000000000000002
373.32,0.026000000000000002
373.36,0.026000000000000002
373.40000000000003,0.026000000000000002
373.44,0.026000000000000002
373.48,0.026000000000000002
373.52,0.028000000000000004
373.56,0.032
373.6,0.036000000000000004
373.64,0.034
373.68,0.030000000000000002
373.72,0.030000000000000002
373.76,0.028000000000000004
373.8,0.026000000000000002
373.84000000000003,0.028000000000000004
373.88,0.032
373.92,0.028000000000000004
373.96,0.026000000000000002
374.0,0.028000000000000004
374.04,0.028000000000000004
374.08,0.028000000000000004
374.12,0.030000000000000002
374.16,0.030000000000000002
374.2,0.026000000000000002
374.24,0.030000000000000002
374.28000000000003,0.036000000000000004
374.32,0.034
374.36,0.024
374.40000000000003,0.026000000000000002
374.44,0.030000000000000002
374.48,0.028000000000000004
374.52,0.026000000000000002
374.56,0.028000000000000004
374.6,0.028000000000000004
374.64,0.024
374.68,0.022000000000000002
374.72,0.024
374.76,0.022000000000000002
374.8,0.026000000000000002
374.84000000000003,0.030000000000000002
374.88,0.030000000000000002
374.92,0.030000000000000002
374.96,0.030000000000000002
375.0,0.030000000000000002
375.04,0.026000000000000002
375.08,0.028000000000000004
375.12,0.030000000000000002
375.16,0.030000000000000002
375.2,0.026000000000000002
375.24,0.028000000000000004
375.28000000000003,0.028000000000000004
375.32,0.026000000000000002
375.36,0.028000000000000004
375.40000000000003,0.028000000000000004
375.44,0.026000000000000002
375.48,0.030000000000000002
375.52,0.038000000000000006
375.56,0.034
375.6,0.028000000000000004
375.64,0.030000000000000002
375.68,0.036000000000000004
375.72,0.030000000000000002
375.76,0.026000000000000002
375.8,0.030000000000000002
375.84000000000003,0.034
375.88,0.028000000000000004
375.92,0.026000000000000002
375.96,0.026000000000000002
376.0,0.024
376.04,0.026000000000000002
376.08,0.028000000000000004
376.12,0.026000000000000002
376.16,0.026000000000000002
376.2,0.034
376.24,0.034
376.28000000000003,0.028000000000000004
376.32,0.028000000000000004
376.36,0.030000000000000002
376.40000000000003,0.028000000000000004
376.44,0.026000000000000002
376.48,0.028000000000000004
376.52,0.028000000000000004
376.56,0.026000000000000002
376.6,0.026000000000000002
376.64,0.024
376.68,0.022000000000000002
376.72,0.028000000000000004
376.76,0.034
376.8,0.028000000000000004
376.84000000000003,0.026000000000000002
376.88,0.034
376.92,0.036000000000000004
376.96,0.026000000000000002
377.0,0.024
377.04,0.030000000000000002
377.08,0.034
377.12,0.030000000000000002
377.16,0.030000000000000002
377.2,0.026000000000000002
377.24,0.026000000000000002
377.28000000000003,0.026000000000000002
377.32,0.026000000000000002
377.36,0.022000000000000002
377.40000000000003,0.026000000000000002
377.44,0.032
377.48,0.030000000000000002
377.52,0.028000000000000004
377.56,0.032
377.6,0.030000000000000002
377.64,0.026000000000000002
377.68,0.028000000000000004
377.72,0.030000000000000002
377.76,0.030000000000000002
377.8,0.030000000000000002
377.84000000000003,0.028000000000000004
377.88,0.022000000000000002
377.92,0.022000000000000002
377.96,0.030000000000000002
378.0,0.030000000000000002
378.04,0.022000000000000002
378.08,0.026000000000000002
378.12,0.036000000000000004
378.16,0.034
378.2,0.026000000000000002
378.24,0.028000000000000004
378.28000000000003,0.030000000000000002
378.32,0.030000000000000002
378.36,0.030000000000000002
378.40000000000003,0.032
378.44,0.028000000000000004
378.48,0.030000000000000002
378.52,0.030000000000000002
378.56,0.026000000000000002
378.6,0.020000000000000004
378.64,0.026000000000000002
378.68,0.028000000000000004
378.72,0.026000000000000002
378.76,0.026000000000000002
378.8,0.030000000000000002
378.84000000000003,0.028000000000000004
378.88,0.026000000000000002
378.92,0.028000000000000004
378.96,0.030000000000000002
379.0,0.030000000000000002
379.04,0.030000000000000002
379.08,0.028000000000000004
379.12,0.024
379.16,0.024
379.2,0.028000000000000004
379.24,0.026000000000000002
379.28000000000003,0.018000000000000002
379.32,0.026000000000000002
379.36,0.034
379.40000000000003,0.030000000000000002
379.44,0.026000000000000002
379.48,0.028000000000000004
379.52,0.030000000000000002
379.56,0.028000000000000004
379.6,0.030000000000000002
379.64,0.030000000000000002
379.68,0.030000000000000002
379.72,0.034
379.76,0.034
379.8,0.028000000000000004
379.84000000000003,0.024
379.88,0.026000000000000002
379.92,0.028000000000000004
379.96,0.026000000000000002
380.0,0.026000000000000002
380.04,0.030000000000000002
380.08,0.026000000000000002
380.12,0.026000000000000002
380.16,0.028000000000000004
380.2,0.030000000000000002
380.24,0.030000000000000002
380.28000000000003,0.030000000000000002
380.32,0.030000000000000002
380.36,0.028000000000000004
380.40000000000003,0.028000000000000004
380.44,0.028000000000000004
380.48,0.024
380.52,0.018000000000000002
380.56,0.022000000000000002
380.6,0.030000000000000002
380.64,0.028000000000000004
380.68,0.024
380.72,0.026000000000000002
380.76,0.030000000000000002
380.8,0.028000000000000004
380.84000000000003,0.026000000000000002
380.88,0.026000000000000002
380.92,0.030000000000000002
380.96,0.030000000000000002
381.0,0.034
381.04,0.030000000000000002
381.08,0.026000000000000002
381.12,0.028000000000000004
381.16,0.028000000000000004
381.2,0.028000000000000004
381.24,0.026000000000000002
381.28000000000003,0.028000000000000004
381.32,0.028000000000000004
381.36,0.026000000000000002
381.40000000000003,0.028000000000000004
381.44,0.030000000000000002
381.48,0.028000000000000004
381.52,0.030000000000000002
381.56,0.032
381.6,0.032
381.64,0.032
381.68,0.034
381.72,0.028000000000000004
381.76,0.022000000000000002
381.8,0.026000000000000002
381.84000000000003,0.028000000000000004
381.88,0.026000000000000002
381.92,0.022000000000000002
381.96,0.026000000000000002
382.0,0.032
382.04,0.028000000000000004
382.08,0.024
382.12,0.026000000000000002
382.16,0.028000000000000004
382.2,0.030000000000000002
382.24,0.032
382.28000000000003,0.030000000000000002
382.32,0.028000000000000004
382.36,0.028000000000000004
382.40000000000003,0.030000000000000002
382.44,0.026000000000000002
382.48,0.026000000000000002
382.52,0.028000000000000004
382.56,0.028000000000000004
382.6,0.026000000000000002
382.64,0.028000000000000004
382.68,0.028000000000000004
382.72,0.024
382.76,0.024
382.8,0.028000000000000004
382.84000000000003,0.028000000000000004
382.88,0.034
382.92,0.036000000000000004
382.96000000000004,0.032
383.0,0.026000000000000002
383.04,0.028000000000000004
383.08,0.030000000000000002
383.12,0.022000000000000002
383.16,0.020000000000000004
383.2,0.026000000000000002
383.24,0.030000000000000002
383.28000000000003,0.026000000000000002
383.32,0.026000000000000002
383.36,0.026000000000000002
383.40000000000003,0.026000000000000002
383.44,0.028000000000000004
383.48,0.030000000000000002
383.52,0.028000000000000004
383.56,0.028000000000000004
383.6,0.034
383.64,0.034
383.68,0.028000000000000004
383.72,0.026000000000000002
383.76,0.028000000000000004
383.8,0.028000000000000004
383.84000000000003,0.030000000000000002
383.88,0.032
383.92,0.028000000000000004
383.96000000000004,0.026000000000000002
384.0,0.026000000000000002
384.04,0.026000000000000002
384.08,0.024
384.12,0.030000000000000002
384.16,0.034
384.2,0.030000000000000002
384.24,0.030000000000000002
384.28000000000003,0.034
384.32,0.030000000000000002
384.36,0.022000000000000002
384.40000000000003,0.026000000000000002
384.44,0.030000000000000002
384.48,0.026000000000000002
384.52,0.026000000000000002
384.56,0.026000000000000002
384.6,0.026000000000000002
384.64,0.022000000000000002
384.68,0.026000000000000002
384.72,0.026000000000000002
384.76,0.022000000000000002
384.8,0.028000000000000004
384.84000000000003,0.034
384.88,0.030000000000000002
384.92,0.026000000000000002
384.96000000000004,0.028000000000000004
385.0,0.026000000000000002
385.04,0.026000000000000002
385.08,0.030000000000000002
385.12,0.032
385.16,0.026000000000000002
385.2,0.026000000000000002
385.24,0.030000000000000002
385.28000000000003,0.024
385.32,0.020000000000000004
385.36,0.026000000000000002
385.40000000000003,0.030000000000000002
385.44,0.026000000000000002
385.48,0.030000000000000002
385.52,0.038000000000000006
385.56,0.032
385.6,0.028000000000000004
385.64,0.030000000000000002
385.68,0.030000000000000002
385.72,0.028000000000000004
385.76,0.028000000000000004
385.8,0.030000000000000002
385.84000000000003,0.026000000000000002
385.88,0.024
385.92,0.026000000000000002
385.96000000000004,0.026000000000000002
386.0,0.022000000000000002
386.04,0.026000000000000002
386.08,0.032
386.12,0.030000000000000002
386.16,0.028000000000000004
386.2,0.028000000000000004
386.24,0.026000000000000002
386.28000000000003,0.028000000000000004
386.32,0.028000000000000004
386.36,0.028000000000000004
386.40000000000003,0.026000000000000002
386.44,0.028000000000000004
386.48,0.032
386.52,0.026000000000000002
386.56,0.020000000000000004
386.6,0.024
386.64,0.026000000000000002
386.68,0.022000000000000002
386.72,0.026000000000000002
386.76,0.032
386.8,0.030000000000000002
386.84000000000003,0.026000000000000002
386.88,0.030000000000000002
386.92,0.032
386.96000000000004,0.028000000000000004
387.0,0.028000000000000004
387.04,0.030000000000000002
387.08,0.028000000000000004
387.12,0.028000000000000004
387.16,0.028000000000000004
387.2,0.026000000000000002
387.24,0.020000000000000004
387.28000000000003,0.024
387.32,0.030000000000000002
387.36,0.030000000000000002
387.40000000000003,0.028000000000000004
387.44,0.028000000000000004
387.48,0.028000000000000004
387.52,0.030000000000000002
387.56,0.028000000000000004
387.6,0.026000000000000002
387.64,0.026000000000000002
387.68,0.030000000000000002
387.72,0.034
387.76,0.030000000000000002
387.8,0.026000000000000002
387.84000000000003,0.026000000000000002
387.88,0.026000000000000002
387.92,0.022000000000000002
387.96000000000004,0.024
388.0,0.028000000000000004
388.04,0.028000000000000004
388.08,0.026000000000000002
388.12,0.028000000000000004
388.16,0.030000000000000002
388.2,0.028000000000000004
388.24,0.028000000000000004
388.28000000000003,0.030000000000000002
388.32,0.030000000000000002
388.36,0.030000000000000002
388.40000000000003,0.030000000000000002
388.44,0.028000000000000004
388.48,0.022000000000000002
388.52,0.022000000000000002
388.56,0.028000000000000004
388.6,0.026000000000000002
388.64,0.020000000000000004
388.68,0.026000000000000002
388.72,0.030000000000000002
388.76,0.028000000000000004
388.8,0.026000000000000002
388.84000000000003,0.026000000000000002
388.88,0.026000000000000002
388.92,0.028000000000000004
388.96000000000004,0.030000000000000002
389.0,0.028000000000000004
389.04,0.026000000000000002
389.08,0.028000000000000004
389.12,0.028000000000000004
389.16,0.022000000000000002
389.2,0.022000000000000002
389.24,0.028000000000000004
389.28000000000003,0.026000000000000002
389.32,0.024
389.36,0.028000000000000004
389.40000000000003,0.028000000000000004
389.44,0.026000000000000002
389.48,0.028000000000000004
389.52,0.030000000000000002
389.56,0.030000000000000002
389.6,0.030000000000000002
389.64,0.034
389.68,0.030000000000000002
389.72,0.026000000000000002
389.76,0.028000000000000004
389.8,0.030000000000000002
389.84000000000003,0.024
389.88,0.020000000000000004
389.92,0.026000000000000002
389.96000000000004,0.030000000000000002
390.0,0.030000000000000002
390.04,0.028000000000000004
390.08,0.026000000000000002
390.12,0.026000000000000002
390.16,0.028000000000000004
390.2,0.028000000000000004
390.24,0.026000000000000002
390.28000000000003,0.028000000000000004
390.32,0.034
390.36,0.028000000000000004
390.40000000000003,0.024
390.44,0.026000000000000002
390.48,0.026000000000000002
390.52,0.022000000000000002
390.56,0.022000000000000002
390.6,0.026000000000000002
390.64,0.022000000000000002
390.68,0.022000000000000002
390.72,0.026000000000000002
390.76,0.026000000000000002
390.8,0.022000000000000002
390.84000000000003,0.028000000000000004
390.88,0.032
390.92,0.028000000000000004
390.96000000000004,0.028000000000000004
391.0,0.034
391.04,0.030000000000000002
391.08,0.022000000000000002
391.12,0.022000000000000002
391.16,0.026000000000000002
391.2,0.028000000000000004
391.24,0.028000000000000004
391.28000000000003,0.026000000000000002
391.32,0.024
391.36,0.026000000000000002
391.40000000000003,0.030000000000000002
391.44,0.026000000000000002
391.48,0.024
391.52,0.030000000000000002
391.56,0.036000000000000004
391.6,0.030000000000000002
391.64,0.026000000000000002
391.68,0.030000000000000002
391.72,0.026000000000000002
391.76,0.024
391.8,0.026000000000000002
391.84000000000003,0.026000000000000002
391.88,0.024
391.92,0.026000000000000002
391.96000000000004,0.028000000000000004
392.0,0.022000000000000002
392.04,0.022000000000000002
392.08,0.026000000000000002
392.12,0.028000000000000004
392.16,0.024
392.2,0.028000000000000004
392.24,0.036000000000000004
392.28000000000003,0.030000000000000002
392.32,0.022000000000000002
392.36,0.026000000000000002
392.40000000000003,0.026000000000000002
392.44,0.026000000000000002
392.48,0.028000000000000004
392.52,0.024
392.56,0.022000000000000002
392.6,0.026000000000000002
392.64,0.028000000000000004
392.68,0.022000000000000002
392.72,0.020000000000000004
392.76,0.028000000000000004
392.8,0.032
392.84000000000003,0.028000000000000004
392.88,0.028000000000000004
392.92,0.030000000000000002
392.96000000000004,0.028000000000000004
393.0,0.026000000000000002
393.04,0.028000000000000004
393.08,0.026000000000000002
393.12,0.024
393.16,0.026000000000000002
393.2,0.030000000000000002
393.24,0.022000000000000002
393.28000000000003,0.020000000000000004
393.32,0.026000000000000002
393.36,0.022000000000000002
393.40000000000003,0.020000000000000004
393.44,0.028000000000000004
393.48,0.036000000000000004
393.52,0.030000000000000002
393.56,0.026000000000000002
393.6,0.026000000000000002
393.64,0.030000000000000002
393.68,0.028000000000000004
393.72,0.026000000000000002
393.76,0.026000000000000002
393.8,0.026000000000000002
393.84000000000003,0.028000000000000004
393.88,0.028000000000000004
393.92,0.022000000000000002
393.96000000000004,0.020000000000000004
394.0,0.028000000000000004
394.04,0.030000000000000002
394.08,0.026000000000000002
394.12,0.028000000000000004
394.16,0.032
394.2,0.030000000000000002
394.24,0.026000000000000002
394.28000000000003,0.026000000000000002
394.32,0.028000000000000004
394.36,0.026000000000000002
394.40000000000003,0.028000000000000004
394.44,0.030000000000000002
394.48,0.026000000000000002
394.52,0.024
394.56,0.022000000000000002
394.6,0.022000000000000002
394.64,0.018000000000000002
394.68,0.022000000000000002
394.72,0.030000000000000002
394.76,0.028000000000000004
394.8,0.022000000000000002
394.84000000000003,0.026000000000000002
394.88,0.032
394.92,0.026000000000000002
394.96000000000004,0.022000000000000002
395.0,0.026000000000000002
395.04,0.026000000000000002
395.08,0.028000000000000004
395.12,0.026000000000000002
395.16,0.022000000000000002
395.2,0.020000000000000004
395.24,0.024
395.28000000000003,0.026000000000000002
395.32,0.022000000000000002
395.36,0.026000000000000002
395.40000000000003,0.030000000000000002
395.44,0.030000000000000002
395.48,0.028000000000000004
395.52,0.028000000000000004
395.56,0.028000000000000004
395.6,0.026000000000000002
395.64,0.028000000000000004
395.68,0.034
395.72,0.028000000000000004
395.76,0.028000000000000004
395.8,0.030000000000000002
395.84000000000003,0.026000000000000002
395.88,0.020000000000000004
395.92,0.026000000000000002
395.96000000000004,0.028000000000000004
396.0,0.022000000000000002
396.04,0.022000000000000002
396.08,0.028000000000000004
396.12,0.030000000000000002
396.16,0.026000000000000002
396.2,0.024
396.24,0.026000000000000002
396.28000000000003,0.028000000000000004
396.32,0.028000000000000004
396.36,0.028000000000000004
396.40000000000003,0.022000000000000002
396.44,0.022000000000000002
396.48,0.026000000000000002
396.52,0.022000000000000002
396.56,0.018000000000000002
396.6,0.022000000000000002
396.64,0.026000000000000002
396.68,0.026000000000000002
396.72,0.026000000000000002
396.76,0.028000000000000004
396.8,0.026000000000000002
396.84000000000003,0.024
396.88,0.028000000000000004
396.92,0.028000000000000004
396.96000000000004,0.026000000000000002
397.0,0.030000000000000002
397.04,0.032
397.08,0.026000000000000002
397.12,0.022000000000000002
397.16,0.028000000000000004
397.2,0.026000000000000002
397.24,0.020000000000000004
397.28000000000003,0.022000000000000002
397.32,0.030000000000000002
397.36,0.028000000000000004
397.40000000000003,0.024
397.44,0.024
397.48,0.026000000000000002
397.52,0.028000000000000004
397.56,0.034
397.6,0.028000000000000004
397.64,0.026000000000000002
397.68,0.028000000000000004
397.72,0.030000000000000002
397.76,0.022000000000000002
397.8,0.020000000000000004
397.84000000000003,0.024
397.88,0.024
397.92,0.022000000000000002
397.96000000000004,0.026000000000000002
398.0,0.026000000000000002
398.04,0.022000000000000002
398.08,0.026000000000000002
398.12,0.028000000000000004
398.16,0.022000000000000002
398.2,0.024
398.24,0.030000000000000002
398.28000000000003,0.030000000000000002
398.32,0.026000000000000002
398.36,0.028000000000000004
398.40000000000003,0.030000000000000002
398.44,0.022000000000000002
398.48,0.018000000000000002
398.52,0.026000000000000002
398.56,0.028000000000000004
398.6,0.026000000000000002
398.64,0.024
398.68,0.022000000000000002
398.72,0.020000000000000004
398.76,0.026000000000000002
398.8,0.030000000000000002
398.84000000000003,0.026000000000000002
398.88,0.028000000000000004
398.92,0.034
398.96000000000004,0.032
399.0,0.024
399.04,0.022000000000000002
399.08,0.024
399.12,0.022000000000000002
399.16,0.020000000000000004
399.2,0.026000000000000002
399.24,0.026000000000000002
399.28000000000003,0.022000000000000002
399.32,0.024
399.36,0.028000000000000004
399.40000000000003,0.022000000000000002
399.44,0.020000000000000004
399.48,0.026000000000000002
399.52,0.028000000000000004
399.56,0.026000000000000002
399.6,0.030000000000000002
399.64,0.030000000000000002
399.68,0.026000000000000002
399.72,0.022000000000000002
399.76,0.026000000000000002
399.8,0.030000000000000002
399.84000000000003,0.026000000000000002
399.88,0.026000000000000002
399.92,0.024
399.96000000000004,0.022000000000000002
400.0,0.024
400.04,0.026000000000000002
400.08,0.022000000000000002
400.12,0.026000000000000002
400.16,0.030000000000000002
400.2,0.034
400.24,0.028000000000000004
400.28000000000003,0.026000000000000002
400.32,0.028000000000000004
400.36,0.026000000000000002
400.40000000000003,0.022000000000000002
400.44,0.024
400.48,0.024
400.52,0.022000000000000002
400.56,0.022000000000000002
400.6,0.028000000000000004
400.64,0.022000000000000002
400.68,0.018000000000000002
400.72,0.022000000000000002
400.76,0.028000000000000004
400.8,0.024
400.84000000000003,0.026000000000000002
400.88,0.032
400.92,0.024
400.96000000000004,0.022000000000000002
401.0,0.026000000000000002
401.04,0.030000000000000002
401.08,0.024
401.12,0.024
401.16,0.026000000000000002
401.2,0.026000000000000002
401.24,0.024
401.28000000000003,0.022000000000000002
401.32,0.022000000000000002
401.36,0.018000000000000002
401.40000000000003,0.028000000000000004
401.44,0.034
401.48,0.028000000000000004
401.52,0.030000000000000002
401.56,0.032
401.6,0.028000000000000004
401.64,0.028000000000000004
401.68,0.028000000000000004
401.72,0.026000000000000002
401.76,0.024
401.8,0.028000000000000004
401.84000000000003,0.028000000000000004
401.88,0.022000000000000002
401.92,0.020000000000000004
401.96000000000004,0.026000000000000002
402.0,0.024
402.04,0.022000000000000002
402.08,0.024
402.12,0.030000000000000002
402.16,0.026000000000000002
402.2,0.022000000000000002
402.24,0.026000000000000002
402.28000000000003,0.026000000000000002
402.32,0.022000000000000002
402.36,0.024
402.40000000000003,0.026000000000000002
402.44,0.026000000000000002
402.48,0.026000000000000002
402.52,0.022000000000000002
402.56,0.018000000000000002
402.6,0.018000000000000002
402.64,0.022000000000000002
402.68,0.024
402.72,0.024
402.76,0.028000000000000004
402.8,0.030000000000000002
402.84000000000003,0.026000000000000002
402.88,0.026000000000000002
402.92,0.028000000000000004
402.96000000000004,0.026000000000000002
403.0,0.026000000000000002
403.04,0.030000000000000002
403.08,0.026000000000000002
403.12,0.022000000000000002
403.16,0.022000000000000002
403.2,0.026000000000000002
403.24,0.022000000000000002
403.28000000000003,0.022000000000000002
403.32,0.026000000000000002
403.36,0.026000000000000002
403.40000000000003,0.026000000000000002
403.44,0.026000000000000002
403.48,0.028000000000000004
403.52,0.026000000000000002
403.56,0.022000000000000002
403.6,0.026000000000000002
403.64,0.026000000000000002
403.68,0.026000000000000002
403.72,0.028000000000000004
403.76,0.026000000000000002
403.8,0.020000000000000004
403.84000000000003,0.022000000000000002
403.88,0.020000000000000004
403.92,0.018000000000000002
403.96000000000004,0.020000000000000004
404.0,0.022000000000000002
404.04,0.026000000000000002
404.08,0.024
404.12,0.026000000000000002
404.16,0.026000000000000002
404.2,0.022000000000000002
404.24,0.026000000000000002
404.28000000000003,0.030000000000000002
404.32,0.028000000000000004
404.36,0.022000000000000002
404.40000000000003,0.026000000000000002
404.44,0.026000000000000002
404.48,0.022000000000000002
404.52,0.018000000000000002
404.56,0.022000000000000002
404.6,0.026000000000000002
404.64,0.022000000000000002
404.68,0.026000000000000002
404.72,0.028000000000000004
404.76,0.022000000000000002
404.8,0.020000000000000004
404.84000000000003,0.026000000000000002
404.88,0.026000000000000002
404.92,0.026000000000000002
404.96000000000004,0.028000000000000004
405.0,0.028000000000000004
405.04,0.026000000000000002
405.08,0.024
405.12,0.026000000000000002
405.16,0.020000000000000004
405.2,0.018000000000000002
405.24,0.020000000000000004
405.28000000000003,0.024
405.32,0.024
405.36,0.024
405.40000000000003,0.022000000000000002
405.44,0.024
405.48,0.026000000000000002
405.52,0.030000000000000002
405.56,0.028000000000000004
405.6,0.022000000000000002
405.64,0.028000000000000004
405.68,0.030000000000000002
405.72,0.022000000000000002
405.76,0.018000000000000002
405.8,0.024
405.84000000000003,0.022000000000000002
405.88,0.022000000000000002
405.92,0.026000000000000002
405.96000000000004,0.028000000000000004
406.0,0.022000000000000002
406.04,0.020000000000000004
406.08,0.024
406.12,0.026000000000000002
406.16,0.024
406.2,0.026000000000000002
406.24,0.028000000000000004
406.28000000000003,0.026000000000000002
406.32,0.026000000000000002
406.36,0.028000000000000004
406.40000000000003,0.022000000000000002
406.44,0.018000000000000002
406.48,0.020000000000000004
406.52,0.020000000000000004
406.56,0.022000000000000002
406.6,0.022000000000000002
406.64,0.020000000000000004
406.68,0.022000000000000002
406.72,0.022000000000000002
406.76,0.026000000000000002
406.8,0.022000000000000002
406.84000000000003,0.022000000000000002
406.88,0.028000000000000004
406.92,0.034
406.96000000000004,0.026000000000000002
407.0,0.020000000000000004
407.04,0.024
407.08,0.022000000000000002
407.12,0.020000000000000004
407.16,0.024
407.2,0.026000000000000002
407.24,0.022000000000000002
407.28000000000003,0.022000000000000002
407.32,0.026000000000000002
407.36,0.024
407.40000000000003,0.024
407.44,0.026000000000000002
407.48,0.026000000000000002
407.52,0.026000000000000002
407.56,0.030000000000000002
407.6,0.030000000000000002
407.64,0.026000000000000002
407.68,0.022000000000000002
407.72,0.022000000000000002
407.76,0.024
407.8,0.022000000000000002
407.84000000000003,0.022000000000000002
407.88,0.020000000000000004
407.92,0.020000000000000004
407.96000000000004,0.022000000000000002
408.0,0.022000000000000002
408.04,0.018000000000000002
408.08,0.020000000000000004
408.12,0.028000000000000004
408.16,0.030000000000000002
408.2,0.022000000000000002
408.24,0.022000000000000002
408.28000000000003,0.026000000000000002
408.32,0.022000000000000002
408.36,0.020000000000000004
408.40000000000003,0.022000000000000002
408.44,0.022000000000000002
408.48,0.022000000000000002
408.52,0.024
408.56,0.024
408.6,0.022000000000000002
408.64,0.020000000000000004
408.68,0.026000000000000002
408.72,0.022000000000000002
408.76,0.022000000000000002
408.8,0.028000000000000004
408.84000000000003,0.030000000000000002
408.88,0.026000000000000002
408.92,0.024
408.96000000000004,0.026000000000000002
409.0,0.026000000000000002
409.04,0.026000000000000002
409.08,0.026000000000000002
409.12,0.024
409.16,0.022000000000000002
409.2,0.024
409.24,0.020000000000000004
409.28000000000003,0.013999999999999999
409.32,0.018000000000000002
409.36,0.028000000000000004
409.40000000000003,0.028000000000000004
409.44,0.022000000000000002
409.48,0.026000000000000002
409.52,0.030000000000000002
409.56,0.026000000000000002
409.6,0.022000000000000002
409.64,0.022000000000000002
409.68,0.020000000000000004
409.72,0.020000000000000004
409.76,0.024
409.8,0.026000000000000002
409.84000000000003,0.020000000000000004
409.88,0.020000000000000004
409.92,0.022000000000000002
409.96000000000004,0.020000000000000004
410.0,0.018000000000000002
410.04,0.026000000000000002
410.08,0.026000000000000002
410.12,0.024
410.16,0.022000000000000002
410.2,0.026000000000000002
410.24,0.026000000000000002
410.28000000000003,0.022000000000000002
410.32,0.026000000000000002
410.36,0.024
410.40000000000003,0.026000000000000002
410.44,0.026000000000000002
410.48,0.022000000000000002
410.52,0.013999999999999999
410.56,0.018000000000000002
410.6,0.026000000000000002
410.64,0.022000000000000002
410.68,0.018000000000000002
410.72,0.026000000000000002
410.76,0.030000000000000002
410.8,0.026000000000000002
410.84000000000003,0.022000000000000002
410.88,0.024
410.92,0.022000000000000002
410.96000000000004,0.022000000000000002
411.0,0.026000000000000002
411.04,0.026000000000000002
411.08,0.022000000000000002
411.12,0.020000000000000004
411.16,0.022000000000000002
411.2,0.022000000000000002
411.24,0.018000000000000002
411.28000000000003,0.024
411.32,0.026000000000000002
411.36,0.022000000000000002
411.40000000000003,0.024
411.44,0.026000000000000002
411.48,0.026000000000000002
411.52,0.022000000000000002
411.56,0.022000000000000002
411.6,0.026000000000000002
411.64,0.028000000000000004
411.68,0.028000000000000004
411.72,0.022000000000000002
411.76,0.018000000000000002
411.8,0.020000000000000004
411.84000000000003,0.024
411.88,0.020000000000000004
411.92,0.013999999999999999
411.96000000000004,0.022000000000000002
412.0,0.028000000000000004
412.04,0.026000000000000002
412.08,0.022000000000000002
412.12,0.022000000000000002
412.16,0.022000000000000002
412.2,0.020000000000000004
412.24,0.026000000000000002
412.28000000000003,0.026000000000000002
412.32,0.022000000000000002
412.36,0.022000000000000002
412.40000000000003,0.022000000000000002
412.44,0.018000000000000002
412.48,0.013999999999999999
412.52,0.022000000000000002
412.56,0.022000000000000002
412.6,0.020000000000000004
412.64,0.020000000000000004
412.68,0.026000000000000002
412.72,0.024
412.76,0.020000000000000004
412.8,0.022000000000000002
412.84000000000003,0.024
412.88,0.026000000000000002
412.92,0.028000000000000004
412.96000000000004,0.026000000000000002
413.0,0.020000000000000004
413.04,0.026000000000000002
413.08,0.026000000000000002
413.12,0.018000000000000002
413.16,0.016
413.2,0.022000000000000002
413.24,0.026000000000000002
413.28000000000003,0.026000000000000002
413.32,0.020000000000000004
413.36,0.026000000000000002
413.40000000000003,0.022000000000000002
413.44,0.022000000000000002
413.48,0.026000000000000002
413.52,0.026000000000000002
413.56,0.022000000000000002
413.6,0.026000000000000002
413.64,0.026000000000000002
413.68,0.020000000000000004
413.72,0.018000000000000002
413.76,0.022000000000000002
413.8,0.022000000000000002
413.84000000000003,0.018000000000000002
413.88,0.020000000000000004
413.92,0.026000000000000002
413.96000000000004,0.022000000000000002
414.0,0.020000000000000004
414.04,0.022000000000000002
414.08,0.020000000000000004
414.12,0.022000000000000002
414.16,0.026000000000000002
414.2,0.022000000000000002
414.24,0.022000000000000002
414.28000000000003,0.028000000000000004
414.32,0.026000000000000002
414.36,0.018000000000000002
414.40000000000003,0.016
414.44,0.022000000000000002
414.48,0.024
414.52,0.020000000000000004
414.56,0.020000000000000004
414.6,0.022000000000000002
414.64,0.020000000000000004
414.68,0.022000000000000002
414.72,0.026000000000000002
414.76,0.022000000000000002
414.8,0.024
414.84000000000003,0.030000000000000002
414.88,0.026000000000000002
414.92,0.020000000000000004
414.96000000000004,0.022000000000000002
415.0,0.026000000000000002
415.04,0.018000000000000002
415.08,0.018000000000000002
415.12,0.020000000000000004
415.16,0.022000000000000002
415.2,0.022000000000000002
415.24,0.022000000000000002
415.28000000000003,0.022000000000000002
415.32,0.020000000000000004
415.36,0.022000000000000002
415.40000000000003,0.022000000000000002
415.44,0.022000000000000002
415.48,0.024
415.52,0.030000000000000002
415.56,0.026000000000000002
415.6,0.018000000000000002
415.64,0.018000000000000002
415.68,0.026000000000000002
415.72,0.022000000000000002
415.76,0.020000000000000004
415.8,0.020000000000000004
415.84000000000003,0.022000000000000002
415.88,0.022000000000000002
415.92,0.022000000000000002
415.96000000000004,0.022000000000000002
416.0,0.018000000000000002
416.04,0.022000000000000002
416.08,0.028000000000000004
416.12,0.028000000000000004
416.16,0.022000000000000002
416.2,0.024
416.24,0.026000000000000002
416.28000000000003,0.020000000000000004
416.32,0.018000000000000002
416.36,0.020000000000000004
416.40000000000003,0.022000000000000002
416.44,0.020000000000000004
416.48,0.022000000000000002
416.52,0.022000000000000002
416.56,0.020000000000000004
416.6,0.018000000000000002
416.64,0.020000000000000004
416.68,0.018000000000000002
416.72,0.022000000000000002
416.76,0.028000000000000004
416.8,0.026000000000000002
416.84000000000003,0.018000000000000002
416.88,0.020000000000000004
416.92,0.026000000000000002
416.96000000000004,0.022000000000000002
417.0,0.018000000000000002
417.04,0.022000000000000002
417.08,0.022000000000000002
417.12,0.020000000000000004
417.16,0.022000000000000002
417.2,0.022000000000000002
417.24,0.018000000000000002
417.28000000000003,0.020000000000000004
417.32,0.026000000000000002
417.36,0.026000000000000002
417.40000000000003,0.022000000000000002
417.44,0.026000000000000002
417.48,0.030000000000000002
417.52,0.026000000000000002
417.56,0.018000000000000002
417.6,0.022000000000000002
417.64,0.022000000000000002
417.68,0.020000000000000004
417.72,0.022000000000000002
417.76,0.022000000000000002
417.8,0.020000000000000004
417.84000000000003,0.020000000000000004
417.88,0.020000000000000004
417.92,0.018000000000000002
417.96000000000004,0.020000000000000004
418.0,0.026000000000000002
418.04,0.024
418.08,0.018000000000000002
418.12,0.022000000000000002
418.16,0.026000000000000002
418.2,0.022000000000000002
418.24,0.018000000000000002
418.28000000000003,0.022000000000000002
418.32,0.022000000000000002
418.36,0.020000000000000004
418.40000000000003,0.022000000000000002
418.44,0.022000000000000002
418.48,0.013999999999999999
418.52,0.016
418.56,0.022000000000000002
418.6,0.022000000000000002
418.64,0.018000000000000002
418.68,0.026000000000000002
418.72,0.030000000000000002
418.76,0.026000000000000002
418.8,0.020000000000000004
418.84000000000003,0.022000000000000002
418.88,0.024
418.92,0.022000000000000002
418.96000000000004,0.022000000000000002
419.0,0.024
419.04,0.022000000000000002
419.08,0.022000000000000002
419.12,0.020000000000000004
419.16,0.018000000000000002
419.2,0.018000000000000002
419.24,0.026000000000000002
419.28000000000003,0.022000000000000002
419.32,0.018000000000000002
419.36,0.024
419.40000000000003,0.028000000000000004
419.44,0.022000000000000002
419.48,0.018000000000000002
419.52,0.022000000000000002
419.56,0.022000000000000002
419.6,0.022000000000000002
419.64,0.022000000000000002
419.68,0.022000000000000002
419.72,0.016
419.76,0.018000000000000002
419.8,0.020000000000000004
419.84000000000003,0.016
419.88,0.012000000000000004
419.92,0.020000000000000004
419.96000000000004,0.028000000000000004
420.0,0.022000000000000002
420.04,0.020000000000000004
420.08,0.022000000000000002
420.12,0.022000000000000002
420.16,0.020000000000000004
420.2,0.020000000000000004
420.24,0.024
420.28000000000003,0.022000000000000002
420.32,0.022000000000000002
420.36,0.022000000000000002
420.40000000000003,0.020000000000000004
420.44,0.018000000000000002
420.48,0.022000000000000002
420.52,0.018000000000000002
420.56,0.018000000000000002
420.6,0.026000000000000002
420.64,0.026000000000000002
420.68,0.020000000000000004
420.72,0.018000000000000002
420.76,0.022000000000000002
420.8,0.022000000000000002
420.84000000000003,0.022000000000000002
420.88,0.024
420.92,0.022000000000000002
420.96000000000004,0.020000000000000004
421.0,0.020000000000000004
421.04,0.022000000000000002
421.08,0.013999999999999999
421.12,0.012000000000000004
421.16,0.020000000000000004
421.2,0.024
421.24,0.022000000000000002
421.28000000000003,0.020000000000000004
421.32,0.022000000000000002
421.36,0.022000000000000002
421.40000000000003,0.022000000000000002
421.44,0.022000000000000002
421.48,0.022000000000000002
421.52,0.022000000000000002
421.56,0.022000000000000002
421.6,0.022000000000000002
421.64,0.020000000000000004
421.68,0.020000000000000004
421.72,0.020000000000000004
421.76,0.018000000000000002
421.8,0.018000000000000002
421.84000000000003,0.024
421.88,0.024
421.92,0.018000000000000002
421.96000000000004,0.022000000000000002
422.0,0.022000000000000002
422.04,0.020000000000000004
422.08,0.020000000000000004
422.12,0.026000000000000002
422.16,0.022000000000000002
422.2,0.022000000000000002
422.24,0.024
422.28000000000003,0.024
422.32,0.013999999999999999
422.36,0.010000000000000002
422.40000000000003,0.020000000000000004
422.44,0.020000000000000004
422.48,0.016
422.52,0.018000000000000002
422.56,0.022000000000000002
422.6,0.020000000000000004
422.64,0.020000000000000004
422.68,0.022000000000000002
422.72,0.020000000000000004
422.76,0.020000000000000004
422.8,0.024
422.84000000000003,0.026000000000000002
422.88,0.022000000000000002
422.92,0.020000000000000004
422.96000000000004,0.022000000000000002
423.0,0.018000000000000002
423.04,0.018000000000000002
423.08,0.022000000000000002
423.12,0.022000000000000002
423.16,0.020000000000000004
423.2,0.022000000000000002
423.24,0.022000000000000002
423.28000000000003,0.020000000000000004
423.32,0.022000000000000002
423.36,0.024
423.40000000000003,0.022000000000000002
423.44,0.022000000000000002
423.48,0.026000000000000002
423.52,0.026000000000000002
423.56,0.018000000000000002
423.6,0.016
423.64,0.020000000000000004
423.68,0.020000000000000004
423.72,0.013999999999999999
423.76,0.013999999999999999
423.8,0.020000000000000004
423.84000000000003,0.022000000000000002
423.88,0.020000000000000004
423.92,0.018000000000000002
423.96000000000004,0.020000000000000004
424.0,0.018000000000000002
424.04,0.020000000000000004
424.08,0.022000000000000002
424.12,0.022000000000000002
424.16,0.020000000000000004
424.2,0.022000000000000002
424.24,0.018000000000000002
424.28000000000003,0.013999999999999999
424.32,0.018000000000000002
424.36,0.020000000000000004
424.40000000000003,0.018000000000000002
424.44,0.018000000000000002
424.48,0.020000000000000004
424.52,0.020000000000000004
424.56,0.020000000000000004
424.6,0.020000000000000004
424.64,0.020000000000000004
424.68,0.020000000000000004
424.72,0.022000000000000002
424.76,0.026000000000000002
424.8,0.020000000000000004
424.84000000000003,0.020000000000000004
424.88,0.026000000000000002
424.92,0.024
424.96000000000004,0.013999999999999999
425.0,0.013999999999999999
425.04,0.022000000000000002
425.08,0.020000000000000004
425.12,0.018000000000000002
425.16,0.020000000000000004
425.2,0.020000000000000004
425.24,0.018000000000000002
425.28000000000003,0.020000000000000004
425.32,0.022000000000000002
425.36,0.020000000000000004
425.40000000000003,0.020000000000000004
425.44,0.026000000000000002
425.48,0.022000000000000002
425.52,0.018000000000000002
425.56,0.018000000000000002
425.6,0.020000000000000004
425.64,0.013999999999999999
425.68,0.018000000000000002
425.72,0.022000000000000002
425.76,0.018000000000000002
425.8,0.018000000000000002
425.84000000000003,0.020000000000000004
425.88,0.020000000000000004
425.92,0.013999999999999999
425.96000000000004,0.018000000000000002
426.0,0.026000000000000002
426.04,0.020000000000000004
426.08,0.020000000000000004
426.12,0.028000000000000004
426.16,0.026000000000000002
426.2,0.013999999999999999
426.24,0.018000000000000002
426.28000000000003,0.022000000000000002
426.32,0.018000000000000002
426.36,0.016
426.40000000000003,0.020000000000000004
426.44,0.018000000000000002
426.48,0.016
426.52,0.020000000000000004
426.56,0.020000000000000004
426.6,0.016
426.64,0.020000000000000004
426.68,0.026000000000000002
426.72,0.026000000000000002
426.76,0.020000000000000004
426.8,0.020000000000000004
426.84000000000003,0.020000000000000004
426.88,0.016
426.92,0.020000000000000004
426.96000000000004,0.018000000000000002
427.0,0.018000000000000002
427.04,0.020000000000000004
427.08,0.022000000000000002
427.12,0.018000000000000002
427.16,0.013999999999999999
427.2,0.018000000000000002
427.24,0.020000000000000004
427.28000000000003,0.020000000000000004
427.32,0.022000000000000002
427.36,0.030000000000000002
427.40000000000003,0.026000000000000002
427.44,0.020000000000000004
427.48,0.020000000000000004
427.52,0.022000000000000002
427.56,0.020000000000000004
427.6,0.018000000000000002
427.64,0.018000000000000002
427.68,0.020000000000000004
427.72,0.018000000000000002
427.76,0.020000000000000004
427.8,0.018000000000000002
427.84000000000003,0.013999999999999999
427.88,0.018000000000000002
427.92,0.022000000000000002
427.96000000000004,0.024
428.0,0.020000000000000004
428.04,0.022000000000000002
428.08,0.022000000000000002
428.12,0.020000000000000004
428.16,0.016
428.2,0.016
428.24,0.018000000000000002
428.28000000000003,0.018000000000000002
428.32,0.020000000000000004
428.36,0.018000000000000002
428.40000000000003,0.013999999999999999
428.44,0.016
428.48,0.018000000000000002
428.52,0.016
428.56,0.018000000000000002
428.6,0.022000000000000002
428.64,0.026000000000000002
428.68,0.020000000000000004
428.72,0.020000000000000004
428.76,0.026000000000000002
428.8,0.022000000000000002
428.84000000000003,0.016
428.88,0.018000000000000002
428.92,0.020000000000000004
428.96000000000004,0.020000000000000004
429.0,0.020000000000000004
429.04,0.022000000000000002
429.08,0.016
429.12,0.013999999999999999
429.16,0.022000000000000002
429.2,0.024
429.24,0.020000000000000004
429.28000000000003,0.020000000000000004
429.32,0.028000000000000004
429.36,0.024
429.40000000000003,0.018000000000000002
429.44,0.018000000000000002
429.48,0.020000000000000004
429.52,0.018000000000000002
429.56,0.020000000000000004
429.6,0.022000000000000002
429.64,0.016
429.68,0.018000000000000002
429.72,0.018000000000000002
429.76,0.013999999999999999
429.8,0.013999999999999999
429.84000000000003,0.020000000000000004
429.88,0.020000000000000004
429.92,0.016
429.96000000000004,0.022000000000000002
430.0,0.026000000000000002
430.04,0.022000000000000002
430.08,0.013999999999999999
430.12,0.020000000000000004
430.16,0.020000000000000004
430.2,0.018000000000000002
430.24,0.020000000000000004
430.28000000000003,0.020000000000000004
430.32,0.013999999999999999
430.36,0.013999999999999999
430.40000000000003,0.020000000000000004
430.44,0.018000000000000002
430.48,0.013999999999999999
430.52,0.022000000000000002
430.56,0.026000000000000002
430.6,0.022000000000000002
430.64,0.020000000000000004
430.68,0.022000000000000002
430.72,0.020000000000000004
430.76,0.018000000000000002
430.8,0.022000000000000002
430.84000000000003,0.020000000000000004
430.88,0.016
430.92,0.020000000000000004
430.96000000000004,0.022000000000000002
431.0,0.013999999999999999
431.04,0.012000000000000004
431.08,0.020000000000000004
431.12,0.018000000000000002
431.16,0.013999999999999999
431.2,0.020000000000000004
431.24,0.026000000000000002
431.28000000000003,0.020000000000000004
431.32,0.018000000000000002
431.36,0.022000000000000002
431.40000000000003,0.020000000000000004
431.44,0.018000000000000002
431.48,0.022000000000000002
431.52,0.022000000000000002
431.56,0.016
431.6,0.018000000000000002
431.64,0.022000000000000002
431.68,0.018000000000000002
431.72,0.010000000000000002
431.76,0.018000000000000002
431.8,0.024
431.84000000000003,0.022000000000000002
431.88,0.020000000000000004
431.92,0.020000000000000004
431.96000000000004,0.022000000000000002
432.0,0.022000000000000002
432.04,0.022000000000000002
432.08,0.018000000000000002
432.12,0.018000000000000002
432.16,0.020000000000000004
432.2,0.024
432.24,0.018000000000000002
432.28000000000003,0.013999999999999999
432.32,0.018000000000000002
432.36,0.016
432.40000000000003,0.012000000000000004
432.44,0.018000000000000002
432.48,0.022000000000000002
432.52,0.018000000000000002
432.56,0.016
432.6,0.020000000000000004
432.64,0.020000000000000004
432.68,0.018000000000000002
432.72,0.020000000000000004
432.76,0.022000000000000002
432.8,0.018000000000000002
432.84000000000003,0.018000000000000002
432.88,0.022000000000000002
432.92,0.018000000000000002
432.96000000000004,0.010000000000000002
433.0,0.013999999999999999
433.04,0.020000000000000004
433.08,0.018000000000000002
433.12,0.018000000000000002
433.16,0.022000000000000002
433.2,0.024
433.24,0.022000000000000002
433.28000000000003,0.022000000000000002
433.32,0.018000000000000002
433.36,0.018000000000000002
433.40000000000003,0.022000000000000002
433.44,0.026000000000000002
433.48,0.022000000000000002
433.52,0.016
433.56,0.018000000000000002
433.6,0.018000000000000002
433.64,0.012000000000000004
433.68,0.013999999999999999
433.72,0.018000000000000002
433.76,0.018000000000000002
433.8,0.018000000000000002
433.84000000000003,0.020000000000000004
433.88,0.020000000000000004
433.92,0.016
433.96000000000004,0.018000000000000002
434.0,0.020000000000000004
434.04,0.018000000000000002
434.08,0.020000000000000004
434.12,0.024
434.16,0.020000000000000004
434.2,0.010000000000000002
434.24,0.013999999999999999
434.28000000000003,0.018000000000000002
434.32,0.013999999999999999
434.36,0.010000000000000002
434.40000000000003,0.018000000000000002
434.44,0.024
434.48,0.020000000000000004
434.52,0.018000000000000002
434.56,0.018000000000000002
434.6,0.018000000000000002
434.64,0.022000000000000002
434.68,0.024
434.72,0.022000000000000002
434.76,0.018000000000000002
434.8,0.020000000000000004
434.84000000000003,0.020000000000000004
434.88,0.016
434.92,0.013999999999999999
434.96000000000004,0.018000000000000002
435.0,0.016
435.04,0.013999999999999999
435.08,0.020000000000000004
435.12,0.020000000000000004
435.16,0.013999999999999999
435.2,0.018000000000000002
435.24,0.020000000000000004
435.28000000000003,0.018000000000000002
435.32,0.022000000000000002
435.36,0.026000000000000002
435.40000000000003,0.022000000000000002
435.44,0.013999999999999999
435.48,0.018000000000000002
435.52,0.022000000000000002
435.56,0.012000000000000004
435.6,0.010000000000000002
435.64,0.018000000000000002
435.68,0.020000000000000004
435.72,0.018000000000000002
435.76,0.016
435.8,0.018000000000000002
435.84000000000003,0.018000000000000002
435.88,0.018000000000000002
435.92,0.024
435.96000000000004,0.020000000000000004
436.0,0.018000000000000002
436.04,0.022000000000000002
436.08,0.022000000000000002
436.12,0.018000000000000002
436.16,0.013999999999999999
436.2,0.016
436.24,0.016
436.28000000000003,0.013999999999999999
436.32,0.018000000000000002
436.36,0.018000000000000002
436.40000000000003,0.013999999999999999
436.44,0.013999999999999999
436.48,0.016
436.52,0.013999999999999999
436.56,0.018000000000000002
436.6,0.024
436.64,0.020000000000000004
436.68,0.018000000000000002
436.72,0.022000000000000002
436.76,0.022000000000000002
436.8,0.013999999999999999
436.84000000000003,0.010000000000000002
436.88,0.018000000000000002
436.92,0.022000000000000002
436.96000000000004,0.016
437.0,0.013999999999999999
437.04,0.016
437.08,0.016
437.12,0.018000000000000002
437.16,0.020000000000000004
437.2,0.016
437.24,0.018000000000000002
437.28000000000003,0.026000000000000002
437.32,0.026000000000000002
437.36,0.018000000000000002
437.40000000000003,0.018000000000000002
437.44,0.020000000000000004
437.48,0.018000000000000002
437.52,0.018000000000000002
437.56,0.020000000000000004
437.6,0.018000000000000002
437.64,0.018000000000000002
437.68,0.018000000000000002
437.72,0.016
437.76,0.012000000000000004
437.8,0.016
437.84000000000003,0.022000000000000002
437.88,0.018000000000000002
437.92,0.016
437.96000000000004,0.024
438.0,0.024
438.04,0.013999999999999999
438.08,0.013999999999999999
438.12,0.020000000000000004
438.16,0.018000000000000002
438.2,0.013999999999999999
438.24,0.012000000000000004
438.28000000000003,0.013999999999999999
438.32,0.013999999999999999
438.36,0.013999999999999999
438.40000000000003,0.013999999999999999
438.44,0.012000000000000004
438.48,0.016
438.52,0.022000000000000002
438.56,0.022000000000000002
438.6,0.018000000000000002
438.64,0.018000000000000002
438.68,0.020000000000000004
438.72,0.018000000000000002
438.76,0.018000000000000002
438.8,0.020000000000000004
438.84000000000003,0.020000000000000004
438.88,0.020000000000000004
438.92,0.020000000000000004
438.96000000000004,0.013999999999999999
439.0,0.012000000000000004
439.04,0.016
439.08,0.018000000000000002
439.12,0.013999999999999999
439.16,0.016
439.2,0.024
439.24,0.022000000000000002
439.28000000000003,0.018000000000000002
439.32,0.018000000000000002
439.36,0.022000000000000002
439.40000000000003,0.020000000000000004
439.44,0.016
439.48,0.018000000000000002
439.52,0.018000000000000002
439.56,0.016
439.6,0.018000000000000002
439.64,0.013999999999999999
439.68,0.010000000000000002
439.72,0.012000000000000004
439.76,0.022000000000000002
439.8,0.020000000000000004
439.84000000000003,0.018000000000000002
439.88,0.018000000000000002
439.92,0.020000000000000004
439.96000000000004,0.018000000000000002
440.0,0.016
440.04,0.018000000000000002
440.08,0.018000000000000002
440.12,0.018000000000000002
440.16,0.020000000000000004
440.2,0.018000000000000002
440.24,0.013999999999999999
440.28000000000003,0.016
440.32,0.018000000000000002
440.36,0.010000000000000002
440.40000000000003,0.012000000000000004
440.44,0.020000000000000004
440.48,0.018000000000000002
440.52,0.013999999999999999
440.56,0.018000000000000002
440.6,0.022000000000000002
440.64,0.018000000000000002
440.68,0.016
440.72,0.018000000000000002
440.76,0.020000000000000004
440.8,0.018000000000000002
440.84000000000003,0.018000000000000002
440.88,0.013999999999999999
440.92,0.010000000000000002
440.96000000000004,0.012000000000000004
441.0,0.018000000000000002
441.04,0.018000000000000002
441.08,0.013999999999999999
441.12,0.018000000000000002
441.16,0.020000000000000004
441.2,0.020000000000000004
441.24,0.018000000000000002
441.28000000000003,0.018000000000000002
441.32,0.018000000000000002
441.36,0.020000000000000004
441.40000000000003,0.022000000000000002
441.44,0.020000000000000004
441.48,0.016
441.52,0.020000000000000004
441.56,0.018000000000000002
441.6,0.012000000000000004
441.64,0.013999999999999999
441.68,0.018000000000000002
441.72,0.018000000000000002
441.76,0.013999999999999999
441.8,0.018000000000000002
441.84000000000003,0.020000000000000004
441.88,0.018000000000000002
441.92,0.016
441.96000000000004,0.020000000000000004
442.0,0.020000000000000004
442.04,0.020000000000000004
442.08,0.020000000000000004
442.12,0.016
442.16,0.012000000000000004
442.2,0.012000000000000004
442.24,0.016
442.28000000000003,0.012000000000000004
442.32,0.010000000000000002
442.36,0.013999999999999999
442.40000000000003,0.020000000000000004
442.44,0.018000000000000002
442.48,0.013999999999999999
442.52,0.013999999999999999
442.56,0.013999999999999999
442.6,0.018000000000000002
442.64,0.020000000000000004
442.68,0.018000000000000002
442.72,0.018000000000000002
442.76,0.020000000000000004
442.8,0.018000000000000002
442.84000000000003,0.012000000000000004
442.88,0.013999999999999999
442.92,0.018000000000000002
442.96000000000004,0.013999999999999999
443.0,0.012000000000000004
443.04,0.020000000000000004
443.08,0.020000000000000004
443.12,0.013999999999999999
443.16,0.013999999999999999
443.2,0.020000000000000004
443.24,0.020000000000000004
443.28000000000003,0.020000000000000004
443.32,0.024
443.36,0.020000000000000004
443.40000000000003,0.018000000000000002
443.44,0.020000000000000004
443.48,0.018000000000000002
443.52,0.010000000000000002
443.56,0.010000000000000002
443.6,0.016
443.64,0.018000000000000002
443.68,0.018000000000000002
443.72,0.016
443.76,0.013999999999999999
443.8,0.012000000000000004
443.84000000000003,0.018000000000000002
443.88,0.018000000000000002
443.92,0.016
443.96000000000004,0.018000000000000002
444.0,0.022000000000000002
444.04,0.018000000000000002
444.08,0.012000000000000004
444.12,0.013999999999999999
444.16,0.018000000000000002
444.2,0.012000000000000004
444.24,0.012000000000000004
444.28000000000003,0.018000000000000002
444.32,0.018000000000000002
444.36,0.010000000000000002
444.40000000000003,0.012000000000000004
444.44,0.016
444.48,0.013999999999999999
444.52,0.018000000000000002
444.56,0.022000000000000002
444.6,0.022000000000000002
444.64,0.018000000000000002
444.68,0.022000000000000002
444.72,0.022000000000000002
444.76,0.012000000000000004
444.8,0.010000000000000002
444.84000000000003,0.018000000000000002
444.88,0.018000000000000002
444.92,0.016
444.96000000000004,0.016
445.0,0.016
445.04,0.013999999999999999
445.08,0.016
445.12,0.016
445.16,0.012000000000000004
445.2,0.018000000000000002
445.24,0.022000000000000002
445.28000000000003,0.018000000000000002
445.32,0.013999999999999999
445.36,0.018000000000000002
445.40000000000003,0.018000000000000002
445.44,0.013999999999999999
445.48,0.013999999999999999
445.52,0.020000000000000004
445.56,0.018000000000000002
445.6,0.012000000000000004
445.64,0.016
445.68,0.013999999999999999
445.72,0.010000000000000002
445.76,0.013999999999999999
445.8,0.018000000000000002
445.84000000000003,0.018000000000000002
445.88,0.020000000000000004
445.92,0.026000000000000002
445.96000000000004,0.024
446.0,0.013999999999999999
446.04,0.012000000000000004
446.08,0.018000000000000002
446.12,0.016
446.16,0.013999999999999999
446.2,0.016
446.24,0.013999999999999999
446.28000000000003,0.013999999999999999
446.32,0.013999999999999999
446.36,0.013999999999999999
446.40000000000003,0.010000000000000002
446.44,0.013999999999999999
446.48,0.022000000000000002
446.52,0.018000000000000002
446.56,0.013999999999999999
446.6,0.018000000000000002
446.64,0.016
446.68,0.013999999999999999
446.72,0.016
446.76,0.018000000000000002
446.8,0.013999999999999999
446.84000000000003,0.013999999999999999
446.88,0.018000000000000002
446.92,0.013999999999999999
446.96000000000004,0.010000000000000002
447.0,0.012000000000000004
447.04,0.012000000000000004
447.08,0.012000000000000004
447.12,0.013999999999999999
447.16,0.022000000000000002
447.2,0.022000000000000002
447.24,0.018000000000000002
447.28000000000003,0.018000000000000002
447.32,0.020000000000000004
447.36,0.020000000000000004
447.40000000000003,0.018000000000000002
447.44,0.018000000000000002
447.48,0.018000000000000002
447.52,0.018000000000000002
447.56,0.013999999999999999
447.6,0.013999999999999999
447.64,0.012000000000000004
447.68,0.013999999999999999
447.72,0.018000000000000002
447.76,0.016
447.8,0.013999999999999999
447.84000000000003,0.018000000000000002
447.88,0.018000000000000002
447.92,0.016
447.96000000000004,0.018000000000000002
448.0,0.016
448.04,0.013999999999999999
448.08,0.016
448.12,0.018000000000000002
448.16,0.018000000000000002
448.2,0.010000000000000002
448.24,0.010000000000000002
448.28000000000003,0.012000000000000004
448.32,0.010000000000000002
448.36,0.010000000000000002
448.40000000000003,0.018000000000000002
448.44,0.018000000000000002
448.48,0.013999999999999999
448.52,0.016
448.56,0.022000000000000002
448.6,0.018000000000000002
448.64,0.013999999999999999
448.68,0.016
448.72,0.018000000000000002
448.76,0.018000000000000002
448.8,0.018000000000000002
448.84000000000003,0.016
448.88,0.012000000000000004
448.92,0.012000000000000004
448.96000000000004,0.016
449.0,0.013999999999999999
449.04,0.012000000000000004
449.08,0.018000000000000002
449.12,0.020000000000000004
449.16,0.018000000000000002
449.2,0.018000000000000002
449.24,0.016
449.28000000000003,0.012000000000000004
449.32,0.018000000000000002
449.36,0.022000000000000002
449.40000000000003,0.018000000000000002
449.44,0.013999999999999999
449.48,0.016
449.52,0.018000000000000002
449.56,0.010000000000000002
449.6,0.008
449.64,0.013999999999999999
449.68,0.012000000000000004
449.72,0.010000000000000002
449.76,0.013999999999999999
449.8,0.022000000000000002
449.84000000000003,0.018000000000000002
449.88,0.012000000000000004
449.92,0.016
449.96000000000004,0.016
450.0,0.016
450.04,0.022000000000000002
450.08,0.018000000000000002
450.12,0.010000000000000002
450.16,0.013999999999999999
450.2,0.018000000000000002
450.24,0.010000000000000002
450.28000000000003,0.008
450.32,0.013999999999999999
450.36,0.018000000000000002
450.40000000000003,0.016
450.44,0.018000000000000002
450.48,0.013999999999999999
450.52,0.012000000000000004
450.56,0.018000000000000002
450.6,0.020000000000000004
450.64,0.018000000000000002
450.68,0.013999999999999999
450.72,0.020000000000000004
450.76,0.022000000000000002
450.8,0.012000000000000004
450.84000000000003,0.010000000000000002
450.88,0.013999999999999999
450.92,0.010000000000000002
450.96000000000004,0.0040000000000000036
451.0,0.012000000000000004
451.04,0.022000000000000002
451.08,0.016
451.12,0.013999999999999999
451.16,0.018000000000000002
451.2,0.013999999999999999
451.24,0.016
451.28000000000003,0.020000000000000004
451.32,0.018000000000000002
451.36,0.016
451.40000000000003,0.022000000000000002
451.44,0.018000000000000002
451.48,0.012000000000000004
451.52,0.010000000000000002
451.56,0.013999999999999999
451.6,0.016
451.64,0.013999999999999999
451.68,0.016
451.72,0.013999999999999999
451.76,0.012000000000000004
451.8,0.018000000000000002
451.84000000000003,0.018000000000000002
451.88,0.012000000000000004
451.92,0.013999999999999999
451.96000000000004,0.022000000000000002
452.0,0.022000000000000002
452.04,0.013999999999999999
452.08,0.013999999999999999
452.12,0.018000000000000002
452.16,0.010000000000000002
452.2,0.006000000000000005
452.24,0.012000000000000004
452.28000000000003,0.016
452.32,0.012000000000000004
452.36,0.012000000000000004
452.40000000000003,0.012000000000000004
452.44,0.012000000000000004
452.48,0.013999999999999999
452.52,0.016
452.56,0.013999999999999999
452.6,0.013999999999999999
452.64,0.018000000000000002
452.68,0.020000000000000004
452.72,0.012000000000000004
452.76,0.010000000000000002
452.8,0.012000000000000004
452.84000000000003,0.016
452.88,0.013999999999999999
452.92,0.012000000000000004
452.96000000000004,0.013999999999999999
453.0,0.013999999999999999
453.04,0.018000000000000002
453.08,0.013999999999999999
453.12,0.012000000000000004
453.16,0.012000000000000004
453.2,0.022000000000000002
453.24,0.022000000000000002
453.28000000000003,0.018000000000000002
453.32,0.018000000000000002
453.36,0.022000000000000002
453.40000000000003,0.018000000000000002
453.44,0.010000000000000002
453.48,0.013999999999999999
453.52,0.018000000000000002
453.56,0.012000000000000004
453.6,0.012000000000000004
453.64,0.013999999999999999
453.68,0.012000000000000004
453.72,0.013999999999999999
453.76,0.013999999999999999
453.8,0.013999999999999999
453.84000000000003,0.013999999999999999
453.88,0.018000000000000002
453.92,0.022000000000000002
453.96000000000004,0.013999999999999999
454.0,0.010000000000000002
454.04,0.016
454.08,0.013999999999999999
454.12,0.010000000000000002
454.16,0.012000000000000004
454.2,0.013999999999999999
454.24,0.013999999999999999
454.28000000000003,0.016
454.32,0.013999999999999999
454.36,0.010000000000000002
454.40000000000003,0.010000000000000002
454.44,0.018000000000000002
454.48,0.018000000000000002
454.52,0.013999999999999999
454.56,0.018000000000000002
454.6,0.022000000000000002
454.64,0.018000000000000002
454.68,0.013999999999999999
454.72,0.018000000000000002
454.76,0.018000000000000002
454.8,0.012000000000000004
454.84000000000003,0.012000000000000004
454.88,0.013999999999999999
454.92,0.012000000000000004
454.96000000000004,0.012000000000000004
455.0,0.013999999999999999
455.04,0.012000000000000004
455.08,0.012000000000000004
455.12,0.018000000000000002
455.16,0.020000000000000004
455.2,0.013999999999999999
455.24,0.013999999999999999
455.28000000000003,0.020000000000000004
455.32,0.018000000000000002
455.36,0.010000000000000002
455.40000000000003,0.010000000000000002
455.44,0.013999999999999999
455.48,0.016
455.52,0.018000000000000002
455.56,0.013999999999999999
455.6,0.008
455.64,0.010000000000000002
455.68,0.016
455.72,0.012000000000000004
455.76,0.010000000000000002
455.8,0.016
455.84000000000003,0.020000000000000004
455.88,0.016
455.92,0.013999999999999999
455.96000000000004,0.018000000000000002
456.0,0.018000000000000002
456.04,0.012000000000000004
456.08,0.013999999999999999
456.12,0.016
456.16,0.013999999999999999
456.2,0.012000000000000004
456.24,0.012000000000000004
456.28000000000003,0.010000000000000002
456.32,0.010000000000000002
456.36,0.013999999999999999
456.40000000000003,0.013999999999999999
456.44,0.013999999999999999
456.48,0.016
456.52,0.022000000000000002
456.56,0.018000000000000002
456.6,0.010000000000000002
456.64,0.010000000000000002
456.68,0.013999999999999999
456.72,0.013999999999999999
456.76,0.013999999999999999
456.8,0.012000000000000004
456.84000000000003,0.010000000000000002
456.88,0.012000000000000004
456.92,0.013999999999999999
456.96000000000004,0.010000000000000002
457.0,0.006000000000000005
457.04,0.012000000000000004
457.08,0.018000000000000002
457.12,0.013999999999999999
457.16,0.013999999999999999
457.2,0.020000000000000004
457.24,0.018000000000000002
457.28000000000003,0.012000000000000004
457.32,0.013999999999999999
457.36,0.020000000000000004
457.40000000000003,0.018000000000000002
457.44,0.013999999999999999
457.48,0.016
457.52,0.013999999999999999
457.56,0.010000000000000002
457.6,0.012000000000000004
457.64,0.013999999999999999
457.68,0.010000000000000002
457.72,0.013999999999999999
457.76,0.020000000000000004
457.8,0.020000000000000004
457.84000000000003,0.012000000000000004
457.88,0.012000000000000004
457.92,0.018000000000000002
457.96000000000004,0.018000000000000002
458.0,0.012000000000000004
458.04,0.013999999999999999
458.08,0.013999999999999999
458.12,0.013999999999999999
458.16,0.016
458.2,0.010000000000000002
458.24,0.0040000000000000036
458.28000000000003,0.010000000000000002
458.32,0.013999999999999999
458.36,0.010000000000000002
458.40000000000003,0.010000000000000002
458.44,0.018000000000000002
458.48,0.016
458.52,0.010000000000000002
458.56,0.013999999999999999
458.6,0.018000000000000002
458.64,0.013999999999999999
458.68,0.013999999999999999
458.72,0.018000000000000002
458.76,0.016
458.8,0.010000000000000002
458.84000000000003,0.012000000000000004
458.88,0.012000000000000004
458.92,0.008
458.96000000000004,0.012000000000000004
459.0,0.020000000000000004
459.04,0.018000000000000002
459.08,0.010000000000000002
459.12,0.016
459.16,0.018000000000000002
459.2,0.016
459.24,0.013999999999999999
459.28000000000003,0.013999999999999999
459.32,0.013999999999999999
459.36,0.018000000000000002
459.40000000000003,0.018000000000000002
459.44,0.012000000000000004
459.48,0.006000000000000005
459.52,0.010000000000000002
459.56,0.013999999999999999
459.6,0.010000000000000002
459.64,0.010000000000000002
459.68,0.016
459.72,0.013999999999999999
459.76,0.010000000000000002
459.8,0.013999999999999999
459.84000000000003,0.013999999999999999
459.88,0.012000000000000004
459.92,0.016
459.96000000000004,0.020000000000000004
460.0,0.016
460.04,0.012000000000000004
460.08,0.013999999999999999
460.12,0.012000000000000004
460.16,0.006000000000000005
460.2,0.010000000000000002
460.24,0.013999999999999999
460.28000000000003,0.012000000000000004
460.32,0.010000000000000002
460.36,0.016
460.40000000000003,0.018000000000000002
460.44,0.013999999999999999
460.48,0.013999999999999999
460.52,0.012000000000000004
460.56,0.013999999999999999
460.6,0.018000000000000002
460.64,0.018000000000000002
460.68,0.012000000000000004
460.72,0.010000000000000002
460.76,0.012000000000000004
460.8,0.012000000000000004
460.84000000000003,0.010000000000000002
460.88,0.012000000000000004
460.92,0.013999999999999999
460.96000000000004,0.013999999999999999
461.0,0.010000000000000002
461.04,0.013999999999999999
461.08,0.012000000000000004
461.12,0.010000000000000002
461.16,0.012000000000000004
461.2,0.018000000000000002
461.24,0.018000000000000002
461.28000000000003,0.016
461.32,0.018000000000000002
461.36,0.013999999999999999
461.40000000000003,0.010000000000000002
461.44,0.010000000000000002
461.48,0.012000000000000004
461.52,0.010000000000000002
461.56,0.010000000000000002
461.6,0.013999999999999999
461.64,0.018000000000000002
461.68,0.013999999999999999
461.72,0.012000000000000004
461.76,0.012000000000000004
461.8,0.013999999999999999
461.84000000000003,0.018000000000000002
461.88,0.018000000000000002
461.92,0.016
461.96000000000004,0.013999999999999999
462.0,0.013999999999999999
462.04,0.013999999999999999
462.08,0.010000000000000002
462.12,0.010000000000000002
462.16,0.012000000000000004
462.2,0.012000000000000004
462.24,0.010000000000000002
462.28000000000003,0.012000000000000004
462.32,0.012000000000000004
462.36,0.008
462.40000000000003,0.010000000000000002
462.44,0.016
462.48,0.013999999999999999
462.52,0.013999999999999999
462.56,0.018000000000000002
462.6,0.018000000000000002
462.64,0.010000000000000002
462.68,0.010000000000000002
462.72,0.012000000000000004
462.76,0.008
462.8,0.006000000000000005
462.84000000000003,0.013999999999999999
462.88,0.016
462.92,0.010000000000000002
462.96000000000004,0.010000000000000002
463.0,0.013999999999999999
463.04,0.013999999999999999
463.08,0.016
463.12,0.020000000000000004
463.16,0.016
463.2,0.013999999999999999
463.24,0.018000000000000002
463.28000000000003,0.018000000000000002
463.32,0.012000000000000004
463.36,0.012000000000000004
463.40000000000003,0.016
463.44,0.012000000000000004
463.48,0.012000000000000004
463.52,0.013999999999999999
463.56,0.012000000000000004
463.6,0.008
463.64,0.012000000000000004
463.68,0.013999999999999999
463.72,0.010000000000000002
463.76,0.012000000000000004
463.8,0.022000000000000002
463.84000000000003,0.020000000000000004
463.88,0.012000000000000004
463.92,0.013999999999999999
463.96000000000004,0.013999999999999999
464.0,0.008
464.04,0.006000000000000005
464.08,0.012000000000000004
464.12,0.012000000000000004
464.16,0.010000000000000002
464.2,0.010000000000000002
464.24,0.012000000000000004
464.28000000000003,0.010000000000000002
464.32,0.012000000000000004
464.36,0.013999999999999999
464.40000000000003,0.012000000000000004
464.44,0.012000000000000004
464.48,0.018000000000000002
464.52,0.018000000000000002
464.56,0.012000000000000004
464.6,0.010000000000000002
464.64,0.013999999999999999
464.68,0.012000000000000004
464.72,0.013999999999999999
464.76,0.016
464.8,0.012000000000000004
464.84000000000003,0.010000000000000002
464.88,0.013999999999999999
464.92,0.013999999999999999
464.96000000000004,0.006000000000000005
465.0,0.010000000000000002
465.04,0.020000000000000004
465.08,0.018000000000000002
465.12,0.013999999999999999
465.16,0.016
465.2,0.018000000000000002
465.24,0.012000000000000004
465.28000000000003,0.012000000000000004
465.32,0.013999999999999999
465.36,0.013999999999999999
465.40000000000003,0.010000000000000002
465.44,0.012000000000000004
465.48,0.012000000000000004
465.52,0.010000000000000002
465.56,0.010000000000000002
465.6,0.010000000000000002
465.64,0.010000000000000002
465.68,0.010000000000000002
465.72,0.018000000000000002
465.76,0.018000000000000002
465.8,0.012000000000000004
465.84000000000003,0.012000000000000004
465.88,0.012000000000000004
465.92,0.013999999999999999
465.96000000000004,0.013999999999999999
466.0,0.013999999999999999
466.04,0.012000000000000004
466.08,0.012000000000000004
466.12,0.016
466.16,0.012000000000000004
466.2,0.0040000000000000036
466.24,0.008
466.28000000000003,0.013999999999999999
466.32,0.013999999999999999
466.36,0.012000000000000004
466.40000000000003,0.013999999999999999
466.44,0.018000000000000002
466.48,0.013999999999999999
466.52,0.012000000000000004
466.56,0.013999999999999999
466.6,0.013999999999999999
466.64,0.010000000000000002
466.68,0.012000000000000004
466.72,0.012000000000000004
466.76,0.010000000000000002
466.8,0.010000000000000002
466.84000000000003,0.010000000000000002
466.88,0.006000000000000005
466.92,0.008
466.96000000000004,0.016
467.0,0.018000000000000002
467.04,0.012000000000000004
467.08,0.010000000000000002
467.12,0.013999999999999999
467.16,0.013999999999999999
467.2,0.012000000000000004
467.24,0.013999999999999999
467.28000000000003,0.013999999999999999
467.32,0.013999999999999999
467.36,0.018000000000000002
467.40000000000003,0.013999999999999999
467.44,0.0040000000000000036
467.48,0.010000000000000002
467.52,0.013999999999999999
467.56,0.012000000000000004
467.6,0.008
467.64,0.013999999999999999
467.68,0.018000000000000002
467.72,0.013999999999999999
467.76,0.012000000000000004
467.8,0.016
467.84000000000003,0.012000000000000004
467.88,0.012000000000000004
467.92,0.013999999999999999
467.96000000000004,0.013999999999999999
468.0,0.010000000000000002
468.04,0.012000000000000004
468.08,0.010000000000000002
468.12,0.0040000000000000036
468.16,0.0040000000000000036
468.2,0.012000000000000004
468.24,0.012000000000000004
468.28000000000003,0.010000000000000002
468.32,0.010000000000000002
468.36,0.013999999999999999
468.40000000000003,0.012000000000000004
468.44,0.012000000000000004
468.48,0.010000000000000002
468.52,0.010000000000000002
468.56,0.013999999999999999
468.6,0.018000000000000002
468.64,0.012000000000000004
468.68,0.006000000000000005
468.72,0.010000000000000002
468.76,0.013999999999999999
468.8,0.008
468.84000000000003,0.006000000000000005
468.88,0.012000000000000004
468.92,0.013999999999999999
468.96000000000004,0.012000000000000004
469.0,0.013999999999999999
469.04,0.016
469.08,0.012000000000000004
469.12,0.013999999999999999
469.16,0.018000000000000002
469.2,0.016
469.24,0.013999999999999999
469.28000000000003,0.016
469.32,0.013999999999999999
469.36,0.006000000000000005
469.40000000000003,0.006000000000000005
469.44,0.012000000000000004
469.48,0.013999999999999999
469.52,0.010000000000000002
469.56,0.012000000000000004
469.6,0.013999999999999999
469.64,0.012000000000000004
469.68,0.012000000000000004
469.72,0.010000000000000002
469.76,0.010000000000000002
469.8,0.012000000000000004
469.84000000000003,0.018000000000000002
469.88,0.012000000000000004
469.92,0.010000000000000002
469.96000000000004,0.012000000000000004
470.0,0.013999999999999999
470.04,0.006000000000000005
470.08,0.0020000000000000018
470.12,0.010000000000000002
470.16,0.012000000000000004
470.2,0.010000000000000002
470.24,0.012000000000000004
470.28000000000003,0.012000000000000004
470.32,0.010000000000000002
470.36,0.010000000000000002
470.40000000000003,0.016
470.44,0.016
470.48,0.013999999999999999
470.52,0.018000000000000002
470.56,0.018000000000000002
470.6,0.010000000000000002
470.64,0.008
470.68,0.012000000000000004
470.72,0.010000000000000002
470.76,0.006000000000000005
470.8,0.010000000000000002
470.84000000000003,0.013999999999999999
470.88,0.013999999999999999
470.92,0.010000000000000002
470.96000000000004,0.012000000000000004
471.0,0.012000000000000004
471.04,0.012000000000000004
471.08,0.013999999999999999
471.12,0.012000000000000004
471.16,0.010000000000000002
471.2,0.018000000000000002
471.24,0.018000000000000002
471.28000000000003,0.010000000000000002
471.32,0.0040000000000000036
471.36,0.010000000000000002
471.40000000000003,0.013999999999999999
471.44,0.010000000000000002
471.48,0.010000000000000002
471.52,0.012000000000000004
471.56,0.010000000000000002
471.6,0.010000000000000002
471.64,0.013999999999999999
471.68,0.012000000000000004
471.72,0.010000000000000002
471.76,0.018000000000000002
471.8,0.018000000000000002
471.84000000000003,0.012000000000000004
471.88,0.010000000000000002
471.92,0.013999999999999999
471.96000000000004,0.010000000000000002
472.0,0.006000000000000005
472.04,0.010000000000000002
472.08,0.012000000000000004
472.12,0.010000000000000002
472.16,0.008
472.2,0.012000000000000004
472.24,0.012000000000000004
472.28000000000003,0.010000000000000002
472.32,0.012000000000000004
472.36,0.010000000000000002
472.40000000000003,0.010000000000000002
472.44,0.018000000000000002
472.48,0.018000000000000002
472.52,0.010000000000000002
472.56,0.006000000000000005
472.6,0.012000000000000004
472.64,0.012000000000000004
472.68,0.006000000000000005
472.72,0.010000000000000002
472.76,0.010000000000000002
472.8,0.008
472.84000000000003,0.010000000000000002
472.88,0.012000000000000004
472.92,0.010000000000000002
472.96000000000004,0.008
473.0,0.013999999999999999
473.04,0.018000000000000002
473.08,0.013999999999999999
473.12,0.013999999999999999
473.16,0.020000000000000004
473.2,0.013999999999999999
473.24,0.008
473.28000000000003,0.010000000000000002
473.32,0.012000000000000004
473.36,0.010000000000000002
473.40000000000003,0.010000000000000002
473.44,0.012000000000000004
473.48,0.012000000000000004
473.52,0.012000000000000004
473.56,0.010000000000000002
473.6,0.010000000000000002
473.64,0.010000000000000002
473.68,0.016
473.72,0.018000000000000002
473.76,0.012000000000000004
473.8,0.010000000000000002
473.84000000000003,0.013999999999999999
473.88,0.012000000000000004
473.92,0.008
473.96000000000004,0.008
474.0,0.010000000000000002
474.04,0.010000000000000002
474.08,0.010000000000000002
474.12,0.010000000000000002
474.16,0.006000000000000005
474.2,0.006000000000000005
474.24,0.010000000000000002
474.28000000000003,0.013999999999999999
474.32,0.012000000000000004
474.36,0.013999999999999999
474.40000000000003,0.018000000000000002
474.44,0.016
474.48,0.010000000000000002
474.52,0.010000000000000002
474.56,0.012000000000000004
474.6,0.010000000000000002
474.64,0.010000000000000002
474.68,0.012000000000000004
474.72,0.012000000000000004
474.76,0.010000000000000002
474.8,0.010000000000000002
474.84000000000003,0.010000000000000002
474.88,0.010000000000000002
474.92,0.012000000000000004
474.96000000000004,0.016
475.0,0.012000000000000004
475.04,0.012000000000000004
475.08,0.018000000000000002
475.12,0.016
475.16,0.010000000000000002
475.2,0.010000000000000002
475.24,0.012000000000000004
475.28000000000003,0.010000000000000002
475.32,0.012000000000000004
475.36,0.012000000000000004
475.40000000000003,0.008
475.44,0.0040000000000000036
475.48,0.010000000000000002
475.52,0.010000000000000002
475.56,0.006000000000000005
475.6,0.010000000000000002
475.64,0.018000000000000002
475.68,0.018000000000000002
475.72,0.012000000000000004
475.76,0.013999999999999999
475.8,0.012000000000000004
475.84000000000003,0.010000000000000002
475.88,0.010000000000000002
475.92,0.013999999999999999
475.96000000000004,0.010000000000000002
476.0,0.008
476.04,0.012000000000000004
476.08,0.010000000000000002
476.12,0.006000000000000005
476.16,0.010000000000000002
476.2,0.012000000000000004
476.24,0.010000000000000002
476.28000000000003,0.012000000000000004
476.32,0.018000000000000002
476.36,0.016
476.40000000000003,0.010000000000000002
476.44,0.010000000000000002
476.48,0.010000000000000002
476.52,0.010000000000000002
476.56,0.012000000000000004
476.6,0.013999999999999999
476.64,0.010000000000000002
476.68,0.006000000000000005
476.72,0.012000000000000004
476.76,0.010000000000000002
476.8,0.0020000000000000018
476.84000000000003,0.006000000000000005
476.88,0.013999999999999999
476.92,0.016
476.96000000000004,0.013999999999999999
477.0,0.016
477.04,0.013999999999999999
477.08,0.012000000000000004
477.12,0.012000000000000004
477.16,0.013999999999999999
477.2,0.010000000000000002
477.24,0.006000000000000005
477.28000000000003,0.012000000000000004
477.32,0.012000000000000004
477.36,0.008
477.40000000000003,0.010000000000000002
477.44,0.010000000000000002
477.48,0.008
477.52,0.012000000000000004
477.56,0.018000000000000002
477.6,0.013999999999999999
477.64,0.013999999999999999
477.68,0.013999999999999999
477.72,0.012000000000000004
477.76,0.010000000000000002
477.8,0.012000000000000004
477.84000000000003,0.013999999999999999
477.88,0.010000000000000002
477.92,0.010000000000000002
477.96000000000004,0.013999999999999999
478.0,0.010000000000000002
478.04,0.0020000000000000018
478.08,0.0040000000000000036
478.12,0.010000000000000002
478.16,0.008
478.2,0.008
478.24,0.010000000000000002
478.28000000000003,0.012000000000000004
478.32,0.013999999999999999
478.36,0.013999999999999999
478.40000000000003,0.012000000000000004
478.44,0.008
478.48,0.008
478.52,0.012000000000000004
478.56,0.012000000000000004
478.6,0.010000000000000002
478.64,0.010000000000000002
478.68,0.010000000000000002
478.72,0.006000000000000005
478.76,0.008
478.8,0.012000000000000004
478.84000000000003,0.012000000000000004
478.88,0.012000000000000004
478.92,0.013999999999999999
478.96000000000004,0.013999999999999999
479.0,0.012000000000000004
479.04,0.013999999999999999
479.08,0.012000000000000004
479.12,0.010000000000000002
479.16,0.010000000000000002
479.2,0.018000000000000002
479.24,0.013999999999999999
479.28000000000003,0.006000000000000005
479.32,0.006000000000000005
479.36,0.010000000000000002
479.40000000000003,0.008
479.44,0.0040000000000000036
479.48,0.008
479.52,0.012000000000000004
479.56,0.013999999999999999
479.6,0.013999999999999999
479.64,0.013999999999999999
479.68,0.010000000000000002
479.72,0.008
479.76,0.013999999999999999
479.8,0.013999999999999999
479.84000000000003,0.010000000000000002
479.88,0.010000000000000002
479.92,0.012000000000000004
479.96000000000004,0.008
480.0,0.006000000000000005
480.04,0.010000000000000002
480.08,0.010000000000000002
480.12,0.010000000000000002
480.16,0.013999999999999999
480.2,0.013999999999999999
480.24,0.010000000000000002
480.28000000000003,0.013999999999999999
480.32,0.012000000000000004
480.36,0.008
480.40000000000003,0.008
480.44,0.018000000000000002
480.48,0.016
480.52,0.010000000000000002
480.56,0.010000000000000002
480.6,0.012000000000000004
480.64,0.008
480.68,0.0020000000000000018
480.72,0.006000000000000005
480.76,0.010000000000000002
480.8,0.010000000000000002
480.84000000000003,0.013999999999999999
480.88,0.013999999999999999
480.92,0.008
480.96000000000004,0.010000000000000002
481.0,0.016
481.04,0.012000000000000004
481.08,0.008
481.12,0.012000000000000004
481.16,0.013999999999999999
481.2,0.010000000000000002
481.24,0.006000000000000005
481.28000000000003,0.006000000000000005
481.32,0.006000000000000005
481.36,0.008
481.40000000000003,0.012000000000000004
481.44,0.010000000000000002
481.48,0.010000000000000002
481.52,0.013999999999999999
481.56,0.013999999999999999
481.6,0.006000000000000005
481.64,0.008
481.68,0.016
481.72,0.013999999999999999
481.76,0.010000000000000002
481.8,0.013999999999999999
481.84000000000003,0.018000000000000002
481.88,0.010000000000000002
481.92,0.0020000000000000018
481.96000000000004,0.006000000000000005
482.0,0.008
482.04,0.008
482.08,0.010000000000000002
482.12,0.010000000000000002
482.16,0.006000000000000005
482.2,0.012000000000000004
482.24,0.016
482.28000000000003,0.012000000000000004
482.32,0.006000000000000005
482.36,0.010000000000000002
482.40000000000003,0.013999999999999999
482.44,0.013999999999999999
482.48,0.008
482.52,0.006000000000000005
482.56,0.006000000000000005
482.6,0.006000000000000005
482.64,0.008
482.68,0.006000000000000005
482.72,0.008
482.76,0.012000000000000004
482.8,0.013999999999999999
482.84000000000003,0.010000000000000002
482.88,0.010000000000000002
482.92,0.012000000000000004
482.96000000000004,0.012000000000000004
483.0,0.008
483.04,0.013999999999999999
483.08,0.018000000000000002
483.12,0.012000000000000004
483.16,0.010000000000000002
483.2,0.010000000000000002
483.24,0.012000000000000004
483.28000000000003,0.008
483.32,0.008
483.36,0.010000000000000002
483.40000000000003,0.008
483.44,0.010000000000000002
483.48,0.018000000000000002
483.52,0.013999999999999999
483.56,0.0040000000000000036
483.6,0.010000000000000002
483.64,0.018000000000000002
483.68,0.013999999999999999
483.72,0.008
483.76,0.012000000000000004
483.8,0.012000000000000004
483.84000000000003,0.006000000000000005
483.88,0.006000000000000005
483.92,0.0040000000000000036
483.96000000000004,0.0040000000000000036
484.0,0.010000000000000002
484.04,0.012000000000000004
484.08,0.008
484.12,0.006000000000000005
484.16,0.012000000000000004
484.2,0.010000000000000002
484.24,0.0040000000000000036
484.28000000000003,0.010000000000000002
484.32,0.018000000000000002
484.36,0.012000000000000004
484.40000000000003,0.010000000000000002
484.44,0.013999999999999999
484.48,0.012000000000000004
484.52,0.006000000000000005
484.56,0.008
484.6,0.006000000000000005
484.64,0.0040000000000000036
484.68,0.010000000000000002
484.72,0.013999999999999999
484.76,0.010000000000000002
484.8,0.0040000000000000036
484.84000000000003,0.010000000000000002
484.88,0.018000000000000002
484.92,0.012000000000000004
484.96000000000004,0.010000000000000002
485.0,0.013999999999999999
485.04,0.016
485.08,0.012000000000000004
485.12,0.010000000000000002
485.16,0.006000000000000005
485.2,0.0040000000000000036
485.24,0.010000000000000002
485.28000000000003,0.010000000000000002
485.32,0.006000000000000005
485.36,0.010000000000000002
485.40000000000003,0.012000000000000004
485.44,0.010000000000000002
485.48,0.0040000000000000036
485.52,0.010000000000000002
485.56,0.012000000000000004
485.6,0.010000000000000002
485.64,0.010000000000000002
485.68,0.016
485.72,0.016
485.76,0.010000000000000002
485.8,0.010000000000000002
485.84000000000003,0.008
485.88,0.0040000000000000036
485.92,0.010000000000000002
485.96000000000004,0.012000000000000004
486.0,0.008
486.04,0.006000000000000005
486.08,0.010000000000000002
486.12,0.012000000000000004
486.16,0.008
486.2,0.006000000000000005
486.24,0.013999999999999999
486.28000000000003,0.018000000000000002
486.32,0.013999999999999999
486.36,0.012000000000000004
486.40000000000003,0.010000000000000002
486.44,0.008
486.48,0.010000000000000002
486.52,0.008
486.56,0.0040000000000000036
486.6,0.008
486.64,0.012000000000000004
486.68,0.010000000000000002
486.72,0.006000000000000005
486.76,0.006000000000000005
486.8,0.008
486.84000000000003,0.0040000000000000036
486.88,0.010000000000000002
486.92,0.013999999999999999
486.96000000000004,0.016
487.0,0.012000000000000004
487.04,0.012000000000000004
487.08,0.012000000000000004
487.12,0.008
487.16,0.010000000000000002
487.2,0.010000000000000002
487.24,0.006000000000000005
487.28000000000003,0.0040000000000000036
487.32,0.012000000000000004
487.36,0.013999999999999999
487.40000000000003,0.008
487.44,0.006000000000000005
487.48,0.012000000000000004
487.52,0.016
487.56,0.013999999999999999
487.6,0.012000000000000004
487.64,0.013999999999999999
487.68,0.012000000000000004
487.72,0.012000000000000004
487.76,0.010000000000000002
487.8,0.0040000000000000036
487.84000000000003,0.006000000000000005
487.88,0.012000000000000004
487.92,0.012000000000000004
487.96000000000004,0.010000000000000002
488.0,0.006000000000000005
488.04,0.006000000000000005
488.08,0.0040000000000000036
488.12,0.006000000000000005
488.16,0.010000000000000002
488.2,0.010000000000000002
488.24,0.010000000000000002
488.28000000000003,0.012000000000000004
488.32,0.013999999999999999
488.36,0.010000000000000002
488.40000000000003,0.010000000000000002
488.44,0.010000000000000002
488.48,0.0040000000000000036
488.52,0.0020000000000000018
488.56,0.010000000000000002
488.6,0.012000000000000004
488.64,0.006000000000000005
488.68,0.0040000000000000036
488.72,0.010000000000000002
488.76,0.010000000000000002
488.8,0.010000000000000002
488.84000000000003,0.012000000000000004
488.88,0.012000000000000004
488.92,0.012000000000000004
488.96000000000004,0.013999999999999999
489.0,0.012000000000000004
489.04,0.006000000000000005
489.08,0.008
489.12,0.013999999999999999
489.16,0.012000000000000004
489.2,0.010000000000000002
489.24,0.012000000000000004
489.28000000000003,0.010000000000000002
489.32,0.006000000000000005
489.36,0.006000000000000005
489.40000000000003,0.010000000000000002
489.44,0.0040000000000000036
489.48,0.0040000000000000036
489.52,0.013999999999999999
489.56,0.016
489.6,0.010000000000000002
489.64,0.012000000000000004
489.68,0.013999999999999999
489.72,0.006000000000000005
489.76,0.0040000000000000036
489.8,0.010000000000000002
489.84000000000003,0.010000000000000002
489.88,0.0020000000000000018
489.92,0.006000000000000005
489.96000000000004,0.010000000000000002
490.0,0.006000000000000005
490.04,0.006000000000000005
490.08,0.010000000000000002
490.12,0.010000000000000002
490.16,0.010000000000000002
490.2,0.013999999999999999
490.24,0.013999999999999999
490.28000000000003,0.006000000000000005
490.32,0.006000000000000005
490.36,0.010000000000000002
490.40000000000003,0.012000000000000004
490.44,0.010000000000000002
490.48,0.010000000000000002
490.52,0.010000000000000002
490.56,0.008
490.6,0.010000000000000002
490.64,0.006000000000000005
490.68,-0.0020000000000000018
490.72,0.0020000000000000018
490.76,0.012000000000000004
490.8,0.010000000000000002
490.84000000000003,0.008
490.88,0.013999999999999999
490.92,0.013999999999999999
490.96000000000004,0.008
491.0,0.006000000000000005
491.04,0.010000000000000002
491.08,0.010000000000000002
491.12,0.006000000000000005
491.16,0.010000000000000002
491.2,0.010000000000000002
491.24,0.006000000000000005
491.28000000000003,0.006000000000000005
491.32,0.006000000000000005
491.36,0.006000000000000005
491.40000000000003,0.006000000000000005
491.44,0.012000000000000004
491.48,0.013999999999999999
491.52,0.010000000000000002
491.56,0.010000000000000002
491.6,0.013999999999999999
491.64,0.012000000000000004
491.68,0.010000000000000002
491.72,0.010000000000000002
491.76,0.012000000000000004
491.8,0.013999999999999999
491.84000000000003,0.012000000000000004
491.88,0.010000000000000002
491.92,0.0020000000000000018
491.96000000000004,0.0020000000000000018
492.0,0.010000000000000002
492.04,0.008
492.08,0.006000000000000005
492.12,0.012000000000000004
492.16,0.018000000000000002
492.2,0.012000000000000004
492.24,0.006000000000000005
492.28000000000003,0.010000000000000002
492.32,0.010000000000000002
492.36,0.0040000000000000036
492.40000000000003,0.010000000000000002
492.44,0.010000000000000002
492.48,0.008
492.52000000000004,0.0040000000000000036
492.56,0.006000000000000005
492.6,0.0040000000000000036
492.64,0.0020000000000000018
492.68,0.006000000000000005
492.72,0.010000000000000002
492.76,0.006000000000000005
492.8,0.008
492.84000000000003,0.013999999999999999
492.88,0.010000000000000002
492.92,0.0040000000000000036
492.96000000000004,0.006000000000000005
493.0,0.012000000000000004
493.04,0.013999999999999999
493.08,0.013999999999999999
493.12,0.012000000000000004
493.16,0.006000000000000005
493.2,0.006000000000000005
493.24,0.010000000000000002
493.28000000000003,0.006000000000000005
493.32,0.0020000000000000018
493.36,0.010000000000000002
493.40000000000003,0.016
493.44,0.010000000000000002
493.48,0.010000000000000002
493.52000000000004,0.013999999999999999
493.56,0.012000000000000004
493.6,0.006000000000000005
493.64,0.010000000000000002
493.68,0.013999999999999999
493.72,0.010000000000000002
493.76,0.010000000000000002
493.8,0.010000000000000002
493.84000000000003,0.006000000000000005
493.88,0.0020000000000000018
493.92,0.008
493.96000000000004,0.008
494.0,0.0020000000000000018
494.04,0.008
494.08,0.013999999999999999
494.12,0.010000000000000002
494.16,0.0020000000000000018
494.2,0.006000000000000005
494.24,0.010000000000000002
494.28000000000003,0.012000000000000004
494.32,0.012000000000000004
494.36,0.010000000000000002
494.40000000000003,0.010000000000000002
494.44,0.012000000000000004
494.48,0.012000000000000004
494.52000000000004,0.0020000000000000018
494.56,0.0
494.6,0.006000000000000005
494.64,0.010000000000000002
494.68,0.0040000000000000036
494.72,0.008
494.76,0.013999999999999999
494.8,0.012000000000000004
494.84000000000003,0.008
494.88,0.012000000000000004
494.92,0.010000000000000002
494.96000000000004,0.010000000000000002
495.0,0.012000000000000004
495.04,0.012000000000000004
495.08,0.008
495.12,0.006000000000000005
495.16,0.008
495.2,0.006000000000000005
495.24,0.0020000000000000018
495.28000000000003,0.008
495.32,0.012000000000000004
495.36,0.010000000000000002
495.40000000000003,0.0040000000000000036
495.44,0.006000000000000005
495.48,0.010000000000000002
495.52000000000004,0.010000000000000002
495.56,0.010000000000000002
495.6,0.008
495.64,0.010000000000000002
495.68,0.018000000000000002
495.72,0.013999999999999999
495.76,0.0040000000000000036
495.8,0.0040000000000000036
495.84000000000003,0.010000000000000002
495.88,0.006000000000000005
495.92,0.0040000000000000036
495.96000000000004,0.006000000000000005
496.0,0.010000000000000002
496.04,0.010000000000000002
496.08,0.010000000000000002
496.12,0.010000000000000002
496.16,0.008
496.2,0.010000000000000002
496.24,0.012000000000000004
496.28000000000003,0.012000000000000004
496.32,0.010000000000000002
496.36,0.010000000000000002
496.40000000000003,0.010000000000000002
496.44,0.006000000000000005
496.48,0.0040000000000000036
496.52000000000004,0.0040000000000000036
496.56,0.010000000000000002
496.6,0.006000000000000005
496.64,0.0020000000000000018
496.68,0.006000000000000005
496.72,0.010000000000000002
496.76,0.010000000000000002
496.8,0.0040000000000000036
496.84000000000003,0.0040000000000000036
496.88,0.008
496.92,0.013999999999999999
496.96000000000004,0.012000000000000004
497.0,0.008
497.04,0.010000000000000002
497.08,0.010000000000000002
497.12,0.0040000000000000036
497.16,0.0020000000000000018
497.2,0.0040000000000000036
497.24,0.008
497.28000000000003,0.008
497.32,0.010000000000000002
497.36,0.010000000000000002
497.40000000000003,0.008
497.44,0.008
497.48,0.012000000000000004
497.52000000000004,0.012000000000000004
497.56,0.010000000000000002
497.6,0.013999999999999999
497.64,0.016
497.68,0.010000000000000002
497.72,0.006000000000000005
497.76,0.010000000000000002
497.8,0.010000000000000002
497.84000000000003,0.0020000000000000018
497.88,0.0040000000000000036
497.92,0.012000000000000004
497.96000000000004,0.010000000000000002
498.0,0.008
498.04,0.006000000000000005
498.08,0.0020000000000000018
498.12,0.006000000000000005
498.16,0.012000000000000004
498.2,0.012000000000000004
498.24,0.006000000000000005
498.28000000000003,0.010000000000000002
498.32,0.013999999999999999
498.36,0.008
498.40000000000003,0.0020000000000000018
498.44,0.0040000000000000036
498.48,0.006000000000000005
498.52000000000004,0.0020000000000000018
498.56,0.006000000000000005
498.6,0.010000000000000002
498.64,0.0040000000000000036
498.68,0.0040000000000000036
498.72,0.010000000000000002
498.76,0.008
498.8,0.0040000000000000036
498.84000000000003,0.010000000000000002
498.88,0.018000000000000002
498.92,0.010000000000000002
498.96000000000004,0.010000000000000002
499.0,0.012000000000000004
499.04,0.010000000000000002
499.08,0.0020000000000000018
499.12,0.0040000000000000036
499.16,0.012000000000000004
499.2,0.010000000000000002
499.24,0.010000000000000002
499.28000000000003,0.008
499.32,0.0040000000000000036
499.36,0.0040000000000000036
499.40000000000003,0.010000000000000002
499.44,0.008
499.48,0.006000000000000005
499.52000000000004,0.010000000000000002
499.56,0.013999999999999999
499.6,0.010000000000000002
499.64,0.008
499.68,0.010000000000000002
499.72,0.008
499.76,0.006000000000000005
499.8,0.008
499.84000000000003,0.008
499.88,0.0040000000000000036
499.92,0.006000000000000005
499.96000000000004,0.012000000000000004
500.0,0.0040000000000000036
500.04,0.0020000000000000018
500.08,0.008
500.12,0.012000000000000004
500.16,0.010000000000000002
500.2,0.010000000000000002
500.24,0.013999999999999999
500.28000000000003,0.010000000000000002
500.32,0.006000000000000005
500.36,0.006000000000000005
500.40000000000003,0.010000000000000002
500.44,0.008
500.48,0.006000000000000005
500.52000000000004,0.006000000000000005
500.56,0.006000000000000005
500.6,0.006000000000000005
500.64,0.010000000000000002
500.68,0.006000000000000005
500.72,0.0020000000000000018
500.76,0.006000000000000005
500.8,0.012000000000000004
500.84000000000003,0.010000000000000002
500.88,0.010000000000000002
500.92,0.010000000000000002
500.96000000000004,0.010000000000000002
501.0,0.006000000000000005
501.04,0.006000000000000005
501.08,0.008
501.12,0.0040000000000000036
501.16,0.006000000000000005
501.2,0.010000000000000002
501.24,0.006000000000000005
501.28000000000003,0.0
501.32,0.0020000000000000018
501.36,0.010000000000000002
501.40000000000003,0.006000000000000005
501.44,0.008
501.48,0.013999999999999999
501.52000000000004,0.013999999999999999
501.56,0.010000000000000002
501.6,0.010000000000000002
501.64,0.013999999999999999
501.68,0.010000000000000002
501.72,0.0040000000000000036
501.76,0.008
501.8,0.010000000000000002
501.84000000000003,0.010000000000000002
501.88,0.010000000000000002
501.92,0.010000000000000002
501.96000000000004,0.0040000000000000036
502.0,0.006000000000000005
502.04,0.010000000000000002
502.08,0.010000000000000002
502.12,0.010000000000000002
502.16,0.012000000000000004
502.2,0.012000000000000004
502.24,0.010000000000000002
502.28000000000003,0.010000000000000002
502.32,0.008
502.36,0.0040000000000000036
502.40000000000003,0.008
502.44,0.012000000000000004
502.48,0.006000000000000005
502.52000000000004,0.0020000000000000018
502.56,0.0040000000000000036
502.6,0.0040000000000000036
502.64,0.0
502.68,0.0020000000000000018
502.72,0.008
502.76,0.008
502.8,0.010000000000000002
502.84000000000003,0.013999999999999999
502.88,0.010000000000000002
502.92,0.006000000000000005
502.96000000000004,0.0040000000000000036
503.0,0.006000000000000005
503.04,0.006000000000000005
503.08,0.010000000000000002
503.12,0.010000000000000002
503.16,0.010000000000000002
503.2,0.006000000000000005
503.24,0.006000000000000005
503.28000000000003,0.006000000000000005
503.32,0.006000000000000005
503.36,0.010000000000000002
503.40000000000003,0.010000000000000002
503.44,0.010000000000000002
503.48,0.012000000000000004
503.52000000000004,0.013999999999999999
503.56,0.010000000000000002
503.6,0.008
503.64,0.012000000000000004
503.68,0.013999999999999999
503.72,0.008
503.76,0.006000000000000005
503.8,0.010000000000000002
503.84000000000003,0.010000000000000002
503.88,0.0020000000000000018
503.92,0.0
503.96000000000004,0.0040000000000000036
504.0,0.0040000000000000036
504.04,0.008
504.08,0.010000000000000002
504.12,0.010000000000000002
504.16,0.008
504.2,0.010000000000000002
504.24,0.008
504.28000000000003,0.006000000000000005
504.32,0.006000000000000005
504.36,0.010000000000000002
504.40000000000003,0.010000000000000002
504.44,0.0040000000000000036
504.48,0.006000000000000005
504.52000000000004,0.006000000000000005
504.56,0.006000000000000005
504.6,0.0020000000000000018
504.64,0.0040000000000000036
504.68,0.008
504.72,0.010000000000000002
504.76,0.010000000000000002
504.8,0.008
504.84000000000003,0.006000000000000005
504.88,0.012000000000000004
504.92,0.012000000000000004
504.96000000000004,0.006000000000000005
505.0,0.006000000000000005
505.04,0.012000000000000004
505.08,0.013999999999999999
505.12,0.006000000000000005
505.16,0.0020000000000000018
505.2,0.006000000000000005
505.24,0.0020000000000000018
505.28000000000003,0.0020000000000000018
505.32,0.008
505.36,0.010000000000000002
505.40000000000003,0.006000000000000005
505.44,0.010000000000000002
505.48,0.012000000000000004
505.52000000000004,0.006000000000000005
505.56,0.006000000000000005
505.6,0.010000000000000002
505.64,0.010000000000000002
505.68,0.006000000000000005
505.72,0.010000000000000002
505.76,0.012000000000000004
505.8,0.006000000000000005
505.84000000000003,0.0020000000000000018
505.88,0.006000000000000005
505.92,0.0040000000000000036
505.96000000000004,0.006000000000000005
506.0,0.010000000000000002
506.04,0.010000000000000002
506.08,0.008
506.12,0.012000000000000004
506.16,0.012000000000000004
506.2,0.0040000000000000036
506.24,0.0040000000000000036
506.28000000000003,0.016
506.32,0.018000000000000002
506.36,0.008
506.40000000000003,0.008
506.44,0.010000000000000002
506.48,0.0040000000000000036
506.52000000000004,0.0020000000000000018
506.56,0.0040000000000000036
506.6,0.0040000000000000036
506.64,0.0020000000000000018
506.68,0.010000000000000002
506.72,0.012000000000000004
506.76,0.006000000000000005
506.8,0.006000000000000005
506.84000000000003,0.010000000000000002
506.88,0.006000000000000005
506.92,0.0040000000000000036
506.96000000000004,0.010000000000000002
507.0,0.012000000000000004
507.04,0.006000000000000005
507.08,0.0020000000000000018
507.12,0.006000000000000005
507.16,0.0040000000000000036
507.2,0.0020000000000000018
507.24,0.0040000000000000036
507.28000000000003,0.0040000000000000036
507.32,0.006000000000000005
507.36,0.012000000000000004
507.40000000000003,0.010000000000000002
507.44,0.0040000000000000036
507.48,0.0040000000000000036
507.52000000000004,0.013999999999999999
507.56,0.013999999999999999
507.6,0.010000000000000002
507.64,0.010000000000000002
507.68,0.013999999999999999
507.72,0.010000000000000002
507.76,0.006000000000000005
507.8,0.006000000000000005
507.84000000000003,0.0020000000000000018
507.88,0.0040000000000000036
507.92,0.008
507.96000000000004,0.010000000000000002
508.0,0.008
508.04,0.008
508.08,0.012000000000000004
508.12,0.010000000000000002
508.16,0.0040000000000000036
508.2,0.008
508.24,0.013999999999999999
508.28000000000003,0.010000000000000002
508.32,0.0040000000000000036
508.36,0.008
508.40000000000003,0.008
508.44,0.0020000000000000018
508.48,0.0020000000000000018
508.52000000000004,0.0020000000000000018
508.56,0.0040000000000000036
508.6,0.008
508.64,0.006000000000000005
508.68,0.0020000000000000018
508.72,0.0020000000000000018
508.76,0.010000000000000002
508.8,0.010000000000000002
508.84000000000003,0.0020000000000000018
508.88,0.006000000000000005
508.92,0.013999999999999999
508.96000000000004,0.013999999999999999
509.0,0.010000000000000002
509.04,0.006000000000000005
509.08,0.006000000000000005
509.12,0.0020000000000000018
509.16,0.0040000000000000036
509.2,0.010000000000000002
509.24,0.006000000000000005
509.28000000000003,0.006000000000000005
509.32,0.012000000000000004
509.36,0.012000000000000004
509.40000000000003,0.0040000000000000036
509.44,0.006000000000000005
509.48,0.013999999999999999
509.52000000000004,0.010000000000000002
509.56,0.006000000000000005
509.6,0.012000000000000004
509.64,0.013999999999999999
509.68,0.006000000000000005
509.72,0.0040000000000000036
509.76,0.006000000000000005
509.8,0.006000000000000005
509.84000000000003,0.006000000000000005
509.88,0.006000000000000005
509.92,0.0040000000000000036
509.96000000000004,0.0040000000000000036
510.0,0.010000000000000002
510.04,0.008
510.08,0.0020000000000000018
510.12,0.0020000000000000018
510.16,0.012000000000000004
510.2,0.013999999999999999
510.24,0.010000000000000002
510.28000000000003,0.010000000000000002
510.32,0.010000000000000002
510.36,0.0040000000000000036
510.40000000000003,0.0040000000000000036
510.44,0.008
510.48,0.0020000000000000018
510.52000000000004,0.0020000000000000018
510.56,0.010000000000000002
510.6,0.010000000000000002
510.64,0.0040000000000000036
510.68,0.008
510.72,0.012000000000000004
510.76,0.006000000000000005
510.8,0.0020000000000000018
510.84000000000003,0.012000000000000004
510.88,0.013999999999999999
510.92,0.006000000000000005
510.96000000000004,0.008
511.0,0.010000000000000002
511.04,0.006000000000000005
511.08,0.0020000000000000018
511.12,0.0040000000000000036
511.16,0.0020000000000000018
511.2,0.006000000000000005
511.24,0.010000000000000002
511.28000000000003,0.006000000000000005
511.32,-0.0020000000000000018
511.36,0.0020000000000000018
511.40000000000003,0.010000000000000002
511.44,0.010000000000000002
511.48,0.006000000000000005
511.52000000000004,0.012000000000000004
511.56,0.013999999999999999
511.6,0.008
511.64,0.006000000000000005
511.68,0.008
511.72,0.0020000000000000018
511.76,0.0
511.8,0.010000000000000002
511.84000000000003,0.010000000000000002
511.88,0.0040000000000000036
511.92,0.010000000000000002
511.96000000000004,0.012000000000000004
512.0,0.006000000000000005
512.04,0.0040000000000000036
512.08,0.010000000000000002
512.12,0.010000000000000002
512.16,0.006000000000000005
512.2,0.010000000000000002
512.24,0.013999999999999999
512.28,0.010000000000000002
512.32,0.006000000000000005
512.36,0.006000000000000005
512.4,0.006000000000000005
512.44,0.006000000000000005
512.48,0.010000000000000002
512.52,0.006000000000000005
512.5600000000001,0.0
512.6,0.0020000000000000018
512.64,0.008
512.6800000000001,0.006000000000000005
512.72,0.0020000000000000018
512.76,0.010000000000000002
512.8,0.010000000000000002
512.84,0.010000000000000002
512.88,0.010000000000000002
512.92,0.010000000000000002
512.96,0.0020000000000000018
513.0,0.0020000000000000018
513.04,0.006000000000000005
513.08,0.006000000000000005
513.12,0.0020000000000000018
513.16,0.006000000000000005
513.2,0.012000000000000004
513.24,0.0040000000000000036
513.28,0.0020000000000000018
513.32,0.008
513.36,0.010000000000000002
513.4,0.006000000000000005
513.44,0.010000000000000002
513.48,0.013999999999999999
513.52,0.012000000000000004
513.5600000000001,0.008
513.6,0.010000000000000002
513.64,0.010000000000000002
513.6800000000001,0.008
513.72,0.010000000000000002
513.76,0.008
513.8,0.0020000000000000018
513.84,0.0040000000000000036
513.88,0.010000000000000002
513.92,0.006000000000000005
513.96,0.0
514.0,0.0040000000000000036
514.04,0.010000000000000002
514.08,0.010000000000000002
514.12,0.010000000000000002
514.16,0.010000000000000002
514.2,0.006000000000000005
514.24,0.0040000000000000036
514.28,0.006000000000000005
514.32,0.008
514.36,0.0
514.4,0.0040000000000000036
514.44,0.010000000000000002
514.48,0.006000000000000005
514.52,0.0020000000000000018
514.5600000000001,0.006000000000000005
514.6,0.006000000000000005
514.64,0.0020000000000000018
514.6800000000001,0.0040000000000000036
514.72,0.010000000000000002
514.76,0.010000000000000002
514.8,0.006000000000000005
514.84,0.010000000000000002
514.88,0.012000000000000004
514.92,0.006000000000000005
514.96,0.008
515.0,0.008
515.04,0.0040000000000000036
515.08,0.0040000000000000036
515.12,0.010000000000000002
515.16,0.008
515.2,0.0020000000000000018
515.24,0.0020000000000000018
515.28,0.006000000000000005
515.32,0.010000000000000002
515.36,0.010000000000000002
515.4,0.012000000000000004
515.44,0.008
515.48,0.010000000000000002
515.52,0.010000000000000002
515.5600000000001,0.006000000000000005
515.6,0.0
515.64,0.0040000000000000036
515.6800000000001,0.010000000000000002
515.72,0.008
515.76,0.0020000000000000018
515.8,0.008
515.84,0.006000000000000005
515.88,0.0020000000000000018
515.92,0.0040000000000000036
515.96,0.006000000000000005
516.0,0.006000000000000005
516.04,0.008
516.08,0.013999999999999999
516.12,0.012000000000000004
516.16,0.008
516.2,0.008
516.24,0.010000000000000002
516.28,0.0040000000000000036
516.32,0.006000000000000005
516.36,0.010000000000000002
516.4,0.006000000000000005
516.44,0.0020000000000000018
516.48,0.0020000000000000018
516.52,0.0040000000000000036
516.5600000000001,0.0040000000000000036
516.6,0.006000000000000005
516.64,0.010000000000000002
516.6800000000001,0.0040000000000000036
516.72,0.010000000000000002
516.76,0.013999999999999999
516.8,0.006000000000000005
516.84,0.0020000000000000018
516.88,0.0040000000000000036
516.92,0.010000000000000002
516.96,0.0040000000000000036
517.0,0.006000000000000005
517.04,0.008
517.08,0.006000000000000005
517.12,0.0020000000000000018
517.16,0.0020000000000000018
517.2,0.0020000000000000018
517.24,-0.0020000000000000018
517.28,0.0040000000000000036
517.32,0.012000000000000004
517.36,0.010000000000000002
517.4,0.006000000000000005
517.44,0.010000000000000002
517.48,0.010000000000000002
517.52,0.006000000000000005
517.5600000000001,0.008
517.6,0.010000000000000002
517.64,0.008
517.6800000000001,0.006000000000000005
517.72,0.006000000000000005
517.76,0.0040000000000000036
517.8,0.0040000000000000036
517.84,0.006000000000000005
517.88,0.006000000000000005
517.92,0.006000000000000005
517.96,0.012000000000000004
518.0,0.013999999999999999
518.04,0.006000000000000005
518.08,0.0040000000000000036
518.12,0.010000000000000002
518.16,0.010000000000000002
518.2,0.0020000000000000018
518.24,0.006000000000000005
518.28,0.010000000000000002
518.32,0.008
518.36,0.006000000000000005
518.4,0.006000000000000005
518.44,0.0020000000000000018
518.48,-0.0020000000000000018
518.52,0.0020000000000000018
518.5600000000001,0.008
518.6,0.0020000000000000018
518.64,0.0040000000000000036
518.6800000000001,0.010000000000000002
518.72,0.010000000000000002
518.76,0.006000000000000005
518.8,0.006000000000000005
518.84,0.010000000000000002
518.88,0.006000000000000005
518.92,0.006000000000000005
518.96,0.008
519.0,0.006000000000000005
519.04,0.006000000000000005
519.08,0.0040000000000000036
519.12,0.0
519.16,0.0
519.2,0.008
519.24,0.012000000000000004
519.28,0.006000000000000005
519.32,0.0040000000000000036
519.36,0.010000000000000002
519.4,0.012000000000000004
519.44,0.006000000000000005
519.48,0.0020000000000000018
519.52,0.008
519.5600000000001,0.010000000000000002
519.6,0.010000000000000002
519.64,0.010000000000000002
519.6800000000001,0.006000000000000005
519.72,0.0020000000000000018
519.76,0.0020000000000000018
519.8,0.006000000000000005
519.84,0.0020000000000000018
519.88,0.0020000000000000018
519.92,0.010000000000000002
519.96,0.012000000000000004
520.0,0.006000000000000005
520.04,0.006000000000000005
520.08,0.010000000000000002
520.12,0.006000000000000005
520.16,0.0020000000000000018
520.2,0.010000000000000002
520.24,0.010000000000000002
520.28,0.008
520.32,0.006000000000000005
520.36,0.0020000000000000018
520.4,0.0
520.44,0.006000000000000005
520.48,0.008
520.52,0.0020000000000000018
520.5600000000001,0.0040000000000000036
520.6,0.012000000000000004
520.64,0.012000000000000004
520.6800000000001,0.0040000000000000036
520.72,0.0020000000000000018
520.76,0.010000000000000002
520.8,0.008
520.84,0.008
520.88,0.010000000000000002
520.92,0.010000000000000002
520.96,0.0020000000000000018
521.0,0.006000000000000005
521.04,0.006000000000000005
521.08,-0.0020000000000000018
521.12,-0.003999999999999997
521.16,0.006000000000000005
521.2,0.008
521.24,0.0040000000000000036
521.28,0.008
521.32,0.010000000000000002
521.36,0.006000000000000005
521.4,0.0040000000000000036
521.44,0.010000000000000002
521.48,0.010000000000000002
521.52,0.010000000000000002
521.5600000000001,0.006000000000000005
521.6,0.006000000000000005
521.64,0.0040000000000000036
521.6800000000001,0.006000000000000005
521.72,0.006000000000000005
521.76,0.0020000000000000018
521.8,0.0020000000000000018
521.84,0.012000000000000004
521.88,0.012000000000000004
521.92,0.006000000000000005
521.96,0.0040000000000000036
522.0,0.010000000000000002
522.04,0.010000000000000002
522.08,0.006000000000000005
522.12,0.010000000000000002
522.16,0.008
522.2,0.010000000000000002
522.24,0.013999999999999999
522.28,0.010000000000000002
522.32,-0.0020000000000000018
522.36,-0.0020000000000000018
522.4,0.006000000000000005
522.44,0.0040000000000000036
522.48,0.0020000000000000018
522.52,0.0040000000000000036
522.5600000000001,0.010000000000000002
522.6,0.0040000000000000036
522.64,0.0040000000000000036
522.6800000000001,0.006000000000000005
522.72,0.010000000000000002
522.76,0.010000000000000002
522.8,0.008
522.84,0.0040000000000000036
522.88,0.006000000000000005
522.92,0.006000000000000005
522.96,0.0020000000000000018
523.0,-0.0020000000000000018
523.04,0.0020000000000000018
523.08,0.006000000000000005
523.12,0.006000000000000005
523.16,0.0020000000000000018
523.2,0.006000000000000005
523.24,0.008
523.28,0.008
523.32,0.006000000000000005
523.36,0.0040000000000000036
523.4,0.006000000000000005
523.44,0.010000000000000002
523.48,0.016
523.52,0.010000000000000002
523.5600000000001,0.0040000000000000036
523.6,0.006000000000000005
523.64,0.008
523.6800000000001,0.0040000000000000036
523.72,-0.0020000000000000018
523.76,0.0040000000000000036
523.8,0.010000000000000002
523.84,0.008
523.88,0.008
523.92,0.006000000000000005
523.96,0.006000000000000005
524.0,0.008
524.04,0.006000000000000005
524.08,0.006000000000000005
524.12,0.010000000000000002
524.16,0.010000000000000002
524.2,0.006000000000000005
524.24,0.0020000000000000018
524.28,0.0020000000000000018
524.32,0.0040000000000000036
524.36,0.0020000000000000018
524.4,0.0020000000000000018
524.44,0.006000000000000005
524.48,0.010000000000000002
524.52,0.006000000000000005
524.5600000000001,0.0040000000000000036
524.6,0.0020000000000000018
524.64,0.0020000000000000018
524.6800000000001,0.008
524.72,0.013999999999999999
524.76,0.010000000000000002
524.8,0.006000000000000005
524.84,0.008
524.88,0.010000000000000002
524.92,0.0040000000000000036
524.96,-0.0020000000000000018
525.0,0.0020000000000000018
525.04,0.006000000000000005
525.08,0.0040000000000000036
525.12,0.006000000000000005
525.16,0.006000000000000005
525.2,0.0040000000000000036
525.24,0.006000000000000005
525.28,0.006000000000000005
525.32,0.006000000000000005
525.36,0.006000000000000005
525.4,0.010000000000000002
525.44,0.010000000000000002
525.48,0.006000000000000005
525.52,0.006000000000000005
525.5600000000001,0.006000000000000005
525.6,0.0020000000000000018
525.64,-0.0020000000000000018
525.6800000000001,0.0040000000000000036
525.72,0.010000000000000002
525.76,0.0040000000000000036
525.8,0.0020000000000000018
525.84,0.006000000000000005
525.88,0.0020000000000000018
525.92,0.0040000000000000036
525.96,0.010000000000000002
526.0,0.010000000000000002
526.04,0.0020000000000000018
526.08,0.010000000000000002
526.12,0.018000000000000002
526.16,0.010000000000000002
526.2,0.0020000000000000018
526.24,0.006000000000000005
526.28,0.006000000000000005
526.32,0.0020000000000000018
526.36,0.0040000000000000036
526.4,0.008
526.44,0.0040000000000000036
526.48,0.006000000000000005
526.52,0.010000000000000002
526.5600000000001,0.006000000000000005
526.6,0.0020000000000000018
526.64,0.010000000000000002
526.6800000000001,0.010000000000000002
526.72,0.0040000000000000036
526.76,0.008
526.8,0.010000000000000002
526.84,0.0020000000000000018
526.88,-0.0020000000000000018
526.92,0.0040000000000000036
526.96,0.006000000000000005
527.0,0.0020000000000000018
527.04,0.0020000000000000018
527.08,0.006000000000000005
527.12,0.0020000000000000018
527.16,0.0020000000000000018
527.2,0.006000000000000005
527.24,0.0020000000000000018
527.28,-0.0020000000000000018
527.32,0.010000000000000002
527.36,0.016
527.4,0.010000000000000002
527.44,0.0040000000000000036
527.48,0.008
527.52,0.008
527.5600000000001,0.0
527.6,0.0020000000000000018
527.64,0.0040000000000000036
527.6800000000001,0.0040000000000000036
527.72,0.0040000000000000036
527.76,0.010000000000000002
527.8,0.006000000000000005
527.84,0.0040000000000000036
527.88,0.006000000000000005
527.92,0.010000000000000002
527.96,0.006000000000000005
528.0,0.010000000000000002
528.04,0.012000000000000004
528.08,0.008
528.12,0.0040000000000000036
528.16,0.006000000000000005
528.2,0.0040000000000000036
528.24,0.0020000000000000018
528.28,0.0040000000000000036
528.32,0.006000000000000005
528.36,0.0040000000000000036
528.4,0.0040000000000000036
528.44,0.006000000000000005
528.48,0.0020000000000000018
528.52,-0.003999999999999997
528.5600000000001,0.0040000000000000036
528.6,0.010000000000000002
528.64,0.006000000000000005
528.6800000000001,0.006000000000000005
528.72,0.010000000000000002
528.76,0.010000000000000002
528.8,0.0040000000000000036
528.84,0.0020000000000000018
528.88,0.0020000000000000018
528.92,0.0040000000000000036
528.96,0.0020000000000000018
529.0,0.006000000000000005
529.04,0.0040000000000000036
529.08,0.0020000000000000018
529.12,0.0040000000000000036
529.16,0.010000000000000002
529.2,0.010000000000000002
529.24,0.006000000000000005
529.28,0.010000000000000002
529.32,0.010000000000000002
529.36,0.010000000000000002
529.4,0.006000000000000005
529.44,0.0040000000000000036
529.48,0.0020000000000000018
529.52,0.0020000000000000018
529.5600000000001,0.006000000000000005
529.6,0.0040000000000000036
529.64,0.0040000000000000036
529.6800000000001,0.008
529.72,0.0040000000000000036
529.76,0.0
529.8,0.0040000000000000036
529.84,0.008
529.88,0.006000000000000005
529.92,0.0020000000000000018
529.96,0.010000000000000002
530.0,0.012000000000000004
530.04,0.006000000000000005
530.08,0.0040000000000000036
530.12,0.006000000000000005
530.16,0.0040000000000000036
530.2,0.0020000000000000018
530.24,0.006000000000000005
530.28,0.0040000000000000036
530.32,0.0020000000000000018
530.36,0.0040000000000000036
530.4,0.010000000000000002
530.44,0.0040000000000000036
530.48,0.0
530.52,0.006000000000000005
530.5600000000001,0.012000000000000004
530.6,0.010000000000000002
530.64,0.010000000000000002
530.6800000000001,0.010000000000000002
530.72,0.0040000000000000036
530.76,0.0040000000000000036
530.8,0.006000000000000005
530.84,0.0020000000000000018
530.88,0.0020000000000000018
530.92,0.006000000000000005
530.96,0.006000000000000005
531.0,0.0020000000000000018
531.04,0.0020000000000000018
531.08,0.006000000000000005
531.12,0.0
531.16,-0.0020000000000000018
531.2,0.006000000000000005
531.24,0.010000000000000002
531.28,0.006000000000000005
531.32,0.006000000000000005
531.36,0.010000000000000002
531.4,0.0040000000000000036
531.44,0.0020000000000000018
531.48,0.0040000000000000036
531.52,0.0020000000000000018
531.5600000000001,0.0
531.6,0.006000000000000005
531.64,0.008
531.6800000000001,0.0020000000000000018
531.72,-0.0020000000000000018
531.76,0.0020000000000000018
531.8,0.010000000000000002
531.84,0.008
531.88,0.010000000000000002
531.92,0.010000000000000002
531.96,0.008
532.0,0.010000000000000002
532.04,0.010000000000000002
532.08,0.0020000000000000018
532.12,0.0020000000000000018
532.16,0.008
532.2,0.006000000000000005
532.24,0.0040000000000000036
532.28,0.010000000000000002
532.32,0.008
532.36,-0.0020000000000000018
532.4,-0.0020000000000000018
532.44,0.006000000000000005
532.48,0.006000000000000005
532.52,0.0040000000000000036
532.5600000000001,0.010000000000000002
532.6,0.010000000000000002
532.64,0.006000000000000005
532.6800000000001,0.006000000000000005
532.72,0.008
532.76,0.0020000000000000018
532.8,-0.0020000000000000018
532.84,0.006000000000000005
532.88,0.006000000000000005
532.92,-0.0020000000000000018
532.96,-0.0020000000000000018
533.0,0.0040000000000000036
533.04,0.0040000000000000036
533.08,0.0020000000000000018
533.12,0.0040000000000000036
533.16,0.006000000000000005
533.2,0.006000000000000005
533.24,0.012000000000000004
533.28,0.010000000000000002
533.32,0.0020000000000000018
533.36,0.0020000000000000018
533.4,0.006000000000000005
533.44,0.0040000000000000036
533.48,0.0020000000000000018
533.52,0.008
533.5600000000001,0.010000000000000002
533.6,0.0020000000000000018
533.64,0.0020000000000000018
533.6800000000001,0.006000000000000005
533.72,0.0020000000000000018
533.76,0.0
533.8,0.006000000000000005
533.84,0.008
533.88,0.008
533.92,0.008
533.96,0.010000000000000002
534.0,0.0040000000000000036
534.04,0.0020000000000000018
534.08,0.006000000000000005
534.12,0.006000000000000005
534.16,0.0020000000000000018
534.2,-0.0020000000000000018
534.24,0.006000000000000005
534.28,0.0040000000000000036
534.32,0.0
534.36,0.0
534.4,0.0020000000000000018
534.44,0.006000000000000005
534.48,0.010000000000000002
534.52,0.010000000000000002
534.5600000000001,0.006000000000000005
534.6,0.006000000000000005
534.64,0.006000000000000005
534.6800000000001,0.0040000000000000036
534.72,0.0
534.76,0.006000000000000005
534.8,0.008
534.84,0.0040000000000000036
534.88,0.0020000000000000018
534.92,0.006000000000000005
534.96,0.0020000000000000018
535.0,-0.0020000000000000018
535.04,0.0
535.08,0.0040000000000000036
535.12,0.0040000000000000036
535.16,0.006000000000000005
535.2,0.010000000000000002
535.24,0.008
535.28,0.0020000000000000018
535.32,0.006000000000000005
535.36,0.008
535.4,0.0
535.44,-0.0020000000000000018
535.48,0.008
535.52,0.006000000000000005
535.5600000000001,-0.0020000000000000018
535.6,-0.003999999999999997
535.64,0.0020000000000000018
535.6800000000001,0.0020000000000000018
535.72,0.0020000000000000018
535.76,0.006000000000000005
535.8,0.0040000000000000036
535.84,0.0040000000000000036
535.88,0.010000000000000002
535.92,0.006000000000000005
535.96,-0.0020000000000000018
536.0,0.0020000000000000018
536.04,0.010000000000000002
536.08,0.006000000000000005
536.12,0.0020000000000000018
536.16,0.008
536.2,0.006000000000000005
536.24,0.0
536.28,0.0
536.32,0.0040000000000000036
536.36,0.0
536.4,0.0020000000000000018
536.44,0.010000000000000002
536.48,0.010000000000000002
536.52,0.0020000000000000018
536.5600000000001,0.010000000000000002
536.6,0.010000000000000002
536.64,0.0
536.6800000000001,0.0
536.72,0.012000000000000004
536.76,0.010000000000000002
536.8,-0.003999999999999997
536.84,-0.003999999999999997
536.88,0.0020000000000000018
536.92,0.0
536.96,-0.0020000000000000018
537.0,0.0020000000000000018
537.04,0.0020000000000000018
537.08,0.0040000000000000036
537.12,0.010000000000000002
537.16,0.006000000000000005
537.2,-0.0020000000000000018
537.24,0.0020000000000000018
537.28,0.008
537.32,0.0020000000000000018
537.36,0.0020000000000000018
537.4,0.006000000000000005
537.44,0.008
537.48,0.0020000000000000018
537.52,0.0020000000000000018
537.5600000000001,0.0020000000000000018
537.6,-0.003999999999999997
537.64,-0.0020000000000000018
537.6800000000001,0.006000000000000005
537.72,0.006000000000000005
537.76,0.0020000000000000018
537.8,0.010000000000000002
537.84,0.010000000000000002
537.88,0.0020000000000000018
537.92,0.0020000000000000018
537.96,0.010000000000000002
538.0,0.010000000000000002
538.04,-0.0020000000000000018
538.08,0.0020000000000000018
538.12,0.006000000000000005
538.16,0.0040000000000000036
538.2,-0.0020000000000000018
538.24,-0.0020000000000000018
538.28,-0.0020000000000000018
538.32,0.0020000000000000018
538.36,0.008
538.4,0.006000000000000005
538.44,0.0020000000000000018
538.48,0.0040000000000000036
538.52,0.008
538.5600000000001,0.0020000000000000018
538.6,0.0
538.64,0.0040000000000000036
538.6800000000001,0.006000000000000005
538.72,0.0040000000000000036
538.76,0.0040000000000000036
538.8,0.0040000000000000036
538.84,0.0
538.88,-0.0020000000000000018
538.92,0.0020000000000000018
538.96,0.0
539.0,0.0
539.04,0.006000000000000005
539.08,0.010000000000000002
539.12,0.006000000000000005
539.16,0.0040000000000000036
539.2,0.010000000000000002
539.24,0.006000000000000005
539.28,-0.0020000000000000018
539.32,0.0020000000000000018
539.36,0.010000000000000002
539.4,0.006000000000000005
539.44,-0.0020000000000000018
539.48,-0.003999999999999997
539.52,-0.0020000000000000018
539.5600000000001,-0.0020000000000000018
539.6,0.0020000000000000018
539.64,0.0040000000000000036
539.6800000000001,0.0020000000000000018
539.72,0.0040000000000000036
539.76,0.006000000000000005
539.8,0.0020000000000000018
539.84,-0.0020000000000000018
539.88,0.0020000000000000018
539.92,0.0040000000000000036
539.96,0.006000000000000005
540.0,0.006000000000000005
540.04,0.006000000000000005
540.08,0.0040000000000000036
540.12,0.0020000000000000018
540.16,0.0020000000000000018
540.2,-0.0020000000000000018
540.24,-0.0020000000000000018
540.28,0.0020000000000000018
540.32,0.006000000000000005
540.36,0.0040000000000000036
540.4,0.0040000000000000036
540.44,0.010000000000000002
540.48,0.006000000000000005
540.52,-0.0020000000000000018
540.5600000000001,0.006000000000000005
540.6,0.012000000000000004
540.64,0.010000000000000002
540.6800000000001,0.0020000000000000018
540.72,0.0020000000000000018
540.76,0.0020000000000000018
540.8,0.0
540.84,0.0
540.88,0.0020000000000000018
540.92,0.0
540.96,0.0020000000000000018
541.0,0.006000000000000005
541.04,0.006000000000000005
541.08,-0.0020000000000000018
541.12,0.0020000000000000018
541.16,0.006000000000000005
541.2,0.0020000000000000018
541.24,0.0020000000000000018
541.28,0.006000000000000005
541.32,0.006000000000000005
541.36,0.0040000000000000036
541.4,0.006000000000000005
541.44,0.0
541.48,-0.003999999999999997
541.52,-0.0020000000000000018
541.5600000000001,0.0020000000000000018
541.6,-0.003999999999999997
541.64,0.0
541.6800000000001,0.008
541.72,0.0040000000000000036
541.76,-0.0020000000000000018
541.8,0.006000000000000005
541.84,0.010000000000000002
541.88,0.006000000000000005
541.92,0.0020000000000000018
541.96,0.006000000000000005
542.0,0.0040000000000000036
542.04,0.0020000000000000018
542.08,0.0020000000000000018
542.12,-0.0020000000000000018
542.16,-0.003999999999999997
542.2,0.0020000000000000018
542.24,0.006000000000000005
542.28,0.0020000000000000018
542.32,0.0
542.36,0.0040000000000000036
542.4,0.0040000000000000036
542.44,-0.0020000000000000018
542.48,0.0020000000000000018
542.52,0.0040000000000000036
542.5600000000001,0.006000000000000005
542.6,0.008
542.64,0.010000000000000002
542.6800000000001,0.0020000000000000018
542.72,0.0
542.76,0.0020000000000000018
542.8,-0.0020000000000000018
542.84,-0.003999999999999997
542.88,0.0020000000000000018
542.92,0.006000000000000005
542.96,0.0020000000000000018
543.0,0.0
543.04,0.006000000000000005
543.08,0.008
543.12,0.0020000000000000018
543.16,0.0
543.2,0.006000000000000005
543.24,0.006000000000000005
543.28,0.006000000000000005
543.32,0.006000000000000005
543.36,0.0
543.4,-0.003999999999999997
543.44,0.0020000000000000018
543.48,0.0020000000000000018
543.52,-0.0020000000000000018
543.5600000000001,-0.0020000000000000018
543.6,0.0040000000000000036
543.64,0.006000000000000005
543.6800000000001,0.0
543.72,-0.0020000000000000018
543.76,-0.0020000000000000018
543.8,0.0020000000000000018
543.84,0.006000000000000005
543.88,0.010000000000000002
543.92,0.0020000000000000018
543.96,0.0040000000000000036
544.0,0.006000000000000005
544.04,0.0020000000000000018
544.08,-0.005999999999999998
544.12,-0.0020000000000000018
544.16,0.0020000000000000018
544.2,-0.003999999999999997
544.24,-0.0020000000000000018
544.28,0.006000000000000005
544.32,0.006000000000000005
544.36,-0.0020000000000000018
544.4,0.0020000000000000018
544.44,0.006000000000000005
544.48,0.006000000000000005
544.52,0.006000000000000005
544.5600000000001,0.010000000000000002
544.6,0.006000000000000005
544.64,0.0020000000000000018
544.6800000000001,0.0020000000000000018
544.72,0.0040000000000000036
544.76,-0.0020000000000000018
544.8,-0.0020000000000000018
544.84,0.0040000000000000036
544.88,0.0040000000000000036
544.92,0.0020000000000000018
544.96,0.0
545.0,0.0
545.04,0.0
545.08,0.0020000000000000018
545.12,0.0040000000000000036
545.16,0.0020000000000000018
545.2,0.0040000000000000036
545.24,0.010000000000000002
545.28,0.008
545.32,0.0
545.36,0.0
545.4,0.0020000000000000018
545.44,-0.003999999999999997
545.48,-0.003999999999999997
545.52,0.0040000000000000036
545.5600000000001,0.0020000000000000018
545.6,-0.0020000000000000018
545.64,0.0020000000000000018
545.6800000000001,0.0040000000000000036
545.72,0.0020000000000000018
545.76,0.0020000000000000018
545.8,0.006000000000000005
545.84,0.0040000000000000036
545.88,0.0020000000000000018
545.92,0.006000000000000005
545.96,0.006000000000000005
546.0,0.0
546.04,-0.003999999999999997
546.08,0.0020000000000000018
546.12,0.0040000000000000036
546.16,0.0
546.2,0.0020000000000000018
546.24,0.0040000000000000036
546.28,0.0020000000000000018
546.32,0.0020000000000000018
546.36,-0.0020000000000000018
546.4,-0.0020000000000000018
546.44,0.0
546.48,0.010000000000000002
546.52,0.010000000000000002
546.5600000000001,0.0040000000000000036
546.6,0.0040000000000000036
546.64,0.0040000000000000036
546.6800000000001,-0.0020000000000000018
546.72,-0.003999999999999997
546.76,0.0020000000000000018
546.8000000000001,0.0020000000000000018
546.84,-0.0020000000000000018
546.88,0.0020000000000000018
546.92,0.006000000000000005
546.96,0.0
547.0,-0.0020000000000000018
547.04,0.006000000000000005
547.08,0.0020000000000000018
547.12,0.0020000000000000018
547.16,0.010000000000000002
547.2,0.010000000000000002
547.24,0.0020000000000000018
547.28,0.0
547.32,0.0040000000000000036
547.36,0.0040000000000000036
547.4,-0.0020000000000000018
547.44,0.0020000000000000018
547.48,0.0040000000000000036
547.52,0.0020000000000000018
547.5600000000001,0.0020000000000000018
547.6,-0.0020000000000000018
547.64,-0.005999999999999998
547.6800000000001,-0.0020000000000000018
547.72,0.006000000000000005
547.76,0.006000000000000005
547.8000000000001,0.0020000000000000018
547.84,0.006000000000000005
547.88,0.006000000000000005
547.92,0.0020000000000000018
547.96,0.0
548.0,0.0020000000000000018
548.04,-0.0020000000000000018
548.08,-0.003999999999999997
548.12,0.0020000000000000018
548.16,0.0020000000000000018
548.2,-0.0020000000000000018
548.24,-0.0020000000000000018
548.28,0.0020000000000000018
548.32,0.0
548.36,0.0
548.4,0.006000000000000005
548.44,0.008
548.48,0.0040000000000000036
548.52,0.0040000000000000036
548.5600000000001,0.006000000000000005
548.6,0.0020000000000000018
548.64,-0.0020000000000000018
548.6800000000001,0.0020000000000000018
548.72,0.0040000000000000036
548.76,0.006000000000000005
548.8000000000001,0.006000000000000005
548.84,0.0
548.88,-0.003999999999999997
548.92,0.0020000000000000018
548.96,0.0020000000000000018
549.0,0.0020000000000000018
549.04,0.0020000000000000018
549.08,0.006000000000000005
549.12,0.010000000000000002
549.16,0.006000000000000005
549.2,0.006000000000000005
549.24,0.0020000000000000018
549.28,0.0
549.32,-0.0020000000000000018
549.36,0.0020000000000000018
549.4,0.0020000000000000018
549.44,-0.003999999999999997
549.48,0.0020000000000000018
549.52,0.0020000000000000018
549.5600000000001,-0.003999999999999997
549.6,-0.003999999999999997
549.64,0.0040000000000000036
549.6800000000001,0.0020000000000000018
549.72,0.0020000000000000018
549.76,0.0040000000000000036
549.8000000000001,0.006000000000000005
549.84,0.0020000000000000018
549.88,0.0020000000000000018
549.92,0.0
549.96,0.0
550.0,0.0020000000000000018
550.04,0.0040000000000000036
550.08,0.0
550.12,-0.0020000000000000018
550.16,0.0040000000000000036
550.2,0.0020000000000000018
550.24,-0.003999999999999997
550.28,-0.005999999999999998
550.32,0.0020000000000000018
550.36,0.0040000000000000036
550.4,0.006000000000000005
550.44,0.008
550.48,0.006000000000000005
550.52,0.0
550.5600000000001,0.0040000000000000036
550.6,0.008
550.64,0.0
550.6800000000001,-0.0020000000000000018
550.72,0.006000000000000005
550.76,0.0020000000000000018
550.8000000000001,-0.003999999999999997
550.84,-0.0020000000000000018
550.88,0.0040000000000000036
550.92,-0.0020000000000000018
550.96,-0.003999999999999997
551.0,0.0020000000000000018
551.04,0.008
551.08,0.0040000000000000036
551.12,0.0040000000000000036
551.16,0.0020000000000000018
551.2,0.0020000000000000018
551.24,0.0020000000000000018
551.28,0.0020000000000000018
551.32,0.0
551.36,0.0020000000000000018
551.4,0.006000000000000005
551.44,0.006000000000000005
551.48,-0.0020000000000000018
551.52,-0.003999999999999997
551.5600000000001,-0.0020000000000000018
551.6,0.0020000000000000018
551.64,0.0040000000000000036
551.6800000000001,0.0040000000000000036
551.72,0.0040000000000000036
551.76,0.0040000000000000036
551.8000000000001,0.006000000000000005
551.84,0.006000000000000005
551.88,-0.0020000000000000018
551.92,0.0
551.96,0.006000000000000005
552.0,0.0020000000000000018
552.04,-0.0020000000000000018
552.08,0.0
552.12,0.0020000000000000018
552.16,-0.003999999999999997
552.2,-0.005999999999999998
552.24,0.0
552.28,0.0040000000000000036
552.32,0.0020000000000000018
552.36,0.0020000000000000018
552.4,0.0040000000000000036
552.44,0.0020000000000000018
552.48,0.0020000000000000018
552.52,0.0020000000000000018
552.5600000000001,-0.0020000000000000018
552.6,0.0
552.64,0.008
552.6800000000001,0.006000000000000005
552.72,-0.0020000000000000018
552.76,-0.003999999999999997
552.8000000000001,0.0
552.84,0.0
552.88,0.0
552.92,0.0
552.96,0.0
553.0,0.0020000000000000018
553.04,0.008
553.08,0.008
553.12,0.0020000000000000018
553.16,0.0020000000000000018
553.2,0.010000000000000002
553.24,0.006000000000000005
553.28,0.0020000000000000018
553.32,0.006000000000000005
553.36,0.006000000000000005
553.4,-0.0020000000000000018
553.44,-0.003999999999999997
553.48,0.0
553.52,0.0020000000000000018
553.5600000000001,0.0
553.6,0.0020000000000000018
553.64,0.0040000000000000036
553.6800000000001,0.0040000000000000036
553.72,0.0020000000000000018
553.76,0.0020000000000000018
553.8000000000001,-0.0020000000000000018
553.84,0.0
553.88,0.006000000000000005
553.92,0.0020000000000000018
553.96,-0.0020000000000000018
554.0,0.0
554.04,0.0020000000000000018
554.08,0.0
554.12,-0.003999999999999997
554.16,-0.003999999999999997
554.2,-0.003999999999999997
554.24,0.0
554.28,0.006000000000000005
554.32,0.0040000000000000036
554.36,0.0
554.4,0.0020000000000000018
554.44,0.006000000000000005
554.48,0.0020000000000000018
554.52,0.0
554.5600000000001,0.008
554.6,0.010000000000000002
554.64,0.0020000000000000018
554.6800000000001,-0.0020000000000000018
554.72,0.0020000000000000018
554.76,0.0
554.8000000000001,-0.003999999999999997
554.84,-0.0020000000000000018
554.88,0.0020000000000000018
554.92,0.0040000000000000036
554.96,0.006000000000000005
555.0,0.0040000000000000036
555.04,0.0
555.08,0.0020000000000000018
555.12,0.006000000000000005
555.16,0.0020000000000000018
555.2,0.0
555.24,0.0040000000000000036
555.28,0.008
555.32,0.006000000000000005
555.36,-0.0020000000000000018
555.4,-0.003999999999999997
555.44,-0.0020000000000000018
555.48,0.0020000000000000018
555.52,-0.0020000000000000018
555.5600000000001,-0.003999999999999997
555.6,-0.003999999999999997
555.64,0.0040000000000000036
555.6800000000001,0.006000000000000005
555.72,0.0020000000000000018
555.76,-0.0020000000000000018
555.8000000000001,0.006000000000000005
555.84,0.008
555.88,0.0020000000000000018
555.92,0.0020000000000000018
555.96,0.006000000000000005
556.0,0.0
556.04,-0.005999999999999998
556.08,-0.003999999999999997
556.12,0.0
556.16,0.0020000000000000018
556.2,0.0020000000000000018
556.24,0.0020000000000000018
556.28,0.0020000000000000018
556.32,0.0020000000000000018
556.36,0.006000000000000005
556.4,0.0
556.44,-0.003999999999999997
556.48,0.0020000000000000018
556.52,0.010000000000000002
556.5600000000001,0.006000000000000005
556.6,-0.0020000000000000018
556.64,-0.0020000000000000018
556.6800000000001,-0.0020000000000000018
556.72,-0.0020000000000000018
556.76,0.0020000000000000018
556.8000000000001,-0.0020000000000000018
556.84,-0.003999999999999997
556.88,0.0020000000000000018
556.92,0.0040000000000000036
556.96,-0.003999999999999997
557.0,-0.003999999999999997
557.04,0.0040000000000000036
557.08,0.008
557.12,0.0020000000000000018
557.16,0.006000000000000005
557.2,0.010000000000000002
557.24,0.0040000000000000036
557.28,-0.003999999999999997
557.32,-0.0020000000000000018
557.36,0.0020000000000000018
557.4,-0.0020000000000000018
557.44,0.0020000000000000018
557.48,0.0040000000000000036
557.52,0.0020000000000000018
557.5600000000001,0.0020000000000000018
557.6,0.0040000000000000036
557.64,0.0
557.6800000000001,-0.003999999999999997
557.72,0.0040000000000000036
557.76,0.010000000000000002
557.8000000000001,0.006000000000000005
557.84,0.0020000000000000018
557.88,0.0020000000000000018
557.92,0.0020000000000000018
557.96,0.0020000000000000018
558.0,0.0
558.04,-0.0020000000000000018
558.08,-0.005999999999999998
558.12,0.0
558.16,0.0020000000000000018
558.2,-0.003999999999999997
558.24,-0.005999999999999998
558.28,0.0020000000000000018
558.32,0.0020000000000000018
558.36,-0.003999999999999997
558.4,0.0020000000000000018
558.44,0.010000000000000002
558.48,0.006000000000000005
558.52,0.0
558.5600000000001,0.0020000000000000018
558.6,-0.0020000000000000018
558.64,-0.003999999999999997
558.6800000000001,-0.0020000000000000018
558.72,0.0020000000000000018
558.76,0.0
558.8000000000001,0.0020000000000000018
558.84,0.0040000000000000036
558.88,0.0
558.92,-0.003999999999999997
558.96,0.0020000000000000018
559.0,0.006000000000000005
559.04,0.0040000000000000036
559.08,0.0020000000000000018
559.12,0.0040000000000000036
559.16,0.008
559.2,0.006000000000000005
559.24,0.0020000000000000018
559.28,-0.0020000000000000018
559.32,-0.0020000000000000018
559.36,0.0020000000000000018
559.4,0.006000000000000005
559.44,-0.0020000000000000018
559.48,-0.003999999999999997
559.52,0.0020000000000000018
559.5600000000001,-0.0020000000000000018
559.6,-0.003999999999999997
559.64,-0.0020000000000000018
559.6800000000001,0.006000000000000005
559.72,0.006000000000000005
559.76,0.0020000000000000018
559.8000000000001,0.0040000000000000036
559.84,0.0040000000000000036
559.88,-0.0020000000000000018
559.92,-0.003999999999999997
559.96,-0.0020000000000000018
560.0,-0.0020000000000000018
560.04,-0.0020000000000000018
560.08,0.0020000000000000018
560.12,0.0
560.16,-0.003999999999999997
560.2,-0.0020000000000000018
560.24,0.0020000000000000018
560.28,-0.0020000000000000018
560.32,-0.0020000000000000018
560.36,0.0040000000000000036
560.4,0.010000000000000002
560.44,0.0040000000000000036
560.48,0.0020000000000000018
560.52,0.0
560.5600000000001,0.0020000000000000018
560.6,0.0020000000000000018
560.64,0.0020000000000000018
560.6800000000001,0.0
560.72,-0.0020000000000000018
560.76,0.0020000000000000018
560.8000000000001,0.0
560.84,-0.005999999999999998
560.88,-0.005999999999999998
560.92,0.0020000000000000018
560.96,0.0020000000000000018
561.0,0.0
561.04,0.006000000000000005
561.08,0.010000000000000002
561.12,0.0020000000000000018
561.16,-0.003999999999999997
561.2,0.0020000000000000018
561.24,0.0020000000000000018
561.28,-0.0020000000000000018
561.32,0.0020000000000000018
561.36,0.0020000000000000018
561.4,-0.0020000000000000018
561.44,0.0020000000000000018
561.48,0.0020000000000000018
561.52,-0.003999999999999997
561.5600000000001,-0.005999999999999998
561.6,0.0040000000000000036
561.64,0.010000000000000002
561.6800000000001,0.0020000000000000018
561.72,0.0020000000000000018
561.76,0.0040000000000000036
561.8000000000001,0.0020000000000000018
561.84,0.0020000000000000018
561.88,0.006000000000000005
561.92,0.0020000000000000018
561.96,-0.0020000000000000018
562.0,0.0040000000000000036
562.04,0.0020000000000000018
562.08,-0.005999999999999998
562.12,-0.003999999999999997
562.16,0.0020000000000000018
562.2,-0.003999999999999997
562.24,-0.003999999999999997
562.28,0.006000000000000005
562.32,0.008
562.36,0.0020000000000000018
562.4,0.0020000000000000018
562.44,0.0020000000000000018
562.48,-0.0020000000000000018
562.52,-0.003999999999999997
562.5600000000001,0.0
562.6,0.0
562.64,-0.0020000000000000018
562.6800000000001,0.0
562.72,0.0020000000000000018
562.76,-0.005999999999999998
562.8000000000001,-0.005999999999999998
562.84,0.0020000000000000018
562.88,0.0020000000000000018
562.92,-0.0020000000000000018
562.96,-0.0020000000000000018
563.0,0.0020000000000000018
563.04,0.0020000000000000018
563.08,0.006000000000000005
563.12,0.0020000000000000018
563.16,-0.0020000000000000018
563.2,0.0020000000000000018
563.24,0.006000000000000005
563.28,0.006000000000000005
563.32,0.0
563.36,0.0
563.4,0.0020000000000000018
563.44,-0.003999999999999997
563.48,-0.003999999999999997
563.52,0.0020000000000000018
563.5600000000001,0.006000000000000005
563.6,0.0020000000000000018
563.64,0.006000000000000005
563.6800000000001,0.006000000000000005
563.72,0.0020000000000000018
563.76,-0.0020000000000000018
563.8000000000001,0.0020000000000000018
563.84,0.0020000000000000018
563.88,-0.0020000000000000018
563.92,0.0020000000000000018
563.96,0.006000000000000005
564.0,-0.0020000000000000018
564.04,-0.003999999999999997
564.08,-0.0020000000000000018
564.12,-0.0020000000000000018
564.16,-0.003999999999999997
564.2,-0.003999999999999997
564.24,0.0020000000000000018
564.28,0.006000000000000005
564.32,0.0040000000000000036
564.36,0.0
564.4,-0.0020000000000000018
564.44,0.0
564.48,0.0040000000000000036
564.52,0.0040000000000000036
564.5600000000001,0.0020000000000000018
564.6,0.0
564.64,0.0020000000000000018
564.6800000000001,-0.0020000000000000018
564.72,-0.005999999999999998
564.76,-0.003999999999999997
564.8000000000001,-0.0020000000000000018
564.84,-0.0020000000000000018
564.88,0.0020000000000000018
564.92,0.006000000000000005
564.96,0.0040000000000000036
565.0,0.0
565.04,0.0020000000000000018
565.08,0.0020000000000000018
565.12,-0.0020000000000000018
565.16,0.0
565.2,0.006000000000000005
565.24,0.0020000000000000018
565.28,-0.003999999999999997
565.32,0.0020000000000000018
565.36,0.0020000000000000018
565.4,-0.008
565.44,-0.005999999999999998
565.48,0.0020000000000000018
565.52,0.0040000000000000036
565.5600000000001,0.0
565.6,0.0020000000000000018
565.64,0.0020000000000000018
565.6800000000001,-0.0020000000000000018
565.72,0.0040000000000000036
565.76,0.006000000000000005
565.8000000000001,0.0020000000000000018
565.84,0.0020000000000000018
565.88,0.008
565.92,0.0020000000000000018
565.96,-0.003999999999999997
566.0,-0.0020000000000000018
566.04,-0.0020000000000000018
566.08,-0.005999999999999998
566.12,-0.0020000000000000018
566.16,0.0040000000000000036
566.2,0.0020000000000000018
566.24,-0.0020000000000000018
566.28,0.0040000000000000036
566.32,0.006000000000000005
566.36,-0.003999999999999997
566.4,-0.0020000000000000018
566.44,0.0020000000000000018
566.48,-0.0020000000000000018
566.52,-0.0020000000000000018
566.5600000000001,0.006000000000000005
566.6,0.0020000000000000018
566.64,-0.008
566.6800000000001,-0.005999999999999998
566.72,0.0
566.76,-0.0020000000000000018
566.8000000000001,-0.003999999999999997
566.84,0.0
566.88,0.0
566.92,-0.0020000000000000018
566.96,0.0040000000000000036
567.0,0.0020000000000000018
567.04,-0.003999999999999997
567.08,0.0020000000000000018
567.12,0.008
567.16,0.0040000000000000036
567.2,0.0020000000000000018
567.24,0.0020000000000000018
567.28,-0.0020000000000000018
567.32,-0.005999999999999998
567.36,-0.0020000000000000018
567.4,-0.0020000000000000018
567.44,-0.0020000000000000018
567.48,-0.0020000000000000018
567.52,0.006000000000000005
567.5600000000001,0.006000000000000005
567.6,-0.0020000000000000018
567.64,0.0020000000000000018
567.6800000000001,0.0020000000000000018
567.72,-0.0020000000000000018
567.76,0.0020000000000000018
567.8000000000001,0.008
567.84,0.0020000000000000018
567.88,-0.003999999999999997
567.92,-0.0020000000000000018
567.96,0.0020000000000000018
568.0,-0.0020000000000000018
568.04,-0.005999999999999998
568.08,-0.003999999999999997
568.12,-0.0020000000000000018
568.16,-0.0020000000000000018
568.2,0.0020000000000000018
568.24,0.0020000000000000018
568.28,-0.0020000000000000018
568.32,-0.0020000000000000018
568.36,0.0040000000000000036
568.4,0.0020000000000000018
568.44,0.0
568.48,0.0020000000000000018
568.52,0.0020000000000000018
568.5600000000001,-0.0020000000000000018
568.6,-0.003999999999999997
568.64,-0.003999999999999997
568.6800000000001,-0.005999999999999998
568.72,-0.005999999999999998
568.76,0.0
568.8000000000001,0.0
568.84,-0.0020000000000000018
568.88,0.0020000000000000018
568.92,0.0040000000000000036
568.96,-0.0020000000000000018
569.0,-0.0020000000000000018
569.04,0.0020000000000000018
569.08,0.0
569.12,-0.003999999999999997
569.16,0.0
569.2,0.006000000000000005
569.24,-0.0020000000000000018
569.28,-0.005999999999999998
569.32,-0.005999999999999998
569.36,-0.003999999999999997
569.4,-0.003999999999999997
569.44,-0.0020000000000000018
569.48,-0.0020000000000000018
569.52,-0.003999999999999997
569.5600000000001,-0.003999999999999997
569.6,0.0
569.64,-0.0020000000000000018
569.6800000000001,-0.005999999999999998
569.72,-0.003999999999999997
569.76,0.0
569.8000000000001,-0.003999999999999997
569.84,-0.005999999999999998
569.88,-0.008
569.92,-0.011999999999999997
569.96,-0.009999999999999995
570.0,-0.011999999999999997
570.04,-0.013999999999999999
570.08,-0.013999999999999999
570.12,-0.005999999999999998
570.16,-0.005999999999999998
570.2,-0.011999999999999997
570.24,-0.011999999999999997
570.28,-0.009999999999999995
570.32,-0.013999999999999999
570.36,-0.018000000000000002
570.4,-0.011999999999999997
570.44,-0.005999999999999998
570.48,-0.011999999999999997
570.52,-0.016
570.5600000000001,-0.016
570.6,-0.018000000000000002
570.64,-0.020000000000000004
570.6800000000001,-0.018000000000000002
570.72,-0.018000000000000002
570.76,-0.020000000000000004
570.8000000000001,-0.016
570.84,-0.013999999999999999
570.88,-0.016
570.92,-0.018000000000000002
570.96,-0.013999999999999999
571.0,-0.009999999999999995
571.04,-0.013999999999999999
571.08,-0.009999999999999995
571.12,-0.011999999999999997
571.16,-0.013999999999999999
571.2,-0.013999999999999999
571.24,-0.013999999999999999
571.28,-0.020000000000000004
571.32,-0.020000000000000004
571.36,-0.011999999999999997
571.4,-0.009999999999999995
571.44,-0.013999999999999999
571.48,-0.009999999999999995
571.52,-0.005999999999999998
571.5600000000001,-0.011999999999999997
571.6,-0.011999999999999997
571.64,-0.005999999999999998
571.6800000000001,-0.003999999999999997
571.72,-0.009999999999999995
571.76,-0.005999999999999998
571.8000000000001,-0.005999999999999998
571.84,-0.009999999999999995
571.88,-0.009999999999999995
571.92,-0.009999999999999995
571.96,-0.013999999999999999
572.0,-0.013999999999999999
572.04,-0.005999999999999998
572.08,-0.003999999999999997
572.12,-0.009999999999999995
572.16,-0.008
572.2,-0.003999999999999997
572.24,-0.005999999999999998
572.28,-0.005999999999999998
572.32,-0.003999999999999997
572.36,-0.003999999999999997
572.4,-0.003999999999999997
572.44,0.0020000000000000018
572.48,-0.0020000000000000018
572.52,-0.011999999999999997
572.5600000000001,-0.009999999999999995
572.6,-0.003999999999999997
572.64,-0.005999999999999998
572.6800000000001,-0.009999999999999995
572.72,-0.003999999999999997
572.76,0.0
572.8000000000001,-0.003999999999999997
572.84,-0.003999999999999997
572.88,0.0
572.92,-0.0020000000000000018
572.96,-0.005999999999999998
573.0,-0.0020000000000000018
573.04,0.0
573.08,0.0
573.12,0.0
573.16,-0.0020000000000000018
573.2,-0.005999999999999998
573.24,-0.008
573.28,-0.003999999999999997
573.32,-0.0020000000000000018
573.36,-0.005999999999999998
573.4,-0.003999999999999997
573.44,-0.0020000000000000018
573.48,-0.0020000000000000018
573.52,-0.0020000000000000018
573.5600000000001,-0.003999999999999997
573.6,-0.003999999999999997
573.64,0.0
573.6800000000001,0.006000000000000005
573.72,0.0020000000000000018
573.76,-0.003999999999999997
573.8000000000001,-0.0020000000000000018
573.84,0.0020000000000000018
573.88,-0.003999999999999997
573.92,-0.009999999999999995
573.96,-0.003999999999999997
574.0,0.0020000000000000018
574.04,-0.0020000000000000018
574.08,-0.0020000000000000018
574.12,0.0040000000000000036
574.16,0.0020000000000000018
574.2,-0.003999999999999997
574.24,-0.0020000000000000018
574.28,0.0
574.32,0.0
574.36,0.0020000000000000018
574.4,0.0040000000000000036
574.44,-0.0020000000000000018
574.48,-0.003999999999999997
574.52,0.0
574.5600000000001,-0.0020000000000000018
574.6,-0.009999999999999995
574.64,-0.005999999999999998
574.6800000000001,0.0020000000000000018
574.72,-0.0020000000000000018
574.76,-0.003999999999999997
574.8000000000001,-0.003999999999999997
574.84,-0.003999999999999997
574.88,-0.003999999999999997
574.92,0.0020000000000000018
574.96,-0.0020000000000000018
575.0,-0.003999999999999997
575.04,0.0020000000000000018
575.08,0.006000000000000005
575.12,-0.003999999999999997
575.16,-0.009999999999999995
575.2,-0.005999999999999998
575.24,-0.005999999999999998
575.28,-0.008
575.32,-0.005999999999999998
575.36,0.0020000000000000018
575.4,0.0
575.44,-0.003999999999999997
575.48,-0.0020000000000000018
575.52,0.0
575.5600000000001,-0.003999999999999997
575.6,0.0
575.64,0.0020000000000000018
575.6800000000001,-0.0020000000000000018
575.72,0.0
575.76,0.0040000000000000036
575.8000000000001,-0.0020000000000000018
575.84,-0.005999999999999998
575.88,-0.005999999999999998
575.92,-0.0020000000000000018
575.96,-0.0020000000000000018
576.0,-0.003999999999999997
576.04,-0.0020000000000000018
576.08,-0.0020000000000000018
576.12,-0.0020000000000000018
576.16,0.0
576.2,-0.003999999999999997
576.24,-0.005999999999999998
576.28,0.0040000000000000036
576.32,0.006000000000000005
576.36,-0.0020000000000000018
576.4,-0.005999999999999998
576.44,-0.003999999999999997
576.48,-0.005999999999999998
576.52,-0.009999999999999995
576.5600000000001,-0.005999999999999998
576.6,-0.003999999999999997
576.64,-0.005999999999999998
576.6800000000001,-0.003999999999999997
576.72,-0.0020000000000000018
576.76,-0.0020000000000000018
576.8000000000001,-0.003999999999999997
576.84,-0.0020000000000000018
576.88,-0.003999999999999997
576.92,-0.003999999999999997
576.96,0.0
577.0,0.0040000000000000036
577.04,-0.0020000000000000018
577.08,-0.005999999999999998
577.12,-0.003999999999999997
577.16,-0.003999999999999997
577.2,-0.003999999999999997
577.24,-0.005999999999999998
577.28,-0.005999999999999998
577.32,-0.003999999999999997
577.36,-0.0020000000000000018
577.4,-0.0020000000000000018
577.44,-0.008
577.48,-0.005999999999999998
577.52,0.0020000000000000018
577.5600000000001,0.0020000000000000018
577.6,-0.003999999999999997
577.64,-0.0020000000000000018
577.6800000000001,0.0020000000000000018
577.72,-0.0020000000000000018
577.76,-0.005999999999999998
577.8000000000001,-0.005999999999999998
577.84,-0.008
577.88,-0.008
577.92,-0.003999999999999997
577.96,-0.0020000000000000018
578.0,-0.003999999999999997
578.04,-0.0020000000000000018
578.08,-0.0020000000000000018
578.12,-0.003999999999999997
578.16,-0.003999999999999997
578.2,-0.0020000000000000018
578.24,0.0040000000000000036
578.28,-0.0020000000000000018
578.32,-0.0020000000000000018
578.36,0.0
578.4,0.0
578.44,-0.003999999999999997
578.48,-0.005999999999999998
578.52,-0.005999999999999998
578.5600000000001,-0.003999999999999997
578.6,0.0020000000000000018
578.64,-0.0020000000000000018
578.6800000000001,-0.008
578.72,-0.003999999999999997
578.76,0.0020000000000000018
578.8000000000001,-0.0020000000000000018
578.84,-0.005999999999999998
578.88,-0.0020000000000000018
578.92,0.0040000000000000036
578.96,0.0040000000000000036
579.0,-0.0020000000000000018
579.04,-0.0020000000000000018
579.08,-0.003999999999999997
579.12,-0.009999999999999995
579.16,-0.008
579.2,-0.003999999999999997
579.24,-0.003999999999999997
579.28,-0.003999999999999997
579.32,-0.0020000000000000018
579.36,-0.003999999999999997
579.4,-0.005999999999999998
579.44,-0.003999999999999997
579.48,0.0
579.52,-0.003999999999999997
579.5600000000001,-0.003999999999999997
579.6,0.0020000000000000018
579.64,0.0040000000000000036
579.6800000000001,-0.003999999999999997
579.72,-0.003999999999999997
579.76,-0.003999999999999997
579.8000000000001,-0.003999999999999997
579.84,-0.003999999999999997
579.88,-0.0020000000000000018
579.92,-0.003999999999999997
579.96,-0.003999999999999997
580.0,0.0020000000000000018
580.04,-0.0020000000000000018
580.08,-0.005999999999999998
580.12,-0.0020000000000000018
580.16,0.006000000000000005
580.2,0.0040000000000000036
580.24,0.0020000000000000018
580.28,0.006000000000000005
580.32,0.0020000000000000018
580.36,-0.003999999999999997
580.4,-0.005999999999999998
580.44,-0.0020000000000000018
580.48,-0.005999999999999998
580.52,-0.005999999999999998
580.5600000000001,0.0
580.6,-0.0020000000000000018
580.64,-0.005999999999999998
580.6800000000001,-0.0020000000000000018
580.72,0.0
580.76,-0.005999999999999998
580.8000000000001,-0.005999999999999998
580.84,0.0040000000000000036
580.88,0.0020000000000000018
580.92,-0.003999999999999997
580.96,-0.003999999999999997
581.0,-0.0020000000000000018
581.04,-0.003999999999999997
581.08,-0.003999999999999997
581.12,-0.003999999999999997
581.16,-0.005999999999999998
581.2,-0.003999999999999997
581.24,0.0020000000000000018
581.28,-0.003999999999999997
581.32,-0.011999999999999997
581.36,-0.003999999999999997
581.4,0.0020000000000000018
581.44,-0.003999999999999997
581.48,-0.003999999999999997
581.52,0.0020000000000000018
581.5600000000001,0.006000000000000005
581.6,-0.0020000000000000018
581.64,0.0
581.6800000000001,-0.0020000000000000018
581.72,-0.005999999999999998
581.76,-0.005999999999999998
581.8000000000001,-0.0020000000000000018
581.84,-0.003999999999999997
581.88,-0.005999999999999998
581.92,-0.0020000000000000018
581.96,0.0
582.0,-0.003999999999999997
582.04,-0.003999999999999997
582.08,0.0020000000000000018
582.12,0.0
582.16,-0.0020000000000000018
582.2,0.0
582.24,0.0020000000000000018
582.28,-0.0020000000000000018
582.32,-0.003999999999999997
582.36,-0.005999999999999998
582.4,-0.005999999999999998
582.44,-0.0020000000000000018
582.48,0.0020000000000000018
582.52,-0.003999999999999997
582.5600000000001,-0.009999999999999995
582.6,-0.003999999999999997
582.64,0.0020000000000000018
582.6800000000001,-0.003999999999999997
582.72,-0.005999999999999998
582.76,0.0
582.8000000000001,0.0040000000000000036
582.84,0.0020000000000000018
582.88,0.0040000000000000036
582.92,0.0020000000000000018
582.96,-0.003999999999999997
583.0,-0.003999999999999997
583.04,-0.0020000000000000018
583.08,-0.003999999999999997
583.12,-0.005999999999999998
583.16,-0.0020000000000000018
583.2,0.0
583.24,-0.005999999999999998
583.28,-0.005999999999999998
583.32,-0.0020000000000000018
583.36,0.0
583.4,-0.003999999999999997
583.44,-0.0020000000000000018
583.48,0.0020000000000000018
583.52,0.0020000000000000018
583.5600000000001,-0.003999999999999997
583.6,-0.005999999999999998
583.64,-0.003999999999999997
583.6800000000001,-0.0020000000000000018
583.72,-0.0020000000000000018
583.76,-0.005999999999999998
583.8000000000001,-0.008
583.84,-0.0020000000000000018
583.88,0.0
583.92,-0.005999999999999998
583.96,-0.011999999999999997
584.0,-0.003999999999999997
584.04,0.0020000000000000018
584.08,0.0020000000000000018
584.12,0.0020000000000000018
584.16,0.0040000000000000036
584.2,0.0020000000000000018
584.24,-0.0020000000000000018
584.28,0.0020000000000000018
584.32,-0.0020000000000000018
584.36,-0.005999999999999998
584.4,-0.0020000000000000018
584.44,0.0020000000000000018
584.48,-0.003999999999999997
584.52,-0.003999999999999997
584.5600000000001,0.0
584.6,-0.0020000000000000018
584.64,-0.005999999999999998
584.6800000000001,-0.0020000000000000018
584.72,0.006000000000000005
584.76,0.0020000000000000018
584.8000000000001,-0.0020000000000000018
584.84,0.0
584.88,-0.0020000000000000018
584.92,-0.0020000000000000018
584.96,-0.0020000000000000018
585.0,-0.005999999999999998
585.04,-0.005999999999999998
585.08,0.0
585.12,0.0020000000000000018
585.16,-0.005999999999999998
585.2,-0.011999999999999997
585.24,-0.005999999999999998
585.28,-0.003999999999999997
585.32,-0.005999999999999998
585.36,-0.0020000000000000018
585.4,0.0020000000000000018
585.44,0.0
585.48,0.0
585.52,0.0020000000000000018
585.5600000000001,-0.0020000000000000018
585.6,-0.005999999999999998
585.64,-0.0020000000000000018
585.6800000000001,-0.0020000000000000018
585.72,-0.003999999999999997
585.76,-0.003999999999999997
585.8000000000001,0.0020000000000000018
585.84,-0.0020000000000000018
585.88,-0.009999999999999995
585.92,-0.003999999999999997
585.96,0.0020000000000000018
586.0,0.0
586.04,-0.0020000000000000018
586.08,0.0020000000000000018
586.12,0.0020000000000000018
586.16,-0.0020000000000000018
586.2,-0.0020000000000000018
586.24,-0.003999999999999997
586.28,-0.003999999999999997
586.32,0.0020000000000000018
586.36,0.0040000000000000036
586.4,-0.005999999999999998
586.44,-0.005999999999999998
586.48,-0.0020000000000000018
586.52,-0.0020000000000000018
586.5600000000001,-0.008
586.6,-0.003999999999999997
586.64,-0.0020000000000000018
586.6800000000001,-0.0020000000000000018
586.72,0.0020000000000000018
586.76,0.006000000000000005
586.8000000000001,0.0
586.84,-0.003999999999999997
586.88,0.0
586.92,0.0020000000000000018
586.96,-0.003999999999999997
587.0,-0.0020000000000000018
587.04,0.0020000000000000018
587.08,-0.0020000000000000018
587.12,-0.005999999999999998
587.16,-0.003999999999999997
587.2,-0.0020000000000000018
587.24,-0.003999999999999997
587.28,-0.0020000000000000018
587.32,0.0040000000000000036
587.36,0.0020000000000000018
587.4,0.0
587.44,-0.0020000000000000018
587.48,-0.003999999999999997
587.52,-0.0020000000000000018
587.5600000000001,0.0020000000000000018
587.6,0.0
587.64,-0.005999999999999998
587.6800000000001,-0.003999999999999997
587.72,0.0020000000000000018
587.76,-0.0020000000000000018
587.8000000000001,-0.008
587.84,-0.008
587.88,-0.005999999999999998
587.92,-0.003999999999999997
587.96,-0.0020000000000000018
588.0,0.0020000000000000018
588.04,-0.0020000000000000018
588.08,-0.0020000000000000018
588.12,0.0020000000000000018
588.16,0.0
588.2,-0.005999999999999998
588.24,-0.003999999999999997
588.28,0.0020000000000000018
588.32,-0.0020000000000000018
588.36,-0.005999999999999998
588.4,-0.0020000000000000018
588.44,-0.0020000000000000018
588.48,-0.005999999999999998
588.52,-0.005999999999999998
588.5600000000001,0.0
588.6,0.0020000000000000018
588.64,0.0
588.6800000000001,0.0020000000000000018
588.72,0.0020000000000000018
588.76,0.0020000000000000018
588.8000000000001,0.0020000000000000018
588.84,-0.0020000000000000018
588.88,-0.005999999999999998
588.92,-0.0020000000000000018
588.96,0.008
589.0,0.0020000000000000018
589.04,-0.005999999999999998
589.08,-0.005999999999999998
589.12,-0.003999999999999997
589.16,-0.005999999999999998
589.2,-0.005999999999999998
589.24,0.0
589.28,-0.003999999999999997
589.32,-0.0020000000000000018
589.36,0.0040000000000000036
589.4,0.0020000000000000018
589.44,-0.003999999999999997
589.48,-0.0020000000000000018
589.52,0.0020000000000000018
589.5600000000001,-0.003999999999999997
589.6,-0.005999999999999998
589.64,0.0
589.6800000000001,-0.0020000000000000018
589.72,-0.005999999999999998
589.76,-0.008
589.8000000000001,-0.003999999999999997
589.84,-0.003999999999999997
589.88,-0.003999999999999997
589.92,-0.0020000000000000018
589.96,0.0020000000000000018
590.0,0.0020000000000000018
590.04,0.0020000000000000018
590.08,-0.0020000000000000018
590.12,-0.005999999999999998
590.16,-0.0020000000000000018
590.2,0.006000000000000005
590.24,0.0020000000000000018
590.28,-0.0020000000000000018
590.32,-0.0020000000000000018
590.36,-0.0020000000000000018
590.4,-0.003999999999999997
590.44,-0.003999999999999997
590.48,-0.003999999999999997
590.52,-0.005999999999999998
590.5600000000001,-0.005999999999999998
590.6,0.0040000000000000036
590.64,0.0020000000000000018
590.6800000000001,-0.0020000000000000018
590.72,0.0020000000000000018
590.76,0.0020000000000000018
590.8000000000001,-0.0020000000000000018
590.84,-0.003999999999999997
590.88,0.0020000000000000018
590.92,0.0020000000000000018
590.96,-0.0020000000000000018
591.0,-0.003999999999999997
591.04,-0.0020000000000000018
591.08,-0.005999999999999998
591.12,-0.005999999999999998
591.16,-0.0020000000000000018
591.2,-0.0020000000000000018
591.24,0.0020000000000000018
591.28,0.0020000000000000018
591.32,0.0
591.36,-0.0020000000000000018
591.4,-0.0020000000000000018
591.44,0.0020000000000000018
591.48,-0.0020000000000000018
591.52,-0.0020000000000000018
591.5600000000001,0.0
591.6,0.0020000000000000018
591.64,-0.0020000000000000018
591.6800000000001,-0.0020000000000000018
591.72,-0.003999999999999997
591.76,-0.009999999999999995
591.8000000000001,-0.005999999999999998
591.84,-0.0020000000000000018
591.88,0.0
591.92,-0.003999999999999997
591.96,0.0
592.0,0.0040000000000000036
592.04,-0.0020000000000000018
592.08,-0.005999999999999998
592.12,0.0
592.16,0.0020000000000000018
592.2,-0.0020000000000000018
592.24,-0.0020000000000000018
592.28,0.0020000000000000018
592.32,-0.005999999999999998
592.36,-0.008
592.4,-0.003999999999999997
592.44,-0.003999999999999997
592.48,-0.003999999999999997
592.52,-0.0020000000000000018
592.5600000000001,0.0020000000000000018
592.6,-0.0020000000000000018
592.64,0.0020000000000000018
592.6800000000001,0.006000000000000005
592.72,-0.0020000000000000018
592.76,-0.005999999999999998
592.8000000000001,0.0
592.84,0.0040000000000000036
592.88,0.0020000000000000018
592.92,0.0
592.96,0.0020000000000000018
593.0,-0.003999999999999997
593.04,-0.005999999999999998
593.08,0.0
593.12,-0.003999999999999997
593.16,-0.009999999999999995
593.2,-0.0020000000000000018
593.24,0.006000000000000005
593.28,-0.0020000000000000018
593.32,-0.003999999999999997
593.36,0.0020000000000000018
593.4,0.0020000000000000018
593.44,-0.003999999999999997
593.48,-0.0020000000000000018
593.52,0.0020000000000000018
593.5600000000001,-0.0020000000000000018
593.6,-0.003999999999999997
593.64,-0.0020000000000000018
593.6800000000001,-0.0020000000000000018
593.72,-0.009999999999999995
593.76,-0.003999999999999997
593.8000000000001,-0.003999999999999997
593.84,-0.003999999999999997
593.88,0.0020000000000000018
593.92,0.0040000000000000036
593.96,-0.0020000000000000018
594.0,-0.005999999999999998
594.04,0.0
594.08,0.0020000000000000018
594.12,-0.0020000000000000018
594.16,0.0
594.2,0.0020000000000000018
594.24,0.0
594.28,-0.0020000000000000018
594.32,0.0
594.36,-0.005999999999999998
594.4,-0.009999999999999995
594.44,-0.003999999999999997
594.48,-0.0020000000000000018
594.52,-0.003999999999999997
594.5600000000001,-0.0020000000000000018
594.6,0.0020000000000000018
594.64,0.0020000000000000018
594.6800000000001,-0.0020000000000000018
594.72,0.0
594.76,0.0
594.8000000000001,-0.0020000000000000018
594.84,-0.0020000000000000018
594.88,0.0020000000000000018
594.92,-0.0020000000000000018
594.96,-0.003999999999999997
595.0,-0.003999999999999997
595.04,-0.005999999999999998
595.08,-0.003999999999999997
595.12,0.0
595.16,0.0
595.2,-0.0020000000000000018
595.24,0.0020000000000000018
595.28,0.006000000000000005
595.32,0.0020000000000000018
595.36,0.0
595.4,0.0
595.44,-0.0020000000000000018
595.48,0.0
595.52,0.006000000000000005
595.5600000000001,0.0040000000000000036
595.6,-0.0020000000000000018
595.64,-0.003999999999999997
595.6800000000001,-0.0020000000000000018
595.72,-0.003999999999999997
595.76,-0.005999999999999998
595.8000000000001,-0.003999999999999997
595.84,0.0
595.88,0.0
595.92,0.0
595.96,0.0
596.0,-0.0020000000000000018
596.04,-0.0020000000000000018
596.08,-0.0020000000000000018
596.12,0.0
596.16,-0.0020000000000000018
596.2,-0.0020000000000000018
596.24,-0.0020000000000000018
596.28,-0.0020000000000000018
596.32,-0.005999999999999998
596.36,-0.005999999999999998
596.4,-0.005999999999999998
596.44,-0.005999999999999998
596.48,-0.0020000000000000018
596.52,0.0020000000000000018
596.5600000000001,0.0020000000000000018
596.6,0.0
596.64,-0.0020000000000000018
596.6800000000001,-0.0020000000000000018
596.72,-0.0020000000000000018
596.76,0.0040000000000000036
596.8000000000001,0.0020000000000000018
596.84,-0.0020000000000000018
596.88,0.0
596.92,0.0020000000000000018
596.96,-0.0020000000000000018
597.0,-0.005999999999999998
597.04,-0.005999999999999998
597.08,-0.0020000000000000018
597.12,-0.0020000000000000018
597.16,-0.0020000000000000018
597.2,0.0020000000000000018
597.24,0.0020000000000000018
597.28,0.0
597.32,0.0020000000000000018
597.36,0.0020000000000000018
597.4,-0.0020000000000000018
597.44,-0.0020000000000000018
597.48,0.0040000000000000036
597.52,0.0020000000000000018
597.5600000000001,-0.0020000000000000018
597.6,-0.003999999999999997
597.64,-0.005999999999999998
597.6800000000001,-0.008
597.72,-0.005999999999999998
597.76,0.0020000000000000018
597.8000000000001,0.0
597.84,-0.0020000000000000018
597.88,0.0
597.92,-0.0020000000000000018
597.96,-0.0020000000000000018
598.0,0.0020000000000000018
598.04,-0.0020000000000000018
598.08,-0.005999999999999998
598.12,0.0020000000000000018
598.16,0.008
598.2,0.0020000000000000018
598.24,-0.005999999999999998
598.28,-0.0020000000000000018
598.32,-0.0020000000000000018
598.36,-0.005999999999999998
598.4,-0.005999999999999998
598.44,-0.0020000000000000018
598.48,-0.0020000000000000018
598.52,-0.003999999999999997
598.5600000000001,0.0020000000000000018
598.6,0.0020000000000000018
598.64,-0.003999999999999997
598.6800000000001,-0.0020000000000000018
598.72,0.0020000000000000018
598.76,-0.0020000000000000018
598.8000000000001,-0.0020000000000000018
598.84,0.0020000000000000018
598.88,-0.0020000000000000018
598.92,-0.005999999999999998
598.96,-0.003999999999999997
599.0,-0.0020000000000000018
599.04,-0.005999999999999998
599.08,-0.003999999999999997
599.12,-0.0020000000000000018
599.16,0.0
599.2,0.0020000000000000018
599.24,0.0040000000000000036
599.28,-0.0020000000000000018
599.32,-0.005999999999999998
599.36,0.0020000000000000018
599.4,0.006000000000000005
599.44,0.0
599.48,-0.0020000000000000018
599.52,0.006000000000000005
599.5600000000001,0.0040000000000000036
599.6,-0.003999999999999997
599.64,-0.003999999999999997
599.6800000000001,-0.0020000000000000018
599.72,-0.005999999999999998
599.76,-0.003999999999999997
599.8000000000001,0.0020000000000000018
599.84,0.0
599.88,-0.003999999999999997
599.92,0.0020000000000000018
599.96,0.0020000000000000018
600.0,-0.0020000000000000018
600.04,-0.0020000000000000018
600.08,0.0020000000000000018
600.12,0.0
600.16,-0.003999999999999997
600.2,0.0
600.24,-0.0020000000000000018
600.28,-0.005999999999999998
600.32,-0.009999999999999995
600.36,-0.005999999999999998
600.4,-0.003999999999999997
600.44,0.0
600.48,0.0020000000000000018
600.52,-0.003999999999999997
600.5600000000001,-0.003999999999999997
600.6,-0.0020000000000000018
600.64,0.0020000000000000018
600.6800000000001,-0.003999999999999997
600.72,-0.005999999999999998
600.76,0.0040000000000000036
600.8000000000001,0.0040000000000000036
600.84,0.0
600.88,-0.0020000000000000018
600.92,-0.0020000000000000018
600.96,-0.005999999999999998
601.0,-0.005999999999999998
601.04,-0.0020000000000000018
601.08,-0.003999999999999997
601.12,-0.0020000000000000018
601.16,0.0020000000000000018
601.2,0.0040000000000000036
601.24,0.0
601.28,-0.0020000000000000018
601.32,0.0020000000000000018
601.36,0.0020000000000000018
601.4,0.0020000000000000018
601.44,0.0020000000000000018
601.48,0.0040000000000000036
601.52,0.0
601.5600000000001,-0.005999999999999998
601.6,-0.005999999999999998
601.64,-0.005999999999999998
601.6800000000001,-0.0020000000000000018
601.72,-0.0020000000000000018
601.76,-0.003999999999999997
601.8000000000001,-0.0020000000000000018
601.84,0.0040000000000000036
601.88,0.0020000000000000018
601.92,-0.005999999999999998
601.96,-0.003999999999999997
602.0,0.0020000000000000018
602.04,0.0020000000000000018
602.08,-0.0020000000000000018
602.12,0.0020000000000000018
602.16,0.006000000000000005
602.2,-0.0020000000000000018
602.24,-0.003999999999999997
602.28,-0.003999999999999997
602.32,-0.008
602.36,-0.005999999999999998
602.4,0.0
602.44,0.0020000000000000018
602.48,-0.003999999999999997
602.52,-0.0020000000000000018
602.5600000000001,0.0020000000000000018
602.6,-0.0020000000000000018
602.64,-0.0020000000000000018
602.6800000000001,0.0020000000000000018
602.72,0.0040000000000000036
602.76,0.0
602.8000000000001,-0.0020000000000000018
602.84,-0.0020000000000000018
602.88,-0.003999999999999997
602.92,-0.003999999999999997
602.96,-0.005999999999999998
603.0,-0.009999999999999995
603.04,-0.003999999999999997
603.08,0.0040000000000000036
603.12,-0.0020000000000000018
603.16,-0.005999999999999998
603.2,-0.0020000000000000018
603.24,0.0020000000000000018
603.28,-0.003999999999999997
603.32,-0.003999999999999997
603.36,0.0020000000000000018
603.4,0.006000000000000005
603.44,0.0040000000000000036
603.48,0.0020000000000000018
603.52,-0.0020000000000000018
603.5600000000001,-0.005999999999999998
603.6,-0.003999999999999997
603.64,0.0
603.6800000000001,-0.003999999999999997
603.72,-0.003999999999999997
603.76,0.0020000000000000018
603.8000000000001,0.0020000000000000018
603.84,-0.0020000000000000018
603.88,0.0
603.92,0.0020000000000000018
603.96,0.0020000000000000018
604.0,0.0020000000000000018
604.04,0.0040000000000000036
604.08,0.0040000000000000036
604.12,0.0040000000000000036
604.16,0.0020000000000000018
604.2,-0.003999999999999997
604.24,-0.008
604.28,-0.0020000000000000018
604.32,0.0020000000000000018
604.36,-0.005999999999999998
604.4,-0.005999999999999998
604.44,0.0020000000000000018
604.48,0.0020000000000000018
604.52,-0.005999999999999998
604.5600000000001,-0.005999999999999998
604.6,-0.0020000000000000018
604.64,0.0
604.6800000000001,0.0020000000000000018
604.72,0.0020000000000000018
604.76,0.0
604.8000000000001,-0.003999999999999997
604.84,-0.0020000000000000018
604.88,-0.0020000000000000018
604.92,-0.008
604.96,-0.008
605.0,-0.0020000000000000018
605.04,-0.0020000000000000018
605.08,-0.003999999999999997
605.12,-0.0020000000000000018
605.16,0.0020000000000000018
605.2,-0.003999999999999997
605.24,-0.003999999999999997
605.28,0.0020000000000000018
605.32,0.0020000000000000018
605.36,0.006000000000000005
605.4,0.006000000000000005
605.44,-0.0020000000000000018
605.48,-0.003999999999999997
605.52,0.0
605.5600000000001,0.0
605.6,-0.005999999999999998
605.64,-0.005999999999999998
605.6800000000001,0.0020000000000000018
605.72,0.0040000000000000036
605.76,-0.003999999999999997
605.8000000000001,-0.003999999999999997
605.84,-0.0020000000000000018
605.88,-0.0020000000000000018
605.92,-0.0020000000000000018
605.96,0.0020000000000000018
606.0,0.0020000000000000018
606.04,0.0
606.08,0.0040000000000000036
606.12,0.0020000000000000018
606.16,-0.003999999999999997
606.2,-0.003999999999999997
606.24,-0.003999999999999997
606.28,-0.0020000000000000018
606.32,-0.003999999999999997
606.36,-0.0020000000000000018
606.4,0.0
606.44,-0.003999999999999997
606.48,-0.005999999999999998
606.52,-0.0020000000000000018
606.5600000000001,0.0020000000000000018
606.6,0.0020000000000000018
606.64,0.0020000000000000018
606.6800000000001,0.0
606.72,0.0020000000000000018
606.76,0.0040000000000000036
606.8000000000001,-0.0020000000000000018
606.84,-0.008
606.88,-0.005999999999999998
606.92,0.0
606.96,0.0020000000000000018
607.0,-0.003999999999999997
607.04,-0.0020000000000000018
607.08,0.0
607.12,-0.0020000000000000018
607.16,-0.003999999999999997
607.2,-0.0020000000000000018
607.24,-0.0020000000000000018
607.28,0.0
607.32,0.0040000000000000036
607.36,0.006000000000000005
607.4,-0.003999999999999997
607.44,-0.003999999999999997
607.48,0.0
607.52,-0.0020000000000000018
607.5600000000001,-0.005999999999999998
607.6,-0.0020000000000000018
607.64,0.0
607.6800000000001,-0.003999999999999997
607.72,-0.003999999999999997
607.76,0.0020000000000000018
607.8000000000001,-0.0020000000000000018
607.84,-0.0020000000000000018
607.88,-0.0020000000000000018
607.92,0.0020000000000000018
607.96,0.006000000000000005
608.0,0.010000000000000002
608.04,0.0040000000000000036
608.08,-0.005999999999999998
608.12,-0.003999999999999997
608.16,0.0040000000000000036
608.2,-0.0020000000000000018
608.24,-0.003999999999999997
608.28,0.0020000000000000018
608.32,0.0020000000000000018
608.36,-0.003999999999999997
608.4,-0.003999999999999997
608.44,-0.0020000000000000018
608.48,-0.003999999999999997
608.52,0.0020000000000000018
608.5600000000001,0.006000000000000005
608.6,0.0020000000000000018
608.64,-0.0020000000000000018
608.6800000000001,0.0020000000000000018
608.72,0.0020000000000000018
608.76,-0.003999999999999997
608.8000000000001,-0.003999999999999997
608.84,0.0
608.88,-0.0020000000000000018
608.92,-0.003999999999999997
608.96,-0.003999999999999997
609.0,-0.003999999999999997
609.04,-0.005999999999999998
609.08,-0.005999999999999998
609.12,-0.005999999999999998
609.16,-0.005999999999999998
609.2,0.0020000000000000018
609.24,0.008
609.28,0.0020000000000000018
609.32,-0.003999999999999997
609.36,0.0
609.4,0.0020000000000000018
609.44,-0.003999999999999997
609.48,-0.003999999999999997
609.52,0.0020000000000000018
609.5600000000001,0.0
609.6,-0.0020000000000000018
609.64,-0.003999999999999997
609.6800000000001,-0.0020000000000000018
609.72,-0.003999999999999997
609.76,0.0
609.8000000000001,0.0020000000000000018
609.84,0.0020000000000000018
609.88,0.0
609.92,0.006000000000000005
609.96,0.0040000000000000036
610.0,-0.0020000000000000018
610.04,-0.0020000000000000018
610.08,0.0020000000000000018
610.12,-0.0020000000000000018
610.16,-0.0020000000000000018
610.2,0.0
610.24,0.0020000000000000018
610.28,-0.0020000000000000018
610.32,-0.005999999999999998
610.36,-0.009999999999999995
610.4,-0.005999999999999998
610.44,0.0
610.48,0.0020000000000000018
610.52,0.0
610.5600000000001,-0.0020000000000000018
610.6,0.0040000000000000036
610.64,0.0040000000000000036
610.6800000000001,-0.003999999999999997
610.72,-0.003999999999999997
610.76,0.0020000000000000018
610.8000000000001,0.0
610.84,-0.003999999999999997
610.88,-0.003999999999999997
610.92,-0.003999999999999997
610.96,-0.005999999999999998
611.0,-0.003999999999999997
611.04,-0.0020000000000000018
611.08,-0.003999999999999997
611.12,-0.0020000000000000018
611.16,0.0040000000000000036
611.2,0.0040000000000000036
611.24,-0.0020000000000000018
611.28,0.0
611.32,0.0
611.36,-0.0020000000000000018
611.4,-0.0020000000000000018
611.44,0.0040000000000000036
611.48,0.0020000000000000018
611.52,-0.0020000000000000018
611.5600000000001,-0.003999999999999997
611.6,-0.005999999999999998
611.64,-0.005999999999999998
611.6800000000001,0.0
611.72,-0.0020000000000000018
611.76,-0.005999999999999998
611.8000000000001,-0.003999999999999997
611.84,0.008
611.88,0.0040000000000000036
611.92,-0.003999999999999997
611.96,0.0020000000000000018
612.0,0.0040000000000000036
612.04,0.0020000000000000018
612.08,-0.0020000000000000018
612.12,0.0
612.16,-0.003999999999999997
612.2,-0.003999999999999997
612.24,-0.0020000000000000018
612.28,-0.003999999999999997
612.32,-0.005999999999999998
612.36,-0.0020000000000000018
612.4,0.0040000000000000036
612.44,0.0020000000000000018
612.48,0.0
612.52,0.0020000000000000018
612.5600000000001,0.0
612.6,-0.0020000000000000018
612.64,0.0
612.6800000000001,0.0020000000000000018
612.72,0.0
612.76,0.0
612.8000000000001,0.0020000000000000018
612.84,-0.0020000000000000018
612.88,-0.0020000000000000018
612.92,0.0020000000000000018
612.96,-0.005999999999999998
613.0,-0.009999999999999995
613.04,-0.003999999999999997
613.08,0.0040000000000000036
613.12,-0.0020000000000000018
613.16,-0.003999999999999997
613.2,0.0020000000000000018
613.24,0.0020000000000000018
613.28,-0.0020000000000000018
613.32,-0.0020000000000000018
613.36,0.0020000000000000018
613.4,-0.0020000000000000018
613.44,0.0
613.48,0.0
613.52,-0.005999999999999998
613.5600000000001,-0.009999999999999995
613.6,-0.003999999999999997
613.64,-0.003999999999999997
613.6800000000001,-0.003999999999999997
613.72,0.0020000000000000018
613.76,0.0020000000000000018
613.8000000000001,-0.0020000000000000018
613.84,-0.0020000000000000018
613.88,0.0040000000000000036
613.92,-0.0020000000000000018
613.96,-0.0020000000000000018
614.0,0.0020000000000000018
614.04,0.0020000000000000018
614.08,-0.0020000000000000018
614.12,0.006000000000000005
614.16,0.0040000000000000036
614.2,-0.005999999999999998
614.24,-0.009999999999999995
614.28,0.0
614.32,0.0020000000000000018
614.36,-0.003999999999999997
614.4,-0.0020000000000000018
614.44,0.0020000000000000018
614.48,0.0
614.52,-0.0020000000000000018
614.5600000000001,0.0020000000000000018
614.6,0.0020000000000000018
614.64,0.0
614.6800000000001,0.0020000000000000018
614.72,0.0020000000000000018
614.76,-0.0020000000000000018
614.8000000000001,-0.003999999999999997
614.84,-0.003999999999999997
614.88,-0.003999999999999997
614.92,-0.005999999999999998
614.96,-0.003999999999999997
615.0,0.0
615.04,0.0
615.08,0.0020000000000000018
615.12,0.0020000000000000018
615.16,-0.0020000000000000018
615.2,-0.003999999999999997
615.24,-0.0020000000000000018
615.28,0.0
615.32,0.0020000000000000018
615.36,0.006000000000000005
615.4,0.0040000000000000036
615.44,-0.003999999999999997
615.48,-0.005999999999999998
615.52,-0.0020000000000000018
615.5600000000001,0.0
615.6,-0.008
615.64,-0.003999999999999997
615.6800000000001,0.0020000000000000018
615.72,0.0020000000000000018
615.76,-0.0020000000000000018
615.8000000000001,0.0
615.84,0.0
615.88,-0.0020000000000000018
615.92,0.0020000000000000018
615.96,0.006000000000000005
616.0,0.0020000000000000018
616.04,-0.0020000000000000018
616.08,0.0
616.12,-0.003999999999999997
616.16,-0.009999999999999995
616.2,-0.005999999999999998
616.24,-0.0020000000000000018
616.28,-0.0020000000000000018
616.32,0.0
616.36,0.0020000000000000018
616.4,0.0
616.44,-0.0020000000000000018
616.48,-0.0020000000000000018
616.52,0.0
616.5600000000001,0.0020000000000000018
616.6,0.0040000000000000036
616.64,0.0040000000000000036
616.6800000000001,-0.0020000000000000018
616.72,-0.0020000000000000018
616.76,0.0040000000000000036
616.8000000000001,-0.0020000000000000018
616.84,-0.008
616.88,-0.003999999999999997
616.92,0.0020000000000000018
616.96,-0.0020000000000000018
617.0,-0.0020000000000000018
617.04,0.0
617.08,-0.0020000000000000018
617.12,-0.003999999999999997
617.16,0.0020000000000000018
617.2,0.0020000000000000018
617.24,-0.0020000000000000018
617.28,0.0020000000000000018
617.32,0.006000000000000005
617.36,-0.0020000000000000018
617.4,-0.005999999999999998
617.44,-0.005999999999999998
617.48,-0.005999999999999998
617.52,-0.005999999999999998
617.5600000000001,-0.003999999999999997
617.6,0.0
617.64,-0.003999999999999997
617.6800000000001,-0.0020000000000000018
617.72,0.0
617.76,-0.003999999999999997
617.8000000000001,-0.0020000000000000018
617.84,0.0020000000000000018
617.88,0.0020000000000000018
617.92,-0.0020000000000000018
617.96,0.006000000000000005
618.0,0.006000000000000005
618.04,0.0
618.08,-0.005999999999999998
618.12,-0.0020000000000000018
618.16,0.0
618.2,-0.003999999999999997
618.24,-0.0020000000000000018
618.28,0.0020000000000000018
618.32,-0.003999999999999997
618.36,-0.0020000000000000018
618.4,0.0
618.44,-0.0020000000000000018
618.48,-0.0020000000000000018
618.52,0.0040000000000000036
618.5600000000001,0.006000000000000005
618.6,0.0020000000000000018
618.64,0.0020000000000000018
618.6800000000001,-0.0020000000000000018
618.72,-0.003999999999999997
618.76,-0.003999999999999997
618.8000000000001,-0.003999999999999997
618.84,-0.005999999999999998
618.88,-0.003999999999999997
618.92,0.0
618.96,0.0020000000000000018
619.0,-0.003999999999999997
619.04,-0.0020000000000000018
619.08,0.0
619.12,-0.003999999999999997
619.16,-0.003999999999999997
619.2,0.006000000000000005
619.24,0.006000000000000005
619.28,-0.0020000000000000018
619.32,-0.003999999999999997
619.36,0.0
619.4,-0.0020000000000000018
619.44,-0.003999999999999997
619.48,-0.0020000000000000018
619.52,-0.0020000000000000018
619.5600000000001,-0.003999999999999997
619.6,-0.0020000000000000018
619.64,-0.0020000000000000018
619.6800000000001,-0.003999999999999997
619.72,-0.005999999999999998
619.76,-0.0020000000000000018
619.8000000000001,0.0040000000000000036
619.84,0.0020000000000000018
619.88,0.0020000000000000018
619.92,0.0040000000000000036
619.96,0.0020000000000000018
620.0,0.0
620.04,-0.0020000000000000018
620.08,-0.005999999999999998
620.12,-0.005999999999999998
620.16,-0.0020000000000000018
620.2,0.0020000000000000018
620.24,-0.003999999999999997
620.28,-0.0020000000000000018
620.32,0.0020000000000000018
620.36,-0.003999999999999997
620.4,-0.003999999999999997
620.44,0.0040000000000000036
620.48,0.006000000000000005
620.52,-0.0020000000000000018
620.5600000000001,0.0
620.6,0.0040000000000000036
620.64,0.0040000000000000036
620.6800000000001,-0.0020000000000000018
620.72,0.0
620.76,-0.0020000000000000018
620.8000000000001,-0.005999999999999998
620.84,0.0020000000000000018
620.88,0.0040000000000000036
620.92,-0.003999999999999997
620.96,-0.005999999999999998
621.0,0.0
621.04,-0.0020000000000000018
621.08,-0.0020000000000000018
621.12,0.0020000000000000018
621.16,0.0040000000000000036
621.2,0.0020000000000000018
621.24,0.0040000000000000036
621.28,0.0020000000000000018
621.32,-0.005999999999999998
621.36,-0.005999999999999998
621.4,-0.0020000000000000018
621.44,-0.003999999999999997
621.48,-0.005999999999999998
621.52,-0.0020000000000000018
621.5600000000001,0.0
621.6,-0.005999999999999998
621.64,-0.005999999999999998
621.6800000000001,0.0020000000000000018
621.72,-0.0020000000000000018
621.76,-0.005999999999999998
621.8000000000001,0.0020000000000000018
621.84,0.006000000000000005
621.88,0.0020000000000000018
621.92,0.0
621.96,0.0
622.0,-0.003999999999999997
622.04,-0.003999999999999997
622.08,0.0
622.12,0.0020000000000000018
622.16,-0.003999999999999997
622.2,-0.0020000000000000018
622.24,0.0020000000000000018
622.28,-0.003999999999999997
622.32,-0.003999999999999997
622.36,-0.0020000000000000018
622.4,0.0020000000000000018
622.44,0.0040000000000000036
622.48,0.006000000000000005
622.52,0.0040000000000000036
622.5600000000001,0.0020000000000000018
622.6,0.0
622.64,0.0020000000000000018
622.6800000000001,-0.003999999999999997
622.72,-0.005999999999999998
622.76,-0.0020000000000000018
622.8000000000001,-0.0020000000000000018
622.84,-0.003999999999999997
622.88,-0.0020000000000000018
622.92,0.0020000000000000018
622.96,-0.003999999999999997
623.0,-0.005999999999999998
623.04,0.0
623.08,0.0040000000000000036
623.12,0.0020000000000000018
623.16,0.0020000000000000018
623.2,0.0020000000000000018
623.24,-0.0020000000000000018
623.28,-0.003999999999999997
623.32,-0.0020000000000000018
623.36,-0.0020000000000000018
623.4,-0.003999999999999997
623.44,-0.0020000000000000018
623.48,0.0020000000000000018
623.52,-0.0020000000000000018
623.5600000000001,-0.005999999999999998
623.6,-0.005999999999999998
623.64,-0.0020000000000000018
623.6800000000001,0.0
623.72,0.0020000000000000018
623.76,0.0020000000000000018
623.8000000000001,0.0020000000000000018
623.84,0.0040000000000000036
623.88,0.0040000000000000036
623.92,-0.0020000000000000018
623.96,-0.003999999999999997
624.0,-0.0020000000000000018
624.04,-0.0020000000000000018
624.08,-0.003999999999999997
624.12,-0.0020000000000000018
624.16,0.0
624.2,-0.003999999999999997
624.24,-0.008
624.28,-0.0020000000000000018
624.32,0.0020000000000000018
624.36,0.0
624.4,0.0020000000000000018
624.44,0.006000000000000005
624.48,0.0020000000000000018
624.52,-0.0020000000000000018
624.5600000000001,0.0020000000000000018
624.6,-0.0020000000000000018
624.64,-0.003999999999999997
624.6800000000001,-0.0020000000000000018
624.72,0.0040000000000000036
624.76,0.0020000000000000018
624.8000000000001,-0.003999999999999997
624.84,-0.0020000000000000018
624.88,0.0
624.92,-0.003999999999999997
624.96,-0.003999999999999997
625.0,-0.0020000000000000018
625.04,0.0
625.08,0.0040000000000000036
625.12,0.006000000000000005
625.16,0.0
625.2,-0.0020000000000000018
625.24,0.0
625.28,-0.0020000000000000018
625.32,-0.003999999999999997
625.36,-0.0020000000000000018
625.4,0.0020000000000000018
625.44,-0.003999999999999997
625.48,-0.005999999999999998
625.52,-0.0020000000000000018
625.5600000000001,-0.0020000000000000018
625.6,-0.003999999999999997
625.64,-0.0020000000000000018
625.6800000000001,0.0
625.72,-0.0020000000000000018
625.76,0.0020000000000000018
625.8000000000001,0.006000000000000005
625.84,-0.0020000000000000018
625.88,-0.005999999999999998
625.92,-0.0020000000000000018
625.96,0.0020000000000000018
626.0,-0.003999999999999997
626.04,-0.003999999999999997
626.08,0.0
626.12,0.0
626.16,-0.0020000000000000018
626.2,-0.005999999999999998
626.24,-0.005999999999999998
626.28,-0.0020000000000000018
626.32,0.0040000000000000036
626.36,0.006000000000000005
626.4,0.0020000000000000018
626.44,0.0020000000000000018
626.48,0.006000000000000005
626.52,0.0
626.5600000000001,-0.0020000000000000018
626.6,0.0
626.64,0.0020000000000000018
626.6800000000001,-0.003999999999999997
626.72,-0.003999999999999997
626.76,0.0020000000000000018
626.8000000000001,-0.0020000000000000018
626.84,-0.003999999999999997
626.88,-0.003999999999999997
626.92,-0.0020000000000000018
626.96,0.0
627.0,0.0040000000000000036
627.04,0.006000000000000005
627.08,0.0
627.12,-0.003999999999999997
627.16,0.0020000000000000018
627.2,0.0020000000000000018
627.24,-0.005999999999999998
627.28,-0.005999999999999998
627.32,0.0020000000000000018
627.36,0.0020000000000000018
627.4,-0.0020000000000000018
627.44,-0.003999999999999997
627.48,-0.005999999999999998
627.52,-0.0020000000000000018
627.5600000000001,-0.0020000000000000018
627.6,-0.0020000000000000018
627.64,-0.003999999999999997
627.6800000000001,0.0020000000000000018
627.72,0.006000000000000005
627.76,0.0020000000000000018
627.8000000000001,-0.0020000000000000018
627.84,0.0
627.88,0.0020000000000000018
627.92,-0.003999999999999997
627.96,-0.0020000000000000018
628.0,0.0020000000000000018
628.04,-0.0020000000000000018
628.08,-0.005999999999999998
628.12,-0.005999999999999998
628.16,-0.003999999999999997
628.2,-0.005999999999999998
628.24,0.0
628.28,0.0020000000000000018
628.32,0.0
628.36,-0.0020000000000000018
628.4,0.0040000000000000036
628.44,0.0020000000000000018
628.48,-0.005999999999999998
628.52,-0.005999999999999998
628.5600000000001,0.0020000000000000018
628.6,0.0020000000000000018
628.64,-0.0020000000000000018
628.6800000000001,-0.0020000000000000018
628.72,-0.0020000000000000018
628.76,-0.0020000000000000018
628.8000000000001,-0.0020000000000000018
628.84,-0.0020000000000000018
628.88,-0.005999999999999998
628.92,0.0020000000000000018
628.96,0.006000000000000005
629.0,0.0020000000000000018
629.04,0.0
629.08,0.0040000000000000036
629.12,0.0020000000000000018
629.16,-0.003999999999999997
629.2,0.0020000000000000018
629.24,0.006000000000000005
629.28,0.0
629.32,-0.003999999999999997
629.36,-0.0020000000000000018
629.4,-0.003999999999999997
629.44,-0.005999999999999998
629.48,-0.0020000000000000018
629.52,0.0
629.5600000000001,-0.003999999999999997
629.6,0.0020000000000000018
629.64,0.006000000000000005
629.6800000000001,0.0020000000000000018
629.72,-0.005999999999999998
629.76,-0.0020000000000000018
629.8000000000001,0.0020000000000000018
629.84,-0.0020000000000000018
629.88,-0.003999999999999997
629.92,-0.0020000000000000018
629.96,-0.0020000000000000018
630.0,-0.0020000000000000018
630.04,-0.0020000000000000018
630.08,-0.005999999999999998
630.12,-0.009999999999999995
630.16,-0.0020000000000000018
630.2,0.0020000000000000018
630.24,-0.0020000000000000018
630.28,0.0
630.32,0.0040000000000000036
630.36,0.0
630.4,-0.0020000000000000018
630.44,0.0020000000000000018
630.48,0.006000000000000005
630.52,0.0
630.5600000000001,0.0
630.6,0.0020000000000000018
630.64,-0.0020000000000000018
630.6800000000001,-0.003999999999999997
630.72,-0.003999999999999997
630.76,-0.003999999999999997
630.8000000000001,-0.005999999999999998
630.84,0.0020000000000000018
630.88,0.006000000000000005
630.92,0.0020000000000000018
630.96,-0.0020000000000000018
631.0,0.0020000000000000018
631.04,0.006000000000000005
631.08,-0.0020000000000000018
631.12,-0.003999999999999997
631.16,-0.0020000000000000018
631.2,0.0020000000000000018
631.24,0.0020000000000000018
631.28,-0.0020000000000000018
631.32,-0.005999999999999998
631.36,-0.005999999999999998
631.4,-0.0020000000000000018
631.44,-0.0020000000000000018
631.48,-0.003999999999999997
631.52,-0.0020000000000000018
631.5600000000001,0.0020000000000000018
631.6,0.0020000000000000018
631.64,-0.0020000000000000018
631.6800000000001,0.0
631.72,0.0020000000000000018
631.76,-0.0020000000000000018
631.8000000000001,-0.0020000000000000018
631.84,0.0020000000000000018
631.88,0.0040000000000000036
631.92,-0.0020000000000000018
631.96,-0.003999999999999997
632.0,-0.003999999999999997
632.04,-0.008
632.08,-0.005999999999999998
632.12,0.0020000000000000018
632.16,0.0
632.2,-0.003999999999999997
632.24,0.0040000000000000036
632.28,0.008
632.32,0.0
632.36,-0.005999999999999998
632.4,-0.0020000000000000018
632.44,0.0040000000000000036
632.48,0.0
632.52,-0.0020000000000000018
632.5600000000001,-0.0020000000000000018
632.6,-0.003999999999999997
632.64,-0.0020000000000000018
632.6800000000001,-0.0020000000000000018
632.72,-0.005999999999999998
632.76,-0.005999999999999998
632.8000000000001,0.0020000000000000018
632.84,0.0020000000000000018
632.88,-0.003999999999999997
632.92,0.0020000000000000018
632.96,0.0020000000000000018
633.0,-0.0020000000000000018
633.04,-0.0020000000000000018
633.08,0.0020000000000000018
633.12,0.006000000000000005
633.16,0.0020000000000000018
633.2,0.0020000000000000018
633.24,-0.0020000000000000018
633.28,-0.005999999999999998
633.32,-0.003999999999999997
633.36,-0.0020000000000000018
633.4,-0.003999999999999997
633.44,-0.003999999999999997
633.48,0.0040000000000000036
633.52,0.008
633.5600000000001,-0.0020000000000000018
633.6,-0.0020000000000000018
633.64,0.0020000000000000018
633.6800000000001,-0.0020000000000000018
633.72,-0.0020000000000000018
633.76,-0.0020000000000000018
633.8000000000001,-0.003999999999999997
633.84,-0.0020000000000000018
633.88,0.0020000000000000018
633.92,-0.003999999999999997
633.96,-0.009999999999999995
634.0,-0.005999999999999998
634.04,-0.0020000000000000018
634.08,-0.0020000000000000018
634.12,-0.003999999999999997
634.16,0.0
634.2,0.0020000000000000018
634.24,-0.003999999999999997
634.28,-0.003999999999999997
634.32,0.0
634.36,0.0
634.4,0.0020000000000000018
634.44,0.0040000000000000036
634.48,0.0
634.52,-0.0020000000000000018
634.5600000000001,-0.0020000000000000018
634.6,-0.0020000000000000018
634.64,-0.008
634.6800000000001,-0.005999999999999998
634.72,0.0020000000000000018
634.76,0.0020000000000000018
634.8000000000001,-0.0020000000000000018
634.84,-0.0020000000000000018
634.88,0.0020000000000000018
634.92,0.006000000000000005
634.96,0.0020000000000000018
635.0,0.0
635.04,-0.0020000000000000018
635.08,0.006000000000000005
635.12,0.008
635.16,-0.0020000000000000018
635.2,-0.005999999999999998
635.24,-0.003999999999999997
635.28,-0.0020000000000000018
635.32,-0.003999999999999997
635.36,-0.0020000000000000018
635.4,0.0020000000000000018
635.44,0.0020000000000000018
635.48,-0.0020000000000000018
635.52,-0.0020000000000000018
635.5600000000001,0.0
635.6,-0.0020000000000000018
635.64,-0.0020000000000000018
635.6800000000001,0.0020000000000000018
635.72,0.0020000000000000018
635.76,0.0
635.8000000000001,0.0020000000000000018
635.84,-0.0020000000000000018
635.88,-0.005999999999999998
635.92,-0.003999999999999997
635.96,0.0020000000000000018
636.0,-0.0020000000000000018
636.04,-0.005999999999999998
636.08,-0.0020000000000000018
636.12,0.0040000000000000036
636.16,0.0020000000000000018
636.2,-0.0020000000000000018
636.24,-0.0020000000000000018
636.28,0.0
636.32,0.0040000000000000036
636.36,0.006000000000000005
636.4,0.0
636.44,-0.005999999999999998
636.48,-0.0020000000000000018
636.52,-0.0020000000000000018
636.5600000000001,-0.005999999999999998
636.6,-0.005999999999999998
636.64,0.0020000000000000018
636.6800000000001,-0.0020000000000000018
636.72,-0.003999999999999997
636.76,0.0
636.8000000000001,0.0020000000000000018
636.84,-0.003999999999999997
636.88,-0.003999999999999997
636.92,0.0020000000000000018
636.96,0.0020000000000000018
637.0,0.0
637.04,0.0040000000000000036
637.08,0.0020000000000000018
637.12,-0.005999999999999998
637.16,-0.003999999999999997
637.2,0.0
637.24,-0.003999999999999997
637.28,-0.005999999999999998
637.32,0.0
637.36,0.0040000000000000036
637.4,-0.0020000000000000018
637.44,-0.003999999999999997
637.48,-0.0020000000000000018
637.52,0.0
637.5600000000001,0.006000000000000005
637.6,0.006000000000000005
637.64,0.0020000000000000018
637.6800000000001,0.0
637.72,0.0040000000000000036
637.76,0.0020000000000000018
637.8000000000001,-0.005999999999999998
637.84,-0.005999999999999998
637.88,-0.0020000000000000018
637.92,-0.003999999999999997
637.96,-0.003999999999999997
638.0,0.0020000000000000018
638.04,0.0020000000000000018
638.08,-0.005999999999999998
638.12,-0.0020000000000000018
638.16,0.0020000000000000018
638.2,-0.0020000000000000018
638.24,-0.003999999999999997
638.28,0.0040000000000000036
638.32,0.0020000000000000018
638.36,-0.003999999999999997
638.4,-0.0020000000000000018
638.44,0.0
638.48,-0.003999999999999997
638.52,-0.008
638.5600000000001,-0.0020000000000000018
638.6,0.0020000000000000018
638.64,-0.003999999999999997
638.6800000000001,-0.005999999999999998
638.72,-0.003999999999999997
638.76,-0.0020000000000000018
638.8000000000001,0.0
638.84,0.0020000000000000018
638.88,0.0
638.92,0.0020000000000000018
638.96,0.006000000000000005
639.0,0.008
639.04,0.0020000000000000018
639.08,-0.003999999999999997
639.12,-0.0020000000000000018
639.16,-0.0020000000000000018
639.2,-0.005999999999999998
639.24,-0.0020000000000000018
639.28,0.0020000000000000018
639.32,-0.0020000000000000018
639.36,-0.0020000000000000018
639.4,0.0
639.44,0.0
639.48,-0.003999999999999997
639.52,0.0020000000000000018
639.5600000000001,0.006000000000000005
639.6,0.0020000000000000018
639.64,0.0
639.6800000000001,0.0040000000000000036
639.72,-0.0020000000000000018
639.76,-0.008
639.8000000000001,-0.0020000000000000018
639.84,0.0040000000000000036
639.88,-0.0020000000000000018
639.92,-0.005999999999999998
639.96,-0.0020000000000000018
640.0,0.0
640.04,-0.003999999999999997
640.08,-0.003999999999999997
640.12,-0.003999999999999997
640.16,-0.0020000000000000018
640.2,0.0040000000000000036
640.24,0.008
640.28,0.0020000000000000018
640.32,-0.0020000000000000018
640.36,0.0020000000000000018
640.4,-0.0020000000000000018
640.44,-0.005999999999999998
640.48,-0.0020000000000000018
640.52,0.0
640.5600000000001,-0.003999999999999997
640.6,-0.0020000000000000018
640.64,-0.0020000000000000018
640.6800000000001,-0.003999999999999997
640.72,-0.005999999999999998
640.76,-0.0020000000000000018
640.8000000000001,0.0020000000000000018
640.84,-0.0020000000000000018
640.88,0.0020000000000000018
640.92,0.006000000000000005
640.96,-0.0020000000000000018
641.0,-0.005999999999999998
641.04,-0.0020000000000000018
641.08,0.0020000000000000018
641.12,-0.003999999999999997
641.16,-0.005999999999999998
641.2,0.0020000000000000018
641.24,0.0020000000000000018
641.28,-0.0020000000000000018
641.32,-0.003999999999999997
641.36,-0.005999999999999998
641.4,-0.003999999999999997
641.44,0.0040000000000000036
641.48,0.0020000000000000018
641.52,0.0020000000000000018
641.5600000000001,0.0040000000000000036
641.6,0.006000000000000005
641.64,0.0020000000000000018
641.6800000000001,-0.0020000000000000018
641.72,0.0
641.76,-0.0020000000000000018
641.8000000000001,-0.0020000000000000018
641.84,0.0
641.88,0.0
641.92,-0.003999999999999997
641.96,-0.003999999999999997
642.0,-0.0020000000000000018
642.04,-0.003999999999999997
642.08,-0.0020000000000000018
642.12,0.0040000000000000036
642.16,0.006000000000000005
642.2,0.0
642.24,0.0
642.28,0.0020000000000000018
642.32,-0.0020000000000000018
642.36,-0.005999999999999998
642.4,-0.0020000000000000018
642.44,0.0020000000000000018
642.48,0.0
642.52,-0.0020000000000000018
642.5600000000001,-0.003999999999999997
642.6,-0.003999999999999997
642.64,-0.003999999999999997
642.6800000000001,0.0
642.72,-0.0020000000000000018
642.76,-0.0020000000000000018
642.8000000000001,0.0020000000000000018
642.84,0.0040000000000000036
642.88,0.0020000000000000018
642.92,0.0020000000000000018
642.96,0.0020000000000000018
643.0,-0.0020000000000000018
643.04,-0.0020000000000000018
643.08,0.0020000000000000018
643.12,0.0020000000000000018
643.16,-0.003999999999999997
643.2,-0.003999999999999997
643.24,-0.0020000000000000018
643.28,-0.003999999999999997
643.32,-0.005999999999999998
643.36,0.0
643.4,0.0040000000000000036
643.44,0.0020000000000000018
643.48,0.0020000000000000018
643.52,0.0040000000000000036
643.5600000000001,-0.0020000000000000018
643.6,-0.003999999999999997
643.64,-0.0020000000000000018
643.6800000000001,0.0020000000000000018
643.72,0.0
643.76,-0.0020000000000000018
643.8000000000001,0.0
643.84,-0.0020000000000000018
643.88,-0.0020000000000000018
643.92,-0.0020000000000000018
643.96,-0.003999999999999997
644.0,-0.005999999999999998
644.04,-0.0020000000000000018
644.08,0.006000000000000005
644.12,0.0020000000000000018
644.16,0.0
644.2,0.0040000000000000036
644.24,0.0
644.28,-0.0020000000000000018
644.32,0.0040000000000000036
644.36,0.0020000000000000018
644.4,-0.003999999999999997
644.44,-0.0020000000000000018
644.48,0.0040000000000000036
644.52,-0.003999999999999997
644.5600000000001,-0.011999999999999997
644.6,-0.003999999999999997
644.64,0.0020000000000000018
644.6800000000001,-0.003999999999999997
644.72,-0.0020000000000000018
644.76,0.006000000000000005
644.8000000000001,0.0020000000000000018
644.84,-0.003999999999999997
644.88,0.0
644.92,0.0020000000000000018
644.96,-0.003999999999999997
645.0,-0.003999999999999997
645.04,-0.0020000000000000018
645.08,-0.0020000000000000018
645.12,-0.0020000000000000018
645.16,0.0020000000000000018
645.2,-0.003999999999999997
645.24,-0.009999999999999995
645.28,-0.003999999999999997
645.32,0.0040000000000000036
645.36,0.0
645.4,-0.0020000000000000018
645.44,0.0040000000000000036
645.48,0.0020000000000000018
645.52,0.0
645.5600000000001,0.0040000000000000036
645.6,0.0040000000000000036
645.64,-0.0020000000000000018
645.6800000000001,0.0040000000000000036
645.72,0.006000000000000005
645.76,0.0
645.8000000000001,-0.005999999999999998
645.84,-0.0020000000000000018
645.88,-0.0020000000000000018
645.92,-0.005999999999999998
645.96,-0.0020000000000000018
646.0,0.0040000000000000036
646.04,0.0020000000000000018
646.08,-0.0020000000000000018
646.12,0.0040000000000000036
646.16,0.0040000000000000036
646.2,-0.0020000000000000018
646.24,-0.003999999999999997
646.28,0.0
646.32,0.0020000000000000018
646.36,0.0020000000000000018
646.4,0.0
646.44,-0.003999999999999997
646.48,-0.008
646.52,-0.003999999999999997
646.5600000000001,0.0
646.6,0.0
646.64,-0.003999999999999997
646.6800000000001,0.0020000000000000018
646.72,0.0020000000000000018
646.76,0.0
646.8000000000001,0.0
646.84,0.0
646.88,-0.0020000000000000018
646.92,0.0020000000000000018
646.96,0.0040000000000000036
647.0,0.0020000000000000018
647.04,-0.003999999999999997
647.08,0.0
647.12,-0.0020000000000000018
647.16,-0.005999999999999998
647.2,-0.005999999999999998
647.24,-0.0020000000000000018
647.28,-0.0020000000000000018
647.32,-0.0020000000000000018
647.36,0.0040000000000000036
647.4,0.006000000000000005
647.44,-0.003999999999999997
647.48,-0.003999999999999997
647.52,0.0020000000000000018
647.5600000000001,0.0020000000000000018
647.6,0.0020000000000000018
647.64,0.0020000000000000018
647.6800000000001,-0.0020000000000000018
647.72,-0.005999999999999998
647.76,-0.0020000000000000018
647.8000000000001,-0.0020000000000000018
647.84,-0.005999999999999998
647.88,-0.005999999999999998
647.92,0.0
647.96,0.0020000000000000018
648.0,0.0
648.04,0.0020000000000000018
648.08,0.0
648.12,-0.0020000000000000018
648.16,0.0020000000000000018
648.2,0.0040000000000000036
648.24,0.0020000000000000018
648.28,0.0020000000000000018
648.32,0.006000000000000005
648.36,0.0040000000000000036
648.4,-0.005999999999999998
648.44,-0.005999999999999998
648.48,-0.0020000000000000018
648.52,-0.003999999999999997
648.5600000000001,-0.003999999999999997
648.6,0.0020000000000000018
648.64,0.0020000000000000018
648.6800000000001,-0.0020000000000000018
648.72,0.0
648.76,0.0020000000000000018
648.8000000000001,-0.0020000000000000018
648.84,0.0
648.88,0.0020000000000000018
648.92,-0.0020000000000000018
648.96,-0.003999999999999997
649.0,0.0
649.04,-0.0020000000000000018
649.08,-0.009999999999999995
649.12,-0.005999999999999998
649.16,-0.003999999999999997
649.2,-0.0020000000000000018
649.24,0.0
649.28,0.0
649.32,-0.003999999999999997
649.36,-0.0020000000000000018
649.4,0.0020000000000000018
649.44,0.0
649.48,-0.003999999999999997
649.52,0.0020000000000000018
649.5600000000001,0.010000000000000002
649.6,0.0020000000000000018
649.64,-0.003999999999999997
649.6800000000001,-0.0020000000000000018
649.72,-0.0020000000000000018
649.76,-0.005999999999999998
649.8000000000001,-0.003999999999999997
649.84,0.0
649.88,-0.0020000000000000018
649.92,-0.0020000000000000018
649.96,0.0020000000000000018
650.0,-0.0020000000000000018
650.04,-0.0020000000000000018
650.08,0.0020000000000000018
650.12,0.0020000000000000018
650.16,0.0
650.2,0.0040000000000000036
650.24,0.006000000000000005
650.28,0.0
650.32,-0.005999999999999998
650.36,-0.003999999999999997
650.4,-0.003999999999999997
650.44,-0.003999999999999997
650.48,-0.0020000000000000018
650.52,-0.0020000000000000018
650.5600000000001,-0.0020000000000000018
650.6,0.0020000000000000018
650.64,0.0020000000000000018
650.6800000000001,-0.003999999999999997
650.72,-0.005999999999999998
650.76,0.0020000000000000018
650.8000000000001,0.006000000000000005
650.84,0.0020000000000000018
650.88,-0.0020000000000000018
650.92,0.0020000000000000018
650.96,0.0020000000000000018
651.0,-0.003999999999999997
651.04,-0.003999999999999997
651.08,0.0
651.12,-0.003999999999999997
651.16,-0.003999999999999997
651.2,-0.0020000000000000018
651.24,-0.0020000000000000018
651.28,-0.003999999999999997
651.32,-0.0020000000000000018
651.36,-0.003999999999999997
651.4,-0.003999999999999997
651.44,0.0020000000000000018
651.48,0.008
651.52,0.0020000000000000018
651.5600000000001,-0.003999999999999997
651.6,-0.0020000000000000018
651.64,-0.0020000000000000018
651.6800000000001,-0.003999999999999997
651.72,-0.005999999999999998
651.76,-0.005999999999999998
651.8000000000001,-0.003999999999999997
651.84,0.0
651.88,0.0020000000000000018
651.92,-0.003999999999999997
651.96,-0.005999999999999998
652.0,0.0020000000000000018
652.04,0.0040000000000000036
652.08,-0.0020000000000000018
652.12,-0.0020000000000000018
652.16,0.006000000000000005
652.2,0.006000000000000005
652.24,-0.0020000000000000018
652.28,0.0020000000000000018
652.32,0.0020000000000000018
652.36,-0.003999999999999997
652.4,-0.003999999999999997
652.44,0.0020000000000000018
652.48,0.0020000000000000018
652.52,-0.0020000000000000018
652.5600000000001,-0.0020000000000000018
652.6,-0.003999999999999997
652.64,-0.003999999999999997
652.6800000000001,0.0
652.72,0.006000000000000005
652.76,0.0020000000000000018
652.8000000000001,0.0
652.84,0.0040000000000000036
652.88,0.0040000000000000036
652.92,-0.0020000000000000018
652.96,-0.003999999999999997
653.0,-0.003999999999999997
653.04,-0.005999999999999998
653.08,-0.0020000000000000018
653.12,0.0
653.16,-0.005999999999999998
653.2,-0.005999999999999998
653.24,0.0020000000000000018
653.28,0.0
653.32,-0.005999999999999998
653.36,-0.003999999999999997
653.4,0.006000000000000005
653.44,0.0020000000000000018
653.48,-0.0020000000000000018
653.52,0.0040000000000000036
653.5600000000001,0.0020000000000000018
653.6,-0.003999999999999997
653.64,-0.003999999999999997
653.6800000000001,0.0020000000000000018
653.72,-0.0020000000000000018
653.76,0.0
653.8000000000001,0.0
653.84,-0.003999999999999997
653.88,-0.005999999999999998
653.92,-0.0020000000000000018
653.96,0.0
654.0,-0.003999999999999997
654.04,0.0
654.08,0.006000000000000005
654.12,0.006000000000000005
654.16,0.0040000000000000036
654.2,0.0
654.24,-0.003999999999999997
654.28,-0.0020000000000000018
654.32,-0.0020000000000000018
654.36,-0.0020000000000000018
654.4,-0.005999999999999998
654.44,-0.0020000000000000018
654.48,0.0040000000000000036
654.52,-0.003999999999999997
654.5600000000001,-0.008
654.6,-0.0020000000000000018
654.64,0.0020000000000000018
654.6800000000001,0.0020000000000000018
654.72,0.0020000000000000018
654.76,0.0040000000000000036
654.8000000000001,0.0020000000000000018
654.84,-0.0020000000000000018
654.88,-0.0020000000000000018
654.92,-0.0020000000000000018
654.96,-0.0020000000000000018
655.0,0.0020000000000000018
655.04,0.0020000000000000018
655.08,-0.003999999999999997
655.12,-0.0020000000000000018
655.16,0.0
655.2,-0.003999999999999997
655.24,-0.005999999999999998
655.28,-0.003999999999999997
655.32,0.0040000000000000036
655.36,0.006000000000000005
655.4,0.0040000000000000036
655.44,0.0020000000000000018
655.48,0.0
655.52,0.0020000000000000018
