Time (s),Voltage (V)
0.0,0.14800000000000002
0.04,0.158
0.08,0.15200000000000002
0.12,0.162
0.16,0.15400000000000003
0.2,-0.0020000000000000018
0.24,-0.003999999999999997
0.28,-0.005999999999999998
0.32,-0.003999999999999997
0.36,0.0
0.4,-0.0020000000000000018
0.44,-0.0020000000000000018
0.48,0.0020000000000000018
0.52,0.006000000000000005
0.56,0.006000000000000005
0.6,0.0
0.64,-0.003999999999999997
0.68,-0.0020000000000000018
0.72,-0.0020000000000000018
0.76,-0.003999999999999997
0.8,-0.003999999999999997
0.84,0.0
0.88,0.0020000000000000018
0.92,-0.0020000000000000018
0.96,-0.005999999999999998
1.0,-0.003999999999999997
1.04,0.0
1.08,-0.0020000000000000018
1.12,0.0020000000000000018
1.16,0.010000000000000002
1.2,0.006000000000000005
1.24,0.0020000000000000018
1.28,0.0
1.32,0.0020000000000000018
1.36,0.0
1.4000000000000001,0.0020000000000000018
1.44,0.0020000000000000018
1.48,-0.003999999999999997
1.52,-0.003999999999999997
1.56,-0.0020000000000000018
1.6,-0.0020000000000000018
1.6400000000000001,-0.005999999999999998
1.68,-0.005999999999999998
1.72,-0.0020000000000000018
1.76,0.0020000000000000018
1.8,0.0040000000000000036
1.84,0.0020000000000000018
1.8800000000000001,-0.0020000000000000018
1.92,-0.0020000000000000018
1.96,0.0020000000000000018
2.0,-0.003999999999999997
2.04,-0.005999999999999998
2.08,0.0020000000000000018
2.12,0.0020000000000000018
2.16,-0.003999999999999997
2.2,-0.005999999999999998
2.24,-0.0020000000000000018
2.2800000000000002,-0.003999999999999997
2.32,-0.005999999999999998
2.36,-0.0020000000000000018
2.4,0.0040000000000000036
2.44,0.0020000000000000018
2.48,0.0020000000000000018
2.52,0.006000000000000005
2.56,0.0020000000000000018
2.6,0.0040000000000000036
2.64,0.008
2.68,0.006000000000000005
2.72,-0.0020000000000000018
2.7600000000000002,0.0020000000000000018
2.8000000000000003,0.0020000000000000018
2.84,-0.003999999999999997
2.88,-0.003999999999999997
2.92,-0.005999999999999998
2.96,-0.0020000000000000018
3.0,0.0
3.04,0.0040000000000000036
3.08,0.0020000000000000018
3.12,-0.0020000000000000018
3.16,0.006000000000000005
3.2,0.0040000000000000036
3.24,-0.003999999999999997
3.2800000000000002,-0.005999999999999998
3.3200000000000003,0.0020000000000000018
3.36,0.0020000000000000018
3.4,-0.005999999999999998
3.44,-0.0020000000000000018
3.48,0.0020000000000000018
3.52,-0.005999999999999998
3.56,-0.005999999999999998
3.6,-0.0020000000000000018
3.64,-0.003999999999999997
3.68,-0.003999999999999997
3.72,-0.0020000000000000018
3.7600000000000002,0.0020000000000000018
3.8000000000000003,0.0
3.84,0.006000000000000005
3.88,0.0040000000000000036
3.92,-0.0020000000000000018
3.96,-0.0020000000000000018
4.0,0.0040000000000000036
4.04,0.006000000000000005
4.08,0.0020000000000000018
4.12,-0.003999999999999997
4.16,-0.003999999999999997
4.2,-0.003999999999999997
4.24,-0.0020000000000000018
4.28,-0.0020000000000000018
4.32,-0.003999999999999997
4.36,0.0
4.4,0.0040000000000000036
4.44,0.0040000000000000036
4.48,-0.0020000000000000018
4.5200000000000005,0.0020000000000000018
4.5600000000000005,0.0040000000000000036
4.6000000000000005,-0.0020000000000000018
4.64,-0.003999999999999997
4.68,0.0
4.72,0.0020000000000000018
4.76,0.0
4.8,-0.003999999999999997
4.84,-0.003999999999999997
4.88,-0.0020000000000000018
4.92,-0.005999999999999998
4.96,-0.005999999999999998
5.0,-0.0020000000000000018
5.04,0.0020000000000000018
5.08,0.0020000000000000018
5.12,0.0020000000000000018
5.16,0.0
5.2,-0.0020000000000000018
5.24,0.0040000000000000036
5.28,0.006000000000000005
5.32,0.0020000000000000018
5.36,-0.0020000000000000018
5.4,0.0020000000000000018
5.44,0.0040000000000000036
5.48,-0.0020000000000000018
5.5200000000000005,-0.003999999999999997
5.5600000000000005,-0.005999999999999998
5.6000000000000005,-0.003999999999999997
5.64,0.0020000000000000018
5.68,0.0020000000000000018
5.72,0.0020000000000000018
5.76,0.0020000000000000018
5.8,0.006000000000000005
5.84,-0.0020000000000000018
5.88,-0.005999999999999998
5.92,0.0
5.96,0.0040000000000000036
6.0,0.0020000000000000018
6.04,-0.0020000000000000018
6.08,0.0020000000000000018
6.12,-0.0020000000000000018
6.16,-0.009999999999999995
6.2,-0.009999999999999995
6.24,-0.003999999999999997
6.28,-0.003999999999999997
6.32,-0.0020000000000000018
6.36,0.0
6.4,-0.003999999999999997
6.44,-0.003999999999999997
6.48,0.0020000000000000018
6.5200000000000005,0.0020000000000000018
6.5600000000000005,-0.0020000000000000018
6.6000000000000005,0.0
6.640000000000001,0.006000000000000005
6.68,0.0040000000000000036
6.72,0.0020000000000000018
6.76,-0.003999999999999997
6.8,-0.003999999999999997
6.84,-0.005999999999999998
6.88,-0.0020000000000000018
6.92,-0.0020000000000000018
6.96,0.0
7.0,0.0040000000000000036
7.04,0.006000000000000005
7.08,0.0
7.12,-0.003999999999999997
7.16,0.0020000000000000018
7.2,0.006000000000000005
7.24,0.0
7.28,0.0020000000000000018
7.32,0.0040000000000000036
7.36,0.0
7.4,-0.003999999999999997
7.44,-0.003999999999999997
7.48,-0.0020000000000000018
7.5200000000000005,-0.003999999999999997
7.5600000000000005,-0.005999999999999998
7.6000000000000005,-0.003999999999999997
7.640000000000001,-0.003999999999999997
7.68,-0.0020000000000000018
7.72,0.0020000000000000018
7.76,-0.0020000000000000018
7.8,-0.005999999999999998
7.84,-0.0020000000000000018
7.88,0.0040000000000000036
7.92,0.0040000000000000036
7.96,0.0020000000000000018
8.0,-0.0020000000000000018
8.040000000000001,-0.003999999999999997
8.08,-0.0020000000000000018
8.120000000000001,-0.003999999999999997
8.16,-0.005999999999999998
8.2,-0.003999999999999997
8.24,0.0
8.28,0.0020000000000000018
8.32,-0.0020000000000000018
8.36,0.0
8.4,0.0040000000000000036
8.44,0.0020000000000000018
8.48,-0.0020000000000000018
8.52,0.0020000000000000018
8.56,0.006000000000000005
8.6,0.0020000000000000018
8.64,0.0
8.68,0.0040000000000000036
8.72,0.0020000000000000018
8.76,-0.0020000000000000018
8.8,-0.003999999999999997
8.84,-0.005999999999999998
8.88,-0.003999999999999997
8.92,0.0
8.96,0.0
9.0,-0.003999999999999997
9.040000000000001,-0.005999999999999998
9.08,-0.0020000000000000018
9.120000000000001,0.0020000000000000018
9.16,0.0020000000000000018
9.200000000000001,0.0
9.24,0.0020000000000000018
9.28,0.0020000000000000018
9.32,0.0020000000000000018
9.36,0.0020000000000000018
9.4,-0.003999999999999997
9.44,-0.003999999999999997
9.48,-0.0020000000000000018
9.52,-0.0020000000000000018
9.56,-0.003999999999999997
9.6,0.0020000000000000018
9.64,0.006000000000000005
9.68,0.0020000000000000018
9.72,-0.0020000000000000018
9.76,0.0020000000000000018
9.8,0.0040000000000000036
9.84,-0.0020000000000000018
9.88,0.0
9.92,0.008
9.96,0.006000000000000005
10.0,0.0020000000000000018
10.040000000000001,-0.003999999999999997
10.08,-0.003999999999999997
10.120000000000001,-0.003999999999999997
10.16,-0.0020000000000000018
10.200000000000001,-0.0020000000000000018
10.24,-0.005999999999999998
10.28,-0.005999999999999998
10.32,-0.0020000000000000018
10.36,0.0
10.4,-0.005999999999999998
10.44,-0.003999999999999997
10.48,0.0
10.52,0.0020000000000000018
10.56,0.0020000000000000018
10.6,0.0020000000000000018
10.64,-0.0020000000000000018
10.68,-0.005999999999999998
10.72,-0.003999999999999997
10.76,-0.005999999999999998
10.8,-0.005999999999999998
10.84,-0.0020000000000000018
10.88,0.0020000000000000018
10.92,-0.0020000000000000018
10.96,-0.003999999999999997
11.0,0.0020000000000000018
11.040000000000001,0.0
11.08,-0.003999999999999997
11.120000000000001,-0.0020000000000000018
11.16,0.010000000000000002
11.200000000000001,0.008
11.24,0.0020000000000000018
11.28,0.0040000000000000036
11.32,0.0020000000000000018
11.36,0.0
11.4,0.0
11.44,-0.0020000000000000018
11.48,-0.003999999999999997
11.52,-0.0020000000000000018
11.56,0.0020000000000000018
11.6,-0.0020000000000000018
11.64,-0.003999999999999997
11.68,-0.003999999999999997
11.72,-0.0020000000000000018
11.76,0.0
11.8,0.0020000000000000018
11.84,0.0040000000000000036
11.88,0.0020000000000000018
11.92,0.0020000000000000018
11.96,0.0
12.0,-0.003999999999999997
12.040000000000001,-0.005999999999999998
12.08,-0.0020000000000000018
12.120000000000001,0.0
12.16,-0.003999999999999997
12.200000000000001,-0.0020000000000000018
12.24,0.0020000000000000018
12.280000000000001,-0.003999999999999997
12.32,-0.008
12.36,-0.0020000000000000018
12.4,0.0020000000000000018
12.44,0.0020000000000000018
12.48,-0.0020000000000000018
12.52,0.0020000000000000018
12.56,0.006000000000000005
12.6,0.0040000000000000036
12.64,0.0020000000000000018
12.68,-0.0020000000000000018
12.72,-0.003999999999999997
12.76,-0.0020000000000000018
12.8,0.0020000000000000018
12.84,-0.0020000000000000018
12.88,-0.003999999999999997
12.92,-0.003999999999999997
12.96,-0.0020000000000000018
13.0,-0.0020000000000000018
13.040000000000001,-0.0020000000000000018
13.08,0.0020000000000000018
13.120000000000001,0.0020000000000000018
13.16,0.006000000000000005
13.200000000000001,0.0040000000000000036
13.24,-0.0020000000000000018
13.280000000000001,-0.0020000000000000018
13.32,-0.0020000000000000018
13.36,-0.0020000000000000018
13.4,-0.005999999999999998
13.44,-0.003999999999999997
13.48,0.0020000000000000018
13.52,-0.0020000000000000018
13.56,-0.003999999999999997
13.6,-0.003999999999999997
13.64,0.0020000000000000018
13.68,-0.003999999999999997
13.72,-0.005999999999999998
13.76,0.0020000000000000018
13.8,0.006000000000000005
13.84,0.006000000000000005
13.88,0.0040000000000000036
13.92,0.0020000000000000018
13.96,0.0
14.0,0.0020000000000000018
14.040000000000001,0.0020000000000000018
14.08,0.0
14.120000000000001,-0.003999999999999997
14.16,-0.0020000000000000018
14.200000000000001,-0.0020000000000000018
14.24,-0.003999999999999997
14.280000000000001,-0.003999999999999997
14.32,-0.0020000000000000018
14.36,-0.003999999999999997
14.4,-0.0020000000000000018
14.44,0.0020000000000000018
14.48,0.0040000000000000036
14.52,0.0020000000000000018
14.56,0.0020000000000000018
14.6,-0.0020000000000000018
14.64,-0.005999999999999998
14.68,-0.003999999999999997
14.72,-0.0020000000000000018
14.76,-0.003999999999999997
14.8,-0.003999999999999997
14.84,0.0
14.88,-0.0020000000000000018
14.92,-0.008
14.96,-0.008
15.0,0.0
15.040000000000001,0.0020000000000000018
15.08,0.0
15.120000000000001,0.0020000000000000018
15.16,0.0020000000000000018
15.200000000000001,0.0020000000000000018
15.24,0.006000000000000005
15.280000000000001,0.0040000000000000036
15.32,0.0
15.36,-0.0020000000000000018
15.4,0.0020000000000000018
15.44,0.0020000000000000018
15.48,0.0
15.52,-0.0020000000000000018
15.56,-0.003999999999999997
15.6,-0.005999999999999998
15.64,-0.0020000000000000018
15.68,0.0020000000000000018
15.72,0.0020000000000000018
15.76,0.0040000000000000036
15.8,0.006000000000000005
15.84,0.0040000000000000036
15.88,-0.003999999999999997
15.92,0.0
15.96,0.0
16.0,-0.005999999999999998
16.04,-0.0020000000000000018
16.080000000000002,0.0040000000000000036
16.12,0.0
16.16,-0.008
16.2,-0.005999999999999998
16.240000000000002,-0.0020000000000000018
16.28,-0.005999999999999998
16.32,-0.005999999999999998
16.36,-0.0020000000000000018
16.4,0.0
16.44,0.0020000000000000018
16.48,0.0040000000000000036
16.52,0.0020000000000000018
16.56,-0.003999999999999997
16.6,-0.0020000000000000018
16.64,0.0020000000000000018
16.68,0.0020000000000000018
16.72,0.0020000000000000018
16.76,0.0020000000000000018
16.8,-0.003999999999999997
16.84,-0.005999999999999998
16.88,-0.005999999999999998
16.92,-0.003999999999999997
16.96,-0.0020000000000000018
17.0,0.0
17.04,0.0040000000000000036
17.080000000000002,0.006000000000000005
17.12,0.0020000000000000018
17.16,0.0020000000000000018
17.2,0.0
17.240000000000002,-0.003999999999999997
17.28,0.0
17.32,0.0040000000000000036
17.36,-0.0020000000000000018
17.400000000000002,-0.003999999999999997
17.44,-0.0020000000000000018
17.48,0.0
17.52,-0.003999999999999997
17.56,-0.009999999999999995
17.6,-0.003999999999999997
17.64,0.0
17.68,0.0
17.72,0.0020000000000000018
17.76,0.0040000000000000036
17.8,0.0
17.84,-0.0020000000000000018
17.88,0.0020000000000000018
17.92,0.006000000000000005
17.96,0.0020000000000000018
18.0,0.0020000000000000018
18.04,0.0020000000000000018
18.080000000000002,-0.0020000000000000018
18.12,-0.003999999999999997
18.16,-0.003999999999999997
18.2,-0.003999999999999997
18.240000000000002,-0.005999999999999998
18.28,-0.0020000000000000018
18.32,0.0020000000000000018
18.36,0.0020000000000000018
18.400000000000002,0.0020000000000000018
18.44,0.0040000000000000036
18.48,0.0020000000000000018
18.52,-0.0020000000000000018
18.56,0.0
18.6,-0.0020000000000000018
18.64,-0.003999999999999997
18.68,0.0020000000000000018
18.72,0.006000000000000005
18.76,-0.003999999999999997
18.8,-0.009999999999999995
18.84,-0.003999999999999997
18.88,-0.003999999999999997
18.92,-0.005999999999999998
18.96,-0.003999999999999997
19.0,0.0
19.04,-0.003999999999999997
19.080000000000002,-0.003999999999999997
19.12,0.006000000000000005
19.16,0.0040000000000000036
19.2,-0.0020000000000000018
19.240000000000002,-0.003999999999999997
19.28,0.0020000000000000018
19.32,0.0
19.36,0.0020000000000000018
19.400000000000002,0.0020000000000000018
19.44,-0.003999999999999997
19.48,-0.005999999999999998
19.52,-0.003999999999999997
19.56,-0.003999999999999997
19.6,-0.0020000000000000018
19.64,0.0020000000000000018
19.68,0.006000000000000005
19.72,0.0040000000000000036
19.76,0.0040000000000000036
19.8,0.0040000000000000036
19.84,-0.0020000000000000018
19.88,-0.0020000000000000018
19.92,0.0040000000000000036
19.96,0.006000000000000005
20.0,-0.0020000000000000018
20.04,-0.0020000000000000018
20.080000000000002,0.0020000000000000018
20.12,-0.0020000000000000018
20.16,-0.005999999999999998
20.2,-0.003999999999999997
20.240000000000002,-0.003999999999999997
20.28,-0.005999999999999998
20.32,-0.0020000000000000018
20.36,0.0040000000000000036
20.400000000000002,0.0020000000000000018
20.44,-0.003999999999999997
20.48,-0.003999999999999997
20.52,-0.0020000000000000018
20.56,0.0020000000000000018
20.6,0.0020000000000000018
20.64,0.0020000000000000018
20.68,-0.0020000000000000018
20.72,-0.0020000000000000018
20.76,-0.003999999999999997
20.8,-0.005999999999999998
20.84,-0.008
20.88,-0.003999999999999997
20.92,-0.0020000000000000018
20.96,0.0020000000000000018
21.0,0.0040000000000000036
21.04,0.0020000000000000018
21.080000000000002,-0.0020000000000000018
21.12,0.0
21.16,0.0020000000000000018
21.2,0.0020000000000000018
21.240000000000002,-0.0020000000000000018
21.28,0.0
21.32,0.0040000000000000036
21.36,0.0020000000000000018
21.400000000000002,-0.003999999999999997
21.44,-0.005999999999999998
21.48,-0.003999999999999997
21.52,-0.003999999999999997
21.56,-0.003999999999999997
21.6,0.0020000000000000018
21.64,0.0
21.68,-0.003999999999999997
21.72,-0.003999999999999997
21.76,0.0020000000000000018
21.8,0.0020000000000000018
21.84,0.0
21.88,0.0020000000000000018
21.92,0.0040000000000000036
21.96,0.0020000000000000018
22.0,0.0020000000000000018
22.04,-0.0020000000000000018
22.080000000000002,-0.005999999999999998
22.12,-0.005999999999999998
22.16,-0.0020000000000000018
22.2,-0.0020000000000000018
22.240000000000002,-0.0020000000000000018
22.28,0.0020000000000000018
22.32,0.0020000000000000018
22.36,0.0020000000000000018
22.400000000000002,0.0040000000000000036
22.44,0.0020000000000000018
22.48,-0.003999999999999997
22.52,0.0020000000000000018
22.56,0.006000000000000005
22.6,0.0040000000000000036
22.64,-0.0020000000000000018
22.68,-0.0020000000000000018
22.72,-0.0020000000000000018
22.76,-0.005999999999999998
22.8,-0.003999999999999997
22.84,0.0020000000000000018
22.88,-0.0020000000000000018
22.92,-0.005999999999999998
22.96,-0.0020000000000000018
23.0,0.0020000000000000018
23.04,-0.0020000000000000018
23.080000000000002,-0.003999999999999997
23.12,0.0
23.16,-0.0020000000000000018
23.2,0.0
23.240000000000002,0.0040000000000000036
23.28,0.0
23.32,-0.003999999999999997
23.36,-0.003999999999999997
23.400000000000002,-0.0020000000000000018
23.44,-0.008
23.48,-0.008
23.52,-0.003999999999999997
23.56,0.0
23.6,0.0
23.64,0.0040000000000000036
23.68,0.0020000000000000018
23.72,-0.0020000000000000018
23.76,0.0020000000000000018
23.8,0.008
23.84,0.0020000000000000018
23.88,0.0
23.92,0.006000000000000005
23.96,0.0040000000000000036
24.0,-0.0020000000000000018
24.04,-0.0020000000000000018
24.080000000000002,0.0020000000000000018
24.12,-0.003999999999999997
24.16,-0.005999999999999998
24.2,0.0020000000000000018
24.240000000000002,0.0040000000000000036
24.28,0.0
24.32,-0.0020000000000000018
24.36,0.0
24.400000000000002,-0.0020000000000000018
24.44,-0.0020000000000000018
24.48,0.0020000000000000018
24.52,0.0020000000000000018
24.560000000000002,0.0020000000000000018
24.6,0.0020000000000000018
24.64,-0.0020000000000000018
24.68,-0.005999999999999998
24.72,-0.009999999999999995
24.76,-0.005999999999999998
24.8,-0.005999999999999998
24.84,-0.0020000000000000018
24.88,0.0
24.92,-0.0020000000000000018
24.96,-0.0020000000000000018
25.0,0.0020000000000000018
25.04,0.0020000000000000018
25.080000000000002,-0.0020000000000000018
25.12,-0.0020000000000000018
25.16,0.0020000000000000018
25.2,0.0040000000000000036
25.240000000000002,0.0020000000000000018
25.28,0.0020000000000000018
25.32,-0.0020000000000000018
25.36,-0.005999999999999998
25.400000000000002,-0.005999999999999998
25.44,0.0
25.48,0.0040000000000000036
25.52,-0.0020000000000000018
25.560000000000002,-0.0020000000000000018
25.6,0.0020000000000000018
25.64,0.0
25.68,-0.0020000000000000018
25.72,0.0
25.76,0.0020000000000000018
25.8,0.0020000000000000018
25.84,0.0040000000000000036
25.88,0.006000000000000005
25.92,0.0020000000000000018
25.96,-0.005999999999999998
26.0,-0.003999999999999997
26.04,-0.0020000000000000018
26.080000000000002,-0.005999999999999998
26.12,-0.005999999999999998
26.16,-0.003999999999999997
26.2,-0.0020000000000000018
26.240000000000002,0.0
26.28,0.0020000000000000018
26.32,-0.003999999999999997
26.36,-0.003999999999999997
26.400000000000002,0.0020000000000000018
26.44,0.006000000000000005
26.48,0.0020000000000000018
26.52,0.0020000000000000018
26.560000000000002,0.0020000000000000018
26.6,-0.003999999999999997
26.64,-0.005999999999999998
26.68,0.0020000000000000018
26.72,0.0020000000000000018
26.76,-0.003999999999999997
26.8,-0.0020000000000000018
26.84,0.0020000000000000018
26.88,0.0
26.92,-0.003999999999999997
26.96,-0.0020000000000000018
27.0,0.0020000000000000018
27.04,-0.0020000000000000018
27.080000000000002,0.0020000000000000018
27.12,0.006000000000000005
27.16,0.0020000000000000018
27.2,-0.0020000000000000018
27.240000000000002,0.0020000000000000018
27.28,0.0
27.32,-0.005999999999999998
27.36,-0.005999999999999998
27.400000000000002,-0.005999999999999998
27.44,-0.005999999999999998
27.48,-0.0020000000000000018
27.52,-0.0020000000000000018
27.560000000000002,-0.003999999999999997
27.6,-0.005999999999999998
27.64,-0.0020000000000000018
27.68,0.0020000000000000018
27.72,-0.003999999999999997
27.76,0.0
27.8,0.0040000000000000036
27.84,0.0020000000000000018
27.88,-0.0020000000000000018
27.92,0.0020000000000000018
27.96,-0.0020000000000000018
28.0,-0.005999999999999998
28.04,-0.003999999999999997
28.080000000000002,0.0020000000000000018
28.12,0.0
28.16,-0.0020000000000000018
28.2,0.0020000000000000018
28.240000000000002,0.0
28.28,-0.0020000000000000018
28.32,-0.0020000000000000018
28.36,0.0020000000000000018
28.400000000000002,0.0020000000000000018
28.44,0.0040000000000000036
28.48,0.010000000000000002
28.52,0.008
28.560000000000002,0.0
28.6,-0.003999999999999997
28.64,-0.005999999999999998
28.68,-0.003999999999999997
28.72,-0.003999999999999997
28.76,-0.005999999999999998
28.8,-0.003999999999999997
28.84,-0.003999999999999997
28.88,0.0
28.92,-0.0020000000000000018
28.96,-0.005999999999999998
29.0,-0.003999999999999997
29.04,0.0020000000000000018
29.080000000000002,0.0020000000000000018
29.12,0.0020000000000000018
29.16,0.0020000000000000018
29.2,-0.0020000000000000018
29.240000000000002,-0.005999999999999998
29.28,-0.005999999999999998
29.32,0.0
29.36,-0.0020000000000000018
29.400000000000002,-0.003999999999999997
29.44,0.0
29.48,0.0
29.52,-0.0020000000000000018
29.560000000000002,-0.003999999999999997
29.6,-0.0020000000000000018
29.64,-0.003999999999999997
29.68,-0.0020000000000000018
29.72,0.008
29.76,0.010000000000000002
29.8,0.0020000000000000018
29.84,0.0020000000000000018
29.88,0.0040000000000000036
29.92,0.0020000000000000018
29.96,-0.003999999999999997
30.0,-0.003999999999999997
30.04,-0.003999999999999997
30.080000000000002,-0.0020000000000000018
30.12,0.0020000000000000018
30.16,0.0
30.2,-0.005999999999999998
30.240000000000002,-0.003999999999999997
30.28,0.0020000000000000018
30.32,-0.0020000000000000018
30.36,0.0020000000000000018
30.400000000000002,0.0040000000000000036
30.44,0.0020000000000000018
30.48,-0.0020000000000000018
30.52,-0.0020000000000000018
30.560000000000002,0.0020000000000000018
30.6,-0.003999999999999997
30.64,-0.003999999999999997
30.68,0.0020000000000000018
30.72,0.0
30.76,-0.003999999999999997
30.8,-0.0020000000000000018
30.84,-0.0020000000000000018
30.88,-0.005999999999999998
30.92,-0.003999999999999997
30.96,0.0020000000000000018
31.0,0.0020000000000000018
31.04,0.0020000000000000018
31.080000000000002,0.0040000000000000036
31.12,0.008
31.16,0.006000000000000005
31.2,0.0
31.240000000000002,-0.0020000000000000018
31.28,-0.003999999999999997
31.32,-0.0020000000000000018
31.36,0.0020000000000000018
31.400000000000002,-0.0020000000000000018
31.44,-0.003999999999999997
31.48,-0.0020000000000000018
31.52,-0.0020000000000000018
31.560000000000002,-0.003999999999999997
31.6,-0.0020000000000000018
31.64,0.0020000000000000018
31.68,-0.003999999999999997
31.720000000000002,-0.0020000000000000018
31.76,0.0020000000000000018
31.8,0.0020000000000000018
31.84,-0.003999999999999997
31.88,-0.003999999999999997
31.92,-0.0020000000000000018
31.96,-0.003999999999999997
32.0,-0.003999999999999997
32.04,-0.0020000000000000018
32.08,-0.0020000000000000018
32.12,-0.005999999999999998
32.160000000000004,-0.003999999999999997
32.2,-0.0020000000000000018
32.24,-0.003999999999999997
32.28,-0.003999999999999997
32.32,0.0020000000000000018
32.36,0.008
32.4,0.006000000000000005
32.44,0.0020000000000000018
32.480000000000004,0.0020000000000000018
32.52,0.0
32.56,0.0020000000000000018
32.6,0.0
32.64,-0.0020000000000000018
32.68,-0.003999999999999997
32.72,0.0
32.76,0.0020000000000000018
32.8,-0.0020000000000000018
32.84,-0.0020000000000000018
32.88,-0.0020000000000000018
32.92,-0.0020000000000000018
32.96,-0.0020000000000000018
33.0,0.006000000000000005
33.04,0.006000000000000005
33.08,0.0
33.12,-0.0020000000000000018
33.160000000000004,0.0020000000000000018
33.2,-0.003999999999999997
33.24,-0.003999999999999997
33.28,-0.0020000000000000018
33.32,0.0
33.36,-0.003999999999999997
33.4,-0.003999999999999997
33.44,-0.003999999999999997
33.480000000000004,-0.009999999999999995
33.52,-0.009999999999999995
33.56,-0.003999999999999997
33.6,0.0020000000000000018
33.64,0.0
33.68,0.0
33.72,0.0040000000000000036
33.76,0.0040000000000000036
33.8,0.0020000000000000018
33.84,0.0
33.88,-0.0020000000000000018
33.92,-0.003999999999999997
33.96,0.0
34.0,0.0020000000000000018
34.04,0.0
34.08,-0.0020000000000000018
34.12,-0.0020000000000000018
34.160000000000004,-0.003999999999999997
34.2,-0.003999999999999997
34.24,0.0040000000000000036
34.28,0.006000000000000005
34.32,0.0
34.36,0.0
34.4,0.006000000000000005
34.44,0.0020000000000000018
34.480000000000004,-0.003999999999999997
34.52,0.0020000000000000018
34.56,0.0020000000000000018
34.6,-0.0020000000000000018
34.64,0.0020000000000000018
34.68,0.0020000000000000018
34.72,-0.005999999999999998
34.76,-0.008
34.800000000000004,-0.0020000000000000018
34.84,-0.003999999999999997
34.88,-0.005999999999999998
34.92,-0.003999999999999997
34.96,0.0040000000000000036
35.0,0.0040000000000000036
35.04,0.0020000000000000018
35.08,0.0020000000000000018
35.12,-0.0020000000000000018
35.160000000000004,-0.003999999999999997
35.2,0.0
35.24,0.0020000000000000018
35.28,-0.0020000000000000018
35.32,0.0
35.36,-0.0020000000000000018
35.4,-0.003999999999999997
35.44,-0.003999999999999997
35.480000000000004,0.0
35.52,-0.0020000000000000018
35.56,-0.003999999999999997
35.6,0.0020000000000000018
35.64,0.006000000000000005
35.68,0.0020000000000000018
35.72,-0.003999999999999997
35.76,0.0020000000000000018
35.800000000000004,0.0
35.84,-0.0020000000000000018
35.88,0.0020000000000000018
35.92,0.0020000000000000018
35.96,-0.003999999999999997
36.0,-0.003999999999999997
36.04,0.0
36.08,-0.005999999999999998
36.12,-0.009999999999999995
36.160000000000004,-0.009999999999999995
36.2,-0.0020000000000000018
36.24,0.0
36.28,0.0020000000000000018
36.32,0.0020000000000000018
36.36,0.0
36.4,0.0
36.44,0.0020000000000000018
36.480000000000004,0.0020000000000000018
36.52,-0.0020000000000000018
36.56,-0.0020000000000000018
36.6,0.0
36.64,-0.0020000000000000018
36.68,0.0020000000000000018
36.72,0.0020000000000000018
36.76,-0.003999999999999997
36.800000000000004,-0.003999999999999997
36.84,0.0
36.88,0.0020000000000000018
36.92,0.0
36.96,0.0020000000000000018
37.0,0.006000000000000005
37.04,0.006000000000000005
37.08,0.0
37.12,0.0
37.160000000000004,0.0020000000000000018
37.2,0.0
37.24,0.0020000000000000018
37.28,0.006000000000000005
37.32,-0.0020000000000000018
37.36,-0.009999999999999995
37.4,-0.008
37.44,-0.003999999999999997
37.480000000000004,-0.003999999999999997
37.52,-0.005999999999999998
37.56,-0.0020000000000000018
37.6,0.0020000000000000018
37.64,0.0020000000000000018
37.68,0.0020000000000000018
37.72,0.0020000000000000018
37.76,-0.0020000000000000018
37.800000000000004,-0.005999999999999998
37.84,-0.0020000000000000018
37.88,-0.0020000000000000018
37.92,0.0020000000000000018
37.96,0.0020000000000000018
38.0,-0.003999999999999997
38.04,-0.008
38.08,-0.0020000000000000018
38.12,-0.0020000000000000018
38.160000000000004,-0.003999999999999997
38.2,-0.003999999999999997
38.24,0.0020000000000000018
38.28,0.006000000000000005
38.32,0.0
38.36,0.0020000000000000018
38.4,0.0020000000000000018
38.44,0.0020000000000000018
38.480000000000004,0.0020000000000000018
38.52,0.006000000000000005
38.56,0.0020000000000000018
38.6,-0.0020000000000000018
38.64,0.0
38.68,0.0
38.72,-0.005999999999999998
38.76,-0.009999999999999995
38.800000000000004,-0.003999999999999997
38.84,-0.0020000000000000018
38.88,0.0020000000000000018
38.92,0.006000000000000005
38.96,0.0020000000000000018
39.0,-0.0020000000000000018
39.04,-0.0020000000000000018
39.08,-0.0020000000000000018
39.12,-0.0020000000000000018
39.160000000000004,0.0020000000000000018
39.2,0.0020000000000000018
39.24,-0.0020000000000000018
39.28,-0.0020000000000000018
39.32,0.0020000000000000018
39.36,-0.0020000000000000018
39.4,-0.005999999999999998
39.44,-0.005999999999999998
39.480000000000004,0.0020000000000000018
39.52,0.0
39.56,-0.0020000000000000018
39.6,0.0
39.64,0.0020000000000000018
39.68,0.0020000000000000018
39.72,0.0020000000000000018
39.76,0.0040000000000000036
39.800000000000004,0.0
39.84,0.0020000000000000018
39.88,0.0040000000000000036
39.92,0.0020000000000000018
39.96,-0.003999999999999997
40.0,-0.008
40.04,-0.005999999999999998
40.08,-0.005999999999999998
40.12,-0.003999999999999997
40.160000000000004,0.0
40.2,0.0020000000000000018
40.24,0.0
40.28,-0.0020000000000000018
40.32,-0.0020000000000000018
40.36,0.0
40.4,0.0
40.44,-0.0020000000000000018
40.480000000000004,-0.0020000000000000018
40.52,0.0020000000000000018
40.56,0.0040000000000000036
40.6,-0.0020000000000000018
40.64,-0.005999999999999998
40.68,-0.003999999999999997
40.72,0.0
40.76,-0.003999999999999997
40.800000000000004,-0.005999999999999998
40.84,-0.0020000000000000018
40.88,0.0020000000000000018
40.92,0.0020000000000000018
40.96,0.0020000000000000018
41.0,0.0040000000000000036
41.04,0.0
41.08,0.0020000000000000018
41.12,0.006000000000000005
41.160000000000004,0.008
41.2,0.0020000000000000018
41.24,-0.0020000000000000018
41.28,0.0
41.32,-0.003999999999999997
41.36,-0.005999999999999998
41.4,-0.0020000000000000018
41.44,-0.0020000000000000018
41.480000000000004,-0.003999999999999997
41.52,0.0
41.56,0.0020000000000000018
41.6,0.0020000000000000018
41.64,0.0
41.68,-0.0020000000000000018
41.72,-0.003999999999999997
41.76,-0.0020000000000000018
41.800000000000004,0.0020000000000000018
41.84,-0.0020000000000000018
41.88,-0.003999999999999997
41.92,0.0
41.96,0.0020000000000000018
42.0,-0.008
42.04,-0.011999999999999997
42.08,-0.003999999999999997
42.12,-0.0020000000000000018
42.160000000000004,-0.003999999999999997
42.2,-0.0020000000000000018
42.24,0.0020000000000000018
42.28,-0.0020000000000000018
42.32,0.0
42.36,0.0040000000000000036
42.4,0.0020000000000000018
42.44,0.0
42.480000000000004,0.0020000000000000018
42.52,0.006000000000000005
42.56,0.0020000000000000018
42.6,0.0
42.64,0.0
42.68,-0.005999999999999998
42.72,-0.005999999999999998
42.76,-0.0020000000000000018
42.800000000000004,0.0020000000000000018
42.84,0.0020000000000000018
42.88,0.0020000000000000018
42.92,0.0
42.96,-0.003999999999999997
43.0,0.0
43.04,0.0
43.08,-0.0020000000000000018
43.12,-0.0020000000000000018
43.160000000000004,0.006000000000000005
43.2,0.008
43.24,-0.003999999999999997
43.28,-0.005999999999999998
43.32,-0.0020000000000000018
43.36,-0.003999999999999997
43.4,-0.005999999999999998
43.44,-0.003999999999999997
43.480000000000004,-0.0020000000000000018
43.52,-0.003999999999999997
43.56,-0.0020000000000000018
43.6,0.0020000000000000018
43.64,-0.0020000000000000018
43.68,-0.003999999999999997
43.72,0.0020000000000000018
43.76,0.006000000000000005
43.800000000000004,0.0020000000000000018
43.84,0.0040000000000000036
43.88,0.0020000000000000018
43.92,-0.003999999999999997
43.96,-0.005999999999999998
44.0,-0.003999999999999997
44.04,-0.0020000000000000018
44.08,-0.0020000000000000018
44.12,-0.0020000000000000018
44.160000000000004,-0.0020000000000000018
44.2,0.0020000000000000018
44.24,0.0020000000000000018
44.28,0.0
44.32,-0.003999999999999997
44.36,-0.003999999999999997
44.4,0.0040000000000000036
44.44,0.0040000000000000036
44.480000000000004,-0.0020000000000000018
44.52,-0.0020000000000000018
44.56,0.0040000000000000036
44.6,-0.0020000000000000018
44.64,-0.008
44.68,-0.005999999999999998
44.72,-0.003999999999999997
44.76,-0.003999999999999997
44.800000000000004,-0.003999999999999997
44.84,0.0
44.88,-0.0020000000000000018
44.92,-0.003999999999999997
44.96,0.0
45.0,0.0040000000000000036
45.04,0.0020000000000000018
45.08,0.0020000000000000018
45.12,0.006000000000000005
45.160000000000004,0.0040000000000000036
45.2,-0.003999999999999997
45.24,0.0020000000000000018
45.28,0.0020000000000000018
45.32,-0.0020000000000000018
45.36,-0.005999999999999998
45.4,-0.0020000000000000018
45.44,0.0040000000000000036
45.480000000000004,0.0040000000000000036
45.52,-0.0020000000000000018
45.56,-0.0020000000000000018
45.6,0.0
45.64,0.0020000000000000018
45.68,0.0020000000000000018
45.72,-0.0020000000000000018
45.76,-0.0020000000000000018
45.800000000000004,0.008
45.84,0.006000000000000005
45.88,-0.003999999999999997
45.92,-0.003999999999999997
45.96,-0.0020000000000000018
46.0,-0.008
46.04,-0.008
46.08,-0.003999999999999997
46.12,-0.003999999999999997
46.160000000000004,-0.005999999999999998
46.2,-0.0020000000000000018
46.24,0.0020000000000000018
46.28,-0.003999999999999997
46.32,-0.003999999999999997
46.36,0.0020000000000000018
46.4,0.0020000000000000018
46.44,0.0
46.480000000000004,0.0040000000000000036
46.52,0.0040000000000000036
46.56,-0.003999999999999997
46.6,-0.005999999999999998
46.64,-0.0020000000000000018
46.68,-0.0020000000000000018
46.72,-0.003999999999999997
46.76,-0.0020000000000000018
46.800000000000004,0.0
46.84,0.0020000000000000018
46.88,0.0020000000000000018
46.92,-0.0020000000000000018
46.96,-0.005999999999999998
47.0,0.0
47.04,0.008
47.08,0.006000000000000005
47.12,0.0
47.160000000000004,0.0040000000000000036
47.2,0.0040000000000000036
47.24,-0.0020000000000000018
47.28,-0.003999999999999997
47.32,-0.003999999999999997
47.36,-0.005999999999999998
47.4,-0.003999999999999997
47.44,-0.0020000000000000018
47.480000000000004,0.0
47.52,-0.0020000000000000018
47.56,-0.0020000000000000018
47.6,-0.003999999999999997
47.64,-0.0020000000000000018
47.68,0.0020000000000000018
47.72,0.006000000000000005
47.76,0.006000000000000005
47.800000000000004,-0.0020000000000000018
47.84,-0.003999999999999997
47.88,-0.0020000000000000018
47.92,-0.0020000000000000018
47.96,-0.003999999999999997
48.0,-0.003999999999999997
48.04,-0.0020000000000000018
48.08,0.0020000000000000018
48.120000000000005,0.0020000000000000018
48.160000000000004,-0.003999999999999997
48.2,-0.003999999999999997
48.24,-0.0020000000000000018
48.28,0.0
48.32,-0.0020000000000000018
48.36,-0.0020000000000000018
48.4,0.006000000000000005
48.44,0.006000000000000005
48.480000000000004,0.0040000000000000036
48.52,0.0
48.56,-0.0020000000000000018
48.6,-0.003999999999999997
48.64,-0.005999999999999998
48.68,-0.003999999999999997
48.72,-0.0020000000000000018
48.76,-0.003999999999999997
48.800000000000004,-0.003999999999999997
48.84,-0.003999999999999997
48.88,-0.003999999999999997
48.92,-0.0020000000000000018
48.96,0.0020000000000000018
49.0,0.0020000000000000018
49.04,-0.0020000000000000018
49.08,0.0020000000000000018
49.120000000000005,0.006000000000000005
49.160000000000004,0.0020000000000000018
49.2,-0.003999999999999997
49.24,-0.003999999999999997
49.28,-0.0020000000000000018
49.32,0.0020000000000000018
49.36,0.0
49.4,-0.0020000000000000018
49.44,-0.0020000000000000018
49.480000000000004,0.0020000000000000018
49.52,0.0020000000000000018
49.56,-0.005999999999999998
49.6,-0.003999999999999997
49.64,0.0020000000000000018
49.68,0.006000000000000005
49.72,0.0020000000000000018
49.76,0.0040000000000000036
49.800000000000004,0.006000000000000005
49.84,0.0020000000000000018
49.88,-0.0020000000000000018
49.92,0.0
49.96,-0.0020000000000000018
50.0,-0.005999999999999998
50.04,-0.003999999999999997
50.08,-0.0020000000000000018
50.120000000000005,-0.005999999999999998
50.160000000000004,-0.003999999999999997
50.2,0.0020000000000000018
50.24,-0.005999999999999998
50.28,-0.005999999999999998
50.32,0.0
50.36,0.006000000000000005
50.4,0.0020000000000000018
50.44,-0.0020000000000000018
50.480000000000004,-0.0020000000000000018
50.52,-0.0020000000000000018
50.56,-0.0020000000000000018
50.6,-0.003999999999999997
50.64,-0.005999999999999998
50.68,-0.003999999999999997
50.72,0.0040000000000000036
50.76,0.0020000000000000018
50.800000000000004,-0.005999999999999998
50.84,-0.005999999999999998
50.88,0.0020000000000000018
50.92,-0.0020000000000000018
50.96,-0.003999999999999997
51.0,0.0040000000000000036
51.04,0.008
51.08,0.006000000000000005
51.120000000000005,0.0040000000000000036
51.160000000000004,0.006000000000000005
51.2,-0.0020000000000000018
51.24,-0.005999999999999998
51.28,-0.0020000000000000018
51.32,0.0
51.36,-0.0020000000000000018
51.4,0.0
51.44,0.0
51.480000000000004,-0.005999999999999998
51.52,-0.008
51.56,0.0
51.6,0.0040000000000000036
51.64,-0.0020000000000000018
51.68,-0.0020000000000000018
51.72,0.0020000000000000018
51.76,0.0040000000000000036
51.800000000000004,0.0020000000000000018
51.84,-0.003999999999999997
51.88,-0.005999999999999998
51.92,-0.003999999999999997
51.96,0.0020000000000000018
52.0,0.0020000000000000018
52.04,-0.003999999999999997
52.08,-0.0020000000000000018
52.120000000000005,0.0
52.160000000000004,-0.005999999999999998
52.2,-0.008
52.24,-0.003999999999999997
52.28,0.0020000000000000018
52.32,0.0020000000000000018
52.36,0.0040000000000000036
52.4,0.008
52.44,0.0040000000000000036
52.480000000000004,-0.0020000000000000018
52.52,-0.0020000000000000018
52.56,-0.0020000000000000018
52.6,-0.0020000000000000018
52.64,-0.0020000000000000018
52.68,-0.0020000000000000018
52.72,-0.005999999999999998
52.76,-0.008
52.800000000000004,-0.0020000000000000018
52.84,0.0
52.88,-0.005999999999999998
52.92,-0.005999999999999998
52.96,0.0020000000000000018
53.0,0.0040000000000000036
53.04,0.0020000000000000018
53.08,-0.003999999999999997
53.120000000000005,-0.0020000000000000018
53.160000000000004,-0.0020000000000000018
53.2,0.0
53.24,-0.0020000000000000018
53.28,-0.0020000000000000018
53.32,0.0020000000000000018
53.36,0.0020000000000000018
53.4,-0.0020000000000000018
53.44,-0.005999999999999998
53.480000000000004,-0.005999999999999998
53.52,-0.0020000000000000018
53.56,-0.0020000000000000018
53.6,-0.0020000000000000018
53.64,0.006000000000000005
53.68,0.006000000000000005
53.72,0.0020000000000000018
53.76,0.006000000000000005
53.800000000000004,0.006000000000000005
53.84,0.0020000000000000018
53.88,-0.0020000000000000018
53.92,0.0020000000000000018
53.96,-0.003999999999999997
54.0,-0.003999999999999997
54.04,0.0020000000000000018
54.08,0.0020000000000000018
54.120000000000005,-0.008
54.160000000000004,-0.008
54.2,0.0020000000000000018
54.24,0.0020000000000000018
54.28,-0.0020000000000000018
54.32,-0.0020000000000000018
54.36,0.0020000000000000018
54.4,0.0
54.44,0.0020000000000000018
54.480000000000004,-0.0020000000000000018
54.52,-0.005999999999999998
54.56,0.0
54.6,0.0020000000000000018
54.64,-0.003999999999999997
54.68,-0.005999999999999998
54.72,-0.003999999999999997
54.76,-0.003999999999999997
54.800000000000004,-0.009999999999999995
54.84,-0.005999999999999998
54.88,-0.003999999999999997
54.92,-0.0020000000000000018
54.96,0.0
55.0,0.008
55.04,0.010000000000000002
55.08,0.0020000000000000018
55.120000000000005,-0.0020000000000000018
55.160000000000004,-0.0020000000000000018
55.2,-0.003999999999999997
55.24,0.0
55.28,0.006000000000000005
55.32,0.0020000000000000018
55.36,-0.003999999999999997
55.4,-0.003999999999999997
55.44,0.0020000000000000018
55.480000000000004,-0.0020000000000000018
55.52,-0.0020000000000000018
55.56,-0.003999999999999997
55.6,0.0020000000000000018
55.64,0.0040000000000000036
55.68,0.0020000000000000018
55.72,-0.0020000000000000018
55.76,-0.0020000000000000018
55.800000000000004,0.0020000000000000018
55.84,0.0020000000000000018
55.88,-0.0020000000000000018
55.92,0.0
55.96,0.0040000000000000036
56.0,-0.0020000000000000018
56.04,-0.005999999999999998
56.08,-0.005999999999999998
56.120000000000005,-0.005999999999999998
56.160000000000004,-0.005999999999999998
56.2,-0.003999999999999997
56.24,0.0020000000000000018
56.28,0.006000000000000005
56.32,0.0020000000000000018
56.36,0.0020000000000000018
56.4,0.0
56.44,0.0
56.480000000000004,0.0
56.52,0.0040000000000000036
56.56,-0.0020000000000000018
56.6,-0.005999999999999998
56.64,-0.0020000000000000018
56.68,0.0020000000000000018
56.72,-0.0020000000000000018
56.76,-0.008
56.800000000000004,-0.005999999999999998
56.84,-0.0020000000000000018
56.88,0.0020000000000000018
56.92,-0.0020000000000000018
56.96,-0.0020000000000000018
57.0,-0.0020000000000000018
57.04,0.0
57.08,-0.0020000000000000018
57.120000000000005,-0.003999999999999997
57.160000000000004,-0.0020000000000000018
57.2,0.0040000000000000036
57.24,0.0020000000000000018
57.28,-0.003999999999999997
57.32,-0.003999999999999997
57.36,-0.003999999999999997
57.4,-0.008
57.44,-0.008
57.480000000000004,-0.0020000000000000018
57.52,-0.0020000000000000018
57.56,-0.0020000000000000018
57.6,0.0020000000000000018
57.64,0.0040000000000000036
57.68,0.0020000000000000018
57.72,0.0020000000000000018
57.76,0.006000000000000005
57.800000000000004,-0.0020000000000000018
57.84,-0.0020000000000000018
57.88,0.006000000000000005
57.92,0.010000000000000002
57.96,0.0
58.0,-0.003999999999999997
58.04,-0.0020000000000000018
58.08,0.0
58.120000000000005,0.0
58.160000000000004,0.0
58.2,-0.0020000000000000018
58.24,-0.0020000000000000018
58.28,0.0040000000000000036
58.32,0.0020000000000000018
58.36,-0.003999999999999997
58.4,0.0020000000000000018
58.44,0.0040000000000000036
58.480000000000004,0.0020000000000000018
58.52,-0.0020000000000000018
58.56,0.0020000000000000018
58.6,0.0020000000000000018
58.64,-0.005999999999999998
58.68,-0.005999999999999998
58.72,-0.003999999999999997
58.76,-0.009999999999999995
58.800000000000004,-0.005999999999999998
58.84,-0.0020000000000000018
58.88,0.0
58.92,0.0020000000000000018
58.96,0.0020000000000000018
59.0,0.0020000000000000018
59.04,-0.003999999999999997
59.08,-0.003999999999999997
59.120000000000005,0.0040000000000000036
59.160000000000004,0.0040000000000000036
59.2,-0.0020000000000000018
59.24,-0.0020000000000000018
59.28,0.0020000000000000018
59.32,0.0020000000000000018
59.36,-0.0020000000000000018
59.4,-0.003999999999999997
59.44,-0.003999999999999997
59.480000000000004,-0.0020000000000000018
59.52,0.0020000000000000018
59.56,-0.0020000000000000018
59.6,-0.0020000000000000018
59.64,0.0020000000000000018
59.68,0.0020000000000000018
59.72,-0.003999999999999997
59.76,-0.0020000000000000018
59.800000000000004,0.006000000000000005
59.84,0.006000000000000005
59.88,0.0020000000000000018
59.92,0.0020000000000000018
59.96,-0.0020000000000000018
60.0,-0.005999999999999998
60.04,-0.009999999999999995
60.08,-0.005999999999999998
60.120000000000005,-0.0020000000000000018
60.160000000000004,-0.0020000000000000018
60.2,0.0020000000000000018
60.24,0.0020000000000000018
60.28,-0.0020000000000000018
60.32,-0.0020000000000000018
60.36,0.006000000000000005
60.4,0.0020000000000000018
60.44,-0.003999999999999997
60.480000000000004,-0.0020000000000000018
60.52,0.006000000000000005
60.56,0.006000000000000005
60.6,0.0
60.64,-0.003999999999999997
60.68,-0.003999999999999997
60.72,-0.003999999999999997
60.76,-0.0020000000000000018
60.800000000000004,-0.0020000000000000018
60.84,-0.0020000000000000018
60.88,0.0020000000000000018
60.92,0.0020000000000000018
60.96,-0.003999999999999997
61.0,-0.003999999999999997
61.04,0.0020000000000000018
61.08,0.0040000000000000036
61.120000000000005,0.0020000000000000018
61.160000000000004,0.0040000000000000036
61.2,0.006000000000000005
61.24,-0.003999999999999997
61.28,-0.008
61.32,-0.005999999999999998
61.36,-0.003999999999999997
61.4,-0.005999999999999998
61.44,-0.003999999999999997
61.480000000000004,-0.0020000000000000018
61.52,-0.003999999999999997
61.56,-0.0020000000000000018
61.6,0.0040000000000000036
61.64,-0.0020000000000000018
61.68,-0.008
61.72,-0.0020000000000000018
61.76,0.008
61.800000000000004,0.0040000000000000036
61.84,0.0
61.88,0.0020000000000000018
61.92,0.0020000000000000018
61.96,0.0
62.0,-0.0020000000000000018
62.04,-0.0020000000000000018
62.08,-0.003999999999999997
62.120000000000005,0.0
62.160000000000004,0.0
62.2,-0.0020000000000000018
62.24,-0.0020000000000000018
62.28,0.0040000000000000036
62.32,0.0
62.36,-0.0020000000000000018
62.4,0.006000000000000005
62.440000000000005,0.006000000000000005
62.480000000000004,0.0020000000000000018
62.52,-0.0020000000000000018
62.56,0.0020000000000000018
62.6,-0.0020000000000000018
62.64,-0.008
62.68,-0.005999999999999998
62.72,-0.003999999999999997
62.76,-0.003999999999999997
62.800000000000004,0.0
62.84,0.0020000000000000018
62.88,-0.003999999999999997
62.92,-0.009999999999999995
62.96,-0.0020000000000000018
63.0,0.0020000000000000018
63.04,-0.0020000000000000018
63.08,-0.0020000000000000018
63.120000000000005,0.0020000000000000018
63.160000000000004,0.0040000000000000036
63.2,0.0020000000000000018
63.24,0.0
63.28,-0.0020000000000000018
63.32,-0.003999999999999997
63.36,-0.003999999999999997
63.4,-0.003999999999999997
63.440000000000005,-0.003999999999999997
63.480000000000004,-0.0020000000000000018
63.52,-0.0020000000000000018
63.56,-0.0020000000000000018
63.6,-0.0020000000000000018
63.64,0.0020000000000000018
63.68,0.0040000000000000036
63.72,0.0020000000000000018
63.76,0.0040000000000000036
63.800000000000004,0.006000000000000005
63.84,0.0040000000000000036
63.88,-0.003999999999999997
63.92,-0.003999999999999997
63.96,-0.003999999999999997
64.0,-0.003999999999999997
64.04,-0.0020000000000000018
64.08,0.0
64.12,-0.003999999999999997
64.16,-0.003999999999999997
64.2,0.0
64.24,0.0020000000000000018
64.28,-0.003999999999999997
64.32000000000001,-0.005999999999999998
64.36,-0.0020000000000000018
64.4,0.006000000000000005
64.44,0.006000000000000005
64.48,0.0040000000000000036
64.52,0.0040000000000000036
64.56,0.0
64.6,-0.0020000000000000018
64.64,-0.003999999999999997
64.68,-0.003999999999999997
64.72,-0.0020000000000000018
64.76,0.0
64.8,-0.003999999999999997
64.84,-0.0020000000000000018
64.88,0.0020000000000000018
64.92,-0.0020000000000000018
64.96000000000001,-0.0020000000000000018
65.0,0.0020000000000000018
65.04,0.008
65.08,0.0040000000000000036
65.12,0.0020000000000000018
65.16,0.0020000000000000018
65.2,-0.0020000000000000018
65.24,-0.003999999999999997
65.28,-0.003999999999999997
65.32000000000001,-0.005999999999999998
65.36,-0.005999999999999998
65.4,-0.0020000000000000018
65.44,0.0020000000000000018
65.48,-0.0020000000000000018
65.52,-0.005999999999999998
65.56,-0.008
65.6,-0.003999999999999997
65.64,-0.003999999999999997
65.68,0.0020000000000000018
65.72,0.0020000000000000018
65.76,0.0020000000000000018
65.8,0.0020000000000000018
65.84,0.0020000000000000018
65.88,-0.0020000000000000018
65.92,-0.003999999999999997
65.96000000000001,-0.0020000000000000018
66.0,-0.0020000000000000018
66.04,-0.005999999999999998
66.08,0.0
66.12,0.0020000000000000018
66.16,-0.003999999999999997
66.2,-0.003999999999999997
66.24,0.0040000000000000036
66.28,0.0040000000000000036
66.32000000000001,0.0020000000000000018
66.36,0.0040000000000000036
66.4,0.008
66.44,0.006000000000000005
66.48,0.0020000000000000018
66.52,0.0020000000000000018
66.56,-0.003999999999999997
66.6,-0.003999999999999997
66.64,0.0020000000000000018
66.68,0.0040000000000000036
66.72,0.0
66.76,-0.005999999999999998
66.8,-0.003999999999999997
66.84,-0.003999999999999997
66.88,-0.003999999999999997
66.92,-0.0020000000000000018
66.96000000000001,-0.003999999999999997
67.0,-0.0020000000000000018
67.04,0.0020000000000000018
67.08,0.006000000000000005
67.12,0.0
67.16,0.0
67.2,-0.0020000000000000018
67.24,-0.005999999999999998
67.28,-0.003999999999999997
67.32000000000001,-0.0020000000000000018
67.36,-0.0020000000000000018
67.4,-0.003999999999999997
67.44,-0.003999999999999997
67.48,-0.0020000000000000018
67.52,-0.003999999999999997
67.56,-0.005999999999999998
67.6,-0.0020000000000000018
67.64,0.0040000000000000036
67.68,0.0040000000000000036
67.72,0.0020000000000000018
67.76,0.0040000000000000036
67.8,0.0
67.84,-0.0020000000000000018
67.88,0.0020000000000000018
67.92,0.0020000000000000018
67.96000000000001,-0.0020000000000000018
68.0,-0.003999999999999997
68.04,-0.0020000000000000018
68.08,0.0
68.12,-0.0020000000000000018
68.16,-0.003999999999999997
68.2,-0.005999999999999998
68.24,-0.003999999999999997
68.28,-0.0020000000000000018
68.32000000000001,0.0040000000000000036
68.36,0.0040000000000000036
68.4,0.0020000000000000018
68.44,0.0020000000000000018
68.48,0.0
68.52,-0.0020000000000000018
68.56,-0.0020000000000000018
68.60000000000001,-0.0020000000000000018
68.64,-0.003999999999999997
68.68,-0.003999999999999997
68.72,0.0
68.76,-0.0020000000000000018
68.8,-0.005999999999999998
68.84,-0.0020000000000000018
68.88,0.0020000000000000018
68.92,0.0
68.96000000000001,-0.0020000000000000018
69.0,0.0040000000000000036
69.04,0.0040000000000000036
69.08,0.0020000000000000018
69.12,0.0020000000000000018
69.16,0.006000000000000005
69.2,-0.0020000000000000018
69.24,-0.005999999999999998
69.28,0.0020000000000000018
69.32000000000001,0.0040000000000000036
69.36,-0.0020000000000000018
69.4,-0.003999999999999997
69.44,-0.003999999999999997
69.48,-0.008
69.52,-0.005999999999999998
69.56,-0.0020000000000000018
69.60000000000001,-0.0020000000000000018
69.64,-0.0020000000000000018
69.68,0.006000000000000005
69.72,0.0040000000000000036
69.76,0.0020000000000000018
69.8,-0.0020000000000000018
69.84,-0.0020000000000000018
69.88,-0.005999999999999998
69.92,-0.003999999999999997
69.96000000000001,-0.0020000000000000018
70.0,-0.003999999999999997
70.04,-0.005999999999999998
70.08,-0.0020000000000000018
70.12,0.0020000000000000018
70.16,-0.005999999999999998
70.2,-0.003999999999999997
70.24,0.0020000000000000018
70.28,0.0020000000000000018
70.32000000000001,0.0020000000000000018
70.36,0.008
70.4,0.006000000000000005
70.44,-0.0020000000000000018
70.48,-0.003999999999999997
70.52,0.0040000000000000036
70.56,0.0040000000000000036
70.60000000000001,0.0020000000000000018
70.64,0.0020000000000000018
70.68,-0.0020000000000000018
70.72,-0.0020000000000000018
70.76,0.0
70.8,-0.0020000000000000018
70.84,-0.005999999999999998
70.88,-0.003999999999999997
70.92,0.0020000000000000018
70.96000000000001,0.006000000000000005
71.0,0.0040000000000000036
71.04,0.006000000000000005
71.08,0.0020000000000000018
71.12,-0.003999999999999997
71.16,-0.0020000000000000018
71.2,-0.0020000000000000018
71.24,-0.003999999999999997
71.28,-0.003999999999999997
71.32000000000001,0.0020000000000000018
71.36,-0.003999999999999997
71.4,-0.005999999999999998
71.44,-0.003999999999999997
71.48,-0.0020000000000000018
71.52,-0.005999999999999998
71.56,0.0
71.60000000000001,0.0020000000000000018
71.64,0.0020000000000000018
71.68,-0.0020000000000000018
71.72,0.0
71.76,0.0020000000000000018
71.8,0.0020000000000000018
71.84,0.0
71.88,-0.0020000000000000018
71.92,-0.0020000000000000018
71.96000000000001,0.0020000000000000018
72.0,0.0020000000000000018
72.04,-0.003999999999999997
72.08,-0.008
72.12,-0.005999999999999998
72.16,-0.003999999999999997
72.2,0.0
72.24,0.0020000000000000018
72.28,0.0040000000000000036
72.32000000000001,0.0020000000000000018
72.36,0.0020000000000000018
72.4,0.0020000000000000018
72.44,0.0
72.48,-0.003999999999999997
72.52,-0.0020000000000000018
72.56,-0.0020000000000000018
72.60000000000001,-0.003999999999999997
72.64,-0.003999999999999997
72.68,-0.0020000000000000018
72.72,-0.0020000000000000018
72.76,-0.005999999999999998
72.8,-0.003999999999999997
72.84,-0.0020000000000000018
72.88,-0.0020000000000000018
72.92,-0.0020000000000000018
72.96000000000001,0.0020000000000000018
73.0,0.006000000000000005
73.04,0.0040000000000000036
73.08,-0.0020000000000000018
73.12,-0.0020000000000000018
73.16,0.0020000000000000018
73.2,0.006000000000000005
73.24,0.0020000000000000018
73.28,-0.0020000000000000018
73.32000000000001,-0.0020000000000000018
73.36,-0.0020000000000000018
73.4,-0.0020000000000000018
73.44,-0.003999999999999997
73.48,-0.005999999999999998
73.52,-0.0020000000000000018
73.56,0.0020000000000000018
73.60000000000001,0.0040000000000000036
73.64,0.0040000000000000036
73.68,0.006000000000000005
73.72,-0.0020000000000000018
73.76,0.0
73.8,-0.0020000000000000018
73.84,-0.003999999999999997
73.88,-0.005999999999999998
73.92,0.0
73.96000000000001,0.0020000000000000018
74.0,-0.003999999999999997
74.04,-0.005999999999999998
74.08,-0.003999999999999997
74.12,-0.003999999999999997
74.16,-0.005999999999999998
74.2,0.0
74.24,0.006000000000000005
74.28,0.0
74.32000000000001,-0.003999999999999997
74.36,0.0020000000000000018
74.4,0.0020000000000000018
74.44,0.0020000000000000018
74.48,0.0
74.52,-0.0020000000000000018
74.56,-0.0020000000000000018
74.60000000000001,0.0020000000000000018
74.64,0.006000000000000005
74.68,-0.003999999999999997
74.72,-0.005999999999999998
74.76,-0.003999999999999997
74.8,-0.003999999999999997
74.84,0.0020000000000000018
74.88,0.008
74.92,0.006000000000000005
74.96000000000001,0.0040000000000000036
75.0,0.0020000000000000018
75.04,0.0040000000000000036
75.08,-0.003999999999999997
75.12,-0.003999999999999997
75.16,0.0020000000000000018
75.2,0.0020000000000000018
75.24,-0.003999999999999997
75.28,-0.0020000000000000018
75.32000000000001,0.0
75.36,-0.005999999999999998
75.4,-0.009999999999999995
75.44,-0.0020000000000000018
75.48,0.0
75.52,-0.005999999999999998
75.56,-0.0020000000000000018
75.60000000000001,0.0040000000000000036
75.64,0.0020000000000000018
75.68,0.0
75.72,-0.0020000000000000018
75.76,-0.003999999999999997
75.8,-0.0020000000000000018
75.84,0.006000000000000005
75.88,0.006000000000000005
75.92,-0.0020000000000000018
75.96000000000001,-0.005999999999999998
76.0,-0.003999999999999997
76.04,-0.005999999999999998
76.08,-0.005999999999999998
76.12,-0.0020000000000000018
76.16,0.0
76.2,0.0
76.24,0.0040000000000000036
76.28,0.0040000000000000036
76.32000000000001,0.0
76.36,0.0
76.4,0.0020000000000000018
76.44,-0.0020000000000000018
76.48,-0.003999999999999997
76.52,0.0020000000000000018
76.56,0.0020000000000000018
76.60000000000001,-0.003999999999999997
76.64,-0.003999999999999997
76.68,-0.0020000000000000018
76.72,-0.003999999999999997
76.76,-0.008
76.8,-0.003999999999999997
76.84,0.0020000000000000018
76.88,0.0020000000000000018
76.92,-0.0020000000000000018
76.96000000000001,-0.0020000000000000018
77.0,-0.0020000000000000018
77.04,0.0020000000000000018
77.08,0.0040000000000000036
77.12,0.0020000000000000018
77.16,-0.0020000000000000018
77.2,-0.0020000000000000018
77.24,0.0020000000000000018
77.28,0.0
77.32000000000001,-0.0020000000000000018
77.36,-0.003999999999999997
77.4,-0.003999999999999997
77.44,-0.0020000000000000018
77.48,0.0020000000000000018
77.52,0.0040000000000000036
77.56,0.0020000000000000018
77.60000000000001,0.0040000000000000036
77.64,0.0040000000000000036
77.68,0.0020000000000000018
77.72,-0.0020000000000000018
77.76,0.0020000000000000018
77.8,0.0020000000000000018
77.84,0.0
77.88,-0.0020000000000000018
77.92,0.0020000000000000018
77.96000000000001,-0.0020000000000000018
78.0,-0.008
78.04,-0.005999999999999998
78.08,-0.0020000000000000018
78.12,-0.0020000000000000018
78.16,-0.003999999999999997
78.2,-0.003999999999999997
78.24,0.0020000000000000018
78.28,0.0020000000000000018
78.32000000000001,0.0020000000000000018
78.36,-0.0020000000000000018
78.4,-0.005999999999999998
78.44,-0.0020000000000000018
78.48,0.0040000000000000036
78.52,0.0020000000000000018
78.56,-0.003999999999999997
78.60000000000001,-0.005999999999999998
78.64,-0.005999999999999998
78.68,-0.005999999999999998
78.72,-0.003999999999999997
78.76,-0.0020000000000000018
78.8,-0.0020000000000000018
78.84,0.0020000000000000018
78.88,0.006000000000000005
78.92,0.0020000000000000018
78.96000000000001,0.0
79.0,0.0020000000000000018
79.04,0.0020000000000000018
79.08,-0.0020000000000000018
79.12,0.0
79.16,0.008
79.2,0.0020000000000000018
79.24,-0.003999999999999997
79.28,-0.0020000000000000018
79.32000000000001,0.0
79.36,-0.005999999999999998
79.4,-0.005999999999999998
79.44,-0.003999999999999997
79.48,0.0020000000000000018
79.52,0.0020000000000000018
79.56,0.0020000000000000018
79.60000000000001,-0.0020000000000000018
79.64,-0.003999999999999997
79.68,0.0
79.72,0.006000000000000005
79.76,0.0040000000000000036
79.8,-0.0020000000000000018
79.84,0.0
79.88,-0.0020000000000000018
79.92,-0.0020000000000000018
79.96000000000001,-0.005999999999999998
80.0,-0.005999999999999998
80.04,-0.005999999999999998
80.08,0.0
80.12,0.0020000000000000018
80.16,0.0020000000000000018
80.2,0.0020000000000000018
80.24,0.006000000000000005
80.28,0.0
80.32000000000001,-0.003999999999999997
80.36,0.0020000000000000018
80.4,0.0040000000000000036
80.44,0.0020000000000000018
80.48,0.0
80.52,0.0020000000000000018
80.56,0.0020000000000000018
80.60000000000001,-0.003999999999999997
80.64,-0.005999999999999998
80.68,-0.003999999999999997
80.72,-0.0020000000000000018
80.76,-0.0020000000000000018
80.8,-0.0020000000000000018
80.84,-0.003999999999999997
80.88,-0.0020000000000000018
80.92,-0.0020000000000000018
80.96000000000001,0.0020000000000000018
81.0,-0.0020000000000000018
81.04,-0.003999999999999997
81.08,-0.0020000000000000018
81.12,0.0020000000000000018
81.16,0.0020000000000000018
81.2,-0.0020000000000000018
81.24,-0.005999999999999998
81.28,-0.009999999999999995
81.32000000000001,-0.003999999999999997
81.36,-0.0020000000000000018
81.4,-0.0020000000000000018
81.44,0.0
81.48,0.0040000000000000036
81.52,0.0020000000000000018
81.56,-0.0020000000000000018
81.60000000000001,0.0020000000000000018
81.64,0.0040000000000000036
81.68,0.0020000000000000018
81.72,0.0
81.76,0.0040000000000000036
81.8,0.0040000000000000036
81.84,0.0
81.88,-0.0020000000000000018
81.92,0.0
81.96000000000001,-0.0020000000000000018
82.0,-0.003999999999999997
82.04,-0.0020000000000000018
82.08,-0.0020000000000000018
82.12,-0.0020000000000000018
82.16,0.0020000000000000018
82.2,0.0020000000000000018
82.24,-0.003999999999999997
82.28,-0.003999999999999997
82.32000000000001,0.0
82.36,0.0040000000000000036
82.4,0.0040000000000000036
82.44,0.0020000000000000018
82.48,-0.003999999999999997
82.52,-0.003999999999999997
82.56,-0.003999999999999997
82.60000000000001,-0.005999999999999998
82.64,-0.009999999999999995
82.68,-0.005999999999999998
82.72,0.0
82.76,-0.0020000000000000018
82.8,-0.0020000000000000018
82.84,0.0040000000000000036
82.88,0.0020000000000000018
82.92,-0.005999999999999998
82.96000000000001,-0.0020000000000000018
83.0,0.006000000000000005
83.04,0.0020000000000000018
83.08,0.0
83.12,0.0040000000000000036
83.16,0.0020000000000000018
83.2,-0.0020000000000000018
83.24,-0.003999999999999997
83.28,-0.003999999999999997
83.32000000000001,-0.003999999999999997
83.36,-0.0020000000000000018
83.4,0.006000000000000005
83.44,0.0020000000000000018
83.48,-0.005999999999999998
83.52,-0.0020000000000000018
83.56,0.0020000000000000018
83.60000000000001,0.0020000000000000018
83.64,0.0020000000000000018
83.68,0.0020000000000000018
83.72,0.0
83.76,0.0020000000000000018
83.8,0.006000000000000005
83.84,-0.003999999999999997
83.88,-0.009999999999999995
83.92,-0.003999999999999997
83.96000000000001,-0.003999999999999997
84.0,-0.005999999999999998
84.04,-0.0020000000000000018
84.08,0.0040000000000000036
84.12,0.0
84.16,-0.003999999999999997
84.2,-0.0020000000000000018
84.24,0.0020000000000000018
84.28,-0.0020000000000000018
84.32000000000001,0.0
84.36,0.006000000000000005
84.4,0.0020000000000000018
84.44,0.0020000000000000018
84.48,0.0
84.52,-0.0020000000000000018
84.56,-0.003999999999999997
84.60000000000001,0.0
84.64,0.0020000000000000018
84.68,-0.003999999999999997
84.72,-0.003999999999999997
84.76,-0.0020000000000000018
84.8,0.0020000000000000018
84.84,-0.0020000000000000018
84.88,-0.003999999999999997
84.92,-0.003999999999999997
84.96000000000001,0.0
85.0,0.006000000000000005
85.04,0.008
85.08,-0.0020000000000000018
85.12,-0.003999999999999997
85.16,-0.0020000000000000018
85.2,-0.005999999999999998
85.24,-0.005999999999999998
85.28,-0.003999999999999997
85.32000000000001,-0.0020000000000000018
85.36,-0.003999999999999997
85.4,-0.003999999999999997
85.44,-0.0020000000000000018
85.48,-0.0020000000000000018
85.52,-0.0020000000000000018
85.56,-0.0020000000000000018
85.60000000000001,0.0020000000000000018
85.64,0.0040000000000000036
85.68,0.0040000000000000036
85.72,0.0020000000000000018
85.76,0.0020000000000000018
85.8,0.0
85.84,0.0020000000000000018
85.88,-0.0020000000000000018
85.92,-0.003999999999999997
85.96000000000001,-0.0020000000000000018
86.0,0.0
86.04,0.0040000000000000036
86.08,0.0020000000000000018
86.12,-0.003999999999999997
86.16,-0.003999999999999997
86.2,0.0020000000000000018
86.24,0.006000000000000005
86.28,0.006000000000000005
86.32000000000001,0.0020000000000000018
86.36,0.0020000000000000018
86.4,0.0040000000000000036
86.44,0.0
86.48,-0.003999999999999997
86.52,-0.003999999999999997
86.56,-0.005999999999999998
86.60000000000001,-0.008
86.64,-0.005999999999999998
86.68,-0.0020000000000000018
86.72,0.0020000000000000018
86.76,-0.003999999999999997
86.8,-0.005999999999999998
86.84,-0.0020000000000000018
86.88,-0.0020000000000000018
86.92,-0.003999999999999997
86.96000000000001,0.0020000000000000018
87.0,0.0020000000000000018
87.04,0.0020000000000000018
87.08,0.0020000000000000018
87.12,0.0
87.16,-0.003999999999999997
87.2,-0.003999999999999997
87.24,0.0020000000000000018
87.28,0.0
87.32000000000001,-0.003999999999999997
87.36,-0.003999999999999997
87.4,-0.0020000000000000018
87.44,0.0
87.48,0.0
87.52,-0.0020000000000000018
87.56,-0.0020000000000000018
87.60000000000001,0.0020000000000000018
87.64,0.010000000000000002
87.68,0.008
87.72,0.0020000000000000018
87.76,0.0020000000000000018
87.8,-0.0020000000000000018
87.84,-0.008
87.88,-0.005999999999999998
87.92,0.0020000000000000018
87.96000000000001,0.0
88.0,-0.003999999999999997
88.04,-0.0020000000000000018
88.08,0.0
88.12,-0.003999999999999997
88.16,-0.003999999999999997
88.2,-0.0020000000000000018
88.24,-0.0020000000000000018
88.28,0.0020000000000000018
88.32000000000001,0.006000000000000005
88.36,0.0020000000000000018
88.4,-0.003999999999999997
88.44,0.0
88.48,0.0020000000000000018
88.52,-0.0020000000000000018
88.56,-0.005999999999999998
88.60000000000001,-0.0020000000000000018
88.64,0.0
88.68,0.0
88.72,-0.0020000000000000018
88.76,-0.003999999999999997
88.8,-0.008
88.84,0.0
88.88,0.008
88.92,0.0020000000000000018
88.96000000000001,0.006000000000000005
89.0,0.008
89.04,0.0020000000000000018
89.08,-0.005999999999999998
89.12,-0.0020000000000000018
89.16,0.0020000000000000018
89.2,-0.003999999999999997
89.24,-0.005999999999999998
89.28,0.0
89.32000000000001,0.0
89.36,-0.003999999999999997
89.4,-0.003999999999999997
89.44,-0.003999999999999997
89.48,-0.005999999999999998
89.52,-0.0020000000000000018
89.56,0.0020000000000000018
89.60000000000001,-0.0020000000000000018
89.64,0.0
89.68,0.0020000000000000018
89.72,0.0020000000000000018
89.76,-0.003999999999999997
89.8,-0.003999999999999997
89.84,-0.0020000000000000018
89.88,-0.0020000000000000018
89.92,0.0020000000000000018
89.96000000000001,-0.0020000000000000018
90.0,-0.005999999999999998
90.04,-0.005999999999999998
90.08,0.0
90.12,0.0
90.16,-0.0020000000000000018
90.2,0.0040000000000000036
90.24,0.008
90.28,0.0040000000000000036
90.32000000000001,0.006000000000000005
90.36,0.006000000000000005
90.4,0.0020000000000000018
90.44,-0.003999999999999997
90.48,-0.003999999999999997
90.52,0.0020000000000000018
90.56,0.0020000000000000018
90.60000000000001,0.0
90.64,-0.003999999999999997
90.68,-0.003999999999999997
90.72,-0.003999999999999997
90.76,-0.0020000000000000018
90.8,-0.003999999999999997
90.84,-0.003999999999999997
90.88,0.0
90.92,0.0040000000000000036
90.96000000000001,0.0
91.0,-0.003999999999999997
91.04,0.0
91.08,-0.0020000000000000018
91.12,0.0
91.16,-0.0020000000000000018
91.2,-0.003999999999999997
91.24,-0.005999999999999998
91.28,-0.0020000000000000018
91.32000000000001,-0.0020000000000000018
91.36,-0.003999999999999997
91.4,-0.009999999999999995
91.44,-0.003999999999999997
91.48,0.0
91.52,0.0
91.56,0.006000000000000005
91.60000000000001,0.010000000000000002
91.64,0.006000000000000005
91.68,-0.003999999999999997
91.72,0.0
91.76,0.0040000000000000036
91.8,0.0020000000000000018
91.84,-0.0020000000000000018
91.88,-0.0020000000000000018
91.92,0.0
91.96000000000001,0.0020000000000000018
92.0,-0.0020000000000000018
92.04,-0.003999999999999997
92.08,-0.003999999999999997
92.12,-0.0020000000000000018
92.16,0.0020000000000000018
92.2,0.0
92.24,0.0
92.28,0.0020000000000000018
92.32000000000001,0.0040000000000000036
92.36,0.0
92.4,-0.0020000000000000018
92.44,-0.0020000000000000018
92.48,-0.003999999999999997
92.52,0.0020000000000000018
92.56,0.0020000000000000018
92.60000000000001,-0.0020000000000000018
92.64,-0.008
92.68,-0.005999999999999998
92.72,-0.003999999999999997
92.76,-0.003999999999999997
92.8,-0.0020000000000000018
92.84,0.006000000000000005
92.88,0.0020000000000000018
92.92,-0.0020000000000000018
92.96000000000001,0.0040000000000000036
93.0,0.006000000000000005
93.04,-0.0020000000000000018
93.08,-0.005999999999999998
93.12,-0.0020000000000000018
93.16,0.0020000000000000018
93.2,0.0020000000000000018
93.24,0.0020000000000000018
93.28,-0.0020000000000000018
93.32000000000001,-0.005999999999999998
93.36,-0.003999999999999997
93.4,-0.0020000000000000018
93.44,-0.003999999999999997
93.48,-0.0020000000000000018
93.52,0.0040000000000000036
93.56,0.0020000000000000018
93.60000000000001,-0.0020000000000000018
93.64,-0.0020000000000000018
93.68,-0.0020000000000000018
93.72,-0.003999999999999997
93.76,0.0
93.8,0.0020000000000000018
93.84,-0.0020000000000000018
93.88,-0.003999999999999997
93.92,-0.003999999999999997
93.96000000000001,-0.005999999999999998
94.0,-0.008
94.04,-0.003999999999999997
94.08,-0.0020000000000000018
94.12,-0.003999999999999997
94.16,-0.0020000000000000018
94.2,0.008
94.24,0.010000000000000002
94.28,-0.0020000000000000018
94.32000000000001,-0.003999999999999997
94.36,0.0020000000000000018
94.4,0.0020000000000000018
94.44,0.0040000000000000036
94.48,0.0020000000000000018
94.52,0.0020000000000000018
94.56,-0.0020000000000000018
94.60000000000001,0.0020000000000000018
94.64,-0.0020000000000000018
94.68,-0.003999999999999997
94.72,-0.0020000000000000018
94.76,0.0020000000000000018
94.8,0.0020000000000000018
94.84,0.0020000000000000018
94.88,0.0020000000000000018
94.92,0.0
94.96000000000001,0.0
95.0,0.0020000000000000018
95.04,0.0040000000000000036
95.08,-0.0020000000000000018
95.12,-0.0020000000000000018
95.16,0.0020000000000000018
95.2,-0.0020000000000000018
95.24,-0.005999999999999998
95.28,-0.005999999999999998
95.32000000000001,-0.008
95.36,-0.009999999999999995
95.4,-0.005999999999999998
95.44,0.0020000000000000018
95.48,0.0020000000000000018
95.52,-0.003999999999999997
95.56,-0.0020000000000000018
95.60000000000001,0.0020000000000000018
95.64,0.0020000000000000018
95.68,-0.0020000000000000018
95.72,-0.003999999999999997
95.76,-0.0020000000000000018
95.8,0.0020000000000000018
95.84,0.0020000000000000018
95.88,-0.0020000000000000018
95.92,-0.003999999999999997
95.96000000000001,-0.0020000000000000018
96.0,-0.0020000000000000018
96.04,-0.003999999999999997
96.08,-0.0020000000000000018
96.12,0.0020000000000000018
96.16,0.0020000000000000018
96.2,0.0020000000000000018
96.24000000000001,0.0040000000000000036
96.28,0.0020000000000000018
96.32000000000001,-0.0020000000000000018
96.36,0.0020000000000000018
96.4,0.0040000000000000036
96.44,0.006000000000000005
96.48,0.0020000000000000018
96.52,0.0
96.56,-0.003999999999999997
96.60000000000001,-0.005999999999999998
96.64,-0.005999999999999998
96.68,-0.0020000000000000018
96.72,-0.003999999999999997
96.76,-0.005999999999999998
96.8,-0.0020000000000000018
96.84,0.0040000000000000036
96.88,0.0040000000000000036
96.92,0.0
96.96000000000001,-0.0020000000000000018
97.0,-0.0020000000000000018
97.04,0.0
97.08,0.0
97.12,0.0020000000000000018
97.16,0.0020000000000000018
97.2,0.0
97.24000000000001,-0.003999999999999997
97.28,-0.005999999999999998
97.32000000000001,-0.003999999999999997
97.36,-0.0020000000000000018
97.4,-0.0020000000000000018
97.44,-0.0020000000000000018
97.48,0.0040000000000000036
97.52,0.0020000000000000018
97.56,-0.003999999999999997
97.60000000000001,-0.0020000000000000018
97.64,0.0040000000000000036
97.68,0.0020000000000000018
97.72,0.0020000000000000018
97.76,0.0040000000000000036
97.8,0.0020000000000000018
97.84,-0.0020000000000000018
97.88,-0.0020000000000000018
97.92,-0.0020000000000000018
97.96000000000001,-0.009999999999999995
98.0,-0.011999999999999997
98.04,-0.0020000000000000018
98.08,0.0020000000000000018
98.12,-0.0020000000000000018
98.16,-0.0020000000000000018
98.2,-0.0020000000000000018
98.24000000000001,-0.0020000000000000018
98.28,-0.0020000000000000018
98.32000000000001,0.0020000000000000018
98.36,0.0020000000000000018
98.4,0.0020000000000000018
98.44,0.0040000000000000036
98.48,0.0
98.52,-0.003999999999999997
98.56,-0.0020000000000000018
98.60000000000001,-0.0020000000000000018
98.64,-0.003999999999999997
98.68,0.0
98.72,0.0040000000000000036
98.76,0.0
98.8,-0.003999999999999997
98.84,0.0
98.88,0.0020000000000000018
98.92,0.0
98.96000000000001,0.0
99.0,0.006000000000000005
99.04,0.006000000000000005
99.08,0.0040000000000000036
99.12,0.006000000000000005
99.16,0.0020000000000000018
99.2,-0.005999999999999998
99.24000000000001,-0.009999999999999995
99.28,-0.0020000000000000018
99.32000000000001,-0.0020000000000000018
99.36,-0.003999999999999997
99.4,-0.003999999999999997
99.44,-0.003999999999999997
99.48,-0.003999999999999997
99.52,-0.0020000000000000018
99.56,-0.0020000000000000018
99.60000000000001,-0.0020000000000000018
99.64,0.0020000000000000018
99.68,0.0020000000000000018
99.72,0.0
99.76,-0.0020000000000000018
99.8,0.0
99.84,-0.003999999999999997
99.88,-0.005999999999999998
99.92,-0.003999999999999997
99.96000000000001,-0.0020000000000000018
100.0,-0.003999999999999997
100.04,-0.003999999999999997
100.08,0.0020000000000000018
100.12,0.0
100.16,-0.003999999999999997
100.2,-0.003999999999999997
100.24000000000001,0.0020000000000000018
100.28,0.0040000000000000036
100.32000000000001,0.006000000000000005
100.36,0.010000000000000002
100.4,0.006000000000000005
100.44,-0.0020000000000000018
100.48,0.0
100.52,0.0020000000000000018
100.56,0.0
100.60000000000001,-0.003999999999999997
100.64,-0.003999999999999997
100.68,-0.0020000000000000018
100.72,0.0
100.76,-0.0020000000000000018
100.8,-0.0020000000000000018
100.84,-0.0020000000000000018
100.88,0.0
100.92,0.0020000000000000018
100.96000000000001,0.0020000000000000018
101.0,0.0020000000000000018
101.04,0.0020000000000000018
101.08,-0.0020000000000000018
101.12,-0.0020000000000000018
101.16,-0.003999999999999997
101.2,-0.0020000000000000018
101.24000000000001,-0.005999999999999998
101.28,-0.005999999999999998
101.32000000000001,0.0
101.36,0.0
101.4,-0.003999999999999997
101.44,-0.005999999999999998
101.48,-0.003999999999999997
101.52,-0.0020000000000000018
101.56,0.0
101.60000000000001,0.0020000000000000018
101.64,0.0020000000000000018
101.68,0.0020000000000000018
101.72,0.0040000000000000036
101.76,0.008
101.8,0.0020000000000000018
101.84,-0.003999999999999997
101.88,-0.003999999999999997
101.92,-0.0020000000000000018
101.96000000000001,-0.0020000000000000018
102.0,-0.0020000000000000018
102.04,-0.0020000000000000018
102.08,-0.003999999999999997
102.12,-0.003999999999999997
102.16,-0.0020000000000000018
102.2,-0.0020000000000000018
102.24000000000001,0.0020000000000000018
102.28,0.0040000000000000036
102.32000000000001,0.0020000000000000018
102.36,0.0
102.4,0.0020000000000000018
102.44,0.0020000000000000018
102.48,-0.005999999999999998
102.52,-0.005999999999999998
102.56,0.0020000000000000018
102.60000000000001,0.0
102.64,-0.003999999999999997
102.68,-0.0020000000000000018
102.72,-0.0020000000000000018
102.76,-0.003999999999999997
102.8,-0.003999999999999997
102.84,-0.0020000000000000018
102.88,-0.0020000000000000018
102.92,-0.0020000000000000018
102.96000000000001,0.006000000000000005
103.0,0.010000000000000002
103.04,0.0040000000000000036
103.08,-0.0020000000000000018
103.12,0.0
103.16,0.0020000000000000018
103.2,-0.0020000000000000018
103.24000000000001,0.0020000000000000018
103.28,0.0020000000000000018
103.32000000000001,-0.003999999999999997
103.36,-0.0020000000000000018
103.4,-0.003999999999999997
103.44,-0.005999999999999998
103.48,-0.0020000000000000018
103.52,-0.0020000000000000018
103.56,0.0020000000000000018
103.60000000000001,0.0020000000000000018
103.64,0.006000000000000005
103.68,0.0020000000000000018
103.72,-0.005999999999999998
103.76,-0.003999999999999997
103.8,0.0
103.84,-0.003999999999999997
103.88,-0.005999999999999998
103.92,-0.0020000000000000018
103.96000000000001,0.0
104.0,-0.003999999999999997
104.04,-0.005999999999999998
104.08,-0.005999999999999998
104.12,-0.009999999999999995
104.16,-0.005999999999999998
104.2,0.0020000000000000018
104.24000000000001,0.006000000000000005
104.28,0.0020000000000000018
104.32000000000001,0.0
104.36,0.0020000000000000018
104.4,0.0020000000000000018
104.44,0.0
104.48,0.0020000000000000018
104.52,0.0020000000000000018
104.56,0.0020000000000000018
104.60000000000001,0.0
104.64,-0.0020000000000000018
104.68,-0.003999999999999997
104.72,-0.0020000000000000018
104.76,-0.0020000000000000018
104.8,-0.003999999999999997
104.84,0.0020000000000000018
104.88,0.006000000000000005
104.92,0.0040000000000000036
104.96000000000001,0.0020000000000000018
105.0,0.0020000000000000018
105.04,0.0040000000000000036
105.08,0.0
105.12,-0.003999999999999997
105.16,0.0
105.2,0.0040000000000000036
105.24000000000001,0.0020000000000000018
105.28,-0.0020000000000000018
105.32000000000001,-0.003999999999999997
105.36,-0.005999999999999998
105.4,-0.005999999999999998
105.44,-0.0020000000000000018
105.48,0.0
105.52,-0.003999999999999997
105.56,-0.0020000000000000018
105.60000000000001,0.0020000000000000018
105.64,0.0020000000000000018
105.68,-0.0020000000000000018
105.72,0.0020000000000000018
105.76,0.0020000000000000018
105.8,0.0020000000000000018
105.84,0.0020000000000000018
105.88,0.0020000000000000018
105.92,0.0
105.96000000000001,-0.0020000000000000018
106.0,-0.003999999999999997
106.04,-0.005999999999999998
106.08,-0.003999999999999997
106.12,0.0020000000000000018
106.16,0.0
106.2,-0.0020000000000000018
106.24000000000001,0.0020000000000000018
106.28,0.0040000000000000036
106.32000000000001,-0.0020000000000000018
106.36,-0.003999999999999997
106.4,0.0
106.44,0.0020000000000000018
106.48,0.0020000000000000018
106.52,0.0020000000000000018
106.56,-0.0020000000000000018
106.60000000000001,-0.005999999999999998
106.64,-0.003999999999999997
106.68,-0.0020000000000000018
106.72,-0.003999999999999997
106.76,-0.009999999999999995
106.8,-0.003999999999999997
106.84,0.0020000000000000018
106.88,-0.0020000000000000018
106.92,-0.0020000000000000018
106.96000000000001,0.0020000000000000018
107.0,0.0020000000000000018
107.04,0.0020000000000000018
107.08,0.0020000000000000018
107.12,0.006000000000000005
107.16,0.0020000000000000018
107.2,0.0040000000000000036
107.24000000000001,0.0020000000000000018
107.28,-0.003999999999999997
107.32000000000001,-0.003999999999999997
107.36,-0.0020000000000000018
107.4,-0.003999999999999997
107.44,-0.0020000000000000018
107.48,0.006000000000000005
107.52,0.006000000000000005
107.56,0.0
107.60000000000001,-0.0020000000000000018
107.64,0.0020000000000000018
107.68,0.0020000000000000018
107.72,0.0020000000000000018
107.76,0.0020000000000000018
107.8,0.0020000000000000018
107.84,-0.0020000000000000018
107.88,0.0020000000000000018
107.92,0.0020000000000000018
107.96000000000001,-0.005999999999999998
108.0,-0.009999999999999995
108.04,-0.005999999999999998
108.08,-0.0020000000000000018
108.12,-0.003999999999999997
108.16,-0.003999999999999997
108.2,-0.0020000000000000018
108.24000000000001,-0.0020000000000000018
108.28,-0.003999999999999997
108.32000000000001,-0.0020000000000000018
108.36,-0.0020000000000000018
108.4,0.0020000000000000018
108.44,0.0040000000000000036
108.48,0.0020000000000000018
108.52,-0.0020000000000000018
108.56,-0.0020000000000000018
108.60000000000001,-0.0020000000000000018
108.64,-0.009999999999999995
108.68,-0.005999999999999998
108.72,0.0020000000000000018
108.76,0.0020000000000000018
108.8,-0.003999999999999997
108.84,-0.0020000000000000018
108.88,0.0040000000000000036
108.92,0.0020000000000000018
108.96000000000001,0.0
109.0,0.0020000000000000018
109.04,0.0020000000000000018
109.08,0.0020000000000000018
109.12,0.006000000000000005
109.16,0.006000000000000005
109.2,-0.0020000000000000018
109.24000000000001,-0.005999999999999998
109.28,-0.0020000000000000018
109.32000000000001,-0.0020000000000000018
109.36,-0.005999999999999998
109.4,-0.005999999999999998
109.44,-0.0020000000000000018
109.48,0.0
109.52,-0.003999999999999997
109.56,-0.003999999999999997
109.60000000000001,-0.0020000000000000018
109.64,-0.0020000000000000018
109.68,0.0020000000000000018
109.72,0.0040000000000000036
109.76,0.0020000000000000018
109.8,0.0020000000000000018
109.84,0.0
109.88,-0.005999999999999998
109.92,-0.005999999999999998
109.96000000000001,-0.0020000000000000018
110.0,-0.0020000000000000018
110.04,-0.005999999999999998
110.08,-0.0020000000000000018
110.12,0.0020000000000000018
110.16,0.0020000000000000018
110.2,-0.003999999999999997
110.24000000000001,-0.003999999999999997
110.28,-0.0020000000000000018
110.32000000000001,0.0020000000000000018
110.36,0.006000000000000005
110.4,0.008
110.44,-0.0020000000000000018
110.48,-0.003999999999999997
110.52,0.0020000000000000018
110.56,0.0020000000000000018
110.60000000000001,-0.005999999999999998
110.64,-0.003999999999999997
110.68,0.0020000000000000018
110.72,-0.0020000000000000018
110.76,-0.003999999999999997
110.8,-0.003999999999999997
110.84,-0.003999999999999997
110.88,-0.003999999999999997
110.92,-0.003999999999999997
110.96000000000001,0.0020000000000000018
111.0,0.0020000000000000018
111.04,0.006000000000000005
111.08,0.0020000000000000018
111.12,0.0
111.16,-0.0020000000000000018
111.2,0.0
111.24000000000001,-0.003999999999999997
111.28,-0.008
111.32000000000001,-0.0020000000000000018
111.36,0.0040000000000000036
111.4,-0.0020000000000000018
111.44,-0.003999999999999997
111.48,-0.0020000000000000018
111.52,-0.0020000000000000018
111.56,0.0
111.60000000000001,0.006000000000000005
111.64,0.0040000000000000036
111.68,0.0
111.72,0.0040000000000000036
111.76,0.006000000000000005
111.8,0.0020000000000000018
111.84,-0.003999999999999997
111.88,-0.0020000000000000018
111.92,0.0020000000000000018
111.96000000000001,-0.0020000000000000018
112.0,-0.0020000000000000018
112.04,-0.0020000000000000018
112.08,-0.003999999999999997
112.12,-0.003999999999999997
112.16,-0.005999999999999998
112.2,-0.005999999999999998
112.24000000000001,-0.003999999999999997
112.28,0.0020000000000000018
112.32000000000001,0.0020000000000000018
112.36,0.0020000000000000018
112.4,0.0040000000000000036
112.44,0.0020000000000000018
112.48,-0.005999999999999998
112.52,-0.005999999999999998
112.56,-0.0020000000000000018
112.60000000000001,0.0
112.64,-0.003999999999999997
112.68,-0.003999999999999997
112.72,-0.003999999999999997
112.76,-0.003999999999999997
112.8,-0.003999999999999997
112.84,0.0
112.88,-0.0020000000000000018
112.92,-0.003999999999999997
112.96000000000001,0.0040000000000000036
113.0,0.006000000000000005
113.04,0.0040000000000000036
113.08,0.0
113.12,0.0020000000000000018
113.16,0.0020000000000000018
113.2,0.0020000000000000018
113.24000000000001,0.0
113.28,0.0020000000000000018
113.32000000000001,0.0020000000000000018
113.36,0.0
113.4,-0.003999999999999997
113.44,-0.003999999999999997
113.48,-0.0020000000000000018
113.52,-0.003999999999999997
113.56,-0.0020000000000000018
113.60000000000001,0.0020000000000000018
113.64,0.0040000000000000036
113.68,0.0040000000000000036
113.72,0.0
113.76,-0.0020000000000000018
113.8,0.0020000000000000018
113.84,0.0020000000000000018
113.88,-0.003999999999999997
113.92,-0.003999999999999997
113.96000000000001,-0.0020000000000000018
114.0,0.0
114.04,-0.003999999999999997
114.08,-0.0020000000000000018
114.12,-0.005999999999999998
114.16,-0.005999999999999998
114.2,-0.0020000000000000018
114.24000000000001,0.0040000000000000036
114.28,0.0020000000000000018
114.32000000000001,-0.0020000000000000018
114.36,0.0020000000000000018
114.4,0.0040000000000000036
114.44,-0.0020000000000000018
114.48,-0.0020000000000000018
114.52,0.0040000000000000036
114.56,0.0020000000000000018
114.60000000000001,0.0
114.64,0.0020000000000000018
114.68,-0.0020000000000000018
114.72,-0.008
114.76,-0.008
114.8,-0.003999999999999997
114.84,-0.003999999999999997
114.88,0.0
114.92,0.0020000000000000018
114.96000000000001,0.0
115.0,0.0
115.04,0.0040000000000000036
115.08,0.0020000000000000018
115.12,-0.003999999999999997
115.16,-0.003999999999999997
115.2,0.0020000000000000018
115.24000000000001,0.0020000000000000018
115.28,-0.003999999999999997
115.32000000000001,-0.0020000000000000018
115.36,-0.005999999999999998
115.4,-0.009999999999999995
115.44,-0.003999999999999997
115.48,0.0040000000000000036
115.52,-0.0020000000000000018
115.56,-0.003999999999999997
115.60000000000001,0.0040000000000000036
115.64,0.0040000000000000036
115.68,-0.003999999999999997
115.72,0.0
115.76,0.0020000000000000018
115.8,0.0020000000000000018
115.84,0.0020000000000000018
115.88,0.006000000000000005
115.92,0.0040000000000000036
115.96000000000001,-0.003999999999999997
116.0,-0.003999999999999997
116.04,-0.003999999999999997
116.08,-0.003999999999999997
116.12,-0.003999999999999997
116.16,-0.0020000000000000018
116.2,-0.0020000000000000018
116.24000000000001,0.0020000000000000018
116.28,0.0040000000000000036
116.32000000000001,0.0020000000000000018
116.36,-0.003999999999999997
116.4,-0.0020000000000000018
116.44,0.0040000000000000036
116.48,0.0020000000000000018
116.52,0.0
116.56,-0.0020000000000000018
116.60000000000001,-0.005999999999999998
116.64,-0.009999999999999995
116.68,-0.003999999999999997
116.72,-0.003999999999999997
116.76,-0.005999999999999998
116.8,-0.003999999999999997
116.84,0.0020000000000000018
116.88,0.0020000000000000018
116.92,-0.003999999999999997
116.96000000000001,-0.0020000000000000018
117.0,-0.0020000000000000018
117.04,0.0
117.08,0.0020000000000000018
117.12,0.006000000000000005
117.16,0.0020000000000000018
117.2,0.0020000000000000018
117.24000000000001,0.0
117.28,-0.0020000000000000018
117.32000000000001,-0.003999999999999997
117.36,-0.005999999999999998
117.4,-0.003999999999999997
117.44,-0.0020000000000000018
117.48,0.0020000000000000018
117.52,0.0020000000000000018
117.56,0.0
117.60000000000001,-0.0020000000000000018
117.64,0.0020000000000000018
117.68,0.0040000000000000036
117.72,0.0040000000000000036
117.76,0.0020000000000000018
117.8,0.0020000000000000018
117.84,-0.0020000000000000018
117.88,-0.0020000000000000018
117.92,-0.0020000000000000018
117.96000000000001,-0.0020000000000000018
118.0,-0.005999999999999998
118.04,-0.005999999999999998
118.08,-0.0020000000000000018
118.12,-0.0020000000000000018
118.16,-0.003999999999999997
118.2,-0.003999999999999997
118.24000000000001,-0.0020000000000000018
118.28,-0.0020000000000000018
118.32000000000001,-0.0020000000000000018
118.36,0.0020000000000000018
118.4,0.0020000000000000018
118.44,0.0020000000000000018
118.48,0.0040000000000000036
118.52,0.0040000000000000036
118.56,-0.0020000000000000018
118.60000000000001,-0.003999999999999997
118.64,-0.005999999999999998
118.68,-0.003999999999999997
118.72,-0.0020000000000000018
118.76,-0.0020000000000000018
118.8,-0.003999999999999997
118.84,-0.003999999999999997
118.88,0.0
118.92,0.0020000000000000018
118.96000000000001,0.0
119.0,0.0
119.04,0.0020000000000000018
119.08,0.0020000000000000018
119.12,0.0
119.16,0.0040000000000000036
119.2,0.0
119.24000000000001,-0.005999999999999998
119.28,-0.005999999999999998
119.32000000000001,0.0
119.36,-0.003999999999999997
119.4,-0.005999999999999998
119.44,-0.0020000000000000018
119.48,-0.0020000000000000018
119.52,-0.003999999999999997
119.56,-0.003999999999999997
119.60000000000001,-0.003999999999999997
119.64,-0.003999999999999997
119.68,0.0
119.72,0.006000000000000005
119.76,0.006000000000000005
119.8,0.0020000000000000018
119.84,0.0020000000000000018
119.88,0.0020000000000000018
119.92,-0.0020000000000000018
119.96000000000001,-0.0020000000000000018
120.0,-0.0020000000000000018
120.04,-0.003999999999999997
120.08,-0.0020000000000000018
120.12,0.0020000000000000018
120.16,0.0020000000000000018
120.2,-0.0020000000000000018
120.24000000000001,0.0
120.28,0.0020000000000000018
120.32000000000001,0.0020000000000000018
120.36,0.0040000000000000036
120.4,0.010000000000000002
120.44,0.0020000000000000018
120.48,-0.003999999999999997
120.52,-0.0020000000000000018
120.56,0.0020000000000000018
120.60000000000001,-0.003999999999999997
120.64,-0.003999999999999997
120.68,0.0
120.72,-0.0020000000000000018
120.76,-0.0020000000000000018
120.8,-0.005999999999999998
120.84,-0.005999999999999998
120.88,-0.005999999999999998
120.92,-0.003999999999999997
120.96000000000001,-0.0020000000000000018
121.0,0.0
121.04,0.0020000000000000018
121.08,0.0020000000000000018
121.12,0.0020000000000000018
121.16,0.0020000000000000018
121.2,-0.003999999999999997
121.24000000000001,-0.003999999999999997
121.28,-0.003999999999999997
121.32000000000001,-0.0020000000000000018
121.36,0.0
121.4,-0.0020000000000000018
121.44,-0.003999999999999997
121.48,-0.003999999999999997
121.52,-0.003999999999999997
121.56,0.0
121.60000000000001,0.0040000000000000036
121.64,0.006000000000000005
121.68,0.006000000000000005
121.72,0.0
121.76,0.0040000000000000036
121.8,0.006000000000000005
121.84,-0.0020000000000000018
121.88,-0.003999999999999997
121.92,0.0020000000000000018
121.96000000000001,0.006000000000000005
122.0,0.0
122.04,-0.003999999999999997
122.08,-0.0020000000000000018
122.12,-0.003999999999999997
122.16,-0.005999999999999998
122.2,-0.003999999999999997
122.24000000000001,-0.0020000000000000018
122.28,-0.003999999999999997
122.32000000000001,0.0020000000000000018
122.36,0.006000000000000005
122.4,0.0040000000000000036
122.44,-0.0020000000000000018
122.48,0.0
122.52,-0.0020000000000000018
122.56,-0.003999999999999997
122.60000000000001,0.0020000000000000018
122.64,0.0020000000000000018
122.68,-0.003999999999999997
122.72,-0.005999999999999998
122.76,-0.003999999999999997
122.8,-0.003999999999999997
122.84,-0.0020000000000000018
122.88,0.0020000000000000018
122.92,0.0020000000000000018
122.96000000000001,0.0
123.0,0.006000000000000005
123.04,0.008
123.08,-0.003999999999999997
123.12,-0.003999999999999997
123.16,0.0040000000000000036
123.2,0.0040000000000000036
123.24000000000001,-0.003999999999999997
123.28,-0.0020000000000000018
123.32000000000001,0.0040000000000000036
123.36,-0.003999999999999997
123.4,-0.005999999999999998
123.44,-0.003999999999999997
123.48,-0.005999999999999998
123.52,-0.008
123.56,0.0
123.60000000000001,0.0020000000000000018
123.64,0.0
123.68,0.0020000000000000018
123.72,0.0020000000000000018
123.76,0.0
123.8,-0.0020000000000000018
123.84,0.0040000000000000036
123.88000000000001,0.0020000000000000018
123.92,-0.003999999999999997
123.96000000000001,-0.003999999999999997
124.0,-0.0020000000000000018
124.04,-0.0020000000000000018
124.08,-0.003999999999999997
124.12,-0.0020000000000000018
124.16,-0.003999999999999997
124.2,-0.0020000000000000018
124.24000000000001,0.008
124.28,0.006000000000000005
124.32000000000001,-0.0020000000000000018
124.36,0.0020000000000000018
124.4,0.006000000000000005
124.44,0.0020000000000000018
124.48,-0.003999999999999997
124.52,0.0020000000000000018
124.56,0.0040000000000000036
124.60000000000001,0.0020000000000000018
124.64,0.0020000000000000018
124.68,-0.0020000000000000018
124.72,-0.005999999999999998
124.76,-0.005999999999999998
124.8,-0.003999999999999997
124.84,-0.0020000000000000018
124.88000000000001,-0.0020000000000000018
124.92,0.0
124.96000000000001,0.0020000000000000018
125.0,-0.0020000000000000018
125.04,0.0020000000000000018
125.08,0.0020000000000000018
125.12,-0.0020000000000000018
125.16,-0.003999999999999997
125.2,-0.0020000000000000018
125.24000000000001,-0.0020000000000000018
125.28,-0.0020000000000000018
125.32000000000001,-0.003999999999999997
125.36,-0.009999999999999995
125.4,-0.009999999999999995
125.44,-0.003999999999999997
125.48,0.0020000000000000018
125.52,-0.0020000000000000018
125.56,-0.0020000000000000018
125.60000000000001,0.0040000000000000036
125.64,0.006000000000000005
125.68,-0.0020000000000000018
125.72,-0.003999999999999997
125.76,0.0
125.8,0.0040000000000000036
125.84,0.006000000000000005
125.88000000000001,0.0020000000000000018
125.92,0.0020000000000000018
125.96000000000001,-0.0020000000000000018
126.0,-0.003999999999999997
126.04,-0.003999999999999997
126.08,-0.0020000000000000018
126.12,-0.003999999999999997
126.16,-0.0020000000000000018
126.2,0.0020000000000000018
126.24000000000001,0.0020000000000000018
126.28,0.0020000000000000018
126.32000000000001,0.0020000000000000018
126.36,0.0
126.4,-0.0020000000000000018
126.44,0.0
126.48,0.0040000000000000036
126.52,0.0040000000000000036
126.56,-0.0020000000000000018
126.60000000000001,-0.005999999999999998
126.64,-0.005999999999999998
126.68,-0.003999999999999997
126.72,-0.003999999999999997
126.76,-0.005999999999999998
126.8,-0.0020000000000000018
126.84,0.0020000000000000018
126.88000000000001,0.006000000000000005
126.92,-0.0020000000000000018
126.96000000000001,-0.008
127.0,0.0
127.04,0.006000000000000005
127.08,0.0020000000000000018
127.12,0.0020000000000000018
127.16,0.006000000000000005
127.2,0.0020000000000000018
127.24000000000001,-0.0020000000000000018
127.28,0.0
127.32000000000001,-0.0020000000000000018
127.36,-0.005999999999999998
127.4,-0.005999999999999998
127.44,-0.0020000000000000018
127.48,0.0
127.52,-0.0020000000000000018
127.56,0.0020000000000000018
127.60000000000001,-0.0020000000000000018
127.64,-0.003999999999999997
127.68,0.0
127.72,0.006000000000000005
127.76,0.0020000000000000018
127.8,-0.0020000000000000018
127.84,0.0
127.88000000000001,-0.0020000000000000018
127.92,-0.003999999999999997
127.96000000000001,-0.005999999999999998
128.0,-0.005999999999999998
128.04,-0.005999999999999998
128.08,0.0020000000000000018
128.12,0.0020000000000000018
128.16,-0.003999999999999997
128.2,-0.005999999999999998
128.24,0.0020000000000000018
128.28,0.0020000000000000018
128.32,-0.003999999999999997
128.36,-0.0020000000000000018
128.4,0.006000000000000005
128.44,0.006000000000000005
128.48,0.0020000000000000018
128.52,0.006000000000000005
128.56,0.0020000000000000018
128.6,-0.005999999999999998
128.64000000000001,-0.003999999999999997
128.68,0.0
128.72,-0.0020000000000000018
128.76,-0.0020000000000000018
128.8,0.0020000000000000018
128.84,-0.0020000000000000018
128.88,-0.003999999999999997
128.92000000000002,0.0020000000000000018
128.96,0.006000000000000005
129.0,0.0020000000000000018
129.04,0.0020000000000000018
129.08,0.0040000000000000036
129.12,0.0020000000000000018
129.16,0.0
129.2,-0.003999999999999997
129.24,-0.005999999999999998
129.28,-0.005999999999999998
129.32,0.0
129.36,-0.0020000000000000018
129.4,-0.009999999999999995
129.44,-0.005999999999999998
129.48,0.0020000000000000018
129.52,-0.0020000000000000018
129.56,-0.005999999999999998
129.6,-0.005999999999999998
129.64000000000001,0.0
129.68,0.0
129.72,0.0020000000000000018
129.76,0.006000000000000005
129.8,0.0020000000000000018
129.84,-0.0020000000000000018
129.88,-0.0020000000000000018
129.92000000000002,-0.0020000000000000018
129.96,-0.003999999999999997
130.0,-0.0020000000000000018
130.04,-0.0020000000000000018
130.08,-0.0020000000000000018
130.12,-0.003999999999999997
130.16,0.0
130.2,0.0020000000000000018
130.24,0.0
130.28,-0.0020000000000000018
130.32,0.0020000000000000018
130.36,0.006000000000000005
130.4,0.006000000000000005
130.44,0.0020000000000000018
130.48,-0.0020000000000000018
130.52,-0.0020000000000000018
130.56,0.0020000000000000018
130.6,-0.003999999999999997
130.64000000000001,-0.008
130.68,-0.003999999999999997
130.72,0.006000000000000005
130.76,0.0020000000000000018
130.8,-0.005999999999999998
130.84,-0.005999999999999998
130.88,-0.0020000000000000018
130.92000000000002,-0.0020000000000000018
130.96,-0.0020000000000000018
131.0,0.0020000000000000018
131.04,0.0040000000000000036
131.08,0.0
131.12,0.0020000000000000018
131.16,0.0020000000000000018
131.2,-0.0020000000000000018
131.24,-0.003999999999999997
131.28,0.0
131.32,-0.0020000000000000018
131.36,-0.003999999999999997
131.4,0.0
131.44,0.0
131.48,-0.005999999999999998
131.52,-0.003999999999999997
131.56,0.0020000000000000018
131.6,0.0040000000000000036
131.64000000000001,0.0020000000000000018
131.68,0.0040000000000000036
131.72,0.006000000000000005
131.76,0.0020000000000000018
131.8,0.0020000000000000018
131.84,-0.003999999999999997
131.88,-0.008
131.92000000000002,-0.0020000000000000018
131.96,0.006000000000000005
132.0,0.0
132.04,-0.008
132.08,-0.003999999999999997
132.12,-0.0020000000000000018
132.16,-0.005999999999999998
132.2,-0.005999999999999998
132.24,-0.0020000000000000018
132.28,-0.0020000000000000018
132.32,-0.0020000000000000018
132.36,0.006000000000000005
132.4,0.0040000000000000036
132.44,-0.0020000000000000018
132.48,-0.0020000000000000018
132.52,0.0020000000000000018
132.56,-0.003999999999999997
132.6,-0.0020000000000000018
132.64000000000001,0.0020000000000000018
132.68,0.0020000000000000018
132.72,-0.005999999999999998
132.76,-0.005999999999999998
132.8,0.0
132.84,0.0020000000000000018
132.88,0.0020000000000000018
132.92000000000002,0.0020000000000000018
132.96,0.006000000000000005
133.0,0.008
133.04,0.006000000000000005
133.08,-0.0020000000000000018
133.12,-0.003999999999999997
133.16,0.0
133.2,0.008
133.24,0.0020000000000000018
133.28,-0.0020000000000000018
133.32,0.0020000000000000018
133.36,0.0020000000000000018
133.4,-0.003999999999999997
133.44,-0.005999999999999998
133.48,-0.003999999999999997
133.52,-0.005999999999999998
133.56,-0.0020000000000000018
133.6,0.0020000000000000018
133.64000000000001,0.0040000000000000036
133.68,-0.0020000000000000018
133.72,-0.0020000000000000018
133.76,0.0
133.8,-0.0020000000000000018
133.84,-0.003999999999999997
133.88,-0.0020000000000000018
133.92000000000002,-0.0020000000000000018
133.96,-0.005999999999999998
134.0,-0.005999999999999998
134.04,-0.003999999999999997
134.08,-0.003999999999999997
134.12,-0.005999999999999998
134.16,-0.003999999999999997
134.2,0.0020000000000000018
134.24,0.006000000000000005
134.28,0.0040000000000000036
134.32,-0.0020000000000000018
134.36,0.0
134.4,0.0020000000000000018
134.44,0.0040000000000000036
134.48,-0.0020000000000000018
134.52,-0.0020000000000000018
134.56,0.0040000000000000036
134.6,0.006000000000000005
134.64000000000001,0.0020000000000000018
134.68,-0.003999999999999997
134.72,-0.003999999999999997
134.76,-0.003999999999999997
134.8,-0.003999999999999997
134.84,0.0
134.88,0.0020000000000000018
134.92000000000002,-0.0020000000000000018
134.96,0.0020000000000000018
135.0,0.0040000000000000036
135.04,0.0
135.08,-0.0020000000000000018
135.12,0.0020000000000000018
135.16,0.0020000000000000018
135.2,-0.003999999999999997
135.24,-0.003999999999999997
135.28,0.0020000000000000018
135.32,-0.003999999999999997
135.36,-0.009999999999999995
135.4,-0.003999999999999997
135.44,-0.0020000000000000018
135.48,-0.0020000000000000018
135.52,-0.003999999999999997
135.56,0.0
135.6,0.0020000000000000018
135.64000000000001,0.006000000000000005
135.68,0.0040000000000000036
135.72,-0.0020000000000000018
135.76,-0.003999999999999997
135.8,0.006000000000000005
135.84,0.008
135.88,0.0020000000000000018
135.92000000000002,-0.0020000000000000018
135.96,0.0
136.0,-0.0020000000000000018
136.04,-0.005999999999999998
136.08,-0.0020000000000000018
136.12,-0.003999999999999997
136.16,-0.005999999999999998
136.2,0.0020000000000000018
136.24,0.006000000000000005
136.28,-0.0020000000000000018
136.32,-0.003999999999999997
136.36,0.0040000000000000036
136.4,0.0020000000000000018
136.44,-0.003999999999999997
136.48,0.0
136.52,0.0020000000000000018
136.56,-0.0020000000000000018
136.6,-0.005999999999999998
136.64000000000001,-0.003999999999999997
136.68,-0.003999999999999997
136.72,-0.005999999999999998
136.76,-0.003999999999999997
136.8,-0.0020000000000000018
136.84,0.0020000000000000018
136.88,0.0040000000000000036
136.92000000000002,0.0020000000000000018
136.96,-0.005999999999999998
137.0,-0.003999999999999997
137.04,0.006000000000000005
137.08,0.0040000000000000036
137.12,0.0
137.16,0.0040000000000000036
137.20000000000002,0.006000000000000005
137.24,0.0020000000000000018
137.28,0.0
137.32,-0.0020000000000000018
137.36,-0.005999999999999998
137.4,-0.008
137.44,0.0020000000000000018
137.48,0.0020000000000000018
137.52,-0.003999999999999997
137.56,0.0
137.6,0.0020000000000000018
137.64000000000001,0.0
137.68,-0.0020000000000000018
137.72,0.0040000000000000036
137.76,0.0040000000000000036
137.8,-0.0020000000000000018
137.84,-0.0020000000000000018
137.88,-0.0020000000000000018
137.92000000000002,-0.003999999999999997
137.96,-0.009999999999999995
138.0,-0.009999999999999995
138.04,-0.005999999999999998
138.08,0.0
138.12,0.0020000000000000018
138.16,-0.003999999999999997
138.20000000000002,-0.005999999999999998
138.24,-0.003999999999999997
138.28,0.0
138.32,-0.0020000000000000018
138.36,-0.003999999999999997
138.4,0.0020000000000000018
138.44,0.006000000000000005
138.48,0.0040000000000000036
138.52,0.0040000000000000036
138.56,0.0020000000000000018
138.6,-0.005999999999999998
138.64000000000001,-0.003999999999999997
138.68,0.0
138.72,-0.0020000000000000018
138.76,-0.0020000000000000018
138.8,0.0020000000000000018
138.84,0.0020000000000000018
138.88,-0.0020000000000000018
138.92000000000002,-0.0020000000000000018
138.96,0.0020000000000000018
139.0,0.0040000000000000036
139.04,0.0020000000000000018
139.08,0.0020000000000000018
139.12,0.006000000000000005
139.16,0.0020000000000000018
139.20000000000002,-0.003999999999999997
139.24,-0.005999999999999998
139.28,-0.003999999999999997
139.32,0.0020000000000000018
139.36,0.0
139.4,-0.005999999999999998
139.44,-0.005999999999999998
139.48,0.0
139.52,0.0020000000000000018
139.56,-0.005999999999999998
139.6,-0.003999999999999997
139.64000000000001,-0.003999999999999997
139.68,0.0020000000000000018
139.72,0.0040000000000000036
139.76,0.0020000000000000018
139.8,0.0040000000000000036
139.84,0.0
139.88,-0.0020000000000000018
139.92000000000002,0.0
139.96,-0.003999999999999997
140.0,-0.005999999999999998
140.04,-0.0020000000000000018
140.08,0.0020000000000000018
140.12,-0.0020000000000000018
140.16,-0.003999999999999997
140.20000000000002,0.0020000000000000018
140.24,0.0
140.28,-0.0020000000000000018
140.32,0.0020000000000000018
140.36,0.006000000000000005
140.4,0.0040000000000000036
140.44,-0.0020000000000000018
140.48,-0.0020000000000000018
140.52,0.0020000000000000018
140.56,-0.0020000000000000018
140.6,-0.0020000000000000018
140.64000000000001,-0.005999999999999998
140.68,-0.003999999999999997
140.72,0.0020000000000000018
140.76,0.0
140.8,-0.005999999999999998
140.84,-0.005999999999999998
140.88,-0.003999999999999997
140.92000000000002,-0.0020000000000000018
140.96,-0.0020000000000000018
141.0,0.0020000000000000018
141.04,0.0040000000000000036
141.08,0.0040000000000000036
141.12,0.0040000000000000036
141.16,0.0040000000000000036
141.20000000000002,-0.0020000000000000018
141.24,-0.003999999999999997
141.28,0.0
141.32,0.0020000000000000018
141.36,-0.003999999999999997
141.4,-0.0020000000000000018
141.44,0.0
141.48,-0.0020000000000000018
141.52,-0.003999999999999997
141.56,0.0020000000000000018
141.6,0.0040000000000000036
141.64000000000001,0.0040000000000000036
141.68,0.0
141.72,0.0040000000000000036
141.76,0.006000000000000005
141.8,0.0020000000000000018
141.84,-0.003999999999999997
141.88,-0.003999999999999997
141.92000000000002,-0.0020000000000000018
141.96,0.0020000000000000018
142.0,0.0020000000000000018
142.04,-0.005999999999999998
142.08,-0.005999999999999998
142.12,-0.0020000000000000018
142.16,-0.005999999999999998
142.20000000000002,-0.008
142.24,-0.003999999999999997
142.28,0.0
142.32,0.0020000000000000018
142.36,0.0020000000000000018
142.4,0.0040000000000000036
142.44,-0.0020000000000000018
142.48,-0.003999999999999997
142.52,-0.0020000000000000018
142.56,0.0
142.6,-0.003999999999999997
142.64000000000001,-0.003999999999999997
142.68,0.0020000000000000018
142.72,-0.003999999999999997
142.76,-0.005999999999999998
142.8,0.0
142.84,0.0020000000000000018
142.88,-0.003999999999999997
142.92000000000002,-0.0020000000000000018
142.96,0.008
143.0,0.010000000000000002
143.04,0.0020000000000000018
143.08,-0.0020000000000000018
143.12,-0.0020000000000000018
143.16,0.0020000000000000018
143.20000000000002,0.0020000000000000018
143.24,0.0020000000000000018
143.28,0.0
143.32,0.0020000000000000018
143.36,0.0020000000000000018
143.4,-0.003999999999999997
143.44,-0.009999999999999995
143.48,-0.005999999999999998
143.52,-0.0020000000000000018
143.56,-0.0020000000000000018
143.6,0.0020000000000000018
143.64000000000001,0.0020000000000000018
143.68,0.0
143.72,-0.0020000000000000018
143.76,0.0020000000000000018
143.8,0.0020000000000000018
143.84,-0.0020000000000000018
143.88,-0.003999999999999997
143.92000000000002,0.0020000000000000018
143.96,-0.003999999999999997
144.0,-0.005999999999999998
144.04,-0.0020000000000000018
144.08,-0.003999999999999997
144.12,-0.009999999999999995
144.16,-0.005999999999999998
144.20000000000002,0.0040000000000000036
144.24,0.0040000000000000036
144.28,0.0
144.32,-0.0020000000000000018
144.36,0.0
144.4,0.0
144.44,0.0020000000000000018
144.48,0.0
144.52,0.0
144.56,0.0040000000000000036
144.6,0.006000000000000005
144.64000000000001,-0.0020000000000000018
144.68,-0.005999999999999998
144.72,-0.003999999999999997
144.76,-0.003999999999999997
144.8,-0.005999999999999998
144.84,-0.0020000000000000018
144.88,0.0
144.92000000000002,-0.003999999999999997
144.96,0.0
145.0,0.006000000000000005
145.04,0.0020000000000000018
145.08,-0.0020000000000000018
145.12,0.0020000000000000018
145.16,0.0020000000000000018
145.20000000000002,-0.0020000000000000018
145.24,0.0
145.28,0.0020000000000000018
145.32,-0.003999999999999997
145.36,-0.009999999999999995
145.4,-0.003999999999999997
145.44,0.0020000000000000018
145.48,-0.0020000000000000018
145.52,-0.0020000000000000018
145.56,-0.0020000000000000018
145.6,0.0020000000000000018
145.64000000000001,0.0020000000000000018
145.68,0.0020000000000000018
145.72,-0.003999999999999997
145.76,0.0020000000000000018
145.8,0.006000000000000005
145.84,0.006000000000000005
145.88,0.0
145.92000000000002,0.0020000000000000018
145.96,0.0040000000000000036
146.0,-0.0020000000000000018
146.04,-0.003999999999999997
146.08,-0.003999999999999997
146.12,-0.005999999999999998
146.16,-0.005999999999999998
146.20000000000002,-0.0020000000000000018
146.24,0.0020000000000000018
146.28,0.0
146.32,-0.0020000000000000018
146.36,-0.0020000000000000018
146.4,-0.0020000000000000018
146.44,-0.0020000000000000018
146.48,0.0020000000000000018
146.52,0.0020000000000000018
146.56,-0.003999999999999997
146.6,-0.005999999999999998
146.64000000000001,-0.003999999999999997
146.68,-0.003999999999999997
146.72,-0.005999999999999998
146.76,-0.005999999999999998
146.8,-0.003999999999999997
146.84,0.0
146.88,0.0020000000000000018
146.92000000000002,-0.0020000000000000018
146.96,-0.003999999999999997
147.0,0.0020000000000000018
147.04,0.0020000000000000018
147.08,0.0020000000000000018
147.12,0.0020000000000000018
147.16,0.006000000000000005
147.20000000000002,0.008
147.24,0.006000000000000005
147.28,0.0020000000000000018
147.32,-0.0020000000000000018
147.36,-0.003999999999999997
147.4,-0.003999999999999997
147.44,-0.0020000000000000018
147.48,0.0020000000000000018
147.52,0.0020000000000000018
147.56,-0.0020000000000000018
147.6,-0.0020000000000000018
147.64000000000001,0.0020000000000000018
147.68,0.0
147.72,0.0040000000000000036
147.76,0.006000000000000005
147.8,0.0
147.84,-0.0020000000000000018
147.88,0.0020000000000000018
147.92000000000002,0.0020000000000000018
147.96,-0.005999999999999998
148.0,-0.008
148.04,-0.003999999999999997
148.08,-0.0020000000000000018
148.12,-0.003999999999999997
148.16,-0.003999999999999997
148.20000000000002,-0.0020000000000000018
148.24,-0.0020000000000000018
148.28,-0.0020000000000000018
148.32,-0.005999999999999998
148.36,-0.003999999999999997
148.4,0.0020000000000000018
148.44,0.008
148.48,0.006000000000000005
148.52,0.0020000000000000018
148.56,0.0040000000000000036
148.6,-0.0020000000000000018
148.64000000000001,-0.005999999999999998
148.68,-0.003999999999999997
148.72,0.0020000000000000018
148.76,-0.0020000000000000018
148.8,-0.003999999999999997
148.84,-0.0020000000000000018
148.88,0.0
148.92000000000002,-0.0020000000000000018
148.96,0.0020000000000000018
149.0,0.0020000000000000018
149.04,0.0020000000000000018
149.08,0.0020000000000000018
149.12,0.006000000000000005
149.16,0.0020000000000000018
149.20000000000002,-0.005999999999999998
149.24,-0.003999999999999997
149.28,-0.0020000000000000018
149.32,-0.0020000000000000018
149.36,-0.003999999999999997
149.4,-0.0020000000000000018
149.44,-0.0020000000000000018
149.48,-0.0020000000000000018
149.52,-0.003999999999999997
149.56,-0.008
149.6,-0.008
149.64000000000001,-0.0020000000000000018
149.68,0.006000000000000005
149.72,0.0020000000000000018
149.76,0.0040000000000000036
149.8,0.0040000000000000036
149.84,0.0
149.88,-0.003999999999999997
149.92000000000002,0.0020000000000000018
149.96,0.0020000000000000018
150.0,-0.003999999999999997
150.04,-0.003999999999999997
150.08,0.0020000000000000018
150.12,-0.0020000000000000018
150.16,-0.003999999999999997
150.20000000000002,-0.0020000000000000018
150.24,0.0
150.28,-0.0020000000000000018
150.32,0.0020000000000000018
150.36,0.006000000000000005
150.4,0.0020000000000000018
150.44,-0.0020000000000000018
150.48,0.0
150.52,0.0020000000000000018
150.56,-0.003999999999999997
150.6,-0.003999999999999997
150.64000000000001,-0.0020000000000000018
150.68,0.0
150.72,0.0
150.76,-0.003999999999999997
150.8,-0.005999999999999998
150.84,-0.009999999999999995
150.88,-0.005999999999999998
150.92000000000002,-0.003999999999999997
150.96,-0.003999999999999997
151.0,0.0
151.04,0.0020000000000000018
151.08,0.0020000000000000018
151.12,0.0020000000000000018
151.16,0.006000000000000005
151.20000000000002,0.0040000000000000036
151.24,-0.003999999999999997
151.28,-0.003999999999999997
151.32,0.0020000000000000018
151.36,0.0020000000000000018
151.4,-0.003999999999999997
151.44,-0.0020000000000000018
151.48,-0.0020000000000000018
151.52,-0.003999999999999997
151.56,0.0
151.6,0.0020000000000000018
151.64000000000001,0.0020000000000000018
151.68,0.0020000000000000018
151.72,0.006000000000000005
151.76,0.006000000000000005
151.8,0.0020000000000000018
151.84,-0.0020000000000000018
151.88,0.0
151.92000000000002,0.0020000000000000018
151.96,0.0020000000000000018
152.0,0.0020000000000000018
152.04,-0.003999999999999997
152.08,-0.003999999999999997
152.12,-0.003999999999999997
152.16,-0.005999999999999998
152.20000000000002,-0.008
152.24,-0.003999999999999997
152.28,-0.0020000000000000018
152.32,-0.003999999999999997
152.36,0.0
152.4,0.0040000000000000036
152.44,0.0020000000000000018
152.48,-0.003999999999999997
152.52,-0.003999999999999997
152.56,0.0020000000000000018
152.6,0.0
152.64000000000001,-0.003999999999999997
152.68,-0.0020000000000000018
152.72,-0.003999999999999997
152.76,-0.005999999999999998
152.8,-0.0020000000000000018
152.84,-0.0020000000000000018
152.88,-0.003999999999999997
152.92000000000002,0.0
152.96,0.006000000000000005
153.0,0.0040000000000000036
153.04,0.0
153.08,0.0
153.12,0.0
153.16,0.0020000000000000018
153.20000000000002,0.0040000000000000036
153.24,0.0040000000000000036
153.28,0.0020000000000000018
153.32,0.0020000000000000018
153.36,0.0020000000000000018
153.4,-0.003999999999999997
153.44,-0.008
153.48,-0.003999999999999997
153.52,-0.005999999999999998
153.56,-0.005999999999999998
153.6,0.0020000000000000018
153.64000000000001,0.0040000000000000036
153.68,0.0
153.72,-0.003999999999999997
153.76,0.0
153.8,0.0020000000000000018
153.84,0.0020000000000000018
153.88,0.0020000000000000018
153.92000000000002,0.0020000000000000018
153.96,-0.0020000000000000018
154.0,-0.0020000000000000018
154.04,-0.0020000000000000018
154.08,-0.005999999999999998
154.12,-0.008
154.16,-0.003999999999999997
154.20000000000002,0.0020000000000000018
154.24,0.0
154.28,-0.0020000000000000018
154.32,-0.0020000000000000018
154.36,0.0
154.4,0.0
154.44,0.0020000000000000018
154.48,-0.0020000000000000018
154.52,0.0020000000000000018
154.56,0.008
154.6,0.0040000000000000036
154.64000000000001,-0.0020000000000000018
154.68,-0.003999999999999997
154.72,-0.003999999999999997
154.76,-0.005999999999999998
154.8,-0.005999999999999998
154.84,-0.0020000000000000018
154.88,0.0020000000000000018
154.92000000000002,-0.003999999999999997
154.96,-0.005999999999999998
155.0,-0.0020000000000000018
155.04,0.0
155.08,-0.0020000000000000018
155.12,0.0
155.16,0.0020000000000000018
155.20000000000002,0.0020000000000000018
155.24,0.0020000000000000018
155.28,0.0
155.32,-0.003999999999999997
155.36,-0.005999999999999998
155.4,-0.003999999999999997
155.44,0.0
155.48,0.0
155.52,-0.003999999999999997
155.56,-0.0020000000000000018
155.6,0.0020000000000000018
155.64000000000001,0.0
155.68,-0.0020000000000000018
155.72,-0.0020000000000000018
155.76,0.0020000000000000018
155.8,0.0040000000000000036
155.84,0.006000000000000005
155.88,0.006000000000000005
155.92000000000002,0.0040000000000000036
155.96,0.0020000000000000018
156.0,-0.0020000000000000018
156.04,-0.003999999999999997
156.08,-0.003999999999999997
156.12,-0.0020000000000000018
156.16,-0.005999999999999998
156.20000000000002,-0.005999999999999998
156.24,-0.0020000000000000018
156.28,0.0020000000000000018
156.32,-0.003999999999999997
156.36,-0.005999999999999998
156.4,-0.0020000000000000018
156.44,0.0020000000000000018
156.48,0.0
156.52,0.0020000000000000018
156.56,0.0
156.6,-0.003999999999999997
156.64000000000001,-0.003999999999999997
156.68,-0.0020000000000000018
156.72,-0.003999999999999997
156.76,-0.009999999999999995
156.8,-0.003999999999999997
156.84,0.0020000000000000018
156.88,-0.0020000000000000018
156.92000000000002,-0.005999999999999998
156.96,-0.005999999999999998
157.0,-0.003999999999999997
157.04,-0.0020000000000000018
157.08,0.0020000000000000018
157.12,0.0040000000000000036
157.16,0.0040000000000000036
157.20000000000002,0.008
157.24,0.0040000000000000036
157.28,-0.0020000000000000018
157.32,0.0020000000000000018
157.36,0.0020000000000000018
157.4,-0.005999999999999998
157.44,-0.003999999999999997
157.48,0.0040000000000000036
157.52,0.0020000000000000018
157.56,-0.003999999999999997
157.6,-0.005999999999999998
157.64000000000001,-0.0020000000000000018
157.68,-0.0020000000000000018
157.72,0.0
157.76,0.0040000000000000036
157.8,0.0020000000000000018
157.84,0.0
157.88,0.0020000000000000018
157.92000000000002,0.0020000000000000018
157.96,-0.005999999999999998
158.0,-0.003999999999999997
158.04,0.0020000000000000018
158.08,0.0020000000000000018
158.12,-0.0020000000000000018
158.16,-0.003999999999999997
158.20000000000002,-0.005999999999999998
158.24,-0.005999999999999998
158.28,-0.003999999999999997
158.32,-0.003999999999999997
158.36,-0.003999999999999997
158.4,0.0020000000000000018
158.44,0.008
158.48,0.0020000000000000018
158.52,0.0020000000000000018
158.56,0.006000000000000005
158.6,0.0020000000000000018
158.64000000000001,-0.005999999999999998
158.68,-0.003999999999999997
158.72,0.0040000000000000036
158.76,0.0
158.8,-0.003999999999999997
158.84,-0.003999999999999997
158.88,-0.003999999999999997
158.92000000000002,-0.003999999999999997
158.96,-0.0020000000000000018
159.0,0.0
159.04,-0.0020000000000000018
159.08,0.0020000000000000018
159.12,0.006000000000000005
159.16,0.0
159.20000000000002,-0.003999999999999997
159.24,-0.0020000000000000018
159.28,0.0040000000000000036
159.32,0.0020000000000000018
159.36,-0.0020000000000000018
159.4,-0.0020000000000000018
159.44,0.0
159.48,-0.003999999999999997
159.52,-0.008
159.56,-0.011999999999999997
159.6,-0.008
159.64000000000001,0.0
159.68,0.006000000000000005
159.72,0.0020000000000000018
159.76,0.0020000000000000018
159.8,0.006000000000000005
159.84,0.0020000000000000018
159.88,-0.003999999999999997
159.92000000000002,0.0020000000000000018
159.96,0.006000000000000005
160.0,0.0020000000000000018
160.04,-0.0020000000000000018
160.08,-0.0020000000000000018
160.12,-0.0020000000000000018
160.16,-0.003999999999999997
160.20000000000002,-0.003999999999999997
160.24,-0.0020000000000000018
160.28,-0.003999999999999997
160.32,-0.0020000000000000018
160.36,0.0020000000000000018
160.4,0.0
160.44,-0.005999999999999998
160.48,-0.0020000000000000018
160.52,0.0040000000000000036
160.56,0.0
160.6,-0.003999999999999997
160.64000000000001,-0.0020000000000000018
160.68,0.0020000000000000018
160.72,0.0020000000000000018
160.76,-0.0020000000000000018
160.8,-0.005999999999999998
160.84,-0.009999999999999995
160.88,-0.005999999999999998
160.92000000000002,-0.003999999999999997
160.96,-0.003999999999999997
161.0,-0.0020000000000000018
161.04,0.0020000000000000018
161.08,0.0020000000000000018
161.12,-0.0020000000000000018
161.16,0.0020000000000000018
161.20000000000002,0.006000000000000005
161.24,0.0020000000000000018
161.28,-0.0020000000000000018
161.32,0.0020000000000000018
161.36,0.006000000000000005
161.4,0.0
161.44,-0.0020000000000000018
161.48,-0.0020000000000000018
161.52,-0.005999999999999998
161.56,-0.003999999999999997
161.6,0.0020000000000000018
161.64000000000001,0.0020000000000000018
161.68,-0.003999999999999997
161.72,0.0020000000000000018
161.76,0.006000000000000005
161.8,0.0
161.84,-0.005999999999999998
161.88,0.0
161.92000000000002,0.006000000000000005
161.96,0.006000000000000005
162.0,0.0040000000000000036
162.04,-0.0020000000000000018
162.08,-0.005999999999999998
162.12,-0.005999999999999998
162.16,-0.005999999999999998
162.20000000000002,-0.008
162.24,-0.005999999999999998
162.28,0.0
162.32,-0.0020000000000000018
162.36,-0.003999999999999997
162.4,0.0
162.44,0.0020000000000000018
162.48,-0.003999999999999997
162.52,-0.003999999999999997
162.56,0.0040000000000000036
162.6,0.0040000000000000036
162.64000000000001,0.0020000000000000018
162.68,0.0
162.72,0.0
162.76,-0.003999999999999997
162.8,-0.0020000000000000018
162.84,0.0020000000000000018
162.88,-0.0020000000000000018
162.92000000000002,-0.003999999999999997
162.96,0.0020000000000000018
163.0,0.0020000000000000018
163.04,-0.003999999999999997
163.08,-0.005999999999999998
163.12,-0.0020000000000000018
163.16,0.0040000000000000036
163.20000000000002,0.006000000000000005
163.24,0.0020000000000000018
163.28,0.0020000000000000018
163.32,0.0020000000000000018
163.36,0.0
163.4,-0.003999999999999997
163.44,-0.005999999999999998
163.48,-0.005999999999999998
163.52,-0.003999999999999997
163.56,-0.003999999999999997
163.6,-0.003999999999999997
163.64000000000001,0.0
163.68,0.0020000000000000018
163.72,-0.003999999999999997
163.76,-0.005999999999999998
163.8,0.0
163.84,0.0040000000000000036
163.88,0.0020000000000000018
163.92000000000002,0.0020000000000000018
163.96,0.0020000000000000018
164.0,0.0020000000000000018
164.04,0.0
164.08,0.0
164.12,-0.003999999999999997
164.16,-0.003999999999999997
164.20000000000002,0.0020000000000000018
164.24,0.0040000000000000036
164.28,-0.003999999999999997
164.32,-0.008
164.36,-0.0020000000000000018
164.4,0.0020000000000000018
164.44,0.0
164.48,-0.0020000000000000018
164.52,0.0020000000000000018
164.56,0.0040000000000000036
164.6,0.0040000000000000036
164.64000000000001,0.0
164.68,-0.0020000000000000018
164.72,-0.0020000000000000018
164.76,-0.003999999999999997
164.8,-0.005999999999999998
164.84,-0.005999999999999998
164.88,0.0
164.92000000000002,-0.0020000000000000018
164.96,-0.005999999999999998
165.0,-0.005999999999999998
165.04,-0.0020000000000000018
165.08,-0.0020000000000000018
165.12,-0.003999999999999997
165.16,0.0020000000000000018
165.20000000000002,0.0020000000000000018
165.24,0.0020000000000000018
165.28,0.0020000000000000018
165.32,0.0020000000000000018
165.36,-0.0020000000000000018
165.4,-0.0020000000000000018
165.44,0.0040000000000000036
165.48,0.0020000000000000018
165.52,-0.003999999999999997
165.56,-0.003999999999999997
165.6,0.0020000000000000018
165.64000000000001,0.0
165.68,-0.003999999999999997
165.72,-0.0020000000000000018
165.76,0.0020000000000000018
165.8,0.0040000000000000036
165.84,0.008
165.88,0.006000000000000005
165.92000000000002,0.0040000000000000036
165.96,0.0040000000000000036
166.0,0.0
166.04,-0.003999999999999997
166.08,-0.0020000000000000018
166.12,0.0020000000000000018
166.16,-0.0020000000000000018
166.20000000000002,-0.003999999999999997
166.24,-0.0020000000000000018
166.28,-0.0020000000000000018
166.32,-0.005999999999999998
166.36,-0.005999999999999998
166.4,-0.0020000000000000018
166.44,-0.0020000000000000018
166.48,0.0
166.52,0.0020000000000000018
166.56,0.0020000000000000018
166.6,-0.005999999999999998
166.64000000000001,-0.0020000000000000018
166.68,0.0040000000000000036
166.72,0.0
166.76,-0.005999999999999998
166.8,-0.0020000000000000018
166.84,0.0020000000000000018
166.88,-0.0020000000000000018
166.92000000000002,-0.005999999999999998
166.96,-0.005999999999999998
167.0,-0.005999999999999998
167.04,-0.0020000000000000018
167.08,0.0040000000000000036
167.12,0.0040000000000000036
167.16,0.0020000000000000018
167.20000000000002,0.006000000000000005
167.24,0.0020000000000000018
167.28,-0.003999999999999997
167.32,0.0
167.36,0.0020000000000000018
167.4,-0.0020000000000000018
167.44,-0.0020000000000000018
167.48,0.0020000000000000018
167.52,0.0
167.56,-0.005999999999999998
167.6,-0.005999999999999998
167.64000000000001,-0.003999999999999997
167.68,-0.0020000000000000018
167.72,-0.0020000000000000018
167.76,0.0020000000000000018
167.8,-0.0020000000000000018
167.84,-0.003999999999999997
167.88,0.0020000000000000018
167.92000000000002,0.0020000000000000018
167.96,-0.0020000000000000018
168.0,-0.003999999999999997
168.04,0.0020000000000000018
168.08,0.006000000000000005
168.12,0.0020000000000000018
168.16,-0.003999999999999997
168.20000000000002,-0.005999999999999998
168.24,-0.005999999999999998
168.28,-0.003999999999999997
168.32,-0.0020000000000000018
168.36,0.0020000000000000018
168.4,0.0020000000000000018
168.44,0.0040000000000000036
168.48,0.0020000000000000018
168.52,0.0020000000000000018
168.56,0.0020000000000000018
168.6,0.0020000000000000018
168.64000000000001,-0.0020000000000000018
168.68,0.0
168.72,0.006000000000000005
168.76,0.0020000000000000018
168.8,-0.003999999999999997
168.84,-0.005999999999999998
168.88,-0.0020000000000000018
168.92000000000002,-0.0020000000000000018
168.96,-0.005999999999999998
169.0,-0.003999999999999997
169.04,-0.0020000000000000018
169.08,-0.003999999999999997
169.12,-0.0020000000000000018
169.16,0.0020000000000000018
169.20000000000002,-0.003999999999999997
169.24,-0.005999999999999998
169.28,0.0040000000000000036
169.32,0.008
169.36,0.0020000000000000018
169.4,-0.003999999999999997
169.44,0.0
169.48,-0.003999999999999997
169.52,-0.005999999999999998
169.56,-0.003999999999999997
169.6,-0.003999999999999997
169.64000000000001,-0.0020000000000000018
169.68,-0.0020000000000000018
169.72,0.0020000000000000018
169.76,0.0020000000000000018
169.8,0.0020000000000000018
169.84,0.0020000000000000018
169.88,0.0
169.92000000000002,0.0
169.96,0.008
170.0,0.008
170.04,0.0
170.08,0.0
170.12,0.0020000000000000018
170.16,0.0
170.20000000000002,-0.003999999999999997
170.24,-0.0020000000000000018
170.28,-0.0020000000000000018
170.32,-0.003999999999999997
170.36,0.0020000000000000018
170.4,0.0
170.44,-0.005999999999999998
170.48,-0.003999999999999997
170.52,0.0020000000000000018
170.56,0.0040000000000000036
170.6,0.0
170.64000000000001,0.0020000000000000018
170.68,0.0040000000000000036
170.72,-0.0020000000000000018
170.76,-0.003999999999999997
170.8,-0.003999999999999997
170.84,-0.003999999999999997
170.88,-0.005999999999999998
170.92000000000002,-0.005999999999999998
170.96,-0.003999999999999997
171.0,-0.0020000000000000018
171.04,0.0
171.08,-0.0020000000000000018
171.12,-0.003999999999999997
171.16,0.0
171.20000000000002,0.0020000000000000018
171.24,0.0020000000000000018
171.28,0.0
171.32,0.0040000000000000036
171.36,0.006000000000000005
171.4,0.0020000000000000018
171.44,-0.0020000000000000018
171.48,-0.0020000000000000018
171.52,-0.0020000000000000018
171.56,-0.0020000000000000018
171.6,0.0
171.64000000000001,-0.0020000000000000018
171.68,-0.003999999999999997
171.72,-0.003999999999999997
171.76,0.0
171.8,0.0020000000000000018
171.84,-0.0020000000000000018
171.88,0.0020000000000000018
171.92000000000002,0.006000000000000005
171.96,0.0040000000000000036
172.0,0.0020000000000000018
172.04,0.0
172.08,-0.0020000000000000018
172.12,-0.003999999999999997
172.16,-0.003999999999999997
172.20000000000002,-0.003999999999999997
172.24,-0.003999999999999997
172.28,-0.0020000000000000018
172.32,-0.0020000000000000018
172.36,-0.0020000000000000018
172.4,-0.0020000000000000018
172.44,-0.0020000000000000018
172.48,-0.003999999999999997
172.52,-0.003999999999999997
172.56,0.006000000000000005
172.6,0.008
172.64000000000001,0.0040000000000000036
172.68,-0.0020000000000000018
172.72,0.0020000000000000018
172.76,0.0020000000000000018
172.8,-0.0020000000000000018
172.84,-0.0020000000000000018
172.88,0.0
172.92000000000002,-0.003999999999999997
172.96,-0.003999999999999997
173.0,0.0
173.04,-0.0020000000000000018
173.08,-0.008
173.12,-0.003999999999999997
173.16,0.0040000000000000036
173.20000000000002,0.006000000000000005
173.24,0.0020000000000000018
173.28,0.0040000000000000036
173.32,0.0
173.36,-0.005999999999999998
173.4,-0.003999999999999997
173.44,-0.0020000000000000018
173.48,-0.003999999999999997
173.52,-0.0020000000000000018
173.56,-0.0020000000000000018
173.6,-0.0020000000000000018
173.64000000000001,-0.003999999999999997
173.68,-0.005999999999999998
173.72,-0.008
173.76,-0.005999999999999998
173.8,0.0040000000000000036
173.84,0.006000000000000005
173.88,-0.0020000000000000018
173.92000000000002,0.0
173.96,0.006000000000000005
174.0,0.0020000000000000018
174.04,0.0020000000000000018
174.08,0.0040000000000000036
174.12,0.0020000000000000018
174.16,-0.0020000000000000018
174.20000000000002,0.0
174.24,0.0040000000000000036
174.28,-0.003999999999999997
174.32,-0.008
174.36,-0.003999999999999997
174.4,0.0020000000000000018
174.44,0.0020000000000000018
174.48,0.006000000000000005
174.52,0.006000000000000005
174.56,0.0020000000000000018
174.6,-0.0020000000000000018
174.64000000000001,0.0020000000000000018
174.68,-0.0020000000000000018
174.72,-0.0020000000000000018
174.76,-0.0020000000000000018
174.8,0.0020000000000000018
174.84,-0.0020000000000000018
174.88,-0.0020000000000000018
174.92000000000002,-0.005999999999999998
174.96,-0.011999999999999997
175.0,-0.008
175.04,0.0
175.08,-0.0020000000000000018
175.12,-0.005999999999999998
175.16,-0.0020000000000000018
175.20000000000002,0.0
175.24,-0.0020000000000000018
175.28,-0.0020000000000000018
175.32,0.0020000000000000018
175.36,0.0
175.4,-0.0020000000000000018
175.44,0.0020000000000000018
175.48,0.0020000000000000018
175.52,-0.0020000000000000018
175.56,-0.008
175.6,-0.003999999999999997
175.64000000000001,-0.0020000000000000018
175.68,-0.003999999999999997
175.72,0.0020000000000000018
175.76,0.0040000000000000036
175.8,0.0020000000000000018
175.84,0.0020000000000000018
175.88,0.0040000000000000036
175.92000000000002,0.0020000000000000018
175.96,0.0
176.0,0.0
176.04,0.0040000000000000036
176.08,0.006000000000000005
176.12,0.0020000000000000018
176.16,-0.003999999999999997
176.20000000000002,-0.003999999999999997
176.24,-0.003999999999999997
176.28,-0.0020000000000000018
176.32,-0.005999999999999998
176.36,-0.005999999999999998
176.4,-0.0020000000000000018
176.44,0.0
176.48,-0.0020000000000000018
176.52,-0.0020000000000000018
176.56,0.0020000000000000018
176.6,0.0
176.64000000000001,0.0
176.68,0.006000000000000005
176.72,0.006000000000000005
176.76,-0.0020000000000000018
176.8,-0.003999999999999997
176.84,-0.0020000000000000018
176.88,-0.0020000000000000018
176.92000000000002,-0.005999999999999998
176.96,-0.003999999999999997
177.0,0.0020000000000000018
177.04,-0.0020000000000000018
177.08,0.0
177.12,0.0020000000000000018
177.16,0.0
177.20000000000002,-0.0020000000000000018
177.24,0.0020000000000000018
177.28,0.0040000000000000036
177.32,0.0020000000000000018
177.36,-0.0020000000000000018
177.4,0.0020000000000000018
177.44,0.0020000000000000018
177.48,0.0020000000000000018
177.52,-0.0020000000000000018
177.56,-0.005999999999999998
177.6,-0.009999999999999995
177.64000000000001,-0.003999999999999997
177.68,-0.0020000000000000018
177.72,-0.003999999999999997
177.76,-0.003999999999999997
177.8,0.0
177.84,-0.0020000000000000018
177.88,-0.003999999999999997
177.92000000000002,0.0020000000000000018
177.96,0.006000000000000005
178.0,0.0020000000000000018
178.04,0.0020000000000000018
178.08,0.0040000000000000036
178.12,-0.0020000000000000018
178.16,-0.005999999999999998
178.20000000000002,-0.003999999999999997
178.24,-0.0020000000000000018
178.28,-0.0020000000000000018
178.32,-0.0020000000000000018
178.36,0.0040000000000000036
178.4,0.0
178.44,-0.0020000000000000018
178.48,0.0020000000000000018
178.52,0.0040000000000000036
178.56,0.0
178.6,0.0
178.64000000000001,0.0040000000000000036
178.68,0.006000000000000005
178.72,0.006000000000000005
178.76,0.0040000000000000036
178.8,-0.003999999999999997
178.84,-0.005999999999999998
178.88,-0.0020000000000000018
178.92000000000002,-0.0020000000000000018
178.96,-0.003999999999999997
179.0,-0.003999999999999997
179.04,-0.003999999999999997
179.08,-0.005999999999999998
179.12,-0.005999999999999998
179.16,0.0
179.20000000000002,-0.0020000000000000018
179.24,-0.0020000000000000018
179.28,0.0020000000000000018
179.32,0.006000000000000005
179.36,0.0
179.4,-0.005999999999999998
179.44,-0.003999999999999997
179.48,-0.003999999999999997
179.52,-0.005999999999999998
179.56,-0.0020000000000000018
179.6,-0.0020000000000000018
179.64000000000001,-0.0020000000000000018
179.68,-0.003999999999999997
179.72,-0.0020000000000000018
179.76,-0.0020000000000000018
179.8,-0.003999999999999997
179.84,-0.0020000000000000018
179.88,0.0020000000000000018
179.92000000000002,0.006000000000000005
179.96,0.008
180.0,0.0040000000000000036
180.04,-0.0020000000000000018
180.08,0.0020000000000000018
180.12,0.0020000000000000018
180.16,0.0020000000000000018
180.20000000000002,-0.0020000000000000018
180.24,0.0
180.28,-0.0020000000000000018
180.32,-0.003999999999999997
180.36,-0.003999999999999997
180.4,-0.0020000000000000018
180.44,-0.003999999999999997
180.48,-0.0020000000000000018
180.52,0.0020000000000000018
180.56,0.006000000000000005
180.6,0.0020000000000000018
180.64000000000001,-0.0020000000000000018
180.68,0.0
180.72,-0.0020000000000000018
180.76,-0.003999999999999997
180.8,-0.003999999999999997
180.84,-0.0020000000000000018
180.88,-0.003999999999999997
180.92000000000002,-0.003999999999999997
180.96,0.0
181.0,-0.0020000000000000018
181.04,-0.005999999999999998
181.08,-0.005999999999999998
181.12,-0.0020000000000000018
181.16,0.0040000000000000036
181.20000000000002,0.0020000000000000018
181.24,0.0020000000000000018
181.28,-0.0020000000000000018
181.32,0.0
181.36,0.0040000000000000036
181.4,0.0020000000000000018
181.44,-0.0020000000000000018
181.48,0.0020000000000000018
181.52,0.0020000000000000018
181.56,-0.003999999999999997
181.6,-0.003999999999999997
181.64000000000001,-0.003999999999999997
181.68,-0.005999999999999998
181.72,-0.005999999999999998
181.76,0.0
181.8,0.0020000000000000018
181.84,-0.0020000000000000018
181.88,0.0020000000000000018
181.92000000000002,0.006000000000000005
181.96,0.0020000000000000018
182.0,-0.0020000000000000018
182.04,-0.0020000000000000018
182.08,-0.0020000000000000018
182.12,-0.003999999999999997
182.16,-0.0020000000000000018
182.20000000000002,0.0020000000000000018
182.24,-0.0020000000000000018
182.28,-0.005999999999999998
182.32,-0.005999999999999998
182.36,-0.003999999999999997
182.4,-0.0020000000000000018
182.44,0.0
182.48,-0.0020000000000000018
182.52,0.0
182.56,0.0040000000000000036
182.6,0.006000000000000005
182.64000000000001,0.0020000000000000018
182.68,0.0
182.72,0.0020000000000000018
182.76,0.0040000000000000036
182.8,0.0020000000000000018
182.84,0.0020000000000000018
182.88,0.0
182.92000000000002,-0.003999999999999997
182.96,-0.005999999999999998
183.0,-0.0020000000000000018
183.04,-0.003999999999999997
183.08,-0.005999999999999998
183.12,0.0020000000000000018
183.16,0.006000000000000005
183.20000000000002,0.0020000000000000018
183.24,-0.0020000000000000018
183.28,-0.0020000000000000018
183.32,-0.0020000000000000018
183.36,-0.005999999999999998
183.4,-0.0020000000000000018
183.44,0.0040000000000000036
183.48,-0.0020000000000000018
183.52,-0.005999999999999998
183.56,-0.003999999999999997
183.6,-0.003999999999999997
183.64000000000001,-0.005999999999999998
183.68,-0.005999999999999998
183.72,-0.003999999999999997
183.76,-0.0020000000000000018
183.8,0.0020000000000000018
183.84,0.0040000000000000036
183.88,-0.0020000000000000018
183.92000000000002,-0.0020000000000000018
183.96,0.0020000000000000018
184.0,0.0040000000000000036
184.04,0.0020000000000000018
184.08,0.0020000000000000018
184.12,0.0040000000000000036
184.16,0.0020000000000000018
184.20000000000002,0.0
184.24,-0.0020000000000000018
184.28,-0.005999999999999998
184.32,-0.008
184.36,0.0020000000000000018
184.4,0.006000000000000005
184.44,0.0020000000000000018
184.48,0.0020000000000000018
184.52,0.0020000000000000018
184.56,0.0020000000000000018
184.6,-0.0020000000000000018
184.64000000000001,0.0020000000000000018
184.68,0.006000000000000005
184.72,0.0020000000000000018
184.76,-0.0020000000000000018
184.8,0.0
184.84,-0.0020000000000000018
184.88,-0.003999999999999997
184.92000000000002,-0.005999999999999998
184.96,-0.008
185.0,-0.003999999999999997
185.04,-0.0020000000000000018
185.08,0.0
185.12,-0.003999999999999997
185.16,-0.003999999999999997
185.20000000000002,-0.0020000000000000018
185.24,-0.0020000000000000018
185.28,-0.0020000000000000018
185.32,0.0020000000000000018
185.36,0.0020000000000000018
185.4,0.0020000000000000018
185.44,-0.0020000000000000018
185.48,-0.0020000000000000018
185.52,-0.009999999999999995
185.56,-0.008
185.6,-0.0020000000000000018
185.64000000000001,0.0
185.68,-0.0020000000000000018
185.72,-0.0020000000000000018
185.76,0.0040000000000000036
185.8,0.0
185.84,-0.0020000000000000018
185.88,0.0020000000000000018
185.92000000000002,0.0020000000000000018
185.96,0.0020000000000000018
186.0,0.0020000000000000018
186.04,0.0020000000000000018
186.08,0.0040000000000000036
186.12,0.0
186.16,-0.003999999999999997
186.20000000000002,-0.005999999999999998
186.24,-0.003999999999999997
186.28,-0.0020000000000000018
186.32,-0.003999999999999997
186.36,-0.005999999999999998
186.4,-0.003999999999999997
186.44,0.0020000000000000018
186.48,-0.003999999999999997
186.52,-0.003999999999999997
186.56,-0.0020000000000000018
186.6,0.0
186.64000000000001,0.0020000000000000018
186.68,0.006000000000000005
186.72,0.0040000000000000036
186.76,-0.003999999999999997
186.8,-0.003999999999999997
186.84,0.0020000000000000018
186.88,-0.0020000000000000018
186.92000000000002,-0.005999999999999998
186.96,-0.003999999999999997
187.0,0.0020000000000000018
187.04,0.0
187.08,-0.0020000000000000018
187.12,0.0020000000000000018
187.16,0.0
187.20000000000002,-0.003999999999999997
187.24,0.0020000000000000018
187.28,0.0040000000000000036
187.32,0.006000000000000005
187.36,0.0040000000000000036
187.4,0.0040000000000000036
187.44,-0.0020000000000000018
187.48,-0.0020000000000000018
187.52,-0.0020000000000000018
187.56,-0.0020000000000000018
187.6,-0.005999999999999998
187.64000000000001,-0.003999999999999997
187.68,-0.0020000000000000018
187.72,-0.003999999999999997
187.76,-0.005999999999999998
187.8,-0.005999999999999998
187.84,-0.003999999999999997
187.88,-0.0020000000000000018
187.92000000000002,0.0040000000000000036
187.96,0.006000000000000005
188.0,-0.0020000000000000018
188.04,0.0
188.08,0.006000000000000005
188.12,-0.0020000000000000018
188.16,-0.009999999999999995
188.20000000000002,-0.003999999999999997
188.24,0.0
188.28,-0.0020000000000000018
188.32,-0.0020000000000000018
188.36,0.0020000000000000018
188.4,-0.0020000000000000018
188.44,-0.003999999999999997
188.48,-0.0020000000000000018
188.52,0.0020000000000000018
188.56,0.0020000000000000018
188.6,0.0040000000000000036
188.64000000000001,0.008
188.68,0.0040000000000000036
188.72,0.0020000000000000018
188.76,0.0020000000000000018
188.8,0.0
188.84,-0.003999999999999997
188.88,0.0020000000000000018
188.92000000000002,0.0020000000000000018
188.96,-0.0020000000000000018
189.0,-0.005999999999999998
189.04,-0.005999999999999998
189.08,-0.005999999999999998
189.12,-0.003999999999999997
189.16,0.0020000000000000018
189.20000000000002,0.0
189.24,-0.0020000000000000018
189.28,0.0020000000000000018
189.32,0.008
189.36,-0.0020000000000000018
189.4,-0.008
189.44,-0.003999999999999997
189.48,-0.0020000000000000018
189.52,-0.003999999999999997
189.56,-0.003999999999999997
189.6,0.0
189.64000000000001,-0.003999999999999997
189.68,-0.005999999999999998
189.72,-0.003999999999999997
189.76,-0.003999999999999997
189.8,-0.003999999999999997
189.84,0.0
189.88,0.0040000000000000036
189.92000000000002,0.006000000000000005
189.96,0.0020000000000000018
190.0,0.0020000000000000018
190.04,0.0020000000000000018
190.08,0.0020000000000000018
190.12,0.0020000000000000018
190.16,0.0040000000000000036
190.20000000000002,0.0020000000000000018
190.24,-0.0020000000000000018
190.28,-0.003999999999999997
190.32,-0.003999999999999997
190.36,-0.0020000000000000018
190.4,-0.0020000000000000018
190.44,-0.005999999999999998
190.48,-0.003999999999999997
190.52,0.0040000000000000036
190.56,0.008
190.6,0.0020000000000000018
190.64000000000001,-0.003999999999999997
190.68,0.0
190.72,0.0020000000000000018
190.76,-0.003999999999999997
190.8,-0.0020000000000000018
190.84,0.0
190.88,0.0
190.92000000000002,-0.0020000000000000018
190.96,-0.003999999999999997
191.0,-0.005999999999999998
191.04,-0.003999999999999997
191.08,-0.003999999999999997
191.12,-0.0020000000000000018
191.16,-0.0020000000000000018
191.20000000000002,0.0
191.24,0.0020000000000000018
191.28,0.0
191.32,0.0020000000000000018
191.36,0.0020000000000000018
191.4,0.0040000000000000036
191.44,0.0020000000000000018
191.48000000000002,0.0020000000000000018
191.52,0.0020000000000000018
191.56,0.0
191.6,-0.0020000000000000018
191.64000000000001,-0.003999999999999997
191.68,-0.008
191.72,-0.005999999999999998
191.76,0.0020000000000000018
191.8,0.0020000000000000018
191.84,-0.0020000000000000018
191.88,-0.0020000000000000018
191.92000000000002,0.006000000000000005
191.96,0.0020000000000000018
192.0,-0.003999999999999997
192.04,-0.0020000000000000018
192.08,0.0020000000000000018
192.12,0.0020000000000000018
192.16,0.0
192.20000000000002,-0.0020000000000000018
192.24,-0.003999999999999997
192.28,-0.005999999999999998
192.32,-0.003999999999999997
192.36,-0.003999999999999997
192.4,-0.005999999999999998
192.44,-0.0020000000000000018
192.48000000000002,-0.0020000000000000018
192.52,0.0
192.56,0.0020000000000000018
192.6,0.0020000000000000018
192.64000000000001,0.0
192.68,-0.0020000000000000018
192.72,0.0040000000000000036
192.76,0.006000000000000005
192.8,0.0040000000000000036
192.84,0.0040000000000000036
192.88,0.0
192.92000000000002,-0.008
192.96,-0.003999999999999997
193.0,0.0040000000000000036
193.04,0.0
193.08,-0.003999999999999997
193.12,0.0040000000000000036
193.16,0.008
193.20000000000002,0.0020000000000000018
193.24,-0.0020000000000000018
193.28,0.0
193.32,0.0
193.36,0.0
193.4,0.0040000000000000036
193.44,0.0020000000000000018
193.48000000000002,-0.0020000000000000018
193.52,-0.0020000000000000018
193.56,0.0
193.6,-0.005999999999999998
193.64000000000001,-0.009999999999999995
193.68,-0.005999999999999998
193.72,-0.003999999999999997
193.76,-0.003999999999999997
193.8,-0.0020000000000000018
193.84,0.0
193.88,-0.005999999999999998
193.92000000000002,-0.003999999999999997
193.96,0.0
194.0,0.0020000000000000018
194.04,0.006000000000000005
194.08,0.006000000000000005
194.12,0.0020000000000000018
194.16,-0.005999999999999998
194.20000000000002,-0.0020000000000000018
194.24,0.0020000000000000018
194.28,-0.003999999999999997
194.32,-0.005999999999999998
194.36,0.0020000000000000018
194.4,0.006000000000000005
194.44,0.0
194.48000000000002,-0.0020000000000000018
194.52,0.0020000000000000018
194.56,0.0020000000000000018
194.6,0.0
194.64000000000001,0.0040000000000000036
194.68,0.0040000000000000036
194.72,0.0040000000000000036
194.76,0.0040000000000000036
194.8,0.006000000000000005
194.84,-0.0020000000000000018
194.88,-0.003999999999999997
194.92000000000002,-0.003999999999999997
194.96,-0.0020000000000000018
195.0,-0.003999999999999997
195.04,-0.0020000000000000018
195.08,-0.0020000000000000018
195.12,-0.005999999999999998
195.16,-0.005999999999999998
195.20000000000002,-0.003999999999999997
195.24,-0.0020000000000000018
195.28,0.0020000000000000018
195.32,0.0040000000000000036
195.36,0.0
195.4,-0.0020000000000000018
195.44,0.0
195.48000000000002,0.0
195.52,-0.005999999999999998
195.56,-0.005999999999999998
195.6,-0.0020000000000000018
195.64000000000001,0.0020000000000000018
195.68,-0.003999999999999997
195.72,-0.003999999999999997
195.76,-0.0020000000000000018
195.8,-0.0020000000000000018
195.84,-0.003999999999999997
195.88,-0.0020000000000000018
195.92000000000002,0.0020000000000000018
195.96,0.0020000000000000018
196.0,0.006000000000000005
196.04,0.006000000000000005
196.08,0.0020000000000000018
196.12,-0.0020000000000000018
196.16,-0.0020000000000000018
196.20000000000002,0.0
196.24,0.0
196.28,-0.0020000000000000018
196.32,-0.0020000000000000018
196.36,-0.003999999999999997
196.4,-0.005999999999999998
196.44,-0.003999999999999997
196.48000000000002,-0.003999999999999997
196.52,-0.0020000000000000018
196.56,-0.0020000000000000018
196.6,-0.0020000000000000018
196.64000000000001,0.0020000000000000018
196.68,0.006000000000000005
196.72,0.0020000000000000018
196.76,-0.003999999999999997
196.8,-0.003999999999999997
196.84,0.0
196.88,0.0
196.92000000000002,-0.003999999999999997
196.96,-0.0020000000000000018
197.0,0.0020000000000000018
197.04,-0.0020000000000000018
197.08,-0.003999999999999997
197.12,-0.003999999999999997
197.16,-0.003999999999999997
197.20000000000002,-0.0020000000000000018
197.24,0.006000000000000005
197.28,0.0040000000000000036
197.32,0.0020000000000000018
197.36,0.0040000000000000036
197.4,0.0020000000000000018
197.44,0.0020000000000000018
197.48000000000002,0.0020000000000000018
197.52,0.0020000000000000018
197.56,-0.0020000000000000018
197.6,-0.0020000000000000018
197.64000000000001,0.0
197.68,-0.003999999999999997
197.72,-0.005999999999999998
197.76,-0.003999999999999997
197.8,-0.005999999999999998
197.84,-0.005999999999999998
197.88,0.0
197.92000000000002,0.006000000000000005
197.96,0.0020000000000000018
198.0,-0.003999999999999997
198.04,0.0020000000000000018
198.08,0.0020000000000000018
198.12,-0.005999999999999998
198.16,-0.005999999999999998
198.20000000000002,0.0
198.24,0.0
198.28,-0.0020000000000000018
198.32,-0.0020000000000000018
198.36,-0.005999999999999998
198.4,-0.008
198.44,-0.003999999999999997
198.48000000000002,-0.0020000000000000018
198.52,-0.0020000000000000018
198.56,0.0020000000000000018
198.6,0.0040000000000000036
198.64000000000001,0.0020000000000000018
198.68,0.0040000000000000036
198.72,0.006000000000000005
198.76,0.0040000000000000036
198.8,-0.0020000000000000018
198.84,0.0040000000000000036
198.88,0.006000000000000005
198.92000000000002,0.0020000000000000018
198.96,-0.0020000000000000018
199.0,-0.0020000000000000018
199.04,-0.005999999999999998
199.08,-0.005999999999999998
199.12,-0.0020000000000000018
199.16,0.0040000000000000036
199.20000000000002,0.0020000000000000018
199.24,-0.0020000000000000018
199.28,0.0040000000000000036
199.32,0.0020000000000000018
199.36,-0.003999999999999997
199.4,-0.003999999999999997
199.44,0.0020000000000000018
199.48000000000002,0.0020000000000000018
199.52,0.0
199.56,0.0020000000000000018
199.6,-0.003999999999999997
199.64000000000001,-0.008
199.68,-0.005999999999999998
199.72,-0.003999999999999997
199.76,-0.005999999999999998
199.8,-0.005999999999999998
199.84,-0.003999999999999997
199.88,-0.0020000000000000018
199.92000000000002,0.0
199.96,0.0020000000000000018
200.0,-0.0020000000000000018
200.04,-0.0020000000000000018
200.08,0.0040000000000000036
200.12,0.010000000000000002
200.16,0.0040000000000000036
200.20000000000002,0.0
200.24,0.0020000000000000018
200.28,-0.0020000000000000018
200.32,-0.005999999999999998
200.36,-0.003999999999999997
200.4,0.0020000000000000018
200.44,-0.0020000000000000018
200.48000000000002,0.0
200.52,0.006000000000000005
200.56,0.0020000000000000018
200.6,-0.0020000000000000018
200.64000000000001,-0.0020000000000000018
200.68,0.0020000000000000018
200.72,0.0040000000000000036
200.76,0.0
200.8,0.006000000000000005
200.84,0.0020000000000000018
200.88,-0.0020000000000000018
200.92000000000002,-0.0020000000000000018
200.96,-0.0020000000000000018
201.0,-0.005999999999999998
201.04,-0.005999999999999998
201.08,-0.003999999999999997
201.12,-0.003999999999999997
201.16,-0.0020000000000000018
201.20000000000002,-0.0020000000000000018
201.24,-0.003999999999999997
201.28,-0.005999999999999998
201.32,0.0
201.36,0.006000000000000005
201.4,0.0020000000000000018
201.44,0.0
201.48000000000002,0.006000000000000005
201.52,0.0020000000000000018
201.56,-0.005999999999999998
201.6,-0.003999999999999997
201.64000000000001,0.0
201.68,-0.003999999999999997
201.72,-0.003999999999999997
201.76,0.0040000000000000036
201.8,-0.0020000000000000018
201.84,-0.003999999999999997
201.88,-0.0020000000000000018
201.92000000000002,0.0020000000000000018
201.96,0.0
202.0,-0.0020000000000000018
202.04,0.0020000000000000018
202.08,0.0020000000000000018
202.12,0.0020000000000000018
202.16,0.0040000000000000036
202.20000000000002,0.0020000000000000018
202.24,-0.003999999999999997
202.28,-0.003999999999999997
202.32,-0.003999999999999997
202.36,-0.003999999999999997
202.4,-0.0020000000000000018
202.44,-0.0020000000000000018
202.48000000000002,-0.005999999999999998
202.52,-0.003999999999999997
202.56,0.0020000000000000018
202.6,-0.0020000000000000018
202.64000000000001,-0.003999999999999997
202.68,0.0020000000000000018
202.72,0.006000000000000005
202.76,0.0020000000000000018
202.8,0.0
202.84,0.0020000000000000018
202.88,-0.0020000000000000018
202.92000000000002,-0.003999999999999997
202.96,-0.0020000000000000018
203.0,0.0020000000000000018
203.04,-0.0020000000000000018
203.08,-0.0020000000000000018
203.12,0.0020000000000000018
203.16,0.0
203.20000000000002,-0.0020000000000000018
203.24,-0.0020000000000000018
203.28,-0.0020000000000000018
203.32,0.0
203.36,0.0040000000000000036
203.4,0.008
203.44,0.0040000000000000036
203.48000000000002,0.0020000000000000018
203.52,-0.0020000000000000018
203.56,-0.0020000000000000018
203.6,-0.0020000000000000018
203.64000000000001,0.0020000000000000018
203.68,-0.003999999999999997
203.72,-0.009999999999999995
203.76,-0.003999999999999997
203.8,-0.0020000000000000018
203.84,-0.005999999999999998
203.88,-0.009999999999999995
203.92000000000002,-0.0020000000000000018
203.96,0.0020000000000000018
204.0,0.0
204.04,0.0020000000000000018
204.08,0.0020000000000000018
204.12,-0.003999999999999997
204.16,-0.0020000000000000018
204.20000000000002,-0.0020000000000000018
204.24,-0.0020000000000000018
204.28,-0.003999999999999997
204.32,-0.0020000000000000018
204.36,0.0020000000000000018
204.4,-0.0020000000000000018
204.44,-0.0020000000000000018
204.48000000000002,-0.003999999999999997
204.52,-0.005999999999999998
204.56,-0.003999999999999997
204.6,0.0020000000000000018
204.64000000000001,0.0040000000000000036
204.68,0.006000000000000005
204.72,0.0040000000000000036
204.76,0.0020000000000000018
204.8,0.0020000000000000018
204.84,0.006000000000000005
204.88,0.0040000000000000036
204.92000000000002,0.0
204.96,-0.0020000000000000018
205.0,0.0020000000000000018
205.04,0.0020000000000000018
205.08,-0.005999999999999998
205.12,-0.009999999999999995
205.16,-0.003999999999999997
205.20000000000002,-0.0020000000000000018
205.24,-0.0020000000000000018
205.28,0.0020000000000000018
205.32,0.0020000000000000018
205.36,0.0
205.4,0.0
205.44,0.0
205.48000000000002,-0.0020000000000000018
205.52,-0.003999999999999997
205.56,-0.0020000000000000018
205.6,0.0020000000000000018
205.64000000000001,0.0020000000000000018
205.68,-0.0020000000000000018
205.72,-0.0020000000000000018
205.76,-0.005999999999999998
205.8,-0.005999999999999998
205.84,-0.003999999999999997
205.88,0.0020000000000000018
205.92000000000002,-0.0020000000000000018
205.96,-0.0020000000000000018
206.0,0.0020000000000000018
206.04,0.0020000000000000018
206.08,0.0040000000000000036
206.12,0.006000000000000005
206.16,0.0020000000000000018
206.20000000000002,0.0020000000000000018
206.24,0.006000000000000005
206.28,0.0040000000000000036
206.32,-0.003999999999999997
206.36,-0.005999999999999998
206.4,-0.0020000000000000018
206.44,-0.0020000000000000018
206.48000000000002,-0.005999999999999998
206.52,-0.003999999999999997
206.56,0.0020000000000000018
206.6,0.0020000000000000018
206.64000000000001,-0.0020000000000000018
206.68,0.0020000000000000018
206.72,-0.0020000000000000018
206.76,-0.003999999999999997
206.8,0.0
206.84,0.0040000000000000036
206.88,0.0020000000000000018
206.92000000000002,0.0020000000000000018
206.96,0.0020000000000000018
207.0,-0.0020000000000000018
207.04,-0.005999999999999998
207.08,-0.003999999999999997
207.12,-0.0020000000000000018
207.16,-0.003999999999999997
207.20000000000002,-0.003999999999999997
207.24,-0.0020000000000000018
207.28,-0.0020000000000000018
207.32,-0.0020000000000000018
207.36,0.0
207.4,-0.0020000000000000018
207.44,0.0020000000000000018
207.48000000000002,0.010000000000000002
207.52,0.008
207.56,-0.0020000000000000018
207.6,0.0
207.64000000000001,0.0040000000000000036
207.68,-0.0020000000000000018
207.72,-0.008
207.76,-0.003999999999999997
207.8,0.0
207.84,-0.0020000000000000018
207.88,-0.0020000000000000018
207.92000000000002,0.0020000000000000018
207.96,-0.003999999999999997
208.0,-0.005999999999999998
208.04,0.0
208.08,0.0020000000000000018
208.12,0.0
208.16,0.0020000000000000018
208.20000000000002,0.0020000000000000018
208.24,-0.0020000000000000018
208.28,-0.0020000000000000018
208.32,-0.0020000000000000018
208.36,-0.003999999999999997
208.4,-0.005999999999999998
208.44,-0.003999999999999997
208.48000000000002,-0.0020000000000000018
208.52,-0.003999999999999997
208.56,-0.0020000000000000018
208.6,-0.0020000000000000018
208.64000000000001,-0.005999999999999998
208.68,-0.0020000000000000018
208.72,0.006000000000000005
208.76,0.0040000000000000036
208.8,0.0020000000000000018
208.84,0.006000000000000005
208.88,0.010000000000000002
208.92000000000002,0.0
208.96,-0.003999999999999997
209.0,-0.0020000000000000018
209.04,-0.0020000000000000018
209.08,-0.0020000000000000018
209.12,0.006000000000000005
209.16,0.0020000000000000018
209.20000000000002,-0.0020000000000000018
209.24,-0.003999999999999997
209.28,0.0
209.32,0.0
209.36,-0.0020000000000000018
209.4,0.0
209.44,0.0020000000000000018
209.48000000000002,0.0020000000000000018
209.52,0.0020000000000000018
209.56,0.0020000000000000018
209.6,-0.0020000000000000018
209.64000000000001,-0.003999999999999997
209.68,-0.0020000000000000018
209.72,-0.003999999999999997
209.76,-0.003999999999999997
209.8,-0.003999999999999997
209.84,-0.005999999999999998
209.88,-0.008
209.92000000000002,-0.003999999999999997
209.96,-0.0020000000000000018
210.0,-0.003999999999999997
210.04,-0.003999999999999997
210.08,0.0020000000000000018
210.12,0.006000000000000005
210.16,0.0020000000000000018
210.20000000000002,-0.0020000000000000018
210.24,-0.0020000000000000018
210.28,-0.0020000000000000018
210.32,-0.0020000000000000018
210.36,0.0020000000000000018
210.4,0.0
210.44,-0.0020000000000000018
210.48000000000002,0.0
210.52,0.0
210.56,0.0020000000000000018
210.6,-0.003999999999999997
210.64000000000001,-0.003999999999999997
210.68,0.0
210.72,0.0020000000000000018
210.76,0.0020000000000000018
210.8,0.006000000000000005
210.84,0.006000000000000005
210.88,0.0020000000000000018
210.92000000000002,-0.0020000000000000018
210.96,0.0
211.0,0.0
211.04,0.0
211.08,-0.003999999999999997
211.12,-0.003999999999999997
211.16,-0.003999999999999997
211.20000000000002,-0.003999999999999997
211.24,-0.009999999999999995
211.28,-0.009999999999999995
211.32,0.0
211.36,0.0040000000000000036
211.4,0.0020000000000000018
211.44,-0.0020000000000000018
211.48000000000002,0.0020000000000000018
211.52,-0.0020000000000000018
211.56,-0.0020000000000000018
211.6,0.0020000000000000018
211.64000000000001,0.0020000000000000018
211.68,-0.0020000000000000018
211.72,0.0
211.76,0.0020000000000000018
211.8,-0.003999999999999997
211.84,-0.008
211.88,-0.003999999999999997
211.92000000000002,0.0
211.96,-0.0020000000000000018
212.0,0.0020000000000000018
212.04,0.0040000000000000036
212.08,0.0020000000000000018
212.12,0.0020000000000000018
212.16,0.0020000000000000018
212.20000000000002,0.0020000000000000018
212.24,0.0020000000000000018
212.28,0.0040000000000000036
212.32,0.0020000000000000018
212.36,-0.0020000000000000018
212.4,-0.0020000000000000018
212.44,-0.0020000000000000018
212.48000000000002,-0.009999999999999995
212.52,-0.009999999999999995
212.56,0.0
212.6,-0.0020000000000000018
212.64000000000001,-0.003999999999999997
212.68,0.0
212.72,0.0020000000000000018
212.76,-0.0020000000000000018
212.8,0.0
212.84,0.0020000000000000018
212.88,-0.0020000000000000018
212.92000000000002,-0.0020000000000000018
212.96,0.0040000000000000036
213.0,0.006000000000000005
213.04,0.0
213.08,-0.003999999999999997
213.12,-0.0020000000000000018
213.16,-0.003999999999999997
213.20000000000002,-0.005999999999999998
213.24,0.0
213.28,0.0
213.32,0.0
213.36,0.0020000000000000018
213.4,0.0020000000000000018
213.44,-0.0020000000000000018
213.48000000000002,0.0020000000000000018
213.52,0.006000000000000005
213.56,0.0040000000000000036
213.6,0.0020000000000000018
213.64000000000001,0.006000000000000005
213.68,0.0
213.72,-0.005999999999999998
213.76,-0.003999999999999997
213.8,-0.0020000000000000018
213.84,-0.005999999999999998
213.88,-0.008
213.92000000000002,-0.0020000000000000018
213.96,-0.0020000000000000018
214.0,-0.003999999999999997
214.04,-0.0020000000000000018
214.08,-0.0020000000000000018
214.12,-0.005999999999999998
214.16,-0.005999999999999998
214.20000000000002,0.0020000000000000018
214.24,0.0040000000000000036
214.28,0.0
214.32,0.0
214.36,0.0
214.4,-0.0020000000000000018
214.44,-0.003999999999999997
214.48000000000002,-0.003999999999999997
214.52,-0.003999999999999997
214.56,-0.0020000000000000018
214.6,0.0020000000000000018
214.64000000000001,0.0
214.68,-0.0020000000000000018
214.72,0.0020000000000000018
214.76,0.0020000000000000018
214.8,0.0020000000000000018
214.84,0.006000000000000005
214.88,0.010000000000000002
214.92000000000002,0.0020000000000000018
214.96,0.0
215.0,0.0020000000000000018
215.04,0.0020000000000000018
215.08,-0.0020000000000000018
215.12,-0.003999999999999997
215.16,-0.0020000000000000018
215.20000000000002,0.0
215.24,0.0
215.28,0.0
215.32,-0.003999999999999997
215.36,-0.005999999999999998
215.4,-0.005999999999999998
215.44,0.0
215.48000000000002,0.0020000000000000018
215.52,-0.0020000000000000018
215.56,0.0
215.6,0.0020000000000000018
215.64000000000001,0.0020000000000000018
215.68,-0.0020000000000000018
215.72,-0.003999999999999997
215.76,-0.0020000000000000018
215.8,-0.0020000000000000018
215.84,-0.003999999999999997
215.88,-0.003999999999999997
215.92000000000002,-0.003999999999999997
215.96,-0.005999999999999998
216.0,-0.003999999999999997
216.04,-0.0020000000000000018
216.08,0.0020000000000000018
216.12,0.0040000000000000036
216.16,0.0020000000000000018
216.20000000000002,0.0020000000000000018
216.24,0.006000000000000005
216.28,0.006000000000000005
216.32,-0.0020000000000000018
216.36,-0.003999999999999997
216.4,-0.0020000000000000018
216.44,0.0020000000000000018
216.48000000000002,0.0020000000000000018
216.52,0.0020000000000000018
216.56,-0.0020000000000000018
216.6,-0.005999999999999998
216.64000000000001,-0.003999999999999997
216.68,0.0
216.72,-0.0020000000000000018
216.76,-0.003999999999999997
216.8,0.0
216.84,0.0020000000000000018
216.88,0.0020000000000000018
216.92000000000002,0.0020000000000000018
216.96,0.0020000000000000018
217.0,0.0
217.04,-0.0020000000000000018
217.08,-0.0020000000000000018
217.12,-0.0020000000000000018
217.16,-0.003999999999999997
217.20000000000002,-0.003999999999999997
217.24,-0.003999999999999997
217.28,-0.005999999999999998
217.32,-0.0020000000000000018
217.36,0.0
217.4,-0.0020000000000000018
217.44,0.0
217.48000000000002,0.008
217.52,0.006000000000000005
217.56,-0.003999999999999997
217.6,-0.0020000000000000018
217.64000000000001,0.0020000000000000018
217.68,0.0
217.72,0.0020000000000000018
217.76,0.006000000000000005
217.8,0.0
217.84,-0.003999999999999997
217.88,-0.0020000000000000018
217.92000000000002,0.0
217.96,-0.005999999999999998
218.0,-0.005999999999999998
218.04,-0.0020000000000000018
218.08,0.0
218.12,0.0
218.16,0.0020000000000000018
218.20000000000002,0.0020000000000000018
218.24,-0.0020000000000000018
218.28,0.0
218.32,0.0
218.36,-0.003999999999999997
218.4,-0.0020000000000000018
218.44,0.0020000000000000018
218.48000000000002,-0.005999999999999998
218.52,-0.003999999999999997
218.56,-0.003999999999999997
218.6,-0.005999999999999998
218.64000000000001,-0.008
218.68,-0.0020000000000000018
218.72,0.0040000000000000036
218.76,0.0020000000000000018
218.8,-0.0020000000000000018
218.84,0.0020000000000000018
218.88,0.0020000000000000018
218.92000000000002,0.0020000000000000018
218.96,0.0040000000000000036
219.0,0.0040000000000000036
219.04,0.0020000000000000018
219.08,0.0040000000000000036
219.12,0.006000000000000005
219.16,0.0020000000000000018
219.20000000000002,-0.003999999999999997
219.24,-0.005999999999999998
219.28,-0.003999999999999997
219.32,-0.0020000000000000018
219.36,-0.0020000000000000018
219.4,0.0020000000000000018
219.44,0.0
219.48000000000002,0.0020000000000000018
219.52,0.0020000000000000018
219.56,0.0
219.6,-0.0020000000000000018
219.64000000000001,0.0020000000000000018
219.68,0.0020000000000000018
219.72,-0.0020000000000000018
219.76,-0.0020000000000000018
219.8,-0.003999999999999997
219.84,-0.005999999999999998
219.88,-0.009999999999999995
219.92000000000002,-0.003999999999999997
219.96,0.0
220.0,-0.005999999999999998
220.04,-0.005999999999999998
220.08,0.0
220.12,0.0
220.16,-0.003999999999999997
220.20000000000002,-0.003999999999999997
220.24,-0.0020000000000000018
220.28,-0.0020000000000000018
220.32,0.0020000000000000018
220.36,0.008
220.4,0.0040000000000000036
220.44,-0.0020000000000000018
220.48000000000002,-0.003999999999999997
220.52,-0.0020000000000000018
220.56,-0.003999999999999997
220.6,-0.003999999999999997
220.64000000000001,0.0
220.68,0.0
220.72,0.0020000000000000018
220.76,0.0020000000000000018
220.8,0.0
220.84,-0.0020000000000000018
220.88,0.0020000000000000018
220.92000000000002,0.0040000000000000036
220.96,0.0020000000000000018
221.0,0.0020000000000000018
221.04,0.0020000000000000018
221.08,-0.0020000000000000018
221.12,-0.005999999999999998
221.16,-0.0020000000000000018
221.20000000000002,-0.0020000000000000018
221.24,-0.005999999999999998
221.28,-0.005999999999999998
221.32,0.0020000000000000018
221.36,-0.0020000000000000018
221.4,-0.005999999999999998
221.44,-0.005999999999999998
221.48000000000002,-0.003999999999999997
221.52,-0.003999999999999997
221.56,0.0020000000000000018
221.6,0.006000000000000005
221.64000000000001,0.0040000000000000036
221.68,0.0020000000000000018
221.72,0.0020000000000000018
221.76,0.0020000000000000018
221.8,-0.003999999999999997
221.84,-0.003999999999999997
221.88,-0.0020000000000000018
221.92000000000002,-0.0020000000000000018
221.96,-0.003999999999999997
222.0,0.0020000000000000018
222.04,-0.0020000000000000018
222.08,-0.0020000000000000018
222.12,0.0
222.16,0.0
222.20000000000002,0.0020000000000000018
222.24,0.006000000000000005
222.28,0.006000000000000005
222.32,-0.0020000000000000018
222.36,-0.0020000000000000018
222.4,0.0040000000000000036
222.44,-0.0020000000000000018
222.48000000000002,-0.009999999999999995
222.52,-0.0020000000000000018
222.56,0.0040000000000000036
222.6,-0.0020000000000000018
222.64000000000001,-0.005999999999999998
222.68,-0.005999999999999998
222.72,-0.005999999999999998
222.76,-0.005999999999999998
222.8,-0.0020000000000000018
222.84,0.0
222.88,0.0
222.92000000000002,0.006000000000000005
222.96,0.006000000000000005
223.0,0.0020000000000000018
223.04,0.0020000000000000018
223.08,0.0
223.12,-0.0020000000000000018
223.16,-0.003999999999999997
223.20000000000002,-0.0020000000000000018
223.24,0.0020000000000000018
223.28,-0.0020000000000000018
223.32,-0.0020000000000000018
223.36,-0.0020000000000000018
223.4,-0.0020000000000000018
223.44,0.0020000000000000018
223.48000000000002,0.006000000000000005
223.52,0.0040000000000000036
223.56,0.0
223.6,0.006000000000000005
223.64000000000001,0.006000000000000005
223.68,-0.003999999999999997
223.72,-0.003999999999999997
223.76,0.0020000000000000018
223.8,0.0040000000000000036
223.84,0.0020000000000000018
223.88,-0.003999999999999997
223.92000000000002,-0.003999999999999997
223.96,-0.005999999999999998
224.0,-0.005999999999999998
224.04,-0.005999999999999998
224.08,-0.005999999999999998
224.12,-0.005999999999999998
224.16,-0.0020000000000000018
224.20000000000002,0.0020000000000000018
224.24,0.0020000000000000018
224.28,0.0020000000000000018
224.32,-0.0020000000000000018
224.36,-0.0020000000000000018
224.4,-0.0020000000000000018
224.44,-0.0020000000000000018
224.48000000000002,-0.0020000000000000018
224.52,-0.0020000000000000018
224.56,-0.003999999999999997
224.6,-0.003999999999999997
224.64000000000001,-0.003999999999999997
224.68,-0.0020000000000000018
224.72,0.0
224.76,-0.0020000000000000018
224.8,0.0
224.84,0.006000000000000005
224.88,0.006000000000000005
224.92000000000002,-0.0020000000000000018
224.96,0.0
225.0,0.006000000000000005
225.04,0.006000000000000005
225.08,0.0020000000000000018
225.12,0.0
225.16,0.0040000000000000036
225.20000000000002,0.0020000000000000018
225.24,-0.0020000000000000018
225.28,-0.003999999999999997
225.32,-0.005999999999999998
225.36,-0.008
225.4,-0.003999999999999997
225.44,0.0020000000000000018
225.48000000000002,0.0020000000000000018
225.52,0.0020000000000000018
225.56,0.0020000000000000018
225.6,0.0020000000000000018
225.64000000000001,-0.0020000000000000018
225.68,0.0
225.72,-0.0020000000000000018
225.76,-0.003999999999999997
225.8,-0.0020000000000000018
225.84,-0.0020000000000000018
225.88,-0.0020000000000000018
225.92000000000002,-0.003999999999999997
225.96,-0.003999999999999997
226.0,-0.005999999999999998
226.04,-0.003999999999999997
226.08,0.0020000000000000018
226.12,0.0020000000000000018
226.16,-0.003999999999999997
226.20000000000002,-0.003999999999999997
226.24,0.006000000000000005
226.28,0.0040000000000000036
226.32,-0.003999999999999997
226.36,0.0020000000000000018
226.4,0.008
226.44,0.0040000000000000036
226.48000000000002,0.0020000000000000018
226.52,0.0
226.56,-0.003999999999999997
226.6,-0.009999999999999995
226.64000000000001,-0.005999999999999998
226.68,0.0
226.72,-0.0020000000000000018
226.76,-0.0020000000000000018
226.8,0.0020000000000000018
226.84,0.0
226.88,0.0
226.92000000000002,0.0020000000000000018
226.96,0.0020000000000000018
227.0,-0.003999999999999997
227.04,-0.0020000000000000018
227.08,0.0020000000000000018
227.12,0.0020000000000000018
227.16,-0.003999999999999997
227.20000000000002,-0.003999999999999997
227.24,-0.005999999999999998
227.28,-0.003999999999999997
227.32,0.0020000000000000018
227.36,-0.0020000000000000018
227.4,-0.003999999999999997
227.44,-0.0020000000000000018
227.48000000000002,0.006000000000000005
227.52,-0.003999999999999997
227.56,-0.005999999999999998
227.6,0.0020000000000000018
227.64000000000001,0.010000000000000002
227.68,0.006000000000000005
227.72,0.006000000000000005
227.76,0.006000000000000005
227.8,0.0
227.84,-0.003999999999999997
227.88,-0.0020000000000000018
227.92000000000002,-0.003999999999999997
227.96,-0.005999999999999998
228.0,-0.0020000000000000018
228.04,0.0
228.08,0.0
228.12,0.0020000000000000018
228.16,0.0020000000000000018
228.20000000000002,-0.0020000000000000018
228.24,-0.003999999999999997
228.28,-0.0020000000000000018
228.32,0.0020000000000000018
228.36,0.0020000000000000018
228.4,0.0
228.44,-0.003999999999999997
228.48000000000002,-0.005999999999999998
228.52,-0.003999999999999997
228.56,-0.0020000000000000018
228.6,-0.003999999999999997
228.64000000000001,-0.005999999999999998
228.68,-0.0020000000000000018
228.72,0.0
228.76,-0.005999999999999998
228.8,-0.009999999999999995
228.84,-0.0020000000000000018
228.88,0.0040000000000000036
228.92000000000002,0.0020000000000000018
228.96,0.0020000000000000018
229.0,0.006000000000000005
229.04,0.0040000000000000036
229.08,0.0020000000000000018
229.12,0.0020000000000000018
229.16,-0.0020000000000000018
229.20000000000002,-0.003999999999999997
229.24,-0.0020000000000000018
229.28,0.0
229.32,0.0020000000000000018
229.36,0.0020000000000000018
229.4,0.0020000000000000018
229.44,0.0
229.48000000000002,-0.0020000000000000018
229.52,0.008
229.56,0.020000000000000004
229.6,0.038000000000000006
229.64000000000001,0.060000000000000005
229.68,0.08
229.72,0.09
229.76,0.094
229.8,0.094
229.84,0.09
229.88,0.08600000000000001
229.92000000000002,0.09
229.96,0.09
230.0,0.082
230.04,0.082
230.08,0.09
230.12,0.092
230.16,0.09
230.20000000000002,0.092
230.24,0.1
230.28,0.10200000000000001
230.32,0.10200000000000001
230.36,0.10200000000000001
230.4,0.098
230.44,0.096
230.48000000000002,0.098
230.52,0.10200000000000001
230.56,0.10200000000000001
230.6,0.10200000000000001
230.64000000000001,0.10400000000000001
230.68,0.10200000000000001
230.72,0.10400000000000001
230.76,0.10800000000000001
230.8,0.10800000000000001
230.84,0.10600000000000001
230.88,0.10800000000000001
230.92000000000002,0.11
230.96,0.112
231.0,0.114
231.04,0.112
231.08,0.10800000000000001
231.12,0.11
231.16,0.116
231.20000000000002,0.114
231.24,0.10600000000000001
231.28,0.10800000000000001
231.32,0.11
231.36,0.10600000000000001
231.4,0.10600000000000001
231.44,0.10800000000000001
231.48000000000002,0.114
231.52,0.114
231.56,0.11800000000000001
231.6,0.11800000000000001
231.64000000000001,0.114
231.68,0.114
231.72,0.114
231.76,0.116
231.8,0.114
231.84,0.114
231.88,0.114
231.92000000000002,0.114
231.96,0.116
232.0,0.11800000000000001
232.04,0.114
232.08,0.11
232.12,0.114
232.16,0.116
232.20000000000002,0.11800000000000001
232.24,0.12000000000000001
232.28,0.11800000000000001
232.32,0.114
232.36,0.116
232.4,0.12200000000000001
232.44,0.11800000000000001
232.48000000000002,0.114
232.52,0.116
232.56,0.11800000000000001
232.6,0.114
232.64000000000001,0.10800000000000001
232.68,0.11
232.72,0.112
232.76,0.114
232.8,0.116
232.84,0.11800000000000001
232.88,0.11800000000000001
232.92000000000002,0.116
232.96,0.11800000000000001
233.0,0.116
233.04,0.114
233.08,0.114
233.12,0.116
233.16,0.11800000000000001
233.20000000000002,0.11800000000000001
233.24,0.11800000000000001
233.28,0.114
233.32,0.11
233.36,0.112
233.4,0.11800000000000001
233.44,0.11800000000000001
233.48000000000002,0.11800000000000001
233.52,0.11800000000000001
233.56,0.116
233.6,0.12000000000000001
233.64000000000001,0.12200000000000001
233.68,0.12000000000000001
233.72,0.11800000000000001
233.76,0.124
233.8,0.124
233.84,0.116
233.88,0.114
233.92000000000002,0.114
233.96,0.114
234.0,0.11
234.04,0.114
234.08,0.116
234.12,0.116
234.16,0.11800000000000001
234.20000000000002,0.11800000000000001
234.24,0.11800000000000001
234.28,0.10800000000000001
234.32,0.11
234.36,0.114
234.4,0.114
234.44,0.116
234.48000000000002,0.11800000000000001
234.52,0.114
234.56,0.11
234.6,0.114
234.64000000000001,0.116
234.68,0.112
234.72,0.114
234.76,0.114
234.8,0.114
234.84,0.116
234.88,0.12000000000000001
234.92000000000002,0.114
234.96,0.116
235.0,0.124
235.04,0.126
235.08,0.11800000000000001
235.12,0.116
235.16,0.11800000000000001
235.20000000000002,0.11800000000000001
235.24,0.112
235.28,0.114
235.32,0.114
235.36,0.114
235.4,0.116
235.44,0.11800000000000001
235.48000000000002,0.116
235.52,0.11
235.56,0.114
235.6,0.116
235.64000000000001,0.11800000000000001
235.68,0.12000000000000001
235.72,0.11800000000000001
235.76,0.114
235.8,0.114
235.84,0.116
235.88,0.114
235.92000000000002,0.112
235.96,0.112
236.0,0.11
236.04,0.112
236.08,0.114
236.12,0.114
236.16,0.11
236.20000000000002,0.114
236.24,0.12000000000000001
236.28,0.11800000000000001
236.32,0.114
236.36,0.11800000000000001
236.4,0.12200000000000001
236.44,0.116
236.48000000000002,0.112
236.52,0.114
236.56,0.112
236.6,0.114
236.64000000000001,0.116
236.68,0.11800000000000001
236.72,0.114
236.76,0.114
236.8,0.114
236.84,0.114
236.88,0.114
236.92000000000002,0.114
236.96,0.116
237.0,0.114
237.04,0.11800000000000001
237.08,0.11800000000000001
237.12,0.116
237.16,0.114
237.20000000000002,0.11
237.24,0.11
237.28,0.112
237.32,0.114
237.36,0.11
237.4,0.10800000000000001
237.44,0.11
237.48000000000002,0.114
237.52,0.114
237.56,0.114
237.6,0.11800000000000001
237.64000000000001,0.12200000000000001
237.68,0.114
237.72,0.114
237.76,0.114
237.8,0.114
237.84,0.114
237.88,0.116
237.92000000000002,0.116
237.96,0.114
238.0,0.114
238.04,0.116
238.08,0.116
238.12,0.114
238.16,0.11
238.20000000000002,0.114
238.24,0.114
238.28,0.116
238.32,0.12000000000000001
238.36,0.11800000000000001
238.4,0.114
238.44,0.114
238.48000000000002,0.114
238.52,0.114
238.56,0.114
238.6,0.112
238.64000000000001,0.10800000000000001
238.68,0.11
238.72,0.11
238.76,0.10600000000000001
238.8,0.10600000000000001
238.84,0.11
238.88,0.11800000000000001
238.92000000000002,0.114
238.96,0.114
239.0,0.116
239.04,0.114
239.08,0.11
239.12,0.114
239.16,0.114
239.20000000000002,0.11
239.24,0.114
239.28,0.11800000000000001
239.32,0.116
239.36,0.11
239.4,0.11
239.44,0.11
239.48000000000002,0.11
239.52,0.116
239.56,0.11800000000000001
239.6,0.116
239.64000000000001,0.114
239.68,0.116
239.72,0.116
239.76,0.116
239.8,0.116
239.84,0.114
239.88,0.112
239.92000000000002,0.114
239.96,0.114
240.0,0.10600000000000001
240.04,0.10600000000000001
240.08,0.11
240.12,0.114
240.16,0.11
240.20000000000002,0.114
240.24,0.116
240.28,0.114
240.32,0.11
240.36,0.114
240.4,0.112
240.44,0.10800000000000001
240.48000000000002,0.114
240.52,0.11800000000000001
240.56,0.114
240.6,0.10800000000000001
240.64000000000001,0.11
240.68,0.10600000000000001
240.72,0.10800000000000001
240.76,0.11
240.8,0.112
240.84,0.112
240.88,0.112
240.92000000000002,0.116
240.96,0.11800000000000001
241.0,0.116
241.04,0.116
241.08,0.114
241.12,0.114
241.16,0.116
241.20000000000002,0.114
241.24,0.10800000000000001
241.28,0.10800000000000001
241.32,0.11
241.36,0.10800000000000001
241.4,0.10600000000000001
241.44,0.11
241.48000000000002,0.114
241.52,0.112
241.56,0.112
241.6,0.112
241.64000000000001,0.11
241.68,0.11
241.72,0.114
241.76,0.116
241.8,0.114
241.84,0.11
241.88,0.11
241.92000000000002,0.112
241.96,0.11
242.0,0.10800000000000001
242.04,0.11
242.08,0.10600000000000001
242.12,0.11
242.16,0.114
242.20000000000002,0.116
242.24,0.114
242.28,0.112
242.32,0.114
242.36,0.114
242.4,0.11800000000000001
242.44,0.11800000000000001
242.48000000000002,0.114
242.52,0.11
242.56,0.114
242.6,0.11
242.64000000000001,0.10600000000000001
242.68,0.10800000000000001
242.72,0.114
242.76,0.11
242.8,0.11
242.84,0.11
242.88,0.10800000000000001
242.92000000000002,0.10600000000000001
242.96,0.112
243.0,0.114
243.04,0.10800000000000001
243.08,0.11
243.12,0.114
243.16,0.114
243.20000000000002,0.10800000000000001
243.24,0.10600000000000001
243.28,0.10600000000000001
243.32,0.10200000000000001
243.36,0.10600000000000001
243.4,0.11
243.44,0.11
243.48000000000002,0.10800000000000001
243.52,0.11
243.56,0.11
243.6,0.112
243.64000000000001,0.11800000000000001
243.68,0.114
243.72,0.112
243.76,0.116
243.8,0.12000000000000001
243.84,0.11
243.88,0.10600000000000001
243.92000000000002,0.112
243.96,0.114
244.0,0.10800000000000001
244.04,0.114
244.08,0.114
244.12,0.11
244.16,0.10800000000000001
244.20000000000002,0.112
244.24,0.10800000000000001
244.28,0.10600000000000001
244.32,0.11
244.36,0.11800000000000001
244.4,0.114
244.44,0.114
244.48000000000002,0.11
244.52,0.10800000000000001
244.56,0.10400000000000001
244.6,0.10600000000000001
244.64000000000001,0.11
244.68,0.10600000000000001
244.72,0.10600000000000001
244.76,0.10600000000000001
244.8,0.10600000000000001
244.84,0.10600000000000001
244.88,0.11
244.92000000000002,0.10800000000000001
244.96,0.10800000000000001
245.0,0.116
245.04,0.11800000000000001
245.08,0.11
245.12,0.10800000000000001
245.16,0.11
245.20000000000002,0.10800000000000001
245.24,0.10600000000000001
245.28,0.11
245.32,0.114
245.36,0.11
245.4,0.10800000000000001
245.44,0.11
245.48000000000002,0.10600000000000001
245.52,0.10400000000000001
245.56,0.10800000000000001
245.6,0.114
245.64000000000001,0.114
245.68,0.112
245.72,0.112
245.76,0.112
245.8,0.11
245.84,0.11
245.88,0.10800000000000001
245.92000000000002,0.10600000000000001
245.96,0.10400000000000001
246.0,0.10600000000000001
246.04,0.10800000000000001
246.08,0.10600000000000001
246.12,0.10400000000000001
246.16,0.10200000000000001
246.20000000000002,0.10600000000000001
246.24,0.11
246.28,0.114
246.32,0.10800000000000001
246.36,0.11
246.4,0.114
246.44,0.11
246.48000000000002,0.10800000000000001
246.52,0.10800000000000001
246.56,0.112
246.6,0.11
246.64000000000001,0.11
246.68,0.11
246.72,0.10800000000000001
246.76000000000002,0.10200000000000001
246.8,0.10600000000000001
246.84,0.10800000000000001
246.88,0.10800000000000001
246.92000000000002,0.10600000000000001
246.96,0.11
247.0,0.112
247.04,0.112
247.08,0.112
247.12,0.11
247.16,0.10600000000000001
247.20000000000002,0.10400000000000001
247.24,0.11
247.28,0.10800000000000001
247.32,0.10600000000000001
247.36,0.10200000000000001
247.4,0.1
247.44,0.10200000000000001
247.48000000000002,0.10600000000000001
247.52,0.10600000000000001
247.56,0.10400000000000001
247.6,0.10600000000000001
247.64000000000001,0.114
247.68,0.10800000000000001
247.72,0.10400000000000001
247.76000000000002,0.11
247.8,0.11
247.84,0.10800000000000001
247.88,0.10800000000000001
247.92000000000002,0.114
247.96,0.10800000000000001
248.0,0.10600000000000001
248.04,0.10600000000000001
248.08,0.10800000000000001
248.12,0.10200000000000001
248.16,0.10400000000000001
248.20000000000002,0.11
248.24,0.11
248.28,0.112
248.32,0.114
248.36,0.11
248.4,0.10600000000000001
248.44,0.11
248.48000000000002,0.114
248.52,0.112
248.56,0.10600000000000001
248.6,0.10600000000000001
248.64000000000001,0.10200000000000001
248.68,0.10600000000000001
248.72,0.10600000000000001
248.76000000000002,0.1
248.8,0.098
248.84,0.10600000000000001
248.88,0.11
248.92000000000002,0.10600000000000001
248.96,0.10200000000000001
249.0,0.10600000000000001
249.04,0.10400000000000001
249.08,0.10200000000000001
249.12,0.10600000000000001
249.16,0.11
249.20000000000002,0.10600000000000001
249.24,0.10600000000000001
249.28,0.10800000000000001
249.32,0.10400000000000001
249.36,0.1
249.4,0.10200000000000001
249.44,0.10400000000000001
249.48000000000002,0.10600000000000001
249.52,0.10600000000000001
249.56,0.11
249.6,0.10600000000000001
249.64000000000001,0.10600000000000001
249.68,0.10800000000000001
249.72,0.114
249.76000000000002,0.11
249.8,0.10800000000000001
249.84,0.10800000000000001
249.88,0.11
249.92000000000002,0.11
249.96,0.10600000000000001
250.0,0.1
250.04,0.1
250.08,0.10600000000000001
250.12,0.10800000000000001
250.16,0.10600000000000001
250.20000000000002,0.10600000000000001
250.24,0.10600000000000001
250.28,0.10200000000000001
250.32,0.10200000000000001
250.36,0.10600000000000001
250.4,0.11
250.44,0.10800000000000001
250.48000000000002,0.10600000000000001
250.52,0.10800000000000001
250.56,0.10600000000000001
250.6,0.10200000000000001
250.64000000000001,0.1
250.68,0.10200000000000001
250.72,0.10200000000000001
250.76000000000002,0.10200000000000001
250.8,0.10400000000000001
250.84,0.10200000000000001
250.88,0.10200000000000001
250.92000000000002,0.10600000000000001
250.96,0.10800000000000001
251.0,0.10600000000000001
251.04,0.10400000000000001
251.08,0.10800000000000001
251.12,0.114
251.16,0.11
251.20000000000002,0.10600000000000001
251.24,0.10200000000000001
251.28,0.1
251.32,0.10600000000000001
251.36,0.10600000000000001
251.4,0.10200000000000001
251.44,0.1
251.48000000000002,0.10600000000000001
251.52,0.10200000000000001
251.56,0.098
251.6,0.10200000000000001
251.64000000000001,0.10600000000000001
251.68,0.10200000000000001
251.72,0.10200000000000001
251.76000000000002,0.10800000000000001
251.8,0.11
251.84,0.10400000000000001
251.88,0.10400000000000001
251.92000000000002,0.10600000000000001
251.96,0.1
252.0,0.1
252.04,0.10200000000000001
252.08,0.10200000000000001
252.12,0.1
252.16,0.10400000000000001
252.20000000000002,0.10400000000000001
252.24,0.1
252.28,0.10200000000000001
252.32,0.10800000000000001
252.36,0.11
252.4,0.10800000000000001
252.44,0.10800000000000001
252.48000000000002,0.10600000000000001
252.52,0.10600000000000001
252.56,0.10800000000000001
252.6,0.10600000000000001
252.64000000000001,0.1
252.68,0.10200000000000001
252.72,0.10600000000000001
252.76000000000002,0.10400000000000001
252.8,0.10200000000000001
252.84,0.10400000000000001
252.88,0.10200000000000001
252.92000000000002,0.098
252.96,0.1
253.0,0.10600000000000001
253.04,0.10600000000000001
253.08,0.10400000000000001
253.12,0.10600000000000001
253.16,0.10600000000000001
253.20000000000002,0.10200000000000001
253.24,0.10200000000000001
253.28,0.1
253.32,0.1
253.36,0.1
253.4,0.10200000000000001
253.44,0.098
253.48000000000002,0.094
253.52,0.096
253.56,0.10200000000000001
253.6,0.10200000000000001
253.64000000000001,0.10200000000000001
253.68,0.10200000000000001
253.72,0.10600000000000001
253.76000000000002,0.10800000000000001
253.8,0.10800000000000001
253.84,0.10200000000000001
253.88,0.1
253.92000000000002,0.10400000000000001
253.96,0.10600000000000001
254.0,0.10600000000000001
254.04,0.10600000000000001
254.08,0.10600000000000001
254.12,0.1
254.16,0.096
254.20000000000002,0.1
254.24,0.10400000000000001
254.28,0.10200000000000001
254.32,0.10200000000000001
254.36,0.10600000000000001
254.4,0.10800000000000001
254.44,0.10600000000000001
254.48000000000002,0.10200000000000001
254.52,0.10200000000000001
254.56,0.10200000000000001
254.6,0.10200000000000001
254.64000000000001,0.10400000000000001
254.68,0.10200000000000001
254.72,0.096
254.76000000000002,0.098
254.8,0.098
254.84,0.094
254.88,0.096
254.92000000000002,0.098
254.96,0.10400000000000001
255.0,0.10600000000000001
255.04,0.10600000000000001
255.08,0.098
255.12,0.096
255.16,0.10200000000000001
255.20000000000002,0.10600000000000001
255.24,0.10200000000000001
255.28,0.10200000000000001
255.32,0.10600000000000001
255.36,0.1
255.4,0.096
255.44,0.1
255.48000000000002,0.10200000000000001
255.52,0.094
255.56,0.094
255.6,0.10200000000000001
255.64000000000001,0.10600000000000001
255.68,0.10200000000000001
255.72,0.10200000000000001
255.76000000000002,0.10200000000000001
255.8,0.1
255.84,0.10200000000000001
255.88,0.10600000000000001
255.92000000000002,0.10200000000000001
255.96,0.1
256.0,0.1
256.04,0.098
256.08,0.092
256.12,0.092
256.16,0.096
256.2,0.098
256.24,0.1
256.28000000000003,0.10200000000000001
256.32,0.096
256.36,0.096
256.4,0.10200000000000001
256.44,0.10200000000000001
256.48,0.1
256.52,0.10200000000000001
256.56,0.10600000000000001
256.6,0.10200000000000001
256.64,0.1
256.68,0.10400000000000001
256.72,0.10200000000000001
256.76,0.092
256.8,0.094
256.84000000000003,0.1
256.88,0.1
256.92,0.098
256.96,0.1
257.0,0.1
257.04,0.098
257.08,0.1
257.12,0.10200000000000001
257.16,0.1
257.2,0.1
257.24,0.10200000000000001
257.28000000000003,0.1
257.32,0.098
257.36,0.094
257.4,0.094
257.44,0.094
257.48,0.096
257.52,0.094
257.56,0.094
257.6,0.096
257.64,0.1
257.68,0.096
257.72,0.092
257.76,0.096
257.8,0.098
257.84000000000003,0.098
257.88,0.10200000000000001
257.92,0.10600000000000001
257.96,0.10200000000000001
258.0,0.096
258.04,0.094
258.08,0.1
258.12,0.098
258.16,0.094
258.2,0.098
258.24,0.1
258.28000000000003,0.098
258.32,0.098
258.36,0.1
258.4,0.098
258.44,0.10200000000000001
258.48,0.10200000000000001
258.52,0.10600000000000001
258.56,0.10200000000000001
258.6,0.1
258.64,0.098
258.68,0.098
258.72,0.094
258.76,0.094
258.8,0.094
258.84000000000003,0.098
258.88,0.098
258.92,0.096
258.96,0.09
259.0,0.09
259.04,0.094
259.08,0.094
259.12,0.098
259.16,0.1
259.2,0.10200000000000001
259.24,0.094
259.28000000000003,0.094
259.32,0.1
259.36,0.094
259.4,0.09
259.44,0.094
259.48,0.098
259.52,0.094
259.56,0.092
259.6,0.094
259.64,0.094
259.68,0.094
259.72,0.098
259.76,0.1
259.8,0.1
259.84000000000003,0.1
259.88,0.1
259.92,0.098
259.96,0.094
260.0,0.094
260.04,0.094
260.08,0.098
260.12,0.10200000000000001
260.16,0.094
260.2,0.09
260.24,0.09
260.28000000000003,0.092
260.32,0.092
260.36,0.094
260.4,0.1
260.44,0.096
260.48,0.094
260.52,0.1
260.56,0.10200000000000001
260.6,0.094
260.64,0.09
260.68,0.094
260.72,0.098
260.76,0.094
260.8,0.092
260.84000000000003,0.092
260.88,0.09
260.92,0.09
260.96,0.094
261.0,0.094
261.04,0.094
261.08,0.098
261.12,0.098
261.16,0.098
261.2,0.096
261.24,0.094
261.28000000000003,0.094
261.32,0.098
261.36,0.1
261.4,0.092
261.44,0.092
261.48,0.094
261.52,0.092
261.56,0.088
261.6,0.09
261.64,0.092
261.68,0.09
261.72,0.092
261.76,0.1
261.8,0.098
261.84000000000003,0.092
261.88,0.092
261.92,0.094
261.96,0.094
262.0,0.094
262.04,0.094
262.08,0.09
262.12,0.09
262.16,0.09
262.2,0.09
262.24,0.088
262.28000000000003,0.09
262.32,0.092
262.36,0.096
262.4,0.096
262.44,0.096
262.48,0.092
262.52,0.094
262.56,0.098
262.6,0.098
262.64,0.094
262.68,0.096
262.72,0.098
262.76,0.094
262.8,0.092
262.84000000000003,0.09
262.88,0.09
262.92,0.08600000000000001
262.96,0.09
263.0,0.094
263.04,0.094
263.08,0.09
263.12,0.09
263.16,0.094
263.2,0.092
263.24,0.092
263.28000000000003,0.094
263.32,0.092
263.36,0.09
263.4,0.09
263.44,0.088
263.48,0.08600000000000001
263.52,0.082
263.56,0.088
263.6,0.09
263.64,0.09
263.68,0.09
263.72,0.09
263.76,0.09
263.8,0.09
263.84000000000003,0.092
263.88,0.09
263.92,0.092
263.96,0.098
264.0,0.094
264.04,0.09
264.08,0.092
264.12,0.092
264.16,0.088
264.2,0.09
264.24,0.094
264.28000000000003,0.092
264.32,0.08600000000000001
264.36,0.088
264.4,0.092
264.44,0.09
264.48,0.09
264.52,0.094
264.56,0.094
264.6,0.092
264.64,0.094
264.68,0.092
264.72,0.08600000000000001
264.76,0.084
264.8,0.09
264.84000000000003,0.088
264.88,0.08600000000000001
264.92,0.088
264.96,0.09
265.0,0.08600000000000001
265.04,0.08600000000000001
265.08,0.08600000000000001
265.12,0.084
265.16,0.09
265.2,0.096
265.24,0.094
265.28000000000003,0.09
265.32,0.092
265.36,0.092
265.4,0.084
265.44,0.088
265.48,0.092
265.52,0.09
265.56,0.082
265.6,0.088
265.64,0.09
265.68,0.08600000000000001
265.72,0.08600000000000001
265.76,0.088
265.8,0.09
265.84000000000003,0.092
265.88,0.092
265.92,0.092
265.96,0.08600000000000001
266.0,0.088
266.04,0.088
266.08,0.08600000000000001
266.12,0.084
266.16,0.08600000000000001
266.2,0.08600000000000001
266.24,0.08600000000000001
266.28000000000003,0.08600000000000001
266.32,0.082
266.36,0.082
266.4,0.08600000000000001
266.44,0.09
266.48,0.09
266.52,0.088
266.56,0.092
266.6,0.09
266.64,0.09
266.68,0.09
266.72,0.092
266.76,0.088
266.8,0.08600000000000001
266.84000000000003,0.09
266.88,0.09
266.92,0.08600000000000001
266.96,0.082
267.0,0.084
267.04,0.08600000000000001
267.08,0.08600000000000001
267.12,0.09
267.16,0.092
267.2,0.09
267.24,0.09
267.28000000000003,0.092
267.32,0.088
267.36,0.082
267.4,0.084
267.44,0.09
267.48,0.08600000000000001
267.52,0.084
267.56,0.08
267.6,0.08
267.64,0.082
267.68,0.082
267.72,0.082
267.76,0.082
267.8,0.084
267.84000000000003,0.08600000000000001
267.88,0.08600000000000001
267.92,0.08600000000000001
267.96,0.09
268.0,0.08600000000000001
268.04,0.082
268.08,0.09
268.12,0.09
268.16,0.084
268.2,0.082
268.24,0.084
268.28000000000003,0.08
268.32,0.082
268.36,0.08600000000000001
268.4,0.088
268.44,0.08600000000000001
268.48,0.09
268.52,0.092
268.56,0.08600000000000001
268.6,0.082
268.64,0.08600000000000001
268.68,0.09
268.72,0.09
268.76,0.08600000000000001
268.8,0.08600000000000001
268.84000000000003,0.082
268.88,0.08600000000000001
268.92,0.082
268.96,0.078
269.0,0.078
269.04,0.084
269.08,0.084
269.12,0.082
269.16,0.084
269.2,0.084
269.24,0.078
269.28000000000003,0.082
269.32,0.09
269.36,0.09
269.4,0.084
269.44,0.084
269.48,0.084
269.52,0.078
269.56,0.078
269.6,0.082
269.64,0.08
269.68,0.082
269.72,0.088
269.76,0.08600000000000001
269.8,0.082
269.84000000000003,0.082
269.88,0.08600000000000001
269.92,0.08600000000000001
269.96,0.08600000000000001
270.0,0.08600000000000001
270.04,0.08600000000000001
270.08,0.084
270.12,0.08600000000000001
270.16,0.082
270.2,0.078
270.24,0.078
270.28000000000003,0.082
270.32,0.082
270.36,0.082
270.4,0.082
270.44,0.078
270.48,0.07600000000000001
270.52,0.08
270.56,0.08600000000000001
270.6,0.08600000000000001
270.64,0.084
270.68,0.08600000000000001
270.72,0.088
270.76,0.082
270.8,0.08
270.84000000000003,0.08
270.88,0.078
270.92,0.078
270.96,0.082
271.0,0.082
271.04,0.08
271.08,0.08
271.12,0.082
271.16,0.082
271.2,0.082
271.24,0.084
271.28000000000003,0.08600000000000001
271.32,0.08600000000000001
271.36,0.08600000000000001
271.4,0.08600000000000001
271.44,0.08
271.48,0.08
271.52,0.082
271.56,0.082
271.6,0.08
271.64,0.08
271.68,0.07600000000000001
271.72,0.07200000000000001
271.76,0.07600000000000001
271.8,0.082
271.84000000000003,0.07600000000000001
271.88,0.07600000000000001
271.92,0.082
271.96,0.08600000000000001
272.0,0.082
272.04,0.078
272.08,0.082
272.12,0.078
272.16,0.07600000000000001
272.2,0.078
272.24,0.078
272.28000000000003,0.07400000000000001
272.32,0.078
272.36,0.082
272.4,0.07600000000000001
272.44,0.07600000000000001
272.48,0.078
272.52,0.082
272.56,0.084
272.6,0.08600000000000001
272.64,0.084
272.68,0.082
272.72,0.082
272.76,0.084
272.8,0.082
272.84000000000003,0.082
272.88,0.082
272.92,0.078
272.96,0.07400000000000001
273.0,0.078
273.04,0.08
273.08,0.07
273.12,0.07200000000000001
273.16,0.08
273.2,0.082
273.24,0.08
273.28000000000003,0.082
273.32,0.084
273.36,0.08
273.40000000000003,0.078
273.44,0.078
273.48,0.078
273.52,0.07400000000000001
273.56,0.078
273.6,0.078
273.64,0.07400000000000001
273.68,0.07400000000000001
273.72,0.07400000000000001
273.76,0.07400000000000001
273.8,0.07600000000000001
273.84000000000003,0.078
273.88,0.078
273.92,0.078
273.96,0.08
274.0,0.082
274.04,0.08
274.08,0.078
274.12,0.078
274.16,0.07600000000000001
274.2,0.078
274.24,0.082
274.28000000000003,0.078
274.32,0.07
274.36,0.068
274.40000000000003,0.07600000000000001
274.44,0.07600000000000001
274.48,0.07400000000000001
274.52,0.07600000000000001
274.56,0.082
274.6,0.078
274.64,0.07600000000000001
274.68,0.07600000000000001
274.72,0.07600000000000001
274.76,0.07400000000000001
274.8,0.07600000000000001
274.84000000000003,0.078
274.88,0.07600000000000001
274.92,0.07200000000000001
274.96,0.07200000000000001
275.0,0.07400000000000001
275.04,0.07400000000000001
275.08,0.07400000000000001
275.12,0.07400000000000001
275.16,0.07400000000000001
275.2,0.07600000000000001
275.24,0.078
275.28000000000003,0.07400000000000001
275.32,0.07400000000000001
275.36,0.07400000000000001
275.40000000000003,0.078
275.44,0.082
275.48,0.08600000000000001
275.52,0.078
275.56,0.07200000000000001
275.6,0.07
275.64,0.07600000000000001
275.68,0.07200000000000001
275.72,0.068
275.76,0.07400000000000001
275.8,0.082
275.84000000000003,0.07600000000000001
275.88,0.07200000000000001
275.92,0.07600000000000001
275.96,0.07400000000000001
276.0,0.07400000000000001
276.04,0.07600000000000001
276.08,0.078
276.12,0.07400000000000001
276.16,0.07200000000000001
276.2,0.07400000000000001
276.24,0.07200000000000001
276.28000000000003,0.066
276.32,0.07
276.36,0.07200000000000001
276.40000000000003,0.068
276.44,0.07200000000000001
276.48,0.07600000000000001
276.52,0.07200000000000001
276.56,0.068
276.6,0.07400000000000001
276.64,0.07400000000000001
276.68,0.078
276.72,0.082
276.76,0.078
276.8,0.07200000000000001
276.84000000000003,0.07600000000000001
276.88,0.078
276.92,0.07
276.96,0.066
277.0,0.07200000000000001
277.04,0.078
277.08,0.07400000000000001
277.12,0.07
277.16,0.07400000000000001
277.2,0.07400000000000001
277.24,0.07400000000000001
277.28000000000003,0.07600000000000001
277.32,0.07600000000000001
277.36,0.07400000000000001
277.40000000000003,0.07400000000000001
277.44,0.07600000000000001
277.48,0.07400000000000001
277.52,0.07
277.56,0.07
277.6,0.068
277.64,0.07
277.68,0.07200000000000001
277.72,0.07200000000000001
277.76,0.07
277.8,0.066
277.84000000000003,0.066
277.88,0.068
277.92,0.07400000000000001
277.96,0.07400000000000001
278.0,0.07200000000000001
278.04,0.07200000000000001
278.08,0.078
278.12,0.07600000000000001
278.16,0.068
278.2,0.068
278.24,0.07
278.28000000000003,0.07400000000000001
278.32,0.068
278.36,0.07
278.40000000000003,0.07200000000000001
278.44,0.07
278.48,0.07
278.52,0.07
278.56,0.07
278.6,0.07200000000000001
278.64,0.07400000000000001
278.68,0.07400000000000001
278.72,0.07400000000000001
278.76,0.07200000000000001
278.8,0.07
278.84000000000003,0.068
278.88,0.068
278.92,0.07
278.96,0.07
279.0,0.068
279.04,0.066
279.08,0.066
279.12,0.068
279.16,0.068
279.2,0.066
279.24,0.066
279.28000000000003,0.07
279.32,0.07600000000000001
279.36,0.07600000000000001
279.40000000000003,0.07
279.44,0.07
279.48,0.07400000000000001
279.52,0.07
279.56,0.066
279.6,0.068
279.64,0.07
279.68,0.07
279.72,0.066
279.76,0.066
279.8,0.066
279.84000000000003,0.066
279.88,0.068
279.92,0.07400000000000001
279.96,0.07200000000000001
280.0,0.07
280.04,0.07
280.08,0.07
280.12,0.068
280.16,0.068
280.2,0.068
280.24,0.064
280.28000000000003,0.066
280.32,0.068
280.36,0.066
280.40000000000003,0.062
280.44,0.060000000000000005
280.48,0.060000000000000005
280.52,0.062
280.56,0.07
280.6,0.07
280.64,0.066
280.68,0.068
280.72,0.07400000000000001
280.76,0.068
280.8,0.062
280.84000000000003,0.066
280.88,0.07
280.92,0.066
280.96,0.068
281.0,0.07
281.04,0.064
281.08,0.060000000000000005
281.12,0.066
281.16,0.07
281.2,0.066
281.24,0.068
281.28000000000003,0.07
281.32,0.068
281.36,0.068
281.40000000000003,0.07200000000000001
281.44,0.068
281.48,0.066
281.52,0.07
281.56,0.07200000000000001
281.6,0.068
281.64,0.064
281.68,0.062
281.72,0.058
281.76,0.060000000000000005
281.8,0.066
281.84000000000003,0.064
281.88,0.062
281.92,0.066
281.96,0.07
282.0,0.064
282.04,0.060000000000000005
282.08,0.066
282.12,0.07
282.16,0.064
282.2,0.066
282.24,0.066
282.28000000000003,0.060000000000000005
282.32,0.058
282.36,0.062
282.40000000000003,0.062
282.44,0.060000000000000005
282.48,0.062
282.52,0.066
282.56,0.066
282.6,0.066
282.64,0.066
282.68,0.064
282.72,0.062
282.76,0.07
282.8,0.07
282.84000000000003,0.068
282.88,0.066
282.92,0.064
282.96,0.060000000000000005
283.0,0.060000000000000005
283.04,0.062
283.08,0.058
283.12,0.060000000000000005
283.16,0.066
283.2,0.066
283.24,0.060000000000000005
283.28000000000003,0.060000000000000005
283.32,0.066
283.36,0.066
283.40000000000003,0.066
283.44,0.066
283.48,0.066
283.52,0.062
283.56,0.060000000000000005
283.6,0.060000000000000005
283.64,0.060000000000000005
283.68,0.058
283.72,0.058
283.76,0.062
283.8,0.064
283.84000000000003,0.062
283.88,0.062
283.92,0.062
283.96,0.060000000000000005
284.0,0.064
284.04,0.068
284.08,0.066
284.12,0.066
284.16,0.066
284.2,0.068
284.24,0.062
284.28000000000003,0.060000000000000005
284.32,0.058
284.36,0.058
284.40000000000003,0.062
284.44,0.062
284.48,0.056
284.52,0.056
284.56,0.060000000000000005
284.6,0.062
284.64,0.060000000000000005
284.68,0.062
284.72,0.066
284.76,0.062
284.8,0.060000000000000005
284.84000000000003,0.062
284.88,0.060000000000000005
284.92,0.052000000000000005
284.96,0.056
285.0,0.060000000000000005
285.04,0.058
285.08,0.058
285.12,0.060000000000000005
285.16,0.058
285.2,0.056
285.24,0.060000000000000005
285.28000000000003,0.060000000000000005
285.32,0.060000000000000005
285.36,0.062
285.40000000000003,0.066
285.44,0.066
285.48,0.066
285.52,0.062
285.56,0.060000000000000005
285.6,0.060000000000000005
285.64,0.062
285.68,0.060000000000000005
285.72,0.054000000000000006
285.76,0.058
285.8,0.062
285.84000000000003,0.058
285.88,0.054000000000000006
285.92,0.060000000000000005
285.96,0.062
286.0,0.058
286.04,0.062
286.08,0.066
286.12,0.060000000000000005
286.16,0.054000000000000006
286.2,0.058
286.24,0.058
286.28000000000003,0.054000000000000006
286.32,0.054000000000000006
286.36,0.058
286.40000000000003,0.054000000000000006
286.44,0.054000000000000006
286.48,0.056
286.52,0.054000000000000006
286.56,0.052000000000000005
286.6,0.058
286.64,0.058
286.68,0.060000000000000005
286.72,0.060000000000000005
286.76,0.060000000000000005
286.8,0.058
286.84000000000003,0.060000000000000005
286.88,0.060000000000000005
286.92,0.056
286.96,0.054000000000000006
287.0,0.058
287.04,0.060000000000000005
287.08,0.056
287.12,0.052000000000000005
287.16,0.058
287.2,0.056
287.24,0.054000000000000006
287.28000000000003,0.062
287.32,0.066
287.36,0.060000000000000005
287.40000000000003,0.058
287.44,0.058
287.48,0.058
287.52,0.054000000000000006
287.56,0.054000000000000006
287.6,0.056
287.64,0.058
287.68,0.058
287.72,0.054000000000000006
287.76,0.054000000000000006
287.8,0.05
287.84000000000003,0.05
287.88,0.054000000000000006
287.92,0.054000000000000006
287.96,0.054000000000000006
288.0,0.058
288.04,0.060000000000000005
288.08,0.060000000000000005
288.12,0.058
288.16,0.054000000000000006
288.2,0.054000000000000006
288.24,0.058
288.28000000000003,0.060000000000000005
288.32,0.056
288.36,0.052000000000000005
288.40000000000003,0.052000000000000005
288.44,0.052000000000000005
288.48,0.05
288.52,0.054000000000000006
288.56,0.058
288.6,0.056
288.64,0.056
288.68,0.060000000000000005
288.72,0.058
288.76,0.052000000000000005
288.8,0.052000000000000005
288.84000000000003,0.056
288.88,0.056
288.92,0.054000000000000006
288.96,0.058
289.0,0.052000000000000005
289.04,0.05
289.08,0.048
289.12,0.05
289.16,0.048
289.2,0.048
289.24,0.054000000000000006
289.28000000000003,0.056
289.32,0.058
289.36,0.054000000000000006
289.40000000000003,0.052000000000000005
289.44,0.05
289.48,0.058
289.52,0.060000000000000005
289.56,0.054000000000000006
289.6,0.054000000000000006
289.64,0.052000000000000005
289.68,0.05
289.72,0.05
289.76,0.052000000000000005
289.8,0.054000000000000006
289.84000000000003,0.052000000000000005
289.88,0.054000000000000006
289.92,0.060000000000000005
289.96,0.054000000000000006
290.0,0.05
290.04,0.054000000000000006
290.08,0.054000000000000006
290.12,0.052000000000000005
290.16,0.054000000000000006
290.2,0.058
290.24,0.052000000000000005
290.28000000000003,0.052000000000000005
290.32,0.052000000000000005
290.36,0.054000000000000006
290.40000000000003,0.046
290.44,0.046
290.48,0.048
290.52,0.052000000000000005
290.56,0.05
290.6,0.05
290.64,0.044000000000000004
290.68,0.05
290.72,0.056
290.76,0.054000000000000006
290.8,0.05
290.84000000000003,0.052000000000000005
290.88,0.054000000000000006
290.92,0.05
290.96,0.046
291.0,0.05
291.04,0.046
291.08,0.044000000000000004
291.12,0.05
291.16,0.052000000000000005
291.2,0.05
291.24,0.05
291.28000000000003,0.054000000000000006
291.32,0.054000000000000006
291.36,0.05
291.40000000000003,0.052000000000000005
291.44,0.054000000000000006
291.48,0.052000000000000005
291.52,0.054000000000000006
291.56,0.058
291.6,0.054000000000000006
291.64,0.048
291.68,0.046
291.72,0.046
291.76,0.05
291.8,0.05
291.84000000000003,0.046
291.88,0.044000000000000004
291.92,0.048
291.96,0.052000000000000005
292.0,0.05
292.04,0.046
292.08,0.052000000000000005
292.12,0.054000000000000006
292.16,0.052000000000000005
292.2,0.05
292.24,0.05
292.28000000000003,0.046
292.32,0.042
292.36,0.044000000000000004
292.40000000000003,0.046
292.44,0.046
292.48,0.046
292.52,0.05
292.56,0.05
292.6,0.046
292.64,0.046
292.68,0.05
292.72,0.048
292.76,0.05
292.8,0.054000000000000006
292.84000000000003,0.052000000000000005
292.88,0.048
292.92,0.048
292.96,0.05
293.0,0.048
293.04,0.046
293.08,0.046
293.12,0.044000000000000004
293.16,0.046
293.2,0.048
293.24,0.044000000000000004
293.28000000000003,0.042
293.32,0.046
293.36,0.05
293.40000000000003,0.05
293.44,0.05
293.48,0.05
293.52,0.05
293.56,0.042
293.6,0.044000000000000004
293.64,0.044000000000000004
293.68,0.04
293.72,0.044000000000000004
293.76,0.05
293.8,0.046
293.84000000000003,0.042
293.88,0.042
293.92,0.046
293.96,0.044000000000000004
294.0,0.048
294.04,0.05
294.08,0.05
294.12,0.046
294.16,0.052000000000000005
294.2,0.052000000000000005
294.24,0.048
294.28000000000003,0.046
294.32,0.044000000000000004
294.36,0.044000000000000004
294.40000000000003,0.046
294.44,0.05
294.48,0.042
294.52,0.038000000000000006
294.56,0.042
294.6,0.046
294.64,0.044000000000000004
294.68,0.046
294.72,0.05
294.76,0.048
294.8,0.046
294.84000000000003,0.046
294.88,0.04
294.92,0.038000000000000006
294.96,0.042
295.0,0.046
295.04,0.042
295.08,0.038000000000000006
295.12,0.04
295.16,0.038000000000000006
295.2,0.038000000000000006
295.24,0.04
295.28000000000003,0.042
295.32,0.042
295.36,0.044000000000000004
295.40000000000003,0.046
295.44,0.048
295.48,0.048
295.52,0.044000000000000004
295.56,0.042
295.6,0.044000000000000004
295.64,0.05
295.68,0.048
295.72,0.042
295.76,0.042
295.8,0.042
295.84000000000003,0.042
295.88,0.04
295.92,0.044000000000000004
295.96,0.046
296.0,0.046
296.04,0.048
296.08,0.046
296.12,0.042
296.16,0.04
296.2,0.044000000000000004
296.24,0.046
296.28000000000003,0.042
296.32,0.04
296.36,0.042
296.40000000000003,0.04
296.44,0.038000000000000006
296.48,0.038000000000000006
296.52,0.038000000000000006
296.56,0.034
296.6,0.036000000000000004
296.64,0.042
296.68,0.042
296.72,0.044000000000000004
296.76,0.04
296.8,0.038000000000000006
296.84000000000003,0.044000000000000004
296.88,0.046
296.92,0.044000000000000004
296.96,0.042
297.0,0.04
297.04,0.042
297.08,0.036000000000000004
297.12,0.036000000000000004
297.16,0.038000000000000006
297.2,0.038000000000000006
297.24,0.042
297.28000000000003,0.044000000000000004
297.32,0.044000000000000004
297.36,0.04
297.40000000000003,0.04
297.44,0.044000000000000004
297.48,0.042
297.52,0.038000000000000006
297.56,0.038000000000000006
297.6,0.042
297.64,0.042
297.68,0.038000000000000006
297.72,0.038000000000000006
297.76,0.036000000000000004
297.8,0.034
297.84000000000003,0.034
297.88,0.036000000000000004
297.92,0.038000000000000006
297.96,0.038000000000000006
298.0,0.038000000000000006
298.04,0.038000000000000006
298.08,0.04
298.12,0.042
298.16,0.042
298.2,0.042
298.24,0.042
298.28000000000003,0.044000000000000004
298.32,0.038000000000000006
298.36,0.034
298.40000000000003,0.036000000000000004
298.44,0.038000000000000006
298.48,0.034
298.52,0.038000000000000006
298.56,0.04
298.6,0.036000000000000004
298.64,0.04
298.68,0.044000000000000004
298.72,0.04
298.76,0.034
298.8,0.038000000000000006
298.84000000000003,0.042
298.88,0.04
298.92,0.04
298.96,0.042
299.0,0.038000000000000006
299.04,0.034
299.08,0.032
299.12,0.034
299.16,0.032
299.2,0.034
299.24,0.034
299.28000000000003,0.034
299.32,0.036000000000000004
299.36,0.036000000000000004
299.40000000000003,0.034
299.44,0.034
299.48,0.042
299.52,0.042
299.56,0.036000000000000004
299.6,0.034
299.64,0.038000000000000006
299.68,0.034
299.72,0.032
299.76,0.034
299.8,0.032
299.84000000000003,0.030000000000000002
299.88,0.04
299.92,0.044000000000000004
299.96,0.036000000000000004
300.0,0.032
300.04,0.036000000000000004
300.08,0.038000000000000006
300.12,0.038000000000000006
300.16,0.042
300.2,0.042
300.24,0.042
300.28000000000003,0.038000000000000006
300.32,0.038000000000000006
300.36,0.034
300.40000000000003,0.034
300.44,0.034
300.48,0.032
300.52,0.034
300.56,0.034
300.6,0.032
300.64,0.026000000000000002
300.68,0.030000000000000002
300.72,0.038000000000000006
300.76,0.038000000000000006
300.8,0.034
300.84000000000003,0.036000000000000004
300.88,0.036000000000000004
300.92,0.034
300.96,0.034
301.0,0.028000000000000004
301.04,0.026000000000000002
301.08,0.028000000000000004
301.12,0.036000000000000004
301.16,0.036000000000000004
301.2,0.030000000000000002
301.24,0.028000000000000004
301.28000000000003,0.030000000000000002
301.32,0.030000000000000002
301.36,0.030000000000000002
301.40000000000003,0.034
301.44,0.036000000000000004
301.48,0.038000000000000006
301.52,0.038000000000000006
301.56,0.036000000000000004
301.6,0.036000000000000004
301.64,0.036000000000000004
301.68,0.032
301.72,0.030000000000000002
301.76,0.034
301.8,0.034
301.84000000000003,0.028000000000000004
301.88,0.026000000000000002
301.92,0.030000000000000002
301.96,0.032
302.0,0.030000000000000002
302.04,0.028000000000000004
302.08,0.034
302.12,0.038000000000000006
302.16,0.036000000000000004
302.2,0.036000000000000004
302.24,0.030000000000000002
302.28000000000003,0.026000000000000002
302.32,0.028000000000000004
302.36,0.034
302.40000000000003,0.034
302.44,0.028000000000000004
302.48,0.030000000000000002
302.52,0.030000000000000002
302.56,0.028000000000000004
302.6,0.026000000000000002
302.64,0.028000000000000004
302.68,0.030000000000000002
302.72,0.032
302.76,0.034
302.8,0.034
302.84000000000003,0.034
302.88,0.034
302.92,0.034
302.96,0.030000000000000002
303.0,0.032
303.04,0.034
303.08,0.028000000000000004
303.12,0.026000000000000002
303.16,0.028000000000000004
303.2,0.028000000000000004
303.24,0.024
303.28000000000003,0.022000000000000002
303.32,0.030000000000000002
303.36,0.032
303.40000000000003,0.034
303.44,0.032
303.48,0.032
303.52,0.026000000000000002
303.56,0.028000000000000004
303.6,0.032
303.64,0.028000000000000004
303.68,0.024
303.72,0.030000000000000002
303.76,0.032
303.8,0.026000000000000002
303.84000000000003,0.022000000000000002
303.88,0.024
303.92,0.026000000000000002
303.96,0.026000000000000002
304.0,0.026000000000000002
304.04,0.028000000000000004
304.08,0.028000000000000004
304.12,0.032
304.16,0.032
304.2,0.030000000000000002
304.24,0.032
304.28000000000003,0.034
304.32,0.028000000000000004
304.36,0.028000000000000004
304.40000000000003,0.034
304.44,0.030000000000000002
304.48,0.022000000000000002
304.52,0.022000000000000002
304.56,0.028000000000000004
304.6,0.026000000000000002
304.64,0.028000000000000004
304.68,0.030000000000000002
304.72,0.028000000000000004
304.76,0.026000000000000002
304.8,0.030000000000000002
304.84000000000003,0.030000000000000002
304.88,0.022000000000000002
304.92,0.022000000000000002
304.96,0.030000000000000002
305.0,0.030000000000000002
305.04,0.024
305.08,0.024
305.12,0.026000000000000002
305.16,0.022000000000000002
305.2,0.022000000000000002
305.24,0.020000000000000004
305.28000000000003,0.018000000000000002
305.32,0.022000000000000002
305.36,0.026000000000000002
305.40000000000003,0.026000000000000002
305.44,0.026000000000000002
305.48,0.030000000000000002
305.52,0.026000000000000002
305.56,0.024
305.6,0.028000000000000004
305.64,0.034
305.68,0.030000000000000002
305.72,0.024
305.76,0.022000000000000002
305.8,0.026000000000000002
305.84000000000003,0.022000000000000002
305.88,0.024
305.92,0.026000000000000002
305.96,0.022000000000000002
306.0,0.026000000000000002
306.04,0.030000000000000002
306.08,0.026000000000000002
306.12,0.022000000000000002
306.16,0.024
306.2,0.028000000000000004
306.24,0.028000000000000004
306.28000000000003,0.026000000000000002
306.32,0.026000000000000002
306.36,0.028000000000000004
306.40000000000003,0.026000000000000002
306.44,0.022000000000000002
306.48,0.018000000000000002
306.52,0.018000000000000002
306.56,0.020000000000000004
306.6,0.022000000000000002
306.64,0.020000000000000004
306.68,0.022000000000000002
306.72,0.024
306.76,0.022000000000000002
306.8,0.018000000000000002
306.84000000000003,0.024
306.88,0.028000000000000004
306.92,0.026000000000000002
306.96,0.022000000000000002
307.0,0.026000000000000002
307.04,0.026000000000000002
307.08,0.022000000000000002
307.12,0.018000000000000002
307.16,0.020000000000000004
307.2,0.018000000000000002
307.24,0.022000000000000002
307.28000000000003,0.026000000000000002
307.32,0.024
307.36,0.020000000000000004
307.40000000000003,0.020000000000000004
307.44,0.024
307.48,0.022000000000000002
307.52,0.020000000000000004
307.56,0.022000000000000002
307.6,0.028000000000000004
307.64,0.028000000000000004
307.68,0.024
307.72,0.022000000000000002
307.76,0.018000000000000002
307.8,0.018000000000000002
307.84000000000003,0.018000000000000002
307.88,0.020000000000000004
307.92,0.020000000000000004
307.96,0.022000000000000002
308.0,0.016
308.04,0.013999999999999999
308.08,0.022000000000000002
308.12,0.024
308.16,0.020000000000000004
308.2,0.020000000000000004
308.24,0.026000000000000002
308.28000000000003,0.026000000000000002
308.32,0.022000000000000002
308.36,0.020000000000000004
308.40000000000003,0.018000000000000002
308.44,0.018000000000000002
308.48,0.018000000000000002
308.52,0.026000000000000002
308.56,0.020000000000000004
308.6,0.018000000000000002
308.64,0.022000000000000002
308.68,0.024
308.72,0.018000000000000002
308.76,0.013999999999999999
308.8,0.020000000000000004
308.84000000000003,0.022000000000000002
308.88,0.026000000000000002
308.92,0.024
308.96,0.022000000000000002
309.0,0.020000000000000004
309.04,0.020000000000000004
309.08,0.020000000000000004
309.12,0.018000000000000002
309.16,0.018000000000000002
309.2,0.018000000000000002
309.24,0.013999999999999999
309.28000000000003,0.012000000000000004
309.32,0.018000000000000002
309.36,0.018000000000000002
309.40000000000003,0.012000000000000004
309.44,0.016
309.48,0.022000000000000002
309.52,0.020000000000000004
309.56,0.022000000000000002
309.6,0.022000000000000002
309.64,0.018000000000000002
309.68,0.016
309.72,0.018000000000000002
309.76,0.020000000000000004
309.8,0.018000000000000002
309.84000000000003,0.013999999999999999
309.88,0.022000000000000002
309.92,0.022000000000000002
309.96,0.013999999999999999
310.0,0.012000000000000004
310.04,0.016
310.08,0.020000000000000004
310.12,0.022000000000000002
310.16,0.022000000000000002
310.2,0.020000000000000004
310.24,0.022000000000000002
310.28000000000003,0.026000000000000002
310.32,0.020000000000000004
310.36,0.018000000000000002
310.40000000000003,0.020000000000000004
310.44,0.020000000000000004
310.48,0.013999999999999999
310.52,0.013999999999999999
310.56,0.018000000000000002
310.6,0.016
310.64,0.010000000000000002
310.68,0.010000000000000002
310.72,0.016
310.76,0.016
310.8,0.018000000000000002
310.84000000000003,0.016
310.88,0.018000000000000002
310.92,0.016
310.96,0.018000000000000002
311.0,0.013999999999999999
311.04,0.013999999999999999
311.08,0.013999999999999999
311.12,0.020000000000000004
311.16,0.018000000000000002
311.2,0.012000000000000004
311.24,0.010000000000000002
311.28000000000003,0.012000000000000004
311.32,0.013999999999999999
311.36,0.010000000000000002
311.40000000000003,0.010000000000000002
311.44,0.012000000000000004
311.48,0.018000000000000002
311.52,0.022000000000000002
311.56,0.020000000000000004
311.6,0.018000000000000002
311.64,0.020000000000000004
311.68,0.018000000000000002
311.72,0.013999999999999999
311.76,0.016
311.8,0.020000000000000004
311.84000000000003,0.018000000000000002
311.88,0.012000000000000004
311.92,0.010000000000000002
311.96,0.013999999999999999
312.0,0.012000000000000004
312.04,0.010000000000000002
312.08,0.013999999999999999
312.12,0.016
312.16,0.013999999999999999
312.2,0.013999999999999999
312.24,0.013999999999999999
312.28000000000003,0.010000000000000002
312.32,0.010000000000000002
312.36,0.018000000000000002
312.40000000000003,0.018000000000000002
312.44,0.012000000000000004
312.48,0.012000000000000004
312.52,0.016
312.56,0.013999999999999999
312.6,0.006000000000000005
312.64,0.006000000000000005
312.68,0.010000000000000002
312.72,0.010000000000000002
312.76,0.013999999999999999
312.8,0.016
312.84000000000003,0.013999999999999999
312.88,0.013999999999999999
312.92,0.016
312.96,0.013999999999999999
313.0,0.013999999999999999
313.04,0.020000000000000004
313.08,0.018000000000000002
313.12,0.012000000000000004
313.16,0.012000000000000004
313.2,0.013999999999999999
313.24,0.008
313.28000000000003,0.006000000000000005
313.32,0.010000000000000002
313.36,0.012000000000000004
313.40000000000003,0.010000000000000002
313.44,0.012000000000000004
313.48,0.012000000000000004
313.52,0.006000000000000005
313.56,0.010000000000000002
313.6,0.016
313.64,0.012000000000000004
313.68,0.010000000000000002
313.72,0.013999999999999999
313.76,0.018000000000000002
313.8,0.013999999999999999
313.84000000000003,0.008
313.88,0.0040000000000000036
313.92,0.0040000000000000036
313.96,0.006000000000000005
314.0,0.010000000000000002
314.04,0.010000000000000002
314.08,0.010000000000000002
314.12,0.012000000000000004
314.16,0.012000000000000004
314.2,0.008
314.24,0.010000000000000002
314.28000000000003,0.016
314.32,0.013999999999999999
314.36,0.013999999999999999
314.40000000000003,0.016
314.44,0.013999999999999999
314.48,0.010000000000000002
314.52,0.010000000000000002
314.56,0.010000000000000002
314.6,0.010000000000000002
314.64,0.012000000000000004
314.68,0.012000000000000004
314.72,0.010000000000000002
314.76,0.006000000000000005
314.8,0.008
314.84000000000003,0.012000000000000004
314.88,0.008
314.92,0.006000000000000005
314.96,0.010000000000000002
315.0,0.018000000000000002
315.04,0.016
315.08,0.008
315.12,0.006000000000000005
315.16,0.006000000000000005
315.2,0.006000000000000005
315.24,0.0040000000000000036
315.28000000000003,0.0020000000000000018
315.32,0.0040000000000000036
315.36,0.006000000000000005
315.40000000000003,0.0040000000000000036
315.44,0.0020000000000000018
315.48,0.0020000000000000018
315.52,0.008
315.56,0.008
315.6,0.008
315.64,0.010000000000000002
315.68,0.012000000000000004
315.72,0.010000000000000002
315.76,0.010000000000000002
315.8,0.010000000000000002
315.84000000000003,0.010000000000000002
315.88,0.010000000000000002
315.92,0.010000000000000002
315.96,0.006000000000000005
316.0,0.006000000000000005
316.04,0.006000000000000005
316.08,0.010000000000000002
316.12,0.0040000000000000036
316.16,-0.0020000000000000018
316.2,0.0020000000000000018
316.24,0.012000000000000004
316.28000000000003,0.012000000000000004
316.32,0.010000000000000002
316.36,0.012000000000000004
316.40000000000003,0.012000000000000004
316.44,0.010000000000000002
316.48,0.006000000000000005
316.52,0.0020000000000000018
316.56,0.0020000000000000018
316.6,0.006000000000000005
316.64,0.006000000000000005
316.68,0.0
316.72,0.0020000000000000018
316.76,0.0040000000000000036
316.8,0.0040000000000000036
316.84000000000003,0.0020000000000000018
316.88,0.006000000000000005
316.92,0.006000000000000005
316.96,0.006000000000000005
317.0,0.006000000000000005
317.04,0.010000000000000002
317.08,0.006000000000000005
317.12,0.0040000000000000036
317.16,0.008
317.2,0.0040000000000000036
317.24,0.0020000000000000018
317.28000000000003,0.010000000000000002
317.32,0.010000000000000002
317.36,0.0
317.40000000000003,-0.005999999999999998
317.44,0.0020000000000000018
317.48,0.006000000000000005
317.52,0.0040000000000000036
317.56,0.0040000000000000036
317.6,0.010000000000000002
317.64,0.010000000000000002
317.68,0.010000000000000002
317.72,0.006000000000000005
317.76,0.0020000000000000018
317.8,0.0020000000000000018
317.84000000000003,0.0040000000000000036
317.88,0.0040000000000000036
317.92,0.0020000000000000018
317.96,0.0
318.0,0.0020000000000000018
318.04,-0.0020000000000000018
318.08,-0.003999999999999997
318.12,0.0
318.16,-0.0020000000000000018
318.2,-0.0020000000000000018
318.24,0.006000000000000005
318.28000000000003,0.006000000000000005
318.32,0.0020000000000000018
318.36,0.0020000000000000018
318.40000000000003,0.006000000000000005
318.44,0.0020000000000000018
318.48,0.0020000000000000018
318.52,0.010000000000000002
318.56,0.008
318.6,0.0020000000000000018
318.64,-0.003999999999999997
318.68,0.0020000000000000018
318.72,0.0020000000000000018
318.76,-0.0020000000000000018
318.8,-0.0020000000000000018
318.84000000000003,0.0020000000000000018
318.88,0.008
318.92,0.008
318.96,0.006000000000000005
319.0,0.0020000000000000018
319.04,0.0040000000000000036
319.08,0.0040000000000000036
319.12,0.0020000000000000018
319.16,0.0
319.2,0.0020000000000000018
319.24,0.0040000000000000036
319.28000000000003,0.0020000000000000018
319.32,-0.003999999999999997
319.36,-0.005999999999999998
319.40000000000003,-0.005999999999999998
319.44,-0.005999999999999998
319.48,-0.0020000000000000018
319.52,-0.0020000000000000018
319.56,-0.0020000000000000018
319.6,-0.0020000000000000018
319.64,-0.0020000000000000018
319.68,-0.003999999999999997
319.72,-0.0020000000000000018
319.76,0.0040000000000000036
319.8,0.006000000000000005
319.84000000000003,0.0
319.88,-0.0020000000000000018
319.92,0.0020000000000000018
319.96,0.0
320.0,-0.005999999999999998
320.04,-0.008
320.08,-0.003999999999999997
320.12,0.0020000000000000018
320.16,0.0020000000000000018
320.2,0.0
320.24,0.0
320.28000000000003,0.0020000000000000018
320.32,0.0020000000000000018
320.36,0.0020000000000000018
320.40000000000003,-0.0020000000000000018
320.44,0.0020000000000000018
320.48,0.008
320.52,0.006000000000000005
320.56,0.0020000000000000018
320.6,-0.0020000000000000018
320.64,-0.003999999999999997
320.68,-0.003999999999999997
320.72,-0.0020000000000000018
320.76,-0.003999999999999997
320.8,-0.005999999999999998
320.84000000000003,-0.003999999999999997
320.88,-0.003999999999999997
320.92,-0.005999999999999998
320.96,-0.005999999999999998
321.0,0.0
321.04,0.0020000000000000018
321.08,-0.003999999999999997
321.12,-0.003999999999999997
321.16,0.0040000000000000036
321.2,-0.0020000000000000018
321.24,-0.009999999999999995
321.28000000000003,-0.009999999999999995
321.32,-0.005999999999999998
321.36,-0.003999999999999997
321.40000000000003,-0.003999999999999997
321.44,-0.005999999999999998
321.48,-0.005999999999999998
321.52,-0.0020000000000000018
321.56,0.0
321.6,-0.005999999999999998
321.64,-0.008
321.68,-0.003999999999999997
321.72,0.0040000000000000036
321.76,0.0020000000000000018
321.8,0.0
321.84000000000003,-0.0020000000000000018
321.88,-0.003999999999999997
321.92,-0.003999999999999997
321.96,0.0020000000000000018
322.0,-0.003999999999999997
322.04,-0.009999999999999995
322.08,-0.003999999999999997
322.12,-0.003999999999999997
322.16,-0.009999999999999995
322.2,-0.009999999999999995
322.24,-0.003999999999999997
322.28000000000003,-0.003999999999999997
322.32,-0.009999999999999995
322.36,-0.003999999999999997
322.40000000000003,0.0020000000000000018
322.44,-0.0020000000000000018
322.48,-0.003999999999999997
322.52,-0.005999999999999998
322.56,-0.005999999999999998
322.6,-0.005999999999999998
322.64,-0.005999999999999998
322.68,-0.008
322.72,-0.008
322.76,-0.003999999999999997
322.8,-0.0020000000000000018
322.84000000000003,-0.009999999999999995
322.88,-0.011999999999999997
322.92,-0.009999999999999995
322.96,-0.003999999999999997
323.0,-0.003999999999999997
323.04,-0.003999999999999997
323.08,-0.003999999999999997
323.12,-0.0020000000000000018
323.16,0.0
323.2,-0.0020000000000000018
323.24,-0.005999999999999998
323.28000000000003,-0.009999999999999995
323.32,-0.005999999999999998
323.36,-0.005999999999999998
323.40000000000003,-0.009999999999999995
323.44,-0.009999999999999995
323.48,-0.005999999999999998
323.52,-0.009999999999999995
323.56,-0.013999999999999999
323.6,-0.009999999999999995
323.64,-0.003999999999999997
323.68,-0.005999999999999998
323.72,-0.005999999999999998
323.76,-0.005999999999999998
323.8,-0.005999999999999998
323.84000000000003,-0.005999999999999998
323.88,-0.009999999999999995
323.92,-0.011999999999999997
323.96,-0.009999999999999995
324.0,-0.005999999999999998
324.04,-0.005999999999999998
324.08,-0.009999999999999995
324.12,-0.011999999999999997
324.16,-0.009999999999999995
324.2,-0.009999999999999995
324.24,-0.009999999999999995
324.28000000000003,-0.009999999999999995
324.32,-0.009999999999999995
324.36,-0.003999999999999997
324.40000000000003,0.0
324.44,-0.0020000000000000018
324.48,-0.005999999999999998
324.52,-0.005999999999999998
324.56,-0.003999999999999997
324.6,-0.005999999999999998
324.64,-0.009999999999999995
324.68,-0.005999999999999998
324.72,-0.005999999999999998
324.76,-0.009999999999999995
324.8,-0.016
324.84000000000003,-0.011999999999999997
324.88,-0.009999999999999995
324.92,-0.011999999999999997
324.96,-0.011999999999999997
325.0,-0.005999999999999998
325.04,-0.005999999999999998
325.08,-0.009999999999999995
325.12,-0.011999999999999997
325.16,-0.011999999999999997
325.2,-0.009999999999999995
325.24,-0.009999999999999995
325.28000000000003,-0.008
325.32,-0.011999999999999997
325.36,-0.011999999999999997
325.40000000000003,-0.009999999999999995
325.44,-0.013999999999999999
325.48,-0.018000000000000002
325.52,-0.020000000000000004
325.56,-0.016
325.6,-0.013999999999999999
325.64,-0.005999999999999998
325.68,-0.005999999999999998
325.72,-0.009999999999999995
325.76,-0.009999999999999995
325.8,-0.005999999999999998
325.84000000000003,-0.009999999999999995
325.88,-0.011999999999999997
325.92,-0.005999999999999998
325.96,-0.005999999999999998
326.0,-0.011999999999999997
326.04,-0.013999999999999999
326.08,-0.009999999999999995
326.12,-0.011999999999999997
326.16,-0.018000000000000002
326.2,-0.013999999999999999
326.24,-0.009999999999999995
326.28000000000003,-0.009999999999999995
326.32,-0.009999999999999995
326.36,-0.011999999999999997
326.40000000000003,-0.013999999999999999
326.44,-0.011999999999999997
326.48,-0.009999999999999995
326.52,-0.009999999999999995
326.56,-0.011999999999999997
326.6,-0.008
326.64,-0.005999999999999998
326.68,-0.011999999999999997
326.72,-0.018000000000000002
326.76,-0.018000000000000002
326.8,-0.020000000000000004
326.84000000000003,-0.018000000000000002
326.88,-0.011999999999999997
326.92,-0.013999999999999999
326.96,-0.018000000000000002
327.0,-0.011999999999999997
327.04,-0.008
327.08,-0.013999999999999999
327.12,-0.013999999999999999
327.16,-0.009999999999999995
327.2,-0.011999999999999997
327.24,-0.013999999999999999
327.28000000000003,-0.009999999999999995
327.32,-0.009999999999999995
327.36,-0.013999999999999999
327.40000000000003,-0.018000000000000002
327.44,-0.018000000000000002
327.48,-0.013999999999999999
327.52,-0.013999999999999999
327.56,-0.013999999999999999
327.6,-0.013999999999999999
327.64,-0.013999999999999999
327.68,-0.013999999999999999
327.72,-0.013999999999999999
327.76,-0.018000000000000002
327.8,-0.013999999999999999
327.84000000000003,-0.009999999999999995
327.88,-0.008
327.92,-0.011999999999999997
327.96,-0.013999999999999999
328.0,-0.018000000000000002
328.04,-0.018000000000000002
328.08,-0.018000000000000002
328.12,-0.020000000000000004
328.16,-0.022000000000000006
328.2,-0.022000000000000006
328.24,-0.016
328.28000000000003,-0.013999999999999999
328.32,-0.016
328.36,-0.016
328.40000000000003,-0.013999999999999999
328.44,-0.013999999999999999
328.48,-0.018000000000000002
328.52,-0.011999999999999997
328.56,-0.009999999999999995
328.6,-0.013999999999999999
328.64,-0.018000000000000002
328.68,-0.016
328.72,-0.011999999999999997
328.76,-0.016
328.8,-0.016
328.84000000000003,-0.013999999999999999
328.88,-0.013999999999999999
328.92,-0.018000000000000002
328.96,-0.018000000000000002
329.0,-0.020000000000000004
329.04,-0.020000000000000004
329.08,-0.016
329.12,-0.011999999999999997
329.16,-0.013999999999999999
329.2,-0.013999999999999999
329.24,-0.013999999999999999
329.28000000000003,-0.013999999999999999
329.32,-0.018000000000000002
329.36,-0.022000000000000006
329.40000000000003,-0.023999999999999994
329.44,-0.025999999999999995
329.48,-0.020000000000000004
329.52,-0.016
329.56,-0.020000000000000004
329.6,-0.022000000000000006
329.64,-0.018000000000000002
329.68,-0.020000000000000004
329.72,-0.022000000000000006
329.76,-0.018000000000000002
329.8,-0.013999999999999999
329.84000000000003,-0.018000000000000002
329.88,-0.020000000000000004
329.92,-0.013999999999999999
329.96,-0.013999999999999999
330.0,-0.020000000000000004
330.04,-0.020000000000000004
330.08,-0.018000000000000002
330.12,-0.020000000000000004
330.16,-0.018000000000000002
330.2,-0.018000000000000002
330.24,-0.022000000000000006
330.28000000000003,-0.022000000000000006
330.32,-0.018000000000000002
330.36,-0.018000000000000002
330.40000000000003,-0.018000000000000002
330.44,-0.013999999999999999
330.48,-0.009999999999999995
330.52,-0.011999999999999997
330.56,-0.013999999999999999
330.6,-0.018000000000000002
330.64,-0.022000000000000006
330.68,-0.025999999999999995
330.72,-0.018000000000000002
330.76,-0.018000000000000002
330.8,-0.022000000000000006
330.84000000000003,-0.022000000000000006
330.88,-0.020000000000000004
330.92,-0.023999999999999994
330.96,-0.023999999999999994
331.0,-0.022000000000000006
331.04,-0.020000000000000004
331.08,-0.023999999999999994
331.12,-0.020000000000000004
331.16,-0.013999999999999999
331.2,-0.016
331.24,-0.022000000000000006
331.28000000000003,-0.020000000000000004
331.32,-0.018000000000000002
331.36,-0.022000000000000006
331.40000000000003,-0.020000000000000004
331.44,-0.020000000000000004
331.48,-0.022000000000000006
331.52,-0.023999999999999994
331.56,-0.025999999999999995
331.6,-0.025999999999999995
331.64,-0.025999999999999995
331.68,-0.022000000000000006
331.72,-0.016
331.76,-0.013999999999999999
331.8,-0.016
331.84000000000003,-0.018000000000000002
331.88,-0.022000000000000006
331.92,-0.022000000000000006
331.96,-0.020000000000000004
332.0,-0.020000000000000004
332.04,-0.023999999999999994
332.08,-0.022000000000000006
332.12,-0.020000000000000004
332.16,-0.022000000000000006
332.2,-0.025999999999999995
332.24,-0.023999999999999994
332.28000000000003,-0.025999999999999995
332.32,-0.027999999999999997
332.36,-0.023999999999999994
332.40000000000003,-0.018000000000000002
332.44,-0.020000000000000004
332.48,-0.025999999999999995
332.52,-0.022000000000000006
332.56,-0.020000000000000004
332.6,-0.022000000000000006
332.64,-0.022000000000000006
332.68,-0.020000000000000004
332.72,-0.018000000000000002
332.76,-0.022000000000000006
332.8,-0.025999999999999995
332.84000000000003,-0.025999999999999995
332.88,-0.027999999999999997
332.92,-0.025999999999999995
332.96,-0.022000000000000006
333.0,-0.020000000000000004
333.04,-0.020000000000000004
333.08,-0.020000000000000004
333.12,-0.020000000000000004
333.16,-0.022000000000000006
333.2,-0.020000000000000004
333.24,-0.020000000000000004
333.28000000000003,-0.025999999999999995
333.32,-0.025999999999999995
333.36,-0.020000000000000004
333.40000000000003,-0.020000000000000004
333.44,-0.023999999999999994
333.48,-0.023999999999999994
333.52,-0.03
333.56,-0.032
333.6,-0.025999999999999995
333.64,-0.022000000000000006
333.68,-0.027999999999999997
333.72,-0.03
333.76,-0.023999999999999994
333.8,-0.022000000000000006
333.84000000000003,-0.025999999999999995
333.88,-0.025999999999999995
333.92,-0.020000000000000004
333.96,-0.022000000000000006
334.0,-0.023999999999999994
334.04,-0.022000000000000006
334.08,-0.025999999999999995
334.12,-0.03
334.16,-0.027999999999999997
334.2,-0.025999999999999995
334.24,-0.025999999999999995
334.28000000000003,-0.025999999999999995
334.32,-0.022000000000000006
334.36,-0.023999999999999994
334.40000000000003,-0.022000000000000006
334.44,-0.018000000000000002
334.48,-0.022000000000000006
334.52,-0.027999999999999997
334.56,-0.025999999999999995
334.6,-0.020000000000000004
334.64,-0.020000000000000004
334.68,-0.022000000000000006
334.72,-0.022000000000000006
334.76,-0.025999999999999995
334.8,-0.027999999999999997
334.84000000000003,-0.025999999999999995
334.88,-0.025999999999999995
334.92,-0.036000000000000004
334.96,-0.032
335.0,-0.023999999999999994
335.04,-0.025999999999999995
335.08,-0.03
335.12,-0.027999999999999997
335.16,-0.023999999999999994
335.2,-0.025999999999999995
335.24,-0.025999999999999995
335.28000000000003,-0.025999999999999995
335.32,-0.025999999999999995
335.36,-0.027999999999999997
335.40000000000003,-0.025999999999999995
335.44,-0.03
335.48,-0.034
335.52,-0.032
335.56,-0.03
335.6,-0.03
335.64,-0.023999999999999994
335.68,-0.025999999999999995
335.72,-0.027999999999999997
335.76,-0.03
335.8,-0.027999999999999997
335.84000000000003,-0.023999999999999994
335.88,-0.022000000000000006
335.92,-0.022000000000000006
335.96,-0.022000000000000006
336.0,-0.022000000000000006
336.04,-0.025999999999999995
336.08,-0.022000000000000006
336.12,-0.025999999999999995
336.16,-0.036000000000000004
336.2,-0.034
336.24,-0.027999999999999997
336.28000000000003,-0.025999999999999995
336.32,-0.034
336.36,-0.027999999999999997
336.40000000000003,-0.025999999999999995
336.44,-0.027999999999999997
336.48,-0.03
336.52,-0.023999999999999994
336.56,-0.022000000000000006
336.6,-0.022000000000000006
336.64,-0.023999999999999994
336.68,-0.027999999999999997
336.72,-0.03
336.76,-0.034
336.8,-0.03
336.84000000000003,-0.03
336.88,-0.03
336.92,-0.027999999999999997
336.96,-0.03
337.0,-0.032
337.04,-0.034
337.08,-0.03
337.12,-0.03
337.16,-0.03
337.2,-0.025999999999999995
337.24,-0.022000000000000006
337.28000000000003,-0.022000000000000006
337.32,-0.022000000000000006
337.36,-0.027999999999999997
337.40000000000003,-0.034
337.44,-0.034
337.48,-0.027999999999999997
337.52,-0.03
337.56,-0.036000000000000004
337.6,-0.034
337.64,-0.027999999999999997
337.68,-0.034
337.72,-0.036000000000000004
337.76,-0.032
337.8,-0.03
337.84000000000003,-0.027999999999999997
337.88,-0.025999999999999995
337.92,-0.025999999999999995
337.96,-0.034
338.0,-0.034
338.04,-0.03
338.08,-0.034
338.12,-0.034
338.16,-0.03
338.2,-0.03
338.24,-0.034
338.28000000000003,-0.034
338.32,-0.034
338.36,-0.036000000000000004
338.40000000000003,-0.036000000000000004
338.44,-0.032
338.48,-0.03
338.52,-0.025999999999999995
338.56,-0.022000000000000006
338.6,-0.025999999999999995
338.64,-0.03
338.68,-0.027999999999999997
338.72,-0.023999999999999994
338.76,-0.032
338.8,-0.036000000000000004
338.84000000000003,-0.032
338.88,-0.025999999999999995
338.92,-0.034
338.96,-0.036000000000000004
339.0,-0.034
339.04,-0.032
339.08,-0.03
339.12,-0.027999999999999997
339.16,-0.03
339.2,-0.034
339.24,-0.03
339.28000000000003,-0.03
339.32,-0.034
339.36,-0.034
339.40000000000003,-0.034
339.44,-0.034
339.48,-0.036000000000000004
339.52,-0.034
339.56,-0.034
339.6,-0.03799999999999999
339.64,-0.039999999999999994
339.68,-0.03799999999999999
339.72,-0.03799999999999999
339.76,-0.034
339.8,-0.03
339.84000000000003,-0.032
339.88,-0.032
339.92,-0.025999999999999995
339.96,-0.025999999999999995
340.0,-0.036000000000000004
340.04,-0.03799999999999999
340.08,-0.032
340.12,-0.027999999999999997
340.16,-0.034
340.2,-0.036000000000000004
340.24,-0.034
340.28000000000003,-0.032
340.32,-0.036000000000000004
340.36,-0.034
340.40000000000003,-0.034
340.44,-0.034
340.48,-0.03
340.52,-0.027999999999999997
340.56,-0.03
340.6,-0.034
340.64,-0.036000000000000004
340.68,-0.032
340.72,-0.032
340.76,-0.032
340.8,-0.034
340.84000000000003,-0.032
340.88,-0.03799999999999999
340.92,-0.041999999999999996
340.96,-0.041999999999999996
341.0,-0.041999999999999996
341.04,-0.03799999999999999
341.08,-0.036000000000000004
341.12,-0.036000000000000004
341.16,-0.03
341.2,-0.027999999999999997
341.24,-0.036000000000000004
341.28000000000003,-0.03799999999999999
341.32,-0.034
341.36,-0.03
341.40000000000003,-0.036000000000000004
341.44,-0.03799999999999999
341.48,-0.034
341.52,-0.034
341.56,-0.03799999999999999
341.6,-0.03799999999999999
341.64,-0.039999999999999994
341.68,-0.03799999999999999
341.72,-0.034
341.76,-0.03
341.8,-0.034
341.84000000000003,-0.03799999999999999
341.88,-0.034
341.92,-0.032
341.96,-0.036000000000000004
342.0,-0.032
342.04,-0.032
342.08,-0.03
342.12,-0.034
342.16,-0.03799999999999999
342.2,-0.046
342.24,-0.046
342.28000000000003,-0.046
342.32,-0.041999999999999996
342.36,-0.03799999999999999
342.40000000000003,-0.036000000000000004
342.44,-0.032
342.48,-0.039999999999999994
342.52,-0.036000000000000004
342.56,-0.032
342.6,-0.034
342.64,-0.03799999999999999
342.68,-0.03799999999999999
342.72,-0.032
342.76,-0.034
342.8,-0.036000000000000004
342.84000000000003,-0.036000000000000004
342.88,-0.039999999999999994
342.92,-0.041999999999999996
342.96,-0.036000000000000004
343.0,-0.032
343.04,-0.03799999999999999
343.08,-0.039999999999999994
343.12,-0.034
343.16,-0.036000000000000004
343.2,-0.03799999999999999
343.24,-0.036000000000000004
343.28000000000003,-0.032
343.32,-0.03
343.36,-0.03
343.40000000000003,-0.034
343.44,-0.03799999999999999
343.48,-0.039999999999999994
343.52,-0.039999999999999994
343.56,-0.041999999999999996
343.6,-0.041999999999999996
343.64,-0.03799999999999999
343.68,-0.03799999999999999
343.72,-0.041999999999999996
343.76,-0.039999999999999994
343.8,-0.036000000000000004
343.84000000000003,-0.039999999999999994
343.88,-0.044
343.92,-0.03799999999999999
343.96,-0.036000000000000004
344.0,-0.036000000000000004
344.04,-0.036000000000000004
344.08,-0.03799999999999999
344.12,-0.041999999999999996
344.16,-0.044
344.2,-0.03799999999999999
344.24,-0.03799999999999999
344.28000000000003,-0.044
344.32,-0.041999999999999996
344.36,-0.03799999999999999
344.40000000000003,-0.036000000000000004
344.44,-0.039999999999999994
344.48,-0.03799999999999999
344.52,-0.036000000000000004
344.56,-0.034
344.6,-0.034
344.64,-0.034
344.68,-0.034
344.72,-0.032
344.76,-0.036000000000000004
344.8,-0.03799999999999999
344.84000000000003,-0.044
344.88,-0.041999999999999996
344.92,-0.041999999999999996
344.96,-0.041999999999999996
345.0,-0.03799999999999999
345.04,-0.036000000000000004
345.08,-0.039999999999999994
345.12,-0.041999999999999996
345.16,-0.044
345.2,-0.03799999999999999
345.24,-0.039999999999999994
345.28000000000003,-0.03799999999999999
345.32,-0.036000000000000004
345.36,-0.039999999999999994
345.40000000000003,-0.041999999999999996
345.44,-0.03799999999999999
345.48,-0.039999999999999994
345.52,-0.046
345.56,-0.046
345.6,-0.041999999999999996
345.64,-0.03799999999999999
345.68,-0.046
345.72,-0.041999999999999996
345.76,-0.039999999999999994
345.8,-0.041999999999999996
345.84000000000003,-0.041999999999999996
345.88,-0.03799999999999999
345.92,-0.03799999999999999
345.96,-0.036000000000000004
346.0,-0.032
346.04,-0.036000000000000004
346.08,-0.041999999999999996
346.12,-0.041999999999999996
346.16,-0.044
346.2,-0.041999999999999996
346.24,-0.03799999999999999
346.28000000000003,-0.036000000000000004
346.32,-0.041999999999999996
346.36,-0.041999999999999996
346.40000000000003,-0.041999999999999996
346.44,-0.041999999999999996
346.48,-0.044
346.52,-0.041999999999999996
346.56,-0.03799999999999999
346.6,-0.039999999999999994
346.64,-0.03799999999999999
346.68,-0.034
346.72,-0.03799999999999999
346.76,-0.046
346.8,-0.046
346.84000000000003,-0.03799999999999999
346.88,-0.041999999999999996
346.92,-0.046
346.96,-0.044
347.0,-0.041999999999999996
347.04,-0.046
347.08,-0.046
347.12,-0.044
347.16,-0.041999999999999996
347.2,-0.03799999999999999
347.24,-0.032
347.28000000000003,-0.036000000000000004
347.32,-0.044
347.36,-0.039999999999999994
347.40000000000003,-0.041999999999999996
347.44,-0.041999999999999996
347.48,-0.03799999999999999
347.52,-0.03799999999999999
347.56,-0.041999999999999996
347.6,-0.044
347.64,-0.039999999999999994
347.68,-0.044
347.72,-0.048
347.76,-0.044
347.8,-0.044
347.84000000000003,-0.044
347.88,-0.041999999999999996
347.92,-0.034
347.96,-0.039999999999999994
348.0,-0.046
348.04,-0.041999999999999996
348.08,-0.03799999999999999
348.12,-0.046
348.16,-0.046
348.2,-0.044
348.24,-0.044
348.28000000000003,-0.046
348.32,-0.048
348.36,-0.05
348.40000000000003,-0.048
348.44,-0.041999999999999996
348.48,-0.041999999999999996
348.52,-0.039999999999999994
348.56,-0.041999999999999996
348.6,-0.039999999999999994
348.64,-0.039999999999999994
348.68,-0.041999999999999996
348.72,-0.039999999999999994
348.76,-0.041999999999999996
348.8,-0.044
348.84000000000003,-0.03799999999999999
348.88,-0.036000000000000004
348.92,-0.039999999999999994
348.96,-0.044
349.0,-0.044
349.04,-0.046
349.08,-0.048
349.12,-0.041999999999999996
349.16,-0.039999999999999994
349.2,-0.041999999999999996
349.24,-0.044
349.28000000000003,-0.03799999999999999
349.32,-0.036000000000000004
349.36,-0.044
349.40000000000003,-0.046
349.44,-0.041999999999999996
349.48,-0.041999999999999996
349.52,-0.044
349.56,-0.048
349.6,-0.048
349.64,-0.05
349.68,-0.046
349.72,-0.046
349.76,-0.048
349.8,-0.05
349.84000000000003,-0.044
349.88,-0.041999999999999996
349.92,-0.044
349.96,-0.044
350.0,-0.046
350.04,-0.046
350.08,-0.044
350.12,-0.039999999999999994
350.16,-0.041999999999999996
350.2,-0.041999999999999996
350.24,-0.044
350.28000000000003,-0.046
350.32,-0.05
350.36,-0.046
350.40000000000003,-0.044
350.44,-0.046
350.48,-0.046
350.52,-0.03799999999999999
350.56,-0.036000000000000004
350.6,-0.044
350.64,-0.046
350.68,-0.03799999999999999
350.72,-0.039999999999999994
350.76,-0.044
350.8,-0.044
350.84000000000003,-0.041999999999999996
350.88,-0.046
350.92,-0.046
350.96,-0.048
351.0,-0.052000000000000005
351.04,-0.052000000000000005
351.08,-0.046
351.12,-0.046
351.16,-0.046
351.2,-0.046
351.24,-0.048
351.28000000000003,-0.05
351.32,-0.046
351.36,-0.041999999999999996
351.40000000000003,-0.046
351.44,-0.046
351.48,-0.039999999999999994
351.52,-0.044
351.56,-0.05
351.6,-0.05
351.64,-0.05
351.68,-0.054000000000000006
351.72,-0.052000000000000005
351.76,-0.041999999999999996
351.8,-0.041999999999999996
351.84000000000003,-0.048
351.88,-0.046
351.92,-0.041999999999999996
351.96,-0.041999999999999996
352.0,-0.046
352.04,-0.044
352.08,-0.041999999999999996
352.12,-0.041999999999999996
352.16,-0.041999999999999996
352.2,-0.048
352.24,-0.054000000000000006
352.28000000000003,-0.05
352.32,-0.048
352.36,-0.046
352.40000000000003,-0.048
352.44,-0.046
352.48,-0.05
352.52,-0.05
352.56,-0.048
352.6,-0.05
352.64,-0.05
352.68,-0.044
352.72,-0.039999999999999994
352.76,-0.044
352.8,-0.044
352.84000000000003,-0.044
352.88,-0.048
352.92,-0.054000000000000006
352.96,-0.05
353.0,-0.046
353.04,-0.048
353.08,-0.05
353.12,-0.046
353.16,-0.041999999999999996
353.2,-0.046
353.24,-0.048
353.28000000000003,-0.046
353.32,-0.041999999999999996
353.36,-0.03799999999999999
353.40000000000003,-0.041999999999999996
353.44,-0.046
353.48,-0.05
353.52,-0.046
353.56,-0.046
353.6,-0.05
353.64,-0.05
353.68,-0.05
353.72,-0.05
353.76,-0.05
353.8,-0.05
353.84000000000003,-0.054000000000000006
353.88,-0.054000000000000006
353.92,-0.05
353.96,-0.046
354.0,-0.046
354.04,-0.041999999999999996
354.08,-0.041999999999999996
354.12,-0.046
354.16,-0.052000000000000005
354.2,-0.05
354.24,-0.046
354.28000000000003,-0.05
354.32,-0.052000000000000005
354.36,-0.048
354.40000000000003,-0.044
354.44,-0.05
354.48,-0.052000000000000005
354.52,-0.048
354.56,-0.044
354.6,-0.041999999999999996
354.64,-0.044
354.68,-0.046
354.72,-0.046
354.76,-0.044
354.8,-0.041999999999999996
354.84000000000003,-0.046
354.88,-0.048
354.92,-0.046
354.96,-0.046
355.0,-0.046
355.04,-0.048
355.08,-0.05
355.12,-0.054000000000000006
355.16,-0.052000000000000005
355.2,-0.05
355.24,-0.052000000000000005
355.28000000000003,-0.048
355.32,-0.044
355.36,-0.046
355.40000000000003,-0.05
355.44,-0.046
355.48,-0.046
355.52,-0.052000000000000005
355.56,-0.054000000000000006
355.6,-0.05
355.64,-0.048
355.68,-0.052000000000000005
355.72,-0.052000000000000005
355.76,-0.052000000000000005
355.8,-0.052000000000000005
355.84000000000003,-0.05
355.88,-0.052000000000000005
355.92,-0.052000000000000005
355.96,-0.046
356.0,-0.041999999999999996
356.04,-0.041999999999999996
356.08,-0.05
356.12,-0.046
356.16,-0.046
356.2,-0.046
356.24,-0.044
356.28000000000003,-0.044
356.32,-0.05
356.36,-0.052000000000000005
356.40000000000003,-0.05
356.44,-0.052000000000000005
356.48,-0.054000000000000006
356.52,-0.05
356.56,-0.046
356.6,-0.052000000000000005
356.64,-0.046
356.68,-0.039999999999999994
356.72,-0.044
356.76,-0.054000000000000006
356.8,-0.052000000000000005
356.84000000000003,-0.046
356.88,-0.048
356.92,-0.052000000000000005
356.96,-0.05
357.0,-0.05
357.04,-0.05
357.08,-0.052000000000000005
357.12,-0.055999999999999994
357.16,-0.054000000000000006
357.2,-0.05
357.24,-0.044
357.28000000000003,-0.05
357.32,-0.05
357.36,-0.046
357.40000000000003,-0.046
357.44,-0.046
357.48,-0.046
357.52,-0.046
357.56,-0.048
357.6,-0.046
357.64,-0.046
357.68,-0.052000000000000005
357.72,-0.054000000000000006
357.76,-0.054000000000000006
357.8,-0.054000000000000006
357.84000000000003,-0.055999999999999994
357.88,-0.05
357.92,-0.044
357.96,-0.046
358.0,-0.052000000000000005
358.04,-0.05
358.08,-0.048
358.12,-0.05
358.16,-0.054000000000000006
358.2,-0.05
358.24,-0.046
358.28000000000003,-0.046
358.32,-0.052000000000000005
358.36,-0.055999999999999994
358.40000000000003,-0.054000000000000006
358.44,-0.05
358.48,-0.05
358.52,-0.052000000000000005
358.56,-0.052000000000000005
358.6,-0.05
358.64,-0.05
358.68,-0.05
358.72,-0.046
358.76,-0.046
358.8,-0.048
358.84000000000003,-0.044
358.88,-0.041999999999999996
358.92,-0.046
358.96,-0.05
359.0,-0.052000000000000005
359.04,-0.054000000000000006
359.08,-0.055999999999999994
359.12,-0.052000000000000005
359.16,-0.048
359.2,-0.05
359.24,-0.052000000000000005
359.28000000000003,-0.05
359.32,-0.048
359.36,-0.052000000000000005
359.40000000000003,-0.054000000000000006
359.44,-0.05
359.48,-0.046
359.52,-0.048
359.56,-0.05
359.6,-0.054000000000000006
359.64,-0.054000000000000006
359.68,-0.052000000000000005
359.72,-0.054000000000000006
359.76,-0.055999999999999994
359.8,-0.057999999999999996
359.84000000000003,-0.052000000000000005
359.88,-0.052000000000000005
359.92,-0.054000000000000006
359.96,-0.052000000000000005
360.0,-0.054000000000000006
360.04,-0.052000000000000005
360.08,-0.046
360.12,-0.041999999999999996
360.16,-0.046
360.2,-0.048
360.24,-0.044
360.28000000000003,-0.05
360.32,-0.054000000000000006
360.36,-0.052000000000000005
360.40000000000003,-0.05
360.44,-0.052000000000000005
360.48,-0.052000000000000005
360.52,-0.046
360.56,-0.048
360.6,-0.054000000000000006
360.64,-0.052000000000000005
360.68,-0.046
360.72,-0.046
360.76,-0.05
360.8,-0.05
360.84000000000003,-0.05
360.88,-0.048
360.92,-0.046
360.96,-0.052000000000000005
361.0,-0.055999999999999994
361.04,-0.054000000000000006
361.08,-0.05
361.12,-0.054000000000000006
361.16,-0.054000000000000006
361.2,-0.054000000000000006
361.24,-0.054000000000000006
361.28000000000003,-0.055999999999999994
361.32,-0.052000000000000005
361.36,-0.05
361.40000000000003,-0.052000000000000005
361.44,-0.048
361.48,-0.044
361.52,-0.048
361.56,-0.052000000000000005
361.6,-0.05
361.64,-0.052000000000000005
361.68,-0.055999999999999994
361.72,-0.054000000000000006
361.76,-0.048
361.8,-0.052000000000000005
361.84000000000003,-0.054000000000000006
361.88,-0.054000000000000006
361.92,-0.05
361.96,-0.052000000000000005
362.0,-0.052000000000000005
362.04,-0.052000000000000005
362.08,-0.052000000000000005
362.12,-0.044
362.16,-0.044
362.2,-0.05
362.24,-0.054000000000000006
362.28000000000003,-0.048
362.32,-0.05
362.36,-0.052000000000000005
362.40000000000003,-0.052000000000000005
362.44,-0.052000000000000005
362.48,-0.055999999999999994
362.52,-0.057999999999999996
362.56,-0.054000000000000006
362.6,-0.054000000000000006
362.64,-0.054000000000000006
362.68,-0.052000000000000005
362.72,-0.046
362.76,-0.046
362.8,-0.046
362.84000000000003,-0.046
362.88,-0.052000000000000005
362.92,-0.054000000000000006
362.96,-0.052000000000000005
363.0,-0.05
363.04,-0.05
363.08,-0.054000000000000006
363.12,-0.052000000000000005
363.16,-0.05
363.2,-0.052000000000000005
363.24,-0.055999999999999994
363.28000000000003,-0.057999999999999996
363.32,-0.052000000000000005
363.36,-0.048
363.40000000000003,-0.046
363.44,-0.052000000000000005
363.48,-0.052000000000000005
363.52,-0.05
363.56,-0.05
363.6,-0.052000000000000005
363.64,-0.05
363.68,-0.052000000000000005
363.72,-0.054000000000000006
363.76,-0.054000000000000006
363.8,-0.054000000000000006
363.84000000000003,-0.057999999999999996
363.88,-0.062
363.92,-0.057999999999999996
363.96,-0.054000000000000006
364.0,-0.052000000000000005
364.04,-0.052000000000000005
364.08,-0.048
364.12,-0.052000000000000005
364.16,-0.054000000000000006
364.2,-0.054000000000000006
364.24,-0.05
364.28000000000003,-0.052000000000000005
364.32,-0.054000000000000006
364.36,-0.046
364.40000000000003,-0.046
364.44,-0.052000000000000005
364.48,-0.055999999999999994
364.52,-0.055999999999999994
364.56,-0.054000000000000006
364.6,-0.052000000000000005
364.64,-0.05
364.68,-0.052000000000000005
364.72,-0.05
364.76,-0.05
364.8,-0.05
364.84000000000003,-0.052000000000000005
364.88,-0.048
364.92,-0.046
364.96,-0.05
365.0,-0.052000000000000005
365.04,-0.048
365.08,-0.054000000000000006
365.12,-0.06
365.16,-0.057999999999999996
365.2,-0.054000000000000006
365.24,-0.057999999999999996
365.28000000000003,-0.054000000000000006
365.32,-0.052000000000000005
365.36,-0.052000000000000005
365.40000000000003,-0.054000000000000006
365.44,-0.052000000000000005
365.48,-0.052000000000000005
365.52,-0.055999999999999994
365.56,-0.054000000000000006
365.6,-0.046
365.64,-0.046
365.68,-0.052000000000000005
365.72,-0.054000000000000006
365.76,-0.054000000000000006
365.8,-0.054000000000000006
365.84000000000003,-0.052000000000000005
365.88,-0.054000000000000006
365.92,-0.057999999999999996
365.96,-0.054000000000000006
366.0,-0.05
366.04,-0.052000000000000005
366.08,-0.052000000000000005
366.12,-0.048
366.16,-0.046
366.2,-0.048
366.24,-0.046
366.28000000000003,-0.044
366.32,-0.05
366.36,-0.052000000000000005
366.40000000000003,-0.05
366.44,-0.054000000000000006
366.48,-0.057999999999999996
366.52,-0.054000000000000006
366.56,-0.05
366.6,-0.054000000000000006
366.64,-0.054000000000000006
366.68,-0.052000000000000005
366.72,-0.054000000000000006
366.76,-0.057999999999999996
366.8,-0.054000000000000006
366.84000000000003,-0.048
366.88,-0.05
366.92,-0.052000000000000005
366.96,-0.054000000000000006
367.0,-0.052000000000000005
367.04,-0.05
367.08,-0.05
367.12,-0.054000000000000006
367.16,-0.057999999999999996
367.2,-0.054000000000000006
367.24,-0.052000000000000005
367.28000000000003,-0.054000000000000006
367.32,-0.055999999999999994
367.36,-0.052000000000000005
367.40000000000003,-0.054000000000000006
367.44,-0.054000000000000006
367.48,-0.05
367.52,-0.05
367.56,-0.05
367.6,-0.048
367.64,-0.046
367.68,-0.05
367.72,-0.054000000000000006
367.76,-0.054000000000000006
367.8,-0.054000000000000006
367.84000000000003,-0.054000000000000006
367.88,-0.054000000000000006
367.92,-0.05
367.96,-0.054000000000000006
368.0,-0.057999999999999996
368.04,-0.057999999999999996
368.08,-0.052000000000000005
368.12,-0.052000000000000005
368.16,-0.054000000000000006
368.2,-0.054000000000000006
368.24,-0.05
368.28000000000003,-0.046
368.32,-0.05
368.36,-0.054000000000000006
368.40000000000003,-0.055999999999999994
368.44,-0.054000000000000006
368.48,-0.052000000000000005
368.52,-0.054000000000000006
368.56,-0.054000000000000006
368.6,-0.052000000000000005
368.64,-0.054000000000000006
368.68,-0.057999999999999996
368.72,-0.054000000000000006
368.76,-0.052000000000000005
368.8,-0.05
368.84000000000003,-0.046
368.88,-0.041999999999999996
368.92,-0.046
368.96,-0.054000000000000006
369.0,-0.052000000000000005
369.04,-0.05
369.08,-0.054000000000000006
369.12,-0.054000000000000006
369.16,-0.048
369.2,-0.052000000000000005
369.24,-0.057999999999999996
369.28000000000003,-0.054000000000000006
369.32,-0.052000000000000005
369.36,-0.057999999999999996
369.40000000000003,-0.06
369.44,-0.054000000000000006
369.48,-0.052000000000000005
369.52,-0.048
369.56,-0.05
369.6,-0.054000000000000006
369.64,-0.055999999999999994
369.68,-0.052000000000000005
369.72,-0.048
369.76,-0.054000000000000006
369.8,-0.055999999999999994
369.84000000000003,-0.052000000000000005
369.88,-0.055999999999999994
369.92,-0.057999999999999996
369.96,-0.054000000000000006
370.0,-0.055999999999999994
370.04,-0.055999999999999994
370.08,-0.052000000000000005
370.12,-0.044
370.16,-0.052000000000000005
370.2,-0.052000000000000005
370.24,-0.048
370.28000000000003,-0.05
370.32,-0.054000000000000006
370.36,-0.05
370.40000000000003,-0.046
370.44,-0.05
370.48,-0.054000000000000006
370.52,-0.05
370.56,-0.05
370.6,-0.054000000000000006
370.64,-0.057999999999999996
370.68,-0.057999999999999996
370.72,-0.054000000000000006
370.76,-0.05
370.8,-0.05
370.84000000000003,-0.054000000000000006
370.88,-0.054000000000000006
370.92,-0.048
370.96,-0.05
371.0,-0.054000000000000006
371.04,-0.052000000000000005
371.08,-0.052000000000000005
371.12,-0.054000000000000006
371.16,-0.054000000000000006
371.2,-0.057999999999999996
371.24,-0.057999999999999996
371.28000000000003,-0.057999999999999996
371.32,-0.054000000000000006
371.36,-0.054000000000000006
371.40000000000003,-0.057999999999999996
371.44,-0.054000000000000006
371.48,-0.048
371.52,-0.052000000000000005
371.56,-0.054000000000000006
371.6,-0.052000000000000005
371.64,-0.05
371.68,-0.052000000000000005
371.72,-0.052000000000000005
371.76,-0.046
371.8,-0.046
371.84000000000003,-0.052000000000000005
371.88,-0.055999999999999994
371.92,-0.054000000000000006
371.96,-0.054000000000000006
372.0,-0.054000000000000006
372.04,-0.054000000000000006
372.08,-0.054000000000000006
372.12,-0.052000000000000005
372.16,-0.048
372.2,-0.05
372.24,-0.054000000000000006
372.28000000000003,-0.052000000000000005
372.32,-0.05
372.36,-0.05
372.40000000000003,-0.05
372.44,-0.052000000000000005
372.48,-0.054000000000000006
372.52,-0.054000000000000006
372.56,-0.054000000000000006
372.6,-0.055999999999999994
372.64,-0.057999999999999996
372.68,-0.055999999999999994
372.72,-0.05
372.76,-0.05
372.8,-0.054000000000000006
372.84000000000003,-0.054000000000000006
372.88,-0.052000000000000005
372.92,-0.054000000000000006
372.96,-0.054000000000000006
373.0,-0.046
373.04,-0.044
373.08,-0.05
373.12,-0.052000000000000005
373.16,-0.05
373.2,-0.052000000000000005
373.24,-0.054000000000000006
373.28000000000003,-0.057999999999999996
373.32,-0.055999999999999994
373.36,-0.054000000000000006
373.40000000000003,-0.052000000000000005
373.44,-0.054000000000000006
373.48,-0.057999999999999996
373.52,-0.054000000000000006
373.56,-0.05
373.6,-0.052000000000000005
373.64,-0.052000000000000005
373.68,-0.05
373.72,-0.05
373.76,-0.052000000000000005
373.8,-0.052000000000000005
373.84000000000003,-0.055999999999999994
373.88,-0.06
373.92,-0.055999999999999994
373.96,-0.05
374.0,-0.054000000000000006
374.04,-0.055999999999999994
374.08,-0.052000000000000005
374.12,-0.054000000000000006
374.16,-0.062
374.2,-0.055999999999999994
374.24,-0.05
374.28000000000003,-0.05
374.32,-0.052000000000000005
374.36,-0.046
374.40000000000003,-0.046
374.44,-0.048
374.48,-0.05
374.52,-0.054000000000000006
374.56,-0.054000000000000006
374.6,-0.052000000000000005
374.64,-0.05
374.68,-0.054000000000000006
374.72,-0.054000000000000006
374.76,-0.054000000000000006
374.8,-0.052000000000000005
374.84000000000003,-0.054000000000000006
374.88,-0.052000000000000005
374.92,-0.05
374.96,-0.05
375.0,-0.046
375.04,-0.046
375.08,-0.054000000000000006
375.12,-0.06
375.16,-0.054000000000000006
375.2,-0.052000000000000005
375.24,-0.054000000000000006
375.28000000000003,-0.055999999999999994
375.32,-0.052000000000000005
375.36,-0.054000000000000006
375.40000000000003,-0.06
375.44,-0.057999999999999996
375.48,-0.055999999999999994
375.52,-0.055999999999999994
375.56,-0.054000000000000006
375.6,-0.05
375.64,-0.048
375.68,-0.048
375.72,-0.05
375.76,-0.052000000000000005
375.8,-0.055999999999999994
375.84000000000003,-0.05
375.88,-0.05
375.92,-0.054000000000000006
375.96,-0.054000000000000006
376.0,-0.052000000000000005
376.04,-0.054000000000000006
376.08,-0.054000000000000006
376.12,-0.055999999999999994
376.16,-0.054000000000000006
376.2,-0.052000000000000005
376.24,-0.046
376.28000000000003,-0.046
376.32,-0.054000000000000006
376.36,-0.054000000000000006
376.40000000000003,-0.048
376.44,-0.05
376.48,-0.054000000000000006
376.52,-0.052000000000000005
376.56,-0.048
376.6,-0.052000000000000005
376.64,-0.054000000000000006
376.68,-0.055999999999999994
376.72,-0.055999999999999994
376.76,-0.057999999999999996
376.8,-0.06
376.84000000000003,-0.054000000000000006
376.88,-0.05
376.92,-0.05
376.96,-0.052000000000000005
377.0,-0.052000000000000005
377.04,-0.052000000000000005
377.08,-0.05
377.12,-0.05
377.16,-0.054000000000000006
377.2,-0.052000000000000005
377.24,-0.05
377.28000000000003,-0.052000000000000005
377.32,-0.054000000000000006
377.36,-0.057999999999999996
377.40000000000003,-0.055999999999999994
377.44,-0.052000000000000005
377.48,-0.05
377.52,-0.052000000000000005
377.56,-0.054000000000000006
377.6,-0.052000000000000005
377.64,-0.048
377.68,-0.05
377.72,-0.054000000000000006
377.76,-0.054000000000000006
377.8,-0.05
377.84000000000003,-0.052000000000000005
377.88,-0.052000000000000005
377.92,-0.05
377.96,-0.05
378.0,-0.057999999999999996
378.04,-0.06
378.08,-0.057999999999999996
378.12,-0.054000000000000006
378.16,-0.055999999999999994
378.2,-0.052000000000000005
378.24,-0.052000000000000005
378.28000000000003,-0.05
378.32,-0.05
378.36,-0.05
378.40000000000003,-0.054000000000000006
378.44,-0.05
378.48,-0.046
378.52,-0.05
378.56,-0.054000000000000006
378.6,-0.052000000000000005
378.64,-0.054000000000000006
378.68,-0.054000000000000006
378.72,-0.052000000000000005
378.76,-0.052000000000000005
378.8,-0.054000000000000006
378.84000000000003,-0.054000000000000006
378.88,-0.046
378.92,-0.05
378.96,-0.054000000000000006
379.0,-0.054000000000000006
379.04,-0.05
379.08,-0.052000000000000005
379.12,-0.052000000000000005
379.16,-0.044
379.2,-0.046
379.24,-0.054000000000000006
379.28000000000003,-0.054000000000000006
379.32,-0.054000000000000006
379.36,-0.057999999999999996
379.40000000000003,-0.06
379.44,-0.057999999999999996
379.48,-0.054000000000000006
379.52,-0.052000000000000005
379.56,-0.052000000000000005
379.6,-0.054000000000000006
379.64,-0.055999999999999994
379.68,-0.052000000000000005
379.72,-0.05
379.76,-0.05
379.8,-0.052000000000000005
379.84000000000003,-0.05
379.88,-0.052000000000000005
379.92,-0.054000000000000006
379.96,-0.052000000000000005
380.0,-0.054000000000000006
380.04,-0.057999999999999996
380.08,-0.052000000000000005
380.12,-0.046
380.16,-0.052000000000000005
380.2,-0.054000000000000006
380.24,-0.054000000000000006
380.28000000000003,-0.054000000000000006
380.32,-0.054000000000000006
380.36,-0.05
380.40000000000003,-0.046
380.44,-0.046
380.48,-0.046
380.52,-0.048
380.56,-0.05
380.6,-0.054000000000000006
380.64,-0.055999999999999994
380.68,-0.054000000000000006
380.72,-0.054000000000000006
380.76,-0.052000000000000005
380.8,-0.054000000000000006
380.84000000000003,-0.055999999999999994
380.88,-0.054000000000000006
380.92,-0.054000000000000006
380.96,-0.054000000000000006
381.0,-0.052000000000000005
381.04,-0.052000000000000005
381.08,-0.05
381.12,-0.05
381.16,-0.05
381.2,-0.052000000000000005
381.24,-0.054000000000000006
381.28000000000003,-0.057999999999999996
381.32,-0.054000000000000006
381.36,-0.05
381.40000000000003,-0.052000000000000005
381.44,-0.054000000000000006
381.48,-0.054000000000000006
381.52,-0.054000000000000006
381.56,-0.057999999999999996
381.6,-0.054000000000000006
381.64,-0.05
381.68,-0.048
381.72,-0.05
381.76,-0.046
381.8,-0.046
381.84000000000003,-0.052000000000000005
381.88,-0.052000000000000005
381.92,-0.05
381.96,-0.052000000000000005
382.0,-0.054000000000000006
382.04,-0.054000000000000006
382.08,-0.054000000000000006
382.12,-0.054000000000000006
382.16,-0.052000000000000005
382.2,-0.054000000000000006
382.24,-0.054000000000000006
382.28000000000003,-0.054000000000000006
382.32,-0.05
382.36,-0.048
382.40000000000003,-0.05
382.44,-0.05
382.48,-0.052000000000000005
382.52,-0.055999999999999994
382.56,-0.05
382.6,-0.046
382.64,-0.052000000000000005
382.68,-0.054000000000000006
382.72,-0.048
382.76,-0.052000000000000005
382.8,-0.057999999999999996
382.84000000000003,-0.054000000000000006
382.88,-0.052000000000000005
382.92,-0.054000000000000006
382.96000000000004,-0.05
383.0,-0.046
383.04,-0.046
383.08,-0.05
383.12,-0.048
383.16,-0.046
383.2,-0.05
383.24,-0.052000000000000005
383.28000000000003,-0.054000000000000006
383.32,-0.054000000000000006
383.36,-0.052000000000000005
383.40000000000003,-0.05
383.44,-0.054000000000000006
383.48,-0.057999999999999996
383.52,-0.054000000000000006
383.56,-0.052000000000000005
383.6,-0.054000000000000006
383.64,-0.052000000000000005
383.68,-0.05
383.72,-0.054000000000000006
383.76,-0.054000000000000006
383.8,-0.05
383.84000000000003,-0.05
383.88,-0.054000000000000006
383.92,-0.052000000000000005
383.96000000000004,-0.048
384.0,-0.05
384.04,-0.054000000000000006
384.08,-0.054000000000000006
384.12,-0.054000000000000006
384.16,-0.057999999999999996
384.2,-0.054000000000000006
384.24,-0.048
384.28000000000003,-0.05
384.32,-0.052000000000000005
384.36,-0.044
384.40000000000003,-0.041999999999999996
384.44,-0.046
384.48,-0.052000000000000005
384.52,-0.052000000000000005
384.56,-0.046
384.6,-0.046
384.64,-0.046
384.68,-0.052000000000000005
384.72,-0.052000000000000005
384.76,-0.054000000000000006
384.8,-0.052000000000000005
384.84000000000003,-0.054000000000000006
384.88,-0.052000000000000005
384.92,-0.05
384.96000000000004,-0.052000000000000005
385.0,-0.052000000000000005
385.04,-0.05
385.08,-0.052000000000000005
385.12,-0.054000000000000006
385.16,-0.054000000000000006
385.2,-0.048
385.24,-0.048
385.28000000000003,-0.052000000000000005
385.32,-0.052000000000000005
385.36,-0.052000000000000005
385.40000000000003,-0.055999999999999994
385.44,-0.055999999999999994
385.48,-0.054000000000000006
385.52,-0.057999999999999996
385.56,-0.057999999999999996
385.6,-0.048
385.64,-0.041999999999999996
385.68,-0.05
385.72,-0.054000000000000006
385.76,-0.05
385.8,-0.046
385.84000000000003,-0.046
385.88,-0.048
385.92,-0.046
385.96000000000004,-0.05
386.0,-0.05
386.04,-0.052000000000000005
386.08,-0.054000000000000006
386.12,-0.052000000000000005
386.16,-0.05
386.2,-0.05
386.24,-0.05
386.28000000000003,-0.046
386.32,-0.05
386.36,-0.055999999999999994
386.40000000000003,-0.052000000000000005
386.44,-0.046
386.48,-0.048
386.52,-0.048
386.56,-0.046
386.6,-0.046
386.64,-0.052000000000000005
386.68,-0.052000000000000005
386.72,-0.054000000000000006
386.76,-0.06
386.8,-0.057999999999999996
386.84000000000003,-0.048
386.88,-0.046
386.92,-0.054000000000000006
386.96000000000004,-0.054000000000000006
387.0,-0.05
387.04,-0.05
387.08,-0.048
387.12,-0.046
387.16,-0.046
387.2,-0.046
387.24,-0.046
387.28000000000003,-0.05
387.32,-0.052000000000000005
387.36,-0.052000000000000005
387.40000000000003,-0.05
387.44,-0.054000000000000006
387.48,-0.052000000000000005
387.52,-0.046
387.56,-0.052000000000000005
387.6,-0.055999999999999994
387.64,-0.052000000000000005
387.68,-0.05
387.72,-0.054000000000000006
387.76,-0.052000000000000005
387.8,-0.046
387.84000000000003,-0.046
387.88,-0.046
387.92,-0.046
387.96000000000004,-0.052000000000000005
388.0,-0.057999999999999996
388.04,-0.054000000000000006
388.08,-0.05
388.12,-0.052000000000000005
388.16,-0.055999999999999994
388.2,-0.054000000000000006
388.24,-0.052000000000000005
388.28000000000003,-0.052000000000000005
388.32,-0.05
388.36,-0.05
388.40000000000003,-0.048
388.44,-0.046
388.48,-0.046
388.52,-0.046
388.56,-0.046
388.6,-0.044
388.64,-0.048
388.68,-0.05
388.72,-0.046
388.76,-0.046
388.8,-0.05
388.84000000000003,-0.052000000000000005
388.88,-0.048
388.92,-0.05
388.96000000000004,-0.054000000000000006
389.0,-0.054000000000000006
389.04,-0.05
389.08,-0.046
389.12,-0.046
389.16,-0.044
389.2,-0.046
389.24,-0.054000000000000006
389.28000000000003,-0.05
389.32,-0.048
389.36,-0.052000000000000005
389.40000000000003,-0.055999999999999994
389.44,-0.054000000000000006
389.48,-0.05
389.52,-0.052000000000000005
389.56,-0.054000000000000006
389.6,-0.054000000000000006
389.64,-0.052000000000000005
389.68,-0.052000000000000005
389.72,-0.05
389.76,-0.05
389.8,-0.05
389.84000000000003,-0.046
389.88,-0.048
389.92,-0.048
389.96000000000004,-0.05
390.0,-0.048
390.04,-0.048
390.08,-0.048
390.12,-0.046
390.16,-0.048
390.2,-0.054000000000000006
390.24,-0.055999999999999994
390.28000000000003,-0.052000000000000005
390.32,-0.05
390.36,-0.048
390.40000000000003,-0.046
390.44,-0.046
390.48,-0.048
390.52,-0.041999999999999996
390.56,-0.041999999999999996
390.6,-0.052000000000000005
390.64,-0.055999999999999994
390.68,-0.05
390.72,-0.046
390.76,-0.05
390.8,-0.054000000000000006
390.84000000000003,-0.054000000000000006
390.88,-0.052000000000000005
390.92,-0.054000000000000006
390.96000000000004,-0.052000000000000005
391.0,-0.052000000000000005
391.04,-0.05
391.08,-0.046
391.12,-0.046
391.16,-0.05
391.2,-0.052000000000000005
391.24,-0.046
391.28000000000003,-0.05
391.32,-0.048
391.36,-0.041999999999999996
391.40000000000003,-0.044
391.44,-0.052000000000000005
391.48,-0.054000000000000006
391.52,-0.052000000000000005
391.56,-0.054000000000000006
391.6,-0.054000000000000006
391.64,-0.05
391.68,-0.05
391.72,-0.05
391.76,-0.041999999999999996
391.8,-0.041999999999999996
391.84000000000003,-0.052000000000000005
391.88,-0.052000000000000005
391.92,-0.046
391.96000000000004,-0.044
392.0,-0.05
392.04,-0.052000000000000005
392.08,-0.05
392.12,-0.052000000000000005
392.16,-0.052000000000000005
392.2,-0.054000000000000006
392.24,-0.054000000000000006
392.28000000000003,-0.052000000000000005
392.32,-0.046
392.36,-0.048
392.40000000000003,-0.052000000000000005
392.44,-0.05
392.48,-0.048
392.52,-0.05
392.56,-0.046
392.6,-0.041999999999999996
392.64,-0.044
392.68,-0.046
392.72,-0.046
392.76,-0.048
392.8,-0.05
392.84000000000003,-0.052000000000000005
392.88,-0.052000000000000005
392.92,-0.054000000000000006
392.96000000000004,-0.05
393.0,-0.041999999999999996
393.04,-0.044
393.08,-0.05
393.12,-0.05
393.16,-0.044
393.2,-0.044
393.24,-0.048
393.28000000000003,-0.046
393.32,-0.046
393.36,-0.046
393.40000000000003,-0.05
393.44,-0.052000000000000005
393.48,-0.054000000000000006
393.52,-0.052000000000000005
393.56,-0.05
393.6,-0.052000000000000005
393.64,-0.054000000000000006
393.68,-0.052000000000000005
393.72,-0.052000000000000005
393.76,-0.05
393.8,-0.05
393.84000000000003,-0.048
393.88,-0.048
393.92,-0.046
393.96000000000004,-0.041999999999999996
394.0,-0.044
394.04,-0.048
394.08,-0.05
394.12,-0.052000000000000005
394.16,-0.054000000000000006
394.2,-0.052000000000000005
394.24,-0.046
394.28000000000003,-0.046
394.32,-0.05
394.36,-0.048
394.40000000000003,-0.041999999999999996
394.44,-0.046
394.48,-0.05
394.52,-0.046
394.56,-0.039999999999999994
394.6,-0.039999999999999994
394.64,-0.044
394.68,-0.046
394.72,-0.046
394.76,-0.048
394.8,-0.046
394.84000000000003,-0.048
394.88,-0.054000000000000006
394.92,-0.052000000000000005
394.96000000000004,-0.048
395.0,-0.048
395.04,-0.05
395.08,-0.052000000000000005
395.12,-0.052000000000000005
395.16,-0.05
395.2,-0.046
395.24,-0.041999999999999996
395.28000000000003,-0.046
395.32,-0.046
395.36,-0.048
395.40000000000003,-0.052000000000000005
395.44,-0.054000000000000006
395.48,-0.05
395.52,-0.05
395.56,-0.054000000000000006
395.6,-0.05
395.64,-0.041999999999999996
395.68,-0.048
395.72,-0.054000000000000006
395.76,-0.046
395.8,-0.041999999999999996
395.84000000000003,-0.046
395.88,-0.046
395.92,-0.041999999999999996
395.96000000000004,-0.044
396.0,-0.046
396.04,-0.044
396.08,-0.05
396.12,-0.052000000000000005
396.16,-0.048
396.2,-0.044
396.24,-0.048
396.28000000000003,-0.05
396.32,-0.052000000000000005
396.36,-0.054000000000000006
396.40000000000003,-0.052000000000000005
396.44,-0.046
396.48,-0.046
396.52,-0.044
396.56,-0.039999999999999994
396.6,-0.041999999999999996
396.64,-0.046
396.68,-0.05
396.72,-0.046
396.76,-0.052000000000000005
396.8,-0.054000000000000006
396.84000000000003,-0.046
396.88,-0.041999999999999996
396.92,-0.05
396.96000000000004,-0.052000000000000005
397.0,-0.046
397.04,-0.046
397.08,-0.05
397.12,-0.046
397.16,-0.044
397.2,-0.044
397.24,-0.039999999999999994
397.28000000000003,-0.041999999999999996
397.32,-0.048
397.36,-0.05
397.40000000000003,-0.046
397.44,-0.044
397.48,-0.046
397.52,-0.048
397.56,-0.05
397.6,-0.052000000000000005
397.64,-0.052000000000000005
397.68,-0.05
397.72,-0.054000000000000006
397.76,-0.05
397.8,-0.044
397.84000000000003,-0.044
397.88,-0.046
397.92,-0.044
397.96000000000004,-0.046
398.0,-0.05
398.04,-0.052000000000000005
398.08,-0.046
398.12,-0.046
398.16,-0.05
398.2,-0.05
398.24,-0.046
398.28000000000003,-0.046
398.32,-0.052000000000000005
398.36,-0.05
398.40000000000003,-0.05
398.44,-0.046
398.48,-0.041999999999999996
398.52,-0.041999999999999996
398.56,-0.046
398.6,-0.046
398.64,-0.041999999999999996
398.68,-0.039999999999999994
398.72,-0.044
398.76,-0.046
398.8,-0.046
398.84000000000003,-0.044
398.88,-0.044
398.92,-0.05
398.96000000000004,-0.052000000000000005
399.0,-0.052000000000000005
399.04,-0.046
399.08,-0.046
399.12,-0.046
399.16,-0.044
399.2,-0.041999999999999996
399.24,-0.046
399.28000000000003,-0.046
399.32,-0.046
399.36,-0.048
399.40000000000003,-0.05
399.44,-0.05
399.48,-0.044
399.52,-0.046
399.56,-0.052000000000000005
399.6,-0.052000000000000005
399.64,-0.052000000000000005
399.68,-0.052000000000000005
399.72,-0.048
399.76,-0.046
399.8,-0.048
399.84000000000003,-0.048
399.88,-0.041999999999999996
399.92,-0.039999999999999994
399.96000000000004,-0.046
400.0,-0.046
400.04,-0.044
400.08,-0.041999999999999996
400.12,-0.041999999999999996
400.16,-0.044
400.2,-0.048
400.24,-0.052000000000000005
400.28000000000003,-0.048
400.32,-0.05
400.36,-0.05
400.40000000000003,-0.044
400.44,-0.03799999999999999
400.48,-0.041999999999999996
400.52,-0.044
400.56,-0.041999999999999996
400.6,-0.046
400.64,-0.048
400.68,-0.044
400.72,-0.03799999999999999
400.76,-0.041999999999999996
400.8,-0.048
400.84000000000003,-0.046
400.88,-0.05
400.92,-0.052000000000000005
400.96000000000004,-0.05
401.0,-0.046
401.04,-0.052000000000000005
401.08,-0.05
401.12,-0.041999999999999996
401.16,-0.046
401.2,-0.046
401.24,-0.048
401.28000000000003,-0.041999999999999996
401.32,-0.041999999999999996
401.36,-0.03799999999999999
401.40000000000003,-0.039999999999999994
401.44,-0.044
401.48,-0.046
401.52,-0.046
401.56,-0.052000000000000005
401.6,-0.054000000000000006
401.64,-0.048
401.68,-0.044
401.72,-0.046
401.76,-0.046
401.8,-0.041999999999999996
401.84000000000003,-0.046
401.88,-0.048
401.92,-0.041999999999999996
401.96000000000004,-0.039999999999999994
402.0,-0.046
402.04,-0.044
402.08,-0.044
402.12,-0.046
402.16,-0.048
402.2,-0.046
402.24,-0.05
402.28000000000003,-0.052000000000000005
402.32,-0.05
402.36,-0.044
402.40000000000003,-0.046
402.44,-0.05
402.48,-0.048
402.52,-0.046
402.56,-0.041999999999999996
402.6,-0.044
402.64,-0.041999999999999996
402.68,-0.041999999999999996
402.72,-0.03799999999999999
402.76,-0.041999999999999996
402.8,-0.048
402.84000000000003,-0.05
402.88,-0.046
402.92,-0.046
402.96000000000004,-0.048
403.0,-0.044
403.04,-0.041999999999999996
403.08,-0.046
403.12,-0.044
403.16,-0.041999999999999996
403.2,-0.044
403.24,-0.046
403.28000000000003,-0.046
403.32,-0.041999999999999996
403.36,-0.039999999999999994
403.40000000000003,-0.041999999999999996
403.44,-0.044
403.48,-0.046
403.52,-0.05
403.56,-0.05
403.6,-0.046
403.64,-0.048
403.68,-0.052000000000000005
403.72,-0.05
403.76,-0.046
403.8,-0.05
403.84000000000003,-0.048
403.88,-0.048
403.92,-0.041999999999999996
403.96000000000004,-0.03799999999999999
404.0,-0.039999999999999994
404.04,-0.046
404.08,-0.046
404.12,-0.044
404.16,-0.046
404.2,-0.05
404.24,-0.05
404.28000000000003,-0.046
404.32,-0.046
404.36,-0.044
404.40000000000003,-0.041999999999999996
404.44,-0.041999999999999996
404.48,-0.048
404.52,-0.044
404.56,-0.039999999999999994
404.6,-0.039999999999999994
404.64,-0.03799999999999999
404.68,-0.036000000000000004
404.72,-0.039999999999999994
404.76,-0.044
404.8,-0.041999999999999996
404.84000000000003,-0.041999999999999996
404.88,-0.046
404.92,-0.05
404.96000000000004,-0.044
405.0,-0.044
405.04,-0.05
405.08,-0.05
405.12,-0.052000000000000005
405.16,-0.046
405.2,-0.041999999999999996
405.24,-0.041999999999999996
405.28000000000003,-0.046
405.32,-0.041999999999999996
405.36,-0.03799999999999999
405.40000000000003,-0.044
405.44,-0.05
405.48,-0.048
405.52,-0.05
405.56,-0.046
405.6,-0.046
405.64,-0.041999999999999996
405.68,-0.046
405.72,-0.054000000000000006
405.76,-0.046
405.8,-0.046
405.84000000000003,-0.046
405.88,-0.041999999999999996
405.92,-0.03799999999999999
405.96000000000004,-0.041999999999999996
406.0,-0.041999999999999996
406.04,-0.03799999999999999
406.08,-0.039999999999999994
406.12,-0.046
406.16,-0.041999999999999996
406.2,-0.039999999999999994
406.24,-0.041999999999999996
406.28000000000003,-0.044
406.32,-0.048
406.36,-0.048
406.40000000000003,-0.046
406.44,-0.044
406.48,-0.046
406.52,-0.046
406.56,-0.039999999999999994
406.6,-0.036000000000000004
406.64,-0.041999999999999996
406.68,-0.041999999999999996
406.72,-0.041999999999999996
406.76,-0.046
406.8,-0.05
406.84000000000003,-0.044
406.88,-0.03799999999999999
406.92,-0.046
406.96000000000004,-0.046
407.0,-0.046
407.04,-0.046
407.08,-0.046
407.12,-0.046
407.16,-0.046
407.2,-0.044
407.24,-0.041999999999999996
407.28000000000003,-0.03799999999999999
407.32,-0.039999999999999994
407.36,-0.044
407.40000000000003,-0.039999999999999994
407.44,-0.03799999999999999
407.48,-0.039999999999999994
407.52,-0.044
407.56,-0.044
407.6,-0.046
407.64,-0.041999999999999996
407.68,-0.046
407.72,-0.05
407.76,-0.05
407.8,-0.044
407.84000000000003,-0.041999999999999996
407.88,-0.044
407.92,-0.041999999999999996
407.96000000000004,-0.041999999999999996
408.0,-0.044
408.04,-0.046
408.08,-0.041999999999999996
408.12,-0.041999999999999996
408.16,-0.046
408.2,-0.046
408.24,-0.044
408.28000000000003,-0.041999999999999996
408.32,-0.046
408.36,-0.046
408.40000000000003,-0.046
408.44,-0.046
408.48,-0.046
408.52,-0.041999999999999996
408.56,-0.041999999999999996
408.6,-0.041999999999999996
408.64,-0.039999999999999994
408.68,-0.036000000000000004
408.72,-0.039999999999999994
408.76,-0.041999999999999996
408.8,-0.03799999999999999
408.84000000000003,-0.036000000000000004
408.88,-0.03799999999999999
408.92,-0.041999999999999996
408.96000000000004,-0.046
409.0,-0.046
409.04,-0.044
409.08,-0.046
409.12,-0.046
409.16,-0.044
409.2,-0.03799999999999999
409.24,-0.041999999999999996
409.28000000000003,-0.044
409.32,-0.041999999999999996
409.36,-0.041999999999999996
409.40000000000003,-0.046
409.44,-0.046
409.48,-0.03799999999999999
409.52,-0.03799999999999999
409.56,-0.044
409.6,-0.044
409.64,-0.046
409.68,-0.05
409.72,-0.05
409.76,-0.046
409.8,-0.046
409.84000000000003,-0.046
409.88,-0.041999999999999996
409.92,-0.039999999999999994
409.96000000000004,-0.046
410.0,-0.046
410.04,-0.03799999999999999
410.08,-0.036000000000000004
410.12,-0.036000000000000004
410.16,-0.03799999999999999
410.2,-0.044
410.24,-0.041999999999999996
410.28000000000003,-0.03799999999999999
410.32,-0.044
410.36,-0.048
410.40000000000003,-0.044
410.44,-0.03799999999999999
410.48,-0.041999999999999996
410.52,-0.041999999999999996
410.56,-0.03799999999999999
410.6,-0.041999999999999996
410.64,-0.046
410.68,-0.044
410.72,-0.036000000000000004
410.76,-0.03799999999999999
410.8,-0.039999999999999994
410.84000000000003,-0.03799999999999999
410.88,-0.041999999999999996
410.92,-0.044
410.96000000000004,-0.044
411.0,-0.046
411.04,-0.05
411.08,-0.046
411.12,-0.041999999999999996
411.16,-0.041999999999999996
411.2,-0.05
411.24,-0.046
411.28000000000003,-0.041999999999999996
411.32,-0.03799999999999999
411.36,-0.03799999999999999
411.40000000000003,-0.039999999999999994
411.44,-0.041999999999999996
411.48,-0.03799999999999999
411.52,-0.036000000000000004
411.56,-0.044
411.6,-0.048
411.64,-0.041999999999999996
411.68,-0.041999999999999996
411.72,-0.046
411.76,-0.041999999999999996
411.8,-0.036000000000000004
411.84000000000003,-0.041999999999999996
411.88,-0.048
411.92,-0.041999999999999996
411.96000000000004,-0.039999999999999994
412.0,-0.041999999999999996
412.04,-0.039999999999999994
412.08,-0.036000000000000004
412.12,-0.03799999999999999
412.16,-0.03799999999999999
412.2,-0.039999999999999994
412.24,-0.044
412.28000000000003,-0.046
412.32,-0.041999999999999996
412.36,-0.03799999999999999
412.40000000000003,-0.046
412.44,-0.048
412.48,-0.046
412.52,-0.046
412.56,-0.041999999999999996
412.6,-0.041999999999999996
412.64,-0.044
412.68,-0.041999999999999996
412.72,-0.036000000000000004
412.76,-0.036000000000000004
412.8,-0.039999999999999994
412.84000000000003,-0.041999999999999996
412.88,-0.039999999999999994
412.92,-0.044
412.96000000000004,-0.046
413.0,-0.03799999999999999
413.04,-0.036000000000000004
413.08,-0.041999999999999996
413.12,-0.046
413.16,-0.039999999999999994
413.2,-0.039999999999999994
413.24,-0.044
413.28000000000003,-0.041999999999999996
413.32,-0.039999999999999994
413.36,-0.03799999999999999
413.40000000000003,-0.036000000000000004
413.44,-0.039999999999999994
413.48,-0.03799999999999999
413.52,-0.041999999999999996
413.56,-0.03799999999999999
413.6,-0.03799999999999999
413.64,-0.044
413.68,-0.046
413.72,-0.044
413.76,-0.044
413.8,-0.046
413.84000000000003,-0.048
413.88,-0.046
413.92,-0.046
413.96000000000004,-0.041999999999999996
414.0,-0.03799999999999999
414.04,-0.039999999999999994
414.08,-0.03799999999999999
414.12,-0.03799999999999999
414.16,-0.041999999999999996
414.2,-0.044
414.24,-0.041999999999999996
414.28000000000003,-0.036000000000000004
414.32,-0.041999999999999996
414.36,-0.041999999999999996
414.40000000000003,-0.03799999999999999
414.44,-0.03799999999999999
414.48,-0.044
414.52,-0.046
414.56,-0.041999999999999996
414.6,-0.039999999999999994
414.64,-0.039999999999999994
414.68,-0.03799999999999999
414.72,-0.036000000000000004
414.76,-0.036000000000000004
414.8,-0.034
414.84000000000003,-0.036000000000000004
414.88,-0.041999999999999996
414.92,-0.041999999999999996
414.96000000000004,-0.03799999999999999
415.0,-0.036000000000000004
415.04,-0.044
415.08,-0.046
415.12,-0.046
415.16,-0.046
415.2,-0.044
415.24,-0.041999999999999996
415.28000000000003,-0.044
415.32,-0.03799999999999999
415.36,-0.036000000000000004
415.40000000000003,-0.041999999999999996
415.44,-0.046
415.48,-0.041999999999999996
415.52,-0.039999999999999994
415.56,-0.044
415.6,-0.041999999999999996
415.64,-0.036000000000000004
415.68,-0.036000000000000004
415.72,-0.044
415.76,-0.041999999999999996
415.8,-0.041999999999999996
415.84000000000003,-0.041999999999999996
415.88,-0.046
415.92,-0.041999999999999996
415.96000000000004,-0.041999999999999996
416.0,-0.036000000000000004
416.04,-0.034
416.08,-0.03799999999999999
416.12,-0.041999999999999996
416.16,-0.03799999999999999
416.2,-0.034
416.24,-0.036000000000000004
416.28000000000003,-0.036000000000000004
416.32,-0.03799999999999999
416.36,-0.041999999999999996
416.40000000000003,-0.041999999999999996
416.44,-0.041999999999999996
416.48,-0.046
416.52,-0.046
416.56,-0.039999999999999994
416.6,-0.036000000000000004
416.64,-0.039999999999999994
416.68,-0.044
416.72,-0.036000000000000004
416.76,-0.03799999999999999
416.8,-0.046
416.84000000000003,-0.03799999999999999
416.88,-0.036000000000000004
416.92,-0.03799999999999999
416.96000000000004,-0.03799999999999999
417.0,-0.03799999999999999
417.04,-0.03799999999999999
417.08,-0.041999999999999996
417.12,-0.046
417.16,-0.046
417.2,-0.044
417.24,-0.03799999999999999
417.28000000000003,-0.036000000000000004
417.32,-0.041999999999999996
417.36,-0.041999999999999996
417.40000000000003,-0.03799999999999999
417.44,-0.034
417.48,-0.036000000000000004
417.52,-0.036000000000000004
417.56,-0.036000000000000004
417.6,-0.036000000000000004
417.64,-0.036000000000000004
417.68,-0.039999999999999994
417.72,-0.046
417.76,-0.046
417.8,-0.041999999999999996
417.84000000000003,-0.039999999999999994
417.88,-0.041999999999999996
417.92,-0.039999999999999994
417.96000000000004,-0.036000000000000004
418.0,-0.03799999999999999
418.04,-0.044
418.08,-0.039999999999999994
418.12,-0.036000000000000004
418.16,-0.041999999999999996
418.2,-0.03799999999999999
418.24,-0.034
418.28000000000003,-0.034
418.32,-0.03799999999999999
418.36,-0.041999999999999996
418.40000000000003,-0.044
418.44,-0.044
418.48,-0.041999999999999996
418.52,-0.039999999999999994
418.56,-0.044
418.6,-0.046
418.64,-0.039999999999999994
418.68,-0.036000000000000004
418.72,-0.03799999999999999
418.76,-0.039999999999999994
418.8,-0.036000000000000004
418.84000000000003,-0.036000000000000004
418.88,-0.034
418.92,-0.034
418.96000000000004,-0.03799999999999999
419.0,-0.039999999999999994
419.04,-0.03799999999999999
419.08,-0.03799999999999999
419.12,-0.041999999999999996
419.16,-0.041999999999999996
419.2,-0.036000000000000004
419.24,-0.03799999999999999
419.28000000000003,-0.046
419.32,-0.039999999999999994
419.36,-0.03799999999999999
419.40000000000003,-0.044
419.44,-0.046
419.48,-0.03799999999999999
419.52,-0.034
419.56,-0.03799999999999999
419.6,-0.03799999999999999
419.64,-0.039999999999999994
419.68,-0.041999999999999996
419.72,-0.039999999999999994
419.76,-0.03799999999999999
419.8,-0.044
419.84000000000003,-0.046
419.88,-0.041999999999999996
419.92,-0.03799999999999999
419.96000000000004,-0.044
420.0,-0.044
420.04,-0.039999999999999994
420.08,-0.03799999999999999
420.12,-0.036000000000000004
420.16,-0.034
420.2,-0.036000000000000004
420.24,-0.034
420.28000000000003,-0.03
420.32,-0.036000000000000004
420.36,-0.044
420.40000000000003,-0.03799999999999999
420.44,-0.034
420.48,-0.036000000000000004
420.52,-0.039999999999999994
420.56,-0.036000000000000004
420.6,-0.036000000000000004
420.64,-0.046
420.68,-0.041999999999999996
420.72,-0.03799999999999999
420.76,-0.036000000000000004
420.8,-0.036000000000000004
420.84000000000003,-0.03
420.88,-0.03
420.92,-0.036000000000000004
420.96000000000004,-0.036000000000000004
421.0,-0.03799999999999999
421.04,-0.044
421.08,-0.041999999999999996
421.12,-0.03799999999999999
421.16,-0.03799999999999999
421.2,-0.044
421.24,-0.044
421.28000000000003,-0.044
421.32,-0.041999999999999996
421.36,-0.039999999999999994
421.40000000000003,-0.039999999999999994
421.44,-0.03799999999999999
421.48,-0.034
421.52,-0.03
421.56,-0.03799999999999999
421.6,-0.041999999999999996
421.64,-0.03799999999999999
421.68,-0.036000000000000004
421.72,-0.03799999999999999
421.76,-0.03799999999999999
421.8,-0.034
421.84000000000003,-0.036000000000000004
421.88,-0.039999999999999994
421.92,-0.039999999999999994
421.96000000000004,-0.039999999999999994
422.0,-0.041999999999999996
422.04,-0.039999999999999994
422.08,-0.03799999999999999
422.12,-0.036000000000000004
422.16,-0.034
422.2,-0.032
422.24,-0.036000000000000004
422.28000000000003,-0.03799999999999999
422.32,-0.03799999999999999
422.36,-0.034
422.40000000000003,-0.036000000000000004
422.44,-0.03799999999999999
422.48,-0.039999999999999994
422.52,-0.041999999999999996
422.56,-0.039999999999999994
422.6,-0.044
422.64,-0.046
422.68,-0.041999999999999996
422.72,-0.034
422.76,-0.034
422.8,-0.03799999999999999
422.84000000000003,-0.041999999999999996
422.88,-0.03799999999999999
422.92,-0.03799999999999999
422.96000000000004,-0.036000000000000004
423.0,-0.03799999999999999
423.04,-0.034
423.08,-0.034
423.12,-0.036000000000000004
423.16,-0.034
423.2,-0.036000000000000004
423.24,-0.041999999999999996
423.28000000000003,-0.044
423.32,-0.039999999999999994
423.36,-0.03799999999999999
423.40000000000003,-0.036000000000000004
423.44,-0.036000000000000004
423.48,-0.036000000000000004
423.52,-0.03799999999999999
423.56,-0.036000000000000004
423.6,-0.034
423.64,-0.034
423.68,-0.036000000000000004
423.72,-0.036000000000000004
423.76,-0.036000000000000004
423.8,-0.03799999999999999
423.84000000000003,-0.041999999999999996
423.88,-0.046
423.92,-0.044
423.96000000000004,-0.03799999999999999
424.0,-0.036000000000000004
424.04,-0.041999999999999996
424.08,-0.041999999999999996
424.12,-0.036000000000000004
424.16,-0.036000000000000004
424.2,-0.03799999999999999
424.24,-0.03799999999999999
424.28000000000003,-0.034
424.32,-0.036000000000000004
424.36,-0.036000000000000004
424.40000000000003,-0.03
424.44,-0.03
424.48,-0.03799999999999999
424.52,-0.039999999999999994
424.56,-0.03799999999999999
424.6,-0.039999999999999994
424.64,-0.03799999999999999
424.68,-0.036000000000000004
424.72,-0.036000000000000004
424.76,-0.03799999999999999
424.8,-0.036000000000000004
424.84000000000003,-0.032
424.88,-0.036000000000000004
424.92,-0.036000000000000004
424.96000000000004,-0.032
425.0,-0.03
425.04,-0.034
425.08,-0.036000000000000004
425.12,-0.03799999999999999
425.16,-0.041999999999999996
425.2,-0.03799999999999999
425.24,-0.03799999999999999
425.28000000000003,-0.046
425.32,-0.044
425.36,-0.036000000000000004
425.40000000000003,-0.03799999999999999
425.44,-0.041999999999999996
425.48,-0.039999999999999994
425.52,-0.03799999999999999
425.56,-0.044
425.6,-0.041999999999999996
425.64,-0.032
425.68,-0.032
425.72,-0.036000000000000004
425.76,-0.036000000000000004
425.8,-0.036000000000000004
425.84000000000003,-0.039999999999999994
425.88,-0.03799999999999999
425.92,-0.036000000000000004
425.96000000000004,-0.03799999999999999
426.0,-0.041999999999999996
426.04,-0.036000000000000004
426.08,-0.034
426.12,-0.03799999999999999
426.16,-0.03799999999999999
426.2,-0.034
426.24,-0.03
426.28000000000003,-0.03
426.32,-0.03
426.36,-0.034
426.40000000000003,-0.032
426.44,-0.03
426.48,-0.034
426.52,-0.041999999999999996
426.56,-0.03799999999999999
426.6,-0.034
426.64,-0.036000000000000004
426.68,-0.03799999999999999
426.72,-0.036000000000000004
426.76,-0.03799999999999999
426.8,-0.041999999999999996
426.84000000000003,-0.039999999999999994
426.88,-0.036000000000000004
426.92,-0.036000000000000004
426.96000000000004,-0.036000000000000004
427.0,-0.032
427.04,-0.032
427.08,-0.03799999999999999
427.12,-0.03799999999999999
427.16,-0.036000000000000004
427.2,-0.039999999999999994
427.24,-0.03799999999999999
427.28000000000003,-0.036000000000000004
427.32,-0.036000000000000004
427.36,-0.039999999999999994
427.40000000000003,-0.03799999999999999
427.44,-0.03799999999999999
427.48,-0.03799999999999999
427.52,-0.036000000000000004
427.56,-0.036000000000000004
427.6,-0.034
427.64,-0.027999999999999997
427.68,-0.025999999999999995
427.72,-0.034
427.76,-0.03799999999999999
427.8,-0.036000000000000004
427.84000000000003,-0.034
427.88,-0.036000000000000004
427.92,-0.036000000000000004
427.96000000000004,-0.034
428.0,-0.036000000000000004
428.04,-0.041999999999999996
428.08,-0.03799999999999999
428.12,-0.03799999999999999
428.16,-0.039999999999999994
428.2,-0.03799999999999999
428.24,-0.034
428.28000000000003,-0.032
428.32,-0.034
428.36,-0.034
428.40000000000003,-0.034
428.44,-0.036000000000000004
428.48,-0.03799999999999999
428.52,-0.036000000000000004
428.56,-0.036000000000000004
428.6,-0.03799999999999999
428.64,-0.03799999999999999
428.68,-0.036000000000000004
428.72,-0.03799999999999999
428.76,-0.039999999999999994
428.8,-0.03799999999999999
428.84000000000003,-0.034
428.88,-0.027999999999999997
428.92,-0.027999999999999997
428.96000000000004,-0.034
429.0,-0.036000000000000004
429.04,-0.034
429.08,-0.03
429.12,-0.034
429.16,-0.034
429.2,-0.032
429.24,-0.032
429.28000000000003,-0.036000000000000004
429.32,-0.036000000000000004
429.36,-0.03799999999999999
429.40000000000003,-0.041999999999999996
429.44,-0.041999999999999996
429.48,-0.036000000000000004
429.52,-0.034
429.56,-0.036000000000000004
429.6,-0.032
429.64,-0.03
429.68,-0.036000000000000004
429.72,-0.036000000000000004
429.76,-0.036000000000000004
429.8,-0.036000000000000004
429.84000000000003,-0.03799999999999999
429.88,-0.034
429.92,-0.034
429.96000000000004,-0.03799999999999999
430.0,-0.041999999999999996
430.04,-0.041999999999999996
430.08,-0.03799999999999999
430.12,-0.034
430.16,-0.032
430.2,-0.036000000000000004
430.24,-0.036000000000000004
430.28000000000003,-0.03
430.32,-0.03
430.36,-0.036000000000000004
430.40000000000003,-0.034
430.44,-0.027999999999999997
430.48,-0.03
430.52,-0.03
430.56,-0.03
430.6,-0.027999999999999997
430.64,-0.03799999999999999
430.68,-0.03799999999999999
430.72,-0.034
430.76,-0.036000000000000004
430.8,-0.03799999999999999
430.84000000000003,-0.034
430.88,-0.032
430.92,-0.034
430.96000000000004,-0.032
431.0,-0.034
431.04,-0.034
431.08,-0.036000000000000004
431.12,-0.03
431.16,-0.032
431.2,-0.034
431.24,-0.03799999999999999
431.28000000000003,-0.039999999999999994
431.32,-0.03799999999999999
431.36,-0.03799999999999999
431.40000000000003,-0.03799999999999999
431.44,-0.041999999999999996
431.48,-0.03799999999999999
431.52,-0.03
431.56,-0.034
431.6,-0.03799999999999999
431.64,-0.036000000000000004
431.68,-0.032
431.72,-0.034
431.76,-0.032
431.8,-0.025999999999999995
431.84000000000003,-0.027999999999999997
431.88,-0.03
431.92,-0.034
431.96000000000004,-0.032
432.0,-0.036000000000000004
432.04,-0.03799999999999999
432.08,-0.036000000000000004
432.12,-0.034
432.16,-0.034
432.2,-0.032
432.24,-0.032
432.28000000000003,-0.034
432.32,-0.034
432.36,-0.025999999999999995
432.40000000000003,-0.03
432.44,-0.034
432.48,-0.034
432.52,-0.03
432.56,-0.032
432.6,-0.034
432.64,-0.03799999999999999
432.68,-0.039999999999999994
432.72,-0.03799999999999999
432.76,-0.034
432.8,-0.034
432.84000000000003,-0.03799999999999999
432.88,-0.036000000000000004
432.92,-0.036000000000000004
432.96000000000004,-0.03799999999999999
433.0,-0.036000000000000004
433.04,-0.027999999999999997
433.08,-0.027999999999999997
433.12,-0.03
433.16,-0.025999999999999995
433.2,-0.027999999999999997
433.24,-0.034
433.28000000000003,-0.03799999999999999
433.32,-0.036000000000000004
433.36,-0.036000000000000004
433.40000000000003,-0.036000000000000004
433.44,-0.034
433.48,-0.034
433.52,-0.036000000000000004
433.56,-0.036000000000000004
433.6,-0.032
433.64,-0.034
433.68,-0.036000000000000004
433.72,-0.032
433.76,-0.027999999999999997
433.8,-0.03
433.84000000000003,-0.032
433.88,-0.034
433.92,-0.03799999999999999
433.96000000000004,-0.036000000000000004
434.0,-0.034
434.04,-0.036000000000000004
434.08,-0.03799999999999999
434.12,-0.034
434.16,-0.034
434.2,-0.039999999999999994
434.24,-0.03799999999999999
434.28000000000003,-0.034
434.32,-0.034
434.36,-0.034
434.40000000000003,-0.025999999999999995
434.44,-0.022000000000000006
434.48,-0.03
434.52,-0.034
434.56,-0.03
434.6,-0.032
434.64,-0.034
434.68,-0.032
434.72,-0.034
434.76,-0.034
434.8,-0.032
434.84000000000003,-0.03
434.88,-0.036000000000000004
434.92,-0.03799999999999999
434.96000000000004,-0.03
435.0,-0.025999999999999995
435.04,-0.027999999999999997
435.08,-0.03
435.12,-0.032
435.16,-0.034
435.2,-0.032
435.24,-0.03
435.28000000000003,-0.036000000000000004
435.32,-0.036000000000000004
435.36,-0.03
435.40000000000003,-0.034
435.44,-0.039999999999999994
435.48,-0.03799999999999999
435.52,-0.03799999999999999
435.56,-0.039999999999999994
435.6,-0.03799999999999999
435.64,-0.03
435.68,-0.025999999999999995
435.72,-0.032
435.76,-0.03
435.8,-0.025999999999999995
435.84000000000003,-0.032
435.88,-0.034
435.92,-0.034
435.96000000000004,-0.034
436.0,-0.032
436.04,-0.03
436.08,-0.03
436.12,-0.03799999999999999
436.16,-0.03799999999999999
436.2,-0.034
436.24,-0.027999999999999997
436.28000000000003,-0.03
436.32,-0.03
436.36,-0.03
436.40000000000003,-0.027999999999999997
436.44,-0.027999999999999997
436.48,-0.03
436.52,-0.034
436.56,-0.03
436.6,-0.027999999999999997
436.64,-0.03
436.68,-0.034
436.72,-0.034
436.76,-0.034
436.8,-0.039999999999999994
436.84000000000003,-0.039999999999999994
436.88,-0.034
436.92,-0.032
436.96000000000004,-0.034
437.0,-0.034
437.04,-0.027999999999999997
437.08,-0.027999999999999997
437.12,-0.034
437.16,-0.036000000000000004
437.2,-0.032
437.24,-0.032
437.28000000000003,-0.03
437.32,-0.03
437.36,-0.036000000000000004
437.40000000000003,-0.03799999999999999
437.44,-0.034
437.48,-0.03
437.52,-0.036000000000000004
437.56,-0.036000000000000004
437.6,-0.03
437.64,-0.027999999999999997
437.68,-0.03
437.72,-0.032
437.76,-0.03
437.8,-0.03
437.84000000000003,-0.027999999999999997
437.88,-0.03
437.92,-0.03
437.96000000000004,-0.027999999999999997
438.0,-0.03
438.04,-0.036000000000000004
438.08,-0.03799999999999999
438.12,-0.034
438.16,-0.036000000000000004
438.2,-0.039999999999999994
438.24,-0.034
438.28000000000003,-0.027999999999999997
438.32,-0.03
438.36,-0.034
438.40000000000003,-0.034
438.44,-0.03
438.48,-0.03
438.52,-0.03
438.56,-0.03
438.6,-0.034
438.64,-0.032
438.68,-0.027999999999999997
438.72,-0.032
438.76,-0.036000000000000004
438.8,-0.036000000000000004
438.84000000000003,-0.032
438.88,-0.03
438.92,-0.032
438.96000000000004,-0.03
439.0,-0.032
439.04,-0.03
439.08,-0.03
439.12,-0.027999999999999997
439.16,-0.03
439.2,-0.023999999999999994
439.24,-0.023999999999999994
439.28000000000003,-0.03
439.32,-0.03
439.36,-0.032
439.40000000000003,-0.03799999999999999
439.44,-0.041999999999999996
439.48,-0.034
439.52,-0.03
439.56,-0.036000000000000004
439.6,-0.036000000000000004
439.64,-0.032
439.68,-0.03
439.72,-0.034
439.76,-0.034
439.8,-0.034
439.84000000000003,-0.034
439.88,-0.03
439.92,-0.025999999999999995
439.96000000000004,-0.034
440.0,-0.036000000000000004
440.04,-0.034
440.08,-0.036000000000000004
440.12,-0.034
440.16,-0.034
440.2,-0.032
440.24,-0.034
440.28000000000003,-0.03
440.32,-0.032
440.36,-0.034
440.40000000000003,-0.032
440.44,-0.023999999999999994
440.48,-0.023999999999999994
440.52,-0.023999999999999994
440.56,-0.022000000000000006
440.6,-0.025999999999999995
440.64,-0.032
440.68,-0.034
440.72,-0.03
440.76,-0.03
440.8,-0.036000000000000004
440.84000000000003,-0.034
440.88,-0.03
440.92,-0.03
440.96000000000004,-0.03
441.0,-0.034
441.04,-0.034
441.08,-0.034
441.12,-0.027999999999999997
441.16,-0.025999999999999995
441.2,-0.03
441.24,-0.032
441.28000000000003,-0.032
441.32,-0.03
441.36,-0.034
441.40000000000003,-0.034
441.44,-0.034
441.48,-0.032
441.52,-0.032
441.56,-0.034
441.6,-0.03799999999999999
441.64,-0.036000000000000004
441.68,-0.034
441.72,-0.03
441.76,-0.03
441.8,-0.023999999999999994
441.84000000000003,-0.022000000000000006
441.88,-0.03
441.92,-0.03
441.96000000000004,-0.025999999999999995
442.0,-0.03
442.04,-0.036000000000000004
442.08,-0.034
442.12,-0.027999999999999997
442.16,-0.03
442.2,-0.034
442.24,-0.034
442.28000000000003,-0.034
442.32,-0.034
442.36,-0.027999999999999997
442.40000000000003,-0.025999999999999995
442.44,-0.03
442.48,-0.03
442.52,-0.027999999999999997
442.56,-0.027999999999999997
442.6,-0.032
442.64,-0.03
442.68,-0.027999999999999997
442.72,-0.03
442.76,-0.03
442.8,-0.032
442.84000000000003,-0.036000000000000004
442.88,-0.03799999999999999
442.92,-0.034
442.96000000000004,-0.034
443.0,-0.034
443.04,-0.027999999999999997
443.08,-0.025999999999999995
443.12,-0.027999999999999997
443.16,-0.025999999999999995
443.2,-0.022000000000000006
443.24,-0.027999999999999997
443.28000000000003,-0.034
443.32,-0.03
443.36,-0.025999999999999995
443.40000000000003,-0.027999999999999997
443.44,-0.032
443.48,-0.03
443.52,-0.034
443.56,-0.034
443.6,-0.03
443.64,-0.03
443.68,-0.034
443.72,-0.03
443.76,-0.023999999999999994
443.8,-0.027999999999999997
443.84000000000003,-0.034
443.88,-0.03
443.92,-0.027999999999999997
443.96000000000004,-0.03
444.0,-0.03
444.04,-0.03
444.08,-0.032
444.12,-0.034
444.16,-0.032
444.2,-0.036000000000000004
444.24,-0.036000000000000004
444.28000000000003,-0.034
444.32,-0.03
444.36,-0.032
444.40000000000003,-0.025999999999999995
444.44,-0.022000000000000006
444.48,-0.03
444.52,-0.032
444.56,-0.025999999999999995
444.6,-0.025999999999999995
444.64,-0.027999999999999997
444.68,-0.03
444.72,-0.025999999999999995
444.76,-0.025999999999999995
444.8,-0.027999999999999997
444.84000000000003,-0.027999999999999997
444.88,-0.03
444.92,-0.034
444.96000000000004,-0.03
445.0,-0.023999999999999994
445.04,-0.025999999999999995
445.08,-0.03
445.12,-0.027999999999999997
445.16,-0.025999999999999995
445.2,-0.025999999999999995
445.24,-0.03
445.28000000000003,-0.027999999999999997
445.32,-0.025999999999999995
445.36,-0.025999999999999995
445.40000000000003,-0.027999999999999997
445.44,-0.032
445.48,-0.036000000000000004
445.52,-0.036000000000000004
445.56,-0.036000000000000004
445.6,-0.036000000000000004
445.64,-0.03
445.68,-0.025999999999999995
445.72,-0.03
445.76,-0.032
445.8,-0.03
445.84000000000003,-0.027999999999999997
445.88,-0.03
445.92,-0.03
445.96000000000004,-0.027999999999999997
446.0,-0.025999999999999995
446.04,-0.027999999999999997
446.08,-0.025999999999999995
446.12,-0.03
446.16,-0.034
446.2,-0.03
446.24,-0.025999999999999995
446.28000000000003,-0.027999999999999997
446.32,-0.03
446.36,-0.025999999999999995
446.40000000000003,-0.025999999999999995
446.44,-0.027999999999999997
446.48,-0.03
446.52,-0.027999999999999997
446.56,-0.023999999999999994
446.6,-0.022000000000000006
446.64,-0.022000000000000006
446.68,-0.025999999999999995
446.72,-0.03
446.76,-0.03
446.8,-0.03
446.84000000000003,-0.03
446.88,-0.027999999999999997
446.92,-0.025999999999999995
446.96000000000004,-0.03
447.0,-0.03
447.04,-0.025999999999999995
447.08,-0.027999999999999997
447.12,-0.032
447.16,-0.03
447.2,-0.025999999999999995
447.24,-0.027999999999999997
447.28000000000003,-0.023999999999999994
447.32,-0.022000000000000006
447.36,-0.03
447.40000000000003,-0.032
447.44,-0.027999999999999997
447.48,-0.027999999999999997
447.52,-0.034
447.56,-0.032
447.6,-0.025999999999999995
447.64,-0.025999999999999995
447.68,-0.03
447.72,-0.034
447.76,-0.032
447.8,-0.027999999999999997
447.84000000000003,-0.022000000000000006
447.88,-0.022000000000000006
447.92,-0.025999999999999995
447.96000000000004,-0.025999999999999995
448.0,-0.023999999999999994
448.04,-0.03
448.08,-0.032
448.12,-0.03
448.16,-0.03
448.2,-0.036000000000000004
448.24,-0.034
448.28000000000003,-0.027999999999999997
448.32,-0.03
448.36,-0.034
448.40000000000003,-0.03
448.44,-0.03
448.48,-0.03
448.52,-0.025999999999999995
448.56,-0.023999999999999994
448.6,-0.027999999999999997
448.64,-0.03
448.68,-0.023999999999999994
448.72,-0.025999999999999995
448.76,-0.034
448.8,-0.032
448.84000000000003,-0.023999999999999994
448.88,-0.023999999999999994
448.92,-0.03
448.96000000000004,-0.034
449.0,-0.032
449.04,-0.027999999999999997
449.08,-0.027999999999999997
449.12,-0.027999999999999997
449.16,-0.027999999999999997
449.2,-0.022000000000000006
449.24,-0.018000000000000002
449.28000000000003,-0.022000000000000006
449.32,-0.025999999999999995
449.36,-0.023999999999999994
449.40000000000003,-0.027999999999999997
449.44,-0.034
449.48,-0.03
449.52,-0.025999999999999995
449.56,-0.03
449.6,-0.03
449.64,-0.03
449.68,-0.032
449.72,-0.034
449.76,-0.03
449.8,-0.027999999999999997
449.84000000000003,-0.03
449.88,-0.027999999999999997
449.92,-0.022000000000000006
449.96000000000004,-0.025999999999999995
450.0,-0.034
450.04,-0.032
450.08,-0.025999999999999995
450.12,-0.025999999999999995
450.16,-0.032
450.2,-0.03
450.24,-0.03
450.28000000000003,-0.027999999999999997
450.32,-0.03
450.36,-0.034
450.40000000000003,-0.034
450.44,-0.027999999999999997
450.48,-0.022000000000000006
450.52,-0.022000000000000006
450.56,-0.022000000000000006
450.6,-0.022000000000000006
450.64,-0.023999999999999994
450.68,-0.027999999999999997
450.72,-0.025999999999999995
450.76,-0.023999999999999994
450.8,-0.025999999999999995
450.84000000000003,-0.025999999999999995
450.88,-0.025999999999999995
450.92,-0.027999999999999997
450.96000000000004,-0.032
451.0,-0.03
451.04,-0.027999999999999997
451.08,-0.03
451.12,-0.025999999999999995
451.16,-0.022000000000000006
451.2,-0.025999999999999995
451.24,-0.034
451.28000000000003,-0.027999999999999997
451.32,-0.022000000000000006
451.36,-0.025999999999999995
451.40000000000003,-0.03
451.44,-0.027999999999999997
451.48,-0.025999999999999995
451.52,-0.027999999999999997
451.56,-0.03
451.6,-0.036000000000000004
451.64,-0.03799999999999999
451.68,-0.034
451.72,-0.027999999999999997
451.76,-0.025999999999999995
451.8,-0.027999999999999997
451.84000000000003,-0.022000000000000006
451.88,-0.022000000000000006
451.92,-0.025999999999999995
451.96000000000004,-0.025999999999999995
452.0,-0.023999999999999994
452.04,-0.025999999999999995
452.08,-0.025999999999999995
452.12,-0.022000000000000006
452.16,-0.025999999999999995
452.2,-0.03
452.24,-0.027999999999999997
452.28000000000003,-0.027999999999999997
452.32,-0.032
452.36,-0.027999999999999997
452.40000000000003,-0.023999999999999994
452.44,-0.027999999999999997
452.48,-0.032
452.52,-0.023999999999999994
452.56,-0.020000000000000004
452.6,-0.025999999999999995
452.64,-0.03
452.68,-0.025999999999999995
452.72,-0.022000000000000006
452.76,-0.023999999999999994
452.8,-0.025999999999999995
452.84000000000003,-0.03
452.88,-0.034
452.92,-0.03
452.96000000000004,-0.03
453.0,-0.034
453.04,-0.03
453.08,-0.025999999999999995
453.12,-0.023999999999999994
453.16,-0.025999999999999995
453.2,-0.025999999999999995
453.24,-0.023999999999999994
453.28000000000003,-0.025999999999999995
453.32,-0.022000000000000006
453.36,-0.022000000000000006
453.40000000000003,-0.025999999999999995
453.44,-0.025999999999999995
453.48,-0.022000000000000006
453.52,-0.025999999999999995
453.56,-0.03
453.6,-0.027999999999999997
453.64,-0.025999999999999995
453.68,-0.03
453.72,-0.03
453.76,-0.022000000000000006
453.8,-0.022000000000000006
453.84000000000003,-0.027999999999999997
453.88,-0.032
453.92,-0.025999999999999995
453.96000000000004,-0.022000000000000006
454.0,-0.022000000000000006
454.04,-0.025999999999999995
454.08,-0.025999999999999995
454.12,-0.025999999999999995
454.16,-0.025999999999999995
454.2,-0.032
454.24,-0.036000000000000004
454.28000000000003,-0.034
454.32,-0.03
454.36,-0.027999999999999997
454.40000000000003,-0.027999999999999997
454.44,-0.025999999999999995
454.48,-0.027999999999999997
454.52,-0.025999999999999995
454.56,-0.025999999999999995
454.6,-0.027999999999999997
454.64,-0.025999999999999995
454.68,-0.023999999999999994
454.72,-0.020000000000000004
454.76,-0.023999999999999994
454.8,-0.025999999999999995
454.84000000000003,-0.025999999999999995
454.88,-0.025999999999999995
454.92,-0.032
454.96000000000004,-0.027999999999999997
455.0,-0.022000000000000006
455.04,-0.022000000000000006
455.08,-0.027999999999999997
455.12,-0.032
455.16,-0.025999999999999995
455.2,-0.022000000000000006
455.24,-0.023999999999999994
455.28000000000003,-0.025999999999999995
455.32,-0.022000000000000006
455.36,-0.020000000000000004
455.40000000000003,-0.022000000000000006
455.44,-0.025999999999999995
455.48,-0.03
455.52,-0.034
455.56,-0.03
455.6,-0.03
455.64,-0.03
455.68,-0.03
455.72,-0.03
455.76,-0.027999999999999997
455.8,-0.03
455.84000000000003,-0.027999999999999997
455.88,-0.03
455.92,-0.025999999999999995
455.96000000000004,-0.022000000000000006
456.0,-0.022000000000000006
456.04,-0.023999999999999994
456.08,-0.023999999999999994
456.12,-0.025999999999999995
456.16,-0.034
456.2,-0.027999999999999997
456.24,-0.022000000000000006
456.28000000000003,-0.023999999999999994
456.32,-0.03
456.36,-0.03
456.40000000000003,-0.023999999999999994
456.44,-0.025999999999999995
456.48,-0.027999999999999997
456.52,-0.025999999999999995
456.56,-0.023999999999999994
456.6,-0.020000000000000004
456.64,-0.020000000000000004
456.68,-0.020000000000000004
456.72,-0.025999999999999995
456.76,-0.023999999999999994
456.8,-0.022000000000000006
456.84000000000003,-0.027999999999999997
456.88,-0.03
456.92,-0.027999999999999997
456.96000000000004,-0.025999999999999995
457.0,-0.027999999999999997
457.04,-0.027999999999999997
457.08,-0.027999999999999997
457.12,-0.032
457.16,-0.027999999999999997
457.2,-0.022000000000000006
457.24,-0.025999999999999995
457.28000000000003,-0.025999999999999995
457.32,-0.020000000000000004
457.36,-0.023999999999999994
457.40000000000003,-0.027999999999999997
457.44,-0.025999999999999995
457.48,-0.020000000000000004
457.52,-0.025999999999999995
457.56,-0.032
457.6,-0.023999999999999994
457.64,-0.022000000000000006
457.68,-0.027999999999999997
457.72,-0.03
457.76,-0.03
457.8,-0.03
457.84000000000003,-0.025999999999999995
457.88,-0.020000000000000004
457.92,-0.022000000000000006
457.96000000000004,-0.022000000000000006
458.0,-0.018000000000000002
458.04,-0.020000000000000004
458.08,-0.025999999999999995
458.12,-0.027999999999999997
458.16,-0.027999999999999997
458.2,-0.027999999999999997
458.24,-0.025999999999999995
458.28000000000003,-0.023999999999999994
458.32,-0.03
458.36,-0.034
458.40000000000003,-0.027999999999999997
458.44,-0.025999999999999995
458.48,-0.03
458.52,-0.027999999999999997
458.56,-0.022000000000000006
458.6,-0.025999999999999995
458.64,-0.025999999999999995
458.68,-0.022000000000000006
458.72,-0.022000000000000006
458.76,-0.025999999999999995
458.8,-0.027999999999999997
458.84000000000003,-0.022000000000000006
458.88,-0.020000000000000004
458.92,-0.023999999999999994
458.96000000000004,-0.025999999999999995
459.0,-0.027999999999999997
459.04,-0.027999999999999997
459.08,-0.027999999999999997
459.12,-0.027999999999999997
459.16,-0.025999999999999995
459.2,-0.022000000000000006
459.24,-0.018000000000000002
459.28000000000003,-0.020000000000000004
459.32,-0.022000000000000006
459.36,-0.022000000000000006
459.40000000000003,-0.023999999999999994
459.44,-0.022000000000000006
459.48,-0.020000000000000004
459.52,-0.022000000000000006
459.56,-0.025999999999999995
459.6,-0.025999999999999995
459.64,-0.025999999999999995
459.68,-0.025999999999999995
459.72,-0.032
459.76,-0.027999999999999997
459.8,-0.027999999999999997
459.84000000000003,-0.027999999999999997
459.88,-0.025999999999999995
459.92,-0.022000000000000006
459.96000000000004,-0.023999999999999994
460.0,-0.027999999999999997
460.04,-0.03
460.08,-0.025999999999999995
460.12,-0.022000000000000006
460.16,-0.022000000000000006
460.2,-0.023999999999999994
460.24,-0.025999999999999995
460.28000000000003,-0.025999999999999995
460.32,-0.03
460.36,-0.034
460.40000000000003,-0.03
460.44,-0.027999999999999997
460.48,-0.022000000000000006
460.52,-0.022000000000000006
460.56,-0.025999999999999995
460.6,-0.022000000000000006
460.64,-0.022000000000000006
460.68,-0.022000000000000006
460.72,-0.022000000000000006
460.76,-0.022000000000000006
460.8,-0.022000000000000006
460.84000000000003,-0.022000000000000006
460.88,-0.022000000000000006
460.92,-0.023999999999999994
460.96000000000004,-0.025999999999999995
461.0,-0.027999999999999997
461.04,-0.025999999999999995
461.08,-0.025999999999999995
461.12,-0.025999999999999995
461.16,-0.022000000000000006
461.2,-0.023999999999999994
461.24,-0.03
461.28000000000003,-0.027999999999999997
461.32,-0.022000000000000006
461.36,-0.022000000000000006
461.40000000000003,-0.025999999999999995
461.44,-0.022000000000000006
461.48,-0.020000000000000004
461.52,-0.022000000000000006
461.56,-0.025999999999999995
461.6,-0.027999999999999997
461.64,-0.03
461.68,-0.03
461.72,-0.027999999999999997
461.76,-0.025999999999999995
461.8,-0.027999999999999997
461.84000000000003,-0.025999999999999995
461.88,-0.023999999999999994
461.92,-0.025999999999999995
461.96000000000004,-0.025999999999999995
462.0,-0.022000000000000006
462.04,-0.022000000000000006
462.08,-0.022000000000000006
462.12,-0.018000000000000002
462.16,-0.020000000000000004
462.2,-0.025999999999999995
462.24,-0.025999999999999995
462.28000000000003,-0.023999999999999994
462.32,-0.027999999999999997
462.36,-0.023999999999999994
462.40000000000003,-0.022000000000000006
462.44,-0.025999999999999995
462.48,-0.03
462.52,-0.025999999999999995
462.56,-0.022000000000000006
462.6,-0.027999999999999997
462.64,-0.025999999999999995
462.68,-0.022000000000000006
462.72,-0.020000000000000004
462.76,-0.020000000000000004
462.8,-0.020000000000000004
462.84000000000003,-0.022000000000000006
462.88,-0.025999999999999995
462.92,-0.025999999999999995
462.96000000000004,-0.025999999999999995
463.0,-0.03
463.04,-0.025999999999999995
463.08,-0.023999999999999994
463.12,-0.025999999999999995
463.16,-0.025999999999999995
463.2,-0.025999999999999995
463.24,-0.025999999999999995
463.28000000000003,-0.025999999999999995
463.32,-0.022000000000000006
463.36,-0.016
463.40000000000003,-0.020000000000000004
463.44,-0.022000000000000006
463.48,-0.020000000000000004
463.52,-0.022000000000000006
463.56,-0.023999999999999994
463.6,-0.022000000000000006
463.64,-0.022000000000000006
463.68,-0.025999999999999995
463.72,-0.025999999999999995
463.76,-0.020000000000000004
463.8,-0.022000000000000006
463.84000000000003,-0.03
463.88,-0.03
463.92,-0.025999999999999995
463.96000000000004,-0.022000000000000006
464.0,-0.022000000000000006
464.04,-0.022000000000000006
464.08,-0.022000000000000006
464.12,-0.022000000000000006
464.16,-0.022000000000000006
464.2,-0.025999999999999995
464.24,-0.027999999999999997
464.28000000000003,-0.025999999999999995
464.32,-0.025999999999999995
464.36,-0.025999999999999995
464.40000000000003,-0.025999999999999995
464.44,-0.025999999999999995
464.48,-0.03
464.52,-0.03
464.56,-0.025999999999999995
464.6,-0.020000000000000004
464.64,-0.022000000000000006
464.68,-0.023999999999999994
464.72,-0.018000000000000002
464.76,-0.018000000000000002
464.8,-0.022000000000000006
464.84000000000003,-0.022000000000000006
464.88,-0.020000000000000004
464.92,-0.022000000000000006
464.96000000000004,-0.022000000000000006
465.0,-0.018000000000000002
465.04,-0.020000000000000004
465.08,-0.025999999999999995
465.12,-0.025999999999999995
465.16,-0.025999999999999995
465.2,-0.025999999999999995
465.24,-0.025999999999999995
465.28000000000003,-0.022000000000000006
465.32,-0.020000000000000004
465.36,-0.020000000000000004
465.40000000000003,-0.020000000000000004
465.44,-0.022000000000000006
465.48,-0.025999999999999995
465.52,-0.023999999999999994
465.56,-0.022000000000000006
465.6,-0.022000000000000006
465.64,-0.022000000000000006
465.68,-0.025999999999999995
465.72,-0.03
465.76,-0.03
465.8,-0.025999999999999995
465.84000000000003,-0.023999999999999994
465.88,-0.03
465.92,-0.027999999999999997
465.96000000000004,-0.020000000000000004
466.0,-0.020000000000000004
466.04,-0.023999999999999994
466.08,-0.023999999999999994
466.12,-0.022000000000000006
466.16,-0.023999999999999994
466.2,-0.022000000000000006
466.24,-0.013999999999999999
466.28000000000003,-0.016
466.32,-0.022000000000000006
466.36,-0.022000000000000006
466.40000000000003,-0.022000000000000006
466.44,-0.025999999999999995
466.48,-0.027999999999999997
466.52,-0.025999999999999995
466.56,-0.025999999999999995
466.6,-0.022000000000000006
466.64,-0.020000000000000004
466.68,-0.022000000000000006
466.72,-0.025999999999999995
466.76,-0.022000000000000006
466.8,-0.018000000000000002
466.84000000000003,-0.020000000000000004
466.88,-0.018000000000000002
466.92,-0.020000000000000004
466.96000000000004,-0.023999999999999994
467.0,-0.025999999999999995
467.04,-0.022000000000000006
467.08,-0.023999999999999994
467.12,-0.032
467.16,-0.027999999999999997
467.2,-0.022000000000000006
467.24,-0.022000000000000006
467.28000000000003,-0.025999999999999995
467.32,-0.022000000000000006
467.36,-0.022000000000000006
467.40000000000003,-0.027999999999999997
467.44,-0.022000000000000006
467.48,-0.018000000000000002
467.52,-0.020000000000000004
467.56,-0.020000000000000004
467.6,-0.016
467.64,-0.018000000000000002
467.68,-0.022000000000000006
467.72,-0.025999999999999995
467.76,-0.023999999999999994
467.8,-0.025999999999999995
467.84000000000003,-0.025999999999999995
467.88,-0.023999999999999994
467.92,-0.022000000000000006
467.96000000000004,-0.022000000000000006
468.0,-0.020000000000000004
468.04,-0.022000000000000006
468.08,-0.022000000000000006
468.12,-0.022000000000000006
468.16,-0.020000000000000004
468.2,-0.022000000000000006
468.24,-0.020000000000000004
468.28000000000003,-0.018000000000000002
468.32,-0.022000000000000006
468.36,-0.03
468.40000000000003,-0.027999999999999997
468.44,-0.023999999999999994
468.48,-0.025999999999999995
468.52,-0.025999999999999995
468.56,-0.023999999999999994
468.6,-0.025999999999999995
468.64,-0.027999999999999997
468.68,-0.025999999999999995
468.72,-0.023999999999999994
468.76,-0.022000000000000006
468.8,-0.022000000000000006
468.84000000000003,-0.016
468.88,-0.013999999999999999
468.92,-0.020000000000000004
468.96000000000004,-0.022000000000000006
469.0,-0.020000000000000004
469.04,-0.022000000000000006
469.08,-0.025999999999999995
469.12,-0.023999999999999994
469.16,-0.022000000000000006
469.2,-0.022000000000000006
469.24,-0.020000000000000004
469.28000000000003,-0.022000000000000006
469.32,-0.022000000000000006
469.36,-0.022000000000000006
469.40000000000003,-0.022000000000000006
469.44,-0.020000000000000004
469.48,-0.016
469.52,-0.018000000000000002
469.56,-0.018000000000000002
469.6,-0.025999999999999995
469.64,-0.023999999999999994
469.68,-0.020000000000000004
469.72,-0.022000000000000006
469.76,-0.023999999999999994
469.8,-0.022000000000000006
469.84000000000003,-0.022000000000000006
469.88,-0.027999999999999997
469.92,-0.027999999999999997
469.96000000000004,-0.027999999999999997
470.0,-0.027999999999999997
470.04,-0.025999999999999995
470.08,-0.020000000000000004
470.12,-0.018000000000000002
470.16,-0.022000000000000006
470.2,-0.022000000000000006
470.24,-0.020000000000000004
470.28000000000003,-0.022000000000000006
470.32,-0.025999999999999995
470.36,-0.022000000000000006
470.40000000000003,-0.022000000000000006
470.44,-0.022000000000000006
470.48,-0.022000000000000006
470.52,-0.022000000000000006
470.56,-0.025999999999999995
470.6,-0.027999999999999997
470.64,-0.023999999999999994
470.68,-0.022000000000000006
470.72,-0.018000000000000002
470.76,-0.013999999999999999
470.8,-0.018000000000000002
470.84000000000003,-0.023999999999999994
470.88,-0.018000000000000002
470.92,-0.018000000000000002
470.96000000000004,-0.022000000000000006
471.0,-0.022000000000000006
471.04,-0.018000000000000002
471.08,-0.018000000000000002
471.12,-0.022000000000000006
471.16,-0.022000000000000006
471.2,-0.025999999999999995
471.24,-0.03
471.28000000000003,-0.027999999999999997
471.32,-0.020000000000000004
471.36,-0.022000000000000006
471.40000000000003,-0.025999999999999995
471.44,-0.020000000000000004
471.48,-0.018000000000000002
471.52,-0.020000000000000004
471.56,-0.022000000000000006
471.6,-0.022000000000000006
471.64,-0.022000000000000006
471.68,-0.022000000000000006
471.72,-0.018000000000000002
471.76,-0.020000000000000004
471.8,-0.025999999999999995
471.84000000000003,-0.025999999999999995
471.88,-0.023999999999999994
471.92,-0.023999999999999994
471.96000000000004,-0.022000000000000006
472.0,-0.020000000000000004
472.04,-0.022000000000000006
472.08,-0.023999999999999994
472.12,-0.018000000000000002
472.16,-0.018000000000000002
472.2,-0.022000000000000006
472.24,-0.022000000000000006
472.28000000000003,-0.020000000000000004
472.32,-0.018000000000000002
472.36,-0.020000000000000004
472.40000000000003,-0.018000000000000002
472.44,-0.022000000000000006
472.48,-0.027999999999999997
472.52,-0.027999999999999997
472.56,-0.022000000000000006
472.6,-0.025999999999999995
472.64,-0.027999999999999997
472.68,-0.023999999999999994
472.72,-0.018000000000000002
472.76,-0.020000000000000004
472.8,-0.022000000000000006
472.84000000000003,-0.023999999999999994
472.88,-0.022000000000000006
472.92,-0.020000000000000004
472.96000000000004,-0.018000000000000002
473.0,-0.020000000000000004
473.04,-0.020000000000000004
473.08,-0.022000000000000006
473.12,-0.022000000000000006
473.16,-0.022000000000000006
473.2,-0.022000000000000006
473.24,-0.022000000000000006
473.28000000000003,-0.025999999999999995
473.32,-0.023999999999999994
473.36,-0.018000000000000002
473.40000000000003,-0.018000000000000002
473.44,-0.022000000000000006
473.48,-0.022000000000000006
473.52,-0.020000000000000004
473.56,-0.018000000000000002
473.6,-0.018000000000000002
473.64,-0.016
473.68,-0.013999999999999999
473.72,-0.020000000000000004
473.76,-0.022000000000000006
473.8,-0.022000000000000006
473.84000000000003,-0.025999999999999995
473.88,-0.03
473.92,-0.025999999999999995
473.96000000000004,-0.020000000000000004
474.0,-0.022000000000000006
474.04,-0.025999999999999995
474.08,-0.023999999999999994
474.12,-0.023999999999999994
474.16,-0.023999999999999994
474.2,-0.020000000000000004
474.24,-0.020000000000000004
474.28000000000003,-0.022000000000000006
474.32,-0.020000000000000004
474.36,-0.020000000000000004
474.40000000000003,-0.022000000000000006
474.44,-0.022000000000000006
474.48,-0.022000000000000006
474.52,-0.023999999999999994
474.56,-0.022000000000000006
474.6,-0.020000000000000004
474.64,-0.018000000000000002
474.68,-0.025999999999999995
474.72,-0.023999999999999994
474.76,-0.022000000000000006
474.8,-0.023999999999999994
474.84000000000003,-0.020000000000000004
474.88,-0.013999999999999999
474.92,-0.013999999999999999
474.96000000000004,-0.018000000000000002
475.0,-0.013999999999999999
475.04,-0.013999999999999999
475.08,-0.022000000000000006
475.12,-0.025999999999999995
475.16,-0.020000000000000004
475.2,-0.018000000000000002
475.24,-0.022000000000000006
475.28000000000003,-0.023999999999999994
475.32,-0.022000000000000006
475.36,-0.023999999999999994
475.40000000000003,-0.022000000000000006
475.44,-0.022000000000000006
475.48,-0.022000000000000006
475.52,-0.020000000000000004
475.56,-0.018000000000000002
475.6,-0.018000000000000002
475.64,-0.020000000000000004
475.68,-0.022000000000000006
475.72,-0.020000000000000004
475.76,-0.022000000000000006
475.8,-0.022000000000000006
475.84000000000003,-0.018000000000000002
475.88,-0.020000000000000004
475.92,-0.022000000000000006
475.96000000000004,-0.023999999999999994
476.0,-0.025999999999999995
476.04,-0.025999999999999995
476.08,-0.025999999999999995
476.12,-0.020000000000000004
476.16,-0.020000000000000004
476.2,-0.018000000000000002
476.24,-0.013999999999999999
476.28000000000003,-0.013999999999999999
476.32,-0.022000000000000006
476.36,-0.022000000000000006
476.40000000000003,-0.016
476.44,-0.013999999999999999
476.48,-0.022000000000000006
476.52,-0.023999999999999994
476.56,-0.022000000000000006
476.6,-0.020000000000000004
476.64,-0.022000000000000006
476.68,-0.025999999999999995
476.72,-0.025999999999999995
476.76,-0.023999999999999994
476.8,-0.020000000000000004
476.84000000000003,-0.018000000000000002
476.88,-0.020000000000000004
476.92,-0.022000000000000006
476.96000000000004,-0.020000000000000004
477.0,-0.020000000000000004
477.04,-0.020000000000000004
477.08,-0.020000000000000004
477.12,-0.018000000000000002
477.16,-0.020000000000000004
477.2,-0.018000000000000002
477.24,-0.022000000000000006
477.28000000000003,-0.023999999999999994
477.32,-0.023999999999999994
477.36,-0.023999999999999994
477.40000000000003,-0.022000000000000006
477.44,-0.022000000000000006
477.48,-0.016
477.52,-0.013999999999999999
477.56,-0.020000000000000004
477.6,-0.020000000000000004
477.64,-0.013999999999999999
477.68,-0.013999999999999999
477.72,-0.022000000000000006
477.76,-0.022000000000000006
477.8,-0.013999999999999999
477.84000000000003,-0.013999999999999999
477.88,-0.020000000000000004
477.92,-0.022000000000000006
477.96000000000004,-0.025999999999999995
478.0,-0.025999999999999995
478.04,-0.022000000000000006
478.08,-0.020000000000000004
478.12,-0.022000000000000006
478.16,-0.023999999999999994
478.2,-0.020000000000000004
478.24,-0.022000000000000006
478.28000000000003,-0.022000000000000006
478.32,-0.020000000000000004
478.36,-0.018000000000000002
478.40000000000003,-0.020000000000000004
478.44,-0.018000000000000002
478.48,-0.018000000000000002
478.52,-0.020000000000000004
478.56,-0.022000000000000006
478.6,-0.022000000000000006
478.64,-0.025999999999999995
478.68,-0.027999999999999997
478.72,-0.020000000000000004
478.76,-0.018000000000000002
478.8,-0.023999999999999994
478.84000000000003,-0.020000000000000004
478.88,-0.009999999999999995
478.92,-0.016
478.96000000000004,-0.023999999999999994
479.0,-0.020000000000000004
479.04,-0.013999999999999999
479.08,-0.013999999999999999
479.12,-0.013999999999999999
479.16,-0.013999999999999999
479.2,-0.022000000000000006
479.24,-0.022000000000000006
479.28000000000003,-0.020000000000000004
479.32,-0.020000000000000004
479.36,-0.025999999999999995
479.40000000000003,-0.022000000000000006
479.44,-0.018000000000000002
479.48,-0.020000000000000004
479.52,-0.022000000000000006
479.56,-0.022000000000000006
479.6,-0.022000000000000006
479.64,-0.022000000000000006
479.68,-0.016
479.72,-0.013999999999999999
479.76,-0.018000000000000002
479.8,-0.016
479.84000000000003,-0.018000000000000002
479.88,-0.025999999999999995
479.92,-0.025999999999999995
479.96000000000004,-0.022000000000000006
480.0,-0.023999999999999994
480.04,-0.025999999999999995
480.08,-0.020000000000000004
480.12,-0.013999999999999999
480.16,-0.022000000000000006
480.2,-0.025999999999999995
480.24,-0.022000000000000006
480.28000000000003,-0.016
480.32,-0.016
480.36,-0.016
480.40000000000003,-0.018000000000000002
480.44,-0.018000000000000002
480.48,-0.018000000000000002
480.52,-0.016
480.56,-0.018000000000000002
480.6,-0.022000000000000006
480.64,-0.020000000000000004
480.68,-0.020000000000000004
480.72,-0.020000000000000004
480.76,-0.020000000000000004
480.8,-0.022000000000000006
480.84000000000003,-0.025999999999999995
480.88,-0.022000000000000006
480.92,-0.020000000000000004
480.96000000000004,-0.018000000000000002
481.0,-0.016
481.04,-0.013999999999999999
481.08,-0.016
481.12,-0.020000000000000004
481.16,-0.020000000000000004
481.2,-0.020000000000000004
481.24,-0.022000000000000006
481.28000000000003,-0.025999999999999995
481.32,-0.020000000000000004
481.36,-0.018000000000000002
481.40000000000003,-0.022000000000000006
481.44,-0.025999999999999995
481.48,-0.022000000000000006
481.52,-0.020000000000000004
481.56,-0.020000000000000004
481.6,-0.020000000000000004
481.64,-0.020000000000000004
481.68,-0.016
481.72,-0.013999999999999999
481.76,-0.016
481.8,-0.018000000000000002
481.84000000000003,-0.020000000000000004
481.88,-0.018000000000000002
481.92,-0.016
481.96000000000004,-0.013999999999999999
482.0,-0.018000000000000002
482.04,-0.022000000000000006
482.08,-0.023999999999999994
482.12,-0.022000000000000006
482.16,-0.022000000000000006
482.2,-0.022000000000000006
482.24,-0.020000000000000004
482.28000000000003,-0.018000000000000002
482.32,-0.020000000000000004
482.36,-0.018000000000000002
482.40000000000003,-0.016
482.44,-0.018000000000000002
482.48,-0.022000000000000006
482.52,-0.022000000000000006
482.56,-0.018000000000000002
482.6,-0.018000000000000002
482.64,-0.023999999999999994
482.68,-0.023999999999999994
482.72,-0.020000000000000004
482.76,-0.020000000000000004
482.8,-0.025999999999999995
482.84000000000003,-0.023999999999999994
482.88,-0.022000000000000006
482.92,-0.020000000000000004
482.96000000000004,-0.016
483.0,-0.013999999999999999
483.04,-0.020000000000000004
483.08,-0.020000000000000004
483.12,-0.013999999999999999
483.16,-0.013999999999999999
483.2,-0.016
483.24,-0.013999999999999999
483.28000000000003,-0.016
483.32,-0.018000000000000002
483.36,-0.020000000000000004
483.40000000000003,-0.018000000000000002
483.44,-0.022000000000000006
483.48,-0.022000000000000006
483.52,-0.018000000000000002
483.56,-0.018000000000000002
483.6,-0.018000000000000002
483.64,-0.013999999999999999
483.68,-0.013999999999999999
483.72,-0.020000000000000004
483.76,-0.020000000000000004
483.8,-0.013999999999999999
483.84000000000003,-0.016
483.88,-0.022000000000000006
483.92,-0.020000000000000004
483.96000000000004,-0.013999999999999999
484.0,-0.020000000000000004
484.04,-0.025999999999999995
484.08,-0.025999999999999995
484.12,-0.022000000000000006
484.16,-0.022000000000000006
484.2,-0.018000000000000002
484.24,-0.020000000000000004
484.28000000000003,-0.022000000000000006
484.32,-0.022000000000000006
484.36,-0.016
484.40000000000003,-0.018000000000000002
484.44,-0.020000000000000004
484.48,-0.018000000000000002
484.52,-0.013999999999999999
484.56,-0.016
484.6,-0.013999999999999999
484.64,-0.013999999999999999
484.68,-0.022000000000000006
484.72,-0.025999999999999995
484.76,-0.022000000000000006
484.8,-0.022000000000000006
484.84000000000003,-0.022000000000000006
484.88,-0.013999999999999999
484.92,-0.013999999999999999
484.96000000000004,-0.020000000000000004
485.0,-0.018000000000000002
485.04,-0.013999999999999999
485.08,-0.018000000000000002
485.12,-0.020000000000000004
485.16,-0.013999999999999999
485.2,-0.009999999999999995
485.24,-0.018000000000000002
485.28000000000003,-0.022000000000000006
485.32,-0.020000000000000004
485.36,-0.020000000000000004
485.40000000000003,-0.022000000000000006
485.44,-0.022000000000000006
485.48,-0.020000000000000004
485.52,-0.022000000000000006
485.56,-0.020000000000000004
485.6,-0.018000000000000002
485.64,-0.020000000000000004
485.68,-0.022000000000000006
485.72,-0.020000000000000004
485.76,-0.013999999999999999
485.8,-0.009999999999999995
485.84000000000003,-0.011999999999999997
485.88,-0.011999999999999997
485.92,-0.018000000000000002
485.96000000000004,-0.022000000000000006
486.0,-0.022000000000000006
486.04,-0.020000000000000004
486.08,-0.020000000000000004
486.12,-0.018000000000000002
486.16,-0.018000000000000002
486.2,-0.020000000000000004
486.24,-0.020000000000000004
486.28000000000003,-0.016
486.32,-0.018000000000000002
486.36,-0.022000000000000006
486.40000000000003,-0.016
486.44,-0.009999999999999995
486.48,-0.016
486.52,-0.018000000000000002
486.56,-0.018000000000000002
486.6,-0.018000000000000002
486.64,-0.022000000000000006
486.68,-0.022000000000000006
486.72,-0.020000000000000004
486.76,-0.022000000000000006
486.8,-0.022000000000000006
486.84000000000003,-0.018000000000000002
486.88,-0.022000000000000006
486.92,-0.025999999999999995
486.96000000000004,-0.025999999999999995
487.0,-0.020000000000000004
487.04,-0.018000000000000002
487.08,-0.013999999999999999
487.12,-0.011999999999999997
487.16,-0.016
487.2,-0.018000000000000002
487.24,-0.013999999999999999
487.28000000000003,-0.016
487.32,-0.020000000000000004
487.36,-0.018000000000000002
487.40000000000003,-0.018000000000000002
487.44,-0.018000000000000002
487.48,-0.018000000000000002
487.52,-0.016
487.56,-0.020000000000000004
487.6,-0.020000000000000004
487.64,-0.016
487.68,-0.013999999999999999
487.72,-0.018000000000000002
487.76,-0.013999999999999999
487.8,-0.011999999999999997
487.84000000000003,-0.013999999999999999
487.88,-0.018000000000000002
487.92,-0.018000000000000002
487.96000000000004,-0.018000000000000002
488.0,-0.018000000000000002
488.04,-0.018000000000000002
488.08,-0.016
488.12,-0.020000000000000004
488.16,-0.025999999999999995
488.2,-0.025999999999999995
488.24,-0.022000000000000006
488.28000000000003,-0.020000000000000004
488.32,-0.020000000000000004
488.36,-0.020000000000000004
488.40000000000003,-0.020000000000000004
488.44,-0.013999999999999999
488.48,-0.011999999999999997
488.52,-0.016
488.56,-0.018000000000000002
488.6,-0.020000000000000004
488.64,-0.018000000000000002
488.68,-0.018000000000000002
488.72,-0.016
488.76,-0.018000000000000002
488.8,-0.022000000000000006
488.84000000000003,-0.022000000000000006
488.88,-0.018000000000000002
488.92,-0.020000000000000004
488.96000000000004,-0.020000000000000004
489.0,-0.016
489.04,-0.013999999999999999
489.08,-0.016
489.12,-0.016
489.16,-0.013999999999999999
489.2,-0.013999999999999999
489.24,-0.013999999999999999
489.28000000000003,-0.011999999999999997
489.32,-0.011999999999999997
489.36,-0.018000000000000002
489.40000000000003,-0.020000000000000004
489.44,-0.020000000000000004
489.48,-0.020000000000000004
489.52,-0.022000000000000006
489.56,-0.022000000000000006
489.6,-0.022000000000000006
489.64,-0.020000000000000004
489.68,-0.013999999999999999
489.72,-0.013999999999999999
489.76,-0.018000000000000002
489.8,-0.018000000000000002
489.84000000000003,-0.016
489.88,-0.018000000000000002
489.92,-0.016
489.96000000000004,-0.013999999999999999
490.0,-0.018000000000000002
490.04,-0.020000000000000004
490.08,-0.020000000000000004
490.12,-0.018000000000000002
490.16,-0.020000000000000004
490.2,-0.022000000000000006
490.24,-0.020000000000000004
490.28000000000003,-0.018000000000000002
490.32,-0.020000000000000004
490.36,-0.018000000000000002
490.40000000000003,-0.013999999999999999
490.44,-0.016
490.48,-0.018000000000000002
490.52,-0.013999999999999999
490.56,-0.009999999999999995
490.6,-0.013999999999999999
490.64,-0.018000000000000002
490.68,-0.013999999999999999
490.72,-0.018000000000000002
490.76,-0.022000000000000006
490.8,-0.025999999999999995
490.84000000000003,-0.025999999999999995
490.88,-0.022000000000000006
490.92,-0.016
490.96000000000004,-0.016
491.0,-0.022000000000000006
491.04,-0.022000000000000006
491.08,-0.018000000000000002
491.12,-0.016
491.16,-0.018000000000000002
491.2,-0.013999999999999999
491.24,-0.013999999999999999
491.28000000000003,-0.018000000000000002
491.32,-0.018000000000000002
491.36,-0.013999999999999999
491.40000000000003,-0.020000000000000004
491.44,-0.022000000000000006
491.48,-0.018000000000000002
491.52,-0.013999999999999999
491.56,-0.020000000000000004
491.6,-0.018000000000000002
491.64,-0.013999999999999999
491.68,-0.018000000000000002
491.72,-0.022000000000000006
491.76,-0.013999999999999999
491.8,-0.011999999999999997
491.84000000000003,-0.013999999999999999
491.88,-0.011999999999999997
491.92,-0.005999999999999998
491.96000000000004,-0.009999999999999995
492.0,-0.018000000000000002
492.04,-0.020000000000000004
492.08,-0.020000000000000004
492.12,-0.018000000000000002
492.16,-0.013999999999999999
492.2,-0.018000000000000002
492.24,-0.022000000000000006
492.28000000000003,-0.020000000000000004
492.32,-0.016
492.36,-0.018000000000000002
492.40000000000003,-0.022000000000000006
492.44,-0.018000000000000002
492.48,-0.013999999999999999
492.52000000000004,-0.016
492.56,-0.013999999999999999
492.6,-0.011999999999999997
492.64,-0.018000000000000002
492.68,-0.022000000000000006
492.72,-0.018000000000000002
492.76,-0.018000000000000002
492.8,-0.020000000000000004
492.84000000000003,-0.016
492.88,-0.018000000000000002
492.92,-0.022000000000000006
492.96000000000004,-0.023999999999999994
493.0,-0.018000000000000002
493.04,-0.018000000000000002
493.08,-0.020000000000000004
493.12,-0.013999999999999999
493.16,-0.005999999999999998
493.2,-0.009999999999999995
493.24,-0.013999999999999999
493.28000000000003,-0.018000000000000002
493.32,-0.013999999999999999
493.36,-0.013999999999999999
493.40000000000003,-0.013999999999999999
493.44,-0.018000000000000002
493.48,-0.020000000000000004
493.52000000000004,-0.013999999999999999
493.56,-0.013999999999999999
493.6,-0.018000000000000002
493.64,-0.022000000000000006
493.68,-0.020000000000000004
493.72,-0.016
493.76,-0.013999999999999999
493.8,-0.013999999999999999
493.84000000000003,-0.013999999999999999
493.88,-0.018000000000000002
493.92,-0.018000000000000002
493.96000000000004,-0.016
494.0,-0.013999999999999999
494.04,-0.013999999999999999
494.08,-0.013999999999999999
494.12,-0.013999999999999999
494.16,-0.020000000000000004
494.2,-0.022000000000000006
494.24,-0.020000000000000004
494.28000000000003,-0.020000000000000004
494.32,-0.022000000000000006
494.36,-0.020000000000000004
494.40000000000003,-0.011999999999999997
494.44,-0.011999999999999997
494.48,-0.018000000000000002
494.52000000000004,-0.013999999999999999
494.56,-0.009999999999999995
494.6,-0.011999999999999997
494.64,-0.016
494.68,-0.018000000000000002
494.72,-0.018000000000000002
494.76,-0.013999999999999999
494.8,-0.011999999999999997
494.84000000000003,-0.018000000000000002
494.88,-0.022000000000000006
494.92,-0.020000000000000004
494.96000000000004,-0.016
495.0,-0.018000000000000002
495.04,-0.013999999999999999
495.08,-0.016
495.12,-0.018000000000000002
495.16,-0.016
495.2,-0.013999999999999999
495.24,-0.013999999999999999
495.28000000000003,-0.016
495.32,-0.013999999999999999
495.36,-0.011999999999999997
495.40000000000003,-0.018000000000000002
495.44,-0.018000000000000002
495.48,-0.016
495.52000000000004,-0.020000000000000004
495.56,-0.027999999999999997
495.6,-0.022000000000000006
495.64,-0.016
495.68,-0.018000000000000002
495.72,-0.020000000000000004
495.76,-0.013999999999999999
495.8,-0.011999999999999997
495.84000000000003,-0.013999999999999999
495.88,-0.016
495.92,-0.016
495.96000000000004,-0.011999999999999997
496.0,-0.011999999999999997
496.04,-0.009999999999999995
496.08,-0.016
496.12,-0.020000000000000004
496.16,-0.013999999999999999
496.2,-0.011999999999999997
496.24,-0.018000000000000002
496.28000000000003,-0.018000000000000002
496.32,-0.020000000000000004
496.36,-0.020000000000000004
496.40000000000003,-0.013999999999999999
496.44,-0.011999999999999997
496.48,-0.018000000000000002
496.52000000000004,-0.018000000000000002
496.56,-0.011999999999999997
496.6,-0.013999999999999999
496.64,-0.016
496.68,-0.011999999999999997
496.72,-0.009999999999999995
496.76,-0.020000000000000004
496.8,-0.025999999999999995
496.84000000000003,-0.020000000000000004
496.88,-0.018000000000000002
496.92,-0.023999999999999994
496.96000000000004,-0.022000000000000006
497.0,-0.016
497.04,-0.016
497.08,-0.018000000000000002
497.12,-0.018000000000000002
497.16,-0.018000000000000002
497.2,-0.018000000000000002
497.24,-0.011999999999999997
497.28000000000003,-0.013999999999999999
497.32,-0.016
497.36,-0.013999999999999999
497.40000000000003,-0.011999999999999997
497.44,-0.013999999999999999
497.48,-0.016
497.52000000000004,-0.018000000000000002
497.56,-0.020000000000000004
497.6,-0.018000000000000002
497.64,-0.011999999999999997
497.68,-0.013999999999999999
497.72,-0.020000000000000004
497.76,-0.018000000000000002
497.8,-0.013999999999999999
497.84000000000003,-0.016
497.88,-0.013999999999999999
497.92,-0.008
497.96000000000004,-0.008
498.0,-0.013999999999999999
498.04,-0.018000000000000002
498.08,-0.013999999999999999
498.12,-0.018000000000000002
498.16,-0.022000000000000006
498.2,-0.022000000000000006
498.24,-0.020000000000000004
498.28000000000003,-0.018000000000000002
498.32,-0.016
498.36,-0.018000000000000002
498.40000000000003,-0.022000000000000006
498.44,-0.020000000000000004
498.48,-0.016
498.52000000000004,-0.018000000000000002
498.56,-0.020000000000000004
498.6,-0.013999999999999999
498.64,-0.009999999999999995
498.68,-0.013999999999999999
498.72,-0.016
498.76,-0.020000000000000004
498.8,-0.018000000000000002
498.84000000000003,-0.013999999999999999
498.88,-0.011999999999999997
498.92,-0.018000000000000002
498.96000000000004,-0.020000000000000004
499.0,-0.020000000000000004
499.04,-0.018000000000000002
499.08,-0.018000000000000002
499.12,-0.018000000000000002
499.16,-0.011999999999999997
499.2,-0.008
499.24,-0.011999999999999997
499.28000000000003,-0.009999999999999995
499.32,-0.009999999999999995
499.36,-0.013999999999999999
499.40000000000003,-0.018000000000000002
499.44,-0.020000000000000004
499.48,-0.016
499.52000000000004,-0.013999999999999999
499.56,-0.018000000000000002
499.6,-0.018000000000000002
499.64,-0.018000000000000002
499.68,-0.018000000000000002
499.72,-0.020000000000000004
499.76,-0.020000000000000004
499.8,-0.022000000000000006
499.84000000000003,-0.016
499.88,-0.011999999999999997
499.92,-0.009999999999999995
499.96000000000004,-0.018000000000000002
500.0,-0.016
500.04,-0.013999999999999999
500.08,-0.011999999999999997
500.12,-0.009999999999999995
500.16,-0.016
500.2,-0.018000000000000002
500.24,-0.016
500.28000000000003,-0.013999999999999999
500.32,-0.018000000000000002
500.36,-0.022000000000000006
500.40000000000003,-0.020000000000000004
500.44,-0.013999999999999999
500.48,-0.013999999999999999
500.52000000000004,-0.013999999999999999
500.56,-0.005999999999999998
500.6,-0.011999999999999997
500.64,-0.018000000000000002
500.68,-0.016
500.72,-0.013999999999999999
500.76,-0.013999999999999999
500.8,-0.013999999999999999
500.84000000000003,-0.011999999999999997
500.88,-0.013999999999999999
500.92,-0.020000000000000004
500.96000000000004,-0.020000000000000004
501.0,-0.020000000000000004
501.04,-0.022000000000000006
501.08,-0.020000000000000004
501.12,-0.013999999999999999
501.16,-0.016
501.2,-0.020000000000000004
501.24,-0.016
501.28000000000003,-0.013999999999999999
501.32,-0.013999999999999999
501.36,-0.011999999999999997
501.40000000000003,-0.016
501.44,-0.018000000000000002
501.48,-0.011999999999999997
501.52000000000004,-0.009999999999999995
501.56,-0.020000000000000004
501.6,-0.022000000000000006
501.64,-0.020000000000000004
501.68,-0.018000000000000002
501.72,-0.018000000000000002
501.76,-0.013999999999999999
501.8,-0.009999999999999995
501.84000000000003,-0.013999999999999999
501.88,-0.013999999999999999
501.92,-0.009999999999999995
501.96000000000004,-0.011999999999999997
502.0,-0.016
502.04,-0.011999999999999997
502.08,-0.009999999999999995
502.12,-0.013999999999999999
502.16,-0.013999999999999999
502.2,-0.011999999999999997
502.24,-0.013999999999999999
502.28000000000003,-0.020000000000000004
502.32,-0.018000000000000002
502.36,-0.016
502.40000000000003,-0.020000000000000004
502.44,-0.018000000000000002
502.48,-0.016
502.52000000000004,-0.013999999999999999
502.56,-0.013999999999999999
502.6,-0.013999999999999999
502.64,-0.020000000000000004
502.68,-0.016
502.72,-0.005999999999999998
502.76,-0.009999999999999995
502.8,-0.020000000000000004
502.84000000000003,-0.020000000000000004
502.88,-0.016
502.92,-0.020000000000000004
502.96000000000004,-0.022000000000000006
503.0,-0.018000000000000002
503.04,-0.018000000000000002
503.08,-0.018000000000000002
503.12,-0.013999999999999999
503.16,-0.009999999999999995
503.2,-0.013999999999999999
503.24,-0.016
503.28000000000003,-0.013999999999999999
503.32,-0.013999999999999999
503.36,-0.013999999999999999
503.40000000000003,-0.009999999999999995
503.44,-0.005999999999999998
503.48,-0.011999999999999997
503.52000000000004,-0.013999999999999999
503.56,-0.013999999999999999
503.6,-0.016
503.64,-0.018000000000000002
503.68,-0.018000000000000002
503.72,-0.018000000000000002
503.76,-0.016
503.8,-0.013999999999999999
503.84000000000003,-0.016
503.88,-0.018000000000000002
503.92,-0.013999999999999999
503.96000000000004,-0.009999999999999995
504.0,-0.011999999999999997
504.04,-0.013999999999999999
504.08,-0.011999999999999997
504.12,-0.011999999999999997
504.16,-0.013999999999999999
504.2,-0.018000000000000002
504.24,-0.018000000000000002
504.28000000000003,-0.020000000000000004
504.32,-0.020000000000000004
504.36,-0.013999999999999999
504.40000000000003,-0.011999999999999997
504.44,-0.013999999999999999
504.48,-0.018000000000000002
504.52000000000004,-0.016
504.56,-0.013999999999999999
504.6,-0.016
504.64,-0.013999999999999999
504.68,-0.009999999999999995
504.72,-0.009999999999999995
504.76,-0.009999999999999995
504.8,-0.011999999999999997
504.84000000000003,-0.013999999999999999
504.88,-0.013999999999999999
504.92,-0.018000000000000002
504.96000000000004,-0.018000000000000002
505.0,-0.016
505.04,-0.016
505.08,-0.016
505.12,-0.018000000000000002
505.16,-0.013999999999999999
505.2,-0.011999999999999997
505.24,-0.016
505.28000000000003,-0.016
505.32,-0.011999999999999997
505.36,-0.008
505.40000000000003,-0.009999999999999995
505.44,-0.018000000000000002
505.48,-0.018000000000000002
505.52000000000004,-0.020000000000000004
505.56,-0.020000000000000004
505.6,-0.013999999999999999
505.64,-0.011999999999999997
505.68,-0.016
505.72,-0.018000000000000002
505.76,-0.013999999999999999
505.8,-0.018000000000000002
505.84000000000003,-0.018000000000000002
505.88,-0.018000000000000002
505.92,-0.013999999999999999
505.96000000000004,-0.009999999999999995
506.0,-0.009999999999999995
506.04,-0.005999999999999998
506.08,-0.008
506.12,-0.009999999999999995
506.16,-0.013999999999999999
506.2,-0.013999999999999999
506.24,-0.013999999999999999
506.28000000000003,-0.013999999999999999
506.32,-0.013999999999999999
506.36,-0.016
506.40000000000003,-0.013999999999999999
506.44,-0.013999999999999999
506.48,-0.020000000000000004
506.52000000000004,-0.020000000000000004
506.56,-0.011999999999999997
506.6,-0.005999999999999998
506.64,-0.009999999999999995
506.68,-0.013999999999999999
506.72,-0.013999999999999999
506.76,-0.018000000000000002
506.8,-0.016
506.84000000000003,-0.013999999999999999
506.88,-0.016
506.92,-0.020000000000000004
506.96000000000004,-0.018000000000000002
507.0,-0.011999999999999997
507.04,-0.018000000000000002
507.08,-0.020000000000000004
507.12,-0.020000000000000004
507.16,-0.020000000000000004
507.2,-0.020000000000000004
507.24,-0.013999999999999999
507.28000000000003,-0.011999999999999997
507.32,-0.011999999999999997
507.36,-0.011999999999999997
507.40000000000003,-0.011999999999999997
507.44,-0.013999999999999999
507.48,-0.011999999999999997
507.52000000000004,-0.011999999999999997
507.56,-0.013999999999999999
507.6,-0.013999999999999999
507.64,-0.011999999999999997
507.68,-0.013999999999999999
507.72,-0.020000000000000004
507.76,-0.020000000000000004
507.8,-0.011999999999999997
507.84000000000003,-0.009999999999999995
507.88,-0.013999999999999999
507.92,-0.011999999999999997
507.96000000000004,-0.011999999999999997
508.0,-0.011999999999999997
508.04,-0.009999999999999995
508.08,-0.011999999999999997
508.12,-0.016
508.16,-0.016
508.2,-0.009999999999999995
508.24,-0.009999999999999995
508.28000000000003,-0.011999999999999997
508.32,-0.018000000000000002
508.36,-0.018000000000000002
508.40000000000003,-0.018000000000000002
508.44,-0.020000000000000004
508.48,-0.018000000000000002
508.52000000000004,-0.016
508.56,-0.013999999999999999
508.6,-0.013999999999999999
508.64,-0.013999999999999999
508.68,-0.011999999999999997
508.72,-0.008
508.76,-0.009999999999999995
508.8,-0.013999999999999999
508.84000000000003,-0.011999999999999997
508.88,-0.008
508.92,-0.011999999999999997
508.96000000000004,-0.018000000000000002
509.0,-0.016
509.04,-0.013999999999999999
509.08,-0.016
509.12,-0.016
509.16,-0.013999999999999999
509.2,-0.009999999999999995
509.24,-0.009999999999999995
509.28000000000003,-0.009999999999999995
509.32,-0.011999999999999997
509.36,-0.013999999999999999
509.40000000000003,-0.013999999999999999
509.44,-0.011999999999999997
509.48,-0.005999999999999998
509.52000000000004,-0.011999999999999997
509.56,-0.013999999999999999
509.6,-0.011999999999999997
509.64,-0.011999999999999997
509.68,-0.018000000000000002
509.72,-0.018000000000000002
509.76,-0.018000000000000002
509.8,-0.022000000000000006
509.84000000000003,-0.018000000000000002
509.88,-0.013999999999999999
509.92,-0.011999999999999997
509.96000000000004,-0.011999999999999997
510.0,-0.013999999999999999
510.04,-0.013999999999999999
510.08,-0.013999999999999999
510.12,-0.008
510.16,-0.009999999999999995
510.2,-0.011999999999999997
510.24,-0.011999999999999997
510.28000000000003,-0.009999999999999995
510.32,-0.013999999999999999
510.36,-0.020000000000000004
510.40000000000003,-0.016
510.44,-0.011999999999999997
510.48,-0.013999999999999999
510.52000000000004,-0.011999999999999997
510.56,-0.011999999999999997
510.6,-0.016
510.64,-0.013999999999999999
510.68,-0.009999999999999995
510.72,-0.009999999999999995
510.76,-0.013999999999999999
510.8,-0.009999999999999995
510.84000000000003,-0.005999999999999998
510.88,-0.009999999999999995
510.92,-0.013999999999999999
510.96000000000004,-0.013999999999999999
511.0,-0.018000000000000002
511.04,-0.022000000000000006
511.08,-0.018000000000000002
511.12,-0.013999999999999999
511.16,-0.013999999999999999
511.2,-0.013999999999999999
511.24,-0.013999999999999999
511.28000000000003,-0.020000000000000004
511.32,-0.013999999999999999
511.36,-0.009999999999999995
511.40000000000003,-0.013999999999999999
511.44,-0.013999999999999999
511.48,-0.005999999999999998
511.52000000000004,-0.008
511.56,-0.013999999999999999
511.6,-0.018000000000000002
511.64,-0.013999999999999999
511.68,-0.016
511.72,-0.013999999999999999
511.76,-0.011999999999999997
511.8,-0.011999999999999997
511.84000000000003,-0.013999999999999999
511.88,-0.009999999999999995
511.92,-0.009999999999999995
511.96000000000004,-0.016
512.0,-0.013999999999999999
512.04,-0.009999999999999995
512.08,-0.005999999999999998
512.12,-0.005999999999999998
512.16,-0.005999999999999998
512.2,-0.005999999999999998
512.24,-0.013999999999999999
512.28,-0.011999999999999997
512.32,-0.013999999999999999
512.36,-0.013999999999999999
512.4,-0.013999999999999999
512.44,-0.011999999999999997
512.48,-0.020000000000000004
512.52,-0.018000000000000002
512.5600000000001,-0.011999999999999997
512.6,-0.013999999999999999
512.64,-0.018000000000000002
512.6800000000001,-0.016
512.72,-0.005999999999999998
512.76,-0.009999999999999995
512.8,-0.013999999999999999
512.84,-0.011999999999999997
512.88,-0.011999999999999997
512.92,-0.016
512.96,-0.013999999999999999
513.0,-0.011999999999999997
513.04,-0.013999999999999999
513.08,-0.011999999999999997
513.12,-0.008
513.16,-0.013999999999999999
513.2,-0.020000000000000004
513.24,-0.018000000000000002
513.28,-0.013999999999999999
513.32,-0.011999999999999997
513.36,-0.009999999999999995
513.4,-0.009999999999999995
513.44,-0.009999999999999995
513.48,-0.009999999999999995
513.52,-0.008
513.5600000000001,-0.009999999999999995
513.6,-0.011999999999999997
513.64,-0.009999999999999995
513.6800000000001,-0.009999999999999995
513.72,-0.013999999999999999
513.76,-0.011999999999999997
513.8,-0.009999999999999995
513.84,-0.016
513.88,-0.022000000000000006
513.92,-0.013999999999999999
513.96,-0.009999999999999995
514.0,-0.009999999999999995
514.04,-0.011999999999999997
514.08,-0.009999999999999995
514.12,-0.009999999999999995
514.16,-0.013999999999999999
514.2,-0.013999999999999999
514.24,-0.011999999999999997
514.28,-0.011999999999999997
514.32,-0.009999999999999995
514.36,-0.008
514.4,-0.009999999999999995
514.44,-0.018000000000000002
514.48,-0.016
514.52,-0.013999999999999999
514.5600000000001,-0.013999999999999999
514.6,-0.013999999999999999
514.64,-0.011999999999999997
514.6800000000001,-0.011999999999999997
514.72,-0.009999999999999995
514.76,-0.009999999999999995
514.8,-0.009999999999999995
514.84,-0.009999999999999995
514.88,-0.009999999999999995
514.92,-0.011999999999999997
514.96,-0.011999999999999997
515.0,-0.008
515.04,-0.008
515.08,-0.018000000000000002
515.12,-0.020000000000000004
515.16,-0.013999999999999999
515.2,-0.013999999999999999
515.24,-0.016
515.28,-0.016
515.32,-0.011999999999999997
515.36,-0.009999999999999995
515.4,-0.013999999999999999
515.44,-0.016
515.48,-0.013999999999999999
515.52,-0.011999999999999997
515.5600000000001,-0.009999999999999995
515.6,-0.009999999999999995
515.64,-0.009999999999999995
515.6800000000001,-0.013999999999999999
515.72,-0.011999999999999997
515.76,-0.011999999999999997
515.8,-0.016
515.84,-0.018000000000000002
515.88,-0.018000000000000002
515.92,-0.013999999999999999
515.96,-0.011999999999999997
516.0,-0.011999999999999997
516.04,-0.009999999999999995
516.08,-0.009999999999999995
516.12,-0.009999999999999995
516.16,-0.011999999999999997
516.2,-0.009999999999999995
516.24,-0.005999999999999998
516.28,-0.003999999999999997
516.32,-0.013999999999999999
516.36,-0.013999999999999999
516.4,-0.009999999999999995
516.44,-0.009999999999999995
516.48,-0.018000000000000002
516.52,-0.018000000000000002
516.5600000000001,-0.011999999999999997
516.6,-0.011999999999999997
516.64,-0.013999999999999999
516.6800000000001,-0.013999999999999999
516.72,-0.013999999999999999
516.76,-0.016
516.8,-0.013999999999999999
516.84,-0.013999999999999999
516.88,-0.013999999999999999
516.92,-0.013999999999999999
516.96,-0.005999999999999998
517.0,-0.009999999999999995
517.04,-0.013999999999999999
517.08,-0.018000000000000002
517.12,-0.018000000000000002
517.16,-0.018000000000000002
517.2,-0.016
517.24,-0.011999999999999997
517.28,-0.013999999999999999
517.32,-0.016
517.36,-0.013999999999999999
517.4,-0.013999999999999999
517.44,-0.013999999999999999
517.48,-0.003999999999999997
517.52,-0.005999999999999998
517.5600000000001,-0.013999999999999999
517.6,-0.008
517.64,-0.0020000000000000018
517.6800000000001,-0.008
517.72,-0.018000000000000002
517.76,-0.013999999999999999
517.8,-0.009999999999999995
517.84,-0.009999999999999995
517.88,-0.011999999999999997
517.92,-0.009999999999999995
517.96,-0.013999999999999999
518.0,-0.013999999999999999
518.04,-0.011999999999999997
518.08,-0.016
518.12,-0.016
518.16,-0.009999999999999995
518.2,-0.005999999999999998
518.24,-0.009999999999999995
518.28,-0.009999999999999995
518.32,-0.011999999999999997
518.36,-0.011999999999999997
518.4,-0.013999999999999999
518.44,-0.011999999999999997
518.48,-0.013999999999999999
518.52,-0.016
518.5600000000001,-0.013999999999999999
518.6,-0.013999999999999999
518.64,-0.018000000000000002
518.6800000000001,-0.016
518.72,-0.009999999999999995
518.76,-0.013999999999999999
518.8,-0.016
518.84,-0.005999999999999998
518.88,-0.0020000000000000018
518.92,-0.009999999999999995
518.96,-0.013999999999999999
519.0,-0.013999999999999999
519.04,-0.011999999999999997
519.08,-0.011999999999999997
519.12,-0.009999999999999995
519.16,-0.009999999999999995
519.2,-0.009999999999999995
519.24,-0.011999999999999997
519.28,-0.013999999999999999
519.32,-0.018000000000000002
519.36,-0.018000000000000002
519.4,-0.013999999999999999
519.44,-0.011999999999999997
519.48,-0.011999999999999997
519.52,-0.009999999999999995
519.5600000000001,-0.008
519.6,-0.009999999999999995
519.64,-0.009999999999999995
519.6800000000001,-0.009999999999999995
519.72,-0.011999999999999997
519.76,-0.013999999999999999
519.8,-0.011999999999999997
519.84,-0.011999999999999997
519.88,-0.016
519.92,-0.013999999999999999
519.96,-0.013999999999999999
520.0,-0.018000000000000002
520.04,-0.018000000000000002
520.08,-0.008
520.12,-0.003999999999999997
520.16,-0.011999999999999997
520.2,-0.013999999999999999
520.24,-0.009999999999999995
520.28,-0.008
520.32,-0.011999999999999997
520.36,-0.009999999999999995
520.4,-0.008
520.44,-0.005999999999999998
520.48,-0.009999999999999995
520.52,-0.009999999999999995
520.5600000000001,-0.013999999999999999
520.6,-0.018000000000000002
520.64,-0.013999999999999999
520.6800000000001,-0.013999999999999999
520.72,-0.016
520.76,-0.011999999999999997
520.8,-0.009999999999999995
520.84,-0.009999999999999995
520.88,-0.011999999999999997
520.92,-0.009999999999999995
520.96,-0.011999999999999997
521.0,-0.011999999999999997
521.04,-0.009999999999999995
521.08,-0.009999999999999995
521.12,-0.011999999999999997
521.16,-0.013999999999999999
521.2,-0.016
521.24,-0.018000000000000002
521.28,-0.020000000000000004
521.32,-0.011999999999999997
521.36,-0.009999999999999995
521.4,-0.016
521.44,-0.013999999999999999
521.48,-0.008
521.52,-0.009999999999999995
521.5600000000001,-0.013999999999999999
521.6,-0.011999999999999997
521.64,-0.008
521.6800000000001,-0.009999999999999995
521.72,-0.005999999999999998
521.76,-0.003999999999999997
521.8,-0.009999999999999995
521.84,-0.011999999999999997
521.88,-0.009999999999999995
521.92,-0.011999999999999997
521.96,-0.016
522.0,-0.013999999999999999
522.04,-0.009999999999999995
522.08,-0.009999999999999995
522.12,-0.011999999999999997
522.16,-0.011999999999999997
522.2,-0.011999999999999997
522.24,-0.011999999999999997
522.28,-0.005999999999999998
522.32,-0.005999999999999998
522.36,-0.009999999999999995
522.4,-0.009999999999999995
522.44,-0.009999999999999995
522.48,-0.018000000000000002
522.52,-0.013999999999999999
522.5600000000001,-0.008
522.6,-0.013999999999999999
522.64,-0.020000000000000004
522.6800000000001,-0.013999999999999999
522.72,-0.008
522.76,-0.009999999999999995
522.8,-0.018000000000000002
522.84,-0.016
522.88,-0.013999999999999999
522.92,-0.011999999999999997
522.96,-0.005999999999999998
523.0,-0.008
523.04,-0.009999999999999995
523.08,-0.005999999999999998
523.12,-0.005999999999999998
523.16,-0.009999999999999995
523.2,-0.013999999999999999
523.24,-0.011999999999999997
523.28,-0.011999999999999997
523.32,-0.013999999999999999
523.36,-0.009999999999999995
523.4,-0.011999999999999997
523.44,-0.013999999999999999
523.48,-0.009999999999999995
523.52,-0.009999999999999995
523.5600000000001,-0.011999999999999997
523.6,-0.011999999999999997
523.64,-0.005999999999999998
523.6800000000001,-0.009999999999999995
523.72,-0.011999999999999997
523.76,-0.005999999999999998
523.8,-0.005999999999999998
523.84,-0.016
523.88,-0.018000000000000002
523.92,-0.009999999999999995
523.96,-0.005999999999999998
524.0,-0.011999999999999997
524.04,-0.013999999999999999
524.08,-0.018000000000000002
524.12,-0.016
524.16,-0.011999999999999997
524.2,-0.011999999999999997
524.24,-0.013999999999999999
524.28,-0.011999999999999997
524.32,-0.003999999999999997
524.36,-0.003999999999999997
524.4,-0.008
524.44,-0.008
524.48,-0.009999999999999995
524.52,-0.011999999999999997
524.5600000000001,-0.011999999999999997
524.6,-0.009999999999999995
524.64,-0.011999999999999997
524.6800000000001,-0.013999999999999999
524.72,-0.009999999999999995
524.76,-0.013999999999999999
524.8,-0.018000000000000002
524.84,-0.013999999999999999
524.88,-0.009999999999999995
524.92,-0.009999999999999995
524.96,-0.011999999999999997
525.0,-0.005999999999999998
525.04,-0.009999999999999995
525.08,-0.013999999999999999
525.12,-0.016
525.16,-0.009999999999999995
525.2,-0.005999999999999998
525.24,-0.009999999999999995
525.28,-0.013999999999999999
525.32,-0.016
525.36,-0.013999999999999999
525.4,-0.011999999999999997
525.44,-0.013999999999999999
525.48,-0.018000000000000002
525.52,-0.016
525.5600000000001,-0.011999999999999997
525.6,-0.008
525.64,-0.008
525.6800000000001,-0.008
525.72,-0.009999999999999995
525.76,-0.009999999999999995
525.8,-0.009999999999999995
525.84,-0.005999999999999998
525.88,-0.009999999999999995
525.92,-0.009999999999999995
525.96,-0.009999999999999995
526.0,-0.011999999999999997
526.04,-0.016
526.08,-0.011999999999999997
526.12,-0.009999999999999995
526.16,-0.011999999999999997
526.2,-0.009999999999999995
526.24,-0.005999999999999998
526.28,-0.005999999999999998
526.32,-0.013999999999999999
526.36,-0.013999999999999999
526.4,-0.009999999999999995
526.44,-0.003999999999999997
526.48,-0.009999999999999995
526.52,-0.011999999999999997
526.5600000000001,-0.005999999999999998
526.6,-0.008
526.64,-0.011999999999999997
526.6800000000001,-0.013999999999999999
526.72,-0.020000000000000004
526.76,-0.020000000000000004
526.8,-0.013999999999999999
526.84,-0.009999999999999995
526.88,-0.013999999999999999
526.92,-0.011999999999999997
526.96,-0.011999999999999997
527.0,-0.011999999999999997
527.04,-0.011999999999999997
527.08,-0.009999999999999995
527.12,-0.009999999999999995
527.16,-0.009999999999999995
527.2,-0.009999999999999995
527.24,-0.009999999999999995
527.28,-0.013999999999999999
527.32,-0.011999999999999997
527.36,-0.009999999999999995
527.4,-0.013999999999999999
527.44,-0.013999999999999999
527.48,-0.005999999999999998
527.52,-0.008
527.5600000000001,-0.013999999999999999
527.6,-0.009999999999999995
527.64,-0.005999999999999998
527.6800000000001,-0.009999999999999995
527.72,-0.011999999999999997
527.76,-0.009999999999999995
527.8,-0.003999999999999997
527.84,-0.003999999999999997
527.88,-0.003999999999999997
527.92,-0.009999999999999995
527.96,-0.013999999999999999
528.0,-0.013999999999999999
528.04,-0.011999999999999997
528.08,-0.011999999999999997
528.12,-0.016
528.16,-0.013999999999999999
528.2,-0.009999999999999995
528.24,-0.011999999999999997
528.28,-0.011999999999999997
528.32,-0.009999999999999995
528.36,-0.011999999999999997
528.4,-0.009999999999999995
528.44,-0.005999999999999998
528.48,-0.011999999999999997
528.52,-0.009999999999999995
528.5600000000001,-0.005999999999999998
528.6,-0.009999999999999995
528.64,-0.013999999999999999
528.6800000000001,-0.013999999999999999
528.72,-0.008
528.76,-0.011999999999999997
528.8,-0.013999999999999999
528.84,-0.011999999999999997
528.88,-0.008
528.92,-0.011999999999999997
528.96,-0.013999999999999999
529.0,-0.011999999999999997
529.04,-0.008
529.08,-0.003999999999999997
529.12,-0.003999999999999997
529.16,-0.005999999999999998
529.2,-0.009999999999999995
529.24,-0.005999999999999998
529.28,-0.005999999999999998
529.32,-0.011999999999999997
529.36,-0.018000000000000002
529.4,-0.016
529.44,-0.009999999999999995
529.48,-0.011999999999999997
529.52,-0.009999999999999995
529.5600000000001,-0.013999999999999999
529.6,-0.013999999999999999
529.64,-0.011999999999999997
529.6800000000001,-0.009999999999999995
529.72,-0.011999999999999997
529.76,-0.008
529.8,-0.003999999999999997
529.84,-0.008
529.88,-0.013999999999999999
529.92,-0.009999999999999995
529.96,-0.008
530.0,-0.011999999999999997
530.04,-0.011999999999999997
530.08,-0.008
530.12,-0.005999999999999998
530.16,-0.011999999999999997
530.2,-0.013999999999999999
530.24,-0.013999999999999999
530.28,-0.011999999999999997
530.32,-0.009999999999999995
530.36,-0.005999999999999998
530.4,-0.008
530.44,-0.005999999999999998
530.48,-0.0020000000000000018
530.52,-0.0020000000000000018
530.5600000000001,-0.011999999999999997
530.6,-0.013999999999999999
530.64,-0.011999999999999997
530.6800000000001,-0.009999999999999995
530.72,-0.008
530.76,-0.009999999999999995
530.8,-0.016
530.84,-0.016
530.88,-0.011999999999999997
530.92,-0.013999999999999999
530.96,-0.018000000000000002
531.0,-0.011999999999999997
531.04,-0.005999999999999998
531.08,-0.009999999999999995
531.12,-0.013999999999999999
531.16,-0.009999999999999995
531.2,-0.008
531.24,-0.013999999999999999
531.28,-0.011999999999999997
531.32,-0.005999999999999998
531.36,-0.005999999999999998
531.4,-0.011999999999999997
531.44,-0.009999999999999995
531.48,-0.011999999999999997
531.52,-0.013999999999999999
531.5600000000001,-0.011999999999999997
531.6,-0.011999999999999997
531.64,-0.013999999999999999
531.6800000000001,-0.009999999999999995
531.72,0.0
531.76,-0.0020000000000000018
531.8,-0.009999999999999995
531.84,-0.009999999999999995
531.88,-0.005999999999999998
531.92,-0.005999999999999998
531.96,-0.003999999999999997
532.0,-0.005999999999999998
532.04,-0.013999999999999999
532.08,-0.011999999999999997
532.12,-0.005999999999999998
532.16,-0.011999999999999997
532.2,-0.018000000000000002
532.24,-0.009999999999999995
532.28,-0.008
532.32,-0.013999999999999999
532.36,-0.011999999999999997
532.4,-0.005999999999999998
532.44,-0.009999999999999995
532.48,-0.013999999999999999
532.52,-0.009999999999999995
532.5600000000001,-0.005999999999999998
532.6,-0.008
532.64,-0.005999999999999998
532.6800000000001,-0.005999999999999998
532.72,-0.009999999999999995
532.76,-0.009999999999999995
532.8,-0.011999999999999997
532.84,-0.016
532.88,-0.018000000000000002
532.92,-0.009999999999999995
532.96,-0.005999999999999998
533.0,-0.009999999999999995
533.04,-0.009999999999999995
533.08,-0.009999999999999995
533.12,-0.008
533.16,-0.005999999999999998
533.2,-0.003999999999999997
533.24,-0.008
533.28,-0.009999999999999995
533.32,-0.005999999999999998
533.36,-0.003999999999999997
533.4,-0.011999999999999997
533.44,-0.013999999999999999
533.48,-0.009999999999999995
533.52,-0.011999999999999997
533.5600000000001,-0.013999999999999999
533.6,-0.011999999999999997
533.64,-0.005999999999999998
533.6800000000001,-0.009999999999999995
533.72,-0.013999999999999999
533.76,-0.011999999999999997
533.8,-0.009999999999999995
533.84,-0.009999999999999995
533.88,-0.005999999999999998
533.92,-0.005999999999999998
533.96,-0.003999999999999997
534.0,-0.003999999999999997
534.04,-0.005999999999999998
534.08,-0.011999999999999997
534.12,-0.013999999999999999
534.16,-0.009999999999999995
534.2,-0.009999999999999995
534.24,-0.011999999999999997
534.28,-0.011999999999999997
534.32,-0.009999999999999995
534.36,-0.005999999999999998
534.4,-0.005999999999999998
534.44,-0.005999999999999998
534.48,-0.011999999999999997
534.52,-0.008
534.5600000000001,-0.0020000000000000018
534.6,-0.0020000000000000018
534.64,-0.005999999999999998
534.6800000000001,-0.009999999999999995
534.72,-0.005999999999999998
534.76,-0.009999999999999995
534.8,-0.013999999999999999
534.84,-0.011999999999999997
534.88,-0.005999999999999998
534.92,-0.009999999999999995
534.96,-0.011999999999999997
535.0,-0.011999999999999997
535.04,-0.011999999999999997
535.08,-0.013999999999999999
535.12,-0.013999999999999999
535.16,-0.009999999999999995
535.2,-0.005999999999999998
535.24,-0.003999999999999997
535.28,-0.005999999999999998
535.32,-0.005999999999999998
535.36,-0.008
535.4,-0.008
535.44,-0.009999999999999995
535.48,-0.011999999999999997
535.52,-0.013999999999999999
535.5600000000001,-0.008
535.6,-0.005999999999999998
535.64,-0.008
535.6800000000001,-0.009999999999999995
535.72,-0.013999999999999999
535.76,-0.009999999999999995
535.8,-0.003999999999999997
535.84,-0.0020000000000000018
535.88,-0.005999999999999998
535.92,-0.003999999999999997
535.96,-0.0020000000000000018
536.0,-0.005999999999999998
536.04,-0.009999999999999995
536.08,-0.009999999999999995
536.12,-0.003999999999999997
536.16,-0.009999999999999995
536.2,-0.008
536.24,-0.005999999999999998
536.28,-0.009999999999999995
536.32,-0.013999999999999999
536.36,-0.013999999999999999
536.4,-0.009999999999999995
536.44,-0.009999999999999995
536.48,-0.008
536.52,-0.005999999999999998
536.5600000000001,-0.005999999999999998
536.6,-0.005999999999999998
536.64,-0.003999999999999997
536.6800000000001,-0.008
536.72,-0.011999999999999997
536.76,-0.009999999999999995
536.8,-0.005999999999999998
536.84,-0.005999999999999998
536.88,-0.008
536.92,-0.009999999999999995
536.96,-0.016
537.0,-0.011999999999999997
537.04,-0.005999999999999998
537.08,-0.005999999999999998
537.12,-0.009999999999999995
537.16,-0.003999999999999997
537.2,-0.0020000000000000018
537.24,-0.005999999999999998
537.28,-0.008
537.32,-0.003999999999999997
537.36,-0.005999999999999998
537.4,-0.008
537.44,-0.003999999999999997
537.48,-0.0020000000000000018
537.52,-0.008
537.5600000000001,-0.009999999999999995
537.6,-0.009999999999999995
537.64,-0.011999999999999997
537.6800000000001,-0.011999999999999997
537.72,-0.009999999999999995
537.76,-0.009999999999999995
537.8,-0.009999999999999995
537.84,-0.0020000000000000018
537.88,-0.0020000000000000018
537.92,-0.009999999999999995
537.96,-0.008
538.0,-0.005999999999999998
538.04,-0.005999999999999998
538.08,-0.005999999999999998
538.12,-0.003999999999999997
538.16,-0.009999999999999995
538.2,-0.009999999999999995
538.24,-0.009999999999999995
538.28,-0.005999999999999998
538.32,-0.011999999999999997
538.36,-0.011999999999999997
538.4,-0.003999999999999997
538.44,-0.0020000000000000018
538.48,-0.005999999999999998
538.52,-0.005999999999999998
538.5600000000001,-0.003999999999999997
538.6,-0.008
538.64,-0.008
538.6800000000001,-0.0020000000000000018
538.72,-0.0020000000000000018
538.76,-0.005999999999999998
538.8,-0.003999999999999997
538.84,-0.003999999999999997
538.88,-0.008
538.92,-0.009999999999999995
538.96,-0.011999999999999997
539.0,-0.013999999999999999
539.04,-0.011999999999999997
539.08,-0.005999999999999998
539.12,-0.005999999999999998
539.16,-0.009999999999999995
539.2,-0.009999999999999995
539.24,-0.003999999999999997
539.28,-0.005999999999999998
539.32,-0.005999999999999998
539.36,-0.003999999999999997
539.4,-0.005999999999999998
539.44,-0.009999999999999995
539.48,-0.005999999999999998
539.52,-0.005999999999999998
539.5600000000001,-0.011999999999999997
539.6,-0.011999999999999997
539.64,-0.005999999999999998
539.6800000000001,-0.005999999999999998
539.72,-0.009999999999999995
539.76,-0.005999999999999998
539.8,-0.003999999999999997
539.84,-0.005999999999999998
539.88,-0.009999999999999995
539.92,-0.003999999999999997
539.96,-0.003999999999999997
540.0,-0.005999999999999998
540.04,-0.0020000000000000018
540.08,0.0020000000000000018
540.12,-0.0020000000000000018
540.16,-0.005999999999999998
540.2,-0.008
540.24,-0.009999999999999995
540.28,-0.009999999999999995
540.32,-0.008
540.36,-0.008
540.4,-0.009999999999999995
540.44,-0.005999999999999998
540.48,-0.005999999999999998
540.52,-0.005999999999999998
540.5600000000001,-0.005999999999999998
540.6,-0.005999999999999998
540.64,-0.005999999999999998
540.6800000000001,-0.005999999999999998
540.72,-0.0020000000000000018
540.76,-0.0020000000000000018
540.8,-0.009999999999999995
540.84,-0.011999999999999997
540.88,-0.008
540.92,-0.009999999999999995
540.96,-0.011999999999999997
541.0,-0.005999999999999998
541.04,-0.003999999999999997
541.08,-0.009999999999999995
541.12,-0.009999999999999995
541.16,-0.005999999999999998
541.2,-0.009999999999999995
541.24,-0.009999999999999995
541.28,-0.003999999999999997
541.32,0.0020000000000000018
541.36,0.0
541.4,-0.003999999999999997
541.44,-0.003999999999999997
541.48,-0.003999999999999997
541.52,-0.005999999999999998
541.5600000000001,-0.005999999999999998
541.6,-0.009999999999999995
541.64,-0.009999999999999995
541.6800000000001,-0.005999999999999998
541.72,-0.005999999999999998
541.76,-0.009999999999999995
541.8,-0.008
541.84,-0.008
541.88,-0.008
541.92,-0.005999999999999998
541.96,0.0020000000000000018
542.0,-0.0020000000000000018
542.04,-0.005999999999999998
542.08,-0.005999999999999998
542.12,-0.003999999999999997
542.16,-0.009999999999999995
542.2,-0.009999999999999995
542.24,-0.005999999999999998
542.28,-0.003999999999999997
542.32,-0.005999999999999998
542.36,-0.003999999999999997
542.4,-0.005999999999999998
542.44,-0.013999999999999999
542.48,-0.011999999999999997
542.52,-0.005999999999999998
542.5600000000001,-0.0020000000000000018
542.6,-0.003999999999999997
542.64,-0.003999999999999997
542.6800000000001,-0.0020000000000000018
542.72,0.0
542.76,-0.0020000000000000018
542.8,-0.003999999999999997
542.84,-0.009999999999999995
542.88,-0.005999999999999998
542.92,-0.003999999999999997
542.96,-0.005999999999999998
543.0,-0.009999999999999995
543.04,-0.009999999999999995
543.08,-0.009999999999999995
543.12,-0.013999999999999999
543.16,-0.009999999999999995
543.2,-0.0020000000000000018
543.24,-0.005999999999999998
543.28,-0.005999999999999998
543.32,-0.003999999999999997
543.36,-0.003999999999999997
543.4,-0.008
543.44,-0.009999999999999995
543.48,-0.005999999999999998
543.52,-0.005999999999999998
543.5600000000001,-0.003999999999999997
543.6,-0.003999999999999997
543.64,-0.005999999999999998
543.6800000000001,-0.013999999999999999
543.72,-0.009999999999999995
543.76,-0.005999999999999998
543.8,-0.005999999999999998
543.84,-0.008
543.88,-0.005999999999999998
543.92,0.0
543.96,0.0020000000000000018
544.0,0.0
544.04,-0.003999999999999997
544.08,-0.003999999999999997
544.12,-0.0020000000000000018
544.16,-0.0020000000000000018
544.2,-0.003999999999999997
544.24,-0.003999999999999997
544.28,-0.003999999999999997
544.32,-0.008
544.36,-0.009999999999999995
544.4,-0.009999999999999995
544.44,-0.003999999999999997
544.48,-0.005999999999999998
544.52,-0.005999999999999998
544.5600000000001,-0.003999999999999997
544.6,-0.003999999999999997
544.64,-0.005999999999999998
544.6800000000001,-0.005999999999999998
544.72,-0.003999999999999997
544.76,-0.003999999999999997
544.8,-0.003999999999999997
544.84,-0.0020000000000000018
544.88,-0.003999999999999997
544.92,-0.009999999999999995
544.96,-0.008
545.0,-0.005999999999999998
545.04,-0.009999999999999995
545.08,-0.013999999999999999
545.12,-0.009999999999999995
545.16,-0.003999999999999997
545.2,-0.005999999999999998
545.24,-0.005999999999999998
545.28,-0.005999999999999998
545.32,-0.003999999999999997
545.36,-0.003999999999999997
545.4,-0.0020000000000000018
545.44,-0.003999999999999997
545.48,-0.003999999999999997
545.52,-0.0020000000000000018
545.5600000000001,-0.0020000000000000018
545.6,-0.008
545.64,-0.009999999999999995
545.6800000000001,-0.003999999999999997
545.72,-0.005999999999999998
545.76,-0.009999999999999995
545.8,-0.003999999999999997
545.84,-0.0020000000000000018
545.88,-0.008
545.92,-0.005999999999999998
545.96,-0.003999999999999997
546.0,-0.005999999999999998
546.04,-0.005999999999999998
546.08,-0.0020000000000000018
546.12,-0.003999999999999997
546.16,-0.005999999999999998
546.2,0.0020000000000000018
546.24,0.0
546.28,-0.008
546.32,-0.013999999999999999
546.36,-0.009999999999999995
546.4,-0.003999999999999997
546.44,-0.008
546.48,-0.005999999999999998
546.52,-0.005999999999999998
546.5600000000001,-0.005999999999999998
546.6,-0.003999999999999997
546.64,-0.0020000000000000018
546.6800000000001,-0.005999999999999998
546.72,-0.003999999999999997
546.76,0.0020000000000000018
546.8000000000001,-0.0020000000000000018
546.84,-0.003999999999999997
546.88,-0.0020000000000000018
546.92,-0.003999999999999997
546.96,-0.009999999999999995
547.0,-0.008
547.04,-0.003999999999999997
547.08,-0.005999999999999998
547.12,-0.005999999999999998
547.16,-0.003999999999999997
547.2,-0.005999999999999998
547.24,-0.009999999999999995
547.28,-0.005999999999999998
547.32,-0.005999999999999998
547.36,-0.009999999999999995
547.4,-0.003999999999999997
547.44,0.0040000000000000036
547.48,0.0020000000000000018
547.52,-0.005999999999999998
547.5600000000001,-0.009999999999999995
547.6,-0.005999999999999998
547.64,-0.005999999999999998
547.6800000000001,-0.005999999999999998
547.72,-0.009999999999999995
547.76,-0.009999999999999995
547.8000000000001,-0.005999999999999998
547.84,-0.0020000000000000018
547.88,-0.008
547.92,-0.009999999999999995
547.96,-0.003999999999999997
548.0,0.0020000000000000018
548.04,-0.0020000000000000018
548.08,0.0
548.12,0.0020000000000000018
548.16,-0.0020000000000000018
548.2,-0.005999999999999998
548.24,-0.0020000000000000018
548.28,-0.0020000000000000018
548.32,-0.005999999999999998
548.36,-0.003999999999999997
548.4,-0.0020000000000000018
548.44,-0.003999999999999997
548.48,-0.005999999999999998
548.52,-0.005999999999999998
548.5600000000001,-0.009999999999999995
548.6,-0.011999999999999997
548.64,-0.003999999999999997
548.6800000000001,0.0020000000000000018
548.72,0.0
548.76,-0.005999999999999998
548.8000000000001,-0.005999999999999998
548.84,-0.0020000000000000018
548.88,-0.0020000000000000018
548.92,-0.008
548.96,-0.009999999999999995
549.0,-0.009999999999999995
549.04,-0.005999999999999998
549.08,-0.005999999999999998
549.12,-0.009999999999999995
549.16,-0.011999999999999997
549.2,-0.009999999999999995
549.24,-0.005999999999999998
549.28,-0.005999999999999998
549.32,-0.003999999999999997
549.36,0.0
549.4,-0.0020000000000000018
549.44,-0.003999999999999997
549.48,-0.003999999999999997
549.52,-0.003999999999999997
549.5600000000001,-0.005999999999999998
549.6,-0.003999999999999997
549.64,0.0
549.6800000000001,-0.0020000000000000018
549.72,-0.005999999999999998
549.76,-0.003999999999999997
549.8000000000001,-0.005999999999999998
549.84,-0.011999999999999997
549.88,-0.008
549.92,0.0
549.96,-0.0020000000000000018
550.0,-0.005999999999999998
550.04,-0.0020000000000000018
550.08,0.0040000000000000036
550.12,0.0020000000000000018
550.16,-0.005999999999999998
550.2,-0.003999999999999997
550.24,-0.003999999999999997
550.28,-0.003999999999999997
550.32,-0.003999999999999997
550.36,-0.005999999999999998
550.4,-0.009999999999999995
550.44,-0.005999999999999998
550.48,-0.005999999999999998
550.52,-0.009999999999999995
550.5600000000001,-0.009999999999999995
550.6,-0.0020000000000000018
550.64,-0.0020000000000000018
550.6800000000001,-0.003999999999999997
550.72,-0.0020000000000000018
550.76,-0.0020000000000000018
550.8000000000001,-0.005999999999999998
550.84,-0.003999999999999997
550.88,0.0020000000000000018
550.92,-0.0020000000000000018
550.96,-0.003999999999999997
551.0,0.0
551.04,-0.0020000000000000018
551.08,-0.009999999999999995
551.12,-0.009999999999999995
551.16,-0.0020000000000000018
551.2,-0.009999999999999995
551.24,-0.011999999999999997
551.28,-0.0020000000000000018
551.32,0.008
551.36,0.0020000000000000018
551.4,-0.0020000000000000018
551.44,-0.003999999999999997
551.48,-0.0020000000000000018
551.52,-0.0020000000000000018
551.5600000000001,-0.0020000000000000018
551.6,-0.003999999999999997
551.64,-0.005999999999999998
551.6800000000001,-0.0020000000000000018
551.72,-0.005999999999999998
551.76,-0.009999999999999995
551.8000000000001,-0.009999999999999995
551.84,-0.005999999999999998
551.88,-0.003999999999999997
551.92,-0.003999999999999997
551.96,-0.003999999999999997
552.0,-0.005999999999999998
552.04,-0.005999999999999998
552.08,-0.0020000000000000018
552.12,-0.0020000000000000018
552.16,-0.003999999999999997
552.2,-0.0020000000000000018
552.24,0.0040000000000000036
552.28,0.0020000000000000018
552.32,-0.0020000000000000018
552.36,-0.0020000000000000018
552.4,-0.003999999999999997
552.44,-0.009999999999999995
552.48,-0.009999999999999995
552.52,-0.003999999999999997
552.5600000000001,0.0020000000000000018
552.6,-0.0020000000000000018
552.64,-0.005999999999999998
552.6800000000001,-0.005999999999999998
552.72,-0.0020000000000000018
552.76,0.0020000000000000018
552.8000000000001,-0.0020000000000000018
552.84,-0.005999999999999998
552.88,-0.0020000000000000018
552.92,0.0020000000000000018
552.96,-0.003999999999999997
553.0,-0.008
553.04,-0.009999999999999995
553.08,-0.009999999999999995
553.12,-0.005999999999999998
553.16,-0.003999999999999997
553.2,-0.005999999999999998
553.24,-0.008
553.28,-0.003999999999999997
553.32,-0.0020000000000000018
553.36,-0.005999999999999998
553.4,-0.009999999999999995
553.44,-0.003999999999999997
553.48,0.0020000000000000018
553.52,0.0
553.5600000000001,0.0020000000000000018
553.6,0.0020000000000000018
553.64,-0.0020000000000000018
553.6800000000001,-0.005999999999999998
553.72,-0.008
553.76,-0.003999999999999997
553.8000000000001,-0.0020000000000000018
553.84,-0.003999999999999997
553.88,-0.005999999999999998
553.92,-0.005999999999999998
553.96,-0.0020000000000000018
554.0,0.0
554.04,-0.003999999999999997
554.08,-0.005999999999999998
554.12,0.0
554.16,0.006000000000000005
554.2,0.0020000000000000018
554.24,-0.003999999999999997
554.28,-0.003999999999999997
554.32,-0.003999999999999997
554.36,-0.003999999999999997
554.4,-0.003999999999999997
554.44,-0.005999999999999998
554.48,-0.005999999999999998
554.52,-0.003999999999999997
554.5600000000001,-0.0020000000000000018
554.6,-0.009999999999999995
554.64,-0.013999999999999999
554.6800000000001,-0.005999999999999998
554.72,-0.0020000000000000018
554.76,-0.003999999999999997
554.8000000000001,-0.003999999999999997
554.84,0.0020000000000000018
554.88,0.0020000000000000018
554.92,-0.003999999999999997
554.96,-0.0020000000000000018
555.0,-0.0020000000000000018
555.04,-0.003999999999999997
555.08,-0.008
555.12,-0.008
555.16,-0.005999999999999998
555.2,-0.003999999999999997
555.24,-0.0020000000000000018
555.28,-0.003999999999999997
555.32,-0.009999999999999995
555.36,-0.003999999999999997
555.4,0.0020000000000000018
555.44,-0.0020000000000000018
555.48,-0.003999999999999997
555.52,0.0020000000000000018
555.5600000000001,0.0020000000000000018
555.6,-0.0020000000000000018
555.64,-0.003999999999999997
555.6800000000001,-0.005999999999999998
555.72,-0.005999999999999998
555.76,-0.0020000000000000018
555.8000000000001,0.0020000000000000018
555.84,-0.005999999999999998
555.88,-0.011999999999999997
555.92,-0.003999999999999997
555.96,-0.003999999999999997
556.0,-0.009999999999999995
556.04,-0.008
556.08,0.0020000000000000018
556.12,0.0020000000000000018
556.16,-0.003999999999999997
556.2,0.0040000000000000036
556.24,0.0020000000000000018
556.28,-0.0020000000000000018
556.32,-0.003999999999999997
556.36,-0.003999999999999997
556.4,-0.005999999999999998
556.44,-0.003999999999999997
556.48,-0.0020000000000000018
556.52,-0.003999999999999997
556.5600000000001,-0.009999999999999995
556.6,-0.005999999999999998
556.64,-0.0020000000000000018
556.6800000000001,-0.003999999999999997
556.72,-0.003999999999999997
556.76,0.0020000000000000018
556.8000000000001,0.0040000000000000036
556.84,0.0020000000000000018
556.88,-0.0020000000000000018
556.92,-0.005999999999999998
556.96,-0.005999999999999998
557.0,0.0020000000000000018
557.04,0.0020000000000000018
557.08,-0.005999999999999998
557.12,-0.005999999999999998
557.16,-0.0020000000000000018
557.2,-0.003999999999999997
557.24,-0.011999999999999997
557.28,-0.011999999999999997
557.32,-0.005999999999999998
557.36,-0.005999999999999998
557.4,-0.005999999999999998
557.44,-0.0020000000000000018
557.48,0.0020000000000000018
557.52,-0.0020000000000000018
557.5600000000001,-0.003999999999999997
557.6,-0.003999999999999997
557.64,-0.003999999999999997
557.6800000000001,-0.0020000000000000018
557.72,-0.0020000000000000018
557.76,-0.003999999999999997
557.8000000000001,-0.005999999999999998
557.84,-0.005999999999999998
557.88,-0.005999999999999998
557.92,-0.008
557.96,-0.005999999999999998
558.0,-0.0020000000000000018
558.04,0.0040000000000000036
558.08,0.0020000000000000018
558.12,-0.0020000000000000018
558.16,-0.003999999999999997
558.2,-0.0020000000000000018
558.24,0.0020000000000000018
558.28,0.0020000000000000018
558.32,-0.003999999999999997
558.36,-0.0020000000000000018
558.4,0.0020000000000000018
558.44,0.0020000000000000018
558.48,-0.005999999999999998
558.52,-0.009999999999999995
558.5600000000001,-0.008
558.6,-0.008
558.64,-0.005999999999999998
558.6800000000001,-0.003999999999999997
558.72,-0.0020000000000000018
558.76,-0.003999999999999997
558.8000000000001,-0.003999999999999997
558.84,-0.003999999999999997
558.88,-0.0020000000000000018
558.92,-0.003999999999999997
558.96,-0.0020000000000000018
559.0,-0.0020000000000000018
559.04,-0.003999999999999997
559.08,-0.003999999999999997
559.12,-0.003999999999999997
559.16,-0.008
559.2,-0.009999999999999995
559.24,-0.005999999999999998
559.28,-0.0020000000000000018
559.32,-0.003999999999999997
559.36,-0.005999999999999998
559.4,-0.003999999999999997
559.44,-0.0020000000000000018
559.48,0.0020000000000000018
559.52,-0.0020000000000000018
559.5600000000001,-0.005999999999999998
559.6,-0.0020000000000000018
559.64,0.006000000000000005
559.6800000000001,0.0040000000000000036
559.72,-0.003999999999999997
559.76,-0.0020000000000000018
559.8000000000001,-0.0020000000000000018
559.84,-0.008
559.88,-0.008
559.92,-0.005999999999999998
559.96,-0.005999999999999998
560.0,-0.003999999999999997
560.04,-0.0020000000000000018
560.08,-0.0020000000000000018
560.12,-0.003999999999999997
560.16,-0.0020000000000000018
560.2,0.0
560.24,-0.003999999999999997
560.28,-0.0020000000000000018
560.32,0.0020000000000000018
560.36,-0.0020000000000000018
560.4,-0.003999999999999997
560.44,-0.003999999999999997
560.48,-0.003999999999999997
560.52,-0.005999999999999998
560.5600000000001,-0.005999999999999998
560.6,-0.005999999999999998
560.64,-0.005999999999999998
560.6800000000001,-0.0020000000000000018
560.72,0.006000000000000005
560.76,-0.005999999999999998
560.8000000000001,-0.011999999999999997
560.84,-0.0020000000000000018
560.88,0.0040000000000000036
560.92,-0.0020000000000000018
560.96,-0.0020000000000000018
561.0,0.0040000000000000036
561.04,0.0020000000000000018
561.08,-0.003999999999999997
561.12,-0.003999999999999997
561.16,-0.005999999999999998
561.2,-0.009999999999999995
561.24,-0.005999999999999998
561.28,-0.0020000000000000018
561.32,-0.005999999999999998
561.36,-0.005999999999999998
561.4,-0.003999999999999997
561.44,-0.005999999999999998
561.48,-0.005999999999999998
561.52,-0.0020000000000000018
561.5600000000001,0.0
561.6,-0.0020000000000000018
561.64,-0.0020000000000000018
561.6800000000001,0.0
561.72,-0.0020000000000000018
561.76,-0.005999999999999998
561.8000000000001,-0.005999999999999998
561.84,-0.009999999999999995
561.88,-0.005999999999999998
561.92,0.0020000000000000018
561.96,0.0020000000000000018
562.0,-0.005999999999999998
562.04,-0.009999999999999995
562.08,-0.0020000000000000018
562.12,-0.0020000000000000018
562.16,-0.005999999999999998
562.2,0.0
562.24,0.006000000000000005
562.28,0.0040000000000000036
562.32,0.0020000000000000018
562.36,0.0020000000000000018
562.4,-0.0020000000000000018
562.44,-0.0020000000000000018
562.48,-0.0020000000000000018
562.52,-0.0020000000000000018
562.5600000000001,-0.003999999999999997
562.6,-0.003999999999999997
562.64,-0.003999999999999997
562.6800000000001,-0.005999999999999998
562.72,-0.005999999999999998
562.76,-0.003999999999999997
562.8000000000001,-0.003999999999999997
562.84,-0.003999999999999997
562.88,0.0
562.92,0.0020000000000000018
562.96,0.0
563.0,-0.0020000000000000018
563.04,-0.005999999999999998
563.08,-0.009999999999999995
563.12,-0.003999999999999997
563.16,0.0020000000000000018
563.2,-0.0020000000000000018
563.24,-0.008
563.28,-0.008
563.32,-0.003999999999999997
563.36,-0.005999999999999998
563.4,-0.009999999999999995
563.44,-0.005999999999999998
563.48,-0.0020000000000000018
563.52,0.0020000000000000018
563.5600000000001,0.0
563.6,0.0020000000000000018
563.64,0.0020000000000000018
563.6800000000001,0.0
563.72,0.0020000000000000018
563.76,0.0020000000000000018
563.8000000000001,-0.0020000000000000018
563.84,-0.003999999999999997
563.88,-0.0020000000000000018
563.92,0.0
563.96,-0.003999999999999997
564.0,-0.005999999999999998
564.04,-0.003999999999999997
564.08,-0.005999999999999998
564.12,-0.003999999999999997
564.16,0.0020000000000000018
564.2,0.0040000000000000036
564.24,-0.0020000000000000018
564.28,-0.0020000000000000018
564.32,-0.003999999999999997
564.36,-0.0020000000000000018
564.4,0.0
564.44,-0.0020000000000000018
564.48,-0.005999999999999998
564.52,-0.003999999999999997
564.5600000000001,0.0020000000000000018
564.6,-0.003999999999999997
564.64,-0.009999999999999995
564.6800000000001,-0.009999999999999995
564.72,-0.003999999999999997
564.76,-0.005999999999999998
564.8000000000001,-0.003999999999999997
564.84,-0.0020000000000000018
564.88,-0.0020000000000000018
564.92,-0.0020000000000000018
564.96,0.0040000000000000036
565.0,0.0020000000000000018
565.04,-0.003999999999999997
565.08,-0.003999999999999997
565.12,0.0020000000000000018
565.16,0.0020000000000000018
565.2,-0.0020000000000000018
565.24,-0.0020000000000000018
565.28,-0.005999999999999998
565.32,-0.009999999999999995
565.36,-0.005999999999999998
565.4,-0.003999999999999997
565.44,-0.003999999999999997
565.48,-0.0020000000000000018
565.52,0.0
565.5600000000001,-0.003999999999999997
565.6,-0.0020000000000000018
565.64,0.0
565.6800000000001,-0.003999999999999997
565.72,-0.005999999999999998
565.76,0.0020000000000000018
565.8000000000001,0.0040000000000000036
565.84,-0.0020000000000000018
565.88,-0.005999999999999998
565.92,-0.003999999999999997
565.96,-0.003999999999999997
566.0,-0.009999999999999995
566.04,-0.008
566.08,-0.003999999999999997
566.12,-0.003999999999999997
566.16,-0.0020000000000000018
566.2,0.0020000000000000018
566.24,0.0
566.28,-0.003999999999999997
566.32,-0.0020000000000000018
566.36,0.0040000000000000036
566.4,0.0040000000000000036
566.44,0.0040000000000000036
566.48,0.0020000000000000018
566.52,-0.003999999999999997
566.5600000000001,-0.003999999999999997
566.6,-0.003999999999999997
566.64,-0.003999999999999997
566.6800000000001,-0.005999999999999998
566.72,-0.0020000000000000018
566.76,-0.0020000000000000018
566.8000000000001,-0.0020000000000000018
566.84,-0.0020000000000000018
566.88,0.0
566.92,-0.005999999999999998
566.96,-0.005999999999999998
567.0,0.0020000000000000018
567.04,0.0020000000000000018
567.08,-0.0020000000000000018
567.12,-0.0020000000000000018
567.16,0.0040000000000000036
567.2,-0.0020000000000000018
567.24,-0.005999999999999998
567.28,-0.005999999999999998
567.32,-0.005999999999999998
567.36,-0.005999999999999998
567.4,-0.005999999999999998
567.44,-0.0020000000000000018
567.48,-0.003999999999999997
567.52,-0.005999999999999998
567.5600000000001,-0.005999999999999998
567.6,0.0
567.64,0.0020000000000000018
567.6800000000001,0.0020000000000000018
567.72,0.0020000000000000018
567.76,0.0020000000000000018
567.8000000000001,0.0020000000000000018
567.84,0.0040000000000000036
567.88,-0.0020000000000000018
567.92,-0.003999999999999997
567.96,-0.0020000000000000018
568.0,-0.0020000000000000018
568.04,-0.0020000000000000018
568.08,0.0
568.12,-0.0020000000000000018
568.16,-0.003999999999999997
568.2,-0.0020000000000000018
568.24,0.0
568.28,-0.0020000000000000018
568.32,-0.003999999999999997
568.36,0.0020000000000000018
568.4,0.006000000000000005
568.44,0.0040000000000000036
568.48,0.0
568.52,0.0
568.5600000000001,-0.0020000000000000018
568.6,-0.005999999999999998
568.64,-0.003999999999999997
568.6800000000001,-0.0020000000000000018
568.72,-0.003999999999999997
568.76,-0.005999999999999998
568.8000000000001,-0.003999999999999997
568.84,-0.003999999999999997
568.88,-0.003999999999999997
568.92,-0.0020000000000000018
568.96,-0.0020000000000000018
569.0,0.0
569.04,0.006000000000000005
569.08,0.006000000000000005
569.12,0.0020000000000000018
569.16,-0.0020000000000000018
569.2,0.0
569.24,0.0
569.28,-0.0020000000000000018
569.32,0.0020000000000000018
569.36,0.0020000000000000018
569.4,0.0020000000000000018
569.44,0.0020000000000000018
569.48,0.006000000000000005
569.52,-0.0020000000000000018
569.5600000000001,-0.003999999999999997
569.6,0.006000000000000005
569.64,0.012000000000000004
569.6800000000001,0.010000000000000002
569.72,0.012000000000000004
569.76,0.016
569.8000000000001,0.013999999999999999
569.84,0.010000000000000002
569.88,0.012000000000000004
569.92,0.016
569.96,0.012000000000000004
570.0,0.012000000000000004
570.04,0.016
570.08,0.013999999999999999
570.12,0.013999999999999999
570.16,0.013999999999999999
570.2,0.012000000000000004
570.24,0.018000000000000002
570.28,0.026000000000000002
570.32,0.026000000000000002
570.36,0.022000000000000002
570.4,0.024
570.44,0.026000000000000002
570.48,0.022000000000000002
570.52,0.020000000000000004
570.5600000000001,0.026000000000000002
570.6,0.026000000000000002
570.64,0.026000000000000002
570.6800000000001,0.028000000000000004
570.72,0.028000000000000004
570.76,0.018000000000000002
570.8000000000001,0.018000000000000002
570.84,0.024
570.88,0.026000000000000002
570.92,0.024
570.96,0.026000000000000002
571.0,0.028000000000000004
571.04,0.024
571.08,0.026000000000000002
571.12,0.026000000000000002
571.16,0.026000000000000002
571.2,0.020000000000000004
571.24,0.022000000000000002
571.28,0.022000000000000002
571.32,0.022000000000000002
571.36,0.018000000000000002
571.4,0.013999999999999999
571.44,0.012000000000000004
571.48,0.013999999999999999
571.52,0.018000000000000002
571.5600000000001,0.018000000000000002
571.6,0.018000000000000002
571.64,0.020000000000000004
571.6800000000001,0.020000000000000004
571.72,0.018000000000000002
571.76,0.013999999999999999
571.8000000000001,0.013999999999999999
571.84,0.016
571.88,0.018000000000000002
571.92,0.020000000000000004
571.96,0.018000000000000002
572.0,0.012000000000000004
572.04,0.010000000000000002
572.08,0.012000000000000004
572.12,0.012000000000000004
572.16,0.006000000000000005
572.2,0.008
572.24,0.012000000000000004
572.28,0.010000000000000002
572.32,0.010000000000000002
572.36,0.012000000000000004
572.4,0.012000000000000004
572.44,0.008
572.48,0.008
572.52,0.010000000000000002
572.5600000000001,0.012000000000000004
572.6,0.008
572.64,0.006000000000000005
572.6800000000001,0.0020000000000000018
572.72,0.0020000000000000018
572.76,0.0020000000000000018
572.8000000000001,0.0
572.84,-0.0020000000000000018
572.88,0.0020000000000000018
572.92,0.006000000000000005
572.96,0.0040000000000000036
573.0,0.0
573.04,0.0020000000000000018
573.08,0.0020000000000000018
573.12,0.0020000000000000018
573.16,0.006000000000000005
573.2,0.006000000000000005
573.24,0.0040000000000000036
573.28,0.006000000000000005
573.32,0.008
573.36,0.0040000000000000036
573.4,-0.0020000000000000018
573.44,-0.0020000000000000018
573.48,0.0020000000000000018
573.52,0.0
573.5600000000001,0.0
573.6,0.006000000000000005
573.64,0.0040000000000000036
573.6800000000001,0.0
573.72,0.0020000000000000018
573.76,0.006000000000000005
573.8000000000001,0.006000000000000005
573.84,0.0040000000000000036
573.88,0.0040000000000000036
573.92,0.006000000000000005
573.96,0.0040000000000000036
574.0,0.0020000000000000018
574.04,-0.003999999999999997
574.08,-0.005999999999999998
574.12,0.0020000000000000018
574.16,0.0020000000000000018
574.2,-0.0020000000000000018
574.24,-0.003999999999999997
574.28,0.0
574.32,-0.0020000000000000018
574.36,-0.0020000000000000018
574.4,0.0
574.44,0.0
574.48,0.0
574.52,0.006000000000000005
574.5600000000001,0.012000000000000004
574.6,0.0040000000000000036
574.64,0.0020000000000000018
574.6800000000001,0.0020000000000000018
574.72,0.0
574.76,-0.003999999999999997
574.8000000000001,0.0
574.84,0.006000000000000005
574.88,0.0020000000000000018
574.92,-0.0020000000000000018
574.96,-0.0020000000000000018
575.0,0.0020000000000000018
575.04,0.0020000000000000018
575.08,0.006000000000000005
575.12,0.006000000000000005
575.16,0.006000000000000005
575.2,0.010000000000000002
575.24,0.006000000000000005
575.28,-0.0020000000000000018
575.32,-0.0020000000000000018
575.36,0.006000000000000005
575.4,0.0020000000000000018
575.44,-0.0020000000000000018
575.48,0.0
575.52,0.0020000000000000018
575.5600000000001,-0.0020000000000000018
575.6,0.0020000000000000018
575.64,-0.0020000000000000018
575.6800000000001,-0.005999999999999998
575.72,-0.003999999999999997
575.76,0.006000000000000005
575.8000000000001,0.010000000000000002
575.84,0.006000000000000005
575.88,0.0040000000000000036
575.92,0.008
575.96,0.006000000000000005
576.0,0.0020000000000000018
576.04,0.006000000000000005
576.08,0.006000000000000005
576.12,0.0040000000000000036
576.16,0.0020000000000000018
576.2,0.0
576.24,0.0020000000000000018
576.28,0.0020000000000000018
576.32,0.0020000000000000018
576.36,0.0020000000000000018
576.4,0.0040000000000000036
576.44,0.010000000000000002
576.48,0.006000000000000005
576.52,0.0020000000000000018
576.5600000000001,0.006000000000000005
576.6,0.006000000000000005
576.64,0.006000000000000005
576.6800000000001,0.0020000000000000018
576.72,0.0020000000000000018
576.76,0.0020000000000000018
576.8000000000001,0.006000000000000005
576.84,0.0040000000000000036
576.88,0.0
576.92,-0.005999999999999998
576.96,-0.005999999999999998
577.0,0.0020000000000000018
577.04,0.0040000000000000036
577.08,0.0020000000000000018
577.12,0.0020000000000000018
577.16,0.010000000000000002
577.2,0.006000000000000005
577.24,0.0020000000000000018
577.28,0.0040000000000000036
577.32,0.008
577.36,0.006000000000000005
577.4,0.0020000000000000018
577.44,0.0040000000000000036
577.48,0.0020000000000000018
577.52,0.0020000000000000018
577.5600000000001,0.0
577.6,-0.0020000000000000018
577.64,0.0020000000000000018
577.6800000000001,0.006000000000000005
577.72,0.006000000000000005
577.76,0.0040000000000000036
577.8000000000001,0.006000000000000005
577.84,0.010000000000000002
577.88,0.006000000000000005
577.92,0.0020000000000000018
577.96,0.006000000000000005
578.0,0.010000000000000002
578.04,0.010000000000000002
578.08,0.010000000000000002
578.12,0.006000000000000005
578.16,-0.0020000000000000018
578.2,-0.0020000000000000018
578.24,0.006000000000000005
578.28,0.0
578.32,-0.005999999999999998
578.36,0.0
578.4,0.006000000000000005
578.44,0.0040000000000000036
578.48,0.0020000000000000018
578.52,0.0040000000000000036
578.5600000000001,0.006000000000000005
578.6,0.0020000000000000018
578.64,0.0020000000000000018
578.6800000000001,0.006000000000000005
578.72,0.0020000000000000018
578.76,0.0040000000000000036
578.8000000000001,0.0040000000000000036
578.84,0.0
578.88,-0.0020000000000000018
578.92,0.0020000000000000018
578.96,-0.0020000000000000018
579.0,-0.0020000000000000018
579.04,0.0040000000000000036
579.08,0.010000000000000002
579.12,0.0040000000000000036
579.16,0.0
579.2,0.0040000000000000036
579.24,0.0040000000000000036
579.28,0.008
579.32,0.012000000000000004
579.36,0.010000000000000002
579.4,0.0020000000000000018
579.44,0.006000000000000005
579.48,0.010000000000000002
579.52,-0.0020000000000000018
579.5600000000001,-0.005999999999999998
579.6,-0.0020000000000000018
579.64,0.0020000000000000018
579.6800000000001,0.0020000000000000018
579.72,0.0020000000000000018
579.76,0.0040000000000000036
579.8000000000001,0.0040000000000000036
579.84,0.0020000000000000018
579.88,0.0020000000000000018
579.92,0.0020000000000000018
579.96,0.0040000000000000036
580.0,0.006000000000000005
580.04,0.006000000000000005
580.08,0.0040000000000000036
580.12,0.0040000000000000036
580.16,0.0
580.2,-0.003999999999999997
580.24,-0.0020000000000000018
580.28,0.0040000000000000036
580.32,0.006000000000000005
580.36,0.0020000000000000018
580.4,0.0
580.44,-0.0020000000000000018
580.48,-0.0020000000000000018
580.52,0.0040000000000000036
580.5600000000001,0.006000000000000005
580.6,0.0040000000000000036
580.64,0.0040000000000000036
580.6800000000001,0.010000000000000002
580.72,0.010000000000000002
580.76,0.0020000000000000018
580.8000000000001,-0.003999999999999997
580.84,0.0
580.88,0.0020000000000000018
580.92,0.0
580.96,-0.0020000000000000018
581.0,0.0020000000000000018
581.04,0.0020000000000000018
581.08,-0.0020000000000000018
581.12,-0.0020000000000000018
581.16,0.0
581.2,0.0
581.24,0.0020000000000000018
581.28,0.0040000000000000036
581.32,0.006000000000000005
581.36,0.0040000000000000036
581.4,0.0020000000000000018
581.44,0.0
581.48,-0.0020000000000000018
581.52,0.0040000000000000036
581.5600000000001,0.006000000000000005
581.6,0.0040000000000000036
581.64,0.0020000000000000018
581.6800000000001,0.0
581.72,0.0
581.76,0.0020000000000000018
581.8000000000001,0.0020000000000000018
581.84,0.0020000000000000018
581.88,0.0040000000000000036
581.92,0.010000000000000002
581.96,0.012000000000000004
582.0,0.006000000000000005
582.04,0.0020000000000000018
582.08,0.006000000000000005
582.12,0.006000000000000005
582.16,-0.0020000000000000018
582.2,-0.0020000000000000018
582.24,0.0040000000000000036
582.28,0.0040000000000000036
582.32,-0.0020000000000000018
582.36,-0.0020000000000000018
582.4,-0.0020000000000000018
582.44,-0.003999999999999997
582.48,0.0
582.52,0.0020000000000000018
582.5600000000001,0.0020000000000000018
582.6,0.0020000000000000018
582.64,0.0020000000000000018
582.6800000000001,0.0
582.72,0.0
582.76,0.0040000000000000036
582.8000000000001,0.0040000000000000036
582.84,0.0020000000000000018
582.88,0.0020000000000000018
582.92,0.0020000000000000018
582.96,0.0020000000000000018
583.0,0.0020000000000000018
583.04,-0.0020000000000000018
583.08,-0.003999999999999997
583.12,-0.003999999999999997
583.16,0.006000000000000005
583.2,0.006000000000000005
583.24,0.0020000000000000018
583.28,0.0040000000000000036
583.32,0.012000000000000004
583.36,0.008
583.4,0.0020000000000000018
583.44,0.0020000000000000018
583.48,0.006000000000000005
583.52,0.006000000000000005
583.5600000000001,0.0040000000000000036
583.6,0.006000000000000005
583.64,0.0
583.6800000000001,-0.0020000000000000018
583.72,0.0020000000000000018
583.76,0.0020000000000000018
583.8000000000001,-0.0020000000000000018
583.84,0.0020000000000000018
583.88,0.0020000000000000018
583.92,0.0020000000000000018
583.96,0.0040000000000000036
584.0,0.0040000000000000036
584.04,0.0020000000000000018
584.08,0.0
584.12,0.0040000000000000036
584.16,0.0020000000000000018
584.2,0.006000000000000005
584.24,0.006000000000000005
584.28,0.0020000000000000018
584.32,-0.003999999999999997
584.36,-0.003999999999999997
584.4,0.0020000000000000018
584.44,-0.0020000000000000018
584.48,-0.005999999999999998
584.52,0.0020000000000000018
584.5600000000001,0.010000000000000002
584.6,0.0040000000000000036
584.64,0.0
584.6800000000001,0.0020000000000000018
584.72,0.0040000000000000036
584.76,0.0040000000000000036
584.8000000000001,0.006000000000000005
584.84,0.006000000000000005
584.88,0.0020000000000000018
584.92,0.0020000000000000018
584.96,0.0040000000000000036
585.0,0.0020000000000000018
585.04,-0.003999999999999997
585.08,-0.0020000000000000018
585.12,-0.0020000000000000018
585.16,0.0020000000000000018
585.2,0.0020000000000000018
585.24,0.0020000000000000018
585.28,0.0020000000000000018
585.32,-0.0020000000000000018
585.36,0.0
585.4,0.0040000000000000036
585.44,0.006000000000000005
585.48,0.008
585.52,0.006000000000000005
585.5600000000001,0.0020000000000000018
585.6,0.0020000000000000018
585.64,0.0020000000000000018
585.6800000000001,-0.003999999999999997
585.72,-0.005999999999999998
585.76,-0.0020000000000000018
585.8000000000001,0.008
585.84,0.006000000000000005
585.88,-0.0020000000000000018
585.92,0.0020000000000000018
585.96,0.0040000000000000036
586.0,0.0020000000000000018
586.04,0.0020000000000000018
586.08,0.006000000000000005
586.12,0.006000000000000005
586.16,0.006000000000000005
586.2,0.010000000000000002
586.24,0.006000000000000005
586.28,-0.0020000000000000018
586.32,-0.0020000000000000018
586.36,0.0020000000000000018
586.4,0.0020000000000000018
586.44,-0.0020000000000000018
586.48,0.0020000000000000018
586.52,-0.0020000000000000018
586.5600000000001,-0.003999999999999997
586.6,-0.003999999999999997
586.64,0.0020000000000000018
586.6800000000001,0.0
586.72,0.0040000000000000036
586.76,0.006000000000000005
586.8000000000001,0.0020000000000000018
586.84,0.0040000000000000036
586.88,0.0040000000000000036
586.92,-0.0020000000000000018
586.96,-0.008
587.0,0.0020000000000000018
587.04,0.0040000000000000036
587.08,-0.0020000000000000018
587.12,-0.003999999999999997
587.16,0.0
587.2,0.0020000000000000018
587.24,0.0
587.28,0.0
587.32,0.0020000000000000018
587.36,0.0020000000000000018
587.4,0.006000000000000005
587.44,0.010000000000000002
587.48,0.006000000000000005
587.52,0.0020000000000000018
587.5600000000001,0.006000000000000005
587.6,0.0040000000000000036
587.64,0.0020000000000000018
587.6800000000001,0.0040000000000000036
587.72,0.0040000000000000036
587.76,0.0020000000000000018
587.8000000000001,-0.0020000000000000018
587.84,0.0
587.88,-0.0020000000000000018
587.92,-0.0020000000000000018
587.96,0.0020000000000000018
588.0,0.0
588.04,0.0020000000000000018
588.08,0.008
588.12,0.010000000000000002
588.16,0.0
588.2,-0.0020000000000000018
588.24,0.0040000000000000036
588.28,0.0020000000000000018
588.32,-0.003999999999999997
588.36,-0.003999999999999997
588.4,0.0020000000000000018
588.44,0.0020000000000000018
588.48,-0.0020000000000000018
588.52,-0.0020000000000000018
588.5600000000001,-0.003999999999999997
588.6,-0.003999999999999997
588.64,0.0020000000000000018
588.6800000000001,0.0040000000000000036
588.72,0.0020000000000000018
588.76,0.0020000000000000018
588.8000000000001,0.006000000000000005
588.84,0.006000000000000005
588.88,0.0040000000000000036
588.92,0.0040000000000000036
588.96,0.0040000000000000036
589.0,0.0020000000000000018
589.04,0.0020000000000000018
589.08,0.0020000000000000018
589.12,-0.0020000000000000018
589.16,0.0
589.2,-0.003999999999999997
589.24,-0.003999999999999997
589.28,-0.0020000000000000018
589.32,0.006000000000000005
589.36,0.0040000000000000036
589.4,0.0020000000000000018
589.44,0.0040000000000000036
589.48,0.006000000000000005
589.52,0.0040000000000000036
589.5600000000001,-0.003999999999999997
589.6,-0.0020000000000000018
589.64,0.006000000000000005
589.6800000000001,0.006000000000000005
589.72,0.0020000000000000018
589.76,-0.0020000000000000018
589.8000000000001,-0.0020000000000000018
589.84,-0.003999999999999997
589.88,-0.0020000000000000018
589.92,0.0020000000000000018
589.96,-0.0020000000000000018
590.0,-0.0020000000000000018
590.04,0.0040000000000000036
590.08,0.006000000000000005
590.12,0.0020000000000000018
590.16,0.0020000000000000018
590.2,0.0040000000000000036
590.24,0.0040000000000000036
590.28,0.0020000000000000018
590.32,0.0040000000000000036
590.36,0.006000000000000005
590.4,0.0
590.44,-0.003999999999999997
590.48,-0.003999999999999997
590.52,-0.003999999999999997
590.5600000000001,-0.0020000000000000018
590.6,0.0020000000000000018
590.64,0.0
590.6800000000001,0.0020000000000000018
590.72,0.006000000000000005
590.76,0.0020000000000000018
590.8000000000001,-0.005999999999999998
590.84,-0.0020000000000000018
590.88,0.006000000000000005
590.92,0.006000000000000005
590.96,-0.0020000000000000018
591.0,0.0020000000000000018
591.04,0.0040000000000000036
591.08,0.0
591.12,-0.0020000000000000018
591.16,-0.0020000000000000018
591.2,-0.005999999999999998
591.24,-0.003999999999999997
591.28,0.0040000000000000036
591.32,0.006000000000000005
591.36,0.0
591.4,0.0020000000000000018
591.44,0.0040000000000000036
591.48,0.0040000000000000036
591.52,0.0040000000000000036
591.5600000000001,0.010000000000000002
591.6,0.010000000000000002
591.64,0.0040000000000000036
591.6800000000001,0.0020000000000000018
591.72,0.0
591.76,-0.0020000000000000018
591.8000000000001,0.0
591.84,0.0
591.88,-0.003999999999999997
591.92,0.0020000000000000018
591.96,0.006000000000000005
592.0,0.0020000000000000018
592.04,-0.003999999999999997
592.08,0.0
592.12,0.006000000000000005
592.16,0.0020000000000000018
592.2,-0.0020000000000000018
592.24,0.0020000000000000018
592.28,0.0040000000000000036
592.32,0.0020000000000000018
592.36,0.0020000000000000018
592.4,0.0
592.44,-0.005999999999999998
592.48,-0.005999999999999998
592.52,0.0
592.5600000000001,-0.0020000000000000018
592.6,-0.003999999999999997
592.64,-0.0020000000000000018
592.6800000000001,0.0
592.72,0.0
592.76,0.0020000000000000018
592.8000000000001,0.006000000000000005
592.84,0.0040000000000000036
592.88,0.0040000000000000036
592.92,0.006000000000000005
592.96,0.006000000000000005
593.0,0.0040000000000000036
593.04,0.0020000000000000018
593.08,-0.0020000000000000018
593.12,-0.003999999999999997
593.16,0.0
593.2,0.006000000000000005
593.24,0.0020000000000000018
593.28,-0.0020000000000000018
593.32,0.0040000000000000036
593.36,0.0040000000000000036
593.4,-0.003999999999999997
593.44,-0.003999999999999997
593.48,0.0
593.52,0.0040000000000000036
593.5600000000001,0.006000000000000005
593.6,0.006000000000000005
593.64,0.0040000000000000036
593.6800000000001,0.0
593.72,-0.0020000000000000018
593.76,0.0020000000000000018
593.8000000000001,-0.0020000000000000018
593.84,-0.003999999999999997
593.88,-0.0020000000000000018
593.92,0.0
593.96,-0.0020000000000000018
594.0,-0.0020000000000000018
594.04,0.0
594.08,-0.0020000000000000018
594.12,0.0020000000000000018
594.16,0.0040000000000000036
594.2,0.006000000000000005
594.24,0.006000000000000005
594.28,0.006000000000000005
594.32,0.0020000000000000018
594.36,-0.0020000000000000018
594.4,0.0020000000000000018
594.44,0.0020000000000000018
594.48,-0.0020000000000000018
594.52,-0.0020000000000000018
594.5600000000001,0.006000000000000005
594.6,0.0040000000000000036
594.64,-0.003999999999999997
594.6800000000001,-0.005999999999999998
594.72,-0.0020000000000000018
594.76,0.0
594.8000000000001,0.0020000000000000018
594.84,0.006000000000000005
594.88,0.0020000000000000018
594.92,0.0020000000000000018
594.96,0.0040000000000000036
595.0,0.006000000000000005
595.04,-0.0020000000000000018
595.08,-0.003999999999999997
595.12,-0.0020000000000000018
595.16,0.0020000000000000018
595.2,-0.0020000000000000018
595.24,-0.0020000000000000018
595.28,-0.0020000000000000018
595.32,-0.003999999999999997
595.36,-0.003999999999999997
595.4,0.0
595.44,0.0040000000000000036
595.48,0.006000000000000005
595.52,0.0040000000000000036
595.5600000000001,0.0020000000000000018
595.6,0.0020000000000000018
595.64,0.0040000000000000036
595.6800000000001,0.0020000000000000018
595.72,0.0
595.76,0.0020000000000000018
595.8000000000001,0.008
595.84,0.006000000000000005
595.88,-0.0020000000000000018
595.92,-0.0020000000000000018
595.96,0.0
596.0,-0.0020000000000000018
596.04,-0.0020000000000000018
596.08,0.0
596.12,0.0020000000000000018
596.16,0.0020000000000000018
596.2,0.006000000000000005
596.24,0.006000000000000005
596.28,0.0020000000000000018
596.32,-0.0020000000000000018
596.36,0.0020000000000000018
596.4,0.0020000000000000018
596.44,-0.0020000000000000018
596.48,-0.0020000000000000018
596.52,-0.0020000000000000018
596.5600000000001,-0.003999999999999997
596.6,-0.005999999999999998
596.64,-0.003999999999999997
596.6800000000001,-0.0020000000000000018
596.72,-0.0020000000000000018
596.76,0.0
596.8000000000001,0.0020000000000000018
596.84,0.0020000000000000018
596.88,0.0020000000000000018
596.92,0.0020000000000000018
596.96,0.0
597.0,0.0040000000000000036
597.04,0.006000000000000005
597.08,0.0040000000000000036
597.12,0.0
597.16,0.0020000000000000018
597.2,0.0040000000000000036
597.24,0.0
597.28,-0.003999999999999997
597.32,-0.0020000000000000018
597.36,-0.0020000000000000018
597.4,0.0
597.44,0.0040000000000000036
597.48,0.006000000000000005
597.52,0.0020000000000000018
597.5600000000001,0.0020000000000000018
597.6,0.006000000000000005
597.64,0.006000000000000005
597.6800000000001,0.0020000000000000018
597.72,0.0
597.76,0.0040000000000000036
597.8000000000001,0.0
597.84,-0.003999999999999997
597.88,-0.0020000000000000018
597.92,-0.0020000000000000018
597.96,-0.005999999999999998
598.0,-0.003999999999999997
598.04,0.0
598.08,0.0
598.12,0.0020000000000000018
598.16,0.0020000000000000018
598.2,0.0020000000000000018
598.24,0.0
598.28,0.0040000000000000036
598.32,0.0
598.36,-0.0020000000000000018
598.4,0.006000000000000005
598.44,0.010000000000000002
598.48,0.0020000000000000018
598.52,-0.003999999999999997
598.5600000000001,-0.0020000000000000018
598.6,-0.003999999999999997
598.64,-0.005999999999999998
598.6800000000001,0.0
598.72,0.0040000000000000036
598.76,-0.0020000000000000018
598.8000000000001,-0.0020000000000000018
598.84,0.006000000000000005
598.88,0.0040000000000000036
598.92,-0.0020000000000000018
598.96,0.0020000000000000018
599.0,0.006000000000000005
599.04,0.0020000000000000018
599.08,0.0020000000000000018
599.12,0.0040000000000000036
599.16,-0.0020000000000000018
599.2,-0.005999999999999998
599.24,-0.003999999999999997
599.28,-0.0020000000000000018
599.32,-0.003999999999999997
599.36,0.0
599.4,0.0020000000000000018
599.44,0.0
599.48,0.0020000000000000018
599.52,0.0
599.5600000000001,-0.003999999999999997
599.6,-0.0020000000000000018
599.64,0.008
599.6800000000001,0.010000000000000002
599.72,0.0020000000000000018
599.76,0.0020000000000000018
599.8000000000001,0.0040000000000000036
599.84,-0.0020000000000000018
599.88,-0.0020000000000000018
599.92,0.0020000000000000018
599.96,-0.0020000000000000018
600.0,-0.005999999999999998
600.04,-0.0020000000000000018
600.08,0.006000000000000005
600.12,0.0020000000000000018
600.16,-0.0020000000000000018
600.2,0.0020000000000000018
600.24,0.0020000000000000018
600.28,0.0020000000000000018
600.32,0.006000000000000005
600.36,0.006000000000000005
600.4,0.0020000000000000018
600.44,-0.0020000000000000018
600.48,0.0
600.52,-0.0020000000000000018
600.5600000000001,-0.003999999999999997
600.6,-0.003999999999999997
600.64,-0.0020000000000000018
600.6800000000001,-0.0020000000000000018
600.72,-0.0020000000000000018
600.76,-0.003999999999999997
600.8000000000001,-0.005999999999999998
600.84,-0.003999999999999997
600.88,0.0020000000000000018
600.92,0.0040000000000000036
600.96,0.0020000000000000018
601.0,0.0040000000000000036
601.04,0.008
601.08,0.006000000000000005
601.12,0.0020000000000000018
601.16,0.0020000000000000018
601.2,-0.0020000000000000018
601.24,-0.003999999999999997
601.28,-0.0020000000000000018
601.32,0.0040000000000000036
601.36,0.0020000000000000018
601.4,-0.0020000000000000018
601.44,0.0020000000000000018
601.48,0.0040000000000000036
601.52,0.0020000000000000018
601.5600000000001,0.0020000000000000018
601.6,0.0040000000000000036
601.64,0.0040000000000000036
601.6800000000001,0.0020000000000000018
601.72,0.006000000000000005
601.76,0.006000000000000005
601.8000000000001,-0.0020000000000000018
601.84,-0.003999999999999997
601.88,0.0
601.92,0.0020000000000000018
601.96,-0.0020000000000000018
602.0,-0.0020000000000000018
602.04,-0.003999999999999997
602.08,-0.003999999999999997
602.12,-0.0020000000000000018
602.16,-0.003999999999999997
602.2,-0.003999999999999997
602.24,-0.003999999999999997
602.28,0.006000000000000005
602.32,0.006000000000000005
602.36,0.0040000000000000036
602.4,0.0040000000000000036
602.44,0.0020000000000000018
602.48,-0.003999999999999997
602.52,-0.0020000000000000018
602.5600000000001,0.0020000000000000018
602.6,-0.0020000000000000018
602.64,-0.003999999999999997
602.6800000000001,0.0020000000000000018
602.72,0.0020000000000000018
602.76,-0.003999999999999997
602.8000000000001,-0.0020000000000000018
602.84,0.0020000000000000018
602.88,0.0020000000000000018
602.92,0.0020000000000000018
602.96,0.006000000000000005
603.0,0.008
603.04,0.0020000000000000018
603.08,-0.0020000000000000018
603.12,0.0040000000000000036
603.16,0.0020000000000000018
603.2,0.0
603.24,0.0020000000000000018
603.28,0.0
603.32,0.0020000000000000018
603.36,0.0020000000000000018
603.4,-0.003999999999999997
603.44,-0.009999999999999995
603.48,-0.003999999999999997
603.52,0.0020000000000000018
603.5600000000001,-0.0020000000000000018
603.6,-0.0020000000000000018
603.64,0.0020000000000000018
603.6800000000001,0.0020000000000000018
603.72,-0.0020000000000000018
603.76,0.0020000000000000018
603.8000000000001,0.0020000000000000018
603.84,-0.0020000000000000018
603.88,-0.0020000000000000018
603.92,0.006000000000000005
603.96,0.0020000000000000018
604.0,-0.003999999999999997
604.04,-0.0020000000000000018
604.08,0.0
604.12,-0.003999999999999997
604.16,-0.0020000000000000018
604.2,0.006000000000000005
604.24,0.0020000000000000018
604.28,0.0
604.32,0.0020000000000000018
604.36,0.0040000000000000036
604.4,0.0020000000000000018
604.44,0.0
604.48,0.0
604.52,0.0020000000000000018
604.5600000000001,0.0040000000000000036
604.6,0.0020000000000000018
604.64,-0.003999999999999997
604.6800000000001,-0.008
604.72,-0.005999999999999998
604.76,-0.003999999999999997
604.8000000000001,-0.003999999999999997
604.84,-0.0020000000000000018
604.88,0.0
604.92,0.0020000000000000018
604.96,0.0020000000000000018
605.0,0.0020000000000000018
605.04,0.0020000000000000018
605.08,-0.0020000000000000018
605.12,0.0020000000000000018
605.16,0.006000000000000005
605.2,0.0020000000000000018
605.24,-0.0020000000000000018
605.28,-0.0020000000000000018
605.32,0.0020000000000000018
605.36,-0.0020000000000000018
605.4,-0.003999999999999997
605.44,0.0
605.48,0.0
605.52,-0.0020000000000000018
605.5600000000001,0.0020000000000000018
605.6,0.006000000000000005
605.64,0.0040000000000000036
605.6800000000001,0.0020000000000000018
605.72,0.0020000000000000018
605.76,0.006000000000000005
605.8000000000001,0.006000000000000005
605.84,0.006000000000000005
605.88,0.0040000000000000036
605.92,-0.0020000000000000018
605.96,-0.0020000000000000018
606.0,-0.0020000000000000018
606.04,-0.003999999999999997
606.08,-0.005999999999999998
606.12,-0.003999999999999997
606.16,-0.0020000000000000018
606.2,0.0
606.24,0.0020000000000000018
606.28,0.0020000000000000018
606.32,-0.003999999999999997
606.36,0.0
606.4,0.0020000000000000018
606.44,0.0
606.48,-0.0020000000000000018
606.52,0.0020000000000000018
606.5600000000001,0.006000000000000005
606.6,-0.0020000000000000018
606.64,-0.003999999999999997
606.6800000000001,-0.0020000000000000018
606.72,-0.003999999999999997
606.76,-0.008
606.8000000000001,0.0020000000000000018
606.84,0.0040000000000000036
606.88,0.0
606.92,-0.0020000000000000018
606.96,0.0020000000000000018
607.0,0.0020000000000000018
607.04,0.0020000000000000018
607.08,0.008
607.12,0.0040000000000000036
607.16,0.0040000000000000036
607.2,0.006000000000000005
607.24,0.006000000000000005
607.28,-0.0020000000000000018
607.32,-0.005999999999999998
607.36,-0.003999999999999997
607.4,-0.003999999999999997
607.44,-0.0020000000000000018
607.48,0.0020000000000000018
607.52,0.0020000000000000018
607.5600000000001,-0.0020000000000000018
607.6,0.0020000000000000018
607.64,0.0040000000000000036
607.6800000000001,-0.0020000000000000018
607.72,-0.003999999999999997
607.76,0.006000000000000005
607.8000000000001,0.006000000000000005
607.84,0.0020000000000000018
607.88,0.0020000000000000018
607.92,0.0020000000000000018
607.96,-0.003999999999999997
608.0,-0.003999999999999997
608.04,0.0020000000000000018
608.08,0.0020000000000000018
608.12,-0.003999999999999997
608.16,-0.0020000000000000018
608.2,0.0
608.24,-0.0020000000000000018
608.28,-0.0020000000000000018
608.32,0.0020000000000000018
608.36,0.0020000000000000018
608.4,0.0020000000000000018
608.44,0.006000000000000005
608.48,0.006000000000000005
608.52,0.0020000000000000018
608.5600000000001,0.0
608.6,-0.0020000000000000018
608.64,-0.003999999999999997
608.6800000000001,-0.003999999999999997
608.72,-0.0020000000000000018
608.76,-0.003999999999999997
608.8000000000001,-0.0020000000000000018
608.84,0.0020000000000000018
608.88,0.0
608.92,-0.005999999999999998
608.96,-0.005999999999999998
609.0,0.0020000000000000018
609.04,0.0020000000000000018
609.08,0.0
609.12,0.0020000000000000018
609.16,0.0040000000000000036
609.2,0.0020000000000000018
609.24,0.0020000000000000018
609.28,0.0020000000000000018
609.32,-0.0020000000000000018
609.36,-0.0020000000000000018
609.4,-0.0020000000000000018
609.44,0.0
609.48,0.0
609.52,-0.0020000000000000018
609.5600000000001,-0.0020000000000000018
609.6,0.0
609.64,0.0
609.6800000000001,0.0040000000000000036
609.72,0.006000000000000005
609.76,0.006000000000000005
609.8000000000001,0.0040000000000000036
609.84,0.006000000000000005
609.88,0.0040000000000000036
609.92,0.0020000000000000018
609.96,-0.003999999999999997
610.0,-0.0020000000000000018
610.04,0.0020000000000000018
610.08,0.0020000000000000018
610.12,0.0
610.16,-0.003999999999999997
610.2,-0.003999999999999997
610.24,0.0
610.28,-0.0020000000000000018
610.32,-0.003999999999999997
610.36,-0.0020000000000000018
610.4,0.0020000000000000018
610.44,0.0020000000000000018
610.48,0.0020000000000000018
610.52,0.006000000000000005
610.5600000000001,0.0020000000000000018
610.6,-0.003999999999999997
610.64,-0.0020000000000000018
610.6800000000001,0.0020000000000000018
610.72,0.0
610.76,-0.003999999999999997
610.8000000000001,-0.0020000000000000018
610.84,-0.0020000000000000018
610.88,-0.005999999999999998
610.92,-0.003999999999999997
610.96,0.0020000000000000018
611.0,0.0020000000000000018
611.04,0.0040000000000000036
611.08,0.010000000000000002
611.12,0.008
611.16,0.0040000000000000036
611.2,0.0
611.24,0.0
611.28,-0.0020000000000000018
611.32,0.0020000000000000018
611.36,0.0020000000000000018
611.4,-0.0020000000000000018
611.44,0.0
611.48,0.0020000000000000018
611.52,0.0
611.5600000000001,-0.005999999999999998
611.6,-0.003999999999999997
611.64,0.0020000000000000018
611.6800000000001,0.0020000000000000018
611.72,0.0020000000000000018
611.76,0.006000000000000005
611.8000000000001,0.0020000000000000018
611.84,-0.003999999999999997
611.88,0.0020000000000000018
611.92,0.0020000000000000018
611.96,-0.0020000000000000018
612.0,-0.0020000000000000018
612.04,0.0020000000000000018
612.08,-0.0020000000000000018
612.12,-0.005999999999999998
612.16,-0.003999999999999997
612.2,-0.0020000000000000018
612.24,-0.005999999999999998
612.28,-0.0020000000000000018
612.32,0.006000000000000005
612.36,0.006000000000000005
612.4,0.0020000000000000018
612.44,0.0040000000000000036
612.48,0.0
612.52,-0.0020000000000000018
612.5600000000001,0.0020000000000000018
612.6,0.0020000000000000018
612.64,-0.0020000000000000018
612.6800000000001,0.0040000000000000036
612.72,0.006000000000000005
612.76,-0.0020000000000000018
612.8000000000001,-0.005999999999999998
612.84,-0.003999999999999997
612.88,-0.0020000000000000018
612.92,-0.003999999999999997
612.96,0.0020000000000000018
613.0,0.0020000000000000018
613.04,-0.0020000000000000018
613.08,-0.0020000000000000018
613.12,0.0040000000000000036
613.16,0.0040000000000000036
613.2,-0.0020000000000000018
613.24,0.0020000000000000018
613.28,0.0040000000000000036
613.32,0.0020000000000000018
613.36,-0.0020000000000000018
613.4,-0.0020000000000000018
613.44,-0.003999999999999997
613.48,-0.005999999999999998
613.52,-0.003999999999999997
613.5600000000001,-0.0020000000000000018
613.6,0.0
613.64,0.0020000000000000018
613.6800000000001,0.0020000000000000018
613.72,0.0020000000000000018
613.76,0.0040000000000000036
613.8000000000001,0.0020000000000000018
613.84,0.0
613.88,-0.0020000000000000018
613.92,0.006000000000000005
613.96,0.006000000000000005
614.0,0.0020000000000000018
614.04,-0.0020000000000000018
614.08,0.0020000000000000018
614.12,-0.0020000000000000018
614.16,-0.003999999999999997
614.2,-0.003999999999999997
614.24,-0.0020000000000000018
614.28,-0.003999999999999997
614.32,-0.0020000000000000018
614.36,0.0040000000000000036
614.4,0.0020000000000000018
614.44,-0.0020000000000000018
614.48,-0.0020000000000000018
614.52,0.0020000000000000018
614.5600000000001,0.0020000000000000018
614.6,-0.0020000000000000018
614.64,0.0040000000000000036
614.6800000000001,0.0
614.72,-0.003999999999999997
614.76,-0.005999999999999998
614.8000000000001,-0.003999999999999997
614.84,-0.003999999999999997
614.88,-0.005999999999999998
614.92,-0.003999999999999997
614.96,0.0020000000000000018
615.0,0.0020000000000000018
615.04,0.0020000000000000018
615.08,-0.0020000000000000018
615.12,-0.0020000000000000018
615.16,0.0040000000000000036
615.2,0.0040000000000000036
615.24,0.0020000000000000018
615.28,0.0020000000000000018
615.32,0.008
615.36,0.006000000000000005
615.4,0.0
615.44,-0.0020000000000000018
615.48,-0.0020000000000000018
615.52,-0.003999999999999997
615.5600000000001,-0.0020000000000000018
615.6,0.0020000000000000018
615.64,0.0020000000000000018
615.6800000000001,-0.0020000000000000018
615.72,0.0
615.76,0.0020000000000000018
615.8000000000001,0.0
615.84,0.0020000000000000018
615.88,0.0040000000000000036
615.92,0.0040000000000000036
615.96,0.0020000000000000018
616.0,0.0020000000000000018
616.04,0.0
616.08,-0.005999999999999998
616.12,-0.005999999999999998
616.16,-0.003999999999999997
616.2,-0.0020000000000000018
616.24,-0.0020000000000000018
616.28,-0.0020000000000000018
616.32,-0.0020000000000000018
616.36,-0.0020000000000000018
616.4,0.0020000000000000018
616.44,-0.0020000000000000018
616.48,-0.003999999999999997
616.52,0.0020000000000000018
616.5600000000001,0.010000000000000002
616.6,0.010000000000000002
616.64,0.0020000000000000018
616.6800000000001,0.0020000000000000018
616.72,-0.0020000000000000018
616.76,-0.0020000000000000018
616.8000000000001,0.0
616.84,0.0020000000000000018
616.88,-0.003999999999999997
616.92,-0.003999999999999997
616.96,0.0020000000000000018
617.0,0.0020000000000000018
617.04,-0.003999999999999997
617.08,-0.0020000000000000018
617.12,0.0020000000000000018
617.16,0.0020000000000000018
617.2,0.0040000000000000036
617.24,0.006000000000000005
617.28,0.006000000000000005
617.32,0.0
617.36,-0.0020000000000000018
617.4,-0.0020000000000000018
617.44,-0.0020000000000000018
617.48,-0.0020000000000000018
617.52,-0.0020000000000000018
617.5600000000001,-0.003999999999999997
617.6,-0.0020000000000000018
617.64,0.0020000000000000018
617.6800000000001,-0.003999999999999997
617.72,-0.008
617.76,-0.0020000000000000018
617.8000000000001,0.006000000000000005
617.84,0.0020000000000000018
617.88,0.0020000000000000018
617.92,0.0040000000000000036
617.96,0.0040000000000000036
618.0,0.0020000000000000018
618.04,0.0020000000000000018
618.08,0.0020000000000000018
618.12,-0.003999999999999997
618.16,-0.003999999999999997
618.2,0.0040000000000000036
618.24,0.0020000000000000018
618.28,-0.003999999999999997
618.32,-0.003999999999999997
618.36,-0.0020000000000000018
618.4,-0.003999999999999997
618.44,0.0
618.48,0.0040000000000000036
618.52,0.006000000000000005
618.5600000000001,0.0
618.6,-0.0020000000000000018
618.64,0.0020000000000000018
618.6800000000001,0.0
618.72,-0.0020000000000000018
618.76,-0.003999999999999997
618.8000000000001,-0.003999999999999997
618.84,0.0020000000000000018
618.88,0.0020000000000000018
618.92,-0.003999999999999997
618.96,-0.005999999999999998
619.0,-0.003999999999999997
619.04,0.0
619.08,-0.003999999999999997
619.12,-0.003999999999999997
619.16,0.0020000000000000018
619.2,0.006000000000000005
619.24,0.0040000000000000036
619.28,0.0040000000000000036
619.32,0.0020000000000000018
619.36,-0.0020000000000000018
619.4,0.0020000000000000018
619.44,0.0040000000000000036
619.48,0.0040000000000000036
619.52,-0.003999999999999997
619.5600000000001,0.0
619.6,0.0020000000000000018
619.64,-0.0020000000000000018
619.6800000000001,-0.003999999999999997
619.72,0.0020000000000000018
619.76,0.0040000000000000036
619.8000000000001,-0.0020000000000000018
619.84,0.0020000000000000018
619.88,0.006000000000000005
619.92,0.006000000000000005
619.96,0.0020000000000000018
620.0,-0.0020000000000000018
620.04,-0.0020000000000000018
620.08,0.0
620.12,0.0020000000000000018
620.16,-0.0020000000000000018
620.2,-0.003999999999999997
620.24,-0.0020000000000000018
620.28,0.0
620.32,-0.008
620.36,-0.009999999999999995
620.4,-0.003999999999999997
620.44,0.0020000000000000018
620.48,0.0
620.52,0.0020000000000000018
620.5600000000001,0.0020000000000000018
620.6,-0.0020000000000000018
620.64,0.0020000000000000018
620.6800000000001,0.006000000000000005
620.72,0.0020000000000000018
620.76,-0.003999999999999997
620.8000000000001,0.0020000000000000018
620.84,0.0040000000000000036
620.88,-0.0020000000000000018
620.92,-0.003999999999999997
620.96,0.0
621.0,-0.0020000000000000018
621.04,-0.005999999999999998
621.08,0.0
621.12,0.006000000000000005
621.16,0.006000000000000005
621.2,0.0040000000000000036
621.24,0.0020000000000000018
621.28,-0.0020000000000000018
621.32,0.0040000000000000036
621.36,0.0040000000000000036
621.4,0.0020000000000000018
621.44,0.0020000000000000018
621.48,0.008
621.52,0.0040000000000000036
621.5600000000001,-0.005999999999999998
621.6,-0.005999999999999998
621.64,-0.0020000000000000018
621.6800000000001,-0.003999999999999997
621.72,-0.005999999999999998
621.76,-0.0020000000000000018
621.8000000000001,-0.0020000000000000018
621.84,-0.0020000000000000018
621.88,0.0020000000000000018
621.92,0.0040000000000000036
621.96,-0.0020000000000000018
622.0,-0.0020000000000000018
622.04,0.0040000000000000036
622.08,0.0040000000000000036
622.12,0.0020000000000000018
622.16,0.0020000000000000018
622.2,0.0020000000000000018
622.24,-0.005999999999999998
622.28,-0.005999999999999998
622.32,-0.003999999999999997
622.36,0.0020000000000000018
622.4,0.0020000000000000018
622.44,0.0020000000000000018
622.48,0.0
622.52,0.0020000000000000018
622.5600000000001,0.0020000000000000018
622.6,0.0
622.64,-0.003999999999999997
622.6800000000001,0.0020000000000000018
622.72,0.008
622.76,0.0040000000000000036
622.8000000000001,0.0
622.84,0.0020000000000000018
622.88,0.0020000000000000018
622.92,-0.003999999999999997
622.96,-0.005999999999999998
623.0,-0.005999999999999998
623.04,-0.003999999999999997
623.08,0.0
623.12,0.0020000000000000018
623.16,0.0
623.2,-0.003999999999999997
623.24,-0.003999999999999997
623.28,0.0020000000000000018
623.32,0.0040000000000000036
623.36,0.0020000000000000018
623.4,0.006000000000000005
623.44,0.0020000000000000018
623.48,-0.0020000000000000018
623.52,-0.0020000000000000018
623.5600000000001,0.0
623.6,0.0
623.64,-0.0020000000000000018
623.6800000000001,-0.003999999999999997
623.72,-0.0020000000000000018
623.76,0.0020000000000000018
623.8000000000001,0.0020000000000000018
623.84,-0.0020000000000000018
623.88,-0.003999999999999997
623.92,0.0
623.96,0.0040000000000000036
624.0,0.0040000000000000036
624.04,0.0020000000000000018
624.08,0.0040000000000000036
624.12,0.008
624.16,0.0020000000000000018
624.2,-0.003999999999999997
624.24,-0.003999999999999997
624.28,-0.003999999999999997
624.32,-0.0020000000000000018
624.36,-0.0020000000000000018
624.4,-0.003999999999999997
624.44,-0.005999999999999998
624.48,-0.005999999999999998
624.52,0.0020000000000000018
624.5600000000001,0.0
624.6,-0.003999999999999997
624.64,0.0
624.6800000000001,0.0040000000000000036
624.72,0.0020000000000000018
624.76,0.0
624.8000000000001,0.0040000000000000036
624.84,0.0020000000000000018
624.88,-0.003999999999999997
624.92,-0.005999999999999998
624.96,-0.0020000000000000018
625.0,0.0020000000000000018
625.04,0.0020000000000000018
625.08,-0.0020000000000000018
625.12,-0.003999999999999997
625.16,0.0
625.2,0.0020000000000000018
625.24,0.0
625.28,-0.0020000000000000018
625.32,0.0040000000000000036
625.36,0.010000000000000002
625.4,0.006000000000000005
625.44,0.0020000000000000018
625.48,0.0040000000000000036
625.52,0.0020000000000000018
625.5600000000001,0.0
625.6,0.0
625.64,-0.003999999999999997
625.6800000000001,-0.005999999999999998
625.72,-0.0020000000000000018
625.76,0.0020000000000000018
625.8000000000001,-0.003999999999999997
625.84,-0.008
625.88,-0.003999999999999997
625.92,0.0
625.96,-0.0020000000000000018
626.0,0.0
626.04,0.006000000000000005
626.08,0.0040000000000000036
626.12,-0.0020000000000000018
626.16,-0.003999999999999997
626.2,-0.0020000000000000018
626.24,0.0
626.28,0.0020000000000000018
626.32,-0.0020000000000000018
626.36,-0.003999999999999997
626.4,0.0020000000000000018
626.44,0.0
626.48,-0.005999999999999998
626.52,-0.005999999999999998
626.5600000000001,-0.0020000000000000018
626.6,0.0020000000000000018
626.64,0.0020000000000000018
626.6800000000001,0.0040000000000000036
626.72,0.0040000000000000036
626.76,0.0040000000000000036
626.8000000000001,0.0040000000000000036
626.84,0.0020000000000000018
626.88,-0.0020000000000000018
626.92,-0.003999999999999997
626.96,0.0040000000000000036
627.0,0.006000000000000005
627.04,-0.0020000000000000018
627.08,-0.005999999999999998
627.12,-0.003999999999999997
627.16,-0.003999999999999997
627.2,-0.003999999999999997
627.24,-0.0020000000000000018
627.28,0.0040000000000000036
627.32,0.0020000000000000018
627.36,-0.0020000000000000018
627.4,-0.0020000000000000018
627.44,0.0020000000000000018
627.48,0.0020000000000000018
627.52,0.0
627.5600000000001,-0.0020000000000000018
627.6,0.0
627.64,0.0040000000000000036
627.6800000000001,0.006000000000000005
627.72,-0.003999999999999997
627.76,-0.005999999999999998
627.8000000000001,-0.0020000000000000018
627.84,-0.0020000000000000018
627.88,-0.003999999999999997
627.92,-0.0020000000000000018
627.96,0.0020000000000000018
628.0,0.0040000000000000036
628.04,0.0040000000000000036
628.08,0.0020000000000000018
628.12,-0.0020000000000000018
628.16,-0.0020000000000000018
628.2,0.0040000000000000036
628.24,0.006000000000000005
628.28,0.0
628.32,-0.005999999999999998
628.36,-0.0020000000000000018
628.4,-0.0020000000000000018
628.44,-0.008
628.48,-0.005999999999999998
628.52,-0.0020000000000000018
628.5600000000001,-0.0020000000000000018
628.6,-0.003999999999999997
628.64,-0.0020000000000000018
628.6800000000001,0.0020000000000000018
628.72,0.0020000000000000018
628.76,-0.0020000000000000018
628.8000000000001,-0.0020000000000000018
628.84,0.0
628.88,0.0040000000000000036
628.92,0.0040000000000000036
628.96,0.0020000000000000018
629.0,-0.0020000000000000018
629.04,0.0020000000000000018
629.08,-0.0020000000000000018
629.12,-0.005999999999999998
629.16,-0.003999999999999997
629.2,0.0
629.24,0.0020000000000000018
629.28,0.0020000000000000018
629.32,0.0040000000000000036
629.36,0.0
629.4,0.0020000000000000018
629.44,0.006000000000000005
629.48,0.008
629.52,0.0
629.5600000000001,-0.0020000000000000018
629.6,0.006000000000000005
629.64,0.006000000000000005
629.6800000000001,-0.003999999999999997
629.72,-0.003999999999999997
629.76,-0.0020000000000000018
629.8000000000001,-0.005999999999999998
629.84,-0.003999999999999997
629.88,0.006000000000000005
629.92,0.0020000000000000018
629.96,-0.003999999999999997
630.0,-0.005999999999999998
630.04,-0.005999999999999998
630.08,-0.003999999999999997
630.12,0.0020000000000000018
630.16,0.0020000000000000018
630.2,-0.0020000000000000018
630.24,-0.0020000000000000018
630.28,0.0040000000000000036
630.32,0.0020000000000000018
630.36,-0.005999999999999998
630.4,-0.003999999999999997
630.44,-0.0020000000000000018
630.48,-0.003999999999999997
630.52,-0.0020000000000000018
630.5600000000001,0.0020000000000000018
630.6,-0.003999999999999997
630.64,-0.0020000000000000018
630.6800000000001,0.006000000000000005
630.72,0.0020000000000000018
630.76,-0.005999999999999998
630.8000000000001,0.0020000000000000018
630.84,0.010000000000000002
630.88,0.008
630.92,0.0020000000000000018
630.96,0.0020000000000000018
631.0,0.0
631.04,-0.003999999999999997
631.08,-0.003999999999999997
631.12,0.0
631.16,0.0
631.2,-0.0020000000000000018
631.24,-0.0020000000000000018
631.28,-0.003999999999999997
631.32,-0.003999999999999997
631.36,-0.0020000000000000018
631.4,-0.0020000000000000018
631.44,-0.003999999999999997
631.48,0.0040000000000000036
631.52,0.006000000000000005
631.5600000000001,0.0040000000000000036
631.6,0.0020000000000000018
631.64,-0.0020000000000000018
631.6800000000001,-0.0020000000000000018
631.72,-0.0020000000000000018
631.76,-0.0020000000000000018
631.8000000000001,-0.003999999999999997
631.84,-0.0020000000000000018
631.88,0.0
631.92,0.0020000000000000018
631.96,-0.003999999999999997
632.0,-0.008
632.04,-0.0020000000000000018
632.08,0.006000000000000005
632.12,0.006000000000000005
632.16,0.0020000000000000018
632.2,0.0020000000000000018
632.24,0.0040000000000000036
632.28,0.0
632.32,-0.0020000000000000018
632.36,-0.0020000000000000018
632.4,0.0020000000000000018
632.44,-0.0020000000000000018
632.48,-0.0020000000000000018
632.52,-0.0020000000000000018
632.5600000000001,-0.0020000000000000018
632.6,-0.003999999999999997
632.64,-0.005999999999999998
632.6800000000001,-0.005999999999999998
632.72,-0.003999999999999997
632.76,0.0020000000000000018
632.8000000000001,0.0040000000000000036
632.84,0.0020000000000000018
632.88,0.0020000000000000018
632.92,0.0020000000000000018
632.96,0.0020000000000000018
633.0,0.0
633.04,-0.0020000000000000018
633.08,-0.0020000000000000018
633.12,0.0020000000000000018
633.16,0.0040000000000000036
633.2,-0.003999999999999997
633.24,-0.008
633.28,-0.003999999999999997
633.32,0.0040000000000000036
633.36,0.0020000000000000018
633.4,-0.0020000000000000018
633.44,0.0020000000000000018
633.48,0.008
633.52,0.0040000000000000036
633.5600000000001,0.0020000000000000018
633.6,0.0040000000000000036
633.64,0.0020000000000000018
633.6800000000001,-0.0020000000000000018
633.72,0.0
633.76,0.0040000000000000036
633.8000000000001,0.0
633.84,0.0
633.88,-0.0020000000000000018
633.92,-0.005999999999999998
633.96,-0.008
634.0,-0.0020000000000000018
634.04,-0.0020000000000000018
634.08,-0.003999999999999997
634.12,0.0
634.16,0.0020000000000000018
634.2,0.0020000000000000018
634.24,0.0
634.28,0.0
634.32,-0.0020000000000000018
634.36,0.0020000000000000018
634.4,0.0040000000000000036
634.44,-0.0020000000000000018
634.48,-0.008
634.52,-0.0020000000000000018
634.5600000000001,0.0020000000000000018
634.6,-0.005999999999999998
634.64,-0.009999999999999995
634.6800000000001,0.0
634.72,0.0040000000000000036
634.76,0.0020000000000000018
634.8000000000001,0.0040000000000000036
634.84,0.0040000000000000036
634.88,-0.0020000000000000018
634.92,-0.0020000000000000018
634.96,0.0020000000000000018
635.0,0.0020000000000000018
635.04,0.0020000000000000018
635.08,0.006000000000000005
635.12,0.0040000000000000036
635.16,-0.003999999999999997
635.2,-0.0020000000000000018
635.24,0.0
635.28,-0.003999999999999997
635.32,-0.005999999999999998
635.36,-0.0020000000000000018
635.4,0.0020000000000000018
635.44,0.0
635.48,0.0020000000000000018
635.52,-0.0020000000000000018
635.5600000000001,-0.0020000000000000018
635.6,0.0040000000000000036
635.64,0.0040000000000000036
635.6800000000001,-0.0020000000000000018
635.72,-0.0020000000000000018
635.76,0.006000000000000005
635.8000000000001,0.0040000000000000036
635.84,-0.005999999999999998
635.88,-0.009999999999999995
635.92,-0.003999999999999997
635.96,-0.0020000000000000018
636.0,-0.0020000000000000018
636.04,0.0020000000000000018
636.08,0.0020000000000000018
636.12,-0.0020000000000000018
636.16,-0.0020000000000000018
636.2,0.0
636.24,0.0
636.28,0.0
636.32,0.006000000000000005
636.36,0.0040000000000000036
636.4,0.0020000000000000018
636.44,0.0020000000000000018
636.48,0.0020000000000000018
636.52,-0.005999999999999998
636.5600000000001,-0.005999999999999998
636.6,-0.003999999999999997
636.64,-0.0020000000000000018
636.6800000000001,-0.0020000000000000018
636.72,-0.0020000000000000018
636.76,-0.003999999999999997
636.8000000000001,-0.0020000000000000018
636.84,0.0
636.88,0.0
636.92,-0.0020000000000000018
636.96,0.0020000000000000018
637.0,0.010000000000000002
637.04,0.010000000000000002
637.08,-0.0020000000000000018
637.12,-0.003999999999999997
637.16,-0.0020000000000000018
637.2,0.0
637.24,-0.0020000000000000018
637.28,-0.0020000000000000018
637.32,0.0
637.36,-0.0020000000000000018
637.4,-0.0020000000000000018
637.44,0.0020000000000000018
637.48,0.0
637.52,-0.003999999999999997
637.5600000000001,0.0020000000000000018
637.6,0.0040000000000000036
637.64,0.0020000000000000018
637.6800000000001,0.006000000000000005
637.72,0.008
637.76,0.0020000000000000018
637.8000000000001,-0.0020000000000000018
637.84,-0.0020000000000000018
637.88,0.0
637.92,-0.0020000000000000018
637.96,-0.003999999999999997
638.0,-0.005999999999999998
638.04,-0.003999999999999997
638.08,0.0
638.12,-0.003999999999999997
638.16,-0.005999999999999998
638.2,-0.0020000000000000018
638.24,0.006000000000000005
638.28,0.0040000000000000036
638.32,-0.0020000000000000018
638.36,-0.0020000000000000018
638.4,0.0040000000000000036
638.44,0.0
638.48,-0.003999999999999997
638.52,-0.003999999999999997
638.5600000000001,-0.003999999999999997
638.6,-0.0020000000000000018
638.64,0.0020000000000000018
638.6800000000001,0.0020000000000000018
638.72,-0.0020000000000000018
638.76,-0.005999999999999998
638.8000000000001,0.0
638.84,-0.0020000000000000018
638.88,0.0
638.92,0.0040000000000000036
638.96,0.008
639.0,0.0040000000000000036
639.04,0.0020000000000000018
639.08,0.0040000000000000036
639.12,0.0020000000000000018
639.16,0.0020000000000000018
639.2,0.0
639.24,-0.003999999999999997
639.28,-0.0020000000000000018
639.32,0.0020000000000000018
639.36,-0.003999999999999997
639.4,-0.005999999999999998
639.44,-0.0020000000000000018
639.48,0.0020000000000000018
639.52,-0.0020000000000000018
639.5600000000001,-0.003999999999999997
639.6,0.0020000000000000018
639.64,0.006000000000000005
639.6800000000001,0.0020000000000000018
639.72,-0.0020000000000000018
639.76,-0.0020000000000000018
639.8000000000001,-0.003999999999999997
639.84,0.0
639.88,0.0020000000000000018
639.92,0.0
639.96,-0.003999999999999997
640.0,-0.003999999999999997
640.04,-0.0020000000000000018
640.08,-0.003999999999999997
640.12,-0.003999999999999997
640.16,-0.0020000000000000018
640.2,0.0020000000000000018
640.24,0.0020000000000000018
640.28,0.0020000000000000018
640.32,0.006000000000000005
640.36,0.0040000000000000036
640.4,0.0020000000000000018
640.44,-0.0020000000000000018
640.48,-0.0020000000000000018
640.52,0.0020000000000000018
640.5600000000001,0.0040000000000000036
640.6,-0.0020000000000000018
640.64,-0.003999999999999997
640.6800000000001,-0.0020000000000000018
640.72,0.0
640.76,-0.005999999999999998
640.8000000000001,-0.009999999999999995
640.84,0.0020000000000000018
640.88,0.006000000000000005
640.92,0.0020000000000000018
640.96,-0.0020000000000000018
641.0,-0.0020000000000000018
641.04,0.0
641.08,0.0
641.12,0.0020000000000000018
641.16,0.0040000000000000036
641.2,0.0
641.24,0.0020000000000000018
641.28,0.0040000000000000036
641.32,-0.0020000000000000018
641.36,-0.005999999999999998
641.4,-0.003999999999999997
641.44,-0.003999999999999997
641.48,-0.0020000000000000018
641.52,0.0
641.5600000000001,0.006000000000000005
641.6,0.006000000000000005
641.64,0.0
641.6800000000001,0.0
641.72,0.0040000000000000036
641.76,0.0040000000000000036
641.8000000000001,0.006000000000000005
641.84,0.0040000000000000036
641.88,-0.0020000000000000018
641.92,0.0020000000000000018
641.96,0.0020000000000000018
642.0,-0.005999999999999998
642.04,-0.009999999999999995
642.08,-0.0020000000000000018
642.12,0.0040000000000000036
642.16,-0.0020000000000000018
642.2,-0.003999999999999997
642.24,-0.0020000000000000018
642.28,0.0
642.32,-0.003999999999999997
642.36,-0.0020000000000000018
642.4,0.0
642.44,-0.0020000000000000018
642.48,0.0020000000000000018
642.52,0.008
642.5600000000001,0.0020000000000000018
642.6,-0.005999999999999998
642.64,-0.003999999999999997
642.6800000000001,-0.003999999999999997
642.72,-0.005999999999999998
642.76,-0.0020000000000000018
642.8000000000001,0.0040000000000000036
642.84,-0.0020000000000000018
642.88,-0.003999999999999997
642.92,0.0
642.96,0.0020000000000000018
643.0,0.0040000000000000036
643.04,0.006000000000000005
643.08,0.0020000000000000018
643.12,0.0020000000000000018
643.16,0.008
643.2,0.006000000000000005
643.24,-0.0020000000000000018
643.28,-0.003999999999999997
643.32,0.0020000000000000018
643.36,0.0020000000000000018
643.4,-0.003999999999999997
643.44,-0.0020000000000000018
643.48,0.0020000000000000018
643.52,-0.0020000000000000018
643.5600000000001,-0.0020000000000000018
643.6,-0.0020000000000000018
643.64,-0.003999999999999997
643.6800000000001,-0.003999999999999997
643.72,0.0040000000000000036
643.76,0.008
643.8000000000001,0.0020000000000000018
643.84,0.0020000000000000018
643.88,0.0020000000000000018
643.92,-0.0020000000000000018
643.96,-0.005999999999999998
644.0,0.0
644.04,-0.0020000000000000018
644.08,-0.005999999999999998
644.12,-0.005999999999999998
644.16,-0.0020000000000000018
644.2,-0.0020000000000000018
644.24,0.0020000000000000018
644.28,-0.0020000000000000018
644.32,-0.005999999999999998
644.36,-0.0020000000000000018
644.4,0.010000000000000002
644.44,0.006000000000000005
644.48,0.0
644.52,0.0020000000000000018
644.5600000000001,0.006000000000000005
644.6,-0.0020000000000000018
644.64,-0.003999999999999997
644.6800000000001,0.0
644.72,0.0020000000000000018
644.76,0.0
644.8000000000001,0.0
644.84,-0.0020000000000000018
644.88,-0.005999999999999998
644.92,-0.003999999999999997
644.96,0.0020000000000000018
645.0,0.0
645.04,-0.0020000000000000018
645.08,0.0020000000000000018
645.12,0.006000000000000005
645.16,0.0040000000000000036
645.2,0.0020000000000000018
645.24,-0.0020000000000000018
645.28,-0.003999999999999997
645.32,-0.003999999999999997
645.36,-0.005999999999999998
645.4,-0.0020000000000000018
645.44,-0.0020000000000000018
645.48,-0.0020000000000000018
645.52,-0.003999999999999997
645.5600000000001,-0.005999999999999998
645.6,0.0
645.64,0.0040000000000000036
645.6800000000001,0.0020000000000000018
645.72,-0.0020000000000000018
645.76,0.006000000000000005
645.8000000000001,0.006000000000000005
645.84,0.0
645.88,0.0
645.92,-0.0020000000000000018
645.96,0.0
646.0,0.0020000000000000018
646.04,0.0020000000000000018
646.08,0.0
646.12,-0.0020000000000000018
646.16,-0.0020000000000000018
646.2,-0.0020000000000000018
646.24,-0.005999999999999998
646.28,-0.005999999999999998
646.32,-0.0020000000000000018
646.36,0.0040000000000000036
646.4,0.006000000000000005
646.44,0.0020000000000000018
646.48,0.0
646.52,0.0
646.5600000000001,-0.0020000000000000018
646.6,-0.003999999999999997
646.64,0.0
646.6800000000001,0.0020000000000000018
646.72,-0.003999999999999997
646.76,-0.003999999999999997
646.8000000000001,-0.0020000000000000018
646.84,-0.0020000000000000018
646.88,-0.003999999999999997
646.92,-0.003999999999999997
646.96,-0.003999999999999997
647.0,0.0040000000000000036
647.04,0.008
647.08,0.0020000000000000018
647.12,-0.0020000000000000018
647.16,0.0020000000000000018
647.2,0.006000000000000005
647.24,0.0
647.28,0.0020000000000000018
647.32,0.006000000000000005
647.36,0.0040000000000000036
647.4,0.0020000000000000018
647.44,0.0020000000000000018
647.48,-0.003999999999999997
647.52,-0.009999999999999995
647.5600000000001,-0.003999999999999997
647.6,0.006000000000000005
647.64,0.0020000000000000018
647.6800000000001,0.0
647.72,0.0040000000000000036
647.76,0.006000000000000005
647.8000000000001,0.0
647.84,0.0020000000000000018
647.88,0.0020000000000000018
647.92,-0.0020000000000000018
647.96,-0.003999999999999997
648.0,0.0
648.04,-0.0020000000000000018
648.08,-0.003999999999999997
648.12,-0.005999999999999998
648.16,-0.009999999999999995
648.2,-0.008
648.24,-0.0020000000000000018
648.28,0.0040000000000000036
648.32,-0.003999999999999997
648.36,-0.003999999999999997
648.4,0.0
648.44,0.0
648.48,-0.003999999999999997
648.52,0.0020000000000000018
648.5600000000001,0.0040000000000000036
648.6,0.0
648.64,0.0020000000000000018
648.6800000000001,0.0040000000000000036
648.72,-0.0020000000000000018
648.76,-0.005999999999999998
648.8000000000001,-0.0020000000000000018
648.84,0.0020000000000000018
648.88,-0.003999999999999997
648.92,-0.003999999999999997
648.96,0.0020000000000000018
649.0,0.0020000000000000018
649.04,0.0020000000000000018
649.08,0.0040000000000000036
649.12,0.0020000000000000018
649.16,0.0
649.2,0.0020000000000000018
649.24,0.0040000000000000036
649.28,0.0020000000000000018
649.32,0.0040000000000000036
649.36,0.0
649.4,-0.005999999999999998
649.44,-0.003999999999999997
649.48,0.0020000000000000018
649.52,0.0
649.5600000000001,-0.005999999999999998
649.6,-0.003999999999999997
649.64,0.0
649.6800000000001,-0.0020000000000000018
649.72,-0.0020000000000000018
649.76,0.0
649.8000000000001,-0.0020000000000000018
649.84,-0.0020000000000000018
649.88,0.006000000000000005
649.92,0.008
649.96,0.0020000000000000018
650.0,0.0
650.04,0.0020000000000000018
650.08,-0.0020000000000000018
650.12,-0.005999999999999998
650.16,-0.003999999999999997
650.2,-0.0020000000000000018
650.24,0.0
650.28,0.0
650.32,0.0
650.36,-0.0020000000000000018
650.4,0.0
650.44,0.0
650.48,0.0020000000000000018
650.52,0.0020000000000000018
650.5600000000001,0.0020000000000000018
650.6,0.0
650.64,-0.0020000000000000018
650.6800000000001,0.0020000000000000018
650.72,0.0020000000000000018
650.76,-0.003999999999999997
650.8000000000001,-0.005999999999999998
650.84,-0.003999999999999997
650.88,0.0
650.92,0.0
650.96,-0.0020000000000000018
651.0,-0.003999999999999997
651.04,-0.003999999999999997
651.08,-0.005999999999999998
651.12,0.0
651.16,0.006000000000000005
651.2,0.0020000000000000018
651.24,0.0040000000000000036
651.28,0.006000000000000005
651.32,0.0020000000000000018
651.36,-0.003999999999999997
651.4,-0.003999999999999997
651.44,0.0020000000000000018
651.48,-0.0020000000000000018
651.52,-0.003999999999999997
651.5600000000001,0.0
651.6,0.0020000000000000018
651.64,-0.0020000000000000018
651.6800000000001,-0.0020000000000000018
651.72,0.0020000000000000018
651.76,0.0020000000000000018
651.8000000000001,0.0020000000000000018
651.84,0.0040000000000000036
651.88,0.006000000000000005
651.92,0.006000000000000005
651.96,0.0040000000000000036
652.0,-0.0020000000000000018
652.04,-0.005999999999999998
652.08,-0.0020000000000000018
652.12,0.0040000000000000036
652.16,0.0
652.2,-0.003999999999999997
652.24,-0.003999999999999997
652.28,-0.003999999999999997
652.32,-0.009999999999999995
652.36,-0.003999999999999997
652.4,-0.0020000000000000018
652.44,-0.0020000000000000018
652.48,-0.0020000000000000018
652.52,0.006000000000000005
652.5600000000001,0.006000000000000005
652.6,-0.0020000000000000018
652.64,0.0
652.6800000000001,0.0040000000000000036
652.72,-0.0020000000000000018
652.76,-0.003999999999999997
652.8000000000001,0.0020000000000000018
652.84,0.0
652.88,-0.003999999999999997
652.92,-0.0020000000000000018
652.96,-0.0020000000000000018
653.0,-0.003999999999999997
653.04,-0.0020000000000000018
653.08,0.0020000000000000018
653.12,0.006000000000000005
653.16,0.006000000000000005
653.2,0.0020000000000000018
653.24,0.0
653.28,-0.0020000000000000018
653.32,0.0040000000000000036
653.36,0.006000000000000005
653.4,0.0
653.44,-0.0020000000000000018
653.48,0.0020000000000000018
653.52,0.0
653.5600000000001,-0.003999999999999997
653.6,-0.003999999999999997
653.64,-0.003999999999999997
653.6800000000001,-0.005999999999999998
653.72,-0.003999999999999997
653.76,0.0040000000000000036
653.8000000000001,0.0020000000000000018
653.84,-0.0020000000000000018
653.88,0.0020000000000000018
653.92,0.0040000000000000036
653.96,-0.0020000000000000018
654.0,-0.0020000000000000018
654.04,0.0020000000000000018
654.08,0.0
654.12,-0.003999999999999997
654.16,-0.0020000000000000018
654.2,-0.0020000000000000018
654.24,-0.008
654.28,-0.005999999999999998
654.32,-0.0020000000000000018
654.36,0.0020000000000000018
654.4,0.0020000000000000018
654.44,0.0
654.48,0.0
654.52,0.0020000000000000018
654.5600000000001,0.0040000000000000036
654.6,0.0040000000000000036
654.64,-0.0020000000000000018
654.6800000000001,-0.0020000000000000018
654.72,0.0040000000000000036
654.76,0.006000000000000005
654.8000000000001,0.0020000000000000018
654.84,-0.0020000000000000018
654.88,-0.003999999999999997
654.92,-0.008
654.96,-0.003999999999999997
655.0,-0.0020000000000000018
655.04,-0.0020000000000000018
655.08,-0.003999999999999997
655.12,0.0020000000000000018
655.16,0.006000000000000005
655.2,0.0
655.24,-0.0020000000000000018
655.28,0.0020000000000000018
655.32,0.0020000000000000018
655.36,-0.0020000000000000018
655.4,0.0020000000000000018
655.44,0.0020000000000000018
655.48,-0.0020000000000000018
655.52,-0.005999999999999998
