Time (s),Voltage (V)
0.0,0.048
0.04,0.057999999999999996
0.08,0.052000000000000005
0.12,0.062
0.16,0.054000000000000006
0.2,-0.10200000000000001
0.24,-0.098
0.28,-0.092
0.32,-0.098
0.36,-0.098
0.4,-0.1
0.44,-0.10400000000000001
0.48,-0.10600000000000001
0.52,-0.10400000000000001
0.56,-0.10800000000000001
0.6,-0.11
0.64,-0.10600000000000001
0.68,-0.098
0.72,-0.096
0.76,-0.10200000000000001
0.8,-0.10200000000000001
0.84,-0.10400000000000001
0.88,-0.10200000000000001
0.92,-0.098
0.96,-0.098
1.0,-0.1
1.04,-0.098
1.08,-0.098
1.12,-0.10400000000000001
1.16,-0.10400000000000001
1.2,-0.1
1.24,-0.10400000000000001
1.28,-0.10600000000000001
1.32,-0.098
1.36,-0.094
1.4000000000000001,-0.10200000000000001
1.44,-0.10400000000000001
1.48,-0.1
1.52,-0.094
1.56,-0.098
1.6,-0.098
1.6400000000000001,-0.096
1.68,-0.098
1.72,-0.098
1.76,-0.10200000000000001
1.8,-0.10800000000000001
1.84,-0.11
1.8800000000000001,-0.10400000000000001
1.92,-0.1
1.96,-0.1
2.0,-0.10200000000000001
2.04,-0.10200000000000001
2.08,-0.10200000000000001
2.12,-0.098
2.16,-0.1
2.2,-0.1
2.24,-0.098
2.2800000000000002,-0.098
2.32,-0.098
2.36,-0.10200000000000001
2.4,-0.098
2.44,-0.10200000000000001
2.48,-0.10400000000000001
2.52,-0.10400000000000001
2.56,-0.098
2.6,-0.096
2.64,-0.10200000000000001
2.68,-0.10400000000000001
2.72,-0.10200000000000001
2.7600000000000002,-0.098
2.8000000000000003,-0.10200000000000001
2.84,-0.10200000000000001
2.88,-0.096
2.92,-0.094
2.96,-0.096
3.0,-0.098
3.04,-0.10200000000000001
3.08,-0.10600000000000001
3.12,-0.10400000000000001
3.16,-0.1
3.2,-0.10400000000000001
3.24,-0.10600000000000001
3.2800000000000002,-0.10400000000000001
3.3200000000000003,-0.10200000000000001
3.36,-0.10200000000000001
3.4,-0.10400000000000001
3.44,-0.10200000000000001
3.48,-0.10200000000000001
3.52,-0.10200000000000001
3.56,-0.096
3.6,-0.096
3.64,-0.1
3.68,-0.10200000000000001
3.72,-0.10200000000000001
3.7600000000000002,-0.10400000000000001
3.8000000000000003,-0.1
3.84,-0.094
3.88,-0.10400000000000001
3.92,-0.10600000000000001
3.96,-0.098
4.0,-0.098
4.04,-0.10600000000000001
4.08,-0.10400000000000001
4.12,-0.094
4.16,-0.094
4.2,-0.094
4.24,-0.092
4.28,-0.096
4.32,-0.1
4.36,-0.098
4.4,-0.098
4.44,-0.10600000000000001
4.48,-0.10800000000000001
4.5200000000000005,-0.10200000000000001
4.5600000000000005,-0.098
4.6000000000000005,-0.10600000000000001
4.64,-0.10400000000000001
4.68,-0.10200000000000001
4.72,-0.10400000000000001
4.76,-0.10400000000000001
4.8,-0.098
4.84,-0.098
4.88,-0.1
4.92,-0.1
4.96,-0.10200000000000001
5.0,-0.10400000000000001
5.04,-0.10200000000000001
5.08,-0.10200000000000001
5.12,-0.10600000000000001
5.16,-0.10600000000000001
5.2,-0.096
5.24,-0.1
5.28,-0.11
5.32,-0.10600000000000001
5.36,-0.098
5.4,-0.10200000000000001
5.44,-0.1
5.48,-0.098
5.5200000000000005,-0.094
5.5600000000000005,-0.096
5.6000000000000005,-0.092
5.64,-0.096
5.68,-0.10400000000000001
5.72,-0.10400000000000001
5.76,-0.098
5.8,-0.1
5.84,-0.10400000000000001
5.88,-0.10200000000000001
5.92,-0.10200000000000001
5.96,-0.10400000000000001
6.0,-0.10400000000000001
6.04,-0.1
6.08,-0.098
6.12,-0.098
6.16,-0.098
6.2,-0.1
6.24,-0.1
6.28,-0.098
6.32,-0.10200000000000001
6.36,-0.10600000000000001
6.4,-0.10200000000000001
6.44,-0.094
6.48,-0.10200000000000001
6.5200000000000005,-0.10800000000000001
6.5600000000000005,-0.10400000000000001
6.6000000000000005,-0.10200000000000001
6.640000000000001,-0.10600000000000001
6.68,-0.10600000000000001
6.72,-0.10400000000000001
6.76,-0.098
6.8,-0.094
6.84,-0.092
6.88,-0.098
6.92,-0.10200000000000001
6.96,-0.10200000000000001
7.0,-0.098
7.04,-0.098
7.08,-0.10200000000000001
7.12,-0.1
7.16,-0.1
7.2,-0.10600000000000001
7.24,-0.10600000000000001
7.28,-0.10400000000000001
7.32,-0.10200000000000001
7.36,-0.10200000000000001
7.4,-0.10200000000000001
7.44,-0.098
7.48,-0.096
7.5200000000000005,-0.098
7.5600000000000005,-0.10400000000000001
7.6000000000000005,-0.10200000000000001
7.640000000000001,-0.098
7.68,-0.098
7.72,-0.10200000000000001
7.76,-0.10600000000000001
7.8,-0.10200000000000001
7.84,-0.1
7.88,-0.10600000000000001
7.92,-0.112
7.96,-0.10600000000000001
8.0,-0.1
8.040000000000001,-0.098
8.08,-0.096
8.120000000000001,-0.098
8.16,-0.1
8.2,-0.1
8.24,-0.098
8.28,-0.096
8.32,-0.098
8.36,-0.098
8.4,-0.098
8.44,-0.10200000000000001
8.48,-0.10600000000000001
8.52,-0.10200000000000001
8.56,-0.10200000000000001
8.6,-0.10600000000000001
8.64,-0.10200000000000001
8.68,-0.096
8.72,-0.098
8.76,-0.1
8.8,-0.10200000000000001
8.84,-0.1
8.88,-0.098
8.92,-0.1
8.96,-0.10400000000000001
9.0,-0.10400000000000001
9.040000000000001,-0.096
9.08,-0.096
9.120000000000001,-0.10600000000000001
9.16,-0.11
9.200000000000001,-0.10400000000000001
9.24,-0.10400000000000001
9.28,-0.10600000000000001
9.32,-0.10200000000000001
9.36,-0.098
9.4,-0.10400000000000001
9.44,-0.10200000000000001
9.48,-0.096
9.52,-0.098
9.56,-0.10200000000000001
9.6,-0.096
9.64,-0.094
9.68,-0.098
9.72,-0.098
9.76,-0.098
9.8,-0.10400000000000001
9.84,-0.10600000000000001
9.88,-0.10200000000000001
9.92,-0.1
9.96,-0.10200000000000001
10.0,-0.1
10.040000000000001,-0.098
10.08,-0.098
10.120000000000001,-0.098
10.16,-0.098
10.200000000000001,-0.10400000000000001
10.24,-0.10200000000000001
10.28,-0.094
10.32,-0.096
10.36,-0.10600000000000001
10.4,-0.10400000000000001
10.44,-0.1
10.48,-0.10400000000000001
10.52,-0.11
10.56,-0.10400000000000001
10.6,-0.10400000000000001
10.64,-0.10800000000000001
10.68,-0.10200000000000001
10.72,-0.098
10.76,-0.10400000000000001
10.8,-0.10400000000000001
10.84,-0.098
10.88,-0.098
10.92,-0.098
10.96,-0.094
11.0,-0.094
11.040000000000001,-0.10400000000000001
11.08,-0.10400000000000001
11.120000000000001,-0.10400000000000001
11.16,-0.10400000000000001
11.200000000000001,-0.10400000000000001
11.24,-0.10200000000000001
11.28,-0.098
11.32,-0.098
11.36,-0.094
11.4,-0.10200000000000001
11.44,-0.10400000000000001
11.48,-0.098
11.52,-0.09
11.56,-0.098
11.6,-0.10200000000000001
11.64,-0.098
11.68,-0.096
11.72,-0.10200000000000001
11.76,-0.10400000000000001
11.8,-0.10200000000000001
11.84,-0.10600000000000001
11.88,-0.10400000000000001
11.92,-0.10200000000000001
11.96,-0.1
12.0,-0.10400000000000001
12.040000000000001,-0.10400000000000001
12.08,-0.10200000000000001
12.120000000000001,-0.10400000000000001
12.16,-0.10200000000000001
12.200000000000001,-0.094
12.24,-0.096
12.280000000000001,-0.098
12.32,-0.10200000000000001
12.36,-0.10200000000000001
12.4,-0.10400000000000001
12.44,-0.10600000000000001
12.48,-0.10600000000000001
12.52,-0.10200000000000001
12.56,-0.098
12.6,-0.10200000000000001
12.64,-0.10400000000000001
12.68,-0.10400000000000001
12.72,-0.098
12.76,-0.094
12.8,-0.10200000000000001
12.84,-0.098
12.88,-0.096
12.92,-0.094
12.96,-0.1
13.0,-0.10200000000000001
13.040000000000001,-0.10400000000000001
13.08,-0.10400000000000001
13.120000000000001,-0.10200000000000001
13.16,-0.1
13.200000000000001,-0.1
13.24,-0.10400000000000001
13.280000000000001,-0.10400000000000001
13.32,-0.10200000000000001
13.36,-0.10400000000000001
13.4,-0.10400000000000001
13.44,-0.1
13.48,-0.094
13.52,-0.098
13.56,-0.096
13.6,-0.096
13.64,-0.1
13.68,-0.10600000000000001
13.72,-0.10400000000000001
13.76,-0.098
13.8,-0.10200000000000001
13.84,-0.10400000000000001
13.88,-0.10400000000000001
13.92,-0.10200000000000001
13.96,-0.1
14.0,-0.098
14.040000000000001,-0.1
14.08,-0.10200000000000001
14.120000000000001,-0.094
14.16,-0.092
14.200000000000001,-0.098
14.24,-0.1
14.280000000000001,-0.098
14.32,-0.10200000000000001
14.36,-0.10200000000000001
14.4,-0.098
14.44,-0.098
14.48,-0.10400000000000001
14.52,-0.10400000000000001
14.56,-0.10200000000000001
14.6,-0.10400000000000001
14.64,-0.11
14.68,-0.10400000000000001
14.72,-0.1
14.76,-0.10200000000000001
14.8,-0.1
14.84,-0.094
14.88,-0.1
14.92,-0.10400000000000001
14.96,-0.098
15.0,-0.098
15.040000000000001,-0.10600000000000001
15.08,-0.10600000000000001
15.120000000000001,-0.10200000000000001
15.16,-0.10400000000000001
15.200000000000001,-0.10400000000000001
15.24,-0.10200000000000001
15.280000000000001,-0.10400000000000001
15.32,-0.10400000000000001
15.36,-0.096
15.4,-0.096
15.44,-0.098
15.48,-0.094
15.52,-0.094
15.56,-0.10200000000000001
15.6,-0.10200000000000001
15.64,-0.096
15.68,-0.098
15.72,-0.10200000000000001
15.76,-0.098
15.8,-0.096
15.84,-0.10400000000000001
15.88,-0.10600000000000001
15.92,-0.10400000000000001
15.96,-0.10200000000000001
16.0,-0.10400000000000001
16.04,-0.10200000000000001
16.080000000000002,-0.098
16.12,-0.1
16.16,-0.098
16.2,-0.096
16.240000000000002,-0.1
16.28,-0.10400000000000001
16.32,-0.10200000000000001
16.36,-0.10400000000000001
16.4,-0.10400000000000001
16.44,-0.10200000000000001
16.48,-0.10400000000000001
16.52,-0.11
16.56,-0.10600000000000001
16.6,-0.10400000000000001
16.64,-0.10200000000000001
16.68,-0.10200000000000001
16.72,-0.096
16.76,-0.098
16.8,-0.1
16.84,-0.098
16.88,-0.098
16.92,-0.10400000000000001
16.96,-0.10200000000000001
17.0,-0.092
17.04,-0.096
17.080000000000002,-0.10200000000000001
17.12,-0.10200000000000001
17.16,-0.10200000000000001
17.2,-0.10400000000000001
17.240000000000002,-0.10400000000000001
17.28,-0.10200000000000001
17.32,-0.10400000000000001
17.36,-0.1
17.400000000000002,-0.094
17.44,-0.096
17.48,-0.098
17.52,-0.098
17.56,-0.10200000000000001
17.6,-0.10200000000000001
17.64,-0.098
17.68,-0.094
17.72,-0.10400000000000001
17.76,-0.11
17.8,-0.10400000000000001
17.84,-0.10400000000000001
17.88,-0.11
17.92,-0.10600000000000001
17.96,-0.098
18.0,-0.1
18.04,-0.1
18.080000000000002,-0.10200000000000001
18.12,-0.10400000000000001
18.16,-0.10600000000000001
18.2,-0.1
18.240000000000002,-0.096
18.28,-0.098
18.32,-0.10200000000000001
18.36,-0.1
18.400000000000002,-0.098
18.44,-0.10200000000000001
18.48,-0.10200000000000001
18.52,-0.10400000000000001
18.56,-0.10600000000000001
18.6,-0.10200000000000001
18.64,-0.098
18.68,-0.098
18.72,-0.1
18.76,-0.1
18.8,-0.10200000000000001
18.84,-0.1
18.88,-0.096
18.92,-0.096
18.96,-0.10200000000000001
19.0,-0.10200000000000001
19.04,-0.1
19.080000000000002,-0.10400000000000001
19.12,-0.10600000000000001
19.16,-0.10600000000000001
19.2,-0.10400000000000001
19.240000000000002,-0.10400000000000001
19.28,-0.10200000000000001
19.32,-0.098
19.36,-0.10200000000000001
19.400000000000002,-0.10200000000000001
19.44,-0.098
19.48,-0.096
19.52,-0.1
19.56,-0.10400000000000001
19.6,-0.098
19.64,-0.094
19.68,-0.098
19.72,-0.10200000000000001
19.76,-0.10400000000000001
19.8,-0.10200000000000001
19.84,-0.10400000000000001
19.88,-0.10200000000000001
19.92,-0.098
19.96,-0.1
20.0,-0.10200000000000001
20.04,-0.10200000000000001
20.080000000000002,-0.098
20.12,-0.098
20.16,-0.098
20.2,-0.098
20.240000000000002,-0.1
20.28,-0.098
20.32,-0.098
20.36,-0.10200000000000001
20.400000000000002,-0.10800000000000001
20.44,-0.10600000000000001
20.48,-0.10600000000000001
20.52,-0.10600000000000001
20.56,-0.10400000000000001
20.6,-0.1
20.64,-0.10400000000000001
20.68,-0.1
20.72,-0.098
20.76,-0.10400000000000001
20.8,-0.10600000000000001
20.84,-0.098
20.88,-0.092
20.92,-0.098
20.96,-0.10200000000000001
21.0,-0.1
21.04,-0.10200000000000001
21.080000000000002,-0.10600000000000001
21.12,-0.10200000000000001
21.16,-0.1
21.2,-0.10200000000000001
21.240000000000002,-0.10200000000000001
21.28,-0.098
21.32,-0.1
21.36,-0.1
21.400000000000002,-0.098
21.44,-0.1
21.48,-0.098
21.52,-0.092
21.56,-0.092
21.6,-0.098
21.64,-0.10200000000000001
21.68,-0.1
21.72,-0.10400000000000001
21.76,-0.10600000000000001
21.8,-0.10400000000000001
21.84,-0.10400000000000001
21.88,-0.10400000000000001
21.92,-0.098
21.96,-0.1
22.0,-0.11
22.04,-0.10600000000000001
22.080000000000002,-0.096
22.12,-0.098
22.16,-0.10400000000000001
22.2,-0.10200000000000001
22.240000000000002,-0.098
22.28,-0.10200000000000001
22.32,-0.10400000000000001
22.36,-0.10400000000000001
22.400000000000002,-0.10400000000000001
22.44,-0.10400000000000001
22.48,-0.10200000000000001
22.52,-0.10200000000000001
22.56,-0.10200000000000001
22.6,-0.10200000000000001
22.64,-0.10200000000000001
22.68,-0.10600000000000001
22.72,-0.1
22.76,-0.092
22.8,-0.096
22.84,-0.096
22.88,-0.092
22.92,-0.096
22.96,-0.10200000000000001
23.0,-0.10400000000000001
23.04,-0.10200000000000001
23.080000000000002,-0.10400000000000001
23.12,-0.098
23.16,-0.094
23.2,-0.10200000000000001
23.240000000000002,-0.11
23.28,-0.10200000000000001
23.32,-0.096
23.36,-0.10200000000000001
23.400000000000002,-0.10400000000000001
23.44,-0.096
23.48,-0.096
23.52,-0.098
23.56,-0.1
23.6,-0.10200000000000001
23.64,-0.10400000000000001
23.68,-0.10400000000000001
23.72,-0.10200000000000001
23.76,-0.10400000000000001
23.8,-0.10200000000000001
23.84,-0.10200000000000001
23.88,-0.10600000000000001
23.92,-0.10800000000000001
23.96,-0.10200000000000001
24.0,-0.1
24.04,-0.10400000000000001
24.080000000000002,-0.10200000000000001
24.12,-0.092
24.16,-0.094
24.2,-0.098
24.240000000000002,-0.098
24.28,-0.10200000000000001
24.32,-0.10200000000000001
24.36,-0.098
24.400000000000002,-0.098
24.44,-0.10600000000000001
24.48,-0.10600000000000001
24.52,-0.098
24.560000000000002,-0.098
24.6,-0.10400000000000001
24.64,-0.10600000000000001
24.68,-0.1
24.72,-0.096
24.76,-0.096
24.8,-0.098
24.84,-0.098
24.88,-0.10200000000000001
24.92,-0.10200000000000001
24.96,-0.10400000000000001
25.0,-0.10400000000000001
25.04,-0.098
25.080000000000002,-0.10200000000000001
25.12,-0.10400000000000001
25.16,-0.10400000000000001
25.2,-0.10200000000000001
25.240000000000002,-0.10400000000000001
25.28,-0.10600000000000001
25.32,-0.10600000000000001
25.36,-0.098
25.400000000000002,-0.096
25.44,-0.096
25.48,-0.098
25.52,-0.098
25.560000000000002,-0.098
25.6,-0.094
25.64,-0.098
25.68,-0.10600000000000001
25.72,-0.10400000000000001
25.76,-0.098
25.8,-0.098
25.84,-0.10400000000000001
25.88,-0.10600000000000001
25.92,-0.10400000000000001
25.96,-0.098
26.0,-0.1
26.04,-0.098
26.080000000000002,-0.094
26.12,-0.098
26.16,-0.10200000000000001
26.2,-0.10400000000000001
26.240000000000002,-0.10200000000000001
26.28,-0.10200000000000001
26.32,-0.10200000000000001
26.36,-0.10200000000000001
26.400000000000002,-0.10200000000000001
26.44,-0.10200000000000001
26.48,-0.10400000000000001
26.52,-0.11
26.560000000000002,-0.10800000000000001
26.6,-0.10200000000000001
26.64,-0.10200000000000001
26.68,-0.10200000000000001
26.72,-0.1
26.76,-0.096
26.8,-0.096
26.84,-0.098
26.88,-0.098
26.92,-0.10200000000000001
26.96,-0.098
27.0,-0.094
27.04,-0.098
27.080000000000002,-0.10600000000000001
27.12,-0.10600000000000001
27.16,-0.10200000000000001
27.2,-0.10400000000000001
27.240000000000002,-0.10400000000000001
27.28,-0.098
27.32,-0.094
27.36,-0.096
27.400000000000002,-0.1
27.44,-0.098
27.48,-0.1
27.52,-0.1
27.560000000000002,-0.1
27.6,-0.1
27.64,-0.098
27.68,-0.098
27.72,-0.10400000000000001
27.76,-0.11
27.8,-0.10600000000000001
27.84,-0.10200000000000001
27.88,-0.10600000000000001
27.92,-0.11
27.96,-0.10400000000000001
28.0,-0.098
28.04,-0.1
28.080000000000002,-0.10200000000000001
28.12,-0.10200000000000001
28.16,-0.10400000000000001
28.2,-0.098
28.240000000000002,-0.092
28.28,-0.096
28.32,-0.10400000000000001
28.36,-0.10200000000000001
28.400000000000002,-0.098
28.44,-0.10600000000000001
28.48,-0.10600000000000001
28.52,-0.1
28.560000000000002,-0.098
28.6,-0.098
28.64,-0.098
28.68,-0.094
28.72,-0.098
28.76,-0.098
28.8,-0.098
28.84,-0.098
28.88,-0.094
28.92,-0.094
28.96,-0.1
29.0,-0.10400000000000001
29.04,-0.096
29.080000000000002,-0.098
29.12,-0.11
29.16,-0.11
29.2,-0.10200000000000001
29.240000000000002,-0.10200000000000001
29.28,-0.10400000000000001
29.32,-0.10200000000000001
29.36,-0.10400000000000001
29.400000000000002,-0.10400000000000001
29.44,-0.098
29.48,-0.094
29.52,-0.10200000000000001
29.560000000000002,-0.10200000000000001
29.6,-0.096
29.64,-0.098
29.68,-0.10600000000000001
29.72,-0.10600000000000001
29.76,-0.10200000000000001
29.8,-0.10400000000000001
29.84,-0.10400000000000001
29.88,-0.1
29.92,-0.1
29.96,-0.10200000000000001
30.0,-0.1
30.04,-0.098
30.080000000000002,-0.098
30.12,-0.098
30.16,-0.098
30.2,-0.10200000000000001
30.240000000000002,-0.098
30.28,-0.09
30.32,-0.096
30.36,-0.10600000000000001
30.400000000000002,-0.10400000000000001
30.44,-0.098
30.48,-0.10200000000000001
30.52,-0.10400000000000001
30.560000000000002,-0.10200000000000001
30.6,-0.10400000000000001
30.64,-0.10600000000000001
30.68,-0.1
30.72,-0.098
30.76,-0.10400000000000001
30.8,-0.1
30.84,-0.092
30.88,-0.094
30.92,-0.10400000000000001
30.96,-0.10200000000000001
31.0,-0.10200000000000001
31.04,-0.10400000000000001
31.080000000000002,-0.10400000000000001
31.12,-0.10200000000000001
31.16,-0.10400000000000001
31.2,-0.10400000000000001
31.240000000000002,-0.10200000000000001
31.28,-0.10200000000000001
31.32,-0.10200000000000001
31.36,-0.098
31.400000000000002,-0.10200000000000001
31.44,-0.1
31.48,-0.09
31.52,-0.09
31.560000000000002,-0.098
31.6,-0.10400000000000001
31.64,-0.1
31.68,-0.1
31.720000000000002,-0.10200000000000001
31.76,-0.10200000000000001
31.8,-0.10200000000000001
31.84,-0.10400000000000001
31.88,-0.10400000000000001
31.92,-0.10200000000000001
31.96,-0.10400000000000001
32.0,-0.10600000000000001
32.04,-0.1
32.08,-0.094
32.12,-0.098
32.160000000000004,-0.098
32.2,-0.1
32.24,-0.1
32.28,-0.10200000000000001
32.32,-0.10400000000000001
32.36,-0.10400000000000001
32.4,-0.10400000000000001
32.44,-0.10400000000000001
32.480000000000004,-0.10200000000000001
32.52,-0.10200000000000001
32.56,-0.10200000000000001
32.6,-0.10200000000000001
32.64,-0.10400000000000001
32.68,-0.1
32.72,-0.094
32.76,-0.092
32.8,-0.10200000000000001
32.84,-0.1
32.88,-0.098
32.92,-0.098
32.96,-0.1
33.0,-0.098
33.04,-0.096
33.08,-0.1
33.12,-0.10200000000000001
33.160000000000004,-0.10400000000000001
33.2,-0.10600000000000001
33.24,-0.10600000000000001
33.28,-0.10200000000000001
33.32,-0.098
33.36,-0.1
33.4,-0.10200000000000001
33.44,-0.098
33.480000000000004,-0.096
33.52,-0.1
33.56,-0.10200000000000001
33.6,-0.10200000000000001
33.64,-0.10200000000000001
33.68,-0.10400000000000001
33.72,-0.10200000000000001
33.76,-0.10400000000000001
33.8,-0.10600000000000001
33.84,-0.10800000000000001
33.88,-0.10600000000000001
33.92,-0.10200000000000001
33.96,-0.096
34.0,-0.098
34.04,-0.10200000000000001
34.08,-0.10200000000000001
34.12,-0.098
34.160000000000004,-0.098
34.2,-0.10200000000000001
34.24,-0.098
34.28,-0.094
34.32,-0.096
34.36,-0.098
34.4,-0.098
34.44,-0.10200000000000001
34.480000000000004,-0.10400000000000001
34.52,-0.10200000000000001
34.56,-0.098
34.6,-0.10200000000000001
34.64,-0.10200000000000001
34.68,-0.096
34.72,-0.096
34.76,-0.10200000000000001
34.800000000000004,-0.1
34.84,-0.098
34.88,-0.098
34.92,-0.098
34.96,-0.098
35.0,-0.1
35.04,-0.10400000000000001
35.08,-0.10800000000000001
35.12,-0.10800000000000001
35.160000000000004,-0.10600000000000001
35.2,-0.10400000000000001
35.24,-0.10200000000000001
35.28,-0.10600000000000001
35.32,-0.10400000000000001
35.36,-0.098
35.4,-0.10200000000000001
35.44,-0.10600000000000001
35.480000000000004,-0.098
35.52,-0.096
35.56,-0.098
35.6,-0.1
35.64,-0.096
35.68,-0.10200000000000001
35.72,-0.10200000000000001
35.76,-0.098
35.800000000000004,-0.1
35.84,-0.10600000000000001
35.88,-0.10400000000000001
35.92,-0.098
35.96,-0.098
36.0,-0.10200000000000001
36.04,-0.1
36.08,-0.098
36.12,-0.098
36.160000000000004,-0.094
36.2,-0.09
36.24,-0.098
36.28,-0.10200000000000001
36.32,-0.1
36.36,-0.10400000000000001
36.4,-0.10400000000000001
36.44,-0.10200000000000001
36.480000000000004,-0.10400000000000001
36.52,-0.10600000000000001
36.56,-0.10200000000000001
36.6,-0.098
36.64,-0.10400000000000001
36.68,-0.10600000000000001
36.72,-0.098
36.76,-0.098
36.800000000000004,-0.10200000000000001
36.84,-0.098
36.88,-0.096
36.92,-0.10200000000000001
36.96,-0.10200000000000001
37.0,-0.096
37.04,-0.10200000000000001
37.08,-0.10800000000000001
37.12,-0.10400000000000001
37.160000000000004,-0.098
37.2,-0.10200000000000001
37.24,-0.10400000000000001
37.28,-0.10400000000000001
37.32,-0.10400000000000001
37.36,-0.10200000000000001
37.4,-0.098
37.44,-0.094
37.480000000000004,-0.098
37.52,-0.096
37.56,-0.094
37.6,-0.1
37.64,-0.10200000000000001
37.68,-0.10200000000000001
37.72,-0.10400000000000001
37.76,-0.10400000000000001
37.800000000000004,-0.1
37.84,-0.10200000000000001
37.88,-0.10600000000000001
37.92,-0.10400000000000001
37.96,-0.1
38.0,-0.10400000000000001
38.04,-0.10400000000000001
38.08,-0.098
38.12,-0.098
38.160000000000004,-0.10200000000000001
38.2,-0.098
38.24,-0.096
38.28,-0.10400000000000001
38.32,-0.10600000000000001
38.36,-0.098
38.4,-0.096
38.44,-0.098
38.480000000000004,-0.10200000000000001
38.52,-0.10400000000000001
38.56,-0.10600000000000001
38.6,-0.10200000000000001
38.64,-0.10200000000000001
38.68,-0.10200000000000001
38.72,-0.098
38.76,-0.094
38.800000000000004,-0.094
38.84,-0.096
38.88,-0.096
38.92,-0.1
38.96,-0.10200000000000001
39.0,-0.1
39.04,-0.098
39.08,-0.10400000000000001
39.12,-0.10600000000000001
39.160000000000004,-0.10200000000000001
39.2,-0.10200000000000001
39.24,-0.10600000000000001
39.28,-0.10400000000000001
39.32,-0.10200000000000001
39.36,-0.10200000000000001
39.4,-0.1
39.44,-0.096
39.480000000000004,-0.098
39.52,-0.10600000000000001
39.56,-0.10400000000000001
39.6,-0.098
39.64,-0.096
39.68,-0.1
39.72,-0.1
39.76,-0.10200000000000001
39.800000000000004,-0.10400000000000001
39.84,-0.10600000000000001
39.88,-0.10600000000000001
39.92,-0.10600000000000001
39.96,-0.10200000000000001
40.0,-0.098
40.04,-0.098
40.08,-0.094
40.12,-0.096
40.160000000000004,-0.096
40.2,-0.096
40.24,-0.096
40.28,-0.096
40.32,-0.098
40.36,-0.1
40.4,-0.1
40.44,-0.10200000000000001
40.480000000000004,-0.10600000000000001
40.52,-0.10400000000000001
40.56,-0.10200000000000001
40.6,-0.10200000000000001
40.64,-0.1
40.68,-0.096
40.72,-0.1
40.76,-0.10600000000000001
40.800000000000004,-0.10400000000000001
40.84,-0.098
40.88,-0.098
40.92,-0.10200000000000001
40.96,-0.10200000000000001
41.0,-0.098
41.04,-0.10200000000000001
41.08,-0.10600000000000001
41.12,-0.10600000000000001
41.160000000000004,-0.10600000000000001
41.2,-0.10600000000000001
41.24,-0.10400000000000001
41.28,-0.10200000000000001
41.32,-0.10400000000000001
41.36,-0.10200000000000001
41.4,-0.098
41.44,-0.1
41.480000000000004,-0.098
41.52,-0.098
41.56,-0.096
41.6,-0.098
41.64,-0.096
41.68,-0.098
41.72,-0.10400000000000001
41.76,-0.10400000000000001
41.800000000000004,-0.10200000000000001
41.84,-0.10200000000000001
41.88,-0.1
41.92,-0.094
41.96,-0.098
42.0,-0.10600000000000001
42.04,-0.10200000000000001
42.08,-0.094
42.12,-0.10200000000000001
42.160000000000004,-0.10400000000000001
42.2,-0.098
42.24,-0.094
42.28,-0.098
42.32,-0.10200000000000001
42.36,-0.10200000000000001
42.4,-0.10400000000000001
42.44,-0.10400000000000001
42.480000000000004,-0.10200000000000001
42.52,-0.10600000000000001
42.56,-0.11
42.6,-0.10400000000000001
42.64,-0.1
42.68,-0.10400000000000001
42.72,-0.10200000000000001
42.76,-0.098
42.800000000000004,-0.10200000000000001
42.84,-0.098
42.88,-0.092
42.92,-0.094
42.96,-0.10200000000000001
43.0,-0.10200000000000001
43.04,-0.10200000000000001
43.08,-0.10400000000000001
43.12,-0.1
43.160000000000004,-0.098
43.2,-0.10400000000000001
43.24,-0.10600000000000001
43.28,-0.098
43.32,-0.096
43.36,-0.10600000000000001
43.4,-0.10600000000000001
43.44,-0.096
43.480000000000004,-0.094
43.52,-0.1
43.56,-0.098
43.6,-0.098
43.64,-0.098
43.68,-0.098
43.72,-0.10200000000000001
43.76,-0.10600000000000001
43.800000000000004,-0.10400000000000001
43.84,-0.10200000000000001
43.88,-0.10400000000000001
43.92,-0.10400000000000001
43.96,-0.10200000000000001
44.0,-0.10400000000000001
44.04,-0.10600000000000001
44.08,-0.1
44.12,-0.092
44.160000000000004,-0.096
44.2,-0.098
44.24,-0.098
44.28,-0.10200000000000001
44.32,-0.10400000000000001
44.36,-0.1
44.4,-0.10200000000000001
44.44,-0.10600000000000001
44.480000000000004,-0.10200000000000001
44.52,-0.09
44.56,-0.098
44.6,-0.10600000000000001
44.64,-0.10400000000000001
44.68,-0.098
44.72,-0.1
44.76,-0.1
44.800000000000004,-0.098
44.84,-0.098
44.88,-0.094
44.92,-0.094
44.96,-0.10200000000000001
45.0,-0.10600000000000001
45.04,-0.1
45.08,-0.1
45.12,-0.10400000000000001
45.160000000000004,-0.10200000000000001
45.2,-0.10400000000000001
45.24,-0.11
45.28,-0.11
45.32,-0.10200000000000001
45.36,-0.098
45.4,-0.10200000000000001
45.44,-0.098
45.480000000000004,-0.096
45.52,-0.1
45.56,-0.1
45.6,-0.098
45.64,-0.10200000000000001
45.68,-0.10400000000000001
45.72,-0.098
45.76,-0.096
45.800000000000004,-0.10200000000000001
45.84,-0.10400000000000001
45.88,-0.10200000000000001
45.92,-0.098
45.96,-0.10200000000000001
46.0,-0.10400000000000001
46.04,-0.1
46.08,-0.094
46.12,-0.094
46.160000000000004,-0.096
46.2,-0.10200000000000001
46.24,-0.1
46.28,-0.096
46.32,-0.098
46.36,-0.098
46.4,-0.098
46.44,-0.10200000000000001
46.480000000000004,-0.10600000000000001
46.52,-0.10800000000000001
46.56,-0.10600000000000001
46.6,-0.10400000000000001
46.64,-0.10400000000000001
46.68,-0.10200000000000001
46.72,-0.1
46.76,-0.1
46.800000000000004,-0.1
46.84,-0.10200000000000001
46.88,-0.10200000000000001
46.92,-0.10200000000000001
46.96,-0.098
47.0,-0.098
47.04,-0.10400000000000001
47.08,-0.10600000000000001
47.12,-0.098
47.160000000000004,-0.1
47.2,-0.10600000000000001
47.24,-0.10800000000000001
47.28,-0.10200000000000001
47.32,-0.096
47.36,-0.098
47.4,-0.1
47.44,-0.10200000000000001
47.480000000000004,-0.098
47.52,-0.098
47.56,-0.096
47.6,-0.098
47.64,-0.096
47.68,-0.094
47.72,-0.098
47.76,-0.10200000000000001
47.800000000000004,-0.10200000000000001
47.84,-0.10400000000000001
47.88,-0.10600000000000001
47.92,-0.10400000000000001
47.96,-0.10200000000000001
48.0,-0.10200000000000001
48.04,-0.10200000000000001
48.08,-0.098
48.120000000000005,-0.10200000000000001
48.160000000000004,-0.1
48.2,-0.096
48.24,-0.1
48.28,-0.10400000000000001
48.32,-0.10200000000000001
48.36,-0.096
48.4,-0.1
48.44,-0.11
48.480000000000004,-0.10800000000000001
48.52,-0.10200000000000001
48.56,-0.1
48.6,-0.10200000000000001
48.64,-0.10400000000000001
48.68,-0.10200000000000001
48.72,-0.10200000000000001
48.76,-0.098
48.800000000000004,-0.098
48.84,-0.1
48.88,-0.094
48.92,-0.094
48.96,-0.098
49.0,-0.098
49.04,-0.096
49.08,-0.10200000000000001
49.120000000000005,-0.10600000000000001
49.160000000000004,-0.10400000000000001
49.2,-0.10200000000000001
49.24,-0.10600000000000001
49.28,-0.10400000000000001
49.32,-0.1
49.36,-0.10200000000000001
49.4,-0.1
49.44,-0.098
49.480000000000004,-0.10200000000000001
49.52,-0.10600000000000001
49.56,-0.098
49.6,-0.09
49.64,-0.098
49.68,-0.10800000000000001
49.72,-0.10400000000000001
49.76,-0.1
49.800000000000004,-0.10400000000000001
49.84,-0.10400000000000001
49.88,-0.10400000000000001
49.92,-0.10400000000000001
49.96,-0.10200000000000001
50.0,-0.10200000000000001
50.04,-0.10400000000000001
50.08,-0.10200000000000001
50.120000000000005,-0.098
50.160000000000004,-0.098
50.2,-0.1
50.24,-0.094
50.28,-0.09
50.32,-0.098
50.36,-0.10400000000000001
50.4,-0.098
50.44,-0.10200000000000001
50.480000000000004,-0.10800000000000001
50.52,-0.10400000000000001
50.56,-0.1
50.6,-0.10200000000000001
50.64,-0.10200000000000001
50.68,-0.10200000000000001
50.72,-0.10600000000000001
50.76,-0.10600000000000001
50.800000000000004,-0.094
50.84,-0.094
50.88,-0.10200000000000001
50.92,-0.10400000000000001
50.96,-0.098
51.0,-0.1
51.04,-0.10400000000000001
51.08,-0.10400000000000001
51.120000000000005,-0.10200000000000001
51.160000000000004,-0.10400000000000001
51.2,-0.10200000000000001
51.24,-0.10200000000000001
51.28,-0.10600000000000001
51.32,-0.10400000000000001
51.36,-0.1
51.4,-0.10400000000000001
51.44,-0.10200000000000001
51.480000000000004,-0.092
51.52,-0.094
51.56,-0.098
51.6,-0.096
51.64,-0.094
51.68,-0.098
51.72,-0.10400000000000001
51.76,-0.1
51.800000000000004,-0.098
51.84,-0.1
51.88,-0.1
51.92,-0.10400000000000001
51.96,-0.10800000000000001
52.0,-0.10400000000000001
52.04,-0.094
52.08,-0.098
52.120000000000005,-0.10200000000000001
52.160000000000004,-0.098
52.2,-0.096
52.24,-0.098
52.28,-0.10400000000000001
52.32,-0.10400000000000001
52.36,-0.10400000000000001
52.4,-0.10200000000000001
52.44,-0.10200000000000001
52.480000000000004,-0.10400000000000001
52.52,-0.10400000000000001
52.56,-0.10400000000000001
52.6,-0.10400000000000001
52.64,-0.11
52.68,-0.10600000000000001
52.72,-0.098
52.76,-0.10200000000000001
52.800000000000004,-0.1
52.84,-0.094
52.88,-0.094
52.92,-0.10200000000000001
52.96,-0.1
53.0,-0.098
53.04,-0.096
53.08,-0.098
53.120000000000005,-0.1
53.160000000000004,-0.10400000000000001
53.2,-0.10600000000000001
53.24,-0.10200000000000001
53.28,-0.098
53.32,-0.1
53.36,-0.10400000000000001
53.4,-0.096
53.44,-0.092
53.480000000000004,-0.096
53.52,-0.10200000000000001
53.56,-0.1
53.6,-0.098
53.64,-0.098
53.68,-0.10200000000000001
53.72,-0.10200000000000001
53.76,-0.1
53.800000000000004,-0.10200000000000001
53.84,-0.10400000000000001
53.88,-0.10600000000000001
53.92,-0.10600000000000001
53.96,-0.10400000000000001
54.0,-0.10600000000000001
54.04,-0.10400000000000001
54.08,-0.098
54.120000000000005,-0.098
54.160000000000004,-0.10400000000000001
54.2,-0.10200000000000001
54.24,-0.096
54.28,-0.096
54.32,-0.098
54.36,-0.1
54.4,-0.10400000000000001
54.44,-0.10400000000000001
54.480000000000004,-0.10200000000000001
54.52,-0.10200000000000001
54.56,-0.10600000000000001
54.6,-0.10600000000000001
54.64,-0.098
54.68,-0.096
54.72,-0.1
54.76,-0.10200000000000001
54.800000000000004,-0.096
54.84,-0.096
54.88,-0.10200000000000001
54.92,-0.10200000000000001
54.96,-0.10200000000000001
55.0,-0.098
55.04,-0.098
55.08,-0.1
55.120000000000005,-0.10400000000000001
55.160000000000004,-0.10400000000000001
55.2,-0.10400000000000001
55.24,-0.10600000000000001
55.28,-0.10600000000000001
55.32,-0.1
55.36,-0.10200000000000001
55.4,-0.10600000000000001
55.44,-0.10400000000000001
55.480000000000004,-0.094
55.52,-0.096
55.56,-0.10200000000000001
55.6,-0.098
55.64,-0.098
55.68,-0.098
55.72,-0.098
55.76,-0.10200000000000001
55.800000000000004,-0.10600000000000001
55.84,-0.10600000000000001
55.88,-0.10200000000000001
55.92,-0.1
55.96,-0.10400000000000001
56.0,-0.1
56.04,-0.094
56.08,-0.096
56.120000000000005,-0.10200000000000001
56.160000000000004,-0.10200000000000001
56.2,-0.10200000000000001
56.24,-0.098
56.28,-0.094
56.32,-0.096
56.36,-0.10200000000000001
56.4,-0.10200000000000001
56.44,-0.10400000000000001
56.480000000000004,-0.10600000000000001
56.52,-0.10600000000000001
56.56,-0.10200000000000001
56.6,-0.10600000000000001
56.64,-0.11
56.68,-0.10200000000000001
56.72,-0.098
56.76,-0.10400000000000001
56.800000000000004,-0.10400000000000001
56.84,-0.1
56.88,-0.096
56.92,-0.098
56.96,-0.094
57.0,-0.098
57.04,-0.10600000000000001
57.08,-0.10600000000000001
57.120000000000005,-0.10200000000000001
57.160000000000004,-0.10600000000000001
57.2,-0.10600000000000001
57.24,-0.098
57.28,-0.096
57.32,-0.098
57.36,-0.10200000000000001
57.4,-0.1
57.44,-0.1
57.480000000000004,-0.098
57.52,-0.094
57.56,-0.094
57.6,-0.098
57.64,-0.094
57.68,-0.098
57.72,-0.10400000000000001
57.76,-0.1
57.800000000000004,-0.1
57.84,-0.10600000000000001
57.88,-0.10600000000000001
57.92,-0.098
57.96,-0.1
58.0,-0.10600000000000001
58.04,-0.10600000000000001
58.08,-0.10400000000000001
58.120000000000005,-0.1
58.160000000000004,-0.1
58.2,-0.094
58.24,-0.098
58.28,-0.10200000000000001
58.32,-0.1
58.36,-0.10200000000000001
58.4,-0.10600000000000001
58.44,-0.10600000000000001
58.480000000000004,-0.10200000000000001
58.52,-0.10200000000000001
58.56,-0.10400000000000001
58.6,-0.10200000000000001
58.64,-0.10400000000000001
58.68,-0.10200000000000001
58.72,-0.1
58.76,-0.098
58.800000000000004,-0.1
58.84,-0.098
58.88,-0.096
58.92,-0.098
58.96,-0.098
59.0,-0.096
59.04,-0.098
59.08,-0.10600000000000001
59.120000000000005,-0.10200000000000001
59.160000000000004,-0.096
59.2,-0.10200000000000001
59.24,-0.10600000000000001
59.28,-0.10400000000000001
59.32,-0.10200000000000001
59.36,-0.10400000000000001
59.4,-0.10200000000000001
59.44,-0.098
59.480000000000004,-0.098
59.52,-0.098
59.56,-0.094
59.6,-0.096
59.64,-0.10400000000000001
59.68,-0.10600000000000001
59.72,-0.10200000000000001
59.76,-0.10200000000000001
59.800000000000004,-0.10400000000000001
59.84,-0.10400000000000001
59.88,-0.10400000000000001
59.92,-0.10200000000000001
59.96,-0.1
60.0,-0.10200000000000001
60.04,-0.10600000000000001
60.08,-0.10200000000000001
60.120000000000005,-0.098
60.160000000000004,-0.098
60.2,-0.096
60.24,-0.094
60.28,-0.098
60.32,-0.10400000000000001
60.36,-0.098
60.4,-0.098
60.44,-0.10200000000000001
60.480000000000004,-0.10400000000000001
60.52,-0.1
60.56,-0.10200000000000001
60.6,-0.10600000000000001
60.64,-0.10400000000000001
60.68,-0.10200000000000001
60.72,-0.10200000000000001
60.76,-0.098
60.800000000000004,-0.094
60.84,-0.096
60.88,-0.098
60.92,-0.1
60.96,-0.098
61.0,-0.10200000000000001
61.04,-0.10400000000000001
61.08,-0.10400000000000001
61.120000000000005,-0.10400000000000001
61.160000000000004,-0.10200000000000001
61.2,-0.098
61.24,-0.10400000000000001
61.28,-0.10600000000000001
61.32,-0.10400000000000001
61.36,-0.10200000000000001
61.4,-0.098
61.44,-0.096
61.480000000000004,-0.094
61.52,-0.1
61.56,-0.098
61.6,-0.096
61.64,-0.096
61.68,-0.10200000000000001
61.72,-0.10200000000000001
61.76,-0.094
61.800000000000004,-0.098
61.84,-0.10400000000000001
61.88,-0.10400000000000001
61.92,-0.10400000000000001
61.96,-0.10600000000000001
62.0,-0.10400000000000001
62.04,-0.098
62.08,-0.1
62.120000000000005,-0.098
62.160000000000004,-0.098
62.2,-0.096
62.24,-0.10200000000000001
62.28,-0.10400000000000001
62.32,-0.10400000000000001
62.36,-0.10200000000000001
62.4,-0.1
62.440000000000005,-0.1
62.480000000000004,-0.10600000000000001
62.52,-0.10800000000000001
62.56,-0.10600000000000001
62.6,-0.10400000000000001
62.64,-0.10400000000000001
62.68,-0.10200000000000001
62.72,-0.098
62.76,-0.10200000000000001
62.800000000000004,-0.1
62.84,-0.096
62.88,-0.098
62.92,-0.10200000000000001
62.96,-0.098
63.0,-0.094
63.04,-0.096
63.08,-0.10200000000000001
63.120000000000005,-0.098
63.160000000000004,-0.1
63.2,-0.10400000000000001
63.24,-0.10400000000000001
63.28,-0.10200000000000001
63.32,-0.10200000000000001
63.36,-0.10200000000000001
63.4,-0.094
63.440000000000005,-0.092
63.480000000000004,-0.098
63.52,-0.1
63.56,-0.1
63.6,-0.098
63.64,-0.098
63.68,-0.1
63.72,-0.10400000000000001
63.76,-0.10600000000000001
63.800000000000004,-0.10400000000000001
63.84,-0.10600000000000001
63.88,-0.10600000000000001
63.92,-0.10600000000000001
63.96,-0.10200000000000001
64.0,-0.10200000000000001
64.04,-0.10200000000000001
64.08,-0.098
64.12,-0.10200000000000001
64.16,-0.10400000000000001
64.2,-0.1
64.24,-0.098
64.28,-0.10200000000000001
64.32000000000001,-0.10200000000000001
64.36,-0.098
64.4,-0.098
64.44,-0.10200000000000001
64.48,-0.10200000000000001
64.52,-0.10200000000000001
64.56,-0.10600000000000001
64.6,-0.10400000000000001
64.64,-0.098
64.68,-0.094
64.72,-0.1
64.76,-0.098
64.8,-0.098
64.84,-0.096
64.88,-0.096
64.92,-0.098
64.96000000000001,-0.10200000000000001
65.0,-0.1
65.04,-0.098
65.08,-0.10200000000000001
65.12,-0.10600000000000001
65.16,-0.10600000000000001
65.2,-0.10400000000000001
65.24,-0.10400000000000001
65.28,-0.10400000000000001
65.32000000000001,-0.098
65.36,-0.1
65.4,-0.10400000000000001
65.44,-0.098
65.48,-0.098
65.52,-0.10400000000000001
65.56,-0.10400000000000001
65.6,-0.098
65.64,-0.098
65.68,-0.098
65.72,-0.098
65.76,-0.10200000000000001
65.8,-0.10800000000000001
65.84,-0.10600000000000001
65.88,-0.10200000000000001
65.92,-0.1
65.96000000000001,-0.10400000000000001
66.0,-0.10200000000000001
66.04,-0.096
66.08,-0.096
66.12,-0.094
66.16,-0.098
66.2,-0.10200000000000001
66.24,-0.098
66.28,-0.094
66.32000000000001,-0.098
66.36,-0.10400000000000001
66.4,-0.10200000000000001
66.44,-0.10400000000000001
66.48,-0.10800000000000001
66.52,-0.10400000000000001
66.56,-0.10200000000000001
66.6,-0.10200000000000001
66.64,-0.1
66.68,-0.096
66.72,-0.098
66.76,-0.10600000000000001
66.8,-0.10400000000000001
66.84,-0.098
66.88,-0.1
66.92,-0.098
66.96000000000001,-0.094
67.0,-0.098
67.04,-0.10600000000000001
67.08,-0.10200000000000001
67.12,-0.098
67.16,-0.10400000000000001
67.2,-0.10600000000000001
67.24,-0.10400000000000001
67.28,-0.098
67.32000000000001,-0.098
67.36,-0.098
67.4,-0.1
67.44,-0.10200000000000001
67.48,-0.094
67.52,-0.092
67.56,-0.098
67.6,-0.098
67.64,-0.094
67.68,-0.10200000000000001
67.72,-0.10600000000000001
67.76,-0.10400000000000001
67.8,-0.10400000000000001
67.84,-0.10600000000000001
67.88,-0.10200000000000001
67.92,-0.098
67.96000000000001,-0.10200000000000001
68.0,-0.10600000000000001
68.04,-0.10200000000000001
68.08,-0.1
68.12,-0.10400000000000001
68.16,-0.1
68.2,-0.098
68.24,-0.10200000000000001
68.28,-0.10400000000000001
68.32000000000001,-0.098
68.36,-0.098
68.4,-0.10600000000000001
68.44,-0.10600000000000001
68.48,-0.10400000000000001
68.52,-0.10400000000000001
68.56,-0.10200000000000001
68.60000000000001,-0.10200000000000001
68.64,-0.10400000000000001
68.68,-0.10200000000000001
68.72,-0.096
68.76,-0.096
68.8,-0.1
68.84,-0.094
68.88,-0.09
68.92,-0.094
68.96000000000001,-0.1
69.0,-0.1
69.04,-0.10200000000000001
69.08,-0.10600000000000001
69.12,-0.1
69.16,-0.098
69.2,-0.10200000000000001
69.24,-0.10200000000000001
69.28,-0.098
69.32000000000001,-0.1
69.36,-0.10200000000000001
69.4,-0.10200000000000001
69.44,-0.10200000000000001
69.48,-0.10200000000000001
69.52,-0.1
69.56,-0.096
69.60000000000001,-0.096
69.64,-0.10200000000000001
69.68,-0.10600000000000001
69.72,-0.10400000000000001
69.76,-0.10400000000000001
69.8,-0.10400000000000001
69.84,-0.10600000000000001
69.88,-0.10600000000000001
69.92,-0.10200000000000001
69.96000000000001,-0.1
70.0,-0.10600000000000001
70.04,-0.10600000000000001
70.08,-0.098
70.12,-0.094
70.16,-0.096
70.2,-0.098
70.24,-0.096
70.28,-0.098
70.32000000000001,-0.10200000000000001
70.36,-0.10200000000000001
70.4,-0.098
70.44,-0.10200000000000001
70.48,-0.10200000000000001
70.52,-0.098
70.56,-0.098
70.60000000000001,-0.1
70.64,-0.10200000000000001
70.68,-0.10200000000000001
70.72,-0.10400000000000001
70.76,-0.098
70.8,-0.094
70.84,-0.094
70.88,-0.10200000000000001
70.92,-0.10200000000000001
70.96000000000001,-0.098
71.0,-0.1
71.04,-0.10600000000000001
71.08,-0.10600000000000001
71.12,-0.10200000000000001
71.16,-0.10200000000000001
71.2,-0.10200000000000001
71.24,-0.10800000000000001
71.28,-0.10800000000000001
71.32000000000001,-0.10200000000000001
71.36,-0.098
71.4,-0.098
71.44,-0.098
71.48,-0.094
71.52,-0.096
71.56,-0.098
71.60000000000001,-0.1
71.64,-0.10200000000000001
71.68,-0.10400000000000001
71.72,-0.10600000000000001
71.76,-0.1
71.8,-0.098
71.84,-0.10200000000000001
71.88,-0.10200000000000001
71.92,-0.10400000000000001
71.96000000000001,-0.10400000000000001
72.0,-0.10200000000000001
72.04,-0.096
72.08,-0.1
72.12,-0.10400000000000001
72.16,-0.098
72.2,-0.094
72.24,-0.098
72.28,-0.10400000000000001
72.32000000000001,-0.10400000000000001
72.36,-0.1
72.4,-0.1
72.44,-0.10400000000000001
72.48,-0.10800000000000001
72.52,-0.10600000000000001
72.56,-0.10200000000000001
72.60000000000001,-0.10200000000000001
72.64,-0.10600000000000001
72.68,-0.10200000000000001
72.72,-0.096
72.76,-0.096
72.8,-0.098
72.84,-0.094
72.88,-0.096
72.92,-0.10400000000000001
72.96000000000001,-0.10400000000000001
73.0,-0.1
73.04,-0.098
73.08,-0.10200000000000001
73.12,-0.098
73.16,-0.10200000000000001
73.2,-0.10400000000000001
73.24,-0.098
73.28,-0.098
73.32000000000001,-0.10400000000000001
73.36,-0.10400000000000001
73.4,-0.094
73.44,-0.094
73.48,-0.098
73.52,-0.1
73.56,-0.098
73.60000000000001,-0.098
73.64,-0.098
73.68,-0.10400000000000001
73.72,-0.10600000000000001
73.76,-0.10400000000000001
73.8,-0.1
73.84,-0.10600000000000001
73.88,-0.112
73.92,-0.10600000000000001
73.96000000000001,-0.10200000000000001
74.0,-0.10600000000000001
74.04,-0.1
74.08,-0.094
74.12,-0.098
74.16,-0.10400000000000001
74.2,-0.10200000000000001
74.24,-0.1
74.28,-0.10400000000000001
74.32000000000001,-0.10200000000000001
74.36,-0.1
74.4,-0.10200000000000001
74.44,-0.10400000000000001
74.48,-0.098
74.52,-0.1
74.56,-0.10600000000000001
74.60000000000001,-0.10400000000000001
74.64,-0.096
74.68,-0.096
74.72,-0.098
74.76,-0.094
74.8,-0.094
74.84,-0.096
74.88,-0.098
74.92,-0.10400000000000001
74.96000000000001,-0.10400000000000001
75.0,-0.094
75.04,-0.094
75.08,-0.10400000000000001
75.12,-0.10600000000000001
75.16,-0.10400000000000001
75.2,-0.10400000000000001
75.24,-0.11
75.28,-0.10200000000000001
75.32000000000001,-0.096
75.36,-0.098
75.4,-0.10200000000000001
75.44,-0.098
75.48,-0.098
75.52,-0.10400000000000001
75.56,-0.10200000000000001
75.60000000000001,-0.10200000000000001
75.64,-0.10400000000000001
75.68,-0.10200000000000001
75.72,-0.098
75.76,-0.10400000000000001
75.8,-0.10600000000000001
75.84,-0.10200000000000001
75.88,-0.10200000000000001
75.92,-0.10400000000000001
75.96000000000001,-0.10400000000000001
76.0,-0.098
76.04,-0.094
76.08,-0.094
76.12,-0.098
76.16,-0.10400000000000001
76.2,-0.10200000000000001
76.24,-0.092
76.28,-0.094
76.32000000000001,-0.10200000000000001
76.36,-0.10200000000000001
76.4,-0.1
76.44,-0.10400000000000001
76.48,-0.10800000000000001
76.52,-0.10400000000000001
76.56,-0.10200000000000001
76.60000000000001,-0.10400000000000001
76.64,-0.10200000000000001
76.68,-0.098
76.72,-0.094
76.76,-0.10200000000000001
76.8,-0.10200000000000001
76.84,-0.098
76.88,-0.1
76.92,-0.1
76.96000000000001,-0.098
77.0,-0.10200000000000001
77.04,-0.10400000000000001
77.08,-0.10200000000000001
77.12,-0.10200000000000001
77.16,-0.10800000000000001
77.2,-0.10600000000000001
77.24,-0.1
77.28,-0.094
77.32000000000001,-0.098
77.36,-0.10200000000000001
77.4,-0.10200000000000001
77.44,-0.098
77.48,-0.094
77.52,-0.096
77.56,-0.1
77.60000000000001,-0.098
77.64,-0.094
77.68,-0.098
77.72,-0.10400000000000001
77.76,-0.10400000000000001
77.8,-0.10400000000000001
77.84,-0.10800000000000001
77.88,-0.10600000000000001
77.92,-0.098
77.96000000000001,-0.098
78.0,-0.1
78.04,-0.10200000000000001
78.08,-0.098
78.12,-0.1
78.16,-0.10200000000000001
78.2,-0.10200000000000001
78.24,-0.10200000000000001
78.28,-0.10200000000000001
78.32000000000001,-0.098
78.36,-0.10200000000000001
78.4,-0.11
78.44,-0.10800000000000001
78.48,-0.10200000000000001
78.52,-0.1
78.56,-0.10200000000000001
78.60000000000001,-0.10400000000000001
78.64,-0.10200000000000001
78.68,-0.098
78.72,-0.096
78.76,-0.1
78.8,-0.10200000000000001
78.84,-0.096
78.88,-0.094
78.92,-0.096
78.96000000000001,-0.098
79.0,-0.094
79.04,-0.098
79.08,-0.10800000000000001
79.12,-0.10600000000000001
79.16,-0.10200000000000001
79.2,-0.10200000000000001
79.24,-0.10400000000000001
79.28,-0.098
79.32000000000001,-0.098
79.36,-0.098
79.4,-0.10200000000000001
79.44,-0.10200000000000001
79.48,-0.10200000000000001
79.52,-0.098
79.56,-0.094
79.60000000000001,-0.10200000000000001
79.64,-0.10600000000000001
79.68,-0.10400000000000001
79.72,-0.10400000000000001
79.76,-0.10600000000000001
79.8,-0.10600000000000001
79.84,-0.10600000000000001
79.88,-0.10400000000000001
79.92,-0.098
79.96000000000001,-0.098
80.0,-0.10600000000000001
80.04,-0.10400000000000001
80.08,-0.098
80.12,-0.098
80.16,-0.1
80.2,-0.096
80.24,-0.09
80.28,-0.098
80.32000000000001,-0.10400000000000001
80.36,-0.10200000000000001
80.4,-0.10200000000000001
80.44,-0.10600000000000001
80.48,-0.10400000000000001
80.52,-0.098
80.56,-0.098
80.60000000000001,-0.098
80.64,-0.098
80.68,-0.1
80.72,-0.1
80.76,-0.094
80.8,-0.094
80.84,-0.1
80.88,-0.1
80.92,-0.098
80.96000000000001,-0.098
81.0,-0.10400000000000001
81.04,-0.10600000000000001
81.08,-0.10600000000000001
81.12,-0.10400000000000001
81.16,-0.098
81.2,-0.098
81.24,-0.10600000000000001
81.28,-0.10400000000000001
81.32000000000001,-0.098
81.36,-0.10200000000000001
81.4,-0.10400000000000001
81.44,-0.096
81.48,-0.094
81.52,-0.098
81.56,-0.1
81.60000000000001,-0.098
81.64,-0.1
81.68,-0.10600000000000001
81.72,-0.10400000000000001
81.76,-0.10200000000000001
81.8,-0.10400000000000001
81.84,-0.10400000000000001
81.88,-0.10200000000000001
81.92,-0.10200000000000001
81.96000000000001,-0.1
82.0,-0.094
82.04,-0.098
82.08,-0.10200000000000001
82.12,-0.098
82.16,-0.092
82.2,-0.096
82.24,-0.1
82.28,-0.10400000000000001
82.32000000000001,-0.10400000000000001
82.36,-0.10400000000000001
82.4,-0.10200000000000001
82.44,-0.10400000000000001
82.48,-0.10600000000000001
82.52,-0.10200000000000001
82.56,-0.098
82.60000000000001,-0.10200000000000001
82.64,-0.10600000000000001
82.68,-0.10200000000000001
82.72,-0.1
82.76,-0.10200000000000001
82.8,-0.098
82.84,-0.092
82.88,-0.098
82.92,-0.10200000000000001
82.96000000000001,-0.1
83.0,-0.098
83.04,-0.10200000000000001
83.08,-0.10600000000000001
83.12,-0.10200000000000001
83.16,-0.1
83.2,-0.098
83.24,-0.098
83.28,-0.10200000000000001
83.32000000000001,-0.10400000000000001
83.36,-0.098
83.4,-0.094
83.44,-0.096
83.48,-0.096
83.52,-0.098
83.56,-0.098
83.60000000000001,-0.10200000000000001
83.64,-0.10200000000000001
83.68,-0.10400000000000001
83.72,-0.10400000000000001
83.76,-0.1
83.8,-0.098
83.84,-0.10400000000000001
83.88,-0.10600000000000001
83.92,-0.10400000000000001
83.96000000000001,-0.10400000000000001
84.0,-0.10600000000000001
84.04,-0.10400000000000001
84.08,-0.096
84.12,-0.1
84.16,-0.10200000000000001
84.2,-0.096
84.24,-0.098
84.28,-0.10400000000000001
84.32000000000001,-0.10600000000000001
84.36,-0.10200000000000001
84.4,-0.10200000000000001
84.44,-0.1
84.48,-0.10200000000000001
84.52,-0.10600000000000001
84.56,-0.10400000000000001
84.60000000000001,-0.1
84.64,-0.098
84.68,-0.096
84.72,-0.096
84.76,-0.092
84.8,-0.096
84.84,-0.098
84.88,-0.098
84.92,-0.10200000000000001
84.96000000000001,-0.10200000000000001
85.0,-0.096
85.04,-0.098
85.08,-0.10400000000000001
85.12,-0.10200000000000001
85.16,-0.1
85.2,-0.10400000000000001
85.24,-0.10600000000000001
85.28,-0.10400000000000001
85.32000000000001,-0.10400000000000001
85.36,-0.10600000000000001
85.4,-0.1
85.44,-0.094
85.48,-0.098
85.52,-0.10400000000000001
85.56,-0.10200000000000001
85.60000000000001,-0.10200000000000001
85.64,-0.10200000000000001
85.68,-0.10200000000000001
85.72,-0.10400000000000001
85.76,-0.10800000000000001
85.8,-0.10600000000000001
85.84,-0.10400000000000001
85.88,-0.10400000000000001
85.92,-0.10400000000000001
85.96000000000001,-0.1
86.0,-0.098
86.04,-0.096
86.08,-0.094
86.12,-0.096
86.16,-0.10200000000000001
86.2,-0.10200000000000001
86.24,-0.094
86.28,-0.098
86.32000000000001,-0.10400000000000001
86.36,-0.098
86.4,-0.096
86.44,-0.1
86.48,-0.10200000000000001
86.52,-0.1
86.56,-0.10400000000000001
86.60000000000001,-0.10400000000000001
86.64,-0.1
86.68,-0.094
86.72,-0.1
86.76,-0.1
86.8,-0.098
86.84,-0.098
86.88,-0.098
86.92,-0.098
86.96000000000001,-0.10200000000000001
87.0,-0.10600000000000001
87.04,-0.10200000000000001
87.08,-0.10200000000000001
87.12,-0.10600000000000001
87.16,-0.10800000000000001
87.2,-0.10400000000000001
87.24,-0.10600000000000001
87.28,-0.10400000000000001
87.32000000000001,-0.098
87.36,-0.096
87.4,-0.098
87.44,-0.096
87.48,-0.096
87.52,-0.10400000000000001
87.56,-0.10600000000000001
87.60000000000001,-0.098
87.64,-0.094
87.68,-0.1
87.72,-0.098
87.76,-0.098
87.8,-0.10600000000000001
87.84,-0.10600000000000001
87.88,-0.10200000000000001
87.92,-0.1
87.96000000000001,-0.10400000000000001
88.0,-0.10200000000000001
88.04,-0.098
88.08,-0.098
88.12,-0.098
88.16,-0.1
88.2,-0.1
88.24,-0.10200000000000001
88.28,-0.098
88.32000000000001,-0.1
88.36,-0.10400000000000001
88.4,-0.10400000000000001
88.44,-0.10400000000000001
88.48,-0.10600000000000001
88.52,-0.10600000000000001
88.56,-0.10200000000000001
88.60000000000001,-0.10200000000000001
88.64,-0.1
88.68,-0.094
88.72,-0.094
88.76,-0.10400000000000001
88.8,-0.10400000000000001
88.84,-0.096
88.88,-0.096
88.92,-0.098
88.96000000000001,-0.098
89.0,-0.098
89.04,-0.1
89.08,-0.10200000000000001
89.12,-0.1
89.16,-0.10400000000000001
89.2,-0.10600000000000001
89.24,-0.10400000000000001
89.28,-0.098
89.32000000000001,-0.098
89.36,-0.10200000000000001
89.4,-0.098
89.44,-0.098
89.48,-0.098
89.52,-0.098
89.56,-0.098
89.60000000000001,-0.1
89.64,-0.098
89.68,-0.10200000000000001
89.72,-0.10600000000000001
89.76,-0.10800000000000001
89.8,-0.10600000000000001
89.84,-0.10600000000000001
89.88,-0.10400000000000001
89.92,-0.098
89.96000000000001,-0.1
90.0,-0.10600000000000001
90.04,-0.10400000000000001
90.08,-0.098
90.12,-0.1
90.16,-0.10200000000000001
90.2,-0.1
90.24,-0.098
90.28,-0.098
90.32000000000001,-0.098
90.36,-0.098
90.4,-0.10200000000000001
90.44,-0.10600000000000001
90.48,-0.10200000000000001
90.52,-0.1
90.56,-0.10200000000000001
90.60000000000001,-0.10200000000000001
90.64,-0.098
90.68,-0.098
90.72,-0.098
90.76,-0.096
90.8,-0.098
90.84,-0.098
90.88,-0.094
90.92,-0.096
90.96000000000001,-0.1
91.0,-0.10200000000000001
91.04,-0.10600000000000001
91.08,-0.10600000000000001
91.12,-0.10400000000000001
91.16,-0.10200000000000001
91.2,-0.10400000000000001
91.24,-0.11
91.28,-0.10200000000000001
91.32000000000001,-0.096
91.36,-0.10400000000000001
91.4,-0.10600000000000001
91.44,-0.10200000000000001
91.48,-0.10200000000000001
91.52,-0.10200000000000001
91.56,-0.094
91.60000000000001,-0.098
91.64,-0.10400000000000001
91.68,-0.10400000000000001
91.72,-0.10200000000000001
91.76,-0.10400000000000001
91.8,-0.10600000000000001
91.84,-0.10400000000000001
91.88,-0.10200000000000001
91.92,-0.10200000000000001
91.96000000000001,-0.098
92.0,-0.098
92.04,-0.10400000000000001
92.08,-0.098
92.12,-0.092
92.16,-0.094
92.2,-0.096
92.24,-0.094
92.28,-0.098
92.32000000000001,-0.10200000000000001
92.36,-0.098
92.4,-0.1
92.44,-0.10600000000000001
92.48,-0.10600000000000001
92.52,-0.096
92.56,-0.094
92.60000000000001,-0.10400000000000001
92.64,-0.10400000000000001
92.68,-0.10200000000000001
92.72,-0.10400000000000001
92.76,-0.10200000000000001
92.8,-0.098
92.84,-0.098
92.88,-0.1
92.92,-0.098
92.96000000000001,-0.1
93.0,-0.10600000000000001
93.04,-0.10400000000000001
93.08,-0.10200000000000001
93.12,-0.10200000000000001
93.16,-0.10200000000000001
93.2,-0.10200000000000001
93.24,-0.10400000000000001
93.28,-0.10600000000000001
93.32000000000001,-0.10200000000000001
93.36,-0.098
93.4,-0.098
93.44,-0.098
93.48,-0.094
93.52,-0.096
93.56,-0.098
93.60000000000001,-0.096
93.64,-0.1
93.68,-0.10800000000000001
93.72,-0.10600000000000001
93.76,-0.096
93.8,-0.098
93.84,-0.10400000000000001
93.88,-0.10400000000000001
93.92,-0.10200000000000001
93.96000000000001,-0.10400000000000001
94.0,-0.10400000000000001
94.04,-0.10200000000000001
94.08,-0.098
94.12,-0.098
94.16,-0.096
94.2,-0.098
94.24,-0.10400000000000001
94.28,-0.10200000000000001
94.32000000000001,-0.1
94.36,-0.10200000000000001
94.4,-0.10200000000000001
94.44,-0.10200000000000001
94.48,-0.10400000000000001
94.52,-0.10200000000000001
94.56,-0.10200000000000001
94.60000000000001,-0.10200000000000001
94.64,-0.10400000000000001
94.68,-0.10200000000000001
94.72,-0.098
94.76,-0.096
94.8,-0.094
94.84,-0.094
94.88,-0.098
94.92,-0.10400000000000001
94.96000000000001,-0.098
95.0,-0.096
95.04,-0.1
95.08,-0.10600000000000001
95.12,-0.1
95.16,-0.098
95.2,-0.10400000000000001
95.24,-0.10600000000000001
95.28,-0.10400000000000001
95.32000000000001,-0.10200000000000001
95.36,-0.10200000000000001
95.4,-0.098
95.44,-0.1
95.48,-0.10200000000000001
95.52,-0.1
95.56,-0.098
95.60000000000001,-0.10200000000000001
95.64,-0.10200000000000001
95.68,-0.10400000000000001
95.72,-0.10400000000000001
95.76,-0.10400000000000001
95.8,-0.10200000000000001
95.84,-0.10400000000000001
95.88,-0.10600000000000001
95.92,-0.10800000000000001
95.96000000000001,-0.10600000000000001
96.0,-0.10200000000000001
96.04,-0.096
96.08,-0.094
96.12,-0.098
96.16,-0.10200000000000001
96.2,-0.094
96.24000000000001,-0.094
96.28,-0.10200000000000001
96.32000000000001,-0.10400000000000001
96.36,-0.096
96.4,-0.096
96.44,-0.10200000000000001
96.48,-0.10200000000000001
96.52,-0.1
96.56,-0.10400000000000001
96.60000000000001,-0.10200000000000001
96.64,-0.098
96.68,-0.098
96.72,-0.10200000000000001
96.76,-0.1
96.8,-0.098
96.84,-0.10200000000000001
96.88,-0.098
96.92,-0.1
96.96000000000001,-0.10200000000000001
97.0,-0.1
97.04,-0.096
97.08,-0.10200000000000001
97.12,-0.10800000000000001
97.16,-0.10600000000000001
97.2,-0.10600000000000001
97.24000000000001,-0.11
97.28,-0.10400000000000001
97.32000000000001,-0.098
97.36,-0.10400000000000001
97.4,-0.1
97.44,-0.092
97.48,-0.096
97.52,-0.10600000000000001
97.56,-0.10200000000000001
97.60000000000001,-0.096
97.64,-0.098
97.68,-0.10400000000000001
97.72,-0.098
97.76,-0.098
97.8,-0.10400000000000001
97.84,-0.10200000000000001
97.88,-0.10400000000000001
97.92,-0.10600000000000001
97.96000000000001,-0.10200000000000001
98.0,-0.096
98.04,-0.098
98.08,-0.1
98.12,-0.098
98.16,-0.10200000000000001
98.2,-0.10200000000000001
98.24000000000001,-0.096
98.28,-0.094
98.32000000000001,-0.098
98.36,-0.10200000000000001
98.4,-0.1
98.44,-0.10400000000000001
98.48,-0.10600000000000001
98.52,-0.10400000000000001
98.56,-0.10400000000000001
98.60000000000001,-0.10600000000000001
98.64,-0.1
98.68,-0.092
98.72,-0.10200000000000001
98.76,-0.10600000000000001
98.8,-0.098
98.84,-0.096
98.88,-0.10200000000000001
98.92,-0.10200000000000001
98.96000000000001,-0.098
99.0,-0.096
99.04,-0.098
99.08,-0.10200000000000001
99.12,-0.10400000000000001
99.16,-0.10600000000000001
99.2,-0.10200000000000001
99.24000000000001,-0.098
99.28,-0.10200000000000001
99.32000000000001,-0.10200000000000001
99.36,-0.10200000000000001
99.4,-0.10200000000000001
99.44,-0.10200000000000001
99.48,-0.096
99.52,-0.096
99.56,-0.098
99.60000000000001,-0.098
99.64,-0.098
99.68,-0.1
99.72,-0.1
99.76,-0.10400000000000001
99.8,-0.11
99.84,-0.10800000000000001
99.88,-0.10200000000000001
99.92,-0.10200000000000001
99.96000000000001,-0.10600000000000001
100.0,-0.10600000000000001
100.04,-0.098
100.08,-0.096
100.12,-0.10400000000000001
100.16,-0.10400000000000001
100.2,-0.098
100.24000000000001,-0.094
100.28,-0.096
100.32000000000001,-0.10200000000000001
100.36,-0.10200000000000001
100.4,-0.10200000000000001
100.44,-0.1
100.48,-0.10200000000000001
100.52,-0.10200000000000001
100.56,-0.10200000000000001
100.60000000000001,-0.10200000000000001
100.64,-0.1
100.68,-0.1
100.72,-0.098
100.76,-0.098
100.8,-0.1
100.84,-0.098
100.88,-0.094
100.92,-0.092
100.96000000000001,-0.096
101.0,-0.10200000000000001
101.04,-0.10400000000000001
101.08,-0.10400000000000001
101.12,-0.10400000000000001
101.16,-0.10600000000000001
101.2,-0.10800000000000001
101.24000000000001,-0.10400000000000001
101.28,-0.096
101.32000000000001,-0.098
101.36,-0.10800000000000001
101.4,-0.10600000000000001
101.44,-0.098
101.48,-0.098
101.52,-0.10200000000000001
101.56,-0.1
101.60000000000001,-0.1
101.64,-0.1
101.68,-0.10200000000000001
101.72,-0.10200000000000001
101.76,-0.10400000000000001
101.8,-0.10400000000000001
101.84,-0.10200000000000001
101.88,-0.10200000000000001
101.92,-0.10200000000000001
101.96000000000001,-0.098
102.0,-0.10200000000000001
102.04,-0.10600000000000001
102.08,-0.10200000000000001
102.12,-0.094
102.16,-0.094
102.2,-0.094
102.24000000000001,-0.094
102.28,-0.096
102.32000000000001,-0.098
102.36,-0.098
102.4,-0.10400000000000001
102.44,-0.10800000000000001
102.48,-0.1
102.52,-0.094
102.56,-0.10400000000000001
102.60000000000001,-0.10800000000000001
102.64,-0.10200000000000001
102.68,-0.098
102.72,-0.10400000000000001
102.76,-0.10200000000000001
102.8,-0.1
102.84,-0.1
102.88,-0.1
102.92,-0.098
102.96000000000001,-0.10200000000000001
103.0,-0.10400000000000001
103.04,-0.10200000000000001
103.08,-0.10200000000000001
103.12,-0.10400000000000001
103.16,-0.1
103.2,-0.098
103.24000000000001,-0.10600000000000001
103.28,-0.10800000000000001
103.32000000000001,-0.10200000000000001
103.36,-0.10200000000000001
103.4,-0.10200000000000001
103.44,-0.098
103.48,-0.094
103.52,-0.096
103.56,-0.094
103.60000000000001,-0.096
103.64,-0.10400000000000001
103.68,-0.10600000000000001
103.72,-0.096
103.76,-0.098
103.8,-0.10600000000000001
103.84,-0.10600000000000001
103.88,-0.098
103.92,-0.1
103.96000000000001,-0.10400000000000001
104.0,-0.10400000000000001
104.04,-0.10400000000000001
104.08,-0.1
104.12,-0.098
104.16,-0.096
104.2,-0.1
104.24000000000001,-0.1
104.28,-0.098
104.32000000000001,-0.10400000000000001
104.36,-0.10200000000000001
104.4,-0.096
104.44,-0.098
104.48,-0.10400000000000001
104.52,-0.10400000000000001
104.56,-0.10200000000000001
104.60000000000001,-0.10400000000000001
104.64,-0.10600000000000001
104.68,-0.1
104.72,-0.1
104.76,-0.098
104.8,-0.094
104.84,-0.096
104.88,-0.098
104.92,-0.098
104.96000000000001,-0.092
105.0,-0.098
105.04,-0.10600000000000001
105.08,-0.10400000000000001
105.12,-0.096
105.16,-0.098
105.2,-0.10400000000000001
105.24000000000001,-0.10400000000000001
105.28,-0.10400000000000001
105.32000000000001,-0.10400000000000001
105.36,-0.10200000000000001
105.4,-0.10200000000000001
105.44,-0.1
105.48,-0.098
105.52,-0.10200000000000001
105.56,-0.10200000000000001
105.60000000000001,-0.10200000000000001
105.64,-0.1
105.68,-0.10200000000000001
105.72,-0.10400000000000001
105.76,-0.10200000000000001
105.8,-0.10200000000000001
105.84,-0.10600000000000001
105.88,-0.11
105.92,-0.10600000000000001
105.96000000000001,-0.10600000000000001
106.0,-0.10200000000000001
106.04,-0.098
106.08,-0.098
106.12,-0.098
106.16,-0.094
106.2,-0.09
106.24000000000001,-0.098
106.28,-0.10600000000000001
106.32000000000001,-0.1
106.36,-0.092
106.4,-0.096
106.44,-0.10200000000000001
106.48,-0.10200000000000001
106.52,-0.1
106.56,-0.10400000000000001
106.60000000000001,-0.10200000000000001
106.64,-0.10200000000000001
106.68,-0.098
106.72,-0.098
106.76,-0.098
106.8,-0.098
106.84,-0.1
106.88,-0.098
106.92,-0.10200000000000001
106.96000000000001,-0.10200000000000001
107.0,-0.098
107.04,-0.096
107.08,-0.10400000000000001
107.12,-0.10600000000000001
107.16,-0.10600000000000001
107.2,-0.10600000000000001
107.24000000000001,-0.11
107.28,-0.10400000000000001
107.32000000000001,-0.10600000000000001
107.36,-0.10200000000000001
107.4,-0.094
107.44,-0.094
107.48,-0.10400000000000001
107.52,-0.10600000000000001
107.56,-0.098
107.60000000000001,-0.094
107.64,-0.1
107.68,-0.10200000000000001
107.72,-0.098
107.76,-0.1
107.8,-0.10600000000000001
107.84,-0.10200000000000001
107.88,-0.10400000000000001
107.92,-0.10200000000000001
107.96000000000001,-0.098
108.0,-0.098
108.04,-0.10200000000000001
108.08,-0.1
108.12,-0.098
108.16,-0.10400000000000001
108.2,-0.10200000000000001
108.24000000000001,-0.094
108.28,-0.096
108.32000000000001,-0.1
108.36,-0.098
108.4,-0.098
108.44,-0.10600000000000001
108.48,-0.10600000000000001
108.52,-0.10600000000000001
108.56,-0.10600000000000001
108.60000000000001,-0.10600000000000001
108.64,-0.096
108.68,-0.098
108.72,-0.10600000000000001
108.76,-0.10200000000000001
108.8,-0.094
108.84,-0.098
108.88,-0.10200000000000001
108.92,-0.1
108.96000000000001,-0.098
109.0,-0.098
109.04,-0.098
109.08,-0.10400000000000001
109.12,-0.10400000000000001
109.16,-0.10200000000000001
109.2,-0.098
109.24000000000001,-0.10200000000000001
109.28,-0.10200000000000001
109.32000000000001,-0.096
109.36,-0.10200000000000001
109.4,-0.10400000000000001
109.44,-0.098
109.48,-0.094
109.52,-0.10200000000000001
109.56,-0.1
109.60000000000001,-0.092
109.64,-0.094
109.68,-0.10200000000000001
109.72,-0.10200000000000001
109.76,-0.10600000000000001
109.8,-0.11
109.84,-0.10400000000000001
109.88,-0.1
109.92,-0.10600000000000001
109.96000000000001,-0.11
110.0,-0.10200000000000001
110.04,-0.096
110.08,-0.10200000000000001
110.12,-0.10200000000000001
110.16,-0.1
110.2,-0.1
110.24000000000001,-0.098
110.28,-0.098
110.32000000000001,-0.10200000000000001
110.36,-0.10200000000000001
110.4,-0.098
110.44,-0.10200000000000001
110.48,-0.10600000000000001
110.52,-0.098
110.56,-0.098
110.60000000000001,-0.10200000000000001
110.64,-0.10200000000000001
110.68,-0.098
110.72,-0.098
110.76,-0.10200000000000001
110.8,-0.098
110.84,-0.092
110.88,-0.092
110.92,-0.094
110.96000000000001,-0.098
111.0,-0.10200000000000001
111.04,-0.10200000000000001
111.08,-0.1
111.12,-0.10200000000000001
111.16,-0.10800000000000001
111.2,-0.10600000000000001
111.24000000000001,-0.10200000000000001
111.28,-0.1
111.32000000000001,-0.10400000000000001
111.36,-0.10600000000000001
111.4,-0.10200000000000001
111.44,-0.1
111.48,-0.1
111.52,-0.1
111.56,-0.1
111.60000000000001,-0.1
111.64,-0.10200000000000001
111.68,-0.10400000000000001
111.72,-0.10600000000000001
111.76,-0.10400000000000001
111.8,-0.10200000000000001
111.84,-0.10400000000000001
111.88,-0.10200000000000001
111.92,-0.098
111.96000000000001,-0.10400000000000001
112.0,-0.10600000000000001
112.04,-0.10400000000000001
112.08,-0.094
112.12,-0.094
112.16,-0.096
112.2,-0.094
112.24000000000001,-0.096
112.28,-0.098
112.32000000000001,-0.098
112.36,-0.1
112.4,-0.10600000000000001
112.44,-0.10400000000000001
112.48,-0.094
112.52,-0.096
112.56,-0.10600000000000001
112.60000000000001,-0.10600000000000001
112.64,-0.10200000000000001
112.68,-0.10200000000000001
112.72,-0.10200000000000001
112.76,-0.1
112.8,-0.094
112.84,-0.098
112.88,-0.1
112.92,-0.10200000000000001
112.96000000000001,-0.10400000000000001
113.0,-0.10200000000000001
113.04,-0.098
113.08,-0.10400000000000001
113.12,-0.10200000000000001
113.16,-0.098
113.2,-0.10600000000000001
113.24000000000001,-0.112
113.28,-0.10600000000000001
113.32000000000001,-0.098
113.36,-0.10200000000000001
113.4,-0.10200000000000001
113.44,-0.096
113.48,-0.096
113.52,-0.098
113.56,-0.094
113.60000000000001,-0.098
113.64,-0.10600000000000001
113.68,-0.10200000000000001
113.72,-0.094
113.76,-0.10200000000000001
113.8,-0.10600000000000001
113.84,-0.10400000000000001
113.88,-0.10200000000000001
113.92,-0.10400000000000001
113.96000000000001,-0.10400000000000001
114.0,-0.1
114.04,-0.1
114.08,-0.098
114.12,-0.096
114.16,-0.10400000000000001
114.2,-0.10400000000000001
114.24000000000001,-0.098
114.28,-0.1
114.32000000000001,-0.10400000000000001
114.36,-0.098
114.4,-0.096
114.44,-0.10600000000000001
114.48,-0.10800000000000001
114.52,-0.1
114.56,-0.10200000000000001
114.60000000000001,-0.10600000000000001
114.64,-0.10200000000000001
114.68,-0.098
114.72,-0.098
114.76,-0.094
114.8,-0.092
114.84,-0.10200000000000001
114.88,-0.10200000000000001
114.92,-0.094
114.96000000000001,-0.094
115.0,-0.10200000000000001
115.04,-0.10200000000000001
115.08,-0.1
115.12,-0.10400000000000001
115.16,-0.10400000000000001
115.2,-0.10200000000000001
115.24000000000001,-0.10400000000000001
115.28,-0.10200000000000001
115.32000000000001,-0.094
115.36,-0.1
115.4,-0.10400000000000001
115.44,-0.098
115.48,-0.098
115.52,-0.10400000000000001
115.56,-0.10200000000000001
115.60000000000001,-0.094
115.64,-0.098
115.68,-0.10600000000000001
115.72,-0.10200000000000001
115.76,-0.1
115.8,-0.10600000000000001
115.84,-0.10800000000000001
115.88,-0.10600000000000001
115.92,-0.10600000000000001
115.96000000000001,-0.10400000000000001
116.0,-0.096
116.04,-0.098
116.08,-0.10600000000000001
116.12,-0.10200000000000001
116.16,-0.092
116.2,-0.098
116.24000000000001,-0.098
116.28,-0.098
116.32000000000001,-0.098
116.36,-0.098
116.4,-0.10200000000000001
116.44,-0.10400000000000001
116.48,-0.10600000000000001
116.52,-0.098
116.56,-0.098
116.60000000000001,-0.10400000000000001
116.64,-0.10200000000000001
116.68,-0.094
116.72,-0.096
116.76,-0.10400000000000001
116.8,-0.098
116.84,-0.096
116.88,-0.1
116.92,-0.10200000000000001
116.96000000000001,-0.094
117.0,-0.094
117.04,-0.10200000000000001
117.08,-0.10600000000000001
117.12,-0.10600000000000001
117.16,-0.10600000000000001
117.2,-0.10400000000000001
117.24000000000001,-0.10200000000000001
117.28,-0.10400000000000001
117.32000000000001,-0.10600000000000001
117.36,-0.10200000000000001
117.4,-0.098
117.44,-0.10200000000000001
117.48,-0.10200000000000001
117.52,-0.098
117.56,-0.096
117.60000000000001,-0.096
117.64,-0.1
117.68,-0.10400000000000001
117.72,-0.10400000000000001
117.76,-0.10200000000000001
117.8,-0.10200000000000001
117.84,-0.10400000000000001
117.88,-0.1
117.92,-0.098
117.96000000000001,-0.098
118.0,-0.10400000000000001
118.04,-0.10200000000000001
118.08,-0.098
118.12,-0.10200000000000001
118.16,-0.10200000000000001
118.2,-0.092
118.24000000000001,-0.09
118.28,-0.1
118.32000000000001,-0.10400000000000001
118.36,-0.10400000000000001
118.4,-0.10200000000000001
118.44,-0.10200000000000001
118.48,-0.10400000000000001
118.52,-0.10400000000000001
118.56,-0.10600000000000001
118.60000000000001,-0.10200000000000001
118.64,-0.098
118.68,-0.10400000000000001
118.72,-0.10600000000000001
118.76,-0.098
118.8,-0.092
118.84,-0.098
118.88,-0.098
118.92,-0.098
118.96000000000001,-0.10200000000000001
119.0,-0.10200000000000001
119.04,-0.10200000000000001
119.08,-0.10400000000000001
119.12,-0.10200000000000001
119.16,-0.098
119.2,-0.098
119.24000000000001,-0.10400000000000001
119.28,-0.10200000000000001
119.32000000000001,-0.098
119.36,-0.10400000000000001
119.4,-0.10400000000000001
119.44,-0.09
119.48,-0.09
119.52,-0.10200000000000001
119.56,-0.10200000000000001
119.60000000000001,-0.098
119.64,-0.1
119.68,-0.10200000000000001
119.72,-0.10200000000000001
119.76,-0.10400000000000001
119.8,-0.10600000000000001
119.84,-0.10200000000000001
119.88,-0.10400000000000001
119.92,-0.11
119.96000000000001,-0.10600000000000001
120.0,-0.1
120.04,-0.098
120.08,-0.10200000000000001
120.12,-0.098
120.16,-0.098
120.2,-0.10200000000000001
120.24000000000001,-0.1
120.28,-0.10200000000000001
120.32000000000001,-0.10600000000000001
120.36,-0.1
120.4,-0.098
120.44,-0.10200000000000001
120.48,-0.10400000000000001
120.52,-0.098
120.56,-0.10200000000000001
120.60000000000001,-0.10600000000000001
120.64,-0.1
120.68,-0.092
120.72,-0.096
120.76,-0.10200000000000001
120.8,-0.096
120.84,-0.096
120.88,-0.096
120.92,-0.098
120.96000000000001,-0.098
121.0,-0.10400000000000001
121.04,-0.1
121.08,-0.098
121.12,-0.10400000000000001
121.16,-0.10800000000000001
121.2,-0.10400000000000001
121.24000000000001,-0.10400000000000001
121.28,-0.10400000000000001
121.32000000000001,-0.10200000000000001
121.36,-0.10200000000000001
121.4,-0.098
121.44,-0.098
121.48,-0.098
121.52,-0.10400000000000001
121.56,-0.10400000000000001
121.60000000000001,-0.1
121.64,-0.098
121.68,-0.10600000000000001
121.72,-0.10400000000000001
121.76,-0.1
121.8,-0.10400000000000001
121.84,-0.10600000000000001
121.88,-0.10200000000000001
121.92,-0.098
121.96000000000001,-0.10200000000000001
122.0,-0.10400000000000001
122.04,-0.098
122.08,-0.094
122.12,-0.096
122.16,-0.098
122.2,-0.1
122.24000000000001,-0.1
122.28,-0.096
122.32000000000001,-0.096
122.36,-0.1
122.4,-0.10400000000000001
122.44,-0.10200000000000001
122.48,-0.10400000000000001
122.52,-0.10600000000000001
122.56,-0.10600000000000001
122.60000000000001,-0.10200000000000001
122.64,-0.094
122.68,-0.092
122.72,-0.096
122.76,-0.1
122.8,-0.1
122.84,-0.098
122.88,-0.098
122.92,-0.10400000000000001
122.96000000000001,-0.10200000000000001
123.0,-0.098
123.04,-0.10200000000000001
123.08,-0.10600000000000001
123.12,-0.10200000000000001
123.16,-0.10200000000000001
123.2,-0.10600000000000001
123.24000000000001,-0.10600000000000001
123.28,-0.098
123.32000000000001,-0.094
123.36,-0.098
123.4,-0.10200000000000001
123.44,-0.1
123.48,-0.098
123.52,-0.096
123.56,-0.094
123.60000000000001,-0.098
123.64,-0.10200000000000001
123.68,-0.096
123.72,-0.10200000000000001
123.76,-0.10600000000000001
123.8,-0.10800000000000001
123.84,-0.10400000000000001
123.88000000000001,-0.10400000000000001
123.92,-0.1
123.96000000000001,-0.098
124.0,-0.10400000000000001
124.04,-0.10200000000000001
124.08,-0.096
124.12,-0.098
124.16,-0.10400000000000001
124.2,-0.10200000000000001
124.24000000000001,-0.098
124.28,-0.10400000000000001
124.32000000000001,-0.10400000000000001
124.36,-0.098
124.4,-0.10200000000000001
124.44,-0.11
124.48,-0.10600000000000001
124.52,-0.098
124.56,-0.1
124.60000000000001,-0.10200000000000001
124.64,-0.10200000000000001
124.68,-0.10200000000000001
124.72,-0.1
124.76,-0.096
124.8,-0.096
124.84,-0.098
124.88000000000001,-0.096
124.92,-0.092
124.96000000000001,-0.096
125.0,-0.10200000000000001
125.04,-0.10200000000000001
125.08,-0.10200000000000001
125.12,-0.10400000000000001
125.16,-0.10200000000000001
125.2,-0.098
125.24000000000001,-0.10400000000000001
125.28,-0.1
125.32000000000001,-0.094
125.36,-0.098
125.4,-0.10200000000000001
125.44,-0.098
125.48,-0.098
125.52,-0.10200000000000001
125.56,-0.098
125.60000000000001,-0.094
125.64,-0.10400000000000001
125.68,-0.112
125.72,-0.10600000000000001
125.76,-0.1
125.8,-0.10400000000000001
125.84,-0.10600000000000001
125.88000000000001,-0.10600000000000001
125.92,-0.10400000000000001
125.96000000000001,-0.10400000000000001
126.0,-0.10200000000000001
126.04,-0.10400000000000001
126.08,-0.10400000000000001
126.12,-0.098
126.16,-0.096
126.2,-0.094
126.24000000000001,-0.098
126.28,-0.098
126.32000000000001,-0.1
126.36,-0.10200000000000001
126.4,-0.10200000000000001
126.44,-0.10400000000000001
126.48,-0.10400000000000001
126.52,-0.10200000000000001
126.56,-0.098
126.60000000000001,-0.1
126.64,-0.10200000000000001
126.68,-0.098
126.72,-0.098
126.76,-0.098
126.8,-0.098
126.84,-0.094
126.88000000000001,-0.098
126.92,-0.10400000000000001
126.96000000000001,-0.10200000000000001
127.0,-0.098
127.04,-0.10400000000000001
127.08,-0.10600000000000001
127.12,-0.10400000000000001
127.16,-0.10200000000000001
127.2,-0.10200000000000001
127.24000000000001,-0.10400000000000001
127.28,-0.10400000000000001
127.32000000000001,-0.10400000000000001
127.36,-0.10400000000000001
127.4,-0.098
127.44,-0.098
127.48,-0.098
127.52,-0.096
127.56,-0.096
127.60000000000001,-0.1
127.64,-0.10400000000000001
127.68,-0.10600000000000001
127.72,-0.10400000000000001
127.76,-0.10200000000000001
127.8,-0.098
127.84,-0.10200000000000001
127.88000000000001,-0.10400000000000001
127.92,-0.10200000000000001
127.96000000000001,-0.098
128.0,-0.10200000000000001
128.04,-0.098
128.08,-0.092
128.12,-0.098
128.16,-0.10200000000000001
128.2,-0.096
128.24,-0.098
128.28,-0.10400000000000001
128.32,-0.10600000000000001
128.36,-0.10200000000000001
128.4,-0.10200000000000001
128.44,-0.10200000000000001
128.48,-0.1
128.52,-0.10400000000000001
128.56,-0.10600000000000001
128.6,-0.10400000000000001
128.64000000000001,-0.10200000000000001
128.68,-0.10600000000000001
128.72,-0.10200000000000001
128.76,-0.094
128.8,-0.096
128.84,-0.098
128.88,-0.098
128.92000000000002,-0.10400000000000001
128.96,-0.10400000000000001
129.0,-0.098
129.04,-0.098
129.08,-0.10400000000000001
129.12,-0.10400000000000001
129.16,-0.098
129.2,-0.10200000000000001
129.24,-0.10400000000000001
129.28,-0.098
129.32,-0.096
129.36,-0.098
129.4,-0.096
129.44,-0.09
129.48,-0.094
129.52,-0.10200000000000001
129.56,-0.10200000000000001
129.6,-0.10200000000000001
129.64000000000001,-0.10200000000000001
129.68,-0.1
129.72,-0.10200000000000001
129.76,-0.10400000000000001
129.8,-0.10200000000000001
129.84,-0.10200000000000001
129.88,-0.10600000000000001
129.92000000000002,-0.10800000000000001
129.96,-0.10600000000000001
130.0,-0.1
130.04,-0.1
130.08,-0.098
130.12,-0.1
130.16,-0.10400000000000001
130.2,-0.1
130.24,-0.096
130.28,-0.10200000000000001
130.32,-0.10600000000000001
130.36,-0.10200000000000001
130.4,-0.10200000000000001
130.44,-0.10600000000000001
130.48,-0.10400000000000001
130.52,-0.1
130.56,-0.10400000000000001
130.6,-0.10400000000000001
130.64000000000001,-0.096
130.68,-0.092
130.72,-0.096
130.76,-0.098
130.8,-0.098
130.84,-0.098
130.88,-0.098
130.92000000000002,-0.098
130.96,-0.098
131.0,-0.1
131.04,-0.096
131.08,-0.098
131.12,-0.10400000000000001
131.16,-0.10400000000000001
131.2,-0.10400000000000001
131.24,-0.10200000000000001
131.28,-0.10200000000000001
131.32,-0.098
131.36,-0.10200000000000001
131.4,-0.10200000000000001
131.44,-0.098
131.48,-0.096
131.52,-0.098
131.56,-0.10400000000000001
131.6,-0.10200000000000001
131.64000000000001,-0.1
131.68,-0.10400000000000001
131.72,-0.10600000000000001
131.76,-0.10600000000000001
131.8,-0.10800000000000001
131.84,-0.11
131.88,-0.10400000000000001
131.92000000000002,-0.098
131.96,-0.098
132.0,-0.1
132.04,-0.094
132.08,-0.096
132.12,-0.1
132.16,-0.10200000000000001
132.2,-0.098
132.24,-0.1
132.28,-0.098
132.32,-0.096
132.36,-0.10200000000000001
132.4,-0.10400000000000001
132.44,-0.10200000000000001
132.48,-0.10400000000000001
132.52,-0.10400000000000001
132.56,-0.10200000000000001
132.6,-0.10200000000000001
132.64000000000001,-0.10200000000000001
132.68,-0.098
132.72,-0.096
132.76,-0.1
132.8,-0.10400000000000001
132.84,-0.098
132.88,-0.096
132.92000000000002,-0.10200000000000001
132.96,-0.10200000000000001
133.0,-0.1
133.04,-0.10600000000000001
133.08,-0.11
133.12,-0.10400000000000001
133.16,-0.10200000000000001
133.2,-0.10400000000000001
133.24,-0.10200000000000001
133.28,-0.096
133.32,-0.098
133.36,-0.1
133.4,-0.10200000000000001
133.44,-0.1
133.48,-0.1
133.52,-0.098
133.56,-0.098
133.6,-0.1
133.64000000000001,-0.10200000000000001
133.68,-0.098
133.72,-0.10200000000000001
133.76,-0.10400000000000001
133.8,-0.10400000000000001
133.84,-0.10400000000000001
133.88,-0.10400000000000001
133.92000000000002,-0.096
133.96,-0.098
134.0,-0.10400000000000001
134.04,-0.10400000000000001
134.08,-0.096
134.12,-0.098
134.16,-0.1
134.2,-0.096
134.24,-0.098
134.28,-0.10400000000000001
134.32,-0.10600000000000001
134.36,-0.10400000000000001
134.4,-0.11
134.44,-0.10800000000000001
134.48,-0.10200000000000001
134.52,-0.1
134.56,-0.10400000000000001
134.6,-0.10400000000000001
134.64000000000001,-0.10200000000000001
134.68,-0.10200000000000001
134.72,-0.098
134.76,-0.098
134.8,-0.1
134.84,-0.1
134.88,-0.096
134.92000000000002,-0.096
134.96,-0.1
135.0,-0.1
135.04,-0.10200000000000001
135.08,-0.10400000000000001
135.12,-0.1
135.16,-0.094
135.2,-0.1
135.24,-0.10600000000000001
135.28,-0.10200000000000001
135.32,-0.096
135.36,-0.1
135.4,-0.098
135.44,-0.094
135.48,-0.094
135.52,-0.098
135.56,-0.098
135.6,-0.10200000000000001
135.64000000000001,-0.10600000000000001
135.68,-0.10600000000000001
135.72,-0.10400000000000001
135.76,-0.10400000000000001
135.8,-0.10600000000000001
135.84,-0.10400000000000001
135.88,-0.10400000000000001
135.92000000000002,-0.10400000000000001
135.96,-0.10200000000000001
136.0,-0.10200000000000001
136.04,-0.10400000000000001
136.08,-0.10200000000000001
136.12,-0.098
136.16,-0.098
136.2,-0.098
136.24,-0.1
136.28,-0.10400000000000001
136.32,-0.10600000000000001
136.36,-0.098
136.4,-0.098
136.44,-0.10400000000000001
136.48,-0.10600000000000001
136.52,-0.10200000000000001
136.56,-0.098
136.6,-0.10400000000000001
136.64000000000001,-0.10200000000000001
136.68,-0.096
136.72,-0.096
136.76,-0.094
136.8,-0.094
136.84,-0.094
136.88,-0.098
136.92000000000002,-0.1
136.96,-0.098
137.0,-0.10200000000000001
137.04,-0.10400000000000001
137.08,-0.10200000000000001
137.12,-0.10400000000000001
137.16,-0.10200000000000001
137.20000000000002,-0.10200000000000001
137.24,-0.10200000000000001
137.28,-0.10400000000000001
137.32,-0.10200000000000001
137.36,-0.098
137.4,-0.098
137.44,-0.098
137.48,-0.098
137.52,-0.10400000000000001
137.56,-0.10400000000000001
137.6,-0.096
137.64000000000001,-0.096
137.68,-0.10600000000000001
137.72,-0.10400000000000001
137.76,-0.098
137.8,-0.10200000000000001
137.84,-0.10800000000000001
137.88,-0.10600000000000001
137.92000000000002,-0.10200000000000001
137.96,-0.10200000000000001
138.0,-0.10200000000000001
138.04,-0.094
138.08,-0.098
138.12,-0.098
138.16,-0.094
138.20000000000002,-0.098
138.24,-0.10200000000000001
138.28,-0.10200000000000001
138.32,-0.10200000000000001
138.36,-0.10400000000000001
138.4,-0.10200000000000001
138.44,-0.1
138.48,-0.10600000000000001
138.52,-0.10800000000000001
138.56,-0.10400000000000001
138.6,-0.098
138.64000000000001,-0.1
138.68,-0.098
138.72,-0.098
138.76,-0.10400000000000001
138.8,-0.10200000000000001
138.84,-0.096
138.88,-0.1
138.92000000000002,-0.10600000000000001
138.96,-0.098
139.0,-0.094
139.04,-0.10200000000000001
139.08,-0.10600000000000001
139.12,-0.10200000000000001
139.16,-0.10200000000000001
139.20000000000002,-0.10400000000000001
139.24,-0.10200000000000001
139.28,-0.098
139.32,-0.098
139.36,-0.096
139.4,-0.094
139.44,-0.098
139.48,-0.098
139.52,-0.096
139.56,-0.098
139.6,-0.098
139.64000000000001,-0.094
139.68,-0.098
139.72,-0.10800000000000001
139.76,-0.10600000000000001
139.8,-0.10200000000000001
139.84,-0.10400000000000001
139.88,-0.10200000000000001
139.92000000000002,-0.098
139.96,-0.10200000000000001
140.0,-0.10400000000000001
140.04,-0.10200000000000001
140.08,-0.098
140.12,-0.10400000000000001
140.16,-0.10400000000000001
140.20000000000002,-0.096
140.24,-0.096
140.28,-0.10200000000000001
140.32,-0.10400000000000001
140.36,-0.10400000000000001
140.4,-0.10400000000000001
140.44,-0.10600000000000001
140.48,-0.10600000000000001
140.52,-0.10400000000000001
140.56,-0.10200000000000001
140.6,-0.098
140.64000000000001,-0.1
140.68,-0.10200000000000001
140.72,-0.1
140.76,-0.098
140.8,-0.096
140.84,-0.094
140.88,-0.092
140.92000000000002,-0.098
140.96,-0.10400000000000001
141.0,-0.10200000000000001
141.04,-0.098
141.08,-0.10200000000000001
141.12,-0.10200000000000001
141.16,-0.098
141.20000000000002,-0.10200000000000001
141.24,-0.10200000000000001
141.28,-0.098
141.32,-0.098
141.36,-0.10400000000000001
141.4,-0.10200000000000001
141.44,-0.094
141.48,-0.096
141.52,-0.10200000000000001
141.56,-0.10200000000000001
141.6,-0.098
141.64000000000001,-0.10200000000000001
141.68,-0.10600000000000001
141.72,-0.10600000000000001
141.76,-0.10600000000000001
141.8,-0.10600000000000001
141.84,-0.10400000000000001
141.88,-0.10400000000000001
141.92000000000002,-0.10600000000000001
141.96,-0.10400000000000001
142.0,-0.10200000000000001
142.04,-0.10200000000000001
142.08,-0.098
142.12,-0.094
142.16,-0.098
142.20000000000002,-0.10200000000000001
142.24,-0.098
142.28,-0.098
142.32,-0.10200000000000001
142.36,-0.10400000000000001
142.4,-0.1
142.44,-0.10200000000000001
142.48,-0.10200000000000001
142.52,-0.094
142.56,-0.10200000000000001
142.6,-0.10600000000000001
142.64000000000001,-0.10200000000000001
142.68,-0.094
142.72,-0.1
142.76,-0.10400000000000001
142.8,-0.096
142.84,-0.094
142.88,-0.098
142.92000000000002,-0.1
142.96,-0.10200000000000001
143.0,-0.10400000000000001
143.04,-0.10200000000000001
143.08,-0.1
143.12,-0.10600000000000001
143.16,-0.10600000000000001
143.20000000000002,-0.10400000000000001
143.24,-0.10400000000000001
143.28,-0.10600000000000001
143.32,-0.098
143.36,-0.096
143.4,-0.10200000000000001
143.44,-0.098
143.48,-0.092
143.52,-0.096
143.56,-0.10200000000000001
143.6,-0.10200000000000001
143.64000000000001,-0.10400000000000001
143.68,-0.10400000000000001
143.72,-0.098
143.76,-0.096
143.8,-0.10400000000000001
143.84,-0.10600000000000001
143.88,-0.098
143.92000000000002,-0.098
143.96,-0.10600000000000001
144.0,-0.10600000000000001
144.04,-0.096
144.08,-0.096
144.12,-0.098
144.16,-0.098
144.20000000000002,-0.10200000000000001
144.24,-0.10200000000000001
144.28,-0.096
144.32,-0.10200000000000001
144.36,-0.10600000000000001
144.4,-0.10200000000000001
144.44,-0.10400000000000001
144.48,-0.11
144.52,-0.10800000000000001
144.56,-0.10200000000000001
144.6,-0.10400000000000001
144.64000000000001,-0.10600000000000001
144.68,-0.098
144.72,-0.092
144.76,-0.098
144.8,-0.098
144.84,-0.098
144.88,-0.10400000000000001
144.92000000000002,-0.10200000000000001
144.96,-0.096
145.0,-0.098
145.04,-0.10400000000000001
145.08,-0.098
145.12,-0.098
145.16,-0.10200000000000001
145.20000000000002,-0.10600000000000001
145.24,-0.10200000000000001
145.28,-0.098
145.32,-0.098
145.36,-0.098
145.4,-0.098
145.44,-0.098
145.48,-0.096
145.52,-0.094
145.56,-0.1
145.6,-0.098
145.64000000000001,-0.096
145.68,-0.1
145.72,-0.10400000000000001
145.76,-0.10200000000000001
145.8,-0.10400000000000001
145.84,-0.11
145.88,-0.11
145.92000000000002,-0.10400000000000001
145.96,-0.098
146.0,-0.098
146.04,-0.10200000000000001
146.08,-0.10200000000000001
146.12,-0.10200000000000001
146.16,-0.1
146.20000000000002,-0.1
146.24,-0.10200000000000001
146.28,-0.10400000000000001
146.32,-0.098
146.36,-0.098
146.4,-0.10400000000000001
146.44,-0.10600000000000001
146.48,-0.10400000000000001
146.52,-0.1
146.56,-0.1
146.6,-0.10400000000000001
146.64000000000001,-0.1
146.68,-0.098
146.72,-0.098
146.76,-0.098
146.8,-0.098
146.84,-0.098
146.88,-0.096
146.92000000000002,-0.094
146.96,-0.098
147.0,-0.098
147.04,-0.098
147.08,-0.10600000000000001
147.12,-0.11
147.16,-0.10200000000000001
147.20000000000002,-0.098
147.24,-0.10400000000000001
147.28,-0.10400000000000001
147.32,-0.098
147.36,-0.098
147.4,-0.10200000000000001
147.44,-0.098
147.48,-0.10200000000000001
147.52,-0.10400000000000001
147.56,-0.098
147.6,-0.098
147.64000000000001,-0.10600000000000001
147.68,-0.10600000000000001
147.72,-0.1
147.76,-0.1
147.8,-0.10600000000000001
147.84,-0.10600000000000001
147.88,-0.10200000000000001
147.92000000000002,-0.10200000000000001
147.96,-0.10200000000000001
148.0,-0.10200000000000001
148.04,-0.10200000000000001
148.08,-0.10200000000000001
148.12,-0.096
148.16,-0.094
148.20000000000002,-0.098
148.24,-0.094
148.28,-0.094
148.32,-0.10400000000000001
148.36,-0.10400000000000001
148.4,-0.096
148.44,-0.10200000000000001
148.48,-0.10800000000000001
148.52,-0.10400000000000001
148.56,-0.098
148.6,-0.10200000000000001
148.64000000000001,-0.1
148.68,-0.098
148.72,-0.10200000000000001
148.76,-0.10200000000000001
148.8,-0.096
148.84,-0.098
148.88,-0.10400000000000001
148.92000000000002,-0.098
148.96,-0.092
149.0,-0.10200000000000001
149.04,-0.112
149.08,-0.10600000000000001
149.12,-0.10400000000000001
149.16,-0.10200000000000001
149.20000000000002,-0.098
149.24,-0.10200000000000001
149.28,-0.10600000000000001
149.32,-0.10200000000000001
149.36,-0.1
149.4,-0.10200000000000001
149.44,-0.098
149.48,-0.092
149.52,-0.096
149.56,-0.10200000000000001
149.6,-0.094
149.64000000000001,-0.094
149.68,-0.10400000000000001
149.72,-0.10600000000000001
149.76,-0.10200000000000001
149.8,-0.10200000000000001
149.84,-0.10200000000000001
149.88,-0.1
149.92000000000002,-0.10200000000000001
149.96,-0.10400000000000001
150.0,-0.1
150.04,-0.098
150.08,-0.10400000000000001
150.12,-0.10200000000000001
150.16,-0.096
150.20000000000002,-0.094
150.24,-0.1
150.28,-0.10600000000000001
150.32,-0.10600000000000001
150.36,-0.10400000000000001
150.4,-0.10200000000000001
150.44,-0.10200000000000001
150.48,-0.10400000000000001
150.52,-0.10400000000000001
150.56,-0.10200000000000001
150.6,-0.10600000000000001
150.64000000000001,-0.10600000000000001
150.68,-0.10200000000000001
150.72,-0.098
150.76,-0.10200000000000001
150.8,-0.098
150.84,-0.09
150.88,-0.092
150.92000000000002,-0.1
150.96,-0.10200000000000001
151.0,-0.098
151.04,-0.098
151.08,-0.10200000000000001
151.12,-0.1
151.16,-0.10200000000000001
151.20000000000002,-0.10200000000000001
151.24,-0.098
151.28,-0.10200000000000001
151.32,-0.10400000000000001
151.36,-0.10200000000000001
151.4,-0.094
151.44,-0.094
151.48,-0.098
151.52,-0.10200000000000001
151.56,-0.10200000000000001
151.6,-0.1
151.64000000000001,-0.10200000000000001
151.68,-0.10400000000000001
151.72,-0.10400000000000001
151.76,-0.10200000000000001
151.8,-0.10200000000000001
151.84,-0.10600000000000001
151.88,-0.10800000000000001
151.92000000000002,-0.10400000000000001
151.96,-0.10400000000000001
152.0,-0.11
152.04,-0.10200000000000001
152.08,-0.094
152.12,-0.094
152.16,-0.10400000000000001
152.20000000000002,-0.098
152.24,-0.094
152.28,-0.1
152.32,-0.10200000000000001
152.36,-0.1
152.4,-0.1
152.44,-0.10200000000000001
152.48,-0.10200000000000001
152.52,-0.10200000000000001
152.56,-0.10600000000000001
152.6,-0.10200000000000001
152.64000000000001,-0.094
152.68,-0.098
152.72,-0.1
152.76,-0.096
152.8,-0.094
152.84,-0.098
152.88,-0.098
152.92000000000002,-0.1
152.96,-0.10200000000000001
153.0,-0.1
153.04,-0.1
153.08,-0.10200000000000001
153.12,-0.10400000000000001
153.16,-0.10200000000000001
153.20000000000002,-0.10600000000000001
153.24,-0.11
153.28,-0.10400000000000001
153.32,-0.096
153.36,-0.10200000000000001
153.4,-0.10600000000000001
153.44,-0.096
153.48,-0.094
153.52,-0.10200000000000001
153.56,-0.10200000000000001
153.6,-0.098
153.64000000000001,-0.098
153.68,-0.1
153.72,-0.10200000000000001
153.76,-0.10400000000000001
153.8,-0.10600000000000001
153.84,-0.10200000000000001
153.88,-0.1
153.92000000000002,-0.10600000000000001
153.96,-0.10400000000000001
154.0,-0.098
154.04,-0.094
154.08,-0.096
154.12,-0.098
154.16,-0.1
154.20000000000002,-0.10200000000000001
154.24,-0.1
154.28,-0.098
154.32,-0.1
154.36,-0.098
154.4,-0.098
154.44,-0.10400000000000001
154.48,-0.10600000000000001
154.52,-0.10400000000000001
154.56,-0.10200000000000001
154.6,-0.10600000000000001
154.64000000000001,-0.10600000000000001
154.68,-0.098
154.72,-0.096
154.76,-0.10200000000000001
154.8,-0.10200000000000001
154.84,-0.096
154.88,-0.098
154.92000000000002,-0.1
154.96,-0.098
155.0,-0.1
155.04,-0.10200000000000001
155.08,-0.098
155.12,-0.10200000000000001
155.16,-0.10600000000000001
155.20000000000002,-0.10600000000000001
155.24,-0.10200000000000001
155.28,-0.096
155.32,-0.098
155.36,-0.098
155.4,-0.096
155.44,-0.098
155.48,-0.098
155.52,-0.098
155.56,-0.098
155.6,-0.098
155.64000000000001,-0.098
155.68,-0.10200000000000001
155.72,-0.10200000000000001
155.76,-0.10200000000000001
155.8,-0.10400000000000001
155.84,-0.11
155.88,-0.10600000000000001
155.92000000000002,-0.098
155.96,-0.10200000000000001
156.0,-0.10600000000000001
156.04,-0.10400000000000001
156.08,-0.098
156.12,-0.10200000000000001
156.16,-0.10200000000000001
156.20000000000002,-0.098
156.24,-0.098
156.28,-0.098
156.32,-0.096
156.36,-0.10200000000000001
156.4,-0.10800000000000001
156.44,-0.10600000000000001
156.48,-0.10200000000000001
156.52,-0.10200000000000001
156.56,-0.10200000000000001
156.6,-0.098
156.64000000000001,-0.098
156.68,-0.10200000000000001
156.72,-0.096
156.76,-0.096
156.8,-0.098
156.84,-0.096
156.88,-0.096
156.92000000000002,-0.098
156.96,-0.096
157.0,-0.094
157.04,-0.10200000000000001
157.08,-0.10600000000000001
157.12,-0.1
157.16,-0.098
157.20000000000002,-0.10600000000000001
157.24,-0.10600000000000001
157.28,-0.10200000000000001
157.32,-0.10200000000000001
157.36,-0.10400000000000001
157.4,-0.10400000000000001
157.44,-0.10400000000000001
157.48,-0.10200000000000001
157.52,-0.096
157.56,-0.094
157.6,-0.1
157.64000000000001,-0.10400000000000001
157.68,-0.10200000000000001
157.72,-0.10400000000000001
157.76,-0.10600000000000001
157.8,-0.10600000000000001
157.84,-0.10400000000000001
157.88,-0.10600000000000001
157.92000000000002,-0.10200000000000001
157.96,-0.098
158.0,-0.10200000000000001
158.04,-0.1
158.08,-0.098
158.12,-0.1
158.16,-0.1
158.20000000000002,-0.094
158.24,-0.094
158.28,-0.10200000000000001
158.32,-0.10200000000000001
158.36,-0.096
158.4,-0.098
158.44,-0.10600000000000001
158.48,-0.10400000000000001
158.52,-0.098
158.56,-0.098
158.6,-0.10200000000000001
158.64000000000001,-0.10400000000000001
158.68,-0.10400000000000001
158.72,-0.10200000000000001
158.76,-0.098
158.8,-0.098
158.84,-0.098
158.88,-0.098
158.92000000000002,-0.096
158.96,-0.094
159.0,-0.10200000000000001
159.04,-0.10400000000000001
159.08,-0.10600000000000001
159.12,-0.10600000000000001
159.16,-0.10400000000000001
159.20000000000002,-0.10200000000000001
159.24,-0.10200000000000001
159.28,-0.10200000000000001
159.32,-0.10200000000000001
159.36,-0.10400000000000001
159.4,-0.10200000000000001
159.44,-0.098
159.48,-0.096
159.52,-0.098
159.56,-0.098
159.6,-0.094
159.64000000000001,-0.098
159.68,-0.10600000000000001
159.72,-0.10400000000000001
159.76,-0.096
159.8,-0.098
159.84,-0.10400000000000001
159.88,-0.10400000000000001
159.92000000000002,-0.10200000000000001
159.96,-0.10400000000000001
160.0,-0.10400000000000001
160.04,-0.10200000000000001
160.08,-0.10400000000000001
160.12,-0.10200000000000001
160.16,-0.094
160.20000000000002,-0.094
160.24,-0.1
160.28,-0.10200000000000001
160.32,-0.10200000000000001
160.36,-0.10600000000000001
160.4,-0.10400000000000001
160.44,-0.10200000000000001
160.48,-0.10400000000000001
160.52,-0.10400000000000001
160.56,-0.10200000000000001
160.6,-0.10400000000000001
160.64000000000001,-0.10600000000000001
160.68,-0.1
160.72,-0.098
160.76,-0.10200000000000001
160.8,-0.094
160.84,-0.09
160.88,-0.098
160.92000000000002,-0.10400000000000001
160.96,-0.098
161.0,-0.092
161.04,-0.10200000000000001
161.08,-0.10400000000000001
161.12,-0.098
161.16,-0.098
161.20000000000002,-0.10200000000000001
161.24,-0.1
161.28,-0.10400000000000001
161.32,-0.10600000000000001
161.36,-0.10200000000000001
161.4,-0.096
161.44,-0.098
161.48,-0.098
161.52,-0.096
161.56,-0.098
161.6,-0.10400000000000001
161.64000000000001,-0.10200000000000001
161.68,-0.10200000000000001
161.72,-0.10600000000000001
161.76,-0.10400000000000001
161.8,-0.10200000000000001
161.84,-0.10600000000000001
161.88,-0.10600000000000001
161.92000000000002,-0.10200000000000001
161.96,-0.10400000000000001
162.0,-0.10600000000000001
162.04,-0.098
162.08,-0.096
162.12,-0.10400000000000001
162.16,-0.10200000000000001
162.20000000000002,-0.094
162.24,-0.096
162.28,-0.10400000000000001
162.32,-0.10200000000000001
162.36,-0.1
162.4,-0.098
162.44,-0.098
162.48,-0.098
162.52,-0.10200000000000001
162.56,-0.10600000000000001
162.6,-0.10200000000000001
162.64000000000001,-0.10200000000000001
162.68,-0.10200000000000001
162.72,-0.098
162.76,-0.098
162.8,-0.098
162.84,-0.094
162.88,-0.094
162.92000000000002,-0.1
162.96,-0.10200000000000001
163.0,-0.10200000000000001
163.04,-0.10200000000000001
163.08,-0.10400000000000001
163.12,-0.10200000000000001
163.16,-0.10200000000000001
163.20000000000002,-0.10600000000000001
163.24,-0.10400000000000001
163.28,-0.10200000000000001
163.32,-0.10400000000000001
163.36,-0.10400000000000001
163.4,-0.10200000000000001
163.44,-0.094
163.48,-0.096
163.52,-0.10200000000000001
163.56,-0.10400000000000001
163.6,-0.10200000000000001
163.64000000000001,-0.098
163.68,-0.098
163.72,-0.098
163.76,-0.098
163.8,-0.10200000000000001
163.84,-0.10400000000000001
163.88,-0.10200000000000001
163.92000000000002,-0.10400000000000001
163.96,-0.10400000000000001
164.0,-0.10200000000000001
164.04,-0.098
164.08,-0.096
164.12,-0.094
164.16,-0.096
164.20000000000002,-0.1
164.24,-0.1
164.28,-0.1
164.32,-0.10200000000000001
164.36,-0.10200000000000001
164.4,-0.10200000000000001
164.44,-0.10400000000000001
164.48,-0.10200000000000001
164.52,-0.10400000000000001
164.56,-0.10600000000000001
164.6,-0.11
164.64000000000001,-0.10200000000000001
164.68,-0.094
164.72,-0.098
164.76,-0.10400000000000001
164.8,-0.1
164.84,-0.098
164.88,-0.10200000000000001
164.92000000000002,-0.1
164.96,-0.098
165.0,-0.098
165.04,-0.098
165.08,-0.098
165.12,-0.098
165.16,-0.10400000000000001
165.20000000000002,-0.10600000000000001
165.24,-0.10400000000000001
165.28,-0.10200000000000001
165.32,-0.1
165.36,-0.096
165.4,-0.096
165.44,-0.098
165.48,-0.094
165.52,-0.098
165.56,-0.10200000000000001
165.6,-0.098
165.64000000000001,-0.1
165.68,-0.10200000000000001
165.72,-0.10200000000000001
165.76,-0.10200000000000001
165.8,-0.10600000000000001
165.84,-0.11
165.88,-0.10200000000000001
165.92000000000002,-0.098
165.96,-0.10400000000000001
166.0,-0.10600000000000001
166.04,-0.098
166.08,-0.098
166.12,-0.10200000000000001
166.16,-0.1
166.20000000000002,-0.10200000000000001
166.24,-0.10400000000000001
166.28,-0.1
166.32,-0.094
166.36,-0.1
166.4,-0.10200000000000001
166.44,-0.10200000000000001
166.48,-0.10400000000000001
166.52,-0.10600000000000001
166.56,-0.10400000000000001
166.6,-0.10200000000000001
166.64000000000001,-0.10200000000000001
166.68,-0.098
166.72,-0.092
166.76,-0.096
166.8,-0.098
166.84,-0.094
166.88,-0.094
166.92000000000002,-0.10200000000000001
166.96,-0.098
167.0,-0.096
167.04,-0.10400000000000001
167.08,-0.10400000000000001
167.12,-0.096
167.16,-0.10200000000000001
167.20000000000002,-0.11
167.24,-0.10600000000000001
167.28,-0.098
167.32,-0.1
167.36,-0.098
167.4,-0.1
167.44,-0.10200000000000001
167.48,-0.10400000000000001
167.52,-0.10200000000000001
167.56,-0.098
167.6,-0.10200000000000001
167.64000000000001,-0.10200000000000001
167.68,-0.1
167.72,-0.1
167.76,-0.10400000000000001
167.8,-0.10400000000000001
167.84,-0.11
167.88,-0.10800000000000001
167.92000000000002,-0.10200000000000001
167.96,-0.1
168.0,-0.1
168.04,-0.098
168.08,-0.094
168.12,-0.098
168.16,-0.1
168.20000000000002,-0.098
168.24,-0.096
168.28,-0.1
168.32,-0.098
168.36,-0.094
168.4,-0.098
168.44,-0.11
168.48,-0.10600000000000001
168.52,-0.10200000000000001
168.56,-0.1
168.6,-0.10200000000000001
168.64000000000001,-0.098
168.68,-0.098
168.72,-0.10200000000000001
168.76,-0.1
168.8,-0.098
168.84,-0.10200000000000001
168.88,-0.10400000000000001
168.92000000000002,-0.098
168.96,-0.098
169.0,-0.098
169.04,-0.1
169.08,-0.10400000000000001
169.12,-0.10600000000000001
169.16,-0.10600000000000001
169.20000000000002,-0.10400000000000001
169.24,-0.10400000000000001
169.28,-0.10400000000000001
169.32,-0.098
169.36,-0.098
169.4,-0.1
169.44,-0.1
169.48,-0.096
169.52,-0.1
169.56,-0.1
169.6,-0.094
169.64000000000001,-0.096
169.68,-0.10600000000000001
169.72,-0.10200000000000001
169.76,-0.098
169.8,-0.10400000000000001
169.84,-0.10600000000000001
169.88,-0.10200000000000001
169.92000000000002,-0.10200000000000001
169.96,-0.10200000000000001
170.0,-0.096
170.04,-0.096
170.08,-0.10200000000000001
170.12,-0.10400000000000001
170.16,-0.1
170.20000000000002,-0.098
170.24,-0.1
170.28,-0.098
170.32,-0.1
170.36,-0.10200000000000001
170.4,-0.10200000000000001
170.44,-0.10400000000000001
170.48,-0.10600000000000001
170.52,-0.10400000000000001
170.56,-0.10200000000000001
170.6,-0.10200000000000001
170.64000000000001,-0.10200000000000001
170.68,-0.098
170.72,-0.098
170.76,-0.1
170.8,-0.098
170.84,-0.094
170.88,-0.098
170.92000000000002,-0.1
170.96,-0.096
171.0,-0.094
171.04,-0.10200000000000001
171.08,-0.10400000000000001
171.12,-0.10400000000000001
171.16,-0.10600000000000001
171.20000000000002,-0.10400000000000001
171.24,-0.098
171.28,-0.098
171.32,-0.1
171.36,-0.098
171.4,-0.098
171.44,-0.10200000000000001
171.48,-0.10200000000000001
171.52,-0.10200000000000001
171.56,-0.1
171.6,-0.098
171.64000000000001,-0.096
171.68,-0.10200000000000001
171.72,-0.10400000000000001
171.76,-0.10600000000000001
171.8,-0.10600000000000001
171.84,-0.11
171.88,-0.10600000000000001
171.92000000000002,-0.10200000000000001
171.96,-0.10200000000000001
172.0,-0.10200000000000001
172.04,-0.098
172.08,-0.10200000000000001
172.12,-0.10400000000000001
172.16,-0.1
172.20000000000002,-0.094
172.24,-0.092
172.28,-0.098
172.32,-0.10200000000000001
172.36,-0.10400000000000001
172.4,-0.10200000000000001
172.44,-0.10400000000000001
172.48,-0.10200000000000001
172.52,-0.10200000000000001
172.56,-0.10200000000000001
172.6,-0.098
172.64000000000001,-0.094
172.68,-0.096
172.72,-0.1
172.76,-0.10200000000000001
172.8,-0.1
172.84,-0.096
172.88,-0.096
172.92000000000002,-0.098
172.96,-0.098
173.0,-0.098
173.04,-0.10400000000000001
173.08,-0.10600000000000001
173.12,-0.10600000000000001
173.16,-0.10400000000000001
173.20000000000002,-0.10400000000000001
173.24,-0.10400000000000001
173.28,-0.1
173.32,-0.10200000000000001
173.36,-0.10600000000000001
173.4,-0.10400000000000001
173.44,-0.096
173.48,-0.098
173.52,-0.1
173.56,-0.10200000000000001
173.6,-0.098
173.64000000000001,-0.1
173.68,-0.10200000000000001
173.72,-0.10200000000000001
173.76,-0.10600000000000001
173.8,-0.10800000000000001
173.84,-0.10200000000000001
173.88,-0.096
173.92000000000002,-0.1
173.96,-0.1
174.0,-0.098
174.04,-0.098
174.08,-0.098
174.12,-0.098
174.16,-0.098
174.20000000000002,-0.098
174.24,-0.094
174.28,-0.094
174.32,-0.10200000000000001
174.36,-0.10200000000000001
174.4,-0.1
174.44,-0.10600000000000001
174.48,-0.10600000000000001
174.52,-0.098
174.56,-0.1
174.6,-0.10800000000000001
174.64000000000001,-0.10200000000000001
174.68,-0.096
174.72,-0.10200000000000001
174.76,-0.10400000000000001
174.8,-0.098
174.84,-0.098
174.88,-0.096
174.92000000000002,-0.092
174.96,-0.094
175.0,-0.10400000000000001
175.04,-0.10600000000000001
175.08,-0.10200000000000001
175.12,-0.10200000000000001
175.16,-0.10400000000000001
175.20000000000002,-0.1
175.24,-0.098
175.28,-0.10200000000000001
175.32,-0.098
175.36,-0.098
175.4,-0.10200000000000001
175.44,-0.10200000000000001
175.48,-0.096
175.52,-0.098
175.56,-0.1
175.6,-0.094
175.64000000000001,-0.096
175.68,-0.10600000000000001
175.72,-0.10400000000000001
175.76,-0.10200000000000001
175.8,-0.10400000000000001
175.84,-0.10600000000000001
175.88,-0.10200000000000001
175.92000000000002,-0.098
175.96,-0.10400000000000001
176.0,-0.10600000000000001
176.04,-0.10200000000000001
176.08,-0.10200000000000001
176.12,-0.098
176.16,-0.094
176.20000000000002,-0.098
176.24,-0.1
176.28,-0.10200000000000001
176.32,-0.10200000000000001
176.36,-0.10400000000000001
176.4,-0.10600000000000001
176.44,-0.10600000000000001
176.48,-0.10200000000000001
176.52,-0.098
176.56,-0.098
176.6,-0.098
176.64000000000001,-0.1
176.68,-0.098
176.72,-0.098
176.76,-0.1
176.8,-0.098
176.84,-0.094
176.88,-0.094
176.92000000000002,-0.098
176.96,-0.098
177.0,-0.098
177.04,-0.10400000000000001
177.08,-0.10600000000000001
177.12,-0.10200000000000001
177.16,-0.098
177.20000000000002,-0.10400000000000001
177.24,-0.10600000000000001
177.28,-0.10400000000000001
177.32,-0.1
177.36,-0.10200000000000001
177.4,-0.10200000000000001
177.44,-0.1
177.48,-0.1
177.52,-0.098
177.56,-0.098
177.6,-0.10200000000000001
177.64000000000001,-0.10600000000000001
177.68,-0.10800000000000001
177.72,-0.10400000000000001
177.76,-0.10600000000000001
177.8,-0.10400000000000001
177.84,-0.10200000000000001
177.88,-0.1
177.92000000000002,-0.098
177.96,-0.1
178.0,-0.10200000000000001
178.04,-0.10200000000000001
178.08,-0.098
178.12,-0.096
178.16,-0.098
178.20000000000002,-0.096
178.24,-0.094
178.28,-0.1
178.32,-0.10200000000000001
178.36,-0.098
178.4,-0.1
178.44,-0.10600000000000001
178.48,-0.10400000000000001
178.52,-0.098
178.56,-0.098
178.6,-0.10200000000000001
178.64000000000001,-0.10400000000000001
178.68,-0.10400000000000001
178.72,-0.10200000000000001
178.76,-0.096
178.8,-0.094
178.84,-0.1
178.88,-0.10200000000000001
178.92000000000002,-0.098
178.96,-0.10400000000000001
179.0,-0.10600000000000001
179.04,-0.10600000000000001
179.08,-0.10600000000000001
179.12,-0.10400000000000001
179.16,-0.1
179.20000000000002,-0.098
179.24,-0.10400000000000001
179.28,-0.10200000000000001
179.32,-0.1
179.36,-0.10400000000000001
179.4,-0.10400000000000001
179.44,-0.096
179.48,-0.096
179.52,-0.10200000000000001
179.56,-0.096
179.6,-0.092
179.64000000000001,-0.10200000000000001
179.68,-0.10800000000000001
179.72,-0.10200000000000001
179.76,-0.098
179.8,-0.1
179.84,-0.10200000000000001
179.88,-0.10200000000000001
179.92000000000002,-0.10400000000000001
179.96,-0.1
180.0,-0.094
180.04,-0.098
180.08,-0.1
180.12,-0.094
180.16,-0.094
180.20000000000002,-0.098
180.24,-0.1
180.28,-0.10400000000000001
180.32,-0.10600000000000001
180.36,-0.10400000000000001
180.4,-0.10200000000000001
180.44,-0.10400000000000001
180.48,-0.10400000000000001
180.52,-0.1
180.56,-0.098
180.6,-0.10400000000000001
180.64000000000001,-0.10400000000000001
180.68,-0.098
180.72,-0.10200000000000001
180.76,-0.10200000000000001
180.8,-0.096
180.84,-0.09
180.88,-0.1
180.92000000000002,-0.10600000000000001
180.96,-0.1
181.0,-0.098
181.04,-0.10200000000000001
181.08,-0.10200000000000001
181.12,-0.10400000000000001
181.16,-0.10400000000000001
181.20000000000002,-0.10200000000000001
181.24,-0.098
181.28,-0.10200000000000001
181.32,-0.10400000000000001
181.36,-0.1
181.4,-0.094
181.44,-0.094
181.48,-0.096
181.52,-0.098
181.56,-0.1
181.6,-0.10400000000000001
181.64000000000001,-0.10600000000000001
181.68,-0.10600000000000001
181.72,-0.10600000000000001
181.76,-0.10400000000000001
181.8,-0.10200000000000001
181.84,-0.10600000000000001
181.88,-0.10400000000000001
181.92000000000002,-0.1
181.96,-0.10200000000000001
182.0,-0.10400000000000001
182.04,-0.098
182.08,-0.094
182.12,-0.1
182.16,-0.10200000000000001
182.20000000000002,-0.096
182.24,-0.096
182.28,-0.10200000000000001
182.32,-0.10400000000000001
182.36,-0.10200000000000001
182.4,-0.10200000000000001
182.44,-0.098
182.48,-0.094
182.52,-0.10200000000000001
182.56,-0.10600000000000001
182.6,-0.10200000000000001
182.64000000000001,-0.098
182.68,-0.098
182.72,-0.096
182.76,-0.092
182.8,-0.094
182.84,-0.096
182.88,-0.1
182.92000000000002,-0.10400000000000001
182.96,-0.10400000000000001
183.0,-0.10200000000000001
183.04,-0.10400000000000001
183.08,-0.10600000000000001
183.12,-0.10200000000000001
183.16,-0.098
183.20000000000002,-0.10400000000000001
183.24,-0.10600000000000001
183.28,-0.1
183.32,-0.10200000000000001
183.36,-0.10600000000000001
183.4,-0.10200000000000001
183.44,-0.094
183.48,-0.096
183.52,-0.10200000000000001
183.56,-0.10400000000000001
183.6,-0.10400000000000001
183.64000000000001,-0.10200000000000001
183.68,-0.098
183.72,-0.1
183.76,-0.10600000000000001
183.8,-0.10200000000000001
183.84,-0.098
183.88,-0.10200000000000001
183.92000000000002,-0.10400000000000001
183.96,-0.10200000000000001
184.0,-0.096
184.04,-0.096
184.08,-0.094
184.12,-0.094
184.16,-0.096
184.20000000000002,-0.096
184.24,-0.096
184.28,-0.10400000000000001
184.32,-0.10600000000000001
184.36,-0.1
184.4,-0.10200000000000001
184.44,-0.10400000000000001
184.48,-0.10200000000000001
184.52,-0.098
184.56,-0.10600000000000001
184.6,-0.11
184.64000000000001,-0.10200000000000001
184.68,-0.096
184.72,-0.098
184.76,-0.10200000000000001
184.8,-0.10400000000000001
184.84,-0.10200000000000001
184.88,-0.098
184.92000000000002,-0.10200000000000001
184.96,-0.10600000000000001
185.0,-0.10600000000000001
185.04,-0.10200000000000001
185.08,-0.10200000000000001
185.12,-0.10200000000000001
185.16,-0.10600000000000001
185.20000000000002,-0.10400000000000001
185.24,-0.10400000000000001
185.28,-0.10200000000000001
185.32,-0.10200000000000001
185.36,-0.098
185.4,-0.096
185.44,-0.09
185.48,-0.094
185.52,-0.098
185.56,-0.10200000000000001
185.6,-0.10200000000000001
185.64000000000001,-0.10200000000000001
185.68,-0.10400000000000001
185.72,-0.1
185.76,-0.098
185.8,-0.10200000000000001
185.84,-0.10600000000000001
185.88,-0.10200000000000001
185.92000000000002,-0.096
185.96,-0.10200000000000001
186.0,-0.10400000000000001
186.04,-0.098
186.08,-0.094
186.12,-0.096
186.16,-0.098
186.20000000000002,-0.10400000000000001
186.24,-0.10600000000000001
186.28,-0.10400000000000001
186.32,-0.098
186.36,-0.10200000000000001
186.4,-0.10400000000000001
186.44,-0.10200000000000001
186.48,-0.10200000000000001
186.52,-0.10600000000000001
186.56,-0.10600000000000001
186.6,-0.10200000000000001
186.64000000000001,-0.10200000000000001
186.68,-0.098
186.72,-0.094
186.76,-0.096
186.8,-0.098
186.84,-0.094
186.88,-0.098
186.92000000000002,-0.10400000000000001
186.96,-0.10200000000000001
187.0,-0.098
187.04,-0.10400000000000001
187.08,-0.10600000000000001
187.12,-0.098
187.16,-0.096
187.20000000000002,-0.10600000000000001
187.24,-0.10800000000000001
187.28,-0.098
187.32,-0.096
187.36,-0.098
187.4,-0.098
187.44,-0.098
187.48,-0.10400000000000001
187.52,-0.1
187.56,-0.098
187.6,-0.10600000000000001
187.64000000000001,-0.10400000000000001
187.68,-0.1
187.72,-0.10200000000000001
187.76,-0.10600000000000001
187.8,-0.10600000000000001
187.84,-0.10600000000000001
187.88,-0.10600000000000001
187.92000000000002,-0.10200000000000001
187.96,-0.098
188.0,-0.10200000000000001
188.04,-0.096
188.08,-0.09
188.12,-0.094
188.16,-0.1
188.20000000000002,-0.098
188.24,-0.098
188.28,-0.10600000000000001
188.32,-0.10200000000000001
188.36,-0.094
188.4,-0.1
188.44,-0.10600000000000001
188.48,-0.10400000000000001
188.52,-0.1
188.56,-0.10200000000000001
188.6,-0.098
188.64000000000001,-0.098
188.68,-0.10200000000000001
188.72,-0.098
188.76,-0.094
188.8,-0.098
188.84,-0.10600000000000001
188.88,-0.10400000000000001
188.92000000000002,-0.10200000000000001
188.96,-0.10400000000000001
189.0,-0.10200000000000001
189.04,-0.10200000000000001
189.08,-0.10600000000000001
189.12,-0.10400000000000001
189.16,-0.10600000000000001
189.20000000000002,-0.10800000000000001
189.24,-0.11
189.28,-0.1
189.32,-0.096
189.36,-0.098
189.4,-0.096
189.44,-0.094
189.48,-0.1
189.52,-0.10400000000000001
189.56,-0.098
189.6,-0.094
189.64000000000001,-0.10200000000000001
189.68,-0.10400000000000001
189.72,-0.1
189.76,-0.1
189.8,-0.098
189.84,-0.10200000000000001
189.88,-0.10400000000000001
189.92000000000002,-0.10200000000000001
189.96,-0.094
190.0,-0.094
190.04,-0.096
190.08,-0.1
190.12,-0.098
190.16,-0.098
190.20000000000002,-0.10200000000000001
190.24,-0.1
190.28,-0.10200000000000001
190.32,-0.098
190.36,-0.098
190.4,-0.10400000000000001
190.44,-0.11
190.48,-0.11
190.52,-0.10600000000000001
190.56,-0.10600000000000001
190.6,-0.10400000000000001
190.64000000000001,-0.1
190.68,-0.098
190.72,-0.10200000000000001
190.76,-0.10200000000000001
190.8,-0.098
190.84,-0.098
190.88,-0.10400000000000001
190.92000000000002,-0.10600000000000001
190.96,-0.1
191.0,-0.098
191.04,-0.10200000000000001
191.08,-0.10600000000000001
191.12,-0.10600000000000001
191.16,-0.10400000000000001
191.20000000000002,-0.10200000000000001
191.24,-0.098
191.28,-0.098
191.32,-0.098
191.36,-0.096
191.4,-0.096
191.44,-0.098
191.48000000000002,-0.1
191.52,-0.098
191.56,-0.096
191.6,-0.098
191.64000000000001,-0.098
191.68,-0.1
191.72,-0.10200000000000001
191.76,-0.10200000000000001
191.8,-0.10400000000000001
191.84,-0.10600000000000001
191.88,-0.10400000000000001
191.92000000000002,-0.10400000000000001
191.96,-0.10200000000000001
192.0,-0.10200000000000001
192.04,-0.094
192.08,-0.094
192.12,-0.10400000000000001
192.16,-0.10600000000000001
192.20000000000002,-0.096
192.24,-0.096
192.28,-0.10400000000000001
192.32,-0.10400000000000001
192.36,-0.10200000000000001
192.4,-0.10600000000000001
192.44,-0.10400000000000001
192.48000000000002,-0.10400000000000001
192.52,-0.10600000000000001
192.56,-0.10400000000000001
192.6,-0.094
192.64000000000001,-0.096
192.68,-0.10200000000000001
192.72,-0.1
192.76,-0.098
192.8,-0.098
192.84,-0.1
192.88,-0.098
192.92000000000002,-0.098
192.96,-0.098
193.0,-0.094
193.04,-0.098
193.08,-0.11
193.12,-0.10600000000000001
193.16,-0.10400000000000001
193.20000000000002,-0.10600000000000001
193.24,-0.10400000000000001
193.28,-0.094
193.32,-0.098
193.36,-0.10400000000000001
193.4,-0.10200000000000001
193.44,-0.094
193.48000000000002,-0.098
193.52,-0.10400000000000001
193.56,-0.1
193.6,-0.098
193.64000000000001,-0.10200000000000001
193.68,-0.10200000000000001
193.72,-0.10400000000000001
193.76,-0.11
193.8,-0.10600000000000001
193.84,-0.098
193.88,-0.10200000000000001
193.92000000000002,-0.10200000000000001
193.96,-0.098
194.0,-0.098
194.04,-0.098
194.08,-0.10200000000000001
194.12,-0.10200000000000001
194.16,-0.098
194.20000000000002,-0.094
194.24,-0.09
194.28,-0.098
194.32,-0.10200000000000001
194.36,-0.10200000000000001
194.4,-0.10400000000000001
194.44,-0.11
194.48000000000002,-0.10400000000000001
194.52,-0.098
194.56,-0.10600000000000001
194.6,-0.10400000000000001
194.64000000000001,-0.098
194.68,-0.096
194.72,-0.10200000000000001
194.76,-0.10400000000000001
194.8,-0.10200000000000001
194.84,-0.098
194.88,-0.098
194.92000000000002,-0.098
194.96,-0.10400000000000001
195.0,-0.11
195.04,-0.10400000000000001
195.08,-0.10200000000000001
195.12,-0.10600000000000001
195.16,-0.10600000000000001
195.20000000000002,-0.098
195.24,-0.098
195.28,-0.10200000000000001
195.32,-0.10200000000000001
195.36,-0.10200000000000001
195.4,-0.1
195.44,-0.094
195.48000000000002,-0.094
195.52,-0.098
195.56,-0.094
195.6,-0.094
195.64000000000001,-0.098
195.68,-0.10200000000000001
195.72,-0.098
195.76,-0.10200000000000001
195.8,-0.10600000000000001
195.84,-0.10600000000000001
195.88,-0.098
195.92000000000002,-0.096
195.96,-0.10200000000000001
196.0,-0.10400000000000001
196.04,-0.10200000000000001
196.08,-0.098
196.12,-0.096
196.16,-0.098
196.20000000000002,-0.10200000000000001
196.24,-0.10200000000000001
196.28,-0.1
196.32,-0.10400000000000001
196.36,-0.10600000000000001
196.4,-0.10800000000000001
196.44,-0.10400000000000001
196.48000000000002,-0.10400000000000001
196.52,-0.10400000000000001
196.56,-0.10400000000000001
196.6,-0.10400000000000001
196.64000000000001,-0.10200000000000001
196.68,-0.1
196.72,-0.10200000000000001
196.76,-0.10200000000000001
196.8,-0.098
196.84,-0.094
196.88,-0.098
196.92000000000002,-0.098
196.96,-0.096
197.0,-0.10200000000000001
197.04,-0.10600000000000001
197.08,-0.10400000000000001
197.12,-0.096
197.16,-0.098
197.20000000000002,-0.10400000000000001
197.24,-0.10200000000000001
197.28,-0.098
197.32,-0.1
197.36,-0.1
197.4,-0.098
197.44,-0.098
197.48000000000002,-0.096
197.52,-0.094
197.56,-0.098
197.6,-0.10400000000000001
197.64000000000001,-0.10400000000000001
197.68,-0.10400000000000001
197.72,-0.10600000000000001
197.76,-0.10600000000000001
197.8,-0.10400000000000001
197.84,-0.10200000000000001
197.88,-0.10200000000000001
197.92000000000002,-0.10200000000000001
197.96,-0.10400000000000001
198.0,-0.10800000000000001
198.04,-0.10200000000000001
198.08,-0.098
198.12,-0.1
198.16,-0.098
198.20000000000002,-0.094
198.24,-0.1
198.28,-0.10600000000000001
198.32,-0.10200000000000001
198.36,-0.098
198.4,-0.10400000000000001
198.44,-0.10600000000000001
198.48000000000002,-0.10200000000000001
198.52,-0.098
198.56,-0.10200000000000001
198.6,-0.10200000000000001
198.64000000000001,-0.10200000000000001
198.68,-0.098
198.72,-0.096
198.76,-0.09
198.8,-0.096
198.84,-0.098
198.88,-0.094
198.92000000000002,-0.098
198.96,-0.10400000000000001
199.0,-0.10600000000000001
199.04,-0.10400000000000001
199.08,-0.1
199.12,-0.098
199.16,-0.10200000000000001
199.20000000000002,-0.10600000000000001
199.24,-0.10600000000000001
199.28,-0.10200000000000001
199.32,-0.10200000000000001
199.36,-0.10400000000000001
199.4,-0.098
199.44,-0.094
199.48000000000002,-0.1
199.52,-0.10200000000000001
199.56,-0.096
199.6,-0.098
199.64000000000001,-0.10600000000000001
199.68,-0.10600000000000001
199.72,-0.098
199.76,-0.1
199.8,-0.10200000000000001
199.84,-0.10400000000000001
199.88,-0.10600000000000001
199.92000000000002,-0.10400000000000001
199.96,-0.1
200.0,-0.096
200.04,-0.1
200.08,-0.098
200.12,-0.094
200.16,-0.094
200.20000000000002,-0.1
200.24,-0.10400000000000001
200.28,-0.10200000000000001
200.32,-0.10200000000000001
200.36,-0.10200000000000001
200.4,-0.10400000000000001
200.44,-0.10600000000000001
200.48000000000002,-0.10400000000000001
200.52,-0.1
200.56,-0.10400000000000001
200.6,-0.10600000000000001
200.64000000000001,-0.10400000000000001
200.68,-0.1
200.72,-0.10200000000000001
200.76,-0.1
200.8,-0.094
200.84,-0.094
200.88,-0.10400000000000001
200.92000000000002,-0.10400000000000001
200.96,-0.096
201.0,-0.1
201.04,-0.10400000000000001
201.08,-0.10200000000000001
201.12,-0.1
201.16,-0.10200000000000001
201.20000000000002,-0.10200000000000001
201.24,-0.10400000000000001
201.28,-0.10600000000000001
201.32,-0.10200000000000001
201.36,-0.092
201.4,-0.092
201.44,-0.1
201.48000000000002,-0.098
201.52,-0.094
201.56,-0.098
201.6,-0.10200000000000001
201.64000000000001,-0.10200000000000001
201.68,-0.10400000000000001
201.72,-0.10200000000000001
201.76,-0.096
201.8,-0.10200000000000001
201.84,-0.10600000000000001
201.88,-0.10400000000000001
201.92000000000002,-0.10400000000000001
201.96,-0.10600000000000001
202.0,-0.10200000000000001
202.04,-0.094
202.08,-0.098
202.12,-0.10600000000000001
202.16,-0.1
202.20000000000002,-0.098
202.24,-0.1
202.28,-0.10400000000000001
202.32,-0.10200000000000001
202.36,-0.10200000000000001
202.4,-0.10400000000000001
202.44,-0.10200000000000001
202.48000000000002,-0.10400000000000001
202.52,-0.10800000000000001
202.56,-0.10600000000000001
202.6,-0.098
202.64000000000001,-0.1
202.68,-0.1
202.72,-0.092
202.76,-0.092
202.8,-0.096
202.84,-0.098
202.88,-0.10200000000000001
202.92000000000002,-0.10200000000000001
202.96,-0.098
203.0,-0.096
203.04,-0.1
203.08,-0.10200000000000001
203.12,-0.098
203.16,-0.10400000000000001
203.20000000000002,-0.10800000000000001
203.24,-0.1
203.28,-0.098
203.32,-0.10600000000000001
203.36,-0.10400000000000001
203.4,-0.096
203.44,-0.096
203.48000000000002,-0.10200000000000001
203.52,-0.10200000000000001
203.56,-0.10200000000000001
203.6,-0.10200000000000001
203.64000000000001,-0.10200000000000001
203.68,-0.10200000000000001
203.72,-0.10400000000000001
203.76,-0.10600000000000001
203.8,-0.10400000000000001
203.84,-0.10600000000000001
203.88,-0.11
203.92000000000002,-0.10400000000000001
203.96,-0.098
204.0,-0.098
204.04,-0.098
204.08,-0.098
204.12,-0.10200000000000001
204.16,-0.098
204.20000000000002,-0.096
204.24,-0.098
204.28,-0.10200000000000001
204.32,-0.098
204.36,-0.096
204.4,-0.098
204.44,-0.10200000000000001
204.48000000000002,-0.098
204.52,-0.10200000000000001
204.56,-0.10800000000000001
204.6,-0.10400000000000001
204.64000000000001,-0.098
204.68,-0.094
204.72,-0.1
204.76,-0.1
204.8,-0.098
204.84,-0.098
204.88,-0.098
204.92000000000002,-0.1
204.96,-0.1
205.0,-0.10200000000000001
205.04,-0.1
205.08,-0.10400000000000001
205.12,-0.11
205.16,-0.10800000000000001
205.20000000000002,-0.10200000000000001
205.24,-0.10200000000000001
205.28,-0.10200000000000001
205.32,-0.10200000000000001
205.36,-0.1
205.4,-0.096
205.44,-0.096
205.48000000000002,-0.10200000000000001
205.52,-0.10400000000000001
205.56,-0.1
205.6,-0.098
205.64000000000001,-0.098
205.68,-0.098
205.72,-0.096
205.76,-0.10200000000000001
205.8,-0.11
205.84,-0.10600000000000001
205.88,-0.098
205.92000000000002,-0.10200000000000001
205.96,-0.10400000000000001
206.0,-0.098
206.04,-0.096
206.08,-0.096
206.12,-0.098
206.16,-0.098
206.20000000000002,-0.10200000000000001
206.24,-0.098
206.28,-0.096
206.32,-0.10200000000000001
206.36,-0.10600000000000001
206.4,-0.10600000000000001
206.44,-0.10200000000000001
206.48000000000002,-0.10600000000000001
206.52,-0.11
206.56,-0.10400000000000001
206.6,-0.098
206.64000000000001,-0.098
206.68,-0.096
206.72,-0.10200000000000001
206.76,-0.10600000000000001
206.8,-0.10200000000000001
206.84,-0.094
206.88,-0.1
206.92000000000002,-0.096
206.96,-0.09
207.0,-0.098
207.04,-0.10400000000000001
207.08,-0.10200000000000001
207.12,-0.098
207.16,-0.10600000000000001
207.20000000000002,-0.10800000000000001
207.24,-0.1
207.28,-0.096
207.32,-0.1
207.36,-0.098
207.4,-0.098
207.44,-0.10200000000000001
207.48000000000002,-0.098
207.52,-0.094
207.56,-0.1
207.6,-0.10400000000000001
207.64000000000001,-0.098
207.68,-0.1
207.72,-0.10600000000000001
207.76,-0.10800000000000001
207.8,-0.10600000000000001
207.84,-0.10400000000000001
207.88,-0.10200000000000001
207.92000000000002,-0.10200000000000001
207.96,-0.10400000000000001
208.0,-0.10400000000000001
208.04,-0.098
208.08,-0.098
208.12,-0.10400000000000001
208.16,-0.098
208.20000000000002,-0.096
208.24,-0.1
208.28,-0.1
208.32,-0.09
208.36,-0.096
208.4,-0.10600000000000001
208.44,-0.10600000000000001
208.48000000000002,-0.10200000000000001
208.52,-0.10200000000000001
208.56,-0.10200000000000001
208.6,-0.1
208.64000000000001,-0.098
208.68,-0.098
208.72,-0.098
208.76,-0.096
208.8,-0.10200000000000001
208.84,-0.098
208.88,-0.094
208.92000000000002,-0.096
208.96,-0.10200000000000001
209.0,-0.10400000000000001
209.04,-0.10400000000000001
209.08,-0.10400000000000001
209.12,-0.10400000000000001
209.16,-0.10600000000000001
209.20000000000002,-0.10600000000000001
209.24,-0.10200000000000001
209.28,-0.1
209.32,-0.10200000000000001
209.36,-0.10400000000000001
209.4,-0.10400000000000001
209.44,-0.10400000000000001
209.48000000000002,-0.10400000000000001
209.52,-0.098
209.56,-0.09
209.6,-0.094
209.64000000000001,-0.10400000000000001
209.68,-0.10400000000000001
209.72,-0.10200000000000001
209.76,-0.10400000000000001
209.8,-0.10600000000000001
209.84,-0.10400000000000001
209.88,-0.10200000000000001
209.92000000000002,-0.098
209.96,-0.098
210.0,-0.098
210.04,-0.1
210.08,-0.098
210.12,-0.096
210.16,-0.094
210.20000000000002,-0.098
210.24,-0.098
210.28,-0.096
210.32,-0.098
210.36,-0.10200000000000001
210.4,-0.10600000000000001
210.44,-0.10400000000000001
210.48000000000002,-0.1
210.52,-0.1
210.56,-0.10200000000000001
210.6,-0.10200000000000001
210.64000000000001,-0.10400000000000001
210.68,-0.10400000000000001
210.72,-0.10600000000000001
210.76,-0.10200000000000001
210.8,-0.096
210.84,-0.094
210.88,-0.10200000000000001
210.92000000000002,-0.098
210.96,-0.094
211.0,-0.10200000000000001
211.04,-0.10600000000000001
211.08,-0.10600000000000001
211.12,-0.10400000000000001
211.16,-0.10400000000000001
211.20000000000002,-0.10200000000000001
211.24,-0.1
211.28,-0.10200000000000001
211.32,-0.10200000000000001
211.36,-0.098
211.4,-0.098
211.44,-0.10400000000000001
211.48000000000002,-0.096
211.52,-0.092
211.56,-0.096
211.6,-0.10200000000000001
211.64000000000001,-0.10200000000000001
211.68,-0.10200000000000001
211.72,-0.1
211.76,-0.098
211.8,-0.10400000000000001
211.84,-0.10400000000000001
211.88,-0.10200000000000001
211.92000000000002,-0.10400000000000001
211.96,-0.10600000000000001
212.0,-0.10400000000000001
212.04,-0.098
212.08,-0.10200000000000001
212.12,-0.10200000000000001
212.16,-0.094
212.20000000000002,-0.09
212.24,-0.1
212.28,-0.10200000000000001
212.32,-0.10200000000000001
212.36,-0.10400000000000001
212.4,-0.10400000000000001
212.44,-0.10200000000000001
212.48000000000002,-0.10400000000000001
212.52,-0.10400000000000001
212.56,-0.1
212.6,-0.098
212.64000000000001,-0.10600000000000001
212.68,-0.10400000000000001
212.72,-0.098
212.76,-0.094
212.8,-0.096
212.84,-0.098
212.88,-0.098
212.92000000000002,-0.1
212.96,-0.094
213.0,-0.098
213.04,-0.10600000000000001
213.08,-0.10400000000000001
213.12,-0.098
213.16,-0.10200000000000001
213.20000000000002,-0.10600000000000001
213.24,-0.10200000000000001
213.28,-0.10400000000000001
213.32,-0.11
213.36,-0.10400000000000001
213.4,-0.096
213.44,-0.096
213.48000000000002,-0.1
213.52,-0.098
213.56,-0.098
213.6,-0.10400000000000001
213.64000000000001,-0.10200000000000001
213.68,-0.10200000000000001
213.72,-0.10600000000000001
213.76,-0.10600000000000001
213.8,-0.098
213.84,-0.10200000000000001
213.88,-0.10600000000000001
213.92000000000002,-0.10200000000000001
213.96,-0.098
214.0,-0.1
214.04,-0.098
214.08,-0.098
214.12,-0.098
214.16,-0.094
214.20000000000002,-0.092
214.24,-0.098
214.28,-0.10400000000000001
214.32,-0.1
214.36,-0.096
214.4,-0.098
214.44,-0.098
214.48000000000002,-0.098
214.52,-0.10400000000000001
214.56,-0.11
214.6,-0.10400000000000001
214.64000000000001,-0.098
214.68,-0.1
214.72,-0.1
214.76,-0.098
214.8,-0.098
214.84,-0.098
214.88,-0.1
214.92000000000002,-0.10400000000000001
214.96,-0.10600000000000001
215.0,-0.10400000000000001
215.04,-0.10200000000000001
215.08,-0.10400000000000001
215.12,-0.10600000000000001
215.16,-0.10600000000000001
215.20000000000002,-0.10200000000000001
215.24,-0.10400000000000001
215.28,-0.10600000000000001
215.32,-0.10400000000000001
215.36,-0.1
215.4,-0.094
215.44,-0.098
215.48000000000002,-0.10200000000000001
215.52,-0.10200000000000001
215.56,-0.098
215.6,-0.098
215.64000000000001,-0.098
215.68,-0.096
215.72,-0.098
215.76,-0.10200000000000001
215.8,-0.10400000000000001
215.84,-0.10200000000000001
215.88,-0.10200000000000001
215.92000000000002,-0.10400000000000001
215.96,-0.10400000000000001
216.0,-0.098
216.04,-0.094
216.08,-0.096
216.12,-0.098
216.16,-0.098
216.20000000000002,-0.1
216.24,-0.10200000000000001
216.28,-0.1
216.32,-0.098
216.36,-0.10400000000000001
216.4,-0.10400000000000001
216.44,-0.1
216.48000000000002,-0.10600000000000001
216.52,-0.11
216.56,-0.10400000000000001
216.6,-0.098
216.64000000000001,-0.098
216.68,-0.1
216.72,-0.10200000000000001
216.76,-0.10200000000000001
216.8,-0.1
216.84,-0.098
216.88,-0.1
216.92000000000002,-0.098
216.96,-0.098
217.0,-0.1
217.04,-0.10200000000000001
217.08,-0.10200000000000001
217.12,-0.10200000000000001
217.16,-0.10800000000000001
217.20000000000002,-0.11
217.24,-0.1
217.28,-0.098
217.32,-0.10400000000000001
217.36,-0.098
217.4,-0.098
217.44,-0.1
217.48000000000002,-0.098
217.52,-0.096
217.56,-0.10200000000000001
217.6,-0.10400000000000001
217.64000000000001,-0.098
217.68,-0.1
217.72,-0.10600000000000001
217.76,-0.10800000000000001
217.8,-0.10400000000000001
217.84,-0.10200000000000001
217.88,-0.10200000000000001
217.92000000000002,-0.10200000000000001
217.96,-0.10400000000000001
218.0,-0.10200000000000001
218.04,-0.098
218.08,-0.096
218.12,-0.10400000000000001
218.16,-0.098
218.20000000000002,-0.096
218.24,-0.1
218.28,-0.098
218.32,-0.092
218.36,-0.098
218.4,-0.10800000000000001
218.44,-0.10400000000000001
218.48000000000002,-0.1
218.52,-0.10400000000000001
218.56,-0.10400000000000001
218.6,-0.098
218.64000000000001,-0.098
218.68,-0.10200000000000001
218.72,-0.098
218.76,-0.096
218.8,-0.10200000000000001
218.84,-0.098
218.88,-0.094
218.92000000000002,-0.098
218.96,-0.10400000000000001
219.0,-0.10400000000000001
219.04,-0.10400000000000001
219.08,-0.10600000000000001
219.12,-0.10200000000000001
219.16,-0.10600000000000001
219.20000000000002,-0.10800000000000001
219.24,-0.10200000000000001
219.28,-0.098
219.32,-0.10200000000000001
219.36,-0.10600000000000001
219.4,-0.10200000000000001
219.44,-0.10200000000000001
219.48000000000002,-0.10200000000000001
219.52,-0.094
219.56,-0.09
219.6,-0.098
219.64000000000001,-0.10400000000000001
219.68,-0.10200000000000001
219.72,-0.10200000000000001
219.76,-0.10600000000000001
219.8,-0.10200000000000001
219.84,-0.1
219.88,-0.10200000000000001
219.92000000000002,-0.098
219.96,-0.096
220.0,-0.098
220.04,-0.1
220.08,-0.096
220.12,-0.094
220.16,-0.096
220.20000000000002,-0.098
220.24,-0.098
220.28,-0.10200000000000001
220.32,-0.1
220.36,-0.10200000000000001
220.4,-0.10600000000000001
220.44,-0.10400000000000001
220.48000000000002,-0.098
220.52,-0.098
220.56,-0.10600000000000001
220.6,-0.10600000000000001
220.64000000000001,-0.10600000000000001
220.68,-0.10600000000000001
220.72,-0.10200000000000001
220.76,-0.098
220.8,-0.094
220.84,-0.10200000000000001
220.88,-0.10200000000000001
220.92000000000002,-0.098
220.96,-0.1
221.0,-0.10600000000000001
221.04,-0.10600000000000001
221.08,-0.10400000000000001
221.12,-0.10400000000000001
221.16,-0.10200000000000001
221.20000000000002,-0.10200000000000001
221.24,-0.10200000000000001
221.28,-0.10200000000000001
221.32,-0.1
221.36,-0.096
221.4,-0.096
221.44,-0.098
221.48000000000002,-0.096
221.52,-0.094
221.56,-0.098
221.6,-0.10400000000000001
221.64000000000001,-0.10400000000000001
221.68,-0.098
221.72,-0.098
221.76,-0.098
221.8,-0.10200000000000001
221.84,-0.10400000000000001
221.88,-0.10600000000000001
221.92000000000002,-0.10400000000000001
221.96,-0.10400000000000001
222.0,-0.10200000000000001
222.04,-0.098
222.08,-0.098
222.12,-0.1
222.16,-0.096
222.20000000000002,-0.096
222.24,-0.10400000000000001
222.28,-0.10400000000000001
222.32,-0.1
222.36,-0.10400000000000001
222.4,-0.10600000000000001
222.44,-0.10400000000000001
222.48000000000002,-0.10400000000000001
222.52,-0.10600000000000001
222.56,-0.10400000000000001
222.6,-0.098
222.64000000000001,-0.10200000000000001
222.68,-0.10200000000000001
222.72,-0.094
222.76,-0.094
222.8,-0.1
222.84,-0.10200000000000001
222.88,-0.1
222.92000000000002,-0.10200000000000001
222.96,-0.098
223.0,-0.098
223.04,-0.10200000000000001
223.08,-0.10400000000000001
223.12,-0.1
223.16,-0.10400000000000001
223.20000000000002,-0.10600000000000001
223.24,-0.10400000000000001
223.28,-0.10200000000000001
223.32,-0.10600000000000001
223.36,-0.10200000000000001
223.4,-0.092
223.44,-0.098
223.48000000000002,-0.10400000000000001
223.52,-0.098
223.56,-0.098
223.6,-0.10200000000000001
223.64000000000001,-0.10200000000000001
223.68,-0.1
223.72,-0.10400000000000001
223.76,-0.10600000000000001
223.8,-0.10200000000000001
223.84,-0.10200000000000001
223.88,-0.10800000000000001
223.92000000000002,-0.10200000000000001
223.96,-0.094
224.0,-0.096
224.04,-0.1
224.08,-0.098
224.12,-0.098
224.16,-0.098
224.20000000000002,-0.094
224.24,-0.098
224.28,-0.10200000000000001
224.32,-0.1
224.36,-0.096
224.4,-0.10200000000000001
224.44,-0.10400000000000001
224.48000000000002,-0.10200000000000001
224.52,-0.10600000000000001
224.56,-0.11
224.6,-0.1
224.64000000000001,-0.094
224.68,-0.10400000000000001
224.72,-0.10400000000000001
224.76,-0.098
224.8,-0.098
224.84,-0.10200000000000001
224.88,-0.1
224.92000000000002,-0.098
224.96,-0.10400000000000001
225.0,-0.10400000000000001
225.04,-0.10200000000000001
225.08,-0.10800000000000001
225.12,-0.11
225.16,-0.10400000000000001
225.20000000000002,-0.1
225.24,-0.10200000000000001
225.28,-0.1
225.32,-0.10200000000000001
225.36,-0.1
225.4,-0.096
225.44,-0.098
225.48000000000002,-0.10200000000000001
225.52,-0.10200000000000001
225.56,-0.096
225.6,-0.094
225.64000000000001,-0.098
225.68,-0.098
225.72,-0.098
225.76,-0.10400000000000001
225.8,-0.10400000000000001
225.84,-0.098
225.88,-0.098
225.92000000000002,-0.10200000000000001
225.96,-0.1
226.0,-0.098
226.04,-0.098
226.08,-0.1
226.12,-0.098
226.16,-0.098
226.20000000000002,-0.098
226.24,-0.098
226.28,-0.10200000000000001
226.32,-0.10400000000000001
226.36,-0.10800000000000001
226.4,-0.10600000000000001
226.44,-0.10200000000000001
226.48000000000002,-0.10400000000000001
226.52,-0.10400000000000001
226.56,-0.10400000000000001
226.6,-0.1
226.64000000000001,-0.098
226.68,-0.10200000000000001
226.72,-0.10600000000000001
226.76,-0.10400000000000001
226.8,-0.098
226.84,-0.098
226.88,-0.098
226.92000000000002,-0.098
226.96,-0.1
227.0,-0.10400000000000001
227.04,-0.10200000000000001
227.08,-0.10200000000000001
227.12,-0.1
227.16,-0.10400000000000001
227.20000000000002,-0.10200000000000001
227.24,-0.094
227.28,-0.098
227.32,-0.1
227.36,-0.098
227.4,-0.094
227.44,-0.094
227.48000000000002,-0.096
227.52,-0.094
227.56,-0.098
227.6,-0.10400000000000001
227.64000000000001,-0.10400000000000001
227.68,-0.10200000000000001
227.72,-0.10600000000000001
227.76,-0.10600000000000001
227.8,-0.10200000000000001
227.84,-0.098
227.88,-0.10200000000000001
227.92000000000002,-0.10400000000000001
227.96,-0.10400000000000001
228.0,-0.10400000000000001
228.04,-0.10200000000000001
228.08,-0.098
228.12,-0.1
228.16,-0.098
228.20000000000002,-0.098
228.24,-0.1
228.28,-0.10200000000000001
228.32,-0.1
228.36,-0.10200000000000001
228.4,-0.10600000000000001
228.44,-0.10400000000000001
228.48000000000002,-0.1
228.52,-0.10400000000000001
228.56,-0.10600000000000001
228.6,-0.1
228.64000000000001,-0.098
228.68,-0.10200000000000001
228.72,-0.098
228.76,-0.094
228.8,-0.098
228.84,-0.098
228.88,-0.096
228.92000000000002,-0.10200000000000001
228.96,-0.10600000000000001
229.0,-0.10600000000000001
229.04,-0.10200000000000001
229.08,-0.10200000000000001
229.12,-0.10200000000000001
229.16,-0.10200000000000001
229.20000000000002,-0.10400000000000001
229.24,-0.10400000000000001
229.28,-0.10200000000000001
229.32,-0.10200000000000001
229.36,-0.10400000000000001
229.4,-0.098
229.44,-0.098
229.48000000000002,-0.1
229.52,-0.096
229.56,-0.094
229.6,-0.10200000000000001
229.64000000000001,-0.10400000000000001
229.68,-0.1
229.72,-0.098
229.76,-0.10400000000000001
229.8,-0.10200000000000001
229.84,-0.09
229.88,-0.078
229.92000000000002,-0.058
229.96,-0.04
230.0,-0.030000000000000002
230.04,-0.026000000000000002
230.08,-0.022000000000000002
230.12,-0.020000000000000004
230.16,-0.032
230.20000000000002,-0.038000000000000006
230.24,-0.034
230.28,-0.034
230.32,-0.034
230.36,-0.030000000000000002
230.4,-0.032
230.44,-0.034
230.48000000000002,-0.032
230.52,-0.030000000000000002
230.56,-0.032
230.6,-0.034
230.64000000000001,-0.028000000000000004
230.68,-0.026000000000000002
230.72,-0.026000000000000002
230.76,-0.020000000000000004
230.8,-0.018000000000000002
230.84,-0.028000000000000004
230.88,-0.026000000000000002
230.92000000000002,-0.020000000000000004
230.96,-0.022000000000000002
231.0,-0.026000000000000002
231.04,-0.024
231.08,-0.020000000000000004
231.12,-0.024
231.16,-0.026000000000000002
231.20000000000002,-0.022000000000000002
231.24,-0.020000000000000004
231.28,-0.018000000000000002
231.32,-0.012000000000000004
231.36,-0.010000000000000002
231.4,-0.013999999999999999
231.44,-0.016
231.48000000000002,-0.013999999999999999
231.52,-0.013999999999999999
231.56,-0.016
231.6,-0.016
231.64000000000001,-0.018000000000000002
231.68,-0.016
231.72,-0.013999999999999999
231.76,-0.013999999999999999
231.8,-0.018000000000000002
231.84,-0.018000000000000002
231.88,-0.018000000000000002
231.92000000000002,-0.018000000000000002
231.96,-0.016
232.0,-0.012000000000000004
232.04,-0.010000000000000002
232.08,-0.016
232.12,-0.016
232.16,-0.012000000000000004
232.20000000000002,-0.013999999999999999
232.24,-0.018000000000000002
232.28,-0.016
232.32,-0.013999999999999999
232.36,-0.018000000000000002
232.4,-0.022000000000000002
232.44,-0.020000000000000004
232.48000000000002,-0.018000000000000002
232.52,-0.018000000000000002
232.56,-0.016
232.6,-0.010000000000000002
232.64000000000001,-0.013999999999999999
232.68,-0.013999999999999999
232.72,-0.010000000000000002
232.76,-0.006000000000000005
232.8,-0.012000000000000004
232.84,-0.018000000000000002
232.88,-0.013999999999999999
232.92000000000002,-0.012000000000000004
232.96,-0.010000000000000002
233.0,-0.010000000000000002
233.04,-0.016
233.08,-0.016
233.12,-0.013999999999999999
233.16,-0.016
233.20000000000002,-0.016
233.24,-0.013999999999999999
233.28,-0.012000000000000004
233.32,-0.010000000000000002
233.36,-0.012000000000000004
233.4,-0.008
233.44,-0.010000000000000002
233.48000000000002,-0.016
233.52,-0.013999999999999999
233.56,-0.008
233.6,-0.013999999999999999
233.64000000000001,-0.018000000000000002
233.68,-0.013999999999999999
233.72,-0.016
233.76,-0.020000000000000004
233.8,-0.018000000000000002
233.84,-0.016
233.88,-0.018000000000000002
233.92000000000002,-0.016
233.96,-0.006000000000000005
234.0,-0.006000000000000005
234.04,-0.013999999999999999
234.08,-0.016
234.12,-0.012000000000000004
234.16,-0.013999999999999999
234.20000000000002,-0.012000000000000004
234.24,-0.010000000000000002
234.28,-0.013999999999999999
234.32,-0.013999999999999999
234.36,-0.013999999999999999
234.4,-0.016
234.44,-0.018000000000000002
234.48000000000002,-0.016
234.52,-0.016
234.56,-0.018000000000000002
234.6,-0.013999999999999999
234.64000000000001,-0.010000000000000002
234.68,-0.010000000000000002
234.72,-0.008
234.76,-0.006000000000000005
234.8,-0.010000000000000002
234.84,-0.013999999999999999
234.88,-0.016
234.92000000000002,-0.010000000000000002
234.96,-0.013999999999999999
235.0,-0.016
235.04,-0.018000000000000002
235.08,-0.022000000000000002
235.12,-0.024
235.16,-0.016
235.20000000000002,-0.010000000000000002
235.24,-0.010000000000000002
235.28,-0.013999999999999999
235.32,-0.013999999999999999
235.36,-0.013999999999999999
235.4,-0.013999999999999999
235.44,-0.010000000000000002
235.48000000000002,-0.012000000000000004
235.52,-0.013999999999999999
235.56,-0.010000000000000002
235.6,-0.010000000000000002
235.64000000000001,-0.016
235.68,-0.013999999999999999
235.72,-0.013999999999999999
235.76,-0.018000000000000002
235.8,-0.018000000000000002
235.84,-0.010000000000000002
235.88,-0.012000000000000004
235.92000000000002,-0.018000000000000002
235.96,-0.016
236.0,-0.010000000000000002
236.04,-0.013999999999999999
236.08,-0.016
236.12,-0.010000000000000002
236.16,-0.010000000000000002
236.20000000000002,-0.012000000000000004
236.24,-0.012000000000000004
236.28,-0.016
236.32,-0.024
236.36,-0.026000000000000002
236.4,-0.020000000000000004
236.44,-0.018000000000000002
236.48000000000002,-0.018000000000000002
236.52,-0.018000000000000002
236.56,-0.018000000000000002
236.6,-0.018000000000000002
236.64000000000001,-0.013999999999999999
236.68,-0.013999999999999999
236.72,-0.018000000000000002
236.76,-0.013999999999999999
236.8,-0.010000000000000002
236.84,-0.013999999999999999
236.88,-0.013999999999999999
236.92000000000002,-0.013999999999999999
236.96,-0.013999999999999999
237.0,-0.018000000000000002
237.04,-0.018000000000000002
237.08,-0.013999999999999999
237.12,-0.013999999999999999
237.16,-0.018000000000000002
237.20000000000002,-0.016
237.24,-0.010000000000000002
237.28,-0.016
237.32,-0.018000000000000002
237.36,-0.012000000000000004
237.4,-0.010000000000000002
237.44,-0.010000000000000002
237.48000000000002,-0.010000000000000002
237.52,-0.012000000000000004
237.56,-0.016
237.6,-0.018000000000000002
237.64000000000001,-0.018000000000000002
237.68,-0.016
237.72,-0.022000000000000002
237.76,-0.022000000000000002
237.8,-0.018000000000000002
237.84,-0.016
237.88,-0.016
237.92000000000002,-0.016
237.96,-0.018000000000000002
238.0,-0.016
238.04,-0.013999999999999999
238.08,-0.013999999999999999
238.12,-0.016
238.16,-0.013999999999999999
238.20000000000002,-0.013999999999999999
238.24,-0.016
238.28,-0.018000000000000002
238.32,-0.018000000000000002
238.36,-0.018000000000000002
238.4,-0.018000000000000002
238.44,-0.016
238.48000000000002,-0.013999999999999999
238.52,-0.018000000000000002
238.56,-0.024
238.6,-0.018000000000000002
238.64000000000001,-0.012000000000000004
238.68,-0.013999999999999999
238.72,-0.010000000000000002
238.76,-0.010000000000000002
238.8,-0.012000000000000004
238.84,-0.013999999999999999
238.88,-0.010000000000000002
238.92000000000002,-0.013999999999999999
238.96,-0.022000000000000002
239.0,-0.024
239.04,-0.016
239.08,-0.016
239.12,-0.018000000000000002
239.16,-0.018000000000000002
239.20000000000002,-0.018000000000000002
239.24,-0.018000000000000002
239.28,-0.016
239.32,-0.016
239.36,-0.018000000000000002
239.4,-0.013999999999999999
239.44,-0.012000000000000004
239.48000000000002,-0.013999999999999999
239.52,-0.018000000000000002
239.56,-0.018000000000000002
239.6,-0.018000000000000002
239.64000000000001,-0.022000000000000002
239.68,-0.013999999999999999
239.72,-0.012000000000000004
239.76,-0.020000000000000004
239.8,-0.026000000000000002
239.84,-0.018000000000000002
239.88,-0.018000000000000002
239.92000000000002,-0.018000000000000002
239.96,-0.016
240.0,-0.012000000000000004
240.04,-0.016
240.08,-0.010000000000000002
240.12,-0.008
240.16,-0.016
240.20000000000002,-0.022000000000000002
240.24,-0.018000000000000002
240.28,-0.016
240.32,-0.018000000000000002
240.36,-0.018000000000000002
240.4,-0.018000000000000002
240.44,-0.022000000000000002
240.48000000000002,-0.022000000000000002
240.52,-0.018000000000000002
240.56,-0.022000000000000002
240.6,-0.018000000000000002
240.64000000000001,-0.013999999999999999
240.68,-0.013999999999999999
240.72,-0.018000000000000002
240.76,-0.018000000000000002
240.8,-0.016
240.84,-0.022000000000000002
240.88,-0.020000000000000004
240.92000000000002,-0.012000000000000004
240.96,-0.013999999999999999
241.0,-0.024
241.04,-0.022000000000000002
241.08,-0.018000000000000002
241.12,-0.022000000000000002
241.16,-0.022000000000000002
241.20000000000002,-0.018000000000000002
241.24,-0.018000000000000002
241.28,-0.018000000000000002
241.32,-0.010000000000000002
241.36,-0.010000000000000002
241.4,-0.016
241.44,-0.018000000000000002
241.48000000000002,-0.012000000000000004
241.52,-0.013999999999999999
241.56,-0.016
241.6,-0.016
241.64000000000001,-0.018000000000000002
241.68,-0.020000000000000004
241.72,-0.016
241.76,-0.020000000000000004
241.8,-0.024
241.84,-0.020000000000000004
241.88,-0.013999999999999999
241.92000000000002,-0.013999999999999999
241.96,-0.018000000000000002
242.0,-0.016
242.04,-0.018000000000000002
242.08,-0.022000000000000002
242.12,-0.018000000000000002
242.16,-0.013999999999999999
242.20000000000002,-0.018000000000000002
242.24,-0.022000000000000002
242.28,-0.016
242.32,-0.018000000000000002
242.36,-0.024
242.4,-0.024
242.44,-0.024
242.48000000000002,-0.024
242.52,-0.022000000000000002
242.56,-0.016
242.6,-0.018000000000000002
242.64000000000001,-0.018000000000000002
242.68,-0.018000000000000002
242.72,-0.016
242.76,-0.016
242.8,-0.013999999999999999
242.84,-0.013999999999999999
242.88,-0.016
242.92000000000002,-0.016
242.96,-0.013999999999999999
243.0,-0.022000000000000002
243.04,-0.022000000000000002
243.08,-0.018000000000000002
243.12,-0.016
243.16,-0.018000000000000002
243.20000000000002,-0.018000000000000002
243.24,-0.018000000000000002
243.28,-0.018000000000000002
243.32,-0.018000000000000002
243.36,-0.013999999999999999
243.4,-0.013999999999999999
243.44,-0.020000000000000004
243.48000000000002,-0.018000000000000002
243.52,-0.012000000000000004
243.56,-0.013999999999999999
243.6,-0.018000000000000002
243.64000000000001,-0.022000000000000002
243.68,-0.022000000000000002
243.72,-0.026000000000000002
243.76,-0.024
243.8,-0.022000000000000002
243.84,-0.022000000000000002
243.88,-0.022000000000000002
243.92000000000002,-0.022000000000000002
243.96,-0.018000000000000002
244.0,-0.018000000000000002
244.04,-0.018000000000000002
244.08,-0.018000000000000002
244.12,-0.016
244.16,-0.013999999999999999
244.20000000000002,-0.016
244.24,-0.020000000000000004
244.28,-0.022000000000000002
244.32,-0.022000000000000002
244.36,-0.018000000000000002
244.4,-0.022000000000000002
244.44,-0.022000000000000002
244.48000000000002,-0.018000000000000002
244.52,-0.018000000000000002
244.56,-0.018000000000000002
244.6,-0.016
244.64000000000001,-0.018000000000000002
244.68,-0.022000000000000002
244.72,-0.018000000000000002
244.76,-0.012000000000000004
244.8,-0.012000000000000004
244.84,-0.016
244.88,-0.018000000000000002
244.92000000000002,-0.018000000000000002
244.96,-0.022000000000000002
245.0,-0.022000000000000002
245.04,-0.022000000000000002
245.08,-0.024
245.12,-0.024
245.16,-0.022000000000000002
245.20000000000002,-0.020000000000000004
245.24,-0.024
245.28,-0.024
245.32,-0.020000000000000004
245.36,-0.016
245.4,-0.013999999999999999
245.44,-0.013999999999999999
245.48000000000002,-0.018000000000000002
245.52,-0.022000000000000002
245.56,-0.018000000000000002
245.6,-0.018000000000000002
245.64000000000001,-0.024
245.68,-0.024
245.72,-0.018000000000000002
245.76,-0.020000000000000004
245.8,-0.020000000000000004
245.84,-0.016
245.88,-0.022000000000000002
245.92000000000002,-0.026000000000000002
245.96,-0.022000000000000002
246.0,-0.013999999999999999
246.04,-0.018000000000000002
246.08,-0.018000000000000002
246.12,-0.013999999999999999
246.16,-0.018000000000000002
246.20000000000002,-0.020000000000000004
246.24,-0.020000000000000004
246.28,-0.018000000000000002
246.32,-0.024
246.36,-0.024
246.4,-0.018000000000000002
246.44,-0.022000000000000002
246.48000000000002,-0.028000000000000004
246.52,-0.026000000000000002
246.56,-0.024
246.6,-0.022000000000000002
246.64000000000001,-0.018000000000000002
246.68,-0.018000000000000002
246.72,-0.022000000000000002
246.76000000000002,-0.018000000000000002
246.8,-0.013999999999999999
246.84,-0.022000000000000002
246.88,-0.026000000000000002
246.92000000000002,-0.022000000000000002
246.96,-0.018000000000000002
247.0,-0.022000000000000002
247.04,-0.018000000000000002
247.08,-0.018000000000000002
247.12,-0.024
247.16,-0.026000000000000002
247.20000000000002,-0.022000000000000002
247.24,-0.018000000000000002
247.28,-0.022000000000000002
247.32,-0.018000000000000002
247.36,-0.013999999999999999
247.4,-0.016
247.44,-0.018000000000000002
247.48000000000002,-0.016
247.52,-0.018000000000000002
247.56,-0.022000000000000002
247.6,-0.018000000000000002
247.64000000000001,-0.018000000000000002
247.68,-0.022000000000000002
247.72,-0.028000000000000004
247.76000000000002,-0.026000000000000002
247.8,-0.026000000000000002
247.84,-0.024
247.88,-0.024
247.92000000000002,-0.024
247.96,-0.022000000000000002
248.0,-0.018000000000000002
248.04,-0.016
248.08,-0.024
248.12,-0.026000000000000002
248.16,-0.022000000000000002
248.20000000000002,-0.022000000000000002
248.24,-0.022000000000000002
248.28,-0.020000000000000004
248.32,-0.022000000000000002
248.36,-0.024
248.4,-0.026000000000000002
248.44,-0.024
248.48000000000002,-0.024
248.52,-0.026000000000000002
248.56,-0.022000000000000002
248.6,-0.018000000000000002
248.64000000000001,-0.022000000000000002
248.68,-0.022000000000000002
248.72,-0.018000000000000002
248.76000000000002,-0.018000000000000002
248.8,-0.018000000000000002
248.84,-0.016
248.88,-0.013999999999999999
248.92000000000002,-0.018000000000000002
248.96,-0.022000000000000002
249.0,-0.022000000000000002
249.04,-0.022000000000000002
249.08,-0.024
249.12,-0.026000000000000002
249.16,-0.026000000000000002
249.20000000000002,-0.024
249.24,-0.018000000000000002
249.28,-0.018000000000000002
249.32,-0.024
249.36,-0.024
249.4,-0.018000000000000002
249.44,-0.020000000000000004
249.48000000000002,-0.022000000000000002
249.52,-0.020000000000000004
249.56,-0.022000000000000002
249.6,-0.024
249.64000000000001,-0.024
249.68,-0.022000000000000002
249.72,-0.026000000000000002
249.76000000000002,-0.030000000000000002
249.8,-0.026000000000000002
249.84,-0.022000000000000002
249.88,-0.026000000000000002
249.92000000000002,-0.026000000000000002
249.96,-0.022000000000000002
250.0,-0.022000000000000002
250.04,-0.022000000000000002
250.08,-0.018000000000000002
250.12,-0.018000000000000002
250.16,-0.020000000000000004
250.20000000000002,-0.020000000000000004
250.24,-0.018000000000000002
250.28,-0.018000000000000002
250.32,-0.022000000000000002
250.36,-0.026000000000000002
250.4,-0.030000000000000002
250.44,-0.026000000000000002
250.48000000000002,-0.022000000000000002
250.52,-0.022000000000000002
250.56,-0.026000000000000002
250.6,-0.024
250.64000000000001,-0.018000000000000002
250.68,-0.022000000000000002
250.72,-0.024
250.76000000000002,-0.022000000000000002
250.8,-0.020000000000000004
250.84,-0.024
250.88,-0.018000000000000002
250.92000000000002,-0.018000000000000002
250.96,-0.026000000000000002
251.0,-0.028000000000000004
251.04,-0.024
251.08,-0.024
251.12,-0.028000000000000004
251.16,-0.024
251.20000000000002,-0.024
251.24,-0.026000000000000002
251.28,-0.026000000000000002
251.32,-0.022000000000000002
251.36,-0.024
251.4,-0.026000000000000002
251.44,-0.020000000000000004
251.48000000000002,-0.013999999999999999
251.52,-0.018000000000000002
251.56,-0.020000000000000004
251.6,-0.024
251.64000000000001,-0.028000000000000004
251.68,-0.026000000000000002
251.72,-0.022000000000000002
251.76000000000002,-0.026000000000000002
251.8,-0.030000000000000002
251.84,-0.024
251.88,-0.022000000000000002
251.92000000000002,-0.026000000000000002
251.96,-0.026000000000000002
252.0,-0.022000000000000002
252.04,-0.024
252.08,-0.026000000000000002
252.12,-0.018000000000000002
252.16,-0.018000000000000002
252.20000000000002,-0.028000000000000004
252.24,-0.026000000000000002
252.28,-0.022000000000000002
252.32,-0.026000000000000002
252.36,-0.030000000000000002
252.4,-0.024
252.44,-0.024
252.48000000000002,-0.028000000000000004
252.52,-0.026000000000000002
252.56,-0.026000000000000002
252.6,-0.032
252.64000000000001,-0.030000000000000002
252.68,-0.022000000000000002
252.72,-0.018000000000000002
252.76000000000002,-0.020000000000000004
252.8,-0.018000000000000002
252.84,-0.020000000000000004
252.88,-0.024
252.92000000000002,-0.022000000000000002
252.96,-0.018000000000000002
253.0,-0.028000000000000004
253.04,-0.028000000000000004
253.08,-0.022000000000000002
253.12,-0.022000000000000002
253.16,-0.028000000000000004
253.20000000000002,-0.026000000000000002
253.24,-0.022000000000000002
253.28,-0.026000000000000002
253.32,-0.022000000000000002
253.36,-0.018000000000000002
253.4,-0.022000000000000002
253.44,-0.024
253.48000000000002,-0.024
253.52,-0.024
253.56,-0.028000000000000004
253.6,-0.030000000000000002
253.64000000000001,-0.024
253.68,-0.024
253.72,-0.026000000000000002
253.76000000000002,-0.026000000000000002
253.8,-0.030000000000000002
253.84,-0.034
253.88,-0.034
253.92000000000002,-0.026000000000000002
253.96,-0.026000000000000002
254.0,-0.026000000000000002
254.04,-0.026000000000000002
254.08,-0.026000000000000002
254.12,-0.022000000000000002
254.16,-0.022000000000000002
254.20000000000002,-0.024
254.24,-0.028000000000000004
254.28,-0.026000000000000002
254.32,-0.022000000000000002
254.36,-0.026000000000000002
254.4,-0.030000000000000002
254.44,-0.026000000000000002
254.48000000000002,-0.026000000000000002
254.52,-0.028000000000000004
254.56,-0.026000000000000002
254.6,-0.024
254.64000000000001,-0.024
254.68,-0.024
254.72,-0.018000000000000002
254.76000000000002,-0.018000000000000002
254.8,-0.026000000000000002
254.84,-0.026000000000000002
254.88,-0.024
254.92000000000002,-0.024
254.96,-0.026000000000000002
255.0,-0.026000000000000002
255.04,-0.024
255.08,-0.030000000000000002
255.12,-0.030000000000000002
255.16,-0.026000000000000002
255.20000000000002,-0.030000000000000002
255.24,-0.034
255.28,-0.030000000000000002
255.32,-0.026000000000000002
255.36,-0.024
255.4,-0.022000000000000002
255.44,-0.026000000000000002
255.48000000000002,-0.026000000000000002
255.52,-0.024
255.56,-0.024
255.6,-0.026000000000000002
255.64000000000001,-0.030000000000000002
255.68,-0.026000000000000002
255.72,-0.026000000000000002
255.76000000000002,-0.030000000000000002
255.8,-0.034
255.84,-0.030000000000000002
255.88,-0.030000000000000002
255.92000000000002,-0.026000000000000002
255.96,-0.022000000000000002
256.0,-0.022000000000000002
256.04,-0.026000000000000002
256.08,-0.026000000000000002
256.12,-0.024
256.16,-0.026000000000000002
256.2,-0.026000000000000002
256.24,-0.026000000000000002
256.28000000000003,-0.024
256.32,-0.026000000000000002
256.36,-0.028000000000000004
256.4,-0.026000000000000002
256.44,-0.030000000000000002
256.48,-0.034
256.52,-0.034
256.56,-0.028000000000000004
256.6,-0.026000000000000002
256.64,-0.026000000000000002
256.68,-0.028000000000000004
256.72,-0.028000000000000004
256.76,-0.026000000000000002
256.8,-0.024
256.84000000000003,-0.026000000000000002
256.88,-0.026000000000000002
256.92,-0.024
256.96,-0.024
257.0,-0.030000000000000002
257.04,-0.032
257.08,-0.030000000000000002
257.12,-0.032
257.16,-0.030000000000000002
257.2,-0.024
257.24,-0.026000000000000002
257.28000000000003,-0.030000000000000002
257.32,-0.026000000000000002
257.36,-0.024
257.4,-0.026000000000000002
257.44,-0.030000000000000002
257.48,-0.024
257.52,-0.026000000000000002
257.56,-0.026000000000000002
257.6,-0.024
257.64,-0.024
257.68,-0.030000000000000002
257.72,-0.034
257.76,-0.030000000000000002
257.8,-0.030000000000000002
257.84000000000003,-0.030000000000000002
257.88,-0.030000000000000002
257.92,-0.032
257.96,-0.034
258.0,-0.030000000000000002
258.04,-0.030000000000000002
258.08,-0.032
258.12,-0.026000000000000002
258.16,-0.022000000000000002
258.2,-0.026000000000000002
258.24,-0.030000000000000002
258.28000000000003,-0.030000000000000002
258.32,-0.032
258.36,-0.038000000000000006
258.4,-0.032
258.44,-0.030000000000000002
258.48,-0.034
258.52,-0.032
258.56,-0.026000000000000002
258.6,-0.026000000000000002
258.64,-0.032
258.68,-0.030000000000000002
258.72,-0.026000000000000002
258.76,-0.028000000000000004
258.8,-0.026000000000000002
258.84000000000003,-0.020000000000000004
258.88,-0.024
258.92,-0.028000000000000004
258.96,-0.028000000000000004
259.0,-0.026000000000000002
259.04,-0.028000000000000004
259.08,-0.028000000000000004
259.12,-0.030000000000000002
259.16,-0.032
259.2,-0.030000000000000002
259.24,-0.030000000000000002
259.28000000000003,-0.034
259.32,-0.036000000000000004
259.36,-0.030000000000000002
259.4,-0.024
259.44,-0.026000000000000002
259.48,-0.030000000000000002
259.52,-0.026000000000000002
259.56,-0.030000000000000002
259.6,-0.032
259.64,-0.030000000000000002
259.68,-0.030000000000000002
259.72,-0.038000000000000006
259.76,-0.036000000000000004
259.8,-0.030000000000000002
259.84000000000003,-0.032
259.88,-0.034
259.92,-0.034
259.96,-0.032
260.0,-0.032
260.04,-0.030000000000000002
260.08,-0.026000000000000002
260.12,-0.026000000000000002
260.16,-0.030000000000000002
260.2,-0.030000000000000002
260.24,-0.026000000000000002
260.28000000000003,-0.026000000000000002
260.32,-0.030000000000000002
260.36,-0.030000000000000002
260.4,-0.030000000000000002
260.44,-0.028000000000000004
260.48,-0.030000000000000002
260.52,-0.036000000000000004
260.56,-0.036000000000000004
260.6,-0.030000000000000002
260.64,-0.028000000000000004
260.68,-0.030000000000000002
260.72,-0.030000000000000002
260.76,-0.026000000000000002
260.8,-0.024
260.84000000000003,-0.026000000000000002
260.88,-0.030000000000000002
260.92,-0.030000000000000002
260.96,-0.034
261.0,-0.034
261.04,-0.030000000000000002
261.08,-0.032
261.12,-0.036000000000000004
261.16,-0.034
261.2,-0.032
261.24,-0.036000000000000004
261.28000000000003,-0.034
261.32,-0.030000000000000002
261.36,-0.030000000000000002
261.4,-0.034
261.44,-0.030000000000000002
261.48,-0.026000000000000002
261.52,-0.032
261.56,-0.034
261.6,-0.030000000000000002
261.64,-0.028000000000000004
261.68,-0.030000000000000002
261.72,-0.030000000000000002
261.76,-0.034
261.8,-0.038000000000000006
261.84000000000003,-0.032
261.88,-0.034
261.92,-0.04
261.96,-0.038000000000000006
262.0,-0.030000000000000002
262.04,-0.026000000000000002
262.08,-0.028000000000000004
262.12,-0.030000000000000002
262.16,-0.030000000000000002
262.2,-0.034
262.24,-0.032
262.28000000000003,-0.028000000000000004
262.32,-0.034
262.36,-0.038000000000000006
262.4,-0.034
262.44,-0.034
262.48,-0.038000000000000006
262.52,-0.038000000000000006
262.56,-0.032
262.6,-0.034
262.64,-0.034
262.68,-0.030000000000000002
262.72,-0.026000000000000002
262.76,-0.032
262.8,-0.034
262.84000000000003,-0.030000000000000002
262.88,-0.030000000000000002
262.92,-0.028000000000000004
262.96,-0.030000000000000002
263.0,-0.032
263.04,-0.030000000000000002
263.08,-0.026000000000000002
263.12,-0.034
263.16,-0.04
263.2,-0.038000000000000006
263.24,-0.032
263.28000000000003,-0.032
263.32,-0.030000000000000002
263.36,-0.030000000000000002
263.4,-0.032
263.44,-0.034
263.48,-0.030000000000000002
263.52,-0.028000000000000004
263.56,-0.034
263.6,-0.034
263.64,-0.032
263.68,-0.034
263.72,-0.04
263.76,-0.04
263.8,-0.04
263.84000000000003,-0.042
263.88,-0.04
263.92,-0.034
263.96,-0.034
264.0,-0.036000000000000004
264.04,-0.034
264.08,-0.034
264.12,-0.032
264.16,-0.034
264.2,-0.034
264.24,-0.034
264.28000000000003,-0.028000000000000004
264.32,-0.028000000000000004
264.36,-0.034
264.4,-0.04
264.44,-0.036000000000000004
264.48,-0.034
264.52,-0.034
264.56,-0.032
264.6,-0.034
264.64,-0.038000000000000006
264.68,-0.034
264.72,-0.028000000000000004
264.76,-0.030000000000000002
264.8,-0.032
264.84000000000003,-0.030000000000000002
264.88,-0.030000000000000002
264.92,-0.030000000000000002
264.96,-0.034
265.0,-0.034
265.04,-0.036000000000000004
265.08,-0.04
265.12,-0.04
265.16,-0.036000000000000004
265.2,-0.038000000000000006
265.24,-0.038000000000000006
265.28000000000003,-0.036000000000000004
265.32,-0.034
265.36,-0.036000000000000004
265.4,-0.038000000000000006
265.44,-0.038000000000000006
265.48,-0.034
265.52,-0.030000000000000002
265.56,-0.032
265.6,-0.036000000000000004
265.64,-0.038000000000000006
265.68,-0.034
265.72,-0.034
265.76,-0.038000000000000006
265.8,-0.04
265.84000000000003,-0.038000000000000006
265.88,-0.04
265.92,-0.038000000000000006
265.96,-0.034
266.0,-0.034
266.04,-0.038000000000000006
266.08,-0.034
266.12,-0.030000000000000002
266.16,-0.032
266.2,-0.034
266.24,-0.030000000000000002
266.28000000000003,-0.034
266.32,-0.04
266.36,-0.04
266.4,-0.036000000000000004
266.44,-0.042
266.48,-0.042
266.52,-0.038000000000000006
266.56,-0.036000000000000004
266.6,-0.038000000000000006
266.64,-0.04
266.68,-0.04
266.72,-0.036000000000000004
266.76,-0.032
266.8,-0.034
266.84000000000003,-0.038000000000000006
266.88,-0.036000000000000004
266.92,-0.030000000000000002
266.96,-0.032
267.0,-0.04
267.04,-0.04
267.08,-0.038000000000000006
267.12,-0.04
267.16,-0.038000000000000006
267.2,-0.034
267.24,-0.036000000000000004
267.28000000000003,-0.042
267.32,-0.036000000000000004
267.36,-0.034
267.4,-0.038000000000000006
267.44,-0.034
267.48,-0.028000000000000004
267.52,-0.030000000000000002
267.56,-0.036000000000000004
267.6,-0.034
267.64,-0.038000000000000006
267.68,-0.046
267.72,-0.044000000000000004
267.76,-0.038000000000000006
267.8,-0.036000000000000004
267.84000000000003,-0.042
267.88,-0.04
267.92,-0.04
267.96,-0.04
268.0,-0.038000000000000006
268.04,-0.04
268.08,-0.044000000000000004
268.12,-0.036000000000000004
268.16,-0.032
268.2,-0.034
268.24,-0.04
268.28000000000003,-0.04
268.32,-0.04
268.36,-0.042
268.4,-0.04
268.44,-0.038000000000000006
268.48,-0.04
268.52,-0.042
268.56,-0.038000000000000006
268.6,-0.04
268.64,-0.042
268.68,-0.038000000000000006
268.72,-0.030000000000000002
268.76,-0.034
268.8,-0.034
268.84000000000003,-0.030000000000000002
268.88,-0.034
268.92,-0.04
268.96,-0.038000000000000006
269.0,-0.036000000000000004
269.04,-0.04
269.08,-0.042
269.12,-0.04
269.16,-0.038000000000000006
269.2,-0.038000000000000006
269.24,-0.038000000000000006
269.28000000000003,-0.042
269.32,-0.044000000000000004
269.36,-0.038000000000000006
269.4,-0.032
269.44,-0.038000000000000006
269.48,-0.04
269.52,-0.038000000000000006
269.56,-0.04
269.6,-0.042
269.64,-0.04
269.68,-0.04
269.72,-0.044000000000000004
269.76,-0.042
269.8,-0.038000000000000006
269.84000000000003,-0.042
269.88,-0.046
269.92,-0.042
269.96,-0.04
270.0,-0.042
270.04,-0.038000000000000006
270.08,-0.032
270.12,-0.034
270.16,-0.038000000000000006
270.2,-0.034
270.24,-0.036000000000000004
270.28000000000003,-0.042
270.32,-0.042
270.36,-0.042
270.4,-0.038000000000000006
270.44,-0.038000000000000006
270.48,-0.04
270.52,-0.044000000000000004
270.56,-0.042
270.6,-0.038000000000000006
270.64,-0.04
270.68,-0.042
270.72,-0.04
270.76,-0.038000000000000006
270.8,-0.038000000000000006
270.84000000000003,-0.038000000000000006
270.88,-0.038000000000000006
270.92,-0.042
270.96,-0.044000000000000004
271.0,-0.04
271.04,-0.04
271.08,-0.042
271.12,-0.044000000000000004
271.16,-0.04
271.2,-0.042
271.24,-0.048
271.28000000000003,-0.046
271.32,-0.04
271.36,-0.04
271.4,-0.04
271.44,-0.032
271.48,-0.030000000000000002
271.52,-0.038000000000000006
271.56,-0.042
271.6,-0.042
271.64,-0.04
271.68,-0.04
271.72,-0.042
271.76,-0.044000000000000004
271.8,-0.042
271.84000000000003,-0.04
271.88,-0.042
271.92,-0.048
271.96,-0.046
272.0,-0.04
272.04,-0.038000000000000006
272.08,-0.04
272.12,-0.038000000000000006
272.16,-0.04
272.2,-0.044000000000000004
272.24,-0.044000000000000004
272.28000000000003,-0.042
272.32,-0.046
272.36,-0.042
272.4,-0.04
272.44,-0.042
272.48,-0.048
272.52,-0.048
272.56,-0.044000000000000004
272.6,-0.048
272.64,-0.046
272.68,-0.038000000000000006
272.72,-0.034
272.76,-0.04
272.8,-0.04
272.84000000000003,-0.034
272.88,-0.038000000000000006
272.92,-0.042
272.96,-0.046
273.0,-0.042
273.04,-0.042
273.08,-0.038000000000000006
273.12,-0.042
273.16,-0.046
273.2,-0.044000000000000004
273.24,-0.04
273.28000000000003,-0.042
273.32,-0.042
273.36,-0.04
273.40000000000003,-0.038000000000000006
273.44,-0.042
273.48,-0.042
273.52,-0.04
273.56,-0.046
273.6,-0.042
273.64,-0.042
273.68,-0.042
273.72,-0.048
273.76,-0.046
273.8,-0.046
273.84000000000003,-0.05
273.88,-0.05
273.92,-0.044000000000000004
273.96,-0.046
274.0,-0.05
274.04,-0.042
274.08,-0.034
274.12,-0.038000000000000006
274.16,-0.046
274.2,-0.048
274.24,-0.046
274.28000000000003,-0.044000000000000004
274.32,-0.04
274.36,-0.048
274.40000000000003,-0.048
274.44,-0.042
274.48,-0.042
274.52,-0.046
274.56,-0.046
274.6,-0.042
274.64,-0.042
274.68,-0.042
274.72,-0.04
274.76,-0.04
274.8,-0.042
274.84000000000003,-0.042
274.88,-0.042
274.92,-0.046
274.96,-0.046
275.0,-0.042
275.04,-0.042
275.08,-0.048
275.12,-0.048
275.16,-0.046
275.2,-0.054000000000000006
275.24,-0.054000000000000006
275.28000000000003,-0.046
275.32,-0.04
275.36,-0.04
275.40000000000003,-0.046
275.44,-0.044000000000000004
275.48,-0.042
275.52,-0.042
275.56,-0.046
275.6,-0.05
275.64,-0.05
275.68,-0.044000000000000004
275.72,-0.044000000000000004
275.76,-0.048
275.8,-0.048
275.84000000000003,-0.048
275.88,-0.048
275.92,-0.048
275.96,-0.042
276.0,-0.042
276.04,-0.042
276.08,-0.042
276.12,-0.042
276.16,-0.046
276.2,-0.048
276.24,-0.044000000000000004
276.28000000000003,-0.042
276.32,-0.046
276.36,-0.044000000000000004
276.40000000000003,-0.044000000000000004
276.44,-0.054000000000000006
276.48,-0.056
276.52,-0.05
276.56,-0.046
276.6,-0.05
276.64,-0.05
276.68,-0.046
276.72,-0.04
276.76,-0.042
276.8,-0.046
276.84000000000003,-0.05
276.88,-0.05
276.92,-0.044000000000000004
276.96,-0.046
277.0,-0.048
277.04,-0.048
277.08,-0.046
277.12,-0.05
277.16,-0.05
277.2,-0.046
277.24,-0.046
277.28000000000003,-0.048
277.32,-0.042
277.36,-0.042
277.40000000000003,-0.046
277.44,-0.046
277.48,-0.042
277.52,-0.042
277.56,-0.046
277.6,-0.042
277.64,-0.042
277.68,-0.05
277.72,-0.05
277.76,-0.046
277.8,-0.05
277.84000000000003,-0.058
277.88,-0.058
277.92,-0.05
277.96,-0.046
278.0,-0.044000000000000004
278.04,-0.046
278.08,-0.05
278.12,-0.048
278.16,-0.048
278.2,-0.048
278.24,-0.054000000000000006
278.28000000000003,-0.05
278.32,-0.048
278.36,-0.05
278.40000000000003,-0.052000000000000005
278.44,-0.05
278.48,-0.054000000000000006
278.52,-0.054000000000000006
278.56,-0.048
278.6,-0.048
278.64,-0.05
278.68,-0.044000000000000004
278.72,-0.042
278.76,-0.046
278.8,-0.05
278.84000000000003,-0.044000000000000004
278.88,-0.046
278.92,-0.05
278.96,-0.046
279.0,-0.04
279.04,-0.046
279.08,-0.056
279.12,-0.056
279.16,-0.05
279.2,-0.05
279.24,-0.05
279.28000000000003,-0.05
279.32,-0.05
279.36,-0.046
279.40000000000003,-0.042
279.44,-0.046
279.48,-0.048
279.52,-0.046
279.56,-0.046
279.6,-0.05
279.64,-0.05
279.68,-0.05
279.72,-0.054000000000000006
279.76,-0.056
279.8,-0.054000000000000006
279.84000000000003,-0.054000000000000006
279.88,-0.054000000000000006
279.92,-0.05
279.96,-0.046
280.0,-0.05
280.04,-0.05
280.08,-0.046
280.12,-0.05
280.16,-0.054000000000000006
280.2,-0.046
280.24,-0.042
280.28000000000003,-0.046
280.32,-0.054000000000000006
280.36,-0.052000000000000005
280.40000000000003,-0.046
280.44,-0.052000000000000005
280.48,-0.056
280.52,-0.056
280.56,-0.05
280.6,-0.046
280.64,-0.048
280.68,-0.05
280.72,-0.05
280.76,-0.05
280.8,-0.05
280.84000000000003,-0.05
280.88,-0.05
280.92,-0.05
280.96,-0.052000000000000005
281.0,-0.054000000000000006
281.04,-0.056
281.08,-0.056
281.12,-0.056
281.16,-0.054000000000000006
281.2,-0.052000000000000005
281.24,-0.052000000000000005
281.28000000000003,-0.05
281.32,-0.048
281.36,-0.05
281.40000000000003,-0.052000000000000005
281.44,-0.048
281.48,-0.046
281.52,-0.05
281.56,-0.052000000000000005
281.6,-0.048
281.64,-0.046
281.68,-0.052000000000000005
281.72,-0.058
281.76,-0.058
281.8,-0.054000000000000006
281.84000000000003,-0.052000000000000005
281.88,-0.05
281.92,-0.052000000000000005
281.96,-0.05
282.0,-0.05
282.04,-0.05
282.08,-0.054000000000000006
282.12,-0.052000000000000005
282.16,-0.05
282.2,-0.052000000000000005
282.24,-0.052000000000000005
282.28000000000003,-0.054000000000000006
282.32,-0.056
282.36,-0.058
282.40000000000003,-0.056
282.44,-0.058
282.48,-0.058
282.52,-0.056
282.56,-0.05
282.6,-0.054000000000000006
282.64,-0.054000000000000006
282.68,-0.05
282.72,-0.052000000000000005
282.76,-0.058
282.8,-0.054000000000000006
282.84000000000003,-0.046
282.88,-0.046
282.92,-0.05
282.96,-0.054000000000000006
283.0,-0.056
283.04,-0.054000000000000006
283.08,-0.052000000000000005
283.12,-0.054000000000000006
283.16,-0.056
283.2,-0.054000000000000006
283.24,-0.046
283.28000000000003,-0.052000000000000005
283.32,-0.054000000000000006
283.36,-0.05
283.40000000000003,-0.05
283.44,-0.05
283.48,-0.05
283.52,-0.048
283.56,-0.054000000000000006
283.6,-0.056
283.64,-0.054000000000000006
283.68,-0.058
283.72,-0.064
283.76,-0.058
283.8,-0.054000000000000006
283.84000000000003,-0.058
283.88,-0.056
283.92,-0.052000000000000005
283.96,-0.056
284.0,-0.062
284.04,-0.056
284.08,-0.048
284.12,-0.052000000000000005
284.16,-0.056
284.2,-0.054000000000000006
284.24,-0.054000000000000006
284.28000000000003,-0.054000000000000006
284.32,-0.054000000000000006
284.36,-0.060000000000000005
284.40000000000003,-0.062
284.44,-0.056
284.48,-0.052000000000000005
284.52,-0.056
284.56,-0.058
284.6,-0.054000000000000006
284.64,-0.054000000000000006
284.68,-0.054000000000000006
284.72,-0.05
284.76,-0.05
284.8,-0.052000000000000005
284.84000000000003,-0.05
284.88,-0.05
284.92,-0.056
284.96,-0.060000000000000005
285.0,-0.058
285.04,-0.058
285.08,-0.062
285.12,-0.056
285.16,-0.054000000000000006
285.2,-0.058
285.24,-0.060000000000000005
285.28000000000003,-0.056
285.32,-0.05
285.36,-0.056
285.40000000000003,-0.062
285.44,-0.058
285.48,-0.052000000000000005
285.52,-0.05
285.56,-0.056
285.6,-0.058
285.64,-0.060000000000000005
285.68,-0.058
285.72,-0.058
285.76,-0.060000000000000005
285.8,-0.060000000000000005
285.84000000000003,-0.056
285.88,-0.056
285.92,-0.058
285.96,-0.058
286.0,-0.056
286.04,-0.054000000000000006
286.08,-0.054000000000000006
286.12,-0.05
286.16,-0.052000000000000005
286.2,-0.056
286.24,-0.058
286.28000000000003,-0.058
286.32,-0.062
286.36,-0.062
286.40000000000003,-0.058
286.44,-0.062
286.48,-0.062
286.52,-0.056
286.56,-0.052000000000000005
286.6,-0.060000000000000005
286.64,-0.064
286.68,-0.058
286.72,-0.054000000000000006
286.76,-0.054000000000000006
286.8,-0.058
286.84000000000003,-0.058
286.88,-0.060000000000000005
286.92,-0.058
286.96,-0.058
287.0,-0.062
287.04,-0.062
287.08,-0.058
287.12,-0.058
287.16,-0.062
287.2,-0.060000000000000005
287.24,-0.058
287.28000000000003,-0.058
287.32,-0.056
287.36,-0.054000000000000006
287.40000000000003,-0.054000000000000006
287.44,-0.052000000000000005
287.48,-0.05
287.52,-0.054000000000000006
287.56,-0.060000000000000005
287.6,-0.062
287.64,-0.058
287.68,-0.064
287.72,-0.062
287.76,-0.054000000000000006
287.8,-0.058
287.84000000000003,-0.064
287.88,-0.064
287.92,-0.058
287.96,-0.056
288.0,-0.058
288.04,-0.060000000000000005
288.08,-0.062
288.12,-0.058
288.16,-0.058
288.2,-0.062
288.24,-0.066
288.28000000000003,-0.062
288.32,-0.058
288.36,-0.064
288.40000000000003,-0.064
288.44,-0.062
288.48,-0.064
288.52,-0.066
288.56,-0.062
288.6,-0.062
288.64,-0.062
288.68,-0.056
288.72,-0.05
288.76,-0.056
288.8,-0.058
288.84000000000003,-0.056
288.88,-0.058
288.92,-0.064
288.96,-0.060000000000000005
289.0,-0.056
289.04,-0.060000000000000005
289.08,-0.066
289.12,-0.062
289.16,-0.058
289.2,-0.058
289.24,-0.060000000000000005
289.28000000000003,-0.062
289.32,-0.060000000000000005
289.36,-0.054000000000000006
289.40000000000003,-0.056
289.44,-0.062
289.48,-0.062
289.52,-0.060000000000000005
289.56,-0.062
289.6,-0.064
289.64,-0.064
289.68,-0.062
289.72,-0.064
289.76,-0.064
289.8,-0.064
289.84000000000003,-0.068
289.88,-0.068
289.92,-0.062
289.96,-0.058
290.0,-0.062
290.04,-0.058
290.08,-0.056
290.12,-0.058
290.16,-0.062
290.2,-0.060000000000000005
290.24,-0.060000000000000005
290.28000000000003,-0.066
290.32,-0.068
290.36,-0.062
290.40000000000003,-0.058
290.44,-0.062
290.48,-0.066
290.52,-0.066
290.56,-0.062
290.6,-0.058
290.64,-0.058
290.68,-0.062
290.72,-0.062
290.76,-0.058
290.8,-0.060000000000000005
290.84000000000003,-0.066
290.88,-0.066
290.92,-0.064
290.96,-0.062
291.0,-0.064
291.04,-0.064
291.08,-0.066
291.12,-0.07
291.16,-0.068
291.2,-0.066
291.24,-0.066
291.28000000000003,-0.062
291.32,-0.058
291.36,-0.058
291.40000000000003,-0.062
291.44,-0.058
291.48,-0.058
291.52,-0.066
291.56,-0.07200000000000001
291.6,-0.062
291.64,-0.056
291.68,-0.064
291.72,-0.07
291.76,-0.066
291.8,-0.062
291.84000000000003,-0.066
291.88,-0.064
291.92,-0.064
291.96,-0.062
292.0,-0.058
292.04,-0.058
292.08,-0.066
292.12,-0.064
292.16,-0.060000000000000005
292.2,-0.062
292.24,-0.066
292.28000000000003,-0.064
292.32,-0.064
292.36,-0.07
292.40000000000003,-0.066
292.44,-0.068
292.48,-0.07400000000000001
292.52,-0.07200000000000001
292.56,-0.066
292.6,-0.066
292.64,-0.066
292.68,-0.058
292.72,-0.062
292.76,-0.07
292.8,-0.066
292.84000000000003,-0.058
292.88,-0.062
292.92,-0.07
292.96,-0.07
293.0,-0.064
293.04,-0.064
293.08,-0.066
293.12,-0.066
293.16,-0.068
293.2,-0.066
293.24,-0.062
293.28000000000003,-0.062
293.32,-0.064
293.36,-0.062
293.40000000000003,-0.060000000000000005
293.44,-0.066
293.48,-0.066
293.52,-0.064
293.56,-0.066
293.6,-0.064
293.64,-0.062
293.68,-0.066
293.72,-0.07200000000000001
293.76,-0.07200000000000001
293.8,-0.07
293.84000000000003,-0.07400000000000001
293.88,-0.07
293.92,-0.064
293.96,-0.066
294.0,-0.07200000000000001
294.04,-0.066
294.08,-0.062
294.12,-0.066
294.16,-0.07200000000000001
294.2,-0.07
294.24,-0.068
294.28000000000003,-0.066
294.32,-0.068
294.36,-0.07200000000000001
294.40000000000003,-0.07200000000000001
294.44,-0.07
294.48,-0.068
294.52,-0.07
294.56,-0.066
294.6,-0.062
294.64,-0.064
294.68,-0.066
294.72,-0.066
294.76,-0.066
294.8,-0.068
294.84000000000003,-0.064
294.88,-0.062
294.92,-0.066
294.96,-0.066
295.0,-0.066
295.04,-0.07
295.08,-0.07400000000000001
295.12,-0.07200000000000001
295.16,-0.07
295.2,-0.07200000000000001
295.24,-0.07
295.28000000000003,-0.064
295.32,-0.060000000000000005
295.36,-0.068
295.40000000000003,-0.07400000000000001
295.44,-0.068
295.48,-0.064
295.52,-0.066
295.56,-0.07
295.6,-0.07
295.64,-0.07
295.68,-0.07
295.72,-0.07400000000000001
295.76,-0.07600000000000001
295.8,-0.07400000000000001
295.84000000000003,-0.068
295.88,-0.066
295.92,-0.068
295.96,-0.07
296.0,-0.068
296.04,-0.066
296.08,-0.066
296.12,-0.068
296.16,-0.068
296.2,-0.068
296.24,-0.064
296.28000000000003,-0.066
296.32,-0.07200000000000001
296.36,-0.07200000000000001
296.40000000000003,-0.07200000000000001
296.44,-0.078
296.48,-0.07600000000000001
296.52,-0.068
296.56,-0.066
296.6,-0.07200000000000001
296.64,-0.07400000000000001
296.68,-0.066
296.72,-0.064
296.76,-0.07
296.8,-0.07200000000000001
296.84000000000003,-0.068
296.88,-0.068
296.92,-0.07
296.96,-0.07400000000000001
297.0,-0.078
297.04,-0.07600000000000001
297.08,-0.07200000000000001
297.12,-0.07200000000000001
297.16,-0.07400000000000001
297.2,-0.07200000000000001
297.24,-0.066
297.28000000000003,-0.066
297.32,-0.068
297.36,-0.07
297.40000000000003,-0.07200000000000001
297.44,-0.07200000000000001
297.48,-0.066
297.52,-0.064
297.56,-0.066
297.6,-0.068
297.64,-0.07
297.68,-0.07600000000000001
297.72,-0.07400000000000001
297.76,-0.07
297.8,-0.07400000000000001
297.84000000000003,-0.08
297.88,-0.07400000000000001
297.92,-0.066
297.96,-0.068
298.0,-0.07400000000000001
298.04,-0.07400000000000001
298.08,-0.07200000000000001
298.12,-0.07200000000000001
298.16,-0.07
298.2,-0.07200000000000001
298.24,-0.07400000000000001
298.28000000000003,-0.07400000000000001
298.32,-0.07400000000000001
298.36,-0.08
298.40000000000003,-0.082
298.44,-0.078
298.48,-0.07400000000000001
298.52,-0.07400000000000001
298.56,-0.07200000000000001
298.6,-0.07400000000000001
298.64,-0.07400000000000001
298.68,-0.07400000000000001
298.72,-0.07200000000000001
298.76,-0.07200000000000001
298.8,-0.07200000000000001
298.84000000000003,-0.066
298.88,-0.068
298.92,-0.07200000000000001
298.96,-0.07200000000000001
299.0,-0.07
299.04,-0.078
299.08,-0.082
299.12,-0.07400000000000001
299.16,-0.068
299.2,-0.07200000000000001
299.24,-0.07400000000000001
299.28000000000003,-0.07400000000000001
299.32,-0.07200000000000001
299.36,-0.07
299.40000000000003,-0.07200000000000001
299.44,-0.07
299.48,-0.07
299.52,-0.07
299.56,-0.07
299.6,-0.078
299.64,-0.08
299.68,-0.078
299.72,-0.078
299.76,-0.078
299.8,-0.078
299.84000000000003,-0.07600000000000001
299.88,-0.078
299.92,-0.07400000000000001
299.96,-0.07600000000000001
300.0,-0.078
300.04,-0.07600000000000001
300.08,-0.07400000000000001
300.12,-0.07400000000000001
300.16,-0.07400000000000001
300.2,-0.07200000000000001
300.24,-0.07200000000000001
300.28000000000003,-0.078
300.32,-0.082
300.36,-0.07400000000000001
300.40000000000003,-0.07200000000000001
300.44,-0.078
300.48,-0.08
300.52,-0.07400000000000001
300.56,-0.07200000000000001
300.6,-0.07400000000000001
300.64,-0.07400000000000001
300.68,-0.07400000000000001
300.72,-0.07200000000000001
300.76,-0.07
300.8,-0.07
300.84000000000003,-0.07400000000000001
300.88,-0.078
300.92,-0.07400000000000001
300.96,-0.07400000000000001
301.0,-0.08
301.04,-0.082
301.08,-0.08
301.12,-0.078
301.16,-0.07600000000000001
301.2,-0.07400000000000001
301.24,-0.078
301.28000000000003,-0.08
301.32,-0.078
301.36,-0.078
301.40000000000003,-0.07600000000000001
301.44,-0.07200000000000001
301.48,-0.07200000000000001
301.52,-0.07400000000000001
301.56,-0.078
301.6,-0.07400000000000001
301.64,-0.07400000000000001
301.68,-0.084
301.72,-0.082
301.76,-0.078
301.8,-0.07400000000000001
301.84000000000003,-0.078
301.88,-0.078
301.92,-0.078
301.96,-0.078
302.0,-0.07400000000000001
302.04,-0.07400000000000001
302.08,-0.078
302.12,-0.07400000000000001
302.16,-0.07
302.2,-0.07400000000000001
302.24,-0.08
302.28000000000003,-0.082
302.32,-0.082
302.36,-0.082
302.40000000000003,-0.078
302.44,-0.078
302.48,-0.082
302.52,-0.082
302.56,-0.08
302.6,-0.082
302.64,-0.082
302.68,-0.078
302.72,-0.078
302.76,-0.082
302.8,-0.07400000000000001
302.84000000000003,-0.07
302.88,-0.078
302.92,-0.084
302.96,-0.08
303.0,-0.078
303.04,-0.078
303.08,-0.08
303.12,-0.078
303.16,-0.08
303.2,-0.078
303.24,-0.078
303.28000000000003,-0.08
303.32,-0.082
303.36,-0.07200000000000001
303.40000000000003,-0.068
303.44,-0.07400000000000001
303.48,-0.07600000000000001
303.52,-0.078
303.56,-0.08
303.6,-0.08
303.64,-0.08
303.68,-0.082
303.72,-0.082
303.76,-0.078
303.8,-0.078
303.84000000000003,-0.082
303.88,-0.082
303.92,-0.08
303.96,-0.084
304.0,-0.08600000000000001
304.04,-0.078
304.08,-0.07200000000000001
304.12,-0.08
304.16,-0.084
304.2,-0.08
304.24,-0.08
304.28000000000003,-0.082
304.32,-0.084
304.36,-0.082
304.40000000000003,-0.082
304.44,-0.082
304.48,-0.084
304.52,-0.08600000000000001
304.56,-0.08600000000000001
304.6,-0.078
304.64,-0.07600000000000001
304.68,-0.078
304.72,-0.078
304.76,-0.07400000000000001
304.8,-0.07400000000000001
304.84000000000003,-0.07600000000000001
304.88,-0.078
304.92,-0.082
304.96,-0.082
305.0,-0.08
305.04,-0.08
305.08,-0.08
305.12,-0.08
305.16,-0.082
305.2,-0.08600000000000001
305.24,-0.08600000000000001
305.28000000000003,-0.082
305.32,-0.078
305.36,-0.082
305.40000000000003,-0.082
305.44,-0.07400000000000001
305.48,-0.07600000000000001
305.52,-0.082
305.56,-0.082
305.6,-0.082
305.64,-0.08
305.68,-0.084
305.72,-0.08600000000000001
305.76,-0.09
305.8,-0.08600000000000001
305.84000000000003,-0.084
305.88,-0.082
305.92,-0.084
305.96,-0.082
306.0,-0.078
306.04,-0.078
306.08,-0.08
306.12,-0.08
306.16,-0.082
306.2,-0.084
306.24,-0.082
306.28000000000003,-0.08
306.32,-0.082
306.36,-0.08
306.40000000000003,-0.08
306.44,-0.08600000000000001
306.48,-0.088
306.52,-0.082
306.56,-0.084
306.6,-0.09
306.64,-0.08600000000000001
306.68,-0.07600000000000001
306.72,-0.08
306.76,-0.084
306.8,-0.082
306.84000000000003,-0.078
306.88,-0.082
306.92,-0.08600000000000001
306.96,-0.082
307.0,-0.08600000000000001
307.04,-0.084
307.08,-0.084
307.12,-0.088
307.16,-0.094
307.2,-0.088
307.24,-0.082
307.28000000000003,-0.08
307.32,-0.082
307.36,-0.08
307.40000000000003,-0.084
307.44,-0.082
307.48,-0.082
307.52,-0.082
307.56,-0.084
307.6,-0.082
307.64,-0.08
307.68,-0.084
307.72,-0.082
307.76,-0.082
307.8,-0.088
307.84000000000003,-0.094
307.88,-0.08600000000000001
307.92,-0.08
307.96,-0.084
308.0,-0.08600000000000001
308.04,-0.082
308.08,-0.082
308.12,-0.084
308.16,-0.08600000000000001
308.2,-0.08600000000000001
308.24,-0.08600000000000001
308.28000000000003,-0.082
308.32,-0.084
308.36,-0.092
308.40000000000003,-0.094
308.44,-0.09
308.48,-0.088
308.52,-0.088
308.56,-0.088
308.6,-0.08600000000000001
308.64,-0.08600000000000001
308.68,-0.082
308.72,-0.082
308.76,-0.08600000000000001
308.8,-0.08600000000000001
308.84000000000003,-0.082
308.88,-0.082
308.92,-0.084
308.96,-0.08
309.0,-0.08
309.04,-0.088
309.08,-0.09
309.12,-0.08600000000000001
309.16,-0.08600000000000001
309.2,-0.088
309.24,-0.088
309.28000000000003,-0.082
309.32,-0.082
309.36,-0.082
309.40000000000003,-0.084
309.44,-0.084
309.48,-0.082
309.52,-0.08
309.56,-0.082
309.6,-0.09
309.64,-0.09
309.68,-0.08600000000000001
309.72,-0.088
309.76,-0.094
309.8,-0.096
309.84000000000003,-0.094
309.88,-0.09
309.92,-0.088
309.96,-0.088
310.0,-0.088
310.04,-0.09
310.08,-0.09
310.12,-0.09
310.16,-0.09
310.2,-0.08600000000000001
310.24,-0.082
310.28000000000003,-0.088
310.32,-0.09
310.36,-0.08600000000000001
310.40000000000003,-0.088
310.44,-0.096
310.48,-0.094
310.52,-0.08600000000000001
310.56,-0.088
310.6,-0.09
310.64,-0.088
310.68,-0.084
310.72,-0.08600000000000001
310.76,-0.082
310.8,-0.08600000000000001
310.84000000000003,-0.09
310.88,-0.08600000000000001
310.92,-0.078
310.96,-0.084
311.0,-0.096
311.04,-0.094
311.08,-0.092
311.12,-0.092
311.16,-0.09
311.2,-0.088
311.24,-0.09
311.28000000000003,-0.09
311.32,-0.088
311.36,-0.092
311.40000000000003,-0.094
311.44,-0.088
311.48,-0.08600000000000001
311.52,-0.09
311.56,-0.088
311.6,-0.082
311.64,-0.088
311.68,-0.096
311.72,-0.09
311.76,-0.088
311.8,-0.094
311.84000000000003,-0.094
311.88,-0.09
311.92,-0.09
311.96,-0.09
312.0,-0.088
312.04,-0.092
312.08,-0.092
312.12,-0.082
312.16,-0.078
312.2,-0.08600000000000001
312.24,-0.09
312.28000000000003,-0.09
312.32,-0.092
312.36,-0.092
312.40000000000003,-0.094
312.44,-0.094
312.48,-0.094
312.52,-0.09
312.56,-0.09
312.6,-0.096
312.64,-0.094
312.68,-0.09
312.72,-0.094
312.76,-0.094
312.8,-0.088
312.84000000000003,-0.084
312.88,-0.09
312.92,-0.092
312.96,-0.088
313.0,-0.09
313.04,-0.094
313.08,-0.096
313.12,-0.094
313.16,-0.09
313.2,-0.09
313.24,-0.092
313.28000000000003,-0.096
313.32,-0.094
313.36,-0.088
313.40000000000003,-0.08600000000000001
313.44,-0.088
313.48,-0.09
313.52,-0.09
313.56,-0.08600000000000001
313.6,-0.09
313.64,-0.094
313.68,-0.098
313.72,-0.096
313.76,-0.092
313.8,-0.092
313.84000000000003,-0.094
313.88,-0.092
313.92,-0.094
313.96,-0.098
314.0,-0.098
314.04,-0.092
314.08,-0.09
314.12,-0.094
314.16,-0.09
314.2,-0.088
314.24,-0.09
314.28000000000003,-0.098
314.32,-0.098
314.36,-0.096
314.40000000000003,-0.094
314.44,-0.096
314.48,-0.096
314.52,-0.098
314.56,-0.096
314.6,-0.09
314.64,-0.09
314.68,-0.096
314.72,-0.094
314.76,-0.08600000000000001
314.8,-0.082
314.84000000000003,-0.088
314.88,-0.09
314.92,-0.094
314.96,-0.094
315.0,-0.094
315.04,-0.094
315.08,-0.094
315.12,-0.09
315.16,-0.092
315.2,-0.098
315.24,-0.098
315.28000000000003,-0.096
315.32,-0.094
315.36,-0.098
315.40000000000003,-0.094
315.44,-0.088
315.48,-0.09
315.52,-0.096
315.56,-0.094
315.6,-0.094
315.64,-0.098
315.68,-0.1
315.72,-0.098
315.76,-0.1
315.8,-0.098
315.84000000000003,-0.094
315.88,-0.098
315.92,-0.10400000000000001
315.96,-0.098
316.0,-0.09
316.04,-0.09
316.08,-0.092
316.12,-0.092
316.16,-0.094
316.2,-0.096
316.24,-0.096
316.28000000000003,-0.096
316.32,-0.096
316.36,-0.09
316.40000000000003,-0.094
316.44,-0.098
316.48,-0.098
316.52,-0.094
316.56,-0.098
316.6,-0.10200000000000001
316.64,-0.098
316.68,-0.09
316.72,-0.094
316.76,-0.094
316.8,-0.09
316.84000000000003,-0.092
316.88,-0.096
316.92,-0.096
316.96,-0.098
317.0,-0.098
317.04,-0.094
317.08,-0.096
317.12,-0.10200000000000001
317.16,-0.10400000000000001
317.2,-0.10200000000000001
317.24,-0.094
317.28000000000003,-0.096
317.32,-0.098
317.36,-0.096
317.40000000000003,-0.092
317.44,-0.094
317.48,-0.096
317.52,-0.098
317.56,-0.098
317.6,-0.094
317.64,-0.096
317.68,-0.098
317.72,-0.096
317.76,-0.096
317.8,-0.1
317.84000000000003,-0.10400000000000001
317.88,-0.10200000000000001
317.92,-0.1
317.96,-0.10200000000000001
318.0,-0.1
318.04,-0.094
318.08,-0.09
318.12,-0.098
318.16,-0.098
318.2,-0.098
318.24,-0.098
318.28000000000003,-0.098
318.32,-0.098
318.36,-0.10400000000000001
318.40000000000003,-0.10600000000000001
318.44,-0.10200000000000001
318.48,-0.098
318.52,-0.10400000000000001
318.56,-0.10600000000000001
318.6,-0.1
318.64,-0.096
318.68,-0.096
318.72,-0.098
318.76,-0.098
318.8,-0.098
318.84000000000003,-0.098
318.88,-0.098
318.92,-0.098
318.96,-0.094
319.0,-0.094
319.04,-0.098
319.08,-0.10200000000000001
319.12,-0.1
319.16,-0.10200000000000001
319.2,-0.10600000000000001
319.24,-0.10400000000000001
319.28000000000003,-0.094
319.32,-0.096
319.36,-0.1
319.40000000000003,-0.098
319.44,-0.098
319.48,-0.098
319.52,-0.098
319.56,-0.098
319.6,-0.10400000000000001
319.64,-0.10400000000000001
319.68,-0.098
319.72,-0.10200000000000001
319.76,-0.11
319.8,-0.112
319.84000000000003,-0.10400000000000001
319.88,-0.10400000000000001
319.92,-0.10200000000000001
319.96,-0.1
320.0,-0.1
320.04,-0.10200000000000001
320.08,-0.10200000000000001
320.12,-0.10200000000000001
320.16,-0.10400000000000001
320.2,-0.098
320.24,-0.096
320.28000000000003,-0.1
320.32,-0.10200000000000001
320.36,-0.098
320.40000000000003,-0.10200000000000001
320.44,-0.11
320.48,-0.10400000000000001
320.52,-0.098
320.56,-0.10200000000000001
320.6,-0.10200000000000001
320.64,-0.098
320.68,-0.098
320.72,-0.098
320.76,-0.096
320.8,-0.098
320.84000000000003,-0.10200000000000001
320.88,-0.1
320.92,-0.09
320.96,-0.098
321.0,-0.11
321.04,-0.10600000000000001
321.08,-0.10400000000000001
321.12,-0.10400000000000001
321.16,-0.10400000000000001
321.2,-0.10400000000000001
321.24,-0.10400000000000001
321.28000000000003,-0.10200000000000001
321.32,-0.10200000000000001
321.36,-0.10600000000000001
321.40000000000003,-0.10600000000000001
321.44,-0.10200000000000001
321.48,-0.098
321.52,-0.10200000000000001
321.56,-0.10400000000000001
321.6,-0.098
321.64,-0.10200000000000001
321.68,-0.11
321.72,-0.10400000000000001
321.76,-0.10400000000000001
321.8,-0.10600000000000001
321.84000000000003,-0.10600000000000001
321.88,-0.10400000000000001
321.92,-0.10400000000000001
321.96,-0.10400000000000001
322.0,-0.10200000000000001
322.04,-0.10400000000000001
322.08,-0.10400000000000001
322.12,-0.098
322.16,-0.094
322.2,-0.098
322.24,-0.10800000000000001
322.28000000000003,-0.10600000000000001
322.32,-0.10200000000000001
322.36,-0.10600000000000001
322.40000000000003,-0.112
322.44,-0.10800000000000001
322.48,-0.10400000000000001
322.52,-0.10400000000000001
322.56,-0.10600000000000001
322.6,-0.10800000000000001
322.64,-0.10600000000000001
322.68,-0.10600000000000001
322.72,-0.10400000000000001
322.76,-0.10400000000000001
322.8,-0.10400000000000001
322.84000000000003,-0.10200000000000001
322.88,-0.10200000000000001
322.92,-0.10400000000000001
322.96,-0.10400000000000001
323.0,-0.10400000000000001
323.04,-0.10600000000000001
323.08,-0.112
323.12,-0.10600000000000001
323.16,-0.10400000000000001
323.2,-0.10600000000000001
323.24,-0.10600000000000001
323.28000000000003,-0.10600000000000001
323.32,-0.10600000000000001
323.36,-0.10200000000000001
323.40000000000003,-0.098
323.44,-0.1
323.48,-0.10600000000000001
323.52,-0.10400000000000001
323.56,-0.098
323.6,-0.10600000000000001
323.64,-0.114
323.68,-0.11
323.72,-0.10600000000000001
323.76,-0.10800000000000001
323.8,-0.10800000000000001
323.84000000000003,-0.10600000000000001
323.88,-0.11
323.92,-0.11
323.96,-0.11
324.0,-0.11
324.04,-0.11
324.08,-0.10600000000000001
324.12,-0.10200000000000001
324.16,-0.10400000000000001
324.2,-0.10400000000000001
324.24,-0.10400000000000001
324.28000000000003,-0.11
324.32,-0.11
324.36,-0.10400000000000001
324.40000000000003,-0.10400000000000001
324.44,-0.11
324.48,-0.112
324.52,-0.11
324.56,-0.11
324.6,-0.10600000000000001
324.64,-0.10200000000000001
324.68,-0.10600000000000001
324.72,-0.10600000000000001
324.76,-0.098
324.8,-0.096
324.84000000000003,-0.10400000000000001
324.88,-0.11
324.92,-0.10600000000000001
324.96,-0.10600000000000001
325.0,-0.10800000000000001
325.04,-0.10600000000000001
325.08,-0.10600000000000001
325.12,-0.10800000000000001
325.16,-0.10600000000000001
325.2,-0.11
325.24,-0.112
325.28000000000003,-0.112
325.32,-0.10600000000000001
325.36,-0.10600000000000001
325.40000000000003,-0.10600000000000001
325.44,-0.10400000000000001
325.48,-0.11
325.52,-0.112
325.56,-0.10800000000000001
325.6,-0.10600000000000001
325.64,-0.11
325.68,-0.112
325.72,-0.112
325.76,-0.114
325.8,-0.114
325.84000000000003,-0.112
325.88,-0.112
325.92,-0.114
325.96,-0.11
326.0,-0.10200000000000001
326.04,-0.10200000000000001
326.08,-0.10800000000000001
326.12,-0.10800000000000001
326.16,-0.10600000000000001
326.2,-0.10600000000000001
326.24,-0.11
326.28000000000003,-0.11
326.32,-0.10600000000000001
326.36,-0.10600000000000001
326.40000000000003,-0.10800000000000001
326.44,-0.11
326.48,-0.114
326.52,-0.112
326.56,-0.11
326.6,-0.11
326.64,-0.10800000000000001
326.68,-0.10400000000000001
326.72,-0.11
326.76,-0.112
326.8,-0.10600000000000001
326.84000000000003,-0.10600000000000001
326.88,-0.11
326.92,-0.11
326.96,-0.11
327.0,-0.114
327.04,-0.114
327.08,-0.114
327.12,-0.114
327.16,-0.12200000000000001
327.2,-0.114
327.24,-0.10600000000000001
327.28000000000003,-0.10600000000000001
327.32,-0.112
327.36,-0.11
327.40000000000003,-0.10600000000000001
327.44,-0.10800000000000001
327.48,-0.11
327.52,-0.11
327.56,-0.10600000000000001
327.6,-0.10600000000000001
327.64,-0.11
327.68,-0.112
327.72,-0.114
327.76,-0.114
327.8,-0.112
327.84000000000003,-0.112
327.88,-0.114
327.92,-0.11
327.96,-0.112
328.0,-0.114
328.04,-0.11
328.08,-0.10600000000000001
328.12,-0.112
328.16,-0.112
328.2,-0.10600000000000001
328.24,-0.11
328.28000000000003,-0.11
328.32,-0.114
328.36,-0.116
328.40000000000003,-0.12000000000000001
328.44,-0.11800000000000001
328.48,-0.11
328.52,-0.112
328.56,-0.11800000000000001
328.6,-0.112
328.64,-0.10400000000000001
328.68,-0.112
328.72,-0.114
328.76,-0.11
328.8,-0.10600000000000001
328.84000000000003,-0.112
328.88,-0.11
328.92,-0.112
328.96,-0.112
329.0,-0.114
329.04,-0.112
329.08,-0.114
329.12,-0.114
329.16,-0.11
329.2,-0.112
329.24,-0.114
329.28000000000003,-0.112
329.32,-0.11
329.36,-0.114
329.40000000000003,-0.114
329.44,-0.10800000000000001
329.48,-0.11
329.52,-0.112
329.56,-0.112
329.6,-0.114
329.64,-0.12200000000000001
329.68,-0.12000000000000001
329.72,-0.114
329.76,-0.11800000000000001
329.8,-0.12200000000000001
329.84000000000003,-0.114
329.88,-0.11
329.92,-0.11800000000000001
329.96,-0.11800000000000001
330.0,-0.114
330.04,-0.112
330.08,-0.114
330.12,-0.112
330.16,-0.11
330.2,-0.112
330.24,-0.112
330.28000000000003,-0.11
330.32,-0.114
330.36,-0.11800000000000001
330.40000000000003,-0.114
330.44,-0.114
330.48,-0.112
330.52,-0.114
330.56,-0.114
330.6,-0.11800000000000001
330.64,-0.116
330.68,-0.11
330.72,-0.10800000000000001
330.76,-0.11
330.8,-0.10800000000000001
330.84000000000003,-0.11
330.88,-0.116
330.92,-0.114
330.96,-0.116
331.0,-0.12000000000000001
331.04,-0.12200000000000001
331.08,-0.116
331.12,-0.112
331.16,-0.12000000000000001
331.2,-0.12000000000000001
331.24,-0.11800000000000001
331.28000000000003,-0.116
331.32,-0.11800000000000001
331.36,-0.11800000000000001
331.40000000000003,-0.114
331.44,-0.114
331.48,-0.114
331.52,-0.114
331.56,-0.11800000000000001
331.6,-0.12000000000000001
331.64,-0.116
331.68,-0.114
331.72,-0.12000000000000001
331.76,-0.12000000000000001
331.8,-0.12000000000000001
331.84000000000003,-0.12200000000000001
331.88,-0.12200000000000001
331.92,-0.11800000000000001
331.96,-0.114
332.0,-0.114
332.04,-0.112
332.08,-0.112
332.12,-0.112
332.16,-0.112
332.2,-0.114
332.24,-0.12000000000000001
332.28000000000003,-0.12000000000000001
332.32,-0.114
332.36,-0.114
332.40000000000003,-0.12200000000000001
332.44,-0.12200000000000001
332.48,-0.11800000000000001
332.52,-0.11800000000000001
332.56,-0.12200000000000001
332.6,-0.12000000000000001
332.64,-0.116
332.68,-0.116
332.72,-0.114
332.76,-0.114
332.8,-0.12000000000000001
332.84000000000003,-0.12000000000000001
332.88,-0.116
332.92,-0.11800000000000001
332.96,-0.116
333.0,-0.11800000000000001
333.04,-0.12000000000000001
333.08,-0.12200000000000001
333.12,-0.12200000000000001
333.16,-0.11800000000000001
333.2,-0.12000000000000001
333.24,-0.12000000000000001
333.28000000000003,-0.116
333.32,-0.114
333.36,-0.114
333.40000000000003,-0.11
333.44,-0.112
333.48,-0.12200000000000001
333.52,-0.11800000000000001
333.56,-0.112
333.6,-0.11800000000000001
333.64,-0.12200000000000001
333.68,-0.11800000000000001
333.72,-0.11800000000000001
333.76,-0.12000000000000001
333.8,-0.12200000000000001
333.84000000000003,-0.12200000000000001
333.88,-0.12000000000000001
333.92,-0.11800000000000001
333.96,-0.116
334.0,-0.11800000000000001
334.04,-0.12200000000000001
334.08,-0.12000000000000001
334.12,-0.11800000000000001
334.16,-0.12000000000000001
334.2,-0.11800000000000001
334.24,-0.11800000000000001
334.28000000000003,-0.12200000000000001
334.32,-0.12200000000000001
334.36,-0.11800000000000001
334.40000000000003,-0.12000000000000001
334.44,-0.124
334.48,-0.12200000000000001
334.52,-0.12200000000000001
334.56,-0.12200000000000001
334.6,-0.116
334.64,-0.11
334.68,-0.114
334.72,-0.12000000000000001
334.76,-0.114
334.8,-0.112
334.84000000000003,-0.12000000000000001
334.88,-0.12000000000000001
334.92,-0.116
334.96,-0.116
335.0,-0.12000000000000001
335.04,-0.12200000000000001
335.08,-0.12200000000000001
335.12,-0.12200000000000001
335.16,-0.12000000000000001
335.2,-0.12000000000000001
335.24,-0.12200000000000001
335.28000000000003,-0.12200000000000001
335.32,-0.12000000000000001
335.36,-0.12000000000000001
335.40000000000003,-0.12000000000000001
335.44,-0.12200000000000001
335.48,-0.12200000000000001
335.52,-0.12200000000000001
335.56,-0.12000000000000001
335.6,-0.11800000000000001
335.64,-0.12200000000000001
335.68,-0.126
335.72,-0.126
335.76,-0.126
335.8,-0.128
335.84000000000003,-0.12200000000000001
335.88,-0.11800000000000001
335.92,-0.12200000000000001
335.96,-0.12000000000000001
336.0,-0.116
336.04,-0.114
336.08,-0.12200000000000001
336.12,-0.12200000000000001
336.16,-0.116
336.2,-0.114
336.24,-0.12000000000000001
336.28000000000003,-0.12200000000000001
336.32,-0.12000000000000001
336.36,-0.12200000000000001
336.40000000000003,-0.12200000000000001
336.44,-0.12000000000000001
336.48,-0.12000000000000001
336.52,-0.12200000000000001
336.56,-0.11800000000000001
336.6,-0.11800000000000001
336.64,-0.12000000000000001
336.68,-0.124
336.72,-0.12200000000000001
336.76,-0.12200000000000001
336.8,-0.11800000000000001
336.84000000000003,-0.11800000000000001
336.88,-0.12000000000000001
336.92,-0.124
336.96,-0.124
337.0,-0.126
337.04,-0.13
337.08,-0.128
337.12,-0.124
337.16,-0.126
337.2,-0.126
337.24,-0.12000000000000001
337.28000000000003,-0.12000000000000001
337.32,-0.126
337.36,-0.126
337.40000000000003,-0.116
337.44,-0.11800000000000001
337.48,-0.12200000000000001
337.52,-0.12200000000000001
337.56,-0.12000000000000001
337.6,-0.12200000000000001
337.64,-0.124
337.68,-0.12200000000000001
337.72,-0.126
337.76,-0.126
337.8,-0.12000000000000001
337.84000000000003,-0.12000000000000001
337.88,-0.126
337.92,-0.12200000000000001
337.96,-0.12200000000000001
338.0,-0.12200000000000001
338.04,-0.12000000000000001
338.08,-0.11800000000000001
338.12,-0.12000000000000001
338.16,-0.12200000000000001
338.2,-0.12000000000000001
338.24,-0.12200000000000001
338.28000000000003,-0.128
338.32,-0.126
338.36,-0.126
338.40000000000003,-0.13
338.44,-0.128
338.48,-0.12200000000000001
338.52,-0.126
338.56,-0.13
338.6,-0.124
338.64,-0.11800000000000001
338.68,-0.12200000000000001
338.72,-0.124
338.76,-0.12200000000000001
338.8,-0.12000000000000001
338.84000000000003,-0.12000000000000001
338.88,-0.12200000000000001
338.92,-0.126
338.96,-0.128
339.0,-0.126
339.04,-0.12200000000000001
339.08,-0.12200000000000001
339.12,-0.126
339.16,-0.126
339.2,-0.126
339.24,-0.126
339.28000000000003,-0.12200000000000001
339.32,-0.12200000000000001
339.36,-0.126
339.40000000000003,-0.12200000000000001
339.44,-0.11800000000000001
339.48,-0.12000000000000001
339.52,-0.12200000000000001
339.56,-0.126
339.6,-0.126
339.64,-0.13
339.68,-0.128
339.72,-0.126
339.76,-0.13
339.8,-0.132
339.84000000000003,-0.126
339.88,-0.12200000000000001
339.92,-0.128
339.96,-0.13
340.0,-0.124
340.04,-0.12000000000000001
340.08,-0.12000000000000001
340.12,-0.12200000000000001
340.16,-0.126
340.2,-0.128
340.24,-0.126
340.28000000000003,-0.124
340.32,-0.124
340.36,-0.126
340.40000000000003,-0.126
340.44,-0.124
340.48,-0.126
340.52,-0.126
340.56,-0.126
340.6,-0.126
340.64,-0.12200000000000001
340.68,-0.12200000000000001
340.72,-0.12000000000000001
340.76,-0.12000000000000001
340.8,-0.12200000000000001
340.84000000000003,-0.126
340.88,-0.128
340.92,-0.126
340.96,-0.126
341.0,-0.13
341.04,-0.132
341.08,-0.126
341.12,-0.126
341.16,-0.134
341.2,-0.136
341.24,-0.126
341.28000000000003,-0.12200000000000001
341.32,-0.124
341.36,-0.124
341.40000000000003,-0.126
341.44,-0.13
341.48,-0.128
341.52,-0.124
341.56,-0.13
341.6,-0.13
341.64,-0.126
341.68,-0.126
341.72,-0.13
341.76,-0.128
341.8,-0.128
341.84000000000003,-0.13
341.88,-0.126
341.92,-0.12200000000000001
341.96,-0.12200000000000001
342.0,-0.12200000000000001
342.04,-0.11800000000000001
342.08,-0.124
342.12,-0.126
342.16,-0.12200000000000001
342.2,-0.12200000000000001
342.24,-0.13
342.28000000000003,-0.126
342.32,-0.12200000000000001
342.36,-0.128
342.40000000000003,-0.136
342.44,-0.132
342.48,-0.126
342.52,-0.126
342.56,-0.126
342.6,-0.124
342.64,-0.126
342.68,-0.128
342.72,-0.126
342.76,-0.126
342.8,-0.132
342.84000000000003,-0.128
342.88,-0.126
342.92,-0.126
342.96,-0.13
343.0,-0.128
343.04,-0.132
343.08,-0.134
343.12,-0.13
343.16,-0.13
343.2,-0.13
343.24,-0.126
343.28000000000003,-0.12200000000000001
343.32,-0.128
343.36,-0.126
343.40000000000003,-0.12200000000000001
343.44,-0.124
343.48,-0.128
343.52,-0.124
343.56,-0.12200000000000001
343.6,-0.13
343.64,-0.134
343.68,-0.13
343.72,-0.128
343.76,-0.134
343.8,-0.13
343.84000000000003,-0.13
343.88,-0.13
343.92,-0.126
343.96,-0.124
344.0,-0.126
344.04,-0.13
344.08,-0.128
344.12,-0.126
344.16,-0.126
344.2,-0.128
344.24,-0.128
344.28000000000003,-0.13
344.32,-0.128
344.36,-0.132
344.40000000000003,-0.136
344.44,-0.134
344.48,-0.13
344.52,-0.128
344.56,-0.13
344.6,-0.128
344.64,-0.126
344.68,-0.13
344.72,-0.128
344.76,-0.12200000000000001
344.8,-0.12200000000000001
344.84000000000003,-0.126
344.88,-0.134
344.92,-0.13
344.96,-0.13
345.0,-0.134
345.04,-0.136
345.08,-0.134
345.12,-0.13
345.16,-0.126
345.2,-0.128
345.24,-0.128
345.28000000000003,-0.134
345.32,-0.13
345.36,-0.126
345.40000000000003,-0.128
345.44,-0.134
345.48,-0.128
345.52,-0.126
345.56,-0.13
345.6,-0.134
345.64,-0.136
345.68,-0.134
345.72,-0.13
345.76,-0.13
345.8,-0.132
345.84000000000003,-0.132
345.88,-0.132
345.92,-0.13
345.96,-0.13
346.0,-0.126
346.04,-0.12200000000000001
346.08,-0.126
346.12,-0.128
346.16,-0.12200000000000001
346.2,-0.12200000000000001
346.24,-0.134
346.28000000000003,-0.136
346.32,-0.134
346.36,-0.13
346.40000000000003,-0.13
346.44,-0.128
346.48,-0.13
346.52,-0.134
346.56,-0.13
346.6,-0.128
346.64,-0.13
346.68,-0.134
346.72,-0.126
346.76,-0.126
346.8,-0.13
346.84000000000003,-0.134
346.88,-0.134
346.92,-0.136
346.96,-0.132
347.0,-0.132
347.04,-0.134
347.08,-0.136
347.12,-0.136
347.16,-0.138
347.2,-0.138
347.24,-0.13
347.28000000000003,-0.128
347.32,-0.134
347.36,-0.13
347.40000000000003,-0.12200000000000001
347.44,-0.126
347.48,-0.136
347.52,-0.134
347.56,-0.13
347.6,-0.134
347.64,-0.13
347.68,-0.128
347.72,-0.134
347.76,-0.134
347.8,-0.128
347.84000000000003,-0.13
347.88,-0.136
347.92,-0.13
347.96,-0.124
348.0,-0.126
348.04,-0.128
348.08,-0.13
348.12,-0.13
348.16,-0.132
348.2,-0.128
348.24,-0.13
348.28000000000003,-0.134
348.32,-0.132
348.36,-0.134
348.40000000000003,-0.138
348.44,-0.138
348.48,-0.134
348.52,-0.136
348.56,-0.138
348.6,-0.13
348.64,-0.124
348.68,-0.13
348.72,-0.134
348.76,-0.132
348.8,-0.13
348.84000000000003,-0.13
348.88,-0.13
348.92,-0.132
348.96,-0.136
349.0,-0.136
349.04,-0.132
349.08,-0.136
349.12,-0.138
349.16,-0.134
349.2,-0.126
349.24,-0.13
349.28000000000003,-0.132
349.32,-0.132
349.36,-0.13
349.40000000000003,-0.128
349.44,-0.13
349.48,-0.13
349.52,-0.128
349.56,-0.128
349.6,-0.132
349.64,-0.134
349.68,-0.134
349.72,-0.136
349.76,-0.138
349.8,-0.138
349.84000000000003,-0.134
349.88,-0.13
349.92,-0.134
349.96,-0.134
350.0,-0.132
350.04,-0.13
350.08,-0.13
350.12,-0.132
350.16,-0.134
350.2,-0.134
350.24,-0.134
350.28000000000003,-0.134
350.32,-0.136
350.36,-0.14
350.40000000000003,-0.136
350.44,-0.13
350.48,-0.134
350.52,-0.136
350.56,-0.134
350.6,-0.13
350.64,-0.132
350.68,-0.13
350.72,-0.132
350.76,-0.13
350.8,-0.128
350.84000000000003,-0.128
350.88,-0.13
350.92,-0.132
350.96,-0.136
351.0,-0.138
351.04,-0.14200000000000002
351.08,-0.138
351.12,-0.134
351.16,-0.138
351.2,-0.138
351.24,-0.134
351.28000000000003,-0.134
351.32,-0.136
351.36,-0.134
351.40000000000003,-0.134
351.44,-0.132
351.48,-0.13
351.52,-0.13
351.56,-0.138
351.6,-0.138
351.64,-0.134
351.68,-0.132
351.72,-0.138
351.76,-0.138
351.8,-0.134
351.84000000000003,-0.132
351.88,-0.134
351.92,-0.136
351.96,-0.136
352.0,-0.134
352.04,-0.128
352.08,-0.128
352.12,-0.13
352.16,-0.128
352.2,-0.13
352.24,-0.136
352.28000000000003,-0.138
352.32,-0.134
352.36,-0.134
352.40000000000003,-0.14
352.44,-0.138
352.48,-0.134
352.52,-0.138
352.56,-0.138
352.6,-0.136
352.64,-0.134
352.68,-0.134
352.72,-0.126
352.76,-0.132
352.8,-0.138
352.84000000000003,-0.138
352.88,-0.134
352.92,-0.138
352.96,-0.14200000000000002
353.0,-0.138
353.04,-0.134
353.08,-0.134
353.12,-0.136
353.16,-0.14
353.2,-0.14200000000000002
353.24,-0.138
353.28000000000003,-0.132
353.32,-0.134
353.36,-0.132
353.40000000000003,-0.128
353.44,-0.13
353.48,-0.136
353.52,-0.132
353.56,-0.126
353.6,-0.134
353.64,-0.138
353.68,-0.134
353.72,-0.134
353.76,-0.14
353.8,-0.138
353.84000000000003,-0.138
353.88,-0.138
353.92,-0.132
353.96,-0.13
354.0,-0.134
354.04,-0.138
354.08,-0.134
354.12,-0.13
354.16,-0.138
354.2,-0.14200000000000002
354.24,-0.138
354.28000000000003,-0.134
354.32,-0.136
354.36,-0.138
354.40000000000003,-0.14200000000000002
354.44,-0.14200000000000002
354.48,-0.138
354.52,-0.138
354.56,-0.138
354.6,-0.136
354.64,-0.132
354.68,-0.134
354.72,-0.136
354.76,-0.13
354.8,-0.126
354.84000000000003,-0.134
354.88,-0.136
354.92,-0.13
354.96,-0.13
355.0,-0.138
355.04,-0.14
355.08,-0.138
355.12,-0.138
355.16,-0.136
355.2,-0.136
355.24,-0.136
355.28000000000003,-0.136
355.32,-0.132
355.36,-0.13
355.40000000000003,-0.136
355.44,-0.14200000000000002
355.48,-0.136
355.52,-0.13
355.56,-0.134
355.6,-0.138
355.64,-0.138
355.68,-0.138
355.72,-0.14
355.76,-0.138
355.8,-0.138
355.84000000000003,-0.138
355.88,-0.138
355.92,-0.138
355.96,-0.14
356.0,-0.134
356.04,-0.132
356.08,-0.136
356.12,-0.136
356.16,-0.13
356.2,-0.13
356.24,-0.138
356.28000000000003,-0.138
356.32,-0.136
356.36,-0.14
356.40000000000003,-0.14
356.44,-0.138
356.48,-0.138
356.52,-0.138
356.56,-0.13
356.6,-0.13
356.64,-0.138
356.68,-0.138
356.72,-0.132
356.76,-0.132
356.8,-0.136
356.84000000000003,-0.138
356.88,-0.136
356.92,-0.136
356.96,-0.136
357.0,-0.14
357.04,-0.14200000000000002
357.08,-0.14
357.12,-0.138
357.16,-0.14200000000000002
357.2,-0.14200000000000002
357.24,-0.138
357.28000000000003,-0.138
357.32,-0.14
357.36,-0.136
357.40000000000003,-0.13
357.44,-0.132
357.48,-0.134
357.52,-0.13
357.56,-0.132
357.6,-0.136
357.64,-0.138
357.68,-0.14
357.72,-0.14200000000000002
357.76,-0.136
357.8,-0.13
357.84000000000003,-0.138
357.88,-0.14
357.92,-0.136
357.96,-0.132
358.0,-0.134
358.04,-0.136
358.08,-0.138
358.12,-0.136
358.16,-0.134
358.2,-0.134
358.24,-0.138
358.28000000000003,-0.138
358.32,-0.136
358.36,-0.138
358.40000000000003,-0.14600000000000002
358.44,-0.14
358.48,-0.136
358.52,-0.14400000000000002
358.56,-0.14600000000000002
358.6,-0.138
358.64,-0.136
358.68,-0.14
358.72,-0.136
358.76,-0.13
358.8,-0.134
358.84000000000003,-0.136
358.88,-0.138
358.92,-0.14200000000000002
358.96,-0.14200000000000002
359.0,-0.134
359.04,-0.134
359.08,-0.14200000000000002
359.12,-0.14200000000000002
359.16,-0.136
359.2,-0.136
359.24,-0.138
359.28000000000003,-0.136
359.32,-0.136
359.36,-0.132
359.40000000000003,-0.13
359.44,-0.134
359.48,-0.138
359.52,-0.136
359.56,-0.132
359.6,-0.136
359.64,-0.138
359.68,-0.136
359.72,-0.136
359.76,-0.14200000000000002
359.8,-0.14400000000000002
359.84000000000003,-0.14
359.88,-0.14200000000000002
359.92,-0.14600000000000002
359.96,-0.138
360.0,-0.132
360.04,-0.134
360.08,-0.136
360.12,-0.138
360.16,-0.14
360.2,-0.138
360.24,-0.136
360.28000000000003,-0.138
360.32,-0.14200000000000002
360.36,-0.14400000000000002
360.40000000000003,-0.138
360.44,-0.138
360.48,-0.14200000000000002
360.52,-0.14200000000000002
360.56,-0.138
360.6,-0.136
360.64,-0.136
360.68,-0.136
360.72,-0.136
360.76,-0.136
360.8,-0.134
360.84000000000003,-0.136
360.88,-0.136
360.92,-0.13
360.96,-0.134
361.0,-0.138
361.04,-0.14200000000000002
361.08,-0.138
361.12,-0.14200000000000002
361.16,-0.14600000000000002
361.2,-0.14200000000000002
361.24,-0.134
361.28000000000003,-0.136
361.32,-0.138
361.36,-0.136
361.40000000000003,-0.136
361.44,-0.136
361.48,-0.134
361.52,-0.136
361.56,-0.14200000000000002
361.6,-0.14
361.64,-0.136
361.68,-0.138
361.72,-0.14600000000000002
361.76,-0.14200000000000002
361.8,-0.136
361.84000000000003,-0.138
361.88,-0.138
361.92,-0.136
361.96,-0.136
362.0,-0.136
362.04,-0.136
362.08,-0.138
362.12,-0.138
362.16,-0.134
362.2,-0.134
362.24,-0.136
362.28000000000003,-0.136
362.32,-0.134
362.36,-0.14200000000000002
362.40000000000003,-0.14600000000000002
362.44,-0.14
362.48,-0.136
362.52,-0.14400000000000002
362.56,-0.14
362.6,-0.138
362.64,-0.138
362.68,-0.138
362.72,-0.134
362.76,-0.138
362.8,-0.14200000000000002
362.84000000000003,-0.136
362.88,-0.134
362.92,-0.14
362.96,-0.14200000000000002
363.0,-0.14
363.04,-0.138
363.08,-0.14200000000000002
363.12,-0.14400000000000002
363.16,-0.14
363.2,-0.138
363.24,-0.138
363.28000000000003,-0.138
363.32,-0.14200000000000002
363.36,-0.138
363.40000000000003,-0.134
363.44,-0.136
363.48,-0.136
363.52,-0.13
363.56,-0.136
363.6,-0.138
363.64,-0.138
363.68,-0.136
363.72,-0.14200000000000002
363.76,-0.14600000000000002
363.8,-0.14200000000000002
363.84000000000003,-0.138
363.88,-0.138
363.92,-0.136
363.96,-0.138
364.0,-0.14400000000000002
364.04,-0.14
364.08,-0.134
364.12,-0.134
364.16,-0.14
364.2,-0.138
364.24,-0.138
364.28000000000003,-0.14
364.32,-0.14200000000000002
364.36,-0.14600000000000002
364.40000000000003,-0.14200000000000002
364.44,-0.136
364.48,-0.138
364.52,-0.14200000000000002
364.56,-0.14600000000000002
364.6,-0.14200000000000002
364.64,-0.138
364.68,-0.14
364.72,-0.136
364.76,-0.134
364.8,-0.134
364.84000000000003,-0.136
364.88,-0.134
364.92,-0.134
364.96,-0.138
365.0,-0.14400000000000002
365.04,-0.14
365.08,-0.138
365.12,-0.138
365.16,-0.138
365.2,-0.14
365.24,-0.14400000000000002
365.28000000000003,-0.14
365.32,-0.134
365.36,-0.134
365.40000000000003,-0.138
365.44,-0.138
365.48,-0.134
365.52,-0.136
365.56,-0.14400000000000002
365.6,-0.14200000000000002
365.64,-0.14
365.68,-0.136
365.72,-0.138
365.76,-0.14200000000000002
365.8,-0.14600000000000002
365.84000000000003,-0.14600000000000002
365.88,-0.14200000000000002
365.92,-0.14400000000000002
365.96,-0.14200000000000002
366.0,-0.138
366.04,-0.136
366.08,-0.138
366.12,-0.136
366.16,-0.134
366.2,-0.14
366.24,-0.14200000000000002
366.28000000000003,-0.138
366.32,-0.136
366.36,-0.14
366.40000000000003,-0.138
366.44,-0.14400000000000002
366.48,-0.14600000000000002
366.52,-0.14200000000000002
366.56,-0.136
366.6,-0.138
366.64,-0.14200000000000002
366.68,-0.136
366.72,-0.132
366.76,-0.138
366.8,-0.14200000000000002
366.84000000000003,-0.138
366.88,-0.138
366.92,-0.138
366.96,-0.138
367.0,-0.138
367.04,-0.14400000000000002
367.08,-0.14200000000000002
367.12,-0.14200000000000002
367.16,-0.14600000000000002
367.2,-0.14400000000000002
367.24,-0.14
367.28000000000003,-0.14200000000000002
367.32,-0.14
367.36,-0.134
367.40000000000003,-0.136
367.44,-0.14200000000000002
367.48,-0.138
367.52,-0.134
367.56,-0.136
367.6,-0.138
367.64,-0.136
367.68,-0.14
367.72,-0.14400000000000002
367.76,-0.14
367.8,-0.138
367.84000000000003,-0.14200000000000002
367.88,-0.14200000000000002
367.92,-0.134
367.96,-0.136
368.0,-0.14200000000000002
368.04,-0.14
368.08,-0.136
368.12,-0.138
368.16,-0.138
368.2,-0.138
368.24,-0.14
368.28000000000003,-0.138
368.32,-0.136
368.36,-0.14
368.40000000000003,-0.14400000000000002
368.44,-0.14400000000000002
368.48,-0.14600000000000002
368.52,-0.14600000000000002
368.56,-0.14200000000000002
368.6,-0.136
368.64,-0.14
368.68,-0.14200000000000002
368.72,-0.136
368.76,-0.136
368.8,-0.136
368.84000000000003,-0.136
368.88,-0.136
368.92,-0.138
368.96,-0.14
369.0,-0.136
369.04,-0.14
369.08,-0.14600000000000002
369.12,-0.14
369.16,-0.136
369.2,-0.138
369.24,-0.14200000000000002
369.28000000000003,-0.138
369.32,-0.136
369.36,-0.136
369.40000000000003,-0.138
369.44,-0.138
369.48,-0.138
369.52,-0.134
369.56,-0.134
369.6,-0.136
369.64,-0.138
369.68,-0.14200000000000002
369.72,-0.14600000000000002
369.76,-0.14600000000000002
369.8,-0.14200000000000002
369.84000000000003,-0.14200000000000002
369.88,-0.14400000000000002
369.92,-0.14400000000000002
369.96,-0.138
370.0,-0.138
370.04,-0.14200000000000002
370.08,-0.14
370.12,-0.138
370.16,-0.136
370.2,-0.136
370.24,-0.138
370.28000000000003,-0.14
370.32,-0.14200000000000002
370.36,-0.14400000000000002
370.40000000000003,-0.138
370.44,-0.14400000000000002
370.48,-0.14600000000000002
370.52,-0.138
370.56,-0.136
370.6,-0.136
370.64,-0.138
370.68,-0.14
370.72,-0.138
370.76,-0.134
370.8,-0.134
370.84000000000003,-0.134
370.88,-0.134
370.92,-0.136
370.96,-0.138
371.0,-0.14200000000000002
371.04,-0.138
371.08,-0.14200000000000002
371.12,-0.14200000000000002
371.16,-0.14400000000000002
371.2,-0.14200000000000002
371.24,-0.14
371.28000000000003,-0.14400000000000002
371.32,-0.14200000000000002
371.36,-0.138
371.40000000000003,-0.14
371.44,-0.136
371.48,-0.134
371.52,-0.138
371.56,-0.14200000000000002
371.6,-0.138
371.64,-0.138
371.68,-0.14400000000000002
371.72,-0.14600000000000002
371.76,-0.14
371.8,-0.136
371.84000000000003,-0.138
371.88,-0.14200000000000002
371.92,-0.14200000000000002
371.96,-0.14400000000000002
372.0,-0.138
372.04,-0.136
372.08,-0.138
372.12,-0.136
372.16,-0.134
372.2,-0.136
372.24,-0.138
372.28000000000003,-0.138
372.32,-0.14
372.36,-0.14200000000000002
372.40000000000003,-0.14
372.44,-0.138
372.48,-0.14400000000000002
372.52,-0.14600000000000002
372.56,-0.14
372.6,-0.138
372.64,-0.14400000000000002
372.68,-0.138
372.72,-0.134
372.76,-0.138
372.8,-0.138
372.84000000000003,-0.134
372.88,-0.138
372.92,-0.14400000000000002
372.96,-0.14200000000000002
373.0,-0.138
373.04,-0.138
373.08,-0.138
373.12,-0.138
373.16,-0.14400000000000002
373.2,-0.14200000000000002
373.24,-0.138
373.28000000000003,-0.138
373.32,-0.14200000000000002
373.36,-0.138
373.40000000000003,-0.134
373.44,-0.136
373.48,-0.136
373.52,-0.134
373.56,-0.138
373.6,-0.14200000000000002
373.64,-0.136
373.68,-0.138
373.72,-0.14400000000000002
373.76,-0.14200000000000002
373.8,-0.138
373.84000000000003,-0.14200000000000002
373.88,-0.14600000000000002
373.92,-0.14200000000000002
373.96,-0.14
374.0,-0.14200000000000002
374.04,-0.138
374.08,-0.132
374.12,-0.138
374.16,-0.14400000000000002
374.2,-0.14
374.24,-0.14
374.28000000000003,-0.14200000000000002
374.32,-0.14
374.36,-0.14200000000000002
374.40000000000003,-0.14400000000000002
374.44,-0.14
374.48,-0.136
374.52,-0.14200000000000002
374.56,-0.14600000000000002
374.6,-0.14
374.64,-0.138
374.68,-0.136
374.72,-0.134
374.76,-0.132
374.8,-0.136
374.84000000000003,-0.136
374.88,-0.132
374.92,-0.136
374.96,-0.14200000000000002
375.0,-0.136
375.04,-0.132
375.08,-0.14
375.12,-0.14200000000000002
375.16,-0.14200000000000002
375.2,-0.14400000000000002
375.24,-0.14200000000000002
375.28000000000003,-0.136
375.32,-0.134
375.36,-0.136
375.40000000000003,-0.138
375.44,-0.138
375.48,-0.138
375.52,-0.14
375.56,-0.14200000000000002
375.6,-0.14400000000000002
375.64,-0.14200000000000002
375.68,-0.138
375.72,-0.138
375.76,-0.14400000000000002
375.8,-0.14600000000000002
375.84000000000003,-0.14600000000000002
375.88,-0.14200000000000002
375.92,-0.14200000000000002
375.96,-0.138
376.0,-0.138
376.04,-0.138
376.08,-0.134
376.12,-0.136
376.16,-0.138
376.2,-0.14
376.24,-0.136
376.28000000000003,-0.134
376.32,-0.138
376.36,-0.14200000000000002
376.40000000000003,-0.14
376.44,-0.14200000000000002
376.48,-0.14400000000000002
376.52,-0.14200000000000002
376.56,-0.138
376.6,-0.138
376.64,-0.138
376.68,-0.136
376.72,-0.132
376.76,-0.134
376.8,-0.14
376.84000000000003,-0.14
376.88,-0.14
376.92,-0.136
376.96,-0.138
377.0,-0.14200000000000002
377.04,-0.14200000000000002
377.08,-0.14200000000000002
377.12,-0.14200000000000002
377.16,-0.14400000000000002
377.2,-0.14400000000000002
377.24,-0.14400000000000002
377.28000000000003,-0.138
377.32,-0.136
377.36,-0.136
377.40000000000003,-0.14200000000000002
377.44,-0.138
377.48,-0.134
377.52,-0.136
377.56,-0.14
377.6,-0.138
377.64,-0.134
377.68,-0.138
377.72,-0.14400000000000002
377.76,-0.14200000000000002
377.8,-0.14
377.84000000000003,-0.14600000000000002
377.88,-0.14400000000000002
377.92,-0.138
377.96,-0.134
378.0,-0.136
378.04,-0.136
378.08,-0.14
378.12,-0.138
378.16,-0.136
378.2,-0.138
378.24,-0.14400000000000002
378.28000000000003,-0.14
378.32,-0.136
378.36,-0.14
378.40000000000003,-0.14600000000000002
378.44,-0.14400000000000002
378.48,-0.14200000000000002
378.52,-0.14200000000000002
378.56,-0.138
378.6,-0.138
378.64,-0.14
378.68,-0.136
378.72,-0.134
378.76,-0.138
378.8,-0.14200000000000002
378.84000000000003,-0.136
378.88,-0.132
378.92,-0.136
378.96,-0.138
379.0,-0.134
379.04,-0.138
379.08,-0.14600000000000002
379.12,-0.14400000000000002
379.16,-0.138
379.2,-0.138
379.24,-0.138
379.28000000000003,-0.134
379.32,-0.138
379.36,-0.134
379.40000000000003,-0.134
379.44,-0.138
379.48,-0.14200000000000002
379.52,-0.136
379.56,-0.132
379.6,-0.14
379.64,-0.14200000000000002
379.68,-0.138
379.72,-0.14
379.76,-0.14400000000000002
379.8,-0.14400000000000002
379.84000000000003,-0.14200000000000002
379.88,-0.14400000000000002
379.92,-0.138
379.96,-0.134
380.0,-0.14200000000000002
380.04,-0.14600000000000002
380.08,-0.138
380.12,-0.138
380.16,-0.14
380.2,-0.136
380.24,-0.13
380.28000000000003,-0.138
380.32,-0.14400000000000002
380.36,-0.14
380.40000000000003,-0.138
380.44,-0.14400000000000002
380.48,-0.14200000000000002
380.52,-0.14
380.56,-0.138
380.6,-0.132
380.64,-0.13
380.68,-0.138
380.72,-0.138
380.76,-0.13
380.8,-0.132
380.84000000000003,-0.136
380.88,-0.136
380.92,-0.134
380.96,-0.138
381.0,-0.138
381.04,-0.14
381.08,-0.14400000000000002
381.12,-0.14200000000000002
381.16,-0.138
381.2,-0.136
381.24,-0.14200000000000002
381.28000000000003,-0.14200000000000002
381.32,-0.136
381.36,-0.14
381.40000000000003,-0.138
381.44,-0.136
381.48,-0.136
381.52,-0.138
381.56,-0.138
381.6,-0.138
381.64,-0.138
381.68,-0.14400000000000002
381.72,-0.14600000000000002
381.76,-0.14600000000000002
381.8,-0.14
381.84000000000003,-0.136
381.88,-0.138
381.92,-0.14200000000000002
381.96,-0.136
382.0,-0.134
382.04,-0.136
382.08,-0.138
382.12,-0.136
382.16,-0.134
382.2,-0.136
382.24,-0.134
382.28000000000003,-0.138
382.32,-0.14200000000000002
382.36,-0.14
382.40000000000003,-0.136
382.44,-0.14200000000000002
382.48,-0.14400000000000002
382.52,-0.138
382.56,-0.136
382.6,-0.138
382.64,-0.14200000000000002
382.68,-0.138
382.72,-0.138
382.76,-0.14
382.8,-0.136
382.84000000000003,-0.134
382.88,-0.134
382.92,-0.136
382.96000000000004,-0.14400000000000002
383.0,-0.14200000000000002
383.04,-0.14200000000000002
383.08,-0.14
383.12,-0.14400000000000002
383.16,-0.14200000000000002
383.2,-0.136
383.24,-0.134
383.28000000000003,-0.138
383.32,-0.14
383.36,-0.136
383.40000000000003,-0.134
383.44,-0.136
383.48,-0.134
383.52,-0.136
383.56,-0.138
383.6,-0.136
383.64,-0.136
383.68,-0.14400000000000002
383.72,-0.14600000000000002
383.76,-0.138
383.8,-0.136
383.84000000000003,-0.138
383.88,-0.14
383.92,-0.138
383.96000000000004,-0.138
384.0,-0.14400000000000002
384.04,-0.136
384.08,-0.128
384.12,-0.132
384.16,-0.136
384.2,-0.136
384.24,-0.138
384.28000000000003,-0.14
384.32,-0.14200000000000002
384.36,-0.14600000000000002
384.40000000000003,-0.14600000000000002
384.44,-0.138
384.48,-0.136
384.52,-0.14200000000000002
384.56,-0.14200000000000002
384.6,-0.134
384.64,-0.134
384.68,-0.136
384.72,-0.136
384.76,-0.134
384.8,-0.136
384.84000000000003,-0.134
384.88,-0.13
384.92,-0.138
384.96000000000004,-0.14400000000000002
385.0,-0.138
385.04,-0.136
385.08,-0.14
385.12,-0.138
385.16,-0.134
385.2,-0.138
385.24,-0.14400000000000002
385.28000000000003,-0.138
385.32,-0.134
385.36,-0.138
385.40000000000003,-0.14
385.44,-0.134
385.48,-0.13
385.52,-0.136
385.56,-0.138
385.6,-0.14200000000000002
385.64,-0.14400000000000002
385.68,-0.14
385.72,-0.14
385.76,-0.14600000000000002
385.8,-0.14200000000000002
385.84000000000003,-0.136
385.88,-0.138
385.92,-0.14200000000000002
385.96000000000004,-0.138
386.0,-0.136
386.04,-0.138
386.08,-0.134
386.12,-0.13
386.16,-0.138
386.2,-0.14200000000000002
386.24,-0.136
386.28000000000003,-0.136
386.32,-0.14200000000000002
386.36,-0.138
386.40000000000003,-0.134
386.44,-0.14
386.48,-0.138
386.52,-0.136
386.56,-0.136
386.6,-0.14200000000000002
386.64,-0.138
386.68,-0.134
386.72,-0.13
386.76,-0.13
386.8,-0.134
386.84000000000003,-0.136
386.88,-0.138
386.92,-0.136
386.96000000000004,-0.14200000000000002
387.0,-0.14400000000000002
387.04,-0.138
387.08,-0.136
387.12,-0.14
387.16,-0.14
387.2,-0.138
387.24,-0.14200000000000002
387.28000000000003,-0.14
387.32,-0.134
387.36,-0.134
387.40000000000003,-0.138
387.44,-0.138
387.48,-0.134
387.52,-0.136
387.56,-0.14
387.6,-0.138
387.64,-0.136
387.68,-0.138
387.72,-0.138
387.76,-0.136
387.8,-0.138
387.84000000000003,-0.14200000000000002
387.88,-0.14200000000000002
387.92,-0.138
387.96000000000004,-0.136
388.0,-0.134
388.04,-0.134
388.08,-0.132
388.12,-0.132
388.16,-0.134
388.2,-0.14
388.24,-0.138
388.28000000000003,-0.138
388.32,-0.138
388.36,-0.14
388.40000000000003,-0.14
388.44,-0.14
388.48,-0.14400000000000002
388.52,-0.138
388.56,-0.134
388.6,-0.138
388.64,-0.14
388.68,-0.134
388.72,-0.132
388.76,-0.134
388.8,-0.136
388.84000000000003,-0.136
388.88,-0.136
388.92,-0.138
388.96000000000004,-0.136
389.0,-0.136
389.04,-0.136
389.08,-0.138
389.12,-0.138
389.16,-0.138
389.2,-0.138
389.24,-0.136
389.28000000000003,-0.136
389.32,-0.134
389.36,-0.13
389.40000000000003,-0.13
389.44,-0.134
389.48,-0.136
389.52,-0.136
389.56,-0.138
389.6,-0.14
389.64,-0.138
389.68,-0.14200000000000002
389.72,-0.14200000000000002
389.76,-0.138
389.8,-0.136
389.84000000000003,-0.14200000000000002
389.88,-0.14600000000000002
389.92,-0.138
389.96000000000004,-0.132
390.0,-0.136
390.04,-0.138
390.08,-0.136
390.12,-0.136
390.16,-0.14
390.2,-0.138
390.24,-0.138
390.28000000000003,-0.138
390.32,-0.138
390.36,-0.136
390.40000000000003,-0.138
390.44,-0.14200000000000002
390.48,-0.14
390.52,-0.138
390.56,-0.138
390.6,-0.134
390.64,-0.13
390.68,-0.134
390.72,-0.13
390.76,-0.128
390.8,-0.134
390.84000000000003,-0.136
390.88,-0.138
390.92,-0.136
390.96000000000004,-0.138
391.0,-0.134
391.04,-0.134
391.08,-0.14200000000000002
391.12,-0.14600000000000002
391.16,-0.138
391.2,-0.134
391.24,-0.138
391.28000000000003,-0.138
391.32,-0.13
391.36,-0.134
391.40000000000003,-0.138
391.44,-0.138
391.48,-0.138
391.52,-0.14
391.56,-0.138
391.6,-0.136
391.64,-0.138
391.68,-0.14
391.72,-0.138
391.76,-0.14
391.8,-0.14200000000000002
391.84000000000003,-0.138
391.88,-0.138
391.92,-0.138
391.96000000000004,-0.136
392.0,-0.128
392.04,-0.13
392.08,-0.136
392.12,-0.136
392.16,-0.136
392.2,-0.136
392.24,-0.128
392.28000000000003,-0.132
392.32,-0.14200000000000002
392.36,-0.14200000000000002
392.40000000000003,-0.134
392.44,-0.138
392.48,-0.14400000000000002
392.52,-0.138
392.56,-0.132
392.6,-0.134
392.64,-0.136
392.68,-0.136
392.72,-0.138
392.76,-0.138
392.8,-0.136
392.84000000000003,-0.136
392.88,-0.138
392.92,-0.136
392.96000000000004,-0.134
393.0,-0.138
393.04,-0.14
393.08,-0.138
393.12,-0.14200000000000002
393.16,-0.14200000000000002
393.2,-0.138
393.24,-0.132
393.28000000000003,-0.132
393.32,-0.132
393.36,-0.134
393.40000000000003,-0.134
393.44,-0.134
393.48,-0.128
393.52,-0.134
393.56,-0.14
393.6,-0.136
393.64,-0.13
393.68,-0.138
393.72,-0.14400000000000002
393.76,-0.14
393.8,-0.134
393.84000000000003,-0.138
393.88,-0.138
393.92,-0.134
393.96000000000004,-0.132
394.0,-0.134
394.04,-0.136
394.08,-0.138
394.12,-0.14
394.16,-0.136
394.2,-0.136
394.24,-0.136
394.28000000000003,-0.136
394.32,-0.138
394.36,-0.14200000000000002
394.40000000000003,-0.14400000000000002
394.44,-0.14
394.48,-0.138
394.52,-0.136
394.56,-0.136
394.6,-0.136
394.64,-0.134
394.68,-0.13
394.72,-0.13
394.76,-0.136
394.8,-0.136
394.84000000000003,-0.128
394.88,-0.128
394.92,-0.136
394.96000000000004,-0.14
395.0,-0.136
395.04,-0.134
395.08,-0.14
395.12,-0.14
395.16,-0.134
395.2,-0.13
395.24,-0.13
395.28000000000003,-0.134
395.32,-0.136
395.36,-0.138
395.40000000000003,-0.138
395.44,-0.134
395.48,-0.134
395.52,-0.136
395.56,-0.134
395.6,-0.138
395.64,-0.14200000000000002
395.68,-0.138
395.72,-0.138
395.76,-0.14200000000000002
395.8,-0.14200000000000002
395.84000000000003,-0.138
395.88,-0.136
395.92,-0.134
395.96000000000004,-0.136
396.0,-0.138
396.04,-0.136
396.08,-0.13
396.12,-0.13
396.16,-0.138
396.2,-0.136
396.24,-0.13
396.28000000000003,-0.134
396.32,-0.14200000000000002
396.36,-0.14200000000000002
396.40000000000003,-0.138
396.44,-0.134
396.48,-0.134
396.52,-0.13
396.56,-0.134
396.6,-0.134
396.64,-0.134
396.68,-0.134
396.72,-0.132
396.76,-0.132
396.8,-0.134
396.84000000000003,-0.136
396.88,-0.134
396.92,-0.13
396.96000000000004,-0.136
397.0,-0.14200000000000002
397.04,-0.14
397.08,-0.138
397.12,-0.138
397.16,-0.138
397.2,-0.136
397.24,-0.138
397.28000000000003,-0.134
397.32,-0.13
397.36,-0.136
397.40000000000003,-0.138
397.44,-0.132
397.48,-0.126
397.52,-0.134
397.56,-0.138
397.6,-0.138
397.64,-0.138
397.68,-0.14
397.72,-0.136
397.76,-0.136
397.8,-0.136
397.84000000000003,-0.134
397.88,-0.13
397.92,-0.134
397.96000000000004,-0.134
398.0,-0.13
398.04,-0.136
398.08,-0.136
398.12,-0.13
398.16,-0.126
398.2,-0.134
398.24,-0.136
398.28000000000003,-0.136
398.32,-0.138
398.36,-0.14200000000000002
398.40000000000003,-0.138
398.44,-0.138
398.48,-0.14
398.52,-0.134
398.56,-0.13
398.6,-0.14
398.64,-0.14200000000000002
398.68,-0.13
398.72,-0.128
398.76,-0.134
398.8,-0.134
398.84000000000003,-0.13
398.88,-0.134
398.92,-0.136
398.96000000000004,-0.136
399.0,-0.138
399.04,-0.14200000000000002
399.08,-0.136
399.12,-0.13
399.16,-0.134
399.2,-0.132
399.24,-0.128
399.28000000000003,-0.136
399.32,-0.136
399.36,-0.13
399.40000000000003,-0.13
399.44,-0.134
399.48,-0.128
399.52,-0.128
399.56,-0.136
399.6,-0.136
399.64,-0.134
399.68,-0.138
399.72,-0.138
399.76,-0.134
399.8,-0.134
399.84000000000003,-0.14400000000000002
399.88,-0.14200000000000002
399.92,-0.13
399.96000000000004,-0.134
400.0,-0.138
400.04,-0.136
400.08,-0.132
400.12,-0.132
400.16,-0.13
400.2,-0.134
400.24,-0.14
400.28000000000003,-0.14200000000000002
400.32,-0.138
400.36,-0.136
400.40000000000003,-0.136
400.44,-0.134
400.48,-0.132
400.52,-0.134
400.56,-0.132
400.6,-0.13
400.64,-0.132
400.68,-0.13
400.72,-0.126
400.76,-0.128
400.8,-0.13
400.84000000000003,-0.128
400.88,-0.13
400.92,-0.134
400.96000000000004,-0.134
401.0,-0.132
401.04,-0.136
401.08,-0.138
401.12,-0.134
401.16,-0.13
401.2,-0.134
401.24,-0.138
401.28000000000003,-0.136
401.32,-0.134
401.36,-0.132
401.40000000000003,-0.128
401.44,-0.13
401.48,-0.132
401.52,-0.134
401.56,-0.136
401.6,-0.138
401.64,-0.138
401.68,-0.138
401.72,-0.138
401.76,-0.136
401.8,-0.134
401.84000000000003,-0.136
401.88,-0.138
401.92,-0.136
401.96000000000004,-0.132
402.0,-0.134
402.04,-0.134
402.08,-0.128
402.12,-0.128
402.16,-0.134
402.2,-0.13
402.24,-0.132
402.28000000000003,-0.138
402.32,-0.138
402.36,-0.13
402.40000000000003,-0.13
402.44,-0.134
402.48,-0.136
402.52,-0.136
402.56,-0.138
402.6,-0.134
402.64,-0.132
402.68,-0.13
402.72,-0.13
402.76,-0.128
402.8,-0.128
402.84000000000003,-0.134
402.88,-0.136
402.92,-0.138
402.96000000000004,-0.138
403.0,-0.136
403.04,-0.134
403.08,-0.138
403.12,-0.138
403.16,-0.13
403.2,-0.132
403.24,-0.138
403.28000000000003,-0.136
403.32,-0.13
403.36,-0.13
403.40000000000003,-0.13
403.44,-0.126
403.48,-0.128
403.52,-0.136
403.56,-0.138
403.6,-0.13
403.64,-0.128
403.68,-0.134
403.72,-0.134
403.76,-0.136
403.8,-0.138
403.84000000000003,-0.136
403.88,-0.136
403.92,-0.136
403.96000000000004,-0.134
404.0,-0.128
404.04,-0.128
404.08,-0.132
404.12,-0.134
404.16,-0.132
404.2,-0.136
404.24,-0.136
404.28000000000003,-0.138
404.32,-0.14
404.36,-0.138
404.40000000000003,-0.132
404.44,-0.134
404.48,-0.14
404.52,-0.138
404.56,-0.132
404.6,-0.136
404.64,-0.134
404.68,-0.128
404.72,-0.128
404.76,-0.134
404.8,-0.134
404.84000000000003,-0.128
404.88,-0.128
404.92,-0.136
404.96000000000004,-0.134
405.0,-0.132
405.04,-0.13
405.08,-0.13
405.12,-0.134
405.16,-0.138
405.2,-0.136
405.24,-0.13
405.28000000000003,-0.132
405.32,-0.134
405.36,-0.126
405.40000000000003,-0.12200000000000001
405.44,-0.126
405.48,-0.13
405.52,-0.136
405.56,-0.138
405.6,-0.136
405.64,-0.13
405.68,-0.136
405.72,-0.14
405.76,-0.136
405.8,-0.136
405.84000000000003,-0.14200000000000002
405.88,-0.138
405.92,-0.13
405.96000000000004,-0.134
406.0,-0.136
406.04,-0.13
406.08,-0.128
406.12,-0.132
406.16,-0.134
406.2,-0.134
406.24,-0.134
406.28000000000003,-0.13
406.32,-0.13
406.36,-0.134
406.40000000000003,-0.138
406.44,-0.13
406.48,-0.13
406.52,-0.14
406.56,-0.136
406.6,-0.126
406.64,-0.126
406.68,-0.126
406.72,-0.124
406.76,-0.13
406.8,-0.132
406.84000000000003,-0.126
406.88,-0.128
406.92,-0.138
406.96000000000004,-0.134
407.0,-0.13
407.04,-0.136
407.08,-0.14
407.12,-0.134
407.16,-0.132
407.2,-0.138
407.24,-0.138
407.28000000000003,-0.13
407.32,-0.128
407.36,-0.134
407.40000000000003,-0.134
407.44,-0.134
407.48,-0.134
407.52,-0.13
407.56,-0.132
407.6,-0.136
407.64,-0.13
407.68,-0.126
407.72,-0.136
407.76,-0.14200000000000002
407.8,-0.138
407.84000000000003,-0.134
407.88,-0.134
407.92,-0.13
407.96000000000004,-0.128
408.0,-0.13
408.04,-0.13
408.08,-0.12200000000000001
408.12,-0.128
408.16,-0.136
408.2,-0.13
408.24,-0.128
408.28000000000003,-0.136
408.32,-0.134
408.36,-0.128
408.40000000000003,-0.134
408.44,-0.138
408.48,-0.136
408.52,-0.13
408.56,-0.13
408.6,-0.13
408.64,-0.132
408.68,-0.13
408.72,-0.13
408.76,-0.13
408.8,-0.136
408.84000000000003,-0.136
408.88,-0.126
408.92,-0.126
408.96000000000004,-0.134
409.0,-0.136
409.04,-0.134
409.08,-0.134
409.12,-0.136
409.16,-0.136
409.2,-0.134
409.24,-0.132
409.28000000000003,-0.128
409.32,-0.12200000000000001
409.36,-0.126
409.40000000000003,-0.13
409.44,-0.13
409.48,-0.128
409.52,-0.132
409.56,-0.13
409.6,-0.126
409.64,-0.13
409.68,-0.136
409.72,-0.136
409.76,-0.134
409.8,-0.136
409.84000000000003,-0.136
409.88,-0.132
409.92,-0.128
409.96000000000004,-0.13
410.0,-0.134
410.04,-0.136
410.08,-0.134
410.12,-0.13
410.16,-0.13
410.2,-0.134
410.24,-0.134
410.28000000000003,-0.128
410.32,-0.13
410.36,-0.132
410.40000000000003,-0.134
410.44,-0.138
410.48,-0.14
410.52,-0.134
410.56,-0.13
410.6,-0.13
410.64,-0.128
410.68,-0.126
410.72,-0.126
410.76,-0.132
410.8,-0.128
410.84000000000003,-0.126
410.88,-0.128
410.92,-0.132
410.96000000000004,-0.128
411.0,-0.13
411.04,-0.136
411.08,-0.136
411.12,-0.13
411.16,-0.128
411.2,-0.13
411.24,-0.132
411.28000000000003,-0.13
411.32,-0.13
411.36,-0.128
411.40000000000003,-0.132
411.44,-0.134
411.48,-0.132
411.52,-0.126
411.56,-0.126
411.6,-0.13
411.64,-0.134
411.68,-0.138
411.72,-0.14
411.76,-0.136
411.8,-0.134
411.84000000000003,-0.138
411.88,-0.134
411.92,-0.126
411.96000000000004,-0.13
412.0,-0.13
412.04,-0.126
412.08,-0.126
412.12,-0.13
412.16,-0.13
412.2,-0.126
412.24,-0.13
412.28000000000003,-0.136
412.32,-0.13
412.36,-0.128
412.40000000000003,-0.134
412.44,-0.134
412.48,-0.132
412.52,-0.13
412.56,-0.128
412.6,-0.124
412.64,-0.132
412.68,-0.134
412.72,-0.128
412.76,-0.128
412.8,-0.126
412.84000000000003,-0.128
412.88,-0.126
412.92,-0.13
412.96000000000004,-0.134
413.0,-0.13
413.04,-0.134
413.08,-0.14200000000000002
413.12,-0.136
413.16,-0.128
413.2,-0.134
413.24,-0.134
413.28000000000003,-0.126
413.32,-0.128
413.36,-0.134
413.40000000000003,-0.128
413.44,-0.126
413.48,-0.13
413.52,-0.13
413.56,-0.126
413.6,-0.126
413.64,-0.134
413.68,-0.136
413.72,-0.134
413.76,-0.134
413.8,-0.128
413.84000000000003,-0.126
413.88,-0.132
413.92,-0.134
413.96000000000004,-0.13
414.0,-0.13
414.04,-0.132
414.08,-0.126
414.12,-0.124
414.16,-0.126
414.2,-0.126
414.24,-0.126
414.28000000000003,-0.132
414.32,-0.138
414.36,-0.136
414.40000000000003,-0.134
414.44,-0.138
414.48,-0.138
414.52,-0.128
414.56,-0.13
414.6,-0.134
414.64,-0.13
414.68,-0.128
414.72,-0.13
414.76,-0.126
414.8,-0.12200000000000001
414.84000000000003,-0.126
414.88,-0.13
414.92,-0.132
414.96000000000004,-0.132
415.0,-0.134
415.04,-0.13
415.08,-0.126
415.12,-0.13
415.16,-0.13
415.2,-0.128
415.24,-0.13
415.28000000000003,-0.13
415.32,-0.13
415.36,-0.13
415.40000000000003,-0.128
415.44,-0.12200000000000001
415.48,-0.12200000000000001
415.52,-0.13
415.56,-0.13
415.6,-0.128
415.64,-0.13
415.68,-0.136
415.72,-0.136
415.76,-0.13
415.8,-0.13
415.84000000000003,-0.134
415.88,-0.136
415.92,-0.134
415.96000000000004,-0.134
416.0,-0.13
416.04,-0.128
416.08,-0.126
416.12,-0.128
416.16,-0.13
416.2,-0.13
416.24,-0.13
416.28000000000003,-0.13
416.32,-0.132
416.36,-0.13
416.40000000000003,-0.13
416.44,-0.13
416.48,-0.126
416.52,-0.128
416.56,-0.13
416.6,-0.13
416.64,-0.128
416.68,-0.124
416.72,-0.126
416.76,-0.126
416.8,-0.12200000000000001
416.84000000000003,-0.12000000000000001
416.88,-0.126
416.92,-0.134
416.96000000000004,-0.132
417.0,-0.128
417.04,-0.13
417.08,-0.132
417.12,-0.132
417.16,-0.132
417.2,-0.134
417.24,-0.13
417.28000000000003,-0.13
417.32,-0.132
417.36,-0.13
417.40000000000003,-0.126
417.44,-0.128
417.48,-0.128
417.52,-0.126
417.56,-0.13
417.6,-0.136
417.64,-0.134
417.68,-0.13
417.72,-0.13
417.76,-0.13
417.8,-0.13
417.84000000000003,-0.13
417.88,-0.13
417.92,-0.128
417.96000000000004,-0.134
418.0,-0.134
418.04,-0.124
418.08,-0.11800000000000001
418.12,-0.126
418.16,-0.13
418.2,-0.126
418.24,-0.124
418.28000000000003,-0.13
418.32,-0.134
418.36,-0.13
418.40000000000003,-0.13
418.44,-0.13
418.48,-0.13
418.52,-0.13
418.56,-0.134
418.6,-0.134
418.64,-0.128
418.68,-0.126
418.72,-0.126
418.76,-0.12200000000000001
418.8,-0.126
418.84000000000003,-0.134
418.88,-0.13
418.92,-0.126
418.96000000000004,-0.13
419.0,-0.13
419.04,-0.128
419.08,-0.128
419.12,-0.13
419.16,-0.13
419.2,-0.134
419.24,-0.136
419.28000000000003,-0.126
419.32,-0.12200000000000001
419.36,-0.128
419.40000000000003,-0.13
419.44,-0.12000000000000001
419.48,-0.12000000000000001
419.52,-0.13
419.56,-0.128
419.6,-0.126
419.64,-0.13
419.68,-0.13
419.72,-0.126
419.76,-0.13
419.8,-0.136
419.84000000000003,-0.132
419.88,-0.13
419.92,-0.134
419.96000000000004,-0.13
420.0,-0.12200000000000001
420.04,-0.126
420.08,-0.13
420.12,-0.126
420.16,-0.128
420.2,-0.134
420.24,-0.13
420.28000000000003,-0.126
420.32,-0.128
420.36,-0.128
420.40000000000003,-0.13
420.44,-0.134
420.48,-0.134
420.52,-0.126
420.56,-0.128
420.6,-0.136
420.64,-0.13
420.68,-0.12000000000000001
420.72,-0.12200000000000001
420.76,-0.126
420.8,-0.126
420.84000000000003,-0.12200000000000001
420.88,-0.128
420.92,-0.126
420.96000000000004,-0.126
421.0,-0.126
421.04,-0.128
421.08,-0.126
421.12,-0.132
421.16,-0.132
421.2,-0.13
421.24,-0.128
421.28000000000003,-0.13
421.32,-0.126
421.36,-0.12200000000000001
421.40000000000003,-0.126
421.44,-0.13
421.48,-0.128
421.52,-0.128
421.56,-0.13
421.6,-0.13
421.64,-0.132
421.68,-0.13
421.72,-0.126
421.76,-0.126
421.8,-0.136
421.84000000000003,-0.14
421.88,-0.13
421.92,-0.126
421.96000000000004,-0.13
422.0,-0.128
422.04,-0.124
422.08,-0.124
422.12,-0.126
422.16,-0.128
422.2,-0.128
422.24,-0.128
422.28000000000003,-0.126
422.32,-0.126
422.36,-0.128
422.40000000000003,-0.13
422.44,-0.128
422.48,-0.134
422.52,-0.13
422.56,-0.126
422.6,-0.126
422.64,-0.128
422.68,-0.126
422.72,-0.12200000000000001
422.76,-0.124
422.8,-0.126
422.84000000000003,-0.13
422.88,-0.13
422.92,-0.126
422.96000000000004,-0.12200000000000001
423.0,-0.12200000000000001
423.04,-0.136
423.08,-0.136
423.12,-0.128
423.16,-0.128
423.2,-0.134
423.24,-0.13
423.28000000000003,-0.12200000000000001
423.32,-0.126
423.36,-0.128
423.40000000000003,-0.12200000000000001
423.44,-0.126
423.48,-0.128
423.52,-0.12200000000000001
423.56,-0.12200000000000001
423.6,-0.126
423.64,-0.128
423.68,-0.128
423.72,-0.132
423.76,-0.134
423.8,-0.13
423.84000000000003,-0.13
423.88,-0.13
423.92,-0.126
423.96000000000004,-0.12200000000000001
424.0,-0.124
424.04,-0.128
424.08,-0.13
424.12,-0.132
424.16,-0.128
424.2,-0.12200000000000001
424.24,-0.126
424.28000000000003,-0.134
424.32,-0.13
424.36,-0.126
424.40000000000003,-0.13
424.44,-0.136
424.48,-0.134
424.52,-0.128
424.56,-0.13
424.6,-0.128
424.64,-0.124
424.68,-0.126
424.72,-0.128
424.76,-0.12200000000000001
424.8,-0.12200000000000001
424.84000000000003,-0.126
424.88,-0.124
424.92,-0.124
424.96000000000004,-0.124
425.0,-0.128
425.04,-0.128
425.08,-0.13
425.12,-0.134
425.16,-0.128
425.2,-0.12200000000000001
425.24,-0.12200000000000001
425.28000000000003,-0.126
425.32,-0.126
425.36,-0.128
425.40000000000003,-0.126
425.44,-0.12200000000000001
425.48,-0.126
425.52,-0.13
425.56,-0.128
425.6,-0.12200000000000001
425.64,-0.126
425.68,-0.134
425.72,-0.132
425.76,-0.13
425.8,-0.134
425.84000000000003,-0.134
425.88,-0.128
425.92,-0.13
425.96000000000004,-0.13
426.0,-0.126
426.04,-0.126
426.08,-0.128
426.12,-0.126
426.16,-0.12200000000000001
426.2,-0.12200000000000001
426.24,-0.126
426.28000000000003,-0.126
426.32,-0.13
426.36,-0.132
426.40000000000003,-0.13
426.44,-0.128
426.48,-0.128
426.52,-0.126
426.56,-0.124
426.6,-0.126
426.64,-0.124
426.68,-0.12200000000000001
426.72,-0.126
426.76,-0.128
426.8,-0.12200000000000001
426.84000000000003,-0.11800000000000001
426.88,-0.126
426.92,-0.126
426.96000000000004,-0.126
427.0,-0.128
427.04,-0.132
427.08,-0.13
427.12,-0.128
427.16,-0.13
427.2,-0.126
427.24,-0.126
427.28000000000003,-0.13
427.32,-0.132
427.36,-0.126
427.40000000000003,-0.12200000000000001
427.44,-0.12200000000000001
427.48,-0.12200000000000001
427.52,-0.12200000000000001
427.56,-0.126
427.6,-0.128
427.64,-0.128
427.68,-0.13
427.72,-0.132
427.76,-0.126
427.8,-0.126
427.84000000000003,-0.126
427.88,-0.126
427.92,-0.124
427.96000000000004,-0.128
428.0,-0.128
428.04,-0.12200000000000001
428.08,-0.12200000000000001
428.12,-0.128
428.16,-0.124
428.2,-0.12200000000000001
428.24,-0.128
428.28000000000003,-0.13
428.32,-0.128
428.36,-0.13
428.40000000000003,-0.132
428.44,-0.126
428.48,-0.126
428.52,-0.134
428.56,-0.134
428.6,-0.128
428.64,-0.126
428.68,-0.126
428.72,-0.12200000000000001
428.76,-0.12200000000000001
428.8,-0.124
428.84000000000003,-0.12200000000000001
428.88,-0.12200000000000001
428.92,-0.13
428.96000000000004,-0.13
429.0,-0.126
429.04,-0.128
429.08,-0.126
429.12,-0.12200000000000001
429.16,-0.124
429.2,-0.128
429.24,-0.126
429.28000000000003,-0.12000000000000001
429.32,-0.12200000000000001
429.36,-0.126
429.40000000000003,-0.12200000000000001
429.44,-0.11800000000000001
429.48,-0.12200000000000001
429.52,-0.124
429.56,-0.124
429.6,-0.128
429.64,-0.13
429.68,-0.12200000000000001
429.72,-0.124
429.76,-0.13
429.8,-0.134
429.84000000000003,-0.128
429.88,-0.128
429.92,-0.128
429.96000000000004,-0.13
430.0,-0.126
430.04,-0.124
430.08,-0.12200000000000001
430.12,-0.12200000000000001
430.16,-0.126
430.2,-0.126
430.24,-0.128
430.28000000000003,-0.13
430.32,-0.13
430.36,-0.126
430.40000000000003,-0.128
430.44,-0.13
430.48,-0.128
430.52,-0.124
430.56,-0.126
430.6,-0.128
430.64,-0.12200000000000001
430.68,-0.12000000000000001
430.72,-0.12000000000000001
430.76,-0.12200000000000001
430.8,-0.12200000000000001
430.84000000000003,-0.124
430.88,-0.126
430.92,-0.12200000000000001
430.96000000000004,-0.12200000000000001
431.0,-0.13
431.04,-0.128
431.08,-0.12200000000000001
431.12,-0.126
431.16,-0.13
431.2,-0.13
431.24,-0.13
431.28000000000003,-0.126
431.32,-0.124
431.36,-0.12000000000000001
431.40000000000003,-0.12000000000000001
431.44,-0.12200000000000001
431.48,-0.126
431.52,-0.128
431.56,-0.126
431.6,-0.124
431.64,-0.126
431.68,-0.128
431.72,-0.128
431.76,-0.126
431.8,-0.13
431.84000000000003,-0.13
431.88,-0.126
431.92,-0.12200000000000001
431.96000000000004,-0.12200000000000001
432.0,-0.12200000000000001
432.04,-0.12200000000000001
432.08,-0.124
432.12,-0.12200000000000001
432.16,-0.12200000000000001
432.2,-0.126
432.24,-0.128
432.28000000000003,-0.12200000000000001
432.32,-0.11800000000000001
432.36,-0.124
432.40000000000003,-0.128
432.44,-0.13
432.48,-0.13
432.52,-0.128
432.56,-0.126
432.6,-0.126
432.64,-0.12200000000000001
432.68,-0.12000000000000001
432.72,-0.124
432.76,-0.126
432.8,-0.12200000000000001
432.84000000000003,-0.12200000000000001
432.88,-0.126
432.92,-0.126
432.96000000000004,-0.12200000000000001
433.0,-0.124
433.04,-0.132
433.08,-0.13
433.12,-0.126
433.16,-0.124
433.2,-0.126
433.24,-0.124
433.28000000000003,-0.12200000000000001
433.32,-0.12200000000000001
433.36,-0.12000000000000001
433.40000000000003,-0.12000000000000001
433.44,-0.128
433.48,-0.126
433.52,-0.12000000000000001
433.56,-0.116
433.6,-0.12200000000000001
433.64,-0.126
433.68,-0.124
433.72,-0.126
433.76,-0.128
433.8,-0.128
433.84000000000003,-0.128
433.88,-0.12200000000000001
433.92,-0.12000000000000001
433.96000000000004,-0.124
434.0,-0.128
434.04,-0.12000000000000001
434.08,-0.12000000000000001
434.12,-0.126
434.16,-0.126
434.2,-0.12000000000000001
434.24,-0.126
434.28000000000003,-0.132
434.32,-0.13
434.36,-0.126
434.40000000000003,-0.13
434.44,-0.13
434.48,-0.128
434.52,-0.128
434.56,-0.124
434.6,-0.12000000000000001
434.64,-0.12200000000000001
434.68,-0.13
434.72,-0.128
434.76,-0.11800000000000001
434.8,-0.12000000000000001
434.84000000000003,-0.12200000000000001
434.88,-0.12200000000000001
434.92,-0.12000000000000001
434.96000000000004,-0.12200000000000001
435.0,-0.124
435.04,-0.128
435.08,-0.128
435.12,-0.126
435.16,-0.12200000000000001
435.2,-0.124
435.24,-0.124
435.28000000000003,-0.11800000000000001
435.32,-0.11800000000000001
435.36,-0.126
435.40000000000003,-0.12000000000000001
435.44,-0.116
435.48,-0.12200000000000001
435.52,-0.126
435.56,-0.124
435.6,-0.12000000000000001
435.64,-0.128
435.68,-0.132
435.72,-0.13
435.76,-0.126
435.8,-0.126
435.84000000000003,-0.12000000000000001
435.88,-0.12200000000000001
435.92,-0.13
435.96000000000004,-0.128
436.0,-0.12200000000000001
436.04,-0.126
436.08,-0.13
436.12,-0.124
436.16,-0.12000000000000001
436.2,-0.12000000000000001
436.24,-0.12200000000000001
436.28000000000003,-0.126
436.32,-0.126
436.36,-0.128
436.40000000000003,-0.13
436.44,-0.13
436.48,-0.128
436.52,-0.12200000000000001
436.56,-0.12200000000000001
436.6,-0.128
436.64,-0.12200000000000001
436.68,-0.12000000000000001
436.72,-0.12200000000000001
436.76,-0.126
436.8,-0.11800000000000001
436.84000000000003,-0.116
436.88,-0.12200000000000001
436.92,-0.13
436.96000000000004,-0.13
437.0,-0.128
437.04,-0.126
437.08,-0.12200000000000001
437.12,-0.126
437.16,-0.128
437.2,-0.126
437.24,-0.12200000000000001
437.28000000000003,-0.126
437.32,-0.128
437.36,-0.124
437.40000000000003,-0.12000000000000001
437.44,-0.12000000000000001
437.48,-0.12000000000000001
437.52,-0.12200000000000001
437.56,-0.12200000000000001
437.6,-0.12200000000000001
437.64,-0.126
437.68,-0.128
437.72,-0.126
437.76,-0.12200000000000001
437.8,-0.124
437.84000000000003,-0.126
437.88,-0.12200000000000001
437.92,-0.12200000000000001
437.96000000000004,-0.124
438.0,-0.12200000000000001
438.04,-0.114
438.08,-0.114
438.12,-0.12200000000000001
438.16,-0.126
438.2,-0.124
438.24,-0.126
438.28000000000003,-0.126
438.32,-0.126
438.36,-0.128
438.40000000000003,-0.128
438.44,-0.126
438.48,-0.12200000000000001
438.52,-0.128
438.56,-0.128
438.6,-0.124
438.64,-0.12200000000000001
438.68,-0.124
438.72,-0.124
438.76,-0.12200000000000001
438.8,-0.12000000000000001
438.84000000000003,-0.12000000000000001
438.88,-0.124
438.92,-0.128
438.96000000000004,-0.124
439.0,-0.12200000000000001
439.04,-0.126
439.08,-0.126
439.12,-0.12000000000000001
439.16,-0.12200000000000001
439.2,-0.128
439.24,-0.124
439.28000000000003,-0.116
439.32,-0.116
439.36,-0.12000000000000001
439.40000000000003,-0.11800000000000001
439.44,-0.116
439.48,-0.12000000000000001
439.52,-0.12000000000000001
439.56,-0.12200000000000001
439.6,-0.128
439.64,-0.128
439.68,-0.12000000000000001
439.72,-0.12200000000000001
439.76,-0.126
439.8,-0.126
439.84000000000003,-0.12200000000000001
439.88,-0.126
439.92,-0.128
439.96000000000004,-0.126
440.0,-0.126
440.04,-0.12000000000000001
440.08,-0.11800000000000001
440.12,-0.12200000000000001
440.16,-0.128
440.2,-0.126
440.24,-0.12200000000000001
440.28000000000003,-0.128
440.32,-0.126
440.36,-0.12200000000000001
440.40000000000003,-0.126
440.44,-0.134
440.48,-0.126
440.52,-0.12000000000000001
440.56,-0.126
440.6,-0.126
440.64,-0.11800000000000001
440.68,-0.116
440.72,-0.11800000000000001
440.76,-0.11800000000000001
440.8,-0.12200000000000001
440.84000000000003,-0.126
440.88,-0.126
440.92,-0.12000000000000001
440.96000000000004,-0.12200000000000001
441.0,-0.126
441.04,-0.12200000000000001
441.08,-0.12200000000000001
441.12,-0.126
441.16,-0.126
441.2,-0.126
441.24,-0.126
441.28000000000003,-0.12000000000000001
441.32,-0.11800000000000001
441.36,-0.12200000000000001
441.40000000000003,-0.124
441.44,-0.12000000000000001
441.48,-0.12200000000000001
441.52,-0.126
441.56,-0.12200000000000001
441.6,-0.12000000000000001
441.64,-0.126
441.68,-0.126
441.72,-0.12200000000000001
441.76,-0.124
441.8,-0.13
441.84000000000003,-0.126
441.88,-0.12000000000000001
441.92,-0.12000000000000001
441.96000000000004,-0.11800000000000001
442.0,-0.11800000000000001
442.04,-0.12000000000000001
442.08,-0.12200000000000001
442.12,-0.12200000000000001
442.16,-0.12200000000000001
442.2,-0.12200000000000001
442.24,-0.126
442.28000000000003,-0.12200000000000001
442.32,-0.12000000000000001
442.36,-0.124
442.40000000000003,-0.126
442.44,-0.13
442.48,-0.126
442.52,-0.12200000000000001
442.56,-0.12000000000000001
442.6,-0.12200000000000001
442.64,-0.12200000000000001
442.68,-0.12000000000000001
442.72,-0.12200000000000001
442.76,-0.12200000000000001
442.8,-0.12000000000000001
442.84000000000003,-0.12000000000000001
442.88,-0.124
442.92,-0.124
442.96000000000004,-0.12200000000000001
443.0,-0.126
443.04,-0.132
443.08,-0.128
443.12,-0.124
443.16,-0.126
443.2,-0.12200000000000001
443.24,-0.116
443.28000000000003,-0.11800000000000001
443.32,-0.12000000000000001
443.36,-0.12000000000000001
443.40000000000003,-0.11800000000000001
443.44,-0.12200000000000001
443.48,-0.12200000000000001
443.52,-0.12000000000000001
443.56,-0.12000000000000001
443.6,-0.12000000000000001
443.64,-0.124
443.68,-0.124
443.72,-0.124
443.76,-0.12200000000000001
443.8,-0.12200000000000001
443.84000000000003,-0.126
443.88,-0.12200000000000001
443.92,-0.12000000000000001
443.96000000000004,-0.12000000000000001
444.0,-0.12000000000000001
444.04,-0.12000000000000001
444.08,-0.12200000000000001
444.12,-0.126
444.16,-0.12200000000000001
444.2,-0.12000000000000001
444.24,-0.12200000000000001
444.28000000000003,-0.128
444.32,-0.126
444.36,-0.126
444.40000000000003,-0.13
444.44,-0.13
444.48,-0.12200000000000001
444.52,-0.12200000000000001
444.56,-0.12200000000000001
444.6,-0.12000000000000001
444.64,-0.11800000000000001
444.68,-0.12200000000000001
444.72,-0.12200000000000001
444.76,-0.12000000000000001
444.8,-0.11800000000000001
444.84000000000003,-0.12000000000000001
444.88,-0.12200000000000001
444.92,-0.12200000000000001
444.96000000000004,-0.12000000000000001
445.0,-0.12000000000000001
445.04,-0.12200000000000001
445.08,-0.126
445.12,-0.124
445.16,-0.11800000000000001
445.2,-0.11800000000000001
445.24,-0.12200000000000001
445.28000000000003,-0.12000000000000001
445.32,-0.12200000000000001
445.36,-0.12200000000000001
445.40000000000003,-0.12000000000000001
445.44,-0.11800000000000001
445.48,-0.12000000000000001
445.52,-0.12000000000000001
445.56,-0.11800000000000001
445.6,-0.12200000000000001
445.64,-0.13
445.68,-0.13
445.72,-0.126
445.76,-0.124
445.8,-0.126
445.84000000000003,-0.12000000000000001
445.88,-0.12000000000000001
445.92,-0.124
445.96000000000004,-0.12200000000000001
446.0,-0.11800000000000001
446.04,-0.12000000000000001
446.08,-0.12200000000000001
446.12,-0.12200000000000001
446.16,-0.12000000000000001
446.2,-0.12000000000000001
446.24,-0.12000000000000001
446.28000000000003,-0.124
446.32,-0.128
446.36,-0.126
446.40000000000003,-0.12000000000000001
446.44,-0.12000000000000001
446.48,-0.12200000000000001
446.52,-0.12000000000000001
446.56,-0.12200000000000001
446.6,-0.12200000000000001
446.64,-0.12000000000000001
446.68,-0.12000000000000001
446.72,-0.12200000000000001
446.76,-0.11800000000000001
446.8,-0.114
446.84000000000003,-0.11800000000000001
446.88,-0.126
446.92,-0.126
446.96000000000004,-0.12200000000000001
447.0,-0.126
447.04,-0.126
447.08,-0.12200000000000001
447.12,-0.12200000000000001
447.16,-0.124
447.2,-0.12200000000000001
447.24,-0.11800000000000001
447.28000000000003,-0.12000000000000001
447.32,-0.12200000000000001
447.36,-0.12200000000000001
447.40000000000003,-0.12000000000000001
447.44,-0.114
447.48,-0.114
447.52,-0.12200000000000001
447.56,-0.126
447.6,-0.12200000000000001
447.64,-0.12000000000000001
447.68,-0.12200000000000001
447.72,-0.12200000000000001
447.76,-0.12200000000000001
447.8,-0.12200000000000001
447.84000000000003,-0.12200000000000001
447.88,-0.12000000000000001
447.92,-0.12200000000000001
447.96000000000004,-0.12200000000000001
448.0,-0.11800000000000001
448.04,-0.11
448.08,-0.11800000000000001
448.12,-0.12000000000000001
448.16,-0.116
448.2,-0.11800000000000001
448.24,-0.126
448.28000000000003,-0.126
448.32,-0.12200000000000001
448.36,-0.126
448.40000000000003,-0.126
448.44,-0.12200000000000001
448.48,-0.12000000000000001
448.52,-0.124
448.56,-0.124
448.6,-0.124
448.64,-0.12200000000000001
448.68,-0.11800000000000001
448.72,-0.114
448.76,-0.12200000000000001
448.8,-0.126
448.84000000000003,-0.12000000000000001
448.88,-0.12200000000000001
448.92,-0.126
448.96000000000004,-0.126
449.0,-0.12000000000000001
449.04,-0.12200000000000001
449.08,-0.12200000000000001
449.12,-0.12000000000000001
449.16,-0.124
449.2,-0.12200000000000001
449.24,-0.116
449.28000000000003,-0.114
449.32,-0.12200000000000001
449.36,-0.11800000000000001
449.40000000000003,-0.11
449.44,-0.114
449.48,-0.12200000000000001
449.52,-0.12000000000000001
449.56,-0.12000000000000001
449.6,-0.124
449.64,-0.126
449.68,-0.12000000000000001
449.72,-0.12000000000000001
449.76,-0.12200000000000001
449.8,-0.126
449.84000000000003,-0.128
449.88,-0.12200000000000001
449.92,-0.11800000000000001
449.96000000000004,-0.11800000000000001
450.0,-0.12200000000000001
450.04,-0.12000000000000001
450.08,-0.11800000000000001
450.12,-0.12200000000000001
450.16,-0.128
450.2,-0.126
450.24,-0.12200000000000001
450.28000000000003,-0.12200000000000001
450.32,-0.12200000000000001
450.36,-0.12200000000000001
450.40000000000003,-0.126
450.44,-0.124
450.48,-0.12000000000000001
450.52,-0.124
450.56,-0.126
450.6,-0.12000000000000001
450.64,-0.112
450.68,-0.114
450.72,-0.12000000000000001
450.76,-0.11800000000000001
450.8,-0.11800000000000001
450.84000000000003,-0.12200000000000001
450.88,-0.12200000000000001
450.92,-0.11800000000000001
450.96000000000004,-0.12000000000000001
451.0,-0.12200000000000001
451.04,-0.126
451.08,-0.126
451.12,-0.12200000000000001
451.16,-0.11800000000000001
451.2,-0.12200000000000001
451.24,-0.12000000000000001
451.28000000000003,-0.114
451.32,-0.114
451.36,-0.12000000000000001
451.40000000000003,-0.12200000000000001
451.44,-0.12200000000000001
451.48,-0.12000000000000001
451.52,-0.12000000000000001
451.56,-0.12000000000000001
451.6,-0.12200000000000001
451.64,-0.124
451.68,-0.12000000000000001
451.72,-0.12200000000000001
451.76,-0.126
451.8,-0.128
451.84000000000003,-0.12000000000000001
451.88,-0.11800000000000001
451.92,-0.11800000000000001
451.96000000000004,-0.12000000000000001
452.0,-0.11800000000000001
452.04,-0.11800000000000001
452.08,-0.12000000000000001
452.12,-0.12000000000000001
452.16,-0.116
452.2,-0.116
452.24,-0.12000000000000001
452.28000000000003,-0.12200000000000001
452.32,-0.12200000000000001
452.36,-0.12200000000000001
452.40000000000003,-0.124
452.44,-0.126
452.48,-0.12200000000000001
452.52,-0.116
452.56,-0.11800000000000001
452.6,-0.12000000000000001
452.64,-0.12000000000000001
452.68,-0.12000000000000001
452.72,-0.11800000000000001
452.76,-0.12000000000000001
452.8,-0.12200000000000001
452.84000000000003,-0.12200000000000001
452.88,-0.12200000000000001
452.92,-0.11800000000000001
452.96000000000004,-0.12000000000000001
453.0,-0.126
453.04,-0.13
453.08,-0.12200000000000001
453.12,-0.12000000000000001
453.16,-0.12200000000000001
453.2,-0.12000000000000001
453.24,-0.11800000000000001
453.28000000000003,-0.11800000000000001
453.32,-0.12000000000000001
453.36,-0.11800000000000001
453.40000000000003,-0.114
453.44,-0.114
453.48,-0.11800000000000001
453.52,-0.11800000000000001
453.56,-0.11800000000000001
453.6,-0.11800000000000001
453.64,-0.12200000000000001
453.68,-0.124
453.72,-0.12200000000000001
453.76,-0.11800000000000001
453.8,-0.11800000000000001
453.84000000000003,-0.12200000000000001
453.88,-0.12000000000000001
453.92,-0.114
453.96000000000004,-0.114
454.0,-0.12000000000000001
454.04,-0.12200000000000001
454.08,-0.12200000000000001
454.12,-0.12000000000000001
454.16,-0.114
454.2,-0.11800000000000001
454.24,-0.126
454.28000000000003,-0.128
454.32,-0.12200000000000001
454.36,-0.12200000000000001
454.40000000000003,-0.128
454.44,-0.12200000000000001
454.48,-0.11800000000000001
454.52,-0.12200000000000001
454.56,-0.124
454.6,-0.11800000000000001
454.64,-0.11800000000000001
454.68,-0.12000000000000001
454.72,-0.11800000000000001
454.76,-0.114
454.8,-0.114
454.84000000000003,-0.116
454.88,-0.11800000000000001
454.92,-0.12200000000000001
454.96000000000004,-0.12200000000000001
455.0,-0.12000000000000001
455.04,-0.12200000000000001
455.08,-0.124
455.12,-0.11800000000000001
455.16,-0.112
455.2,-0.11800000000000001
455.24,-0.12000000000000001
455.28000000000003,-0.11800000000000001
455.32,-0.11800000000000001
455.36,-0.11800000000000001
455.40000000000003,-0.11
455.44,-0.114
455.48,-0.12200000000000001
455.52,-0.12000000000000001
455.56,-0.11800000000000001
455.6,-0.12200000000000001
455.64,-0.128
455.68,-0.12200000000000001
455.72,-0.11800000000000001
455.76,-0.126
455.8,-0.124
455.84000000000003,-0.12000000000000001
455.88,-0.12200000000000001
455.92,-0.126
455.96000000000004,-0.12000000000000001
456.0,-0.11800000000000001
456.04,-0.11800000000000001
456.08,-0.114
456.12,-0.114
456.16,-0.12000000000000001
456.2,-0.12000000000000001
456.24,-0.12000000000000001
456.28000000000003,-0.126
456.32,-0.126
456.36,-0.11800000000000001
456.40000000000003,-0.114
456.44,-0.12000000000000001
456.48,-0.12200000000000001
456.52,-0.12000000000000001
456.56,-0.12200000000000001
456.6,-0.116
456.64,-0.112
456.68,-0.114
456.72,-0.12000000000000001
456.76,-0.114
456.8,-0.114
456.84000000000003,-0.12200000000000001
456.88,-0.12200000000000001
456.92,-0.116
456.96000000000004,-0.11800000000000001
457.0,-0.12200000000000001
457.04,-0.12000000000000001
457.08,-0.12000000000000001
457.12,-0.126
457.16,-0.12200000000000001
457.2,-0.12200000000000001
457.24,-0.12200000000000001
457.28000000000003,-0.12000000000000001
457.32,-0.114
457.36,-0.114
457.40000000000003,-0.116
457.44,-0.114
457.48,-0.12000000000000001
457.52,-0.126
457.56,-0.12200000000000001
457.6,-0.11800000000000001
457.64,-0.12200000000000001
457.68,-0.12200000000000001
457.72,-0.12200000000000001
457.76,-0.12200000000000001
457.8,-0.12200000000000001
457.84000000000003,-0.11800000000000001
457.88,-0.114
457.92,-0.12000000000000001
457.96000000000004,-0.11800000000000001
458.0,-0.114
458.04,-0.116
458.08,-0.12000000000000001
458.12,-0.12000000000000001
458.16,-0.116
458.2,-0.11800000000000001
458.24,-0.11800000000000001
458.28000000000003,-0.12000000000000001
458.32,-0.12200000000000001
458.36,-0.12200000000000001
458.40000000000003,-0.12200000000000001
458.44,-0.12200000000000001
458.48,-0.126
458.52,-0.12200000000000001
458.56,-0.12000000000000001
458.6,-0.11800000000000001
458.64,-0.114
458.68,-0.114
458.72,-0.12000000000000001
458.76,-0.12200000000000001
458.8,-0.116
458.84000000000003,-0.11800000000000001
458.88,-0.12000000000000001
458.92,-0.12000000000000001
458.96000000000004,-0.12200000000000001
459.0,-0.12200000000000001
459.04,-0.12200000000000001
459.08,-0.116
459.12,-0.12000000000000001
459.16,-0.12200000000000001
459.2,-0.11800000000000001
459.24,-0.112
459.28000000000003,-0.114
459.32,-0.116
459.36,-0.116
459.40000000000003,-0.114
459.44,-0.116
459.48,-0.116
459.52,-0.116
459.56,-0.11800000000000001
459.6,-0.11800000000000001
459.64,-0.114
459.68,-0.12000000000000001
459.72,-0.12200000000000001
459.76,-0.126
459.8,-0.124
459.84000000000003,-0.12000000000000001
459.88,-0.11800000000000001
459.92,-0.11800000000000001
459.96000000000004,-0.12000000000000001
460.0,-0.12000000000000001
460.04,-0.114
460.08,-0.116
460.12,-0.12000000000000001
460.16,-0.12000000000000001
460.2,-0.12000000000000001
460.24,-0.12200000000000001
460.28000000000003,-0.12200000000000001
460.32,-0.12000000000000001
460.36,-0.12200000000000001
460.40000000000003,-0.126
460.44,-0.12200000000000001
460.48,-0.116
460.52,-0.11800000000000001
460.56,-0.12000000000000001
460.6,-0.116
460.64,-0.112
460.68,-0.11800000000000001
460.72,-0.11800000000000001
460.76,-0.116
460.8,-0.11800000000000001
460.84000000000003,-0.114
460.88,-0.11
460.92,-0.114
460.96000000000004,-0.12000000000000001
461.0,-0.12200000000000001
461.04,-0.12000000000000001
461.08,-0.12000000000000001
461.12,-0.12000000000000001
461.16,-0.11800000000000001
461.2,-0.11800000000000001
461.24,-0.11800000000000001
461.28000000000003,-0.114
461.32,-0.11800000000000001
461.36,-0.11800000000000001
461.40000000000003,-0.116
461.44,-0.114
461.48,-0.11800000000000001
461.52,-0.12000000000000001
461.56,-0.11800000000000001
461.6,-0.12200000000000001
461.64,-0.128
461.68,-0.124
461.72,-0.12000000000000001
461.76,-0.124
461.8,-0.12200000000000001
461.84000000000003,-0.114
461.88,-0.114
461.92,-0.12000000000000001
461.96000000000004,-0.12000000000000001
462.0,-0.12000000000000001
462.04,-0.12000000000000001
462.08,-0.114
462.12,-0.11
462.16,-0.114
462.2,-0.12000000000000001
462.24,-0.11800000000000001
462.28000000000003,-0.116
462.32,-0.12000000000000001
462.36,-0.12000000000000001
462.40000000000003,-0.11800000000000001
462.44,-0.12000000000000001
462.48,-0.12000000000000001
462.52,-0.114
462.56,-0.11800000000000001
462.6,-0.12200000000000001
462.64,-0.11800000000000001
462.68,-0.114
462.72,-0.11800000000000001
462.76,-0.112
462.8,-0.11
462.84000000000003,-0.12000000000000001
462.88,-0.12200000000000001
462.92,-0.12000000000000001
462.96000000000004,-0.12000000000000001
463.0,-0.126
463.04,-0.12200000000000001
463.08,-0.114
463.12,-0.114
463.16,-0.12000000000000001
463.2,-0.12200000000000001
463.24,-0.12200000000000001
463.28000000000003,-0.12000000000000001
463.32,-0.114
463.36,-0.112
463.40000000000003,-0.11800000000000001
463.44,-0.114
463.48,-0.114
463.52,-0.114
463.56,-0.11800000000000001
463.6,-0.12000000000000001
463.64,-0.12000000000000001
463.68,-0.11800000000000001
463.72,-0.116
463.76,-0.12000000000000001
463.8,-0.12200000000000001
463.84000000000003,-0.11800000000000001
463.88,-0.114
463.92,-0.11800000000000001
463.96000000000004,-0.12000000000000001
464.0,-0.112
464.04,-0.11
464.08,-0.116
464.12,-0.116
464.16,-0.114
464.2,-0.12000000000000001
464.24,-0.12200000000000001
464.28000000000003,-0.12200000000000001
464.32,-0.11800000000000001
464.36,-0.11800000000000001
464.40000000000003,-0.12000000000000001
464.44,-0.12200000000000001
464.48,-0.12200000000000001
464.52,-0.12000000000000001
464.56,-0.116
464.6,-0.11800000000000001
464.64,-0.12200000000000001
464.68,-0.11800000000000001
464.72,-0.112
464.76,-0.112
464.8,-0.114
464.84000000000003,-0.116
464.88,-0.11800000000000001
464.92,-0.116
464.96000000000004,-0.114
465.0,-0.12000000000000001
465.04,-0.12000000000000001
465.08,-0.114
465.12,-0.114
465.16,-0.12200000000000001
465.2,-0.12000000000000001
465.24,-0.114
465.28000000000003,-0.114
465.32,-0.116
465.36,-0.11
465.40000000000003,-0.11
465.44,-0.11800000000000001
465.48,-0.12000000000000001
465.52,-0.11800000000000001
465.56,-0.11800000000000001
465.6,-0.11800000000000001
465.64,-0.11800000000000001
465.68,-0.12000000000000001
465.72,-0.12200000000000001
465.76,-0.11800000000000001
465.8,-0.11800000000000001
465.84000000000003,-0.126
465.88,-0.126
465.92,-0.12000000000000001
465.96000000000004,-0.114
466.0,-0.114
466.04,-0.116
466.08,-0.112
466.12,-0.116
466.16,-0.114
466.2,-0.114
466.24,-0.12000000000000001
466.28000000000003,-0.11800000000000001
466.32,-0.112
466.36,-0.11800000000000001
466.40000000000003,-0.12200000000000001
466.44,-0.12200000000000001
466.48,-0.11800000000000001
466.52,-0.11800000000000001
466.56,-0.11800000000000001
466.6,-0.112
466.64,-0.10600000000000001
466.68,-0.114
466.72,-0.114
466.76,-0.112
466.8,-0.114
466.84000000000003,-0.11800000000000001
466.88,-0.11800000000000001
466.92,-0.114
466.96000000000004,-0.116
467.0,-0.114
467.04,-0.116
467.08,-0.12200000000000001
467.12,-0.126
467.16,-0.12000000000000001
467.2,-0.11800000000000001
467.24,-0.12000000000000001
467.28000000000003,-0.12000000000000001
467.32,-0.114
467.36,-0.114
467.40000000000003,-0.11800000000000001
467.44,-0.11800000000000001
467.48,-0.12000000000000001
467.52,-0.116
467.56,-0.112
467.6,-0.116
467.64,-0.124
467.68,-0.12200000000000001
467.72,-0.12000000000000001
467.76,-0.12200000000000001
467.8,-0.12200000000000001
467.84000000000003,-0.114
467.88,-0.112
467.92,-0.11800000000000001
467.96000000000004,-0.114
468.0,-0.11
468.04,-0.114
468.08,-0.11800000000000001
468.12,-0.116
468.16,-0.114
468.2,-0.114
468.24,-0.112
468.28000000000003,-0.114
468.32,-0.12000000000000001
468.36,-0.12200000000000001
468.40000000000003,-0.116
468.44,-0.11800000000000001
468.48,-0.12200000000000001
468.52,-0.12000000000000001
468.56,-0.114
468.6,-0.114
468.64,-0.11800000000000001
468.68,-0.11800000000000001
468.72,-0.11800000000000001
468.76,-0.112
468.8,-0.11
468.84000000000003,-0.114
468.88,-0.12000000000000001
468.92,-0.11800000000000001
468.96000000000004,-0.116
469.0,-0.12200000000000001
469.04,-0.12200000000000001
469.08,-0.11800000000000001
469.12,-0.12000000000000001
469.16,-0.12200000000000001
469.2,-0.114
469.24,-0.11
469.28000000000003,-0.114
469.32,-0.11800000000000001
469.36,-0.114
469.40000000000003,-0.114
469.44,-0.112
469.48,-0.112
469.52,-0.114
469.56,-0.11800000000000001
469.6,-0.114
469.64,-0.114
469.68,-0.12000000000000001
469.72,-0.12200000000000001
469.76,-0.12000000000000001
469.8,-0.116
469.84000000000003,-0.11800000000000001
469.88,-0.12000000000000001
469.92,-0.12200000000000001
469.96000000000004,-0.12000000000000001
470.0,-0.112
470.04,-0.112
470.08,-0.11800000000000001
470.12,-0.116
470.16,-0.112
470.2,-0.114
470.24,-0.12000000000000001
470.28000000000003,-0.12000000000000001
470.32,-0.11800000000000001
470.36,-0.12200000000000001
470.40000000000003,-0.124
470.44,-0.116
470.48,-0.114
470.52,-0.11800000000000001
470.56,-0.116
470.6,-0.114
470.64,-0.11800000000000001
470.68,-0.114
470.72,-0.114
470.76,-0.114
470.8,-0.114
470.84000000000003,-0.10800000000000001
470.88,-0.112
470.92,-0.11800000000000001
470.96000000000004,-0.11800000000000001
471.0,-0.114
471.04,-0.114
471.08,-0.114
471.12,-0.12000000000000001
471.16,-0.124
471.2,-0.11800000000000001
471.24,-0.114
471.28000000000003,-0.11800000000000001
471.32,-0.12200000000000001
471.36,-0.116
471.40000000000003,-0.11
471.44,-0.114
471.48,-0.116
471.52,-0.112
471.56,-0.11800000000000001
471.6,-0.12200000000000001
471.64,-0.12200000000000001
471.68,-0.11800000000000001
471.72,-0.11800000000000001
471.76,-0.12000000000000001
471.8,-0.11800000000000001
471.84000000000003,-0.12000000000000001
471.88,-0.12000000000000001
471.92,-0.11800000000000001
471.96000000000004,-0.114
472.0,-0.116
472.04,-0.112
472.08,-0.10600000000000001
472.12,-0.11
472.16,-0.114
472.2,-0.116
472.24,-0.114
472.28000000000003,-0.112
472.32,-0.114
472.36,-0.11800000000000001
472.40000000000003,-0.12000000000000001
472.44,-0.114
472.48,-0.112
472.52,-0.12000000000000001
472.56,-0.12200000000000001
472.6,-0.114
472.64,-0.11
472.68,-0.114
472.72,-0.112
472.76,-0.11
472.8,-0.114
472.84000000000003,-0.12000000000000001
472.88,-0.12000000000000001
472.92,-0.11800000000000001
472.96000000000004,-0.12000000000000001
473.0,-0.12000000000000001
473.04,-0.11800000000000001
473.08,-0.11800000000000001
473.12,-0.12200000000000001
473.16,-0.12000000000000001
473.2,-0.12000000000000001
473.24,-0.12200000000000001
473.28000000000003,-0.11800000000000001
473.32,-0.112
473.36,-0.114
473.40000000000003,-0.11800000000000001
473.44,-0.114
473.48,-0.112
473.52,-0.11
473.56,-0.116
473.6,-0.11800000000000001
473.64,-0.114
473.68,-0.11
473.72,-0.114
473.76,-0.12200000000000001
473.8,-0.12200000000000001
473.84000000000003,-0.11800000000000001
473.88,-0.114
473.92,-0.11800000000000001
473.96000000000004,-0.114
474.0,-0.10600000000000001
474.04,-0.11
474.08,-0.114
474.12,-0.114
474.16,-0.114
474.2,-0.11800000000000001
474.24,-0.11800000000000001
474.28000000000003,-0.116
474.32,-0.114
474.36,-0.12000000000000001
474.40000000000003,-0.11800000000000001
474.44,-0.11800000000000001
474.48,-0.12200000000000001
474.52,-0.11800000000000001
474.56,-0.114
474.6,-0.11800000000000001
474.64,-0.12000000000000001
474.68,-0.114
474.72,-0.11
474.76,-0.114
474.8,-0.11800000000000001
474.84000000000003,-0.116
474.88,-0.112
474.92,-0.112
474.96000000000004,-0.114
475.0,-0.12000000000000001
475.04,-0.12000000000000001
475.08,-0.114
475.12,-0.116
475.16,-0.12200000000000001
475.2,-0.12000000000000001
475.24,-0.11
475.28000000000003,-0.112
475.32,-0.114
475.36,-0.11
475.40000000000003,-0.112
475.44,-0.11800000000000001
475.48,-0.114
475.52,-0.114
475.56,-0.11800000000000001
475.6,-0.11800000000000001
475.64,-0.114
475.68,-0.11800000000000001
475.72,-0.11800000000000001
475.76,-0.11800000000000001
475.8,-0.11800000000000001
475.84000000000003,-0.124
475.88,-0.12000000000000001
475.92,-0.112
475.96000000000004,-0.11
476.0,-0.114
476.04,-0.11800000000000001
476.08,-0.114
476.12,-0.112
476.16,-0.11
476.2,-0.112
476.24,-0.116
476.28000000000003,-0.114
476.32,-0.11
476.36,-0.11800000000000001
476.40000000000003,-0.12200000000000001
476.44,-0.12000000000000001
476.48,-0.116
476.52,-0.116
476.56,-0.114
476.6,-0.11
476.64,-0.11
476.68,-0.114
476.72,-0.112
476.76,-0.112
476.8,-0.11800000000000001
476.84000000000003,-0.116
476.88,-0.112
476.92,-0.114
476.96000000000004,-0.114
477.0,-0.114
477.04,-0.11800000000000001
477.08,-0.126
477.12,-0.12200000000000001
477.16,-0.114
477.2,-0.114
477.24,-0.11800000000000001
477.28000000000003,-0.11800000000000001
477.32,-0.11800000000000001
477.36,-0.114
477.40000000000003,-0.114
477.44,-0.114
477.48,-0.116
477.52,-0.112
477.56,-0.10800000000000001
477.6,-0.116
477.64,-0.12000000000000001
477.68,-0.11800000000000001
477.72,-0.11800000000000001
477.76,-0.12200000000000001
477.8,-0.11800000000000001
477.84000000000003,-0.114
477.88,-0.114
477.92,-0.11
477.96000000000004,-0.11
478.0,-0.114
478.04,-0.12000000000000001
478.08,-0.114
478.12,-0.11
478.16,-0.11
478.2,-0.11
478.24,-0.11
478.28000000000003,-0.114
478.32,-0.12000000000000001
478.36,-0.12000000000000001
478.40000000000003,-0.116
478.44,-0.11800000000000001
478.48,-0.11800000000000001
478.52,-0.11800000000000001
478.56,-0.116
478.6,-0.112
478.64,-0.114
478.68,-0.12000000000000001
478.72,-0.11800000000000001
478.76,-0.11
478.8,-0.11
478.84000000000003,-0.114
478.88,-0.116
478.92,-0.114
478.96000000000004,-0.116
479.0,-0.12000000000000001
479.04,-0.12200000000000001
479.08,-0.12000000000000001
479.12,-0.12000000000000001
479.16,-0.114
479.2,-0.112
479.24,-0.114
479.28000000000003,-0.116
479.32,-0.114
479.36,-0.114
479.40000000000003,-0.114
479.44,-0.11
479.48,-0.11
479.52,-0.112
479.56,-0.114
479.6,-0.112
479.64,-0.114
479.68,-0.116
479.72,-0.11800000000000001
479.76,-0.11800000000000001
479.8,-0.114
479.84000000000003,-0.114
479.88,-0.114
479.92,-0.12000000000000001
479.96000000000004,-0.116
480.0,-0.112
480.04,-0.112
480.08,-0.116
480.12,-0.112
480.16,-0.10600000000000001
480.2,-0.112
480.24,-0.114
480.28000000000003,-0.11800000000000001
480.32,-0.12000000000000001
480.36,-0.12200000000000001
480.40000000000003,-0.11800000000000001
480.44,-0.114
480.48,-0.11800000000000001
480.52,-0.116
480.56,-0.114
480.6,-0.114
480.64,-0.114
480.68,-0.114
480.72,-0.11
480.76,-0.114
480.8,-0.112
480.84000000000003,-0.11
480.88,-0.11
480.92,-0.116
480.96000000000004,-0.12000000000000001
481.0,-0.11800000000000001
481.04,-0.11800000000000001
481.08,-0.116
481.12,-0.116
481.16,-0.11800000000000001
481.2,-0.11800000000000001
481.24,-0.114
481.28000000000003,-0.11800000000000001
481.32,-0.12200000000000001
481.36,-0.114
481.40000000000003,-0.10800000000000001
481.44,-0.11
481.48,-0.114
481.52,-0.114
481.56,-0.114
481.6,-0.12000000000000001
481.64,-0.11800000000000001
481.68,-0.114
481.72,-0.11800000000000001
481.76,-0.12000000000000001
481.8,-0.112
481.84000000000003,-0.112
481.88,-0.11800000000000001
481.92,-0.114
481.96000000000004,-0.112
482.0,-0.114
482.04,-0.112
482.08,-0.10600000000000001
482.12,-0.11
482.16,-0.114
482.2,-0.114
482.24,-0.114
482.28000000000003,-0.116
482.32,-0.116
482.36,-0.114
482.40000000000003,-0.114
482.44,-0.114
482.48,-0.114
482.52,-0.12000000000000001
482.56,-0.12200000000000001
482.6,-0.114
482.64,-0.10800000000000001
482.68,-0.112
482.72,-0.114
482.76,-0.11
482.8,-0.112
482.84000000000003,-0.114
482.88,-0.114
482.92,-0.116
482.96000000000004,-0.12200000000000001
483.0,-0.12200000000000001
483.04,-0.114
483.08,-0.114
483.12,-0.12000000000000001
483.16,-0.11800000000000001
483.2,-0.114
483.24,-0.11800000000000001
483.28000000000003,-0.114
483.32,-0.11
483.36,-0.11
483.40000000000003,-0.112
483.44,-0.11
483.48,-0.112
483.52,-0.112
483.56,-0.114
483.6,-0.114
483.64,-0.114
483.68,-0.11
483.72,-0.11
483.76,-0.116
483.8,-0.11800000000000001
483.84000000000003,-0.114
483.88,-0.11
483.92,-0.114
483.96000000000004,-0.114
484.0,-0.112
484.04,-0.11
484.08,-0.11
484.12,-0.10800000000000001
484.16,-0.114
484.2,-0.12000000000000001
484.24,-0.11800000000000001
484.28000000000003,-0.114
484.32,-0.11800000000000001
484.36,-0.12000000000000001
484.40000000000003,-0.116
484.44,-0.116
484.48,-0.11800000000000001
484.52,-0.12000000000000001
484.56,-0.114
484.6,-0.114
484.64,-0.114
484.68,-0.112
484.72,-0.112
484.76,-0.11
484.8,-0.114
484.84000000000003,-0.114
484.88,-0.114
484.92,-0.114
484.96000000000004,-0.114
485.0,-0.114
485.04,-0.116
485.08,-0.112
485.12,-0.112
485.16,-0.116
485.2,-0.12000000000000001
485.24,-0.114
485.28000000000003,-0.112
485.32,-0.10800000000000001
485.36,-0.10600000000000001
485.40000000000003,-0.11
485.44,-0.114
485.48,-0.112
485.52,-0.112
485.56,-0.116
485.6,-0.11800000000000001
485.64,-0.114
485.68,-0.114
485.72,-0.11800000000000001
485.76,-0.11800000000000001
485.8,-0.11800000000000001
485.84000000000003,-0.11800000000000001
485.88,-0.116
485.92,-0.112
485.96000000000004,-0.11
486.0,-0.112
486.04,-0.11
486.08,-0.112
486.12,-0.114
486.16,-0.114
486.2,-0.114
486.24,-0.116
486.28000000000003,-0.112
486.32,-0.11
486.36,-0.112
486.40000000000003,-0.11800000000000001
486.44,-0.11800000000000001
486.48,-0.11800000000000001
486.52,-0.11800000000000001
486.56,-0.114
486.6,-0.11
486.64,-0.112
486.68,-0.112
486.72,-0.10800000000000001
486.76,-0.10800000000000001
486.8,-0.116
486.84000000000003,-0.114
486.88,-0.112
486.92,-0.114
486.96000000000004,-0.11800000000000001
487.0,-0.114
487.04,-0.11800000000000001
487.08,-0.12000000000000001
487.12,-0.11800000000000001
487.16,-0.114
487.2,-0.114
487.24,-0.116
487.28000000000003,-0.11
487.32,-0.11
487.36,-0.112
487.40000000000003,-0.112
487.44,-0.114
487.48,-0.11800000000000001
487.52,-0.112
487.56,-0.10600000000000001
487.6,-0.11
487.64,-0.114
487.68,-0.112
487.72,-0.114
487.76,-0.11800000000000001
487.8,-0.114
487.84000000000003,-0.11
487.88,-0.114
487.92,-0.112
487.96000000000004,-0.10600000000000001
488.0,-0.10600000000000001
488.04,-0.114
488.08,-0.11
488.12,-0.10600000000000001
488.16,-0.11
488.2,-0.116
488.24,-0.11
488.28000000000003,-0.114
488.32,-0.116
488.36,-0.116
488.40000000000003,-0.11800000000000001
488.44,-0.12000000000000001
488.48,-0.11800000000000001
488.52,-0.114
488.56,-0.112
488.6,-0.112
488.64,-0.114
488.68,-0.114
488.72,-0.114
488.76,-0.11
488.8,-0.11
488.84000000000003,-0.114
488.88,-0.112
488.92,-0.11
488.96000000000004,-0.114
489.0,-0.116
489.04,-0.114
489.08,-0.116
489.12,-0.12000000000000001
489.16,-0.114
489.2,-0.10600000000000001
489.24,-0.112
489.28000000000003,-0.11
489.32,-0.10600000000000001
489.36,-0.10400000000000001
489.40000000000003,-0.11
489.44,-0.112
489.48,-0.11
489.52,-0.11
489.56,-0.11
489.6,-0.10800000000000001
489.64,-0.114
489.68,-0.12000000000000001
489.72,-0.11800000000000001
489.76,-0.116
489.8,-0.114
489.84000000000003,-0.112
489.88,-0.112
489.92,-0.114
489.96000000000004,-0.112
490.0,-0.112
490.04,-0.114
490.08,-0.114
490.12,-0.114
490.16,-0.11
490.2,-0.112
490.24,-0.112
490.28000000000003,-0.112
490.32,-0.11800000000000001
490.36,-0.12200000000000001
490.40000000000003,-0.116
490.44,-0.114
490.48,-0.11800000000000001
490.52,-0.116
490.56,-0.11
490.6,-0.10600000000000001
490.64,-0.11
490.68,-0.114
490.72,-0.112
490.76,-0.10600000000000001
490.8,-0.10600000000000001
490.84000000000003,-0.10800000000000001
490.88,-0.112
490.92,-0.114
490.96000000000004,-0.116
491.0,-0.114
491.04,-0.114
491.08,-0.114
491.12,-0.112
491.16,-0.112
491.2,-0.112
491.24,-0.11
491.28000000000003,-0.112
491.32,-0.114
491.36,-0.114
491.40000000000003,-0.112
491.44,-0.11
491.48,-0.11
491.52,-0.11
491.56,-0.112
491.6,-0.11800000000000001
491.64,-0.114
491.68,-0.112
491.72,-0.12000000000000001
491.76,-0.12200000000000001
491.8,-0.112
491.84000000000003,-0.10800000000000001
491.88,-0.114
491.92,-0.114
491.96000000000004,-0.11
492.0,-0.11
492.04,-0.10800000000000001
492.08,-0.10600000000000001
492.12,-0.11
492.16,-0.114
492.2,-0.11
492.24,-0.11
492.28000000000003,-0.114
492.32,-0.11800000000000001
492.36,-0.116
492.40000000000003,-0.114
492.44,-0.114
492.48,-0.11
492.52000000000004,-0.11
492.56,-0.114
492.6,-0.112
492.64,-0.112
492.68,-0.114
492.72,-0.114
492.76,-0.10800000000000001
492.8,-0.112
492.84000000000003,-0.114
492.88,-0.112
492.92,-0.112
492.96000000000004,-0.12200000000000001
493.0,-0.12000000000000001
493.04,-0.112
493.08,-0.114
493.12,-0.11800000000000001
493.16,-0.114
493.2,-0.11
493.24,-0.112
493.28000000000003,-0.11
493.32,-0.11
493.36,-0.112
493.40000000000003,-0.11
493.44,-0.10400000000000001
493.48,-0.10800000000000001
493.52000000000004,-0.112
493.56,-0.112
493.6,-0.114
493.64,-0.116
493.68,-0.114
493.72,-0.11
493.76,-0.114
493.8,-0.11
493.84000000000003,-0.10600000000000001
493.88,-0.114
493.92,-0.116
493.96000000000004,-0.11
494.0,-0.112
494.04,-0.114
494.08,-0.112
494.12,-0.10600000000000001
494.16,-0.11
494.2,-0.11800000000000001
494.24,-0.114
494.28000000000003,-0.114
494.32,-0.11800000000000001
494.36,-0.12000000000000001
494.40000000000003,-0.11800000000000001
494.44,-0.114
494.48,-0.112
494.52000000000004,-0.112
494.56,-0.114
494.6,-0.11800000000000001
494.64,-0.112
494.68,-0.10600000000000001
494.72,-0.11
494.76,-0.10800000000000001
494.8,-0.11
494.84000000000003,-0.112
494.88,-0.114
494.92,-0.114
494.96000000000004,-0.116
495.0,-0.114
495.04,-0.10800000000000001
495.08,-0.10600000000000001
495.12,-0.112
495.16,-0.114
495.2,-0.11
495.24,-0.11
495.28000000000003,-0.114
495.32,-0.10800000000000001
495.36,-0.10400000000000001
495.40000000000003,-0.11
495.44,-0.112
495.48,-0.10600000000000001
495.52000000000004,-0.11
495.56,-0.114
495.6,-0.12000000000000001
495.64,-0.11800000000000001
495.68,-0.114
495.72,-0.11
495.76,-0.114
495.8,-0.11800000000000001
495.84000000000003,-0.11800000000000001
495.88,-0.112
495.92,-0.11
495.96000000000004,-0.114
496.0,-0.11
496.04,-0.10800000000000001
496.08,-0.11
496.12,-0.112
496.16,-0.114
496.2,-0.11800000000000001
496.24,-0.114
496.28000000000003,-0.11
496.32,-0.112
496.36,-0.116
496.40000000000003,-0.112
496.44,-0.10800000000000001
496.48,-0.112
496.52000000000004,-0.114
496.56,-0.112
496.6,-0.10600000000000001
496.64,-0.112
496.68,-0.112
496.72,-0.10400000000000001
496.76,-0.10200000000000001
496.8,-0.11
496.84000000000003,-0.114
496.88,-0.114
496.92,-0.114
496.96000000000004,-0.114
497.0,-0.114
497.04,-0.11800000000000001
497.08,-0.116
497.12,-0.112
497.16,-0.112
497.2,-0.114
497.24,-0.116
497.28000000000003,-0.10600000000000001
497.32,-0.10600000000000001
497.36,-0.11
497.40000000000003,-0.11
497.44,-0.112
497.48,-0.114
497.52000000000004,-0.11
497.56,-0.114
497.6,-0.12000000000000001
497.64,-0.114
497.68,-0.10800000000000001
497.72,-0.112
497.76,-0.114
497.8,-0.11
497.84000000000003,-0.11
497.88,-0.11800000000000001
497.92,-0.11800000000000001
497.96000000000004,-0.10600000000000001
498.0,-0.10400000000000001
498.04,-0.112
498.08,-0.11
498.12,-0.10800000000000001
498.16,-0.112
498.2,-0.112
498.24,-0.114
498.28000000000003,-0.11800000000000001
498.32,-0.114
498.36,-0.11
498.40000000000003,-0.112
498.44,-0.12000000000000001
498.48,-0.11800000000000001
498.52000000000004,-0.112
498.56,-0.11
498.6,-0.112
498.64,-0.11
498.68,-0.10800000000000001
498.72,-0.11
498.76,-0.10800000000000001
498.8,-0.114
498.84000000000003,-0.12000000000000001
498.88,-0.114
498.92,-0.10600000000000001
498.96000000000004,-0.112
499.0,-0.114
499.04,-0.10600000000000001
499.08,-0.11
499.12,-0.11800000000000001
499.16,-0.116
499.2,-0.10800000000000001
499.24,-0.10600000000000001
499.28000000000003,-0.11
499.32,-0.10800000000000001
499.36,-0.10600000000000001
499.40000000000003,-0.10600000000000001
499.44,-0.11
499.48,-0.112
499.52000000000004,-0.114
499.56,-0.11
499.6,-0.11
499.64,-0.114
499.68,-0.12000000000000001
499.72,-0.114
499.76,-0.114
499.8,-0.114
499.84000000000003,-0.114
499.88,-0.116
499.92,-0.11
499.96000000000004,-0.10400000000000001
500.0,-0.10600000000000001
500.04,-0.114
500.08,-0.11800000000000001
500.12,-0.112
500.16,-0.112
500.2,-0.116
500.24,-0.114
500.28000000000003,-0.11
500.32,-0.112
500.36,-0.11800000000000001
500.40000000000003,-0.114
500.44,-0.11
500.48,-0.114
500.52000000000004,-0.114
500.56,-0.11
500.6,-0.10600000000000001
500.64,-0.10600000000000001
500.68,-0.10600000000000001
500.72,-0.10800000000000001
500.76,-0.10800000000000001
500.8,-0.10600000000000001
500.84000000000003,-0.11
500.88,-0.112
500.92,-0.114
500.96000000000004,-0.112
501.0,-0.11
501.04,-0.114
501.08,-0.116
501.12,-0.114
501.16,-0.11
501.2,-0.10400000000000001
501.24,-0.10600000000000001
501.28000000000003,-0.112
501.32,-0.114
501.36,-0.11
501.40000000000003,-0.112
501.44,-0.11800000000000001
501.48,-0.114
501.52000000000004,-0.11
501.56,-0.114
501.6,-0.114
501.64,-0.112
501.68,-0.114
501.72,-0.11800000000000001
501.76,-0.11800000000000001
501.8,-0.114
501.84000000000003,-0.114
501.88,-0.11
501.92,-0.10800000000000001
501.96000000000004,-0.10800000000000001
502.0,-0.11
502.04,-0.10600000000000001
502.08,-0.10800000000000001
502.12,-0.114
502.16,-0.112
502.2,-0.10600000000000001
502.24,-0.10600000000000001
502.28000000000003,-0.114
502.32,-0.114
502.36,-0.114
502.40000000000003,-0.114
502.44,-0.10800000000000001
502.48,-0.10800000000000001
502.52000000000004,-0.114
502.56,-0.10800000000000001
502.6,-0.10200000000000001
502.64,-0.11
502.68,-0.114
502.72,-0.112
502.76,-0.11
502.8,-0.114
502.84000000000003,-0.114
502.88,-0.10600000000000001
502.92,-0.11
502.96000000000004,-0.11800000000000001
503.0,-0.116
503.04,-0.114
503.08,-0.11800000000000001
503.12,-0.114
503.16,-0.11
503.2,-0.112
503.24,-0.11
503.28000000000003,-0.10600000000000001
503.32,-0.112
503.36,-0.116
503.40000000000003,-0.11
503.44,-0.10400000000000001
503.48,-0.10600000000000001
503.52000000000004,-0.11
503.56,-0.112
503.6,-0.114
503.64,-0.114
503.68,-0.112
503.72,-0.114
503.76,-0.11800000000000001
503.8,-0.10800000000000001
503.84000000000003,-0.10200000000000001
503.88,-0.11
503.92,-0.114
503.96000000000004,-0.10600000000000001
504.0,-0.10800000000000001
504.04,-0.114
504.08,-0.112
504.12,-0.10600000000000001
504.16,-0.10600000000000001
504.2,-0.112
504.24,-0.11
504.28000000000003,-0.114
504.32,-0.116
504.36,-0.116
504.40000000000003,-0.114
504.44,-0.112
504.48,-0.11
504.52000000000004,-0.11
504.56,-0.114
504.6,-0.114
504.64,-0.11
504.68,-0.10600000000000001
504.72,-0.10600000000000001
504.76,-0.10600000000000001
504.8,-0.11
504.84000000000003,-0.11
504.88,-0.10800000000000001
504.92,-0.112
504.96000000000004,-0.11800000000000001
505.0,-0.116
505.04,-0.11
505.08,-0.10800000000000001
505.12,-0.112
505.16,-0.112
505.2,-0.10400000000000001
505.24,-0.10600000000000001
505.28000000000003,-0.112
505.32,-0.11
505.36,-0.11
505.40000000000003,-0.11
505.44,-0.11
505.48,-0.10800000000000001
505.52000000000004,-0.112
505.56,-0.114
505.6,-0.114
505.64,-0.114
505.68,-0.114
505.72,-0.114
505.76,-0.114
505.8,-0.114
505.84000000000003,-0.114
505.88,-0.112
505.92,-0.11
505.96000000000004,-0.11
506.0,-0.112
506.04,-0.11
506.08,-0.10600000000000001
506.12,-0.10600000000000001
506.16,-0.10800000000000001
506.2,-0.114
506.24,-0.114
506.28000000000003,-0.11
506.32,-0.114
506.36,-0.116
506.40000000000003,-0.112
506.44,-0.10400000000000001
506.48,-0.10600000000000001
506.52000000000004,-0.11
506.56,-0.11
506.6,-0.10800000000000001
506.64,-0.11
506.68,-0.10600000000000001
506.72,-0.10400000000000001
506.76,-0.10800000000000001
506.8,-0.112
506.84000000000003,-0.10800000000000001
506.88,-0.11
506.92,-0.114
506.96000000000004,-0.114
507.0,-0.114
507.04,-0.116
507.08,-0.114
507.12,-0.112
507.16,-0.114
507.2,-0.114
507.24,-0.114
507.28000000000003,-0.112
507.32,-0.112
507.36,-0.10600000000000001
507.40000000000003,-0.10600000000000001
507.44,-0.112
507.48,-0.112
507.52000000000004,-0.11
507.56,-0.114
507.6,-0.12200000000000001
507.64,-0.114
507.68,-0.10600000000000001
507.72,-0.11
507.76,-0.114
507.8,-0.11
507.84000000000003,-0.112
507.88,-0.112
507.92,-0.10600000000000001
507.96000000000004,-0.10400000000000001
508.0,-0.11
508.04,-0.10800000000000001
508.08,-0.10200000000000001
508.12,-0.10800000000000001
508.16,-0.11
508.2,-0.11
508.24,-0.11
508.28000000000003,-0.114
508.32,-0.11
508.36,-0.11
508.40000000000003,-0.112
508.44,-0.114
508.48,-0.114
508.52000000000004,-0.114
508.56,-0.112
508.6,-0.10600000000000001
508.64,-0.10600000000000001
508.68,-0.11
508.72,-0.10600000000000001
508.76,-0.10600000000000001
508.8,-0.116
508.84000000000003,-0.12000000000000001
508.88,-0.112
508.92,-0.11
508.96000000000004,-0.114
509.0,-0.114
509.04,-0.112
509.08,-0.114
509.12,-0.114
509.16,-0.10800000000000001
509.2,-0.11
509.24,-0.112
509.28000000000003,-0.10600000000000001
509.32,-0.10400000000000001
509.36,-0.10600000000000001
509.40000000000003,-0.10800000000000001
509.44,-0.10800000000000001
509.48,-0.11
509.52000000000004,-0.11
509.56,-0.10600000000000001
509.6,-0.10800000000000001
509.64,-0.112
509.68,-0.112
509.72,-0.112
509.76,-0.114
509.8,-0.11
509.84000000000003,-0.11
509.88,-0.112
509.92,-0.10600000000000001
509.96000000000004,-0.10200000000000001
510.0,-0.10400000000000001
510.04,-0.114
510.08,-0.11
510.12,-0.10600000000000001
510.16,-0.11
510.2,-0.114
510.24,-0.112
510.28000000000003,-0.114
510.32,-0.114
510.36,-0.112
510.40000000000003,-0.11
510.44,-0.114
510.48,-0.114
510.52000000000004,-0.10800000000000001
510.56,-0.10600000000000001
510.6,-0.10600000000000001
510.64,-0.10600000000000001
510.68,-0.11
510.72,-0.10600000000000001
510.76,-0.10600000000000001
510.8,-0.11
510.84000000000003,-0.11
510.88,-0.10800000000000001
510.92,-0.10600000000000001
510.96000000000004,-0.11
511.0,-0.114
511.04,-0.114
511.08,-0.112
511.12,-0.114
511.16,-0.11
511.2,-0.10600000000000001
511.24,-0.10800000000000001
511.28000000000003,-0.11
511.32,-0.10600000000000001
511.36,-0.10400000000000001
511.40000000000003,-0.11
511.44,-0.112
511.48,-0.112
511.52000000000004,-0.112
511.56,-0.112
511.6,-0.112
511.64,-0.112
511.68,-0.11800000000000001
511.72,-0.116
511.76,-0.112
511.8,-0.10800000000000001
511.84000000000003,-0.11
511.88,-0.10800000000000001
511.92,-0.10600000000000001
511.96000000000004,-0.10600000000000001
512.0,-0.10600000000000001
512.04,-0.11
512.08,-0.112
512.12,-0.10600000000000001
512.16,-0.10200000000000001
512.2,-0.10600000000000001
512.24,-0.11
512.28,-0.11
512.32,-0.11
512.36,-0.114
512.4,-0.11
512.44,-0.10600000000000001
512.48,-0.11
512.52,-0.112
512.5600000000001,-0.10600000000000001
512.6,-0.10200000000000001
512.64,-0.11
512.6800000000001,-0.11
512.72,-0.11
512.76,-0.11
512.8,-0.10800000000000001
512.84,-0.10400000000000001
512.88,-0.11
512.92,-0.11800000000000001
512.96,-0.116
513.0,-0.114
513.04,-0.114
513.08,-0.116
513.12,-0.11
513.16,-0.10800000000000001
513.2,-0.10800000000000001
513.24,-0.11
513.28,-0.112
513.32,-0.114
513.36,-0.10800000000000001
513.4,-0.10400000000000001
513.44,-0.10600000000000001
513.48,-0.10800000000000001
513.52,-0.10400000000000001
513.5600000000001,-0.10800000000000001
513.6,-0.112
513.64,-0.11
513.6800000000001,-0.10600000000000001
513.72,-0.112
513.76,-0.112
513.8,-0.10400000000000001
513.84,-0.10400000000000001
513.88,-0.112
513.92,-0.10600000000000001
513.96,-0.10600000000000001
514.0,-0.10800000000000001
514.04,-0.10400000000000001
514.08,-0.1
514.12,-0.10600000000000001
514.16,-0.112
514.2,-0.11
514.24,-0.11
514.28,-0.114
514.32,-0.114
514.36,-0.11
514.4,-0.11
514.44,-0.11
514.48,-0.11
514.52,-0.116
514.5600000000001,-0.112
514.6,-0.10800000000000001
514.64,-0.11
514.6800000000001,-0.11
514.72,-0.10800000000000001
514.76,-0.10400000000000001
514.8,-0.11
514.84,-0.11
514.88,-0.10600000000000001
514.92,-0.112
514.96,-0.116
515.0,-0.11
515.04,-0.11
515.08,-0.11
515.12,-0.11
515.16,-0.10800000000000001
515.2,-0.112
515.24,-0.11
515.28,-0.10600000000000001
515.32,-0.10400000000000001
515.36,-0.10600000000000001
515.4,-0.10600000000000001
515.44,-0.10600000000000001
515.48,-0.10600000000000001
515.52,-0.112
515.5600000000001,-0.114
515.6,-0.112
515.64,-0.11
515.6800000000001,-0.10600000000000001
515.72,-0.114
515.76,-0.114
515.8,-0.10800000000000001
515.84,-0.10600000000000001
515.88,-0.11
515.92,-0.114
515.96,-0.11
516.0,-0.10600000000000001
516.04,-0.10600000000000001
516.08,-0.10600000000000001
516.12,-0.10600000000000001
516.16,-0.112
516.2,-0.11
516.24,-0.11
516.28,-0.11
516.32,-0.114
516.36,-0.112
516.4,-0.11
516.44,-0.112
516.48,-0.114
516.52,-0.11
516.5600000000001,-0.10800000000000001
516.6,-0.10600000000000001
516.64,-0.10600000000000001
516.6800000000001,-0.10200000000000001
516.72,-0.10400000000000001
516.76,-0.11
516.8,-0.11
516.84,-0.10800000000000001
516.88,-0.10800000000000001
516.92,-0.11
516.96,-0.114
517.0,-0.114
517.04,-0.10800000000000001
517.08,-0.10600000000000001
517.12,-0.114
517.16,-0.11800000000000001
517.2,-0.114
517.24,-0.10600000000000001
517.28,-0.11
517.32,-0.11
517.36,-0.10600000000000001
517.4,-0.10800000000000001
517.44,-0.10800000000000001
517.48,-0.10600000000000001
517.52,-0.11
517.5600000000001,-0.114
517.6,-0.11
517.64,-0.10600000000000001
517.6800000000001,-0.114
517.72,-0.114
517.76,-0.11
517.8,-0.112
517.84,-0.114
517.88,-0.10600000000000001
517.92,-0.10200000000000001
517.96,-0.10600000000000001
518.0,-0.10800000000000001
518.04,-0.10400000000000001
518.08,-0.10400000000000001
518.12,-0.10800000000000001
518.16,-0.11
518.2,-0.114
518.24,-0.112
518.28,-0.10400000000000001
518.32,-0.10400000000000001
518.36,-0.114
518.4,-0.11800000000000001
518.44,-0.11
518.48,-0.112
518.52,-0.114
518.5600000000001,-0.11
518.6,-0.10600000000000001
518.64,-0.112
518.6800000000001,-0.11
518.72,-0.10600000000000001
518.76,-0.112
518.8,-0.114
518.84,-0.10600000000000001
518.88,-0.10600000000000001
518.92,-0.114
518.96,-0.112
519.0,-0.11
519.04,-0.114
519.08,-0.11800000000000001
519.12,-0.11
519.16,-0.10800000000000001
519.2,-0.11
519.24,-0.10600000000000001
519.28,-0.10200000000000001
519.32,-0.10200000000000001
519.36,-0.10400000000000001
519.4,-0.11
519.44,-0.112
519.48,-0.10400000000000001
519.52,-0.098
519.5600000000001,-0.10400000000000001
519.6,-0.112
519.64,-0.11
519.6800000000001,-0.10600000000000001
519.72,-0.11
519.76,-0.112
519.8,-0.11
519.84,-0.11
519.88,-0.11
519.92,-0.10600000000000001
519.96,-0.10800000000000001
520.0,-0.112
520.04,-0.11
520.08,-0.10400000000000001
520.12,-0.10600000000000001
520.16,-0.112
520.2,-0.10800000000000001
520.24,-0.10800000000000001
520.28,-0.112
520.32,-0.114
520.36,-0.112
520.4,-0.114
520.44,-0.114
520.48,-0.112
520.52,-0.10600000000000001
520.5600000000001,-0.10600000000000001
520.6,-0.10600000000000001
520.64,-0.112
520.6800000000001,-0.11
520.72,-0.10400000000000001
520.76,-0.10400000000000001
520.8,-0.10600000000000001
520.84,-0.11
520.88,-0.10600000000000001
520.92,-0.10400000000000001
520.96,-0.11
521.0,-0.11
521.04,-0.112
521.08,-0.11
521.12,-0.11
521.16,-0.10800000000000001
521.2,-0.11
521.24,-0.11
521.28,-0.10600000000000001
521.32,-0.10400000000000001
521.36,-0.10800000000000001
521.4,-0.11
521.44,-0.10400000000000001
521.48,-0.10200000000000001
521.52,-0.10600000000000001
521.5600000000001,-0.11
521.6,-0.10800000000000001
521.64,-0.112
521.6800000000001,-0.114
521.72,-0.112
521.76,-0.11
521.8,-0.10800000000000001
521.84,-0.11
521.88,-0.114
521.92,-0.112
521.96,-0.10600000000000001
522.0,-0.10400000000000001
522.04,-0.11
522.08,-0.11
522.12,-0.10200000000000001
522.16,-0.10200000000000001
522.2,-0.10800000000000001
522.24,-0.11
522.28,-0.11
522.32,-0.112
522.36,-0.11
522.4,-0.11
522.44,-0.114
522.48,-0.11
522.52,-0.10400000000000001
522.5600000000001,-0.10600000000000001
522.6,-0.112
522.64,-0.112
522.6800000000001,-0.10200000000000001
522.72,-0.10400000000000001
522.76,-0.10600000000000001
522.8,-0.10600000000000001
522.84,-0.10600000000000001
522.88,-0.112
522.92,-0.114
522.96,-0.114
523.0,-0.114
523.04,-0.11
523.08,-0.112
523.12,-0.112
523.16,-0.10800000000000001
523.2,-0.10400000000000001
523.24,-0.11
523.28,-0.114
523.32,-0.11
523.36,-0.10200000000000001
523.4,-0.10400000000000001
523.44,-0.10800000000000001
523.48,-0.10400000000000001
523.52,-0.10400000000000001
523.5600000000001,-0.10600000000000001
523.6,-0.10800000000000001
523.64,-0.112
523.6800000000001,-0.114
523.72,-0.11
523.76,-0.10200000000000001
523.8,-0.10800000000000001
523.84,-0.114
523.88,-0.112
523.92,-0.10600000000000001
523.96,-0.10600000000000001
524.0,-0.10600000000000001
524.04,-0.10200000000000001
524.08,-0.10200000000000001
524.12,-0.10600000000000001
524.16,-0.10800000000000001
524.2,-0.11
524.24,-0.11
524.28,-0.112
524.32,-0.114
524.36,-0.114
524.4,-0.10800000000000001
524.44,-0.10600000000000001
524.48,-0.114
524.52,-0.116
524.5600000000001,-0.112
524.6,-0.10800000000000001
524.64,-0.112
524.6800000000001,-0.10800000000000001
524.72,-0.10600000000000001
524.76,-0.10400000000000001
524.8,-0.10600000000000001
524.84,-0.10800000000000001
524.88,-0.11
524.92,-0.112
524.96,-0.10600000000000001
525.0,-0.10400000000000001
525.04,-0.11
525.08,-0.114
525.12,-0.112
525.16,-0.10600000000000001
525.2,-0.11
525.24,-0.11
525.28,-0.10400000000000001
525.32,-0.1
525.36,-0.10400000000000001
525.4,-0.10400000000000001
525.44,-0.10200000000000001
525.48,-0.10600000000000001
525.52,-0.10800000000000001
525.5600000000001,-0.11
525.6,-0.112
525.64,-0.10800000000000001
525.6800000000001,-0.10600000000000001
525.72,-0.112
525.76,-0.114
525.8,-0.112
525.84,-0.11
525.88,-0.114
525.92,-0.114
525.96,-0.10600000000000001
526.0,-0.10400000000000001
526.04,-0.10600000000000001
526.08,-0.10800000000000001
526.12,-0.10800000000000001
526.16,-0.11
526.2,-0.10600000000000001
526.24,-0.10200000000000001
526.28,-0.112
526.32,-0.116
526.36,-0.10800000000000001
526.4,-0.10600000000000001
526.44,-0.114
526.48,-0.114
526.52,-0.10800000000000001
526.5600000000001,-0.11
526.6,-0.10600000000000001
526.64,-0.10400000000000001
526.6800000000001,-0.10200000000000001
526.72,-0.10400000000000001
526.76,-0.10400000000000001
526.8,-0.10600000000000001
526.84,-0.11
526.88,-0.10600000000000001
526.92,-0.10600000000000001
526.96,-0.11
527.0,-0.112
527.04,-0.10400000000000001
527.08,-0.11
527.12,-0.116
527.16,-0.114
527.2,-0.10600000000000001
527.24,-0.11
527.28,-0.10600000000000001
527.32,-0.10400000000000001
527.36,-0.11
527.4,-0.10600000000000001
527.44,-0.10200000000000001
527.48,-0.10400000000000001
527.52,-0.114
527.5600000000001,-0.11
527.6,-0.10400000000000001
527.64,-0.10600000000000001
527.6800000000001,-0.114
527.72,-0.112
527.76,-0.112
527.8,-0.114
527.84,-0.10800000000000001
527.88,-0.10600000000000001
527.92,-0.10600000000000001
527.96,-0.10200000000000001
528.0,-0.10200000000000001
528.04,-0.10800000000000001
528.08,-0.10800000000000001
528.12,-0.10400000000000001
528.16,-0.10600000000000001
528.2,-0.112
528.24,-0.10400000000000001
528.28,-0.10400000000000001
528.32,-0.112
528.36,-0.112
528.4,-0.112
528.44,-0.11
528.48,-0.112
528.52,-0.10800000000000001
528.5600000000001,-0.11
528.6,-0.112
528.64,-0.10600000000000001
528.6800000000001,-0.1
528.72,-0.11
528.76,-0.114
528.8,-0.10600000000000001
528.84,-0.10200000000000001
528.88,-0.10600000000000001
528.92,-0.10800000000000001
528.96,-0.11
529.0,-0.112
529.04,-0.114
529.08,-0.112
529.12,-0.11
529.16,-0.10800000000000001
529.2,-0.10200000000000001
529.24,-0.10400000000000001
529.28,-0.10600000000000001
529.32,-0.10400000000000001
529.36,-0.10400000000000001
529.4,-0.10600000000000001
529.44,-0.10600000000000001
529.48,-0.10200000000000001
529.52,-0.10400000000000001
529.5600000000001,-0.10600000000000001
529.6,-0.11
529.64,-0.10600000000000001
529.6800000000001,-0.11
529.72,-0.112
529.76,-0.11
529.8,-0.11
529.84,-0.112
529.88,-0.10600000000000001
529.92,-0.10400000000000001
529.96,-0.11
530.0,-0.114
530.04,-0.10600000000000001
530.08,-0.10200000000000001
530.12,-0.10400000000000001
530.16,-0.10600000000000001
530.2,-0.10800000000000001
530.24,-0.11
530.28,-0.11
530.32,-0.114
530.36,-0.114
530.4,-0.112
530.44,-0.11
530.48,-0.10800000000000001
530.52,-0.10800000000000001
530.5600000000001,-0.10800000000000001
530.6,-0.10600000000000001
530.64,-0.10600000000000001
530.6800000000001,-0.10800000000000001
530.72,-0.10200000000000001
530.76,-0.10200000000000001
530.8,-0.10600000000000001
530.84,-0.10600000000000001
530.88,-0.10400000000000001
530.92,-0.10600000000000001
530.96,-0.11
531.0,-0.11
531.04,-0.10800000000000001
531.08,-0.11
531.12,-0.10400000000000001
531.16,-0.10400000000000001
531.2,-0.114
531.24,-0.114
531.28,-0.10600000000000001
531.32,-0.10200000000000001
531.36,-0.10600000000000001
531.4,-0.10600000000000001
531.44,-0.10200000000000001
531.48,-0.10400000000000001
531.52,-0.10600000000000001
531.5600000000001,-0.11
531.6,-0.112
531.64,-0.112
531.6800000000001,-0.10800000000000001
531.72,-0.112
531.76,-0.112
531.8,-0.11
531.84,-0.10600000000000001
531.88,-0.11
531.92,-0.10600000000000001
531.96,-0.10400000000000001
532.0,-0.10600000000000001
532.04,-0.11
532.08,-0.10200000000000001
532.12,-0.10200000000000001
532.16,-0.10600000000000001
532.2,-0.10600000000000001
532.24,-0.10600000000000001
532.28,-0.112
532.32,-0.11
532.36,-0.10200000000000001
532.4,-0.10600000000000001
532.44,-0.114
532.48,-0.112
532.52,-0.10600000000000001
532.5600000000001,-0.10800000000000001
532.6,-0.11
532.64,-0.11
532.6800000000001,-0.10400000000000001
532.72,-0.10200000000000001
532.76,-0.10400000000000001
532.8,-0.10600000000000001
532.84,-0.11
532.88,-0.10600000000000001
532.92,-0.10600000000000001
532.96,-0.112
533.0,-0.112
533.04,-0.10800000000000001
533.08,-0.11
533.12,-0.112
533.16,-0.10600000000000001
533.2,-0.10800000000000001
533.24,-0.112
533.28,-0.10600000000000001
533.32,-0.098
533.36,-0.10200000000000001
533.4,-0.10600000000000001
533.44,-0.10400000000000001
533.48,-0.10600000000000001
533.52,-0.10800000000000001
533.5600000000001,-0.10400000000000001
533.6,-0.10200000000000001
533.64,-0.10600000000000001
533.6800000000001,-0.112
533.72,-0.10600000000000001
533.76,-0.10600000000000001
533.8,-0.112
533.84,-0.112
533.88,-0.11
533.92,-0.10600000000000001
533.96,-0.10200000000000001
534.0,-0.10400000000000001
534.04,-0.10600000000000001
534.08,-0.10400000000000001
534.12,-0.10400000000000001
534.16,-0.10600000000000001
534.2,-0.11
534.24,-0.11
534.28,-0.10600000000000001
534.32,-0.112
534.36,-0.11
534.4,-0.11
534.44,-0.114
534.48,-0.116
534.52,-0.10600000000000001
534.5600000000001,-0.10200000000000001
534.6,-0.10600000000000001
534.64,-0.10400000000000001
534.6800000000001,-0.10200000000000001
534.72,-0.10600000000000001
534.76,-0.10800000000000001
534.8,-0.10400000000000001
534.84,-0.10400000000000001
534.88,-0.10600000000000001
534.92,-0.10600000000000001
534.96,-0.10200000000000001
535.0,-0.10400000000000001
535.04,-0.11
535.08,-0.11
535.12,-0.10800000000000001
535.16,-0.10800000000000001
535.2,-0.10400000000000001
535.24,-0.10400000000000001
535.28,-0.10400000000000001
535.32,-0.10200000000000001
535.36,-0.1
535.4,-0.10200000000000001
535.44,-0.10600000000000001
535.48,-0.10600000000000001
535.52,-0.10400000000000001
535.5600000000001,-0.10400000000000001
535.6,-0.10600000000000001
535.64,-0.11
535.6800000000001,-0.114
535.72,-0.116
535.76,-0.10800000000000001
535.8,-0.10400000000000001
535.84,-0.11
535.88,-0.11
535.92,-0.10200000000000001
535.96,-0.10600000000000001
536.0,-0.11
536.04,-0.10600000000000001
536.08,-0.10400000000000001
536.12,-0.11
536.16,-0.10600000000000001
536.2,-0.1
536.24,-0.10400000000000001
536.28,-0.10800000000000001
536.32,-0.11
536.36,-0.11
536.4,-0.11
536.44,-0.10600000000000001
536.48,-0.10600000000000001
536.52,-0.10600000000000001
536.5600000000001,-0.10400000000000001
536.6,-0.1
536.64,-0.10400000000000001
536.6800000000001,-0.10800000000000001
536.72,-0.10200000000000001
536.76,-0.098
536.8,-0.10200000000000001
536.84,-0.10200000000000001
536.88,-0.10400000000000001
536.92,-0.112
536.96,-0.112
537.0,-0.10600000000000001
537.04,-0.10800000000000001
537.08,-0.112
537.12,-0.10600000000000001
537.16,-0.10200000000000001
537.2,-0.10600000000000001
537.24,-0.10600000000000001
537.28,-0.10400000000000001
537.32,-0.10600000000000001
537.36,-0.11
537.4,-0.10400000000000001
537.44,-0.1
537.48,-0.10200000000000001
537.52,-0.10400000000000001
537.5600000000001,-0.10600000000000001
537.6,-0.10800000000000001
537.64,-0.10600000000000001
537.6800000000001,-0.10600000000000001
537.72,-0.11
537.76,-0.11
537.8,-0.10400000000000001
537.84,-0.10400000000000001
537.88,-0.11
537.92,-0.10600000000000001
537.96,-0.098
538.0,-0.10400000000000001
538.04,-0.10200000000000001
538.08,-0.098
538.12,-0.10400000000000001
538.16,-0.10600000000000001
538.2,-0.10400000000000001
538.24,-0.10200000000000001
538.28,-0.11
538.32,-0.112
538.36,-0.10600000000000001
538.4,-0.10600000000000001
538.44,-0.10800000000000001
538.48,-0.10600000000000001
538.52,-0.10400000000000001
538.5600000000001,-0.11
538.6,-0.11
538.64,-0.10400000000000001
538.6800000000001,-0.10400000000000001
538.72,-0.10400000000000001
538.76,-0.10400000000000001
538.8,-0.10400000000000001
538.84,-0.10600000000000001
538.88,-0.10400000000000001
538.92,-0.10600000000000001
538.96,-0.11
539.0,-0.10600000000000001
539.04,-0.10400000000000001
539.08,-0.10600000000000001
539.12,-0.10800000000000001
539.16,-0.10600000000000001
539.2,-0.10400000000000001
539.24,-0.10400000000000001
539.28,-0.1
539.32,-0.098
539.36,-0.10200000000000001
539.4,-0.10200000000000001
539.44,-0.096
539.48,-0.1
539.52,-0.10800000000000001
539.5600000000001,-0.11
539.6,-0.10600000000000001
539.64,-0.10600000000000001
539.6800000000001,-0.10800000000000001
539.72,-0.10600000000000001
539.76,-0.10600000000000001
539.8,-0.11
539.84,-0.10800000000000001
539.88,-0.10600000000000001
539.92,-0.10600000000000001
539.96,-0.10600000000000001
540.0,-0.10400000000000001
540.04,-0.10400000000000001
540.08,-0.10600000000000001
540.12,-0.10400000000000001
540.16,-0.10600000000000001
540.2,-0.11
540.24,-0.10800000000000001
540.28,-0.10600000000000001
540.32,-0.10800000000000001
540.36,-0.11
540.4,-0.10800000000000001
540.44,-0.10800000000000001
540.48,-0.10600000000000001
540.52,-0.10600000000000001
540.5600000000001,-0.10400000000000001
540.6,-0.10400000000000001
540.64,-0.1
540.6800000000001,-0.092
540.72,-0.096
540.76,-0.10600000000000001
540.8,-0.10600000000000001
540.84,-0.10200000000000001
540.88,-0.10200000000000001
540.92,-0.10600000000000001
540.96,-0.10600000000000001
541.0,-0.10600000000000001
541.04,-0.10600000000000001
541.08,-0.10600000000000001
541.12,-0.10400000000000001
541.16,-0.10600000000000001
541.2,-0.11
541.24,-0.10400000000000001
541.28,-0.10200000000000001
541.32,-0.10200000000000001
541.36,-0.10200000000000001
541.4,-0.10200000000000001
541.44,-0.10600000000000001
541.48,-0.10600000000000001
541.52,-0.10200000000000001
541.5600000000001,-0.10600000000000001
541.6,-0.11
541.64,-0.10400000000000001
541.6800000000001,-0.10600000000000001
541.72,-0.112
541.76,-0.11
541.8,-0.11
541.84,-0.11
541.88,-0.10400000000000001
541.92,-0.094
541.96,-0.098
542.0,-0.10800000000000001
542.04,-0.10400000000000001
542.08,-0.098
542.12,-0.10400000000000001
542.16,-0.10800000000000001
542.2,-0.10400000000000001
542.24,-0.10400000000000001
542.28,-0.10600000000000001
542.32,-0.10400000000000001
542.36,-0.10400000000000001
542.4,-0.11
542.44,-0.10600000000000001
542.48,-0.10400000000000001
542.52,-0.10400000000000001
542.5600000000001,-0.10400000000000001
542.6,-0.1
542.64,-0.10400000000000001
542.6800000000001,-0.10600000000000001
542.72,-0.10200000000000001
542.76,-0.10200000000000001
542.8,-0.10600000000000001
542.84,-0.10400000000000001
542.88,-0.098
542.92,-0.10600000000000001
542.96,-0.11
543.0,-0.11
543.04,-0.11
543.08,-0.114
543.12,-0.10400000000000001
543.16,-0.098
543.2,-0.10600000000000001
543.24,-0.10600000000000001
543.28,-0.098
543.32,-0.096
543.36,-0.10400000000000001
543.4,-0.10400000000000001
543.44,-0.10200000000000001
543.48,-0.10400000000000001
543.52,-0.10200000000000001
543.5600000000001,-0.1
543.6,-0.10400000000000001
543.64,-0.11
543.6800000000001,-0.10600000000000001
543.72,-0.10400000000000001
543.76,-0.10400000000000001
543.8,-0.10200000000000001
543.84,-0.10200000000000001
543.88,-0.10600000000000001
543.92,-0.10400000000000001
543.96,-0.10200000000000001
544.0,-0.10600000000000001
544.04,-0.10400000000000001
544.08,-0.1
544.12,-0.1
544.16,-0.10600000000000001
544.2,-0.10600000000000001
544.24,-0.10400000000000001
544.28,-0.112
544.32,-0.112
544.36,-0.10800000000000001
544.4,-0.10800000000000001
544.44,-0.11
544.48,-0.11
544.52,-0.10200000000000001
544.5600000000001,-0.10200000000000001
544.6,-0.10400000000000001
544.64,-0.10400000000000001
544.6800000000001,-0.10400000000000001
544.72,-0.10200000000000001
544.76,-0.10200000000000001
544.8,-0.10200000000000001
544.84,-0.10600000000000001
544.88,-0.10600000000000001
544.92,-0.10400000000000001
544.96,-0.10200000000000001
545.0,-0.10400000000000001
545.04,-0.10400000000000001
545.08,-0.10400000000000001
545.12,-0.10400000000000001
545.16,-0.10200000000000001
545.2,-0.10200000000000001
545.24,-0.10400000000000001
545.28,-0.10200000000000001
545.32,-0.098
545.36,-0.098
545.4,-0.10200000000000001
545.44,-0.098
545.48,-0.098
545.52,-0.10400000000000001
545.5600000000001,-0.10600000000000001
545.6,-0.10600000000000001
545.64,-0.10800000000000001
545.6800000000001,-0.114
545.72,-0.11
545.76,-0.10200000000000001
545.8,-0.10200000000000001
545.84,-0.10600000000000001
545.88,-0.10600000000000001
545.92,-0.10400000000000001
545.96,-0.10400000000000001
546.0,-0.10200000000000001
546.04,-0.10200000000000001
546.08,-0.10600000000000001
546.12,-0.10600000000000001
546.16,-0.10200000000000001
546.2,-0.10400000000000001
546.24,-0.10800000000000001
546.28,-0.10600000000000001
546.32,-0.10400000000000001
546.36,-0.10400000000000001
546.4,-0.10400000000000001
546.44,-0.10400000000000001
546.48,-0.10600000000000001
546.52,-0.10400000000000001
546.5600000000001,-0.10200000000000001
546.6,-0.10400000000000001
546.64,-0.10400000000000001
546.6800000000001,-0.098
546.72,-0.096
546.76,-0.10200000000000001
546.8000000000001,-0.10400000000000001
546.84,-0.1
546.88,-0.10600000000000001
546.92,-0.114
546.96,-0.10600000000000001
547.0,-0.098
547.04,-0.10200000000000001
547.08,-0.10600000000000001
547.12,-0.10600000000000001
547.16,-0.10400000000000001
547.2,-0.10400000000000001
547.24,-0.10200000000000001
547.28,-0.10200000000000001
547.32,-0.10400000000000001
547.36,-0.10200000000000001
547.4,-0.098
547.44,-0.10400000000000001
547.48,-0.10800000000000001
547.52,-0.10600000000000001
547.5600000000001,-0.10600000000000001
547.6,-0.10400000000000001
547.64,-0.10200000000000001
547.6800000000001,-0.10400000000000001
547.72,-0.10600000000000001
547.76,-0.10400000000000001
547.8000000000001,-0.10400000000000001
547.84,-0.10600000000000001
547.88,-0.10800000000000001
547.92,-0.098
547.96,-0.096
548.0,-0.10200000000000001
548.04,-0.098
548.08,-0.098
548.12,-0.10600000000000001
548.16,-0.11
548.2,-0.10400000000000001
548.24,-0.10200000000000001
548.28,-0.10600000000000001
548.32,-0.11
548.36,-0.11
548.4,-0.10600000000000001
548.44,-0.10400000000000001
548.48,-0.10400000000000001
548.52,-0.10400000000000001
548.5600000000001,-0.10600000000000001
548.6,-0.10200000000000001
548.64,-0.098
548.6800000000001,-0.10200000000000001
548.72,-0.10600000000000001
548.76,-0.10600000000000001
548.8000000000001,-0.10400000000000001
548.84,-0.10400000000000001
548.88,-0.10200000000000001
548.92,-0.10400000000000001
548.96,-0.10600000000000001
549.0,-0.10400000000000001
549.04,-0.10400000000000001
549.08,-0.11
549.12,-0.11
549.16,-0.10200000000000001
549.2,-0.1
549.24,-0.1
549.28,-0.096
549.32,-0.094
549.36,-0.1
549.4,-0.10200000000000001
549.44,-0.098
549.48,-0.098
549.52,-0.10400000000000001
549.5600000000001,-0.10400000000000001
549.6,-0.10400000000000001
549.64,-0.10600000000000001
549.6800000000001,-0.10400000000000001
549.72,-0.10400000000000001
549.76,-0.11
549.8000000000001,-0.10600000000000001
549.84,-0.1
549.88,-0.098
549.92,-0.10200000000000001
549.96,-0.10600000000000001
550.0,-0.10600000000000001
550.04,-0.10400000000000001
550.08,-0.10600000000000001
550.12,-0.10400000000000001
550.16,-0.10600000000000001
550.2,-0.10400000000000001
550.24,-0.10200000000000001
550.28,-0.10400000000000001
550.32,-0.114
550.36,-0.112
550.4,-0.10400000000000001
550.44,-0.10600000000000001
550.48,-0.10800000000000001
550.52,-0.10200000000000001
550.5600000000001,-0.098
550.6,-0.10200000000000001
550.64,-0.10200000000000001
550.6800000000001,-0.096
550.72,-0.098
550.76,-0.10400000000000001
550.8000000000001,-0.10200000000000001
550.84,-0.10200000000000001
550.88,-0.10400000000000001
550.92,-0.10200000000000001
550.96,-0.10400000000000001
551.0,-0.10800000000000001
551.04,-0.10600000000000001
551.08,-0.1
551.12,-0.098
551.16,-0.10400000000000001
551.2,-0.10200000000000001
551.24,-0.10200000000000001
551.28,-0.10400000000000001
551.32,-0.10200000000000001
551.36,-0.10400000000000001
551.4,-0.10600000000000001
551.44,-0.10200000000000001
551.48,-0.096
551.52,-0.10400000000000001
551.5600000000001,-0.112
551.6,-0.10600000000000001
551.64,-0.10200000000000001
551.6800000000001,-0.11
551.72,-0.11
551.76,-0.10400000000000001
551.8000000000001,-0.10400000000000001
551.84,-0.10400000000000001
551.88,-0.1
551.92,-0.098
551.96,-0.10200000000000001
552.0,-0.1
552.04,-0.10200000000000001
552.08,-0.1
552.12,-0.1
552.16,-0.098
552.2,-0.10600000000000001
552.24,-0.11
552.28,-0.10600000000000001
552.32,-0.10400000000000001
552.36,-0.10400000000000001
552.4,-0.10400000000000001
552.44,-0.10200000000000001
552.48,-0.10200000000000001
552.52,-0.10200000000000001
552.5600000000001,-0.10200000000000001
552.6,-0.10600000000000001
552.64,-0.10600000000000001
552.6800000000001,-0.098
552.72,-0.098
552.76,-0.10400000000000001
552.8000000000001,-0.10400000000000001
552.84,-0.1
552.88,-0.10200000000000001
552.92,-0.10800000000000001
552.96,-0.11
553.0,-0.10600000000000001
553.04,-0.10600000000000001
553.08,-0.10600000000000001
553.12,-0.10200000000000001
553.16,-0.10400000000000001
553.2,-0.10400000000000001
553.24,-0.10400000000000001
553.28,-0.10200000000000001
553.32,-0.098
553.36,-0.096
553.4,-0.096
553.44,-0.10400000000000001
553.48,-0.10400000000000001
553.52,-0.10400000000000001
553.5600000000001,-0.10400000000000001
553.6,-0.10400000000000001
553.64,-0.10400000000000001
553.6800000000001,-0.10400000000000001
553.72,-0.10200000000000001
553.76,-0.098
553.8000000000001,-0.10200000000000001
553.84,-0.10800000000000001
553.88,-0.10600000000000001
553.92,-0.098
553.96,-0.098
554.0,-0.10400000000000001
554.04,-0.10200000000000001
554.08,-0.098
554.12,-0.098
554.16,-0.10600000000000001
554.2,-0.10600000000000001
554.24,-0.10600000000000001
554.28,-0.10600000000000001
554.32,-0.10600000000000001
554.36,-0.10600000000000001
554.4,-0.10600000000000001
554.44,-0.11
554.48,-0.10800000000000001
554.52,-0.10400000000000001
554.5600000000001,-0.10200000000000001
554.6,-0.10200000000000001
554.64,-0.096
554.6800000000001,-0.10200000000000001
554.72,-0.10400000000000001
554.76,-0.10200000000000001
554.8000000000001,-0.10400000000000001
554.84,-0.10600000000000001
554.88,-0.10600000000000001
554.92,-0.10400000000000001
554.96,-0.1
555.0,-0.10200000000000001
555.04,-0.10200000000000001
555.08,-0.10600000000000001
555.12,-0.10400000000000001
555.16,-0.098
555.2,-0.098
555.24,-0.10400000000000001
555.28,-0.10200000000000001
555.32,-0.09
555.36,-0.094
555.4,-0.10200000000000001
555.44,-0.10200000000000001
555.48,-0.1
555.52,-0.10400000000000001
555.5600000000001,-0.10200000000000001
555.6,-0.10200000000000001
555.64,-0.10800000000000001
555.6800000000001,-0.11
555.72,-0.10600000000000001
555.76,-0.10600000000000001
555.8000000000001,-0.10600000000000001
555.84,-0.10200000000000001
555.88,-0.098
555.92,-0.10400000000000001
555.96,-0.10200000000000001
556.0,-0.098
556.04,-0.10200000000000001
556.08,-0.10600000000000001
556.12,-0.10400000000000001
556.16,-0.10400000000000001
556.2,-0.10600000000000001
556.24,-0.10400000000000001
556.28,-0.10400000000000001
556.32,-0.11
556.36,-0.10400000000000001
556.4,-0.098
556.44,-0.10600000000000001
556.48,-0.11
556.52,-0.10200000000000001
556.5600000000001,-0.094
556.6,-0.1
556.64,-0.10400000000000001
556.6800000000001,-0.098
556.72,-0.1
556.76,-0.10200000000000001
556.8000000000001,-0.098
556.84,-0.10200000000000001
556.88,-0.10600000000000001
556.92,-0.10400000000000001
556.96,-0.10200000000000001
557.0,-0.10800000000000001
557.04,-0.10800000000000001
557.08,-0.10400000000000001
557.12,-0.10400000000000001
557.16,-0.10400000000000001
557.2,-0.098
557.24,-0.096
557.28,-0.10200000000000001
557.32,-0.1
557.36,-0.10200000000000001
557.4,-0.10400000000000001
557.44,-0.10400000000000001
557.48,-0.098
557.52,-0.10600000000000001
557.5600000000001,-0.10600000000000001
557.6,-0.098
557.64,-0.1
557.6800000000001,-0.11
557.72,-0.11
557.76,-0.098
557.8000000000001,-0.098
557.84,-0.10200000000000001
557.88,-0.10200000000000001
557.92,-0.1
557.96,-0.1
558.0,-0.096
558.04,-0.098
558.08,-0.10200000000000001
558.12,-0.10200000000000001
558.16,-0.098
558.2,-0.098
558.24,-0.10600000000000001
558.28,-0.10600000000000001
558.32,-0.10600000000000001
558.36,-0.11
558.4,-0.10600000000000001
558.44,-0.10400000000000001
558.48,-0.10400000000000001
558.52,-0.10200000000000001
558.5600000000001,-0.098
558.6,-0.10200000000000001
558.64,-0.10400000000000001
558.6800000000001,-0.10400000000000001
558.72,-0.10200000000000001
558.76,-0.10600000000000001
558.8000000000001,-0.10400000000000001
558.84,-0.098
558.88,-0.10200000000000001
558.92,-0.11
558.96,-0.10800000000000001
559.0,-0.10200000000000001
559.04,-0.10200000000000001
559.08,-0.10400000000000001
559.12,-0.10400000000000001
559.16,-0.10200000000000001
559.2,-0.10200000000000001
559.24,-0.096
559.28,-0.1
559.32,-0.10400000000000001
559.36,-0.098
559.4,-0.094
559.44,-0.094
559.48,-0.098
559.52,-0.10200000000000001
559.5600000000001,-0.10400000000000001
559.6,-0.10600000000000001
559.64,-0.10600000000000001
559.6800000000001,-0.10600000000000001
559.72,-0.10600000000000001
559.76,-0.1
559.8000000000001,-0.098
559.84,-0.10200000000000001
559.88,-0.10400000000000001
559.92,-0.10200000000000001
559.96,-0.10200000000000001
560.0,-0.10600000000000001
560.04,-0.10200000000000001
560.08,-0.098
560.12,-0.10200000000000001
560.16,-0.11
560.2,-0.10600000000000001
560.24,-0.10200000000000001
560.28,-0.10400000000000001
560.32,-0.11
560.36,-0.10600000000000001
560.4,-0.10400000000000001
560.44,-0.10400000000000001
560.48,-0.1
560.52,-0.10400000000000001
560.5600000000001,-0.10800000000000001
560.6,-0.10400000000000001
560.64,-0.098
560.6800000000001,-0.098
560.72,-0.098
560.76,-0.098
560.8000000000001,-0.098
560.84,-0.10200000000000001
560.88,-0.10600000000000001
560.92,-0.10600000000000001
560.96,-0.10400000000000001
561.0,-0.10400000000000001
561.04,-0.10200000000000001
561.08,-0.10400000000000001
561.12,-0.10400000000000001
561.16,-0.098
561.2,-0.10200000000000001
561.24,-0.10400000000000001
561.28,-0.098
561.32,-0.094
561.36,-0.10200000000000001
561.4,-0.10600000000000001
561.44,-0.098
561.48,-0.098
561.52,-0.10600000000000001
561.5600000000001,-0.10600000000000001
561.6,-0.10600000000000001
561.64,-0.10600000000000001
561.6800000000001,-0.10200000000000001
561.72,-0.10200000000000001
561.76,-0.10600000000000001
561.8000000000001,-0.11
561.84,-0.10200000000000001
561.88,-0.1
561.92,-0.10400000000000001
561.96,-0.10200000000000001
562.0,-0.096
562.04,-0.096
562.08,-0.098
562.12,-0.098
562.16,-0.10400000000000001
562.2,-0.10400000000000001
562.24,-0.10200000000000001
562.28,-0.10400000000000001
562.32,-0.11
562.36,-0.10200000000000001
562.4,-0.098
562.44,-0.10400000000000001
562.48,-0.10600000000000001
562.52,-0.098
562.5600000000001,-0.098
562.6,-0.10600000000000001
562.64,-0.1
562.6800000000001,-0.094
562.72,-0.1
562.76,-0.10400000000000001
562.8000000000001,-0.10400000000000001
562.84,-0.10600000000000001
562.88,-0.10600000000000001
562.92,-0.1
562.96,-0.10400000000000001
563.0,-0.112
563.04,-0.10600000000000001
563.08,-0.10200000000000001
563.12,-0.10400000000000001
563.16,-0.10600000000000001
563.2,-0.10600000000000001
563.24,-0.10400000000000001
563.28,-0.098
563.32,-0.096
563.36,-0.098
563.4,-0.10200000000000001
563.44,-0.098
563.48,-0.096
563.52,-0.10600000000000001
563.5600000000001,-0.10800000000000001
563.6,-0.098
563.64,-0.1
563.6800000000001,-0.10400000000000001
563.72,-0.10200000000000001
563.76,-0.098
563.8000000000001,-0.10400000000000001
563.84,-0.10400000000000001
563.88,-0.098
563.92,-0.094
563.96,-0.096
564.0,-0.098
564.04,-0.1
564.08,-0.10200000000000001
564.12,-0.10200000000000001
564.16,-0.10200000000000001
564.2,-0.10400000000000001
564.24,-0.10600000000000001
564.28,-0.10200000000000001
564.32,-0.10200000000000001
564.36,-0.10600000000000001
564.4,-0.11
564.44,-0.112
564.48,-0.10800000000000001
564.52,-0.10200000000000001
564.5600000000001,-0.10200000000000001
564.6,-0.10200000000000001
564.64,-0.1
564.6800000000001,-0.098
564.72,-0.098
564.76,-0.10600000000000001
564.8000000000001,-0.10600000000000001
564.84,-0.10200000000000001
564.88,-0.098
564.92,-0.10400000000000001
564.96,-0.10400000000000001
565.0,-0.10400000000000001
565.04,-0.10600000000000001
565.08,-0.10600000000000001
565.12,-0.10200000000000001
565.16,-0.098
565.2,-0.098
565.24,-0.098
565.28,-0.098
565.32,-0.098
565.36,-0.098
565.4,-0.098
565.44,-0.10200000000000001
565.48,-0.10400000000000001
565.52,-0.098
565.5600000000001,-0.096
565.6,-0.1
565.64,-0.10600000000000001
565.6800000000001,-0.10600000000000001
565.72,-0.10600000000000001
565.76,-0.10400000000000001
565.8000000000001,-0.10600000000000001
565.84,-0.10400000000000001
565.88,-0.10200000000000001
565.92,-0.096
565.96,-0.098
566.0,-0.10400000000000001
566.04,-0.10400000000000001
566.08,-0.098
566.12,-0.098
566.16,-0.10400000000000001
566.2,-0.10200000000000001
566.24,-0.10200000000000001
566.28,-0.10600000000000001
566.32,-0.10600000000000001
566.36,-0.10200000000000001
566.4,-0.10400000000000001
566.44,-0.10600000000000001
566.48,-0.10200000000000001
566.52,-0.1
566.5600000000001,-0.1
566.6,-0.098
566.64,-0.098
566.6800000000001,-0.10600000000000001
566.72,-0.10400000000000001
566.76,-0.096
566.8000000000001,-0.094
566.84,-0.10200000000000001
566.88,-0.10400000000000001
566.92,-0.10400000000000001
566.96,-0.10400000000000001
567.0,-0.10400000000000001
567.04,-0.10600000000000001
567.08,-0.11
567.12,-0.10400000000000001
567.16,-0.098
567.2,-0.10200000000000001
567.24,-0.10600000000000001
567.28,-0.10200000000000001
567.32,-0.098
567.36,-0.10400000000000001
567.4,-0.10200000000000001
567.44,-0.096
567.48,-0.098
567.52,-0.10200000000000001
567.5600000000001,-0.1
567.6,-0.10200000000000001
567.64,-0.11
567.6800000000001,-0.10600000000000001
567.72,-0.10200000000000001
567.76,-0.10200000000000001
567.8000000000001,-0.10200000000000001
567.84,-0.094
567.88,-0.098
567.92,-0.10400000000000001
567.96,-0.098
568.0,-0.094
568.04,-0.098
568.08,-0.098
568.12,-0.098
568.16,-0.098
568.2,-0.098
568.24,-0.098
568.28,-0.10400000000000001
568.32,-0.11
568.36,-0.10200000000000001
568.4,-0.098
568.44,-0.10600000000000001
568.48,-0.10600000000000001
568.52,-0.098
568.5600000000001,-0.098
568.6,-0.10400000000000001
568.64,-0.10400000000000001
568.6800000000001,-0.1
568.72,-0.10200000000000001
568.76,-0.098
568.8000000000001,-0.098
568.84,-0.10400000000000001
568.88,-0.10800000000000001
568.92,-0.10600000000000001
568.96,-0.10400000000000001
569.0,-0.10600000000000001
569.04,-0.10400000000000001
569.08,-0.1
569.12,-0.10200000000000001
569.16,-0.10400000000000001
569.2,-0.10200000000000001
569.24,-0.098
569.28,-0.1
569.32,-0.1
569.36,-0.098
569.4,-0.094
569.44,-0.09
569.48,-0.094
569.52,-0.1
569.5600000000001,-0.10200000000000001
569.6,-0.094
569.64,-0.096
569.6800000000001,-0.10200000000000001
569.72,-0.098
569.76,-0.092
569.8000000000001,-0.09
569.84,-0.096
569.88,-0.096
569.92,-0.092
569.96,-0.09
570.0,-0.08600000000000001
570.04,-0.084
570.08,-0.088
570.12,-0.09
570.16,-0.088
570.2,-0.088
570.24,-0.094
570.28,-0.09
570.32,-0.088
570.36,-0.088
570.4,-0.088
570.44,-0.08600000000000001
570.48,-0.082
570.52,-0.088
570.5600000000001,-0.088
570.6,-0.084
570.64,-0.078
570.6800000000001,-0.07400000000000001
570.72,-0.078
570.76,-0.082
570.8000000000001,-0.082
570.84,-0.07600000000000001
570.88,-0.082
570.92,-0.088
570.96,-0.082
571.0,-0.078
571.04,-0.082
571.08,-0.088
571.12,-0.088
571.16,-0.084
571.2,-0.082
571.24,-0.08
571.28,-0.078
571.32,-0.082
571.36,-0.082
571.4,-0.08
571.44,-0.082
571.48,-0.088
571.52,-0.088
571.5600000000001,-0.084
571.6,-0.09
571.64,-0.09
571.6800000000001,-0.08600000000000001
571.72,-0.08600000000000001
571.76,-0.09
571.8000000000001,-0.094
571.84,-0.09
571.88,-0.088
571.92,-0.08600000000000001
571.96,-0.088
572.0,-0.09
572.04,-0.08600000000000001
572.08,-0.082
572.12,-0.088
572.16,-0.094
572.2,-0.088
572.24,-0.082
572.28,-0.094
572.32,-0.096
572.36,-0.094
572.4,-0.096
572.44,-0.094
572.48,-0.09
572.52,-0.096
572.5600000000001,-0.096
572.6,-0.09
572.64,-0.08600000000000001
572.6800000000001,-0.094
572.72,-0.098
572.76,-0.096
572.8000000000001,-0.094
572.84,-0.098
572.88,-0.096
572.92,-0.094
572.96,-0.098
573.0,-0.10200000000000001
573.04,-0.10400000000000001
573.08,-0.10200000000000001
573.12,-0.10200000000000001
573.16,-0.098
573.2,-0.10200000000000001
573.24,-0.10200000000000001
573.28,-0.094
573.32,-0.094
573.36,-0.1
573.4,-0.098
573.44,-0.092
573.48,-0.092
573.52,-0.098
573.5600000000001,-0.1
573.6,-0.098
573.64,-0.1
573.6800000000001,-0.098
573.72,-0.098
573.76,-0.10400000000000001
573.8000000000001,-0.10400000000000001
573.84,-0.094
573.88,-0.09
573.92,-0.096
573.96,-0.098
574.0,-0.094
574.04,-0.094
574.08,-0.098
574.12,-0.096
574.16,-0.096
574.2,-0.096
574.24,-0.098
574.28,-0.10200000000000001
574.32,-0.10200000000000001
574.36,-0.10200000000000001
574.4,-0.10200000000000001
574.44,-0.10600000000000001
574.48,-0.10400000000000001
574.52,-0.096
574.5600000000001,-0.098
574.6,-0.10400000000000001
574.64,-0.1
574.6800000000001,-0.094
574.72,-0.096
574.76,-0.1
574.8000000000001,-0.098
574.84,-0.098
574.88,-0.098
574.92,-0.098
574.96,-0.10200000000000001
575.0,-0.10600000000000001
575.04,-0.10600000000000001
575.08,-0.096
575.12,-0.094
575.16,-0.1
575.2,-0.1
575.24,-0.096
575.28,-0.096
575.32,-0.096
575.36,-0.098
575.4,-0.096
575.44,-0.094
575.48,-0.096
575.52,-0.096
575.5600000000001,-0.098
575.6,-0.098
575.64,-0.10200000000000001
575.6800000000001,-0.10400000000000001
575.72,-0.10400000000000001
575.76,-0.098
575.8000000000001,-0.1
575.84,-0.10400000000000001
575.88,-0.1
575.92,-0.096
575.96,-0.098
576.0,-0.1
576.04,-0.096
576.08,-0.092
576.12,-0.092
576.16,-0.094
576.2,-0.098
576.24,-0.10600000000000001
576.28,-0.10200000000000001
576.32,-0.09
576.36,-0.096
576.4,-0.10200000000000001
576.44,-0.098
576.48,-0.094
576.52,-0.096
576.5600000000001,-0.098
576.6,-0.094
576.64,-0.094
576.6800000000001,-0.096
576.72,-0.09
576.76,-0.094
576.8000000000001,-0.094
576.84,-0.092
576.88,-0.096
576.92,-0.10200000000000001
576.96,-0.1
577.0,-0.096
577.04,-0.10200000000000001
577.08,-0.10400000000000001
577.12,-0.1
577.16,-0.098
577.2,-0.10400000000000001
577.24,-0.10400000000000001
577.28,-0.096
577.32,-0.094
577.36,-0.094
577.4,-0.09
577.44,-0.098
577.48,-0.10600000000000001
577.52,-0.098
577.5600000000001,-0.094
577.6,-0.10200000000000001
577.64,-0.10600000000000001
577.6800000000001,-0.098
577.72,-0.094
577.76,-0.098
577.8000000000001,-0.1
577.84,-0.098
577.88,-0.098
577.92,-0.096
577.96,-0.094
578.0,-0.096
578.04,-0.092
578.08,-0.09
578.12,-0.094
578.16,-0.098
578.2,-0.094
578.24,-0.092
578.28,-0.098
578.32,-0.098
578.36,-0.094
578.4,-0.098
578.44,-0.10400000000000001
578.48,-0.10200000000000001
578.52,-0.098
578.5600000000001,-0.096
578.6,-0.094
578.64,-0.094
578.6800000000001,-0.098
578.72,-0.098
578.76,-0.092
578.8000000000001,-0.094
578.84,-0.10400000000000001
578.88,-0.10600000000000001
578.92,-0.098
578.96,-0.096
579.0,-0.098
579.04,-0.10200000000000001
579.08,-0.10200000000000001
579.12,-0.10200000000000001
579.16,-0.098
579.2,-0.1
579.24,-0.098
579.28,-0.096
579.32,-0.094
579.36,-0.096
579.4,-0.096
579.44,-0.094
579.48,-0.094
579.52,-0.098
579.5600000000001,-0.098
579.6,-0.094
579.64,-0.098
579.6800000000001,-0.10400000000000001
579.72,-0.10200000000000001
579.76,-0.10200000000000001
579.8000000000001,-0.10200000000000001
579.84,-0.1
579.88,-0.098
579.92,-0.10200000000000001
579.96,-0.096
580.0,-0.09
580.04,-0.094
580.08,-0.10200000000000001
580.12,-0.10200000000000001
580.16,-0.098
580.2,-0.096
580.24,-0.098
580.28,-0.10200000000000001
580.32,-0.1
580.36,-0.098
580.4,-0.1
580.44,-0.10200000000000001
580.48,-0.10200000000000001
580.52,-0.098
580.5600000000001,-0.096
580.6,-0.096
580.64,-0.094
580.6800000000001,-0.09
580.72,-0.094
580.76,-0.096
580.8000000000001,-0.094
580.84,-0.092
580.88,-0.096
580.92,-0.098
580.96,-0.094
581.0,-0.098
581.04,-0.10200000000000001
581.08,-0.10200000000000001
581.12,-0.10200000000000001
581.16,-0.10400000000000001
581.2,-0.096
581.24,-0.09
581.28,-0.094
581.32,-0.10200000000000001
581.36,-0.1
581.4,-0.096
581.44,-0.098
581.48,-0.10200000000000001
581.52,-0.10200000000000001
581.5600000000001,-0.1
581.6,-0.098
581.64,-0.098
581.6800000000001,-0.10600000000000001
581.72,-0.10600000000000001
581.76,-0.10200000000000001
581.8000000000001,-0.10200000000000001
581.84,-0.10400000000000001
581.88,-0.098
581.92,-0.094
581.96,-0.098
582.0,-0.1
582.04,-0.096
582.08,-0.096
582.12,-0.098
582.16,-0.094
582.2,-0.09
582.24,-0.096
582.28,-0.1
582.32,-0.098
582.36,-0.10400000000000001
582.4,-0.10600000000000001
582.44,-0.098
582.48,-0.09
582.52,-0.098
582.5600000000001,-0.1
582.6,-0.094
582.64,-0.092
582.6800000000001,-0.096
582.72,-0.098
582.76,-0.098
582.8000000000001,-0.096
582.84,-0.094
582.88,-0.094
582.92,-0.10200000000000001
582.96,-0.10400000000000001
583.0,-0.098
583.04,-0.10200000000000001
583.08,-0.10600000000000001
583.12,-0.10200000000000001
583.16,-0.098
583.2,-0.1
583.24,-0.098
583.28,-0.096
583.32,-0.1
583.36,-0.098
583.4,-0.094
583.44,-0.092
583.48,-0.096
583.52,-0.096
583.5600000000001,-0.096
583.6,-0.10200000000000001
583.64,-0.10600000000000001
583.6800000000001,-0.098
583.72,-0.098
583.76,-0.10400000000000001
583.8000000000001,-0.10200000000000001
583.84,-0.096
583.88,-0.094
583.92,-0.096
583.96,-0.098
584.0,-0.10200000000000001
584.04,-0.098
584.08,-0.094
584.12,-0.098
584.16,-0.10200000000000001
584.2,-0.098
584.24,-0.096
584.28,-0.10200000000000001
584.32,-0.10400000000000001
584.36,-0.10400000000000001
584.4,-0.10200000000000001
584.44,-0.10200000000000001
584.48,-0.1
584.52,-0.1
584.5600000000001,-0.10400000000000001
584.6,-0.1
584.64,-0.096
584.6800000000001,-0.098
584.72,-0.098
584.76,-0.094
584.8000000000001,-0.094
584.84,-0.098
584.88,-0.098
584.92,-0.096
584.96,-0.1
585.0,-0.10600000000000001
585.04,-0.10600000000000001
585.08,-0.096
585.12,-0.092
585.16,-0.096
585.2,-0.098
585.24,-0.098
585.28,-0.096
585.32,-0.094
585.36,-0.098
585.4,-0.098
585.44,-0.094
585.48,-0.092
585.52,-0.098
585.5600000000001,-0.10200000000000001
585.6,-0.10200000000000001
585.64,-0.10200000000000001
585.6800000000001,-0.10400000000000001
585.72,-0.10400000000000001
585.76,-0.10200000000000001
585.8000000000001,-0.10200000000000001
585.84,-0.10200000000000001
585.88,-0.098
585.92,-0.10200000000000001
585.96,-0.10400000000000001
586.0,-0.098
586.04,-0.096
586.08,-0.098
586.12,-0.094
586.16,-0.094
586.2,-0.098
586.24,-0.10600000000000001
586.28,-0.10600000000000001
586.32,-0.098
586.36,-0.098
586.4,-0.1
586.44,-0.098
586.48,-0.098
586.52,-0.098
586.5600000000001,-0.094
586.6,-0.098
586.64,-0.10200000000000001
586.6800000000001,-0.094
586.72,-0.09
586.76,-0.096
586.8000000000001,-0.098
586.84,-0.094
586.88,-0.098
586.92,-0.10200000000000001
586.96,-0.1
587.0,-0.10200000000000001
587.04,-0.10400000000000001
587.08,-0.098
587.12,-0.094
587.16,-0.10200000000000001
587.2,-0.10600000000000001
587.24,-0.098
587.28,-0.098
587.32,-0.1
587.36,-0.094
587.4,-0.09
587.44,-0.098
587.48,-0.10200000000000001
587.52,-0.098
587.5600000000001,-0.1
587.6,-0.10200000000000001
587.64,-0.10200000000000001
587.6800000000001,-0.10200000000000001
587.72,-0.10200000000000001
587.76,-0.096
587.8000000000001,-0.094
587.84,-0.10200000000000001
587.88,-0.10400000000000001
587.92,-0.096
587.96,-0.094
588.0,-0.1
588.04,-0.094
588.08,-0.094
588.12,-0.098
588.16,-0.094
588.2,-0.098
588.24,-0.10600000000000001
588.28,-0.10400000000000001
588.32,-0.094
588.36,-0.098
588.4,-0.10800000000000001
588.44,-0.10400000000000001
588.48,-0.1
588.52,-0.10200000000000001
588.5600000000001,-0.10400000000000001
588.6,-0.098
588.64,-0.098
588.6800000000001,-0.1
588.72,-0.098
588.76,-0.094
588.8000000000001,-0.098
588.84,-0.1
588.88,-0.10400000000000001
588.92,-0.10600000000000001
588.96,-0.10400000000000001
589.0,-0.096
589.04,-0.1
589.08,-0.10200000000000001
589.12,-0.098
589.16,-0.096
589.2,-0.1
589.24,-0.098
589.28,-0.096
589.32,-0.094
589.36,-0.094
589.4,-0.09
589.44,-0.096
589.48,-0.10200000000000001
589.52,-0.096
589.5600000000001,-0.092
589.6,-0.098
589.64,-0.10200000000000001
589.6800000000001,-0.098
589.72,-0.096
589.76,-0.10200000000000001
589.8000000000001,-0.10200000000000001
589.84,-0.10200000000000001
589.88,-0.10200000000000001
589.92,-0.10200000000000001
589.96,-0.096
590.0,-0.094
590.04,-0.092
590.08,-0.094
590.12,-0.10200000000000001
590.16,-0.10400000000000001
590.2,-0.10200000000000001
590.24,-0.1
590.28,-0.10400000000000001
590.32,-0.10400000000000001
590.36,-0.1
590.4,-0.098
590.44,-0.10400000000000001
590.48,-0.10200000000000001
590.52,-0.10200000000000001
590.5600000000001,-0.10200000000000001
590.6,-0.096
590.64,-0.094
590.6800000000001,-0.098
590.72,-0.098
590.76,-0.096
590.8000000000001,-0.092
590.84,-0.10200000000000001
590.88,-0.10600000000000001
590.92,-0.098
590.96,-0.094
591.0,-0.098
591.04,-0.10400000000000001
591.08,-0.10200000000000001
591.12,-0.10400000000000001
591.16,-0.10600000000000001
591.2,-0.1
591.24,-0.096
591.28,-0.096
591.32,-0.096
591.36,-0.094
591.4,-0.098
591.44,-0.098
591.48,-0.1
591.52,-0.10200000000000001
591.5600000000001,-0.10400000000000001
591.6,-0.1
591.64,-0.098
591.6800000000001,-0.10200000000000001
591.72,-0.10200000000000001
591.76,-0.10200000000000001
591.8000000000001,-0.10200000000000001
591.84,-0.1
591.88,-0.098
591.92,-0.098
591.96,-0.098
592.0,-0.092
592.04,-0.09
592.08,-0.1
592.12,-0.10400000000000001
592.16,-0.094
592.2,-0.094
592.24,-0.1
592.28,-0.1
592.32,-0.098
592.36,-0.10200000000000001
592.4,-0.10400000000000001
592.44,-0.098
592.48,-0.1
592.52,-0.10200000000000001
592.5600000000001,-0.098
592.6,-0.094
592.64,-0.096
592.6800000000001,-0.096
592.72,-0.096
592.76,-0.10200000000000001
592.8000000000001,-0.10400000000000001
592.84,-0.1
592.88,-0.10200000000000001
592.92,-0.10400000000000001
592.96,-0.10400000000000001
593.0,-0.1
593.04,-0.10400000000000001
593.08,-0.10200000000000001
593.12,-0.10200000000000001
593.16,-0.10400000000000001
593.2,-0.10200000000000001
593.24,-0.09
593.28,-0.09
593.32,-0.1
593.36,-0.098
593.4,-0.092
593.44,-0.096
593.48,-0.10200000000000001
593.52,-0.098
593.5600000000001,-0.098
593.6,-0.098
593.64,-0.098
593.6800000000001,-0.098
593.72,-0.10200000000000001
593.76,-0.10400000000000001
593.8000000000001,-0.10200000000000001
593.84,-0.1
593.88,-0.096
593.92,-0.092
593.96,-0.09
594.0,-0.096
594.04,-0.098
594.08,-0.098
594.12,-0.1
594.16,-0.10200000000000001
594.2,-0.10200000000000001
594.24,-0.1
594.28,-0.1
594.32,-0.098
594.36,-0.10400000000000001
594.4,-0.10600000000000001
594.44,-0.10400000000000001
594.48,-0.098
594.52,-0.098
594.5600000000001,-0.10400000000000001
594.6,-0.098
594.64,-0.094
594.6800000000001,-0.098
594.72,-0.1
594.76,-0.10200000000000001
594.8000000000001,-0.10200000000000001
594.84,-0.098
594.88,-0.096
594.92,-0.098
594.96,-0.10200000000000001
595.0,-0.10400000000000001
595.04,-0.10400000000000001
595.08,-0.10400000000000001
595.12,-0.10200000000000001
595.16,-0.098
595.2,-0.096
595.24,-0.096
595.28,-0.094
595.32,-0.096
595.36,-0.098
595.4,-0.098
595.44,-0.098
595.48,-0.10200000000000001
595.52,-0.1
595.5600000000001,-0.096
595.6,-0.10400000000000001
595.64,-0.10600000000000001
595.6800000000001,-0.10200000000000001
595.72,-0.1
595.76,-0.10400000000000001
595.8000000000001,-0.10600000000000001
595.84,-0.098
595.88,-0.094
595.92,-0.098
595.96,-0.1
596.0,-0.10200000000000001
596.04,-0.10200000000000001
596.08,-0.098
596.12,-0.094
596.16,-0.096
596.2,-0.098
596.24,-0.098
596.28,-0.098
596.32,-0.10200000000000001
596.36,-0.10400000000000001
596.4,-0.10200000000000001
596.44,-0.1
596.48,-0.098
596.52,-0.094
596.5600000000001,-0.092
596.6,-0.094
596.64,-0.096
596.6800000000001,-0.096
596.72,-0.098
596.76,-0.098
596.8000000000001,-0.098
596.84,-0.1
596.88,-0.10200000000000001
596.92,-0.098
596.96,-0.1
597.0,-0.10800000000000001
597.04,-0.11
597.08,-0.10200000000000001
597.12,-0.096
597.16,-0.10200000000000001
597.2,-0.10400000000000001
597.24,-0.10200000000000001
597.28,-0.1
597.32,-0.10200000000000001
597.36,-0.098
597.4,-0.1
597.44,-0.10400000000000001
597.48,-0.098
597.52,-0.096
597.5600000000001,-0.10200000000000001
597.6,-0.10400000000000001
597.64,-0.10400000000000001
597.6800000000001,-0.10400000000000001
597.72,-0.10600000000000001
597.76,-0.10200000000000001
597.8000000000001,-0.098
597.84,-0.096
597.88,-0.096
597.92,-0.094
597.96,-0.096
598.0,-0.098
598.04,-0.096
598.08,-0.1
598.12,-0.10200000000000001
598.16,-0.094
598.2,-0.094
598.24,-0.10600000000000001
598.28,-0.10600000000000001
598.32,-0.098
598.36,-0.098
598.4,-0.10400000000000001
598.44,-0.10400000000000001
598.48,-0.098
598.52,-0.098
598.5600000000001,-0.096
598.6,-0.098
598.64,-0.10200000000000001
598.6800000000001,-0.10400000000000001
598.72,-0.098
598.76,-0.094
598.8000000000001,-0.098
598.84,-0.098
598.88,-0.098
598.92,-0.10400000000000001
598.96,-0.10600000000000001
599.0,-0.10400000000000001
599.04,-0.10400000000000001
599.08,-0.1
599.12,-0.098
599.16,-0.094
599.2,-0.098
599.24,-0.096
599.28,-0.096
599.32,-0.10200000000000001
599.36,-0.098
599.4,-0.094
599.44,-0.094
599.48,-0.10400000000000001
599.52,-0.10200000000000001
599.5600000000001,-0.096
599.6,-0.10200000000000001
599.64,-0.10600000000000001
599.6800000000001,-0.10400000000000001
599.72,-0.10400000000000001
599.76,-0.1
599.8000000000001,-0.096
599.84,-0.1
599.88,-0.10400000000000001
599.92,-0.10400000000000001
599.96,-0.098
600.0,-0.098
600.04,-0.1
600.08,-0.098
600.12,-0.098
600.16,-0.1
600.2,-0.10200000000000001
600.24,-0.10600000000000001
600.28,-0.10600000000000001
600.32,-0.10400000000000001
600.36,-0.10200000000000001
600.4,-0.10400000000000001
600.44,-0.10200000000000001
600.48,-0.094
600.52,-0.096
600.5600000000001,-0.1
600.6,-0.094
600.64,-0.092
600.6800000000001,-0.096
600.72,-0.10200000000000001
600.76,-0.096
600.8000000000001,-0.09
600.84,-0.094
600.88,-0.10400000000000001
600.92,-0.10200000000000001
600.96,-0.10200000000000001
601.0,-0.098
601.04,-0.098
601.08,-0.098
601.12,-0.10200000000000001
601.16,-0.1
601.2,-0.096
601.24,-0.098
601.28,-0.10200000000000001
601.32,-0.1
601.36,-0.096
601.4,-0.094
601.44,-0.098
601.48,-0.10200000000000001
601.52,-0.10200000000000001
601.5600000000001,-0.10400000000000001
601.6,-0.10600000000000001
601.64,-0.11
601.6800000000001,-0.10600000000000001
601.72,-0.10200000000000001
601.76,-0.1
601.8000000000001,-0.10200000000000001
601.84,-0.098
601.88,-0.096
601.92,-0.1
601.96,-0.10200000000000001
602.0,-0.098
602.04,-0.092
602.08,-0.096
602.12,-0.10200000000000001
602.16,-0.10200000000000001
602.2,-0.098
602.24,-0.1
602.28,-0.10200000000000001
602.32,-0.10200000000000001
602.36,-0.10400000000000001
602.4,-0.1
602.44,-0.094
602.48,-0.098
602.52,-0.10400000000000001
602.5600000000001,-0.10200000000000001
602.6,-0.098
602.64,-0.096
602.6800000000001,-0.096
602.72,-0.096
602.76,-0.094
602.8000000000001,-0.098
602.84,-0.1
602.88,-0.10600000000000001
602.92,-0.10800000000000001
602.96,-0.10400000000000001
603.0,-0.10200000000000001
603.04,-0.10400000000000001
603.08,-0.10200000000000001
603.12,-0.096
603.16,-0.10400000000000001
603.2,-0.10400000000000001
603.24,-0.096
603.28,-0.094
603.32,-0.1
603.36,-0.098
603.4,-0.096
603.44,-0.096
603.48,-0.1
603.52,-0.10200000000000001
603.5600000000001,-0.10200000000000001
603.6,-0.10400000000000001
603.64,-0.098
603.6800000000001,-0.09
603.72,-0.098
603.76,-0.10400000000000001
603.8000000000001,-0.098
603.84,-0.1
603.88,-0.10200000000000001
603.92,-0.1
603.96,-0.096
604.0,-0.094
604.04,-0.092
604.08,-0.094
604.12,-0.10400000000000001
604.16,-0.10400000000000001
604.2,-0.10200000000000001
604.24,-0.10400000000000001
604.28,-0.10800000000000001
604.32,-0.10400000000000001
604.36,-0.10200000000000001
604.4,-0.10400000000000001
604.44,-0.10400000000000001
604.48,-0.096
604.52,-0.098
604.5600000000001,-0.10400000000000001
604.6,-0.098
604.64,-0.096
604.6800000000001,-0.098
604.72,-0.096
604.76,-0.098
604.8000000000001,-0.10400000000000001
604.84,-0.10400000000000001
604.88,-0.098
604.92,-0.096
604.96,-0.10200000000000001
605.0,-0.10200000000000001
605.04,-0.096
605.08,-0.098
605.12,-0.10200000000000001
605.16,-0.1
605.2,-0.10200000000000001
605.24,-0.098
605.28,-0.09
605.32,-0.094
605.36,-0.1
605.4,-0.096
605.44,-0.092
605.48,-0.10200000000000001
605.52,-0.10400000000000001
605.5600000000001,-0.10400000000000001
605.6,-0.10400000000000001
605.64,-0.10600000000000001
605.6800000000001,-0.10200000000000001
605.72,-0.096
605.76,-0.10400000000000001
605.8000000000001,-0.10600000000000001
605.84,-0.10200000000000001
605.88,-0.1
605.92,-0.10200000000000001
605.96,-0.094
606.0,-0.098
606.04,-0.10200000000000001
606.08,-0.10200000000000001
606.12,-0.098
606.16,-0.10200000000000001
606.2,-0.10600000000000001
606.24,-0.10400000000000001
606.28,-0.1
606.32,-0.098
606.36,-0.098
606.4,-0.10400000000000001
606.44,-0.10400000000000001
606.48,-0.098
606.52,-0.098
606.5600000000001,-0.10200000000000001
606.6,-0.10200000000000001
606.64,-0.09
606.6800000000001,-0.09
606.72,-0.096
606.76,-0.1
606.8000000000001,-0.098
606.84,-0.10400000000000001
606.88,-0.10400000000000001
606.92,-0.098
606.96,-0.098
607.0,-0.10200000000000001
607.04,-0.10400000000000001
607.08,-0.10200000000000001
607.12,-0.10200000000000001
607.16,-0.1
607.2,-0.098
607.24,-0.098
607.28,-0.098
607.32,-0.098
607.36,-0.094
607.4,-0.1
607.44,-0.10600000000000001
607.48,-0.10400000000000001
607.52,-0.098
607.5600000000001,-0.098
607.6,-0.10200000000000001
607.64,-0.10400000000000001
607.6800000000001,-0.1
607.72,-0.098
607.76,-0.10200000000000001
607.8000000000001,-0.10400000000000001
607.84,-0.10400000000000001
607.88,-0.094
607.92,-0.09
607.96,-0.094
608.0,-0.096
608.04,-0.094
608.08,-0.098
608.12,-0.1
608.16,-0.1
608.2,-0.098
608.24,-0.10400000000000001
608.28,-0.10200000000000001
608.32,-0.10200000000000001
608.36,-0.10200000000000001
608.4,-0.10400000000000001
608.44,-0.10200000000000001
608.48,-0.1
608.52,-0.10200000000000001
608.5600000000001,-0.098
608.6,-0.096
608.64,-0.098
608.6800000000001,-0.10400000000000001
608.72,-0.10200000000000001
608.76,-0.098
608.8000000000001,-0.10200000000000001
608.84,-0.10400000000000001
608.88,-0.10400000000000001
608.92,-0.10200000000000001
608.96,-0.098
609.0,-0.1
609.04,-0.10600000000000001
609.08,-0.10600000000000001
609.12,-0.098
609.16,-0.096
609.2,-0.1
609.24,-0.096
609.28,-0.094
609.32,-0.094
609.36,-0.094
609.4,-0.094
609.44,-0.098
609.48,-0.10200000000000001
609.52,-0.098
609.5600000000001,-0.098
609.6,-0.10200000000000001
609.64,-0.10200000000000001
609.6800000000001,-0.098
609.72,-0.10200000000000001
609.76,-0.10400000000000001
609.8000000000001,-0.096
609.84,-0.096
609.88,-0.098
609.92,-0.098
609.96,-0.096
610.0,-0.098
610.04,-0.10200000000000001
610.08,-0.10400000000000001
610.12,-0.10400000000000001
610.16,-0.10200000000000001
610.2,-0.096
610.24,-0.10200000000000001
610.28,-0.11
610.32,-0.10400000000000001
610.36,-0.1
610.4,-0.10600000000000001
610.44,-0.10800000000000001
610.48,-0.1
610.52,-0.098
610.5600000000001,-0.098
610.6,-0.094
610.64,-0.094
610.6800000000001,-0.10200000000000001
610.72,-0.1
610.76,-0.094
610.8000000000001,-0.098
610.84,-0.10400000000000001
610.88,-0.098
610.92,-0.098
610.96,-0.10400000000000001
611.0,-0.10400000000000001
611.04,-0.10200000000000001
611.08,-0.10200000000000001
611.12,-0.1
611.16,-0.096
611.2,-0.094
611.24,-0.098
611.28,-0.096
611.32,-0.10200000000000001
611.36,-0.10400000000000001
611.4,-0.098
611.44,-0.096
611.48,-0.10200000000000001
611.52,-0.10400000000000001
611.5600000000001,-0.098
611.6,-0.098
611.64,-0.10600000000000001
611.6800000000001,-0.11
611.72,-0.10400000000000001
611.76,-0.10200000000000001
611.8000000000001,-0.098
611.84,-0.094
611.88,-0.096
611.92,-0.10200000000000001
611.96,-0.096
612.0,-0.094
612.04,-0.098
612.08,-0.10200000000000001
612.12,-0.094
612.16,-0.094
612.2,-0.10200000000000001
612.24,-0.10200000000000001
612.28,-0.10200000000000001
612.32,-0.10400000000000001
612.36,-0.10400000000000001
612.4,-0.098
612.44,-0.098
612.48,-0.096
612.52,-0.096
612.5600000000001,-0.1
612.6,-0.10200000000000001
612.64,-0.096
612.6800000000001,-0.098
612.72,-0.10400000000000001
612.76,-0.10200000000000001
612.8000000000001,-0.096
612.84,-0.098
612.88,-0.10400000000000001
612.92,-0.10600000000000001
612.96,-0.10600000000000001
613.0,-0.10600000000000001
613.04,-0.10400000000000001
613.08,-0.1
613.12,-0.10400000000000001
613.16,-0.10400000000000001
613.2,-0.098
613.24,-0.096
613.28,-0.10200000000000001
613.32,-0.10200000000000001
613.36,-0.094
613.4,-0.094
613.44,-0.098
613.48,-0.10200000000000001
613.52,-0.098
613.5600000000001,-0.10200000000000001
613.6,-0.10400000000000001
613.64,-0.10200000000000001
613.6800000000001,-0.10200000000000001
613.72,-0.098
613.76,-0.098
613.8000000000001,-0.096
613.84,-0.096
613.88,-0.094
613.92,-0.098
613.96,-0.10400000000000001
614.0,-0.098
614.04,-0.092
614.08,-0.094
614.12,-0.1
614.16,-0.10200000000000001
614.2,-0.10200000000000001
614.24,-0.10400000000000001
614.28,-0.10200000000000001
614.32,-0.10200000000000001
614.36,-0.10600000000000001
614.4,-0.10600000000000001
614.44,-0.098
614.48,-0.098
614.52,-0.10600000000000001
614.5600000000001,-0.10200000000000001
614.6,-0.098
614.64,-0.096
614.6800000000001,-0.10200000000000001
614.72,-0.098
614.76,-0.098
614.8000000000001,-0.098
614.84,-0.1
614.88,-0.10400000000000001
614.92,-0.10400000000000001
614.96,-0.10400000000000001
615.0,-0.10200000000000001
615.04,-0.10200000000000001
615.08,-0.098
615.12,-0.094
615.16,-0.10200000000000001
615.2,-0.10400000000000001
615.24,-0.098
615.28,-0.094
615.32,-0.098
615.36,-0.098
615.4,-0.094
615.44,-0.098
615.48,-0.098
615.52,-0.098
615.5600000000001,-0.10400000000000001
615.6,-0.11
615.64,-0.10400000000000001
615.6800000000001,-0.096
615.72,-0.10200000000000001
615.76,-0.10600000000000001
615.8000000000001,-0.10200000000000001
615.84,-0.098
615.88,-0.10200000000000001
615.92,-0.1
615.96,-0.096
616.0,-0.096
616.04,-0.094
616.08,-0.094
616.12,-0.10200000000000001
616.16,-0.10400000000000001
616.2,-0.10200000000000001
616.24,-0.10200000000000001
616.28,-0.10600000000000001
616.32,-0.098
616.36,-0.098
616.4,-0.10400000000000001
616.44,-0.10400000000000001
616.48,-0.096
616.52,-0.098
616.5600000000001,-0.1
616.6,-0.096
616.64,-0.096
616.6800000000001,-0.098
616.72,-0.096
616.76,-0.094
616.8000000000001,-0.10200000000000001
616.84,-0.10600000000000001
616.88,-0.098
616.92,-0.096
616.96,-0.10400000000000001
617.0,-0.10600000000000001
617.04,-0.10200000000000001
617.08,-0.10400000000000001
617.12,-0.10600000000000001
617.16,-0.10400000000000001
617.2,-0.10400000000000001
617.24,-0.1
617.28,-0.094
617.32,-0.094
617.36,-0.10200000000000001
617.4,-0.10200000000000001
617.44,-0.1
617.48,-0.10200000000000001
617.52,-0.10400000000000001
617.5600000000001,-0.10200000000000001
617.6,-0.10200000000000001
617.64,-0.10400000000000001
617.6800000000001,-0.10200000000000001
617.72,-0.098
617.76,-0.10200000000000001
617.8000000000001,-0.10200000000000001
617.84,-0.098
617.88,-0.096
617.92,-0.096
617.96,-0.092
618.0,-0.092
618.04,-0.1
618.08,-0.10200000000000001
618.12,-0.094
618.16,-0.094
618.2,-0.10200000000000001
618.24,-0.10200000000000001
618.28,-0.096
618.32,-0.098
618.36,-0.10600000000000001
618.4,-0.10600000000000001
618.44,-0.10600000000000001
618.48,-0.1
618.52,-0.098
618.5600000000001,-0.098
618.6,-0.10200000000000001
618.64,-0.098
618.6800000000001,-0.098
618.72,-0.1
618.76,-0.10200000000000001
618.8000000000001,-0.10200000000000001
618.84,-0.10400000000000001
618.88,-0.10400000000000001
618.92,-0.10200000000000001
618.96,-0.10200000000000001
619.0,-0.10400000000000001
619.04,-0.10600000000000001
619.08,-0.10400000000000001
619.12,-0.10200000000000001
619.16,-0.10200000000000001
619.2,-0.096
619.24,-0.096
619.28,-0.10200000000000001
619.32,-0.1
619.36,-0.096
619.4,-0.098
619.44,-0.10400000000000001
619.48,-0.10200000000000001
619.52,-0.094
619.5600000000001,-0.096
619.6,-0.10400000000000001
619.64,-0.10200000000000001
619.6800000000001,-0.10200000000000001
619.72,-0.10200000000000001
619.76,-0.10200000000000001
619.8000000000001,-0.10400000000000001
619.84,-0.10400000000000001
619.88,-0.098
619.92,-0.092
619.96,-0.094
620.0,-0.1
620.04,-0.1
620.08,-0.1
620.12,-0.1
620.16,-0.098
620.2,-0.098
620.24,-0.10200000000000001
620.28,-0.10400000000000001
620.32,-0.10200000000000001
620.36,-0.10600000000000001
620.4,-0.10600000000000001
620.44,-0.1
620.48,-0.1
620.52,-0.10200000000000001
620.5600000000001,-0.098
620.6,-0.09
620.64,-0.1
620.6800000000001,-0.10400000000000001
620.72,-0.098
620.76,-0.094
620.8000000000001,-0.096
620.84,-0.1
620.88,-0.098
620.92,-0.1
620.96,-0.1
621.0,-0.10200000000000001
621.04,-0.10600000000000001
621.08,-0.10800000000000001
621.12,-0.10200000000000001
621.16,-0.094
621.2,-0.098
621.24,-0.1
621.28,-0.098
621.32,-0.1
621.36,-0.1
621.4,-0.098
621.44,-0.098
621.48,-0.10200000000000001
621.52,-0.1
621.5600000000001,-0.10200000000000001
621.6,-0.11
621.64,-0.10800000000000001
621.6800000000001,-0.10200000000000001
621.72,-0.10400000000000001
621.76,-0.10600000000000001
621.8000000000001,-0.096
621.84,-0.094
621.88,-0.10200000000000001
621.92,-0.10400000000000001
621.96,-0.096
622.0,-0.098
622.04,-0.098
622.08,-0.098
622.12,-0.094
622.16,-0.096
622.2,-0.094
622.24,-0.098
622.28,-0.10600000000000001
622.32,-0.10600000000000001
622.36,-0.1
622.4,-0.098
622.44,-0.10200000000000001
622.48,-0.1
622.52,-0.098
622.5600000000001,-0.098
622.6,-0.098
622.64,-0.094
622.6800000000001,-0.1
622.72,-0.098
622.76,-0.092
622.8000000000001,-0.098
622.84,-0.10600000000000001
622.88,-0.10400000000000001
622.92,-0.10200000000000001
622.96,-0.10600000000000001
623.0,-0.10800000000000001
623.04,-0.1
623.08,-0.1
623.12,-0.10400000000000001
623.16,-0.10400000000000001
623.2,-0.098
623.24,-0.10200000000000001
623.28,-0.10400000000000001
623.32,-0.10200000000000001
623.36,-0.098
623.4,-0.096
623.44,-0.094
623.48,-0.098
623.52,-0.10400000000000001
623.5600000000001,-0.10400000000000001
623.6,-0.098
623.64,-0.10200000000000001
623.6800000000001,-0.10400000000000001
623.72,-0.10400000000000001
623.76,-0.10200000000000001
623.8000000000001,-0.098
623.84,-0.098
623.88,-0.098
623.92,-0.1
623.96,-0.096
624.0,-0.09
624.04,-0.096
624.08,-0.098
624.12,-0.096
624.16,-0.098
624.2,-0.10400000000000001
624.24,-0.10600000000000001
624.28,-0.10200000000000001
624.32,-0.10200000000000001
624.36,-0.10400000000000001
624.4,-0.10200000000000001
624.44,-0.098
624.48,-0.10200000000000001
624.52,-0.10600000000000001
624.5600000000001,-0.10400000000000001
624.6,-0.1
624.64,-0.098
624.6800000000001,-0.098
624.72,-0.098
624.76,-0.10200000000000001
624.8000000000001,-0.098
624.84,-0.096
624.88,-0.1
624.92,-0.10600000000000001
624.96,-0.10600000000000001
625.0,-0.10200000000000001
625.04,-0.1
625.08,-0.10200000000000001
625.12,-0.10400000000000001
625.16,-0.10200000000000001
625.2,-0.098
625.24,-0.098
625.28,-0.098
625.32,-0.1
625.36,-0.094
625.4,-0.094
625.44,-0.1
625.48,-0.10400000000000001
625.52,-0.10200000000000001
625.5600000000001,-0.10400000000000001
625.6,-0.10600000000000001
625.64,-0.10200000000000001
625.6800000000001,-0.098
625.72,-0.10200000000000001
625.76,-0.10600000000000001
625.8000000000001,-0.10400000000000001
625.84,-0.10200000000000001
625.88,-0.10400000000000001
625.92,-0.10200000000000001
625.96,-0.10200000000000001
626.0,-0.10200000000000001
626.04,-0.096
626.08,-0.09
626.12,-0.096
626.16,-0.10400000000000001
626.2,-0.10200000000000001
626.24,-0.098
626.28,-0.10200000000000001
626.32,-0.10200000000000001
626.36,-0.10200000000000001
626.4,-0.10200000000000001
626.44,-0.098
626.48,-0.098
626.52,-0.10400000000000001
626.5600000000001,-0.10200000000000001
626.6,-0.09
626.64,-0.09
626.6800000000001,-0.096
626.72,-0.098
626.76,-0.094
626.8000000000001,-0.10200000000000001
626.84,-0.10400000000000001
626.88,-0.098
626.92,-0.1
626.96,-0.10400000000000001
627.0,-0.10200000000000001
627.04,-0.098
627.08,-0.10200000000000001
627.12,-0.10400000000000001
627.16,-0.10400000000000001
627.2,-0.10600000000000001
627.24,-0.10400000000000001
627.28,-0.098
627.32,-0.094
627.36,-0.098
627.4,-0.10400000000000001
627.44,-0.1
627.48,-0.098
627.52,-0.10200000000000001
627.5600000000001,-0.10200000000000001
627.6,-0.10400000000000001
627.64,-0.10400000000000001
627.6800000000001,-0.1
627.72,-0.10400000000000001
627.76,-0.11
627.8000000000001,-0.10400000000000001
627.84,-0.096
627.88,-0.096
627.92,-0.1
627.96,-0.094
628.0,-0.094
628.04,-0.098
628.08,-0.098
628.12,-0.098
628.16,-0.10200000000000001
628.2,-0.10400000000000001
628.24,-0.098
628.28,-0.098
628.32,-0.10200000000000001
628.36,-0.10200000000000001
628.4,-0.10200000000000001
628.44,-0.10600000000000001
628.48,-0.10400000000000001
628.52,-0.098
628.5600000000001,-0.098
628.6,-0.1
628.64,-0.098
628.6800000000001,-0.098
628.72,-0.096
628.76,-0.098
628.8000000000001,-0.10200000000000001
628.84,-0.10200000000000001
628.88,-0.10200000000000001
628.92,-0.098
628.96,-0.10400000000000001
629.0,-0.10800000000000001
629.04,-0.10200000000000001
629.08,-0.096
629.12,-0.10200000000000001
629.16,-0.10400000000000001
629.2,-0.096
629.24,-0.094
629.28,-0.096
629.32,-0.094
629.36,-0.096
629.4,-0.10200000000000001
629.44,-0.10200000000000001
629.48,-0.098
629.52,-0.098
629.5600000000001,-0.10200000000000001
629.6,-0.098
629.64,-0.098
629.6800000000001,-0.10400000000000001
629.72,-0.10400000000000001
629.76,-0.10200000000000001
629.8000000000001,-0.10400000000000001
629.84,-0.10600000000000001
629.88,-0.10200000000000001
629.92,-0.096
629.96,-0.094
630.0,-0.098
630.04,-0.1
630.08,-0.10200000000000001
630.12,-0.098
630.16,-0.098
630.2,-0.10400000000000001
630.24,-0.10600000000000001
630.28,-0.10200000000000001
630.32,-0.098
630.36,-0.10600000000000001
630.4,-0.11
630.44,-0.10400000000000001
630.48,-0.098
630.52,-0.098
630.5600000000001,-0.094
630.6,-0.094
630.64,-0.098
630.6800000000001,-0.1
630.72,-0.096
630.76,-0.098
630.8000000000001,-0.10200000000000001
630.84,-0.098
630.88,-0.094
630.92,-0.098
630.96,-0.10200000000000001
631.0,-0.098
631.04,-0.10400000000000001
631.08,-0.10800000000000001
631.12,-0.10400000000000001
631.16,-0.098
631.2,-0.098
631.24,-0.1
631.28,-0.098
631.32,-0.098
631.36,-0.098
631.4,-0.098
631.44,-0.10400000000000001
631.48,-0.10200000000000001
631.52,-0.098
631.5600000000001,-0.098
631.6,-0.10600000000000001
631.64,-0.11
631.6800000000001,-0.10800000000000001
631.72,-0.10400000000000001
631.76,-0.10400000000000001
631.8000000000001,-0.10200000000000001
631.84,-0.098
631.88,-0.1
631.92,-0.098
631.96,-0.096
632.0,-0.098
632.04,-0.10400000000000001
632.08,-0.098
632.12,-0.096
632.16,-0.098
632.2,-0.098
632.24,-0.094
632.28,-0.1
632.32,-0.10400000000000001
632.36,-0.10200000000000001
632.4,-0.098
632.44,-0.10200000000000001
632.48,-0.10200000000000001
632.52,-0.098
632.5600000000001,-0.098
632.6,-0.098
632.64,-0.098
632.6800000000001,-0.10200000000000001
632.72,-0.098
632.76,-0.09
632.8000000000001,-0.096
632.84,-0.10400000000000001
632.88,-0.10400000000000001
632.92,-0.10200000000000001
632.96,-0.10400000000000001
633.0,-0.10600000000000001
633.04,-0.10400000000000001
633.08,-0.10400000000000001
633.12,-0.10400000000000001
633.16,-0.098
633.2,-0.094
633.24,-0.10200000000000001
633.28,-0.10400000000000001
633.32,-0.098
633.36,-0.098
633.4,-0.10200000000000001
633.44,-0.096
633.48,-0.094
633.52,-0.098
633.5600000000001,-0.1
633.6,-0.1
633.64,-0.10400000000000001
633.6800000000001,-0.10400000000000001
633.72,-0.10400000000000001
633.76,-0.10200000000000001
633.8000000000001,-0.10200000000000001
633.84,-0.098
633.88,-0.1
633.92,-0.10400000000000001
633.96,-0.1
634.0,-0.092
634.04,-0.098
634.08,-0.10200000000000001
634.12,-0.098
634.16,-0.096
634.2,-0.10200000000000001
634.24,-0.10400000000000001
634.28,-0.10400000000000001
634.32,-0.11
634.36,-0.10600000000000001
634.4,-0.098
634.44,-0.098
634.48,-0.10400000000000001
634.52,-0.10200000000000001
634.5600000000001,-0.096
634.6,-0.1
634.64,-0.10200000000000001
634.6800000000001,-0.098
634.72,-0.096
634.76,-0.096
634.8000000000001,-0.094
634.84,-0.098
634.88,-0.1
634.92,-0.1
634.96,-0.10200000000000001
635.0,-0.10200000000000001
635.04,-0.1
635.08,-0.098
635.12,-0.10200000000000001
635.16,-0.10400000000000001
635.2,-0.098
635.24,-0.096
635.28,-0.10200000000000001
635.32,-0.10200000000000001
635.36,-0.096
635.4,-0.094
635.44,-0.096
635.48,-0.098
635.52,-0.10400000000000001
635.5600000000001,-0.11
635.6,-0.10600000000000001
635.64,-0.10200000000000001
635.6800000000001,-0.10400000000000001
635.72,-0.10400000000000001
635.76,-0.10400000000000001
635.8000000000001,-0.1
635.84,-0.10200000000000001
635.88,-0.10600000000000001
635.92,-0.10400000000000001
635.96,-0.098
636.0,-0.098
636.04,-0.098
636.08,-0.098
636.12,-0.098
636.16,-0.1
636.2,-0.1
636.24,-0.1
636.28,-0.1
636.32,-0.098
636.36,-0.10200000000000001
636.4,-0.10200000000000001
636.44,-0.098
636.48,-0.098
636.52,-0.10400000000000001
636.5600000000001,-0.10200000000000001
636.6,-0.094
636.64,-0.09
636.6800000000001,-0.092
636.72,-0.096
636.76,-0.098
636.8000000000001,-0.10400000000000001
636.84,-0.10200000000000001
636.88,-0.098
636.92,-0.10400000000000001
636.96,-0.10600000000000001
637.0,-0.10200000000000001
637.04,-0.098
637.08,-0.10400000000000001
637.12,-0.10800000000000001
637.16,-0.10200000000000001
637.2,-0.098
637.24,-0.10200000000000001
637.28,-0.098
637.32,-0.098
637.36,-0.1
637.4,-0.1
637.44,-0.1
637.48,-0.10200000000000001
637.52,-0.10400000000000001
637.5600000000001,-0.1
637.6,-0.10200000000000001
637.64,-0.10200000000000001
637.6800000000001,-0.098
637.72,-0.10200000000000001
637.76,-0.11
637.8000000000001,-0.10600000000000001
637.84,-0.098
637.88,-0.098
637.92,-0.098
637.96,-0.094
638.0,-0.096
638.04,-0.10200000000000001
638.08,-0.098
638.12,-0.094
638.16,-0.10400000000000001
638.2,-0.10400000000000001
638.24,-0.096
638.28,-0.098
638.32,-0.10600000000000001
638.36,-0.10600000000000001
638.4,-0.10200000000000001
638.44,-0.10200000000000001
638.48,-0.10200000000000001
638.52,-0.1
638.5600000000001,-0.10200000000000001
638.6,-0.1
638.64,-0.096
638.6800000000001,-0.098
638.72,-0.10200000000000001
638.76,-0.10200000000000001
638.8000000000001,-0.098
638.84,-0.1
638.88,-0.098
638.92,-0.096
638.96,-0.10200000000000001
639.0,-0.10600000000000001
639.04,-0.10400000000000001
639.08,-0.1
639.12,-0.10400000000000001
639.16,-0.10200000000000001
639.2,-0.094
639.24,-0.098
639.28,-0.098
639.32,-0.094
639.36,-0.094
639.4,-0.10200000000000001
639.44,-0.098
639.48,-0.094
639.52,-0.098
639.5600000000001,-0.10600000000000001
639.6,-0.10400000000000001
639.64,-0.10200000000000001
639.6800000000001,-0.10400000000000001
639.72,-0.10400000000000001
639.76,-0.10400000000000001
639.8000000000001,-0.10400000000000001
639.84,-0.10200000000000001
639.88,-0.096
639.92,-0.098
639.96,-0.10200000000000001
640.0,-0.10200000000000001
640.04,-0.10200000000000001
640.08,-0.10200000000000001
640.12,-0.096
640.16,-0.096
640.2,-0.10200000000000001
640.24,-0.10400000000000001
640.28,-0.10200000000000001
640.32,-0.10400000000000001
640.36,-0.10600000000000001
640.4,-0.10400000000000001
640.44,-0.10200000000000001
640.48,-0.10400000000000001
640.52,-0.098
640.5600000000001,-0.092
640.6,-0.096
640.64,-0.1
640.6800000000001,-0.096
640.72,-0.094
640.76,-0.096
640.8000000000001,-0.098
640.84,-0.098
640.88,-0.096
640.92,-0.098
640.96,-0.10400000000000001
641.0,-0.10400000000000001
641.04,-0.10400000000000001
641.08,-0.1
641.12,-0.098
641.16,-0.098
641.2,-0.10200000000000001
641.24,-0.10200000000000001
641.28,-0.10200000000000001
641.32,-0.10200000000000001
641.36,-0.098
641.4,-0.098
641.44,-0.10200000000000001
641.48,-0.098
641.52,-0.098
641.5600000000001,-0.10200000000000001
641.6,-0.10600000000000001
641.64,-0.10600000000000001
641.6800000000001,-0.10600000000000001
641.72,-0.10600000000000001
641.76,-0.10200000000000001
641.8000000000001,-0.098
641.84,-0.10200000000000001
641.88,-0.10400000000000001
641.92,-0.1
641.96,-0.094
642.0,-0.098
642.04,-0.098
642.08,-0.094
642.12,-0.094
642.16,-0.096
642.2,-0.10400000000000001
642.24,-0.10400000000000001
642.28,-0.10400000000000001
642.32,-0.1
642.36,-0.098
642.4,-0.098
642.44,-0.10200000000000001
642.48,-0.1
642.52,-0.098
642.5600000000001,-0.1
642.6,-0.098
642.64,-0.098
642.6800000000001,-0.1
642.72,-0.098
642.76,-0.094
642.8000000000001,-0.098
642.84,-0.10400000000000001
642.88,-0.10200000000000001
642.92,-0.10200000000000001
642.96,-0.10600000000000001
643.0,-0.10200000000000001
643.04,-0.098
643.08,-0.10200000000000001
643.12,-0.10600000000000001
643.16,-0.1
643.2,-0.098
643.24,-0.10400000000000001
643.28,-0.098
643.32,-0.09
643.36,-0.092
643.4,-0.098
643.44,-0.098
643.48,-0.10400000000000001
643.52,-0.10400000000000001
643.5600000000001,-0.1
643.6,-0.098
643.64,-0.10400000000000001
643.6800000000001,-0.10400000000000001
643.72,-0.098
643.76,-0.1
643.8000000000001,-0.10200000000000001
643.84,-0.10200000000000001
643.88,-0.10200000000000001
643.92,-0.10400000000000001
643.96,-0.096
644.0,-0.094
644.04,-0.10200000000000001
644.08,-0.10200000000000001
644.12,-0.098
644.16,-0.10200000000000001
644.2,-0.10600000000000001
644.24,-0.10200000000000001
644.28,-0.098
644.32,-0.10600000000000001
644.36,-0.10600000000000001
644.4,-0.1
644.44,-0.10400000000000001
644.48,-0.10600000000000001
644.52,-0.10200000000000001
644.5600000000001,-0.092
644.6,-0.096
644.64,-0.098
644.6800000000001,-0.094
644.72,-0.098
644.76,-0.1
644.8000000000001,-0.096
644.84,-0.098
644.88,-0.10400000000000001
644.92,-0.10200000000000001
644.96,-0.098
645.0,-0.1
645.04,-0.1
645.08,-0.1
645.12,-0.10200000000000001
645.16,-0.1
645.2,-0.096
645.24,-0.096
645.28,-0.098
645.32,-0.098
645.36,-0.094
645.4,-0.1
645.44,-0.10200000000000001
645.48,-0.1
645.52,-0.098
645.5600000000001,-0.10600000000000001
645.6,-0.10600000000000001
645.64,-0.10200000000000001
645.6800000000001,-0.10600000000000001
645.72,-0.11
645.76,-0.10600000000000001
645.8000000000001,-0.10200000000000001
645.84,-0.10200000000000001
645.88,-0.10200000000000001
645.92,-0.098
645.96,-0.096
646.0,-0.096
646.04,-0.098
646.08,-0.1
646.12,-0.10400000000000001
646.16,-0.10200000000000001
646.2,-0.1
646.24,-0.098
646.28,-0.10200000000000001
646.32,-0.10200000000000001
646.36,-0.10400000000000001
646.4,-0.1
646.44,-0.098
646.48,-0.098
646.52,-0.098
646.5600000000001,-0.094
646.6,-0.094
646.64,-0.098
646.6800000000001,-0.098
646.72,-0.098
646.76,-0.098
646.8000000000001,-0.1
646.84,-0.098
646.88,-0.098
646.92,-0.10400000000000001
646.96,-0.10600000000000001
647.0,-0.10400000000000001
647.04,-0.10200000000000001
647.08,-0.10400000000000001
647.12,-0.10600000000000001
647.16,-0.10200000000000001
647.2,-0.098
647.24,-0.098
647.28,-0.096
647.32,-0.098
647.36,-0.10400000000000001
647.4,-0.10200000000000001
647.44,-0.098
647.48,-0.098
647.52,-0.10200000000000001
647.5600000000001,-0.10200000000000001
647.6,-0.10400000000000001
647.64,-0.10400000000000001
647.6800000000001,-0.10400000000000001
647.72,-0.10200000000000001
647.76,-0.10200000000000001
647.8000000000001,-0.098
647.84,-0.096
647.88,-0.098
647.92,-0.1
647.96,-0.098
648.0,-0.098
648.04,-0.10200000000000001
648.08,-0.098
648.12,-0.094
648.16,-0.1
648.2,-0.10400000000000001
648.24,-0.098
648.28,-0.10200000000000001
648.32,-0.10800000000000001
648.36,-0.10800000000000001
648.4,-0.10400000000000001
648.44,-0.10200000000000001
648.48,-0.098
648.52,-0.098
648.5600000000001,-0.098
648.6,-0.10400000000000001
648.64,-0.098
648.6800000000001,-0.094
648.72,-0.098
648.76,-0.10200000000000001
648.8000000000001,-0.098
648.84,-0.1
648.88,-0.10400000000000001
648.92,-0.10200000000000001
648.96,-0.10400000000000001
649.0,-0.10400000000000001
649.04,-0.098
649.08,-0.096
649.12,-0.098
649.16,-0.098
649.2,-0.094
649.24,-0.098
649.28,-0.10200000000000001
649.32,-0.098
649.36,-0.094
649.4,-0.1
649.44,-0.098
649.48,-0.094
649.52,-0.098
649.5600000000001,-0.10800000000000001
649.6,-0.10600000000000001
649.64,-0.10400000000000001
649.6800000000001,-0.10400000000000001
649.72,-0.10400000000000001
649.76,-0.1
649.8000000000001,-0.10400000000000001
649.84,-0.10600000000000001
649.88,-0.1
649.92,-0.098
649.96,-0.10200000000000001
650.0,-0.10200000000000001
650.04,-0.098
650.08,-0.098
650.12,-0.10200000000000001
650.16,-0.10200000000000001
650.2,-0.10600000000000001
650.24,-0.10600000000000001
650.28,-0.1
650.32,-0.098
650.36,-0.10400000000000001
650.4,-0.1
650.44,-0.096
650.48,-0.1
650.52,-0.10200000000000001
650.5600000000001,-0.098
650.6,-0.098
650.64,-0.1
650.6800000000001,-0.094
650.72,-0.09
650.76,-0.096
650.8000000000001,-0.10200000000000001
650.84,-0.10200000000000001
650.88,-0.1
650.92,-0.10400000000000001
650.96,-0.10200000000000001
651.0,-0.10200000000000001
651.04,-0.10400000000000001
651.08,-0.10400000000000001
651.12,-0.098
651.16,-0.098
651.2,-0.10200000000000001
651.24,-0.10200000000000001
651.28,-0.098
651.32,-0.094
651.36,-0.098
651.4,-0.10200000000000001
651.44,-0.10400000000000001
651.48,-0.10400000000000001
651.52,-0.10400000000000001
651.5600000000001,-0.10400000000000001
651.6,-0.10600000000000001
651.64,-0.10400000000000001
651.6800000000001,-0.1
651.72,-0.1
651.76,-0.10400000000000001
651.8000000000001,-0.10200000000000001
651.84,-0.10200000000000001
651.88,-0.10200000000000001
651.92,-0.098
651.96,-0.094
652.0,-0.096
652.04,-0.1
652.08,-0.098
652.12,-0.098
652.16,-0.098
652.2,-0.10400000000000001
652.24,-0.10200000000000001
652.28,-0.10400000000000001
652.32,-0.10200000000000001
652.36,-0.098
652.4,-0.098
652.44,-0.10400000000000001
652.48,-0.10400000000000001
652.52,-0.1
652.5600000000001,-0.096
652.6,-0.094
652.64,-0.098
652.6800000000001,-0.098
652.72,-0.098
652.76,-0.10200000000000001
652.8000000000001,-0.10400000000000001
652.84,-0.10600000000000001
652.88,-0.10400000000000001
652.92,-0.098
652.96,-0.1
653.0,-0.10400000000000001
653.04,-0.10200000000000001
653.08,-0.10400000000000001
653.12,-0.10400000000000001
653.16,-0.10200000000000001
653.2,-0.096
653.24,-0.1
653.28,-0.10200000000000001
653.32,-0.094
653.36,-0.094
653.4,-0.1
653.44,-0.10200000000000001
653.48,-0.098
653.52,-0.10200000000000001
653.5600000000001,-0.10200000000000001
653.6,-0.096
653.64,-0.1
653.6800000000001,-0.10600000000000001
653.72,-0.10600000000000001
653.76,-0.10200000000000001
653.8000000000001,-0.10200000000000001
653.84,-0.1
653.88,-0.096
653.92,-0.096
653.96,-0.096
654.0,-0.096
654.04,-0.10400000000000001
654.08,-0.10600000000000001
654.12,-0.10200000000000001
654.16,-0.098
654.2,-0.10200000000000001
654.24,-0.10600000000000001
654.28,-0.10200000000000001
654.32,-0.10600000000000001
654.36,-0.10600000000000001
654.4,-0.1
654.44,-0.098
654.48,-0.10400000000000001
654.52,-0.1
654.5600000000001,-0.094
654.6,-0.098
654.64,-0.10200000000000001
654.6800000000001,-0.098
654.72,-0.098
654.76,-0.10200000000000001
654.8000000000001,-0.096
654.84,-0.092
654.88,-0.1
654.92,-0.10400000000000001
654.96,-0.10200000000000001
655.0,-0.10200000000000001
655.04,-0.10400000000000001
655.08,-0.10200000000000001
655.12,-0.098
655.16,-0.098
655.2,-0.094
655.24,-0.094
655.28,-0.10200000000000001
655.32,-0.10400000000000001
655.36,-0.094
655.4,-0.098
655.44,-0.10400000000000001
655.48,-0.10200000000000001
655.52,-0.10200000000000001
