# WaveFront *.obj file (generated by Autodesk ATF)

mtllib coilwinder2.mtl

g Body3

v -23.500001 0.000000 25.010000
v -23.645438 2.218945 25.010000
v -24.079262 4.399924 25.010000
v -24.794049 6.505618 25.010000
v -25.777569 8.500000 25.010000
v -27.012994 10.348944 25.010000
v -28.479185 12.020815 25.010000
v -30.151056 13.487007 25.010000
v -32.000001 14.722432 25.010000
v -33.994382 15.705952 25.010000
v -36.100077 16.420739 25.010000
v -38.281055 16.854563 25.010000
v -40.500001 17.000000 25.010000
v -42.718946 16.854563 25.010000
v -44.899924 16.420739 25.010000
v -47.005619 15.705952 25.010000
v -49.000001 14.722432 25.010000
v -50.848945 13.487007 25.010000
v -52.520816 12.020815 25.010000
v -53.987007 10.348944 25.010000
v -55.222432 8.500000 25.010000
v -56.205953 6.505618 25.010000
v -56.920740 4.399924 25.010000
v -57.354563 2.218945 25.010000
v -57.500001 0.000000 25.010000
v -57.354563 -2.218945 25.010000
v -56.920740 -4.399924 25.010000
v -56.205953 -6.505618 25.010000
v -55.222432 -8.500000 25.010000
v -53.987007 -10.348944 25.010000
v -52.520816 -12.020815 25.010000
v -50.848945 -13.487007 25.010000
v -49.000001 -14.722432 25.010000
v -47.005619 -15.705952 25.010000
v -44.899924 -16.420739 25.010000
v -42.718946 -16.854563 25.010000
v -40.500001 -17.000000 25.010000
v -38.281055 -16.854563 25.010000
v -36.100077 -16.420739 25.010000
v -33.994382 -15.705952 25.010000
v -32.000001 -14.722432 25.010000
v -30.151056 -13.487007 25.010000
v -28.479185 -12.020815 25.010000
v -27.012994 -10.348944 25.010000
v -25.777569 -8.500000 25.010000
v -24.794049 -6.505618 25.010000
v -24.079262 -4.399924 25.010000
v -23.645438 -2.218945 25.010000
v -23.500001 0.000000 10.010000
v -23.645438 -2.218945 10.010000
v -24.079262 -4.399924 10.010000
v -24.794049 -6.505618 10.010000
v -25.777569 -8.500000 10.010000
v -27.012994 -10.348944 10.010000
v -28.479185 -12.020815 10.010000
v -30.151056 -13.487007 10.010000
v -32.000001 -14.722432 10.010000
v -33.994382 -15.705952 10.010000
v -36.100077 -16.420739 10.010000
v -38.281055 -16.854563 10.010000
v -40.500001 -17.000000 10.010000
v -42.718946 -16.854563 10.010000
v -44.899924 -16.420739 10.010000
v -47.005619 -15.705952 10.010000
v -49.000001 -14.722432 10.010000
v -50.848945 -13.487007 10.010000
v -52.520816 -12.020815 10.010000
v -53.987007 -10.348944 10.010000
v -55.222432 -8.500000 10.010000
v -56.205953 -6.505618 10.010000
v -56.920740 -4.399924 10.010000
v -57.354563 -2.218945 10.010000
v -57.500001 0.000000 10.010000
v -57.354563 2.218945 10.010000
v -56.920740 4.399924 10.010000
v -56.205953 6.505618 10.010000
v -55.222432 8.500000 10.010000
v -53.987007 10.348944 10.010000
v -52.520816 12.020815 10.010000
v -50.848945 13.487007 10.010000
v -49.000001 14.722432 10.010000
v -47.005619 15.705952 10.010000
v -44.899924 16.420739 10.010000
v -42.718946 16.854563 10.010000
v -40.500001 17.000000 10.010000
v -38.281055 16.854563 10.010000
v -36.100077 16.420739 10.010000
v -33.994382 15.705952 10.010000
v -32.000001 14.722432 10.010000
v -30.151056 13.487007 10.010000
v -28.479185 12.020815 10.010000
v -27.012994 10.348944 10.010000
v -25.777569 8.500000 10.010000
v -24.794049 6.505618 10.010000
v -24.079262 4.399924 10.010000
v -23.645438 2.218945 10.010000
v -20.750001 0.000000 25.010000
v -20.894000 -2.380599 25.010000
v -21.323900 -4.726484 25.010000
v -22.033430 -7.003447 25.010000
v -23.012244 -9.178283 25.010000
v -24.246069 -11.219279 25.010000
v -25.716913 -13.096673 25.010000
v -27.403328 -14.783087 25.010000
v -29.280722 -16.253931 25.010000
v -31.321718 -17.487757 25.010000
v -33.496554 -18.466571 25.010000
v -35.773516 -19.176101 25.010000
v -38.119401 -19.606000 25.010000
v -40.500001 -19.750000 25.010000
v -42.880600 -19.606000 25.010000
v -45.226485 -19.176101 25.010000
v -47.503447 -18.466571 25.010000
v -49.678283 -17.487757 25.010000
v -51.719279 -16.253931 25.010000
v -53.596673 -14.783087 25.010000
v -55.283088 -13.096673 25.010000
v -56.753932 -11.219279 25.010000
v -57.987757 -9.178283 25.010000
v -58.966571 -7.003447 25.010000
v -59.676101 -4.726484 25.010000
v -60.106001 -2.380599 25.010000
v -60.250001 0.000000 25.010000
v -60.106001 2.380599 25.010000
v -59.676101 4.726484 25.010000
v -58.966571 7.003447 25.010000
v -57.987757 9.178283 25.010000
v -56.753932 11.219279 25.010000
v -55.283088 13.096673 25.010000
v -53.596673 14.783087 25.010000
v -51.719279 16.253931 25.010000
v -49.678283 17.487757 25.010000
v -47.503447 18.466571 25.010000
v -45.226485 19.176101 25.010000
v -42.880600 19.606000 25.010000
v -40.500001 19.750000 25.010000
v -38.119401 19.606000 25.010000
v -35.773516 19.176101 25.010000
v -33.496554 18.466571 25.010000
v -31.321718 17.487757 25.010000
v -29.280722 16.253931 25.010000
v -27.403328 14.783087 25.010000
v -25.716913 13.096673 25.010000
v -24.246069 11.219279 25.010000
v -23.012244 9.178283 25.010000
v -22.033430 7.003447 25.010000
v -21.323900 4.726484 25.010000
v -20.894000 2.380599 25.010000
v -20.750001 0.000000 10.010000
v -20.894000 2.380599 10.010000
v -21.323900 4.726484 10.010000
v -22.033430 7.003447 10.010000
v -23.012244 9.178283 10.010000
v -24.246069 11.219279 10.010000
v -25.716913 13.096673 10.010000
v -27.403328 14.783087 10.010000
v -29.280722 16.253931 10.010000
v -31.321718 17.487757 10.010000
v -33.496554 18.466571 10.010000
v -35.773516 19.176101 10.010000
v -38.119401 19.606000 10.010000
v -40.500001 19.750000 10.010000
v -42.880600 19.606000 10.010000
v -45.226485 19.176101 10.010000
v -47.503447 18.466571 10.010000
v -49.678283 17.487757 10.010000
v -51.719279 16.253931 10.010000
v -53.596673 14.783087 10.010000
v -55.283088 13.096673 10.010000
v -56.753932 11.219279 10.010000
v -57.987757 9.178283 10.010000
v -58.966571 7.003447 10.010000
v -59.676101 4.726484 10.010000
v -60.106001 2.380599 10.010000
v -60.250001 0.000000 10.010000
v -60.106001 -2.380599 10.010000
v -59.676101 -4.726484 10.010000
v -58.966571 -7.003447 10.010000
v -57.987757 -9.178283 10.010000
v -56.753932 -11.219279 10.010000
v -55.283088 -13.096673 10.010000
v -53.596673 -14.783087 10.010000
v -51.719279 -16.253931 10.010000
v -49.678283 -17.487757 10.010000
v -47.503447 -18.466571 10.010000
v -45.226485 -19.176101 10.010000
v -42.880600 -19.606000 10.010000
v -40.500001 -19.750000 10.010000
v -38.119401 -19.606000 10.010000
v -35.773516 -19.176101 10.010000
v -33.496554 -18.466571 10.010000
v -31.321718 -17.487757 10.010000
v -29.280722 -16.253931 10.010000
v -27.403328 -14.783087 10.010000
v -25.716913 -13.096673 10.010000
v -24.246069 -11.219279 10.010000
v -23.012244 -9.178283 10.010000
v -22.033430 -7.003447 10.010000
v -21.323900 -4.726484 10.010000
v -20.894000 -2.380599 10.010000
v 60.750001 0.000000 10.010000
v 60.606001 -2.380599 10.010000
v 60.176102 -4.726484 10.010000
v 59.466571 -7.003447 10.010000
v 58.487757 -9.178283 10.010000
v 57.253932 -11.219279 10.010000
v 55.783088 -13.096673 10.010000
v 54.096673 -14.783087 10.010000
v 52.219279 -16.253931 10.010000
v 50.178283 -17.487757 10.010000
v 48.003447 -18.466571 10.010000
v 45.726485 -19.176101 10.010000
v 43.380600 -19.606000 10.010000
v 41.000001 -19.750000 10.010000
v 38.619401 -19.606000 10.010000
v 36.273516 -19.176101 10.010000
v 33.996554 -18.466571 10.010000
v 31.821718 -17.487757 10.010000
v 29.780722 -16.253931 10.010000
v 27.903328 -14.783087 10.010000
v 26.216913 -13.096673 10.010000
v 24.746069 -11.219279 10.010000
v 23.512244 -9.178283 10.010000
v 22.533430 -7.003447 10.010000
v 21.823900 -4.726484 10.010000
v 21.394000 -2.380599 10.010000
v 21.250001 0.000000 10.010000
v 21.394000 2.380599 10.010000
v 21.823900 4.726484 10.010000
v 22.533430 7.003447 10.010000
v 23.512244 9.178283 10.010000
v 24.746069 11.219279 10.010000
v 26.216913 13.096673 10.010000
v 27.903328 14.783087 10.010000
v 29.780722 16.253931 10.010000
v 31.821718 17.487757 10.010000
v 33.996554 18.466571 10.010000
v 36.273516 19.176101 10.010000
v 38.619401 19.606000 10.010000
v 41.000001 19.750000 10.010000
v 43.380600 19.606000 10.010000
v 45.726485 19.176101 10.010000
v 48.003447 18.466571 10.010000
v 50.178283 17.487757 10.010000
v 52.219279 16.253931 10.010000
v 54.096673 14.783087 10.010000
v 55.783088 13.096673 10.010000
v 57.253932 11.219279 10.010000
v 58.487757 9.178283 10.010000
v 59.466571 7.003447 10.010000
v 60.176102 4.726484 10.010000
v 60.606001 2.380599 10.010000
v 0.000000 60.000000 10.010000
v 0.000000 25.000000 10.010000
v -0.079232 23.219170 10.010000
v -0.173186 21.277895 10.010000
v -0.405637 17.166820 10.010000
v -0.544321 15.123422 10.010000
v -0.698105 13.172384 10.010000
v -0.867073 11.376996 10.010000
v -0.955444 10.571610 10.010000
v -1.044493 9.846382 10.010000
v -1.134264 9.199406 10.010000
v -1.224802 8.628772 10.010000
v -1.408362 7.708899 10.010000
v -1.595536 7.071496 10.010000
v -1.691479 6.852261 10.010000
v -1.746477 6.757587 10.010000
v -1.808622 6.676946 10.010000
v -1.843835 6.643296 10.010000
v -1.883779 6.615421 10.010000
v -1.927909 6.597080 10.010000
v -1.951298 6.592558 10.010000
v -1.975233 6.591597 10.010000
v -1.998825 6.594232 10.010000
v -2.022001 6.600239 10.010000
v -2.065693 6.620622 10.010000
v -2.105014 6.648888 10.010000
v -2.141056 6.682873 10.010000
v -2.258666 6.845527 10.010000
v -2.358641 7.043273 10.010000
v -2.532378 7.507458 10.010000
v -2.699838 8.088545 10.010000
v -3.015090 9.498918 10.010000
v -3.169581 10.324425 10.010000
v -3.323792 11.227781 10.010000
v -3.629696 13.233532 10.010000
v -3.929454 15.447152 10.010000
v -5.000000 25.000000 10.010000
v -5.000000 30.000000 10.010000
v -7.500000 30.000000 10.010000
v -8.147048 30.085185 10.010000
v -8.750000 30.334936 10.010000
v -9.267767 30.732233 10.010000
v -9.665064 31.250000 10.010000
v -9.914815 31.852952 10.010000
v -10.000000 32.500000 10.010000
v -10.000000 60.000000 10.010000
v -25.000000 60.000001 10.010000
v -25.000000 45.825757 10.010000
v -25.065627 45.256699 10.010000
v -25.259062 44.717517 10.010000
v -25.570150 44.236519 10.010000
v -25.982558 43.838959 10.010000
v -26.474634 43.545708 10.010000
v -27.020543 43.372164 10.010000
v -27.591624 43.327437 10.010000
v -28.157895 43.413875 10.010000
v -31.672462 44.222756 10.010000
v -35.240516 44.747596 10.010000
v -38.839141 44.985024 10.010000
v -42.445221 44.933516 10.010000
v -46.035596 44.593403 10.010000
v -49.587204 43.966868 10.010000
v -53.077235 43.057937 10.010000
v -56.483271 41.872447 10.010000
v -59.783436 40.418012 10.010000
v -62.956533 38.703974 10.010000
v -65.982181 36.741343 10.010000
v -68.840947 34.542724 10.010000
v -71.514469 32.122239 10.010000
v -73.985576 29.495434 10.010000
v -76.238395 26.679182 10.010000
v -78.258456 23.691571 10.010000
v -80.032786 20.551790 10.010000
v -81.549987 17.280006 10.010000
v -82.800314 13.897234 10.010000
v -83.775738 10.425200 10.010000
v -84.469992 6.886206 10.010000
v -84.878618 3.302982 10.010000
v -84.998990 -0.301457 10.010000
v -84.830337 -3.903959 10.010000
v -84.373741 -7.481387 10.010000
v -83.632134 -11.010762 10.010000
v -82.610281 -14.469416 10.010000
v -81.314744 -17.835133 10.010000
v -79.753844 -21.086296 10.010000
v -77.937608 -24.202023 10.010000
v -75.877700 -27.162302 10.010000
v -73.587352 -29.948118 10.010000
v -71.081274 -32.541580 10.010000
v -68.375563 -34.926028 10.010000
v -65.487597 -37.086149 10.010000
v -62.435925 -39.008067 10.010000
v -59.240149 -40.679438 10.010000
v -55.920794 -42.089528 10.010000
v -52.499180 -43.229278 10.010000
v -48.997286 -44.091369 10.010000
v -45.437602 -44.670264 10.010000
v -41.842992 -44.962244 10.010000
v -38.236545 -44.965434 10.010000
v -34.641425 -44.679813 10.010000
v -31.080723 -44.107216 10.010000
v -27.577308 -43.251321 10.010000
v -24.153684 -42.117624 10.010000
v -20.831840 -40.713409 10.010000
v -17.633113 -39.047693 10.010000
v -14.578046 -37.131176 10.010000
v -11.686263 -34.976168 10.010000
v -8.976338 -32.596509 10.010000
v -6.465677 -30.007485 10.010000
v -4.170404 -27.225724 10.010000
v -2.105263 -24.269094 10.010000
v -1.705708 -23.789657 10.010000
v -1.199853 -23.424125 10.010000
v -0.619221 -23.195278 10.010000
v -0.000000 -23.117377 10.010000
v 0.619221 -23.195278 10.010000
v 1.199853 -23.424125 10.010000
v 1.705708 -23.789657 10.010000
v 2.105263 -24.269094 10.010000
v 4.184476 -27.244233 10.010000
v 6.496703 -30.042122 10.010000
v 9.026901 -32.644558 10.010000
v 11.758609 -35.034609 10.010000
v 14.674055 -37.196727 10.010000
v 17.754271 -39.116844 10.010000
v 20.979216 -40.782469 10.010000
v 24.327910 -42.182764 10.010000
v 27.778565 -43.308620 10.010000
v 31.308734 -44.152711 10.010000
v 34.895447 -44.709546 10.010000
v 38.515370 -44.975503 10.010000
v 42.144952 -44.948851 10.010000
v 45.760579 -44.629763 10.010000
v 49.338728 -44.020315 10.010000
v 52.856120 -43.124473 10.010000
v 56.289870 -41.948065 10.010000
v 59.617639 -40.498744 10.010000
v 62.817776 -38.785939 10.010000
v 65.869462 -36.820795 10.010000
v 68.752841 -34.616096 10.010000
v 71.449156 -32.186186 10.010000
v 73.940864 -29.546874 10.010000
v 76.211754 -26.715331 10.010000
v 78.247051 -23.709979 10.010000
v 80.033515 -20.550370 10.010000
v 81.559521 -17.257062 10.010000
v 82.815143 -13.851480 10.010000
v 83.792212 -10.355780 10.010000
v 84.484370 -6.792706 10.010000
v 84.887114 -3.185440 10.010000
v 84.997824 0.442552 10.010000
v 84.815780 4.067664 10.010000
v 84.342166 7.666311 10.010000
v 83.580063 11.215083 10.010000
v 82.534431 14.690889 10.010000
v 81.212070 18.071117 10.010000
v 79.621586 21.333774 10.010000
v 77.773325 24.457635 10.010000
v 75.679312 27.422376 10.010000
v 73.353171 30.208708 10.010000
v 70.810035 32.798502 10.010000
v 68.066450 35.174911 10.010000
v 65.140266 37.322474 10.010000
v 62.050520 39.227217 10.010000
v 58.817315 40.876750 10.010000
v 55.461684 42.260340 10.010000
v 52.005461 43.368986 10.010000
v 48.471130 44.195474 10.010000
v 44.881686 44.734429 10.010000
v 41.260483 44.982343 10.010000
v 37.631079 44.937604 10.010000
v 34.017086 44.600502 10.010000
v 30.442019 43.973230 10.010000
v 26.929135 43.059871 10.010000
v 23.501290 41.866366 10.010000
v 20.180785 40.400479 10.010000
v 16.989223 38.671749 10.010000
v 13.947369 36.691421 10.010000
v 13.414053 36.402924 10.010000
v 12.826968 36.251307 10.010000
v 12.220650 36.245490 10.010000
v 11.630764 36.385814 10.010000
v 11.092011 36.664025 10.010000
v 10.636083 37.063757 10.010000
v 10.289800 37.561496 10.010000
v 10.073531 38.127962 10.010000
v 10.000000 38.729834 10.010000
v 10.000000 60.000001 10.010000
v 21.156166 30.189567 10.010000
v 17.111081 27.250641 10.010000
v 15.935511 28.868675 10.010000
v 19.980596 31.807601 10.010000
v -10.107923 -13.965779 10.010000
v -12.010036 -13.347745 10.010000
v -10.464951 -8.592463 10.010000
v -8.562838 -9.210497 10.010000
v 72.989964 -13.347745 10.010000
v 74.535049 -8.592463 10.010000
v 76.437162 -9.210497 10.010000
v 74.892077 -13.965779 10.010000
v -22.111080 27.250640 10.010000
v -26.156165 30.189567 10.010000
v -24.980595 31.807601 10.010000
v -20.935510 28.868674 10.010000
v -67.888919 27.250641 10.010000
v -69.064489 28.868675 10.010000
v -65.019404 31.807601 10.010000
v -63.843834 30.189567 10.010000
v -12.010035 13.347744 10.010000
v -10.107922 13.965778 10.010000
v -8.562837 9.210496 10.010000
v -10.464950 8.592462 10.010000
v -79.535049 8.592463 10.010000
v -81.437162 9.210497 10.010000
v -79.892077 13.965779 10.010000
v -77.989964 13.347745 10.010000
v 37.499999 -35.500001 10.010000
v 42.499999 -35.500001 10.010000
v 42.499999 -37.500001 10.010000
v 37.499999 -37.500001 10.010000
v 17.111080 -27.250640 10.010000
v 21.156165 -30.189567 10.010000
v 19.980595 -31.807601 10.010000
v 15.935510 -28.868674 10.010000
v 74.535050 8.592462 10.010000
v 72.989965 13.347744 10.010000
v 74.892078 13.965778 10.010000
v 76.437163 9.210496 10.010000
v -20.935511 -28.868675 10.010000
v -24.980596 -31.807601 10.010000
v -26.156166 -30.189567 10.010000
v -22.111081 -27.250641 10.010000
v 62.888920 27.250640 10.010000
v 58.843835 30.189567 10.010000
v 60.019405 31.807601 10.010000
v 64.064490 28.868674 10.010000
v -42.500001 -35.500001 10.010000
v -42.500001 -37.500001 10.010000
v -47.500001 -37.500001 10.010000
v -47.500001 -35.500001 10.010000
v 58.843834 -30.189567 10.010000
v 62.888919 -27.250641 10.010000
v 64.064489 -28.868675 10.010000
v 60.019404 -31.807601 10.010000
v -77.989965 -13.347744 10.010000
v -79.892078 -13.965778 10.010000
v -81.437163 -9.210496 10.010000
v -79.535050 -8.592462 10.010000
v 5.464950 -8.592462 10.010000
v 7.010035 -13.347744 10.010000
v 5.107922 -13.965778 10.010000
v 3.562837 -9.210496 10.010000
v 37.500001 35.500001 10.010000
v 37.500001 37.500001 10.010000
v 42.500001 37.500001 10.010000
v 42.500001 35.500001 10.010000
v -63.843835 -30.189567 10.010000
v -65.019405 -31.807601 10.010000
v -69.064490 -28.868674 10.010000
v -67.888920 -27.250640 10.010000
v 7.010036 13.347745 10.010000
v 5.464951 8.592463 10.010000
v 3.562838 9.210497 10.010000
v 5.107923 13.965779 10.010000
v -42.499999 37.500000 10.010000
v -42.499999 35.500000 10.010000
v -47.499999 35.500000 10.010000
v -47.499999 37.500000 10.010000
v 58.000001 0.000000 25.010000
v 57.854564 2.218945 25.010000
v 57.420740 4.399924 25.010000
v 56.705953 6.505618 25.010000
v 55.722433 8.500000 25.010000
v 54.487008 10.348944 25.010000
v 53.020816 12.020815 25.010000
v 51.348945 13.487007 25.010000
v 49.500001 14.722432 25.010000
v 47.505619 15.705952 25.010000
v 45.399924 16.420739 25.010000
v 43.218946 16.854563 25.010000
v 41.000001 17.000000 25.010000
v 38.781055 16.854563 25.010000
v 36.600077 16.420739 25.010000
v 34.494382 15.705952 25.010000
v 32.500000 14.722432 25.010000
v 30.651056 13.487007 25.010000
v 28.979185 12.020815 25.010000
v 27.512994 10.348944 25.010000
v 26.277569 8.500000 25.010000
v 25.294048 6.505618 25.010000
v 24.579261 4.399924 25.010000
v 24.145438 2.218945 25.010000
v 24.000000 0.000000 25.010000
v 24.145438 -2.218945 25.010000
v 24.579261 -4.399924 25.010000
v 25.294048 -6.505618 25.010000
v 26.277569 -8.500000 25.010000
v 27.512994 -10.348944 25.010000
v 28.979185 -12.020815 25.010000
v 30.651056 -13.487007 25.010000
v 32.500000 -14.722432 25.010000
v 34.494382 -15.705952 25.010000
v 36.600077 -16.420739 25.010000
v 38.781055 -16.854563 25.010000
v 41.000001 -17.000000 25.010000
v 43.218946 -16.854563 25.010000
v 45.399924 -16.420739 25.010000
v 47.505619 -15.705952 25.010000
v 49.500001 -14.722432 25.010000
v 51.348945 -13.487007 25.010000
v 53.020816 -12.020815 25.010000
v 54.487008 -10.348944 25.010000
v 55.722433 -8.500000 25.010000
v 56.705953 -6.505618 25.010000
v 57.420740 -4.399924 25.010000
v 57.854564 -2.218945 25.010000
v 58.000001 0.000000 10.010000
v 57.854564 -2.218945 10.010000
v 57.420740 -4.399924 10.010000
v 56.705953 -6.505618 10.010000
v 55.722433 -8.500000 10.010000
v 54.487008 -10.348944 10.010000
v 53.020816 -12.020815 10.010000
v 51.348945 -13.487007 10.010000
v 49.500001 -14.722432 10.010000
v 47.505619 -15.705952 10.010000
v 45.399924 -16.420739 10.010000
v 43.218946 -16.854563 10.010000
v 41.000001 -17.000000 10.010000
v 38.781055 -16.854563 10.010000
v 36.600077 -16.420739 10.010000
v 34.494382 -15.705952 10.010000
v 32.500000 -14.722432 10.010000
v 30.651056 -13.487007 10.010000
v 28.979185 -12.020815 10.010000
v 27.512994 -10.348944 10.010000
v 26.277569 -8.500000 10.010000
v 25.294048 -6.505618 10.010000
v 24.579261 -4.399924 10.010000
v 24.145438 -2.218945 10.010000
v 24.000000 0.000000 10.010000
v 24.145438 2.218945 10.010000
v 24.579261 4.399924 10.010000
v 25.294048 6.505618 10.010000
v 26.277569 8.500000 10.010000
v 27.512994 10.348944 10.010000
v 28.979185 12.020815 10.010000
v 30.651056 13.487007 10.010000
v 32.500000 14.722432 10.010000
v 34.494382 15.705952 10.010000
v 36.600077 16.420739 10.010000
v 38.781055 16.854563 10.010000
v 41.000001 17.000000 10.010000
v 43.218946 16.854563 10.010000
v 45.399924 16.420739 10.010000
v 47.505619 15.705952 10.010000
v 49.500001 14.722432 10.010000
v 51.348945 13.487007 10.010000
v 53.020816 12.020815 10.010000
v 54.487008 10.348944 10.010000
v 55.722433 8.500000 10.010000
v 56.705953 6.505618 10.010000
v 57.420740 4.399924 10.010000
v 57.854564 2.218945 10.010000
v 60.750001 0.000000 25.010000
v 60.606001 -2.380599 25.010000
v 60.176102 -4.726484 25.010000
v 59.466571 -7.003447 25.010000
v 58.487757 -9.178283 25.010000
v 57.253932 -11.219279 25.010000
v 55.783088 -13.096673 25.010000
v 54.096673 -14.783087 25.010000
v 52.219279 -16.253931 25.010000
v 50.178283 -17.487757 25.010000
v 48.003447 -18.466571 25.010000
v 45.726485 -19.176101 25.010000
v 43.380600 -19.606000 25.010000
v 41.000001 -19.750000 25.010000
v 38.619401 -19.606000 25.010000
v 36.273516 -19.176101 25.010000
v 33.996554 -18.466571 25.010000
v 31.821718 -17.487757 25.010000
v 29.780722 -16.253931 25.010000
v 27.903328 -14.783087 25.010000
v 26.216913 -13.096673 25.010000
v 24.746069 -11.219279 25.010000
v 23.512244 -9.178283 25.010000
v 22.533430 -7.003447 25.010000
v 21.823900 -4.726484 25.010000
v 21.394000 -2.380599 25.010000
v 21.250001 0.000000 25.010000
v 21.394000 2.380599 25.010000
v 21.823900 4.726484 25.010000
v 22.533430 7.003447 25.010000
v 23.512244 9.178283 25.010000
v 24.746069 11.219279 25.010000
v 26.216913 13.096673 25.010000
v 27.903328 14.783087 25.010000
v 29.780722 16.253931 25.010000
v 31.821718 17.487757 25.010000
v 33.996554 18.466571 25.010000
v 36.273516 19.176101 25.010000
v 38.619401 19.606000 25.010000
v 41.000001 19.750000 25.010000
v 43.380600 19.606000 25.010000
v 45.726485 19.176101 25.010000
v 48.003447 18.466571 25.010000
v 50.178283 17.487757 25.010000
v 52.219279 16.253931 25.010000
v 54.096673 14.783087 25.010000
v 55.783088 13.096673 25.010000
v 57.253932 11.219279 25.010000
v 58.487757 9.178283 25.010000
v 59.466571 7.003447 25.010000
v 60.176102 4.726484 25.010000
v 60.606001 2.380599 25.010000
v -42.499999 35.500000 25.000000
v -47.499999 35.500000 25.000000
v -47.499999 37.500000 25.000000
v -42.499999 37.500000 25.000000
v 15.935511 28.868675 25.000000
v 19.980596 31.807601 25.000000
v 17.111081 27.250641 25.000000
v -10.464951 -8.592463 25.000000
v -8.562838 -9.210497 25.000000
v -12.010036 -13.347745 25.000000
v 76.437162 -9.210497 25.000000
v 74.892077 -13.965779 25.000000
v 74.535049 -8.592463 25.000000
v -24.980595 31.807601 25.000000
v -20.935510 28.868674 25.000000
v -26.156165 30.189567 25.000000
v -65.019404 31.807601 25.000000
v -63.843834 30.189567 25.000000
v -69.064489 28.868675 25.000000
v -8.562837 9.210496 25.000000
v -10.464950 8.592462 25.000000
v -10.107922 13.965778 25.000000
v -79.892077 13.965779 25.000000
v -77.989964 13.347745 25.000000
v -81.437162 9.210497 25.000000
v 42.499999 -37.500001 25.000000
v 37.499999 -37.500001 25.000000
v 42.499999 -35.500001 25.000000
v 19.980595 -31.807601 25.000000
v 15.935510 -28.868674 25.000000
v 21.156165 -30.189567 25.000000
v 74.892078 13.965778 25.000000
v 76.437163 9.210496 25.000000
v 72.989965 13.347744 25.000000
v -26.156166 -30.189567 25.000000
v -22.111081 -27.250641 25.000000
v -24.980596 -31.807601 25.000000
v 60.019405 31.807601 25.000000
v 64.064490 28.868674 25.000000
v 58.843835 30.189567 25.000000
v -47.500001 -37.500001 25.000000
v -47.500001 -35.500001 25.000000
v -42.500001 -37.500001 25.000000
v 64.064489 -28.868675 25.000000
v 60.019404 -31.807601 25.000000
v 62.888919 -27.250641 25.000000
v -81.437163 -9.210496 25.000000
v -79.535050 -8.592462 25.000000
v -79.892078 -13.965778 25.000000
v 5.107922 -13.965778 25.000000
v 3.562837 -9.210496 25.000000
v 7.010035 -13.347744 25.000000
v 42.500001 37.500001 25.000000
v 42.500001 35.500001 25.000000
v 37.500001 37.500001 25.000000
v -69.064490 -28.868674 25.000000
v -67.888920 -27.250640 25.000000
v -65.019405 -31.807601 25.000000
v 3.562838 9.210497 25.000000
v 5.107923 13.965779 25.000000
v 5.464951 8.592463 25.000000
v -25.000000 45.825757 25.000000
v -25.065627 45.256699 25.000000
v -25.259062 44.717517 25.000000
v -25.570150 44.236519 25.000000
v -25.982558 43.838959 25.000000
v -26.474634 43.545708 25.000000
v -27.020543 43.372164 25.000000
v -27.591624 43.327437 25.000000
v -28.157895 43.413875 25.000000
v -25.000000 60.000000 25.000000
v -10.000000 32.500000 25.000000
v -10.000000 60.000000 25.000000
v -7.500000 30.000000 25.000000
v -8.147048 30.085185 25.000000
v -8.750000 30.334936 25.000000
v -9.267767 30.732233 25.000000
v -9.665064 31.250000 25.000000
v -9.914815 31.852952 25.000000
v -5.000000 30.000000 25.000000
v -5.000000 25.000000 25.000000
v 0.000000 25.000000 25.000000
v -0.095171 22.876695 25.000000
v -0.193781 20.872970 25.000000
v -0.295855 18.989666 25.000000
v -0.401434 17.228163 25.000000
v -0.510570 15.590355 25.000000
v -0.623333 14.078597 25.000000
v -0.739801 12.695653 25.000000
v -0.860063 11.444631 25.000000
v -0.984218 10.328896 25.000000
v -1.112366 9.351974 25.000000
v -1.244609 8.517441 25.000000
v -1.381050 7.828796 25.000000
v -1.521781 7.289308 25.000000
v -1.666885 6.901854 25.000000
v -1.741099 6.765889 25.000000
v -1.816429 6.668742 25.000000
v -1.854515 6.634779 25.000000
v -1.892881 6.610577 25.000000
v -1.931528 6.596147 25.000000
v -1.970457 6.591495 25.000000
v -2.009667 6.596623 25.000000
v -2.049158 6.611528 25.000000
v -2.088931 6.636203 25.000000
v -2.128984 6.670636 25.000000
v -2.209930 6.768707 25.000000
v -2.291992 6.905569 25.000000
v -2.459436 7.294700 25.000000
v -2.631247 7.835663 25.000000
v -2.807342 8.525535 25.000000
v -2.987626 9.361014 25.000000
v -3.171996 10.338576 25.000000
v -3.360351 11.454627 25.000000
v -3.552588 12.705627 25.000000
v -3.748609 14.088203 25.000000
v -3.948326 15.599240 25.000000
v -4.151658 17.235974 25.000000
v -4.358539 18.996049 25.000000
v -4.568913 20.877574 25.000000
v -4.782742 22.879171 25.000000
v -0.085161 23.090917 17.505000
v -0.173086 21.277890 17.505000
v -0.286999 19.145817 17.505000
v -0.405316 17.166800 17.505000
v -0.544020 15.123400 17.505000
v -0.697964 13.172372 17.505000
v -0.867073 11.376996 17.505000
v -1.044704 9.846410 17.505000
v -1.225284 8.628854 17.505000
v -1.408816 7.709008 17.505000
v -1.595617 7.071527 17.505000
v -1.700972 6.834341 17.505000
v -1.808622 6.676946 17.505000
v -1.849781 6.638457 17.505000
v -1.891270 6.611394 17.505000
v -1.933087 6.595771 17.505000
v -1.954119 6.592253 17.505000
v -1.975233 6.591597 17.505000
v -2.016230 6.598428 17.505000
v -2.057533 6.615925 17.505000
v -2.099143 6.644077 17.505000
v -2.141058 6.682871 17.505000
v -2.248869 6.829056 17.505000
v -2.358637 7.043275 17.505000
v -2.527061 7.491239 17.505000
v -2.699780 8.088560 17.505000
v -2.855818 8.737839 17.505000
v -3.015071 9.498922 17.505000
v -3.167951 10.315868 17.505000
v -3.323563 11.227819 17.505000
v -3.475177 12.188885 17.505000
v -3.629197 13.233603 17.505000
v -3.928808 15.447235 17.505000
v -4.188082 17.539107 17.505000
v -4.453101 19.830681 17.505000
v -4.723761 22.318379 17.505000
v 7.010036 13.347745 25.000000
v -63.843835 -30.189567 25.000000
v 37.500001 35.500001 25.000000
v 5.464950 -8.592462 25.000000
v -77.989965 -13.347744 25.000000
v 58.843834 -30.189567 25.000000
v -42.500001 -35.500001 25.000000
v 62.888920 27.250640 25.000000
v -20.935511 -28.868675 25.000000
v 74.535050 8.592462 25.000000
v 17.111080 -27.250640 25.000000
v 37.499999 -35.500001 25.000000
v -79.535049 8.592463 25.000000
v -12.010035 13.347744 25.000000
v -67.888919 27.250641 25.000000
v -22.111080 27.250640 25.000000
v 72.989964 -13.347745 25.000000
v -10.107923 -13.965779 25.000000
v 21.156166 30.189567 25.000000
v 0.000000 60.000000 25.000000
v -2.105263 -24.269094 25.000000
v -1.705708 -23.789657 25.000000
v -1.199853 -23.424125 25.000000
v -0.619221 -23.195278 25.000000
v -0.000000 -23.117377 25.000000
v 0.619221 -23.195278 25.000000
v 1.199853 -23.424125 25.000000
v 1.705708 -23.789657 25.000000
v 2.105263 -24.269094 25.000000
v 1.705708 -23.789657 17.505000
v 1.199853 -23.424125 17.505000
v 0.619221 -23.195278 17.505000
v -0.000000 -23.117377 17.505000
v -0.619221 -23.195278 17.505000
v -1.199853 -23.424125 17.505000
v -1.705708 -23.789657 17.505000
v -4.170404 -27.225724 25.000000
v -6.465677 -30.007485 25.000000
v -8.976338 -32.596509 25.000000
v -11.686263 -34.976168 25.000000
v -14.578046 -37.131176 25.000000
v -17.633113 -39.047693 25.000000
v -20.831840 -40.713409 25.000000
v -24.153684 -42.117624 25.000000
v -27.577308 -43.251321 25.000000
v -31.080723 -44.107216 25.000000
v -34.641425 -44.679813 25.000000
v -38.236545 -44.965434 25.000000
v -41.842992 -44.962244 25.000000
v -45.437602 -44.670264 25.000000
v -48.997286 -44.091369 25.000000
v -52.499180 -43.229278 25.000000
v -55.920794 -42.089528 25.000000
v -59.240149 -40.679438 25.000000
v -62.435925 -39.008067 25.000000
v -65.487597 -37.086149 25.000000
v -68.375563 -34.926028 25.000000
v -71.081274 -32.541580 25.000000
v -73.587352 -29.948118 25.000000
v -75.877700 -27.162302 25.000000
v -77.937608 -24.202023 25.000000
v -79.753844 -21.086296 25.000000
v -81.314744 -17.835133 25.000000
v -82.610281 -14.469416 25.000000
v -83.632134 -11.010762 25.000000
v -84.373741 -7.481387 25.000000
v -84.830337 -3.903959 25.000000
v -84.998990 -0.301457 25.000000
v -84.878618 3.302982 25.000000
v -84.469992 6.886206 25.000000
v -83.775738 10.425200 25.000000
v -82.800314 13.897234 25.000000
v -81.549987 17.280006 25.000000
v -80.032786 20.551790 25.000000
v -78.258456 23.691571 25.000000
v -76.238395 26.679182 25.000000
v -73.985576 29.495434 25.000000
v -71.514469 32.122239 25.000000
v -68.840947 34.542724 25.000000
v -65.982181 36.741343 25.000000
v -62.956533 38.703974 25.000000
v -59.783436 40.418012 25.000000
v -56.483271 41.872447 25.000000
v -53.077235 43.057937 25.000000
v -49.587204 43.966868 25.000000
v -46.035596 44.593403 25.000000
v -42.445221 44.933516 25.000000
v -38.839141 44.985024 25.000000
v -35.240516 44.747596 25.000000
v -31.672462 44.222756 25.000000
v -100.000000 60.000000 25.000000
v -100.000000 -60.000000 25.000000
v 100.000000 -60.000000 25.000000
v 100.000000 60.000000 25.000000
v 10.000000 60.000001 25.000000
v 10.000000 38.729834 25.000000
v 10.073531 38.127962 25.000000
v 10.289800 37.561496 25.000000
v 10.636083 37.063757 25.000000
v 11.092011 36.664025 25.000000
v 11.630764 36.385814 25.000000
v 12.220650 36.245490 25.000000
v 12.826968 36.251307 25.000000
v 13.414053 36.402924 25.000000
v 13.947369 36.691421 25.000000
v 16.989223 38.671749 25.000000
v 20.180785 40.400479 25.000000
v 23.501290 41.866366 25.000000
v 26.929135 43.059871 25.000000
v 30.442019 43.973230 25.000000
v 34.017086 44.600502 25.000000
v 37.631079 44.937604 25.000000
v 41.260483 44.982343 25.000000
v 44.881686 44.734429 25.000000
v 48.471130 44.195474 25.000000
v 52.005461 43.368986 25.000000
v 55.461684 42.260340 25.000000
v 58.817315 40.876750 25.000000
v 62.050520 39.227217 25.000000
v 65.140266 37.322474 25.000000
v 68.066450 35.174911 25.000000
v 70.810035 32.798502 25.000000
v 73.353171 30.208708 25.000000
v 75.679312 27.422376 25.000000
v 77.773325 24.457635 25.000000
v 79.621586 21.333774 25.000000
v 81.212070 18.071117 25.000000
v 82.534431 14.690889 25.000000
v 83.580063 11.215083 25.000000
v 84.342166 7.666311 25.000000
v 84.815780 4.067664 25.000000
v 84.997824 0.442552 25.000000
v 84.887114 -3.185440 25.000000
v 84.484370 -6.792706 25.000000
v 83.792212 -10.355780 25.000000
v 82.815143 -13.851480 25.000000
v 81.559521 -17.257062 25.000000
v 80.033515 -20.550370 25.000000
v 78.247051 -23.709979 25.000000
v 76.211754 -26.715331 25.000000
v 73.940864 -29.546874 25.000000
v 71.449156 -32.186186 25.000000
v 68.752841 -34.616096 25.000000
v 65.869462 -36.820795 25.000000
v 62.817776 -38.785939 25.000000
v 59.617639 -40.498744 25.000000
v 56.289870 -41.948065 25.000000
v 52.856120 -43.124473 25.000000
v 49.338728 -44.020315 25.000000
v 45.760579 -44.629763 25.000000
v 42.144952 -44.948851 25.000000
v 38.515370 -44.975503 25.000000
v 34.895447 -44.709546 25.000000
v 31.308734 -44.152711 25.000000
v 27.778565 -43.308620 25.000000
v 24.327910 -42.182764 25.000000
v 20.979216 -40.782469 25.000000
v 17.754271 -39.116844 25.000000
v 14.674055 -37.196727 25.000000
v 11.758609 -35.034609 25.000000
v 9.026901 -32.644558 25.000000
v 6.496703 -30.042122 25.000000
v 4.184476 -27.244233 25.000000
v 10.073531 38.127962 17.505000
v 10.289800 37.561496 17.505000
v 10.636083 37.063757 17.505000
v 11.092011 36.664025 17.505000
v 11.630764 36.385814 17.505000
v 12.220650 36.245490 17.505000
v 12.826968 36.251307 17.505000
v 13.414053 36.402924 17.505000
v 100.000000 -60.000000 0.000000
v -100.000000 -60.000000 0.000000
v -100.000000 60.000000 0.000000
v 100.000000 60.000000 0.000000
vt 1.500000 -5.118178 0.000000
vt 0.000000 -5.118178 0.000000
vt 1.500000 -5.340708 0.000000
vt 0.000000 -5.340708 0.000000
vt 1.500000 5.340708 0.000000
vt 0.000000 5.340708 0.000000
vt 1.500000 5.118178 0.000000
vt 0.000000 5.118178 0.000000
vt 1.500000 4.895649 0.000000
vt 0.000000 4.895649 0.000000
vt 1.500000 4.673119 0.000000
vt -0.000000 4.673119 0.000000
vt 1.500000 4.450590 0.000000
vt -0.000000 4.450590 0.000000
vt 1.500000 4.228060 0.000000
vt -0.000000 4.228060 0.000000
vt 1.500000 4.005531 0.000000
vt -0.000000 4.005531 0.000000
vt 1.500000 3.783001 0.000000
vt 0.000000 3.783001 0.000000
vt 1.500000 3.560472 0.000000
vt -0.000000 3.560472 0.000000
vt 1.500000 3.337942 0.000000
vt -0.000000 3.337942 0.000000
vt 1.500000 3.115413 0.000000
vt -0.000000 3.115413 0.000000
vt 1.500000 2.892883 0.000000
vt 0.000000 2.892883 0.000000
vt 1.500000 2.670354 0.000000
vt 0.000000 2.670354 0.000000
vt 1.500000 2.447824 0.000000
vt 0.000000 2.447824 0.000000
vt 1.500000 2.225295 0.000000
vt 0.000000 2.225295 0.000000
vt 1.500000 2.002765 0.000000
vt 0.000000 2.002765 0.000000
vt 1.500000 1.780236 0.000000
vt -0.000000 1.780236 0.000000
vt 1.500000 1.557706 0.000000
vt 0.000000 1.557706 0.000000
vt 1.500000 1.335177 0.000000
vt 0.000000 1.335177 0.000000
vt 1.500000 1.112647 0.000000
vt 0.000000 1.112647 0.000000
vt 1.500000 0.890118 0.000000
vt 0.000000 0.890118 0.000000
vt 1.500000 0.667588 0.000000
vt -0.000000 0.667588 0.000000
vt 1.500000 0.445059 0.000000
vt -0.000000 0.445059 0.000000
vt 1.500000 0.222529 0.000000
vt -0.000000 0.222529 0.000000
vt 1.500000 0.000000 0.000000
vt 0.000000 0.000000 0.000000
vt 1.500000 -0.222529 0.000000
vt -0.000000 -0.222529 0.000000
vt 1.500000 -0.445059 0.000000
vt 0.000000 -0.445059 0.000000
vt 1.500000 -0.667588 0.000000
vt 0.000000 -0.667588 0.000000
vt 1.500000 -0.890118 0.000000
vt 0.000000 -0.890118 0.000000
vt 1.500000 -1.112647 0.000000
vt 0.000000 -1.112647 0.000000
vt 1.500000 -1.335177 0.000000
vt -0.000000 -1.335177 0.000000
vt 1.500000 -1.557706 0.000000
vt -0.000000 -1.557706 0.000000
vt 1.500000 -1.780236 0.000000
vt 0.000000 -1.780236 0.000000
vt 1.500000 -2.002765 0.000000
vt 0.000000 -2.002765 0.000000
vt 1.500000 -2.225295 0.000000
vt -0.000000 -2.225295 0.000000
vt 1.500000 -2.447824 0.000000
vt 0.000000 -2.447824 0.000000
vt 1.500000 -2.670354 0.000000
vt 0.000000 -2.670354 0.000000
vt 1.500000 -2.892883 0.000000
vt 0.000000 -2.892883 0.000000
vt 1.500000 -3.115413 0.000000
vt -0.000000 -3.115413 0.000000
vt 1.500000 -3.337942 0.000000
vt 0.000000 -3.337942 0.000000
vt 1.500000 -3.560472 0.000000
vt -0.000000 -3.560472 0.000000
vt 1.500000 -3.783001 0.000000
vt 0.000000 -3.783001 0.000000
vt 1.500000 -4.005531 0.000000
vt -0.000000 -4.005531 0.000000
vt 1.500000 -4.228060 0.000000
vt -0.000000 -4.228060 0.000000
vt 1.500000 -4.450590 0.000000
vt 0.000000 -4.450590 0.000000
vt 1.500000 -4.673119 0.000000
vt 0.000000 -4.673119 0.000000
vt 1.500000 -4.895649 0.000000
vt 0.000000 -4.895649 0.000000
vt -1.500000 5.966005 0.000000
vt -0.000000 5.966005 0.000000
vt -1.500000 6.204645 0.000000
vt -0.000000 6.204645 0.000000
vt -1.500000 -6.204645 0.000000
vt -0.000000 -6.204645 0.000000
vt -1.500000 -5.966005 0.000000
vt -0.000000 -5.966005 0.000000
vt -1.500000 -5.727365 0.000000
vt -0.000000 -5.727365 0.000000
vt -1.500000 -5.488725 0.000000
vt -0.000000 -5.488725 0.000000
vt -1.500000 -5.250085 0.000000
vt -0.000000 -5.250085 0.000000
vt -1.500000 -5.011444 0.000000
vt -0.000000 -5.011444 0.000000
vt -1.500000 -4.772804 0.000000
vt -0.000000 -4.772804 0.000000
vt -1.500000 -4.534164 0.000000
vt -0.000000 -4.534164 0.000000
vt -1.500000 -4.295524 0.000000
vt -0.000000 -4.295524 0.000000
vt -1.500000 -4.056884 0.000000
vt -0.000000 -4.056884 0.000000
vt -1.500000 -3.818243 0.000000
vt -0.000000 -3.818243 0.000000
vt -1.500000 -3.579603 0.000000
vt -0.000000 -3.579603 0.000000
vt -1.500000 -3.340963 0.000000
vt -0.000000 -3.340963 0.000000
vt -1.500000 -3.102323 0.000000
vt -0.000000 -3.102323 0.000000
vt -1.500000 -2.863683 0.000000
vt -0.000000 -2.863683 0.000000
vt -1.500000 -2.625042 0.000000
vt -0.000000 -2.625042 0.000000
vt -1.500000 -2.386402 0.000000
vt -0.000000 -2.386402 0.000000
vt -1.500000 -2.147762 0.000000
vt -0.000000 -2.147762 0.000000
vt -1.500000 -1.909122 0.000000
vt -0.000000 -1.909122 0.000000
vt -1.500000 -1.670481 0.000000
vt -0.000000 -1.670481 0.000000
vt -1.500000 -1.431841 0.000000
vt -0.000000 -1.431841 0.000000
vt -1.500000 -1.193201 0.000000
vt -0.000000 -1.193201 0.000000
vt -1.500000 -0.954561 0.000000
vt -0.000000 -0.954561 0.000000
vt -1.500000 -0.715921 0.000000
vt -0.000000 -0.715921 0.000000
vt -1.500000 -0.477280 0.000000
vt -0.000000 -0.477280 0.000000
vt -1.500000 -0.238640 0.000000
vt -0.000000 -0.238640 0.000000
vt -1.500000 0.000000 0.000000
vt -0.000000 0.000000 0.000000
vt -1.500000 0.238640 0.000000
vt -0.000000 0.238640 0.000000
vt -1.500000 0.477280 0.000000
vt -0.000000 0.477280 0.000000
vt -1.500000 0.715921 0.000000
vt -0.000000 0.715921 0.000000
vt -1.500000 0.954561 0.000000
vt -0.000000 0.954561 0.000000
vt -1.500000 1.193201 0.000000
vt -0.000000 1.193201 0.000000
vt -1.500000 1.431841 0.000000
vt -0.000000 1.431841 0.000000
vt -1.500000 1.670481 0.000000
vt -0.000000 1.670481 0.000000
vt -1.500000 1.909122 0.000000
vt -0.000000 1.909122 0.000000
vt -1.500000 2.147762 0.000000
vt -0.000000 2.147762 0.000000
vt -1.500000 2.386402 0.000000
vt -0.000000 2.386402 0.000000
vt -1.500000 2.625042 0.000000
vt -0.000000 2.625042 0.000000
vt -1.500000 2.863683 0.000000
vt -0.000000 2.863683 0.000000
vt -1.500000 3.102323 0.000000
vt -0.000000 3.102323 0.000000
vt -1.500000 3.340963 0.000000
vt -0.000000 3.340963 0.000000
vt -1.500000 3.579603 0.000000
vt -0.000000 3.579603 0.000000
vt -1.500000 3.818243 0.000000
vt -0.000000 3.818243 0.000000
vt -1.500000 4.056884 0.000000
vt -0.000000 4.056884 0.000000
vt -1.500000 4.295524 0.000000
vt -0.000000 4.295524 0.000000
vt -1.500000 4.534164 0.000000
vt -0.000000 4.534164 0.000000
vt -1.500000 4.772804 0.000000
vt -0.000000 4.772804 0.000000
vt -1.500000 5.011444 0.000000
vt -0.000000 5.011444 0.000000
vt -1.500000 5.250085 0.000000
vt -0.000000 5.250085 0.000000
vt -1.500000 5.488725 0.000000
vt -0.000000 5.488725 0.000000
vt -1.500000 5.727365 0.000000
vt -0.000000 5.727365 0.000000
vt -1.685456 0.221895 0.000000
vt -1.960600 0.238060 0.000000
vt -1.700000 -0.000000 0.000000
vt -1.975000 -0.000000 0.000000
vt -1.960600 -0.238060 0.000000
vt -1.917610 0.472648 0.000000
vt -1.642074 0.439992 0.000000
vt -1.846657 0.700345 0.000000
vt -1.570595 0.650562 0.000000
vt -1.748776 0.917828 0.000000
vt -1.472243 0.850000 0.000000
vt -1.625393 1.121928 0.000000
vt -1.348701 1.034894 0.000000
vt -1.478309 1.309667 0.000000
vt -1.202082 1.202082 0.000000
vt -1.309667 1.478309 0.000000
vt -1.034894 1.348701 0.000000
vt -1.121928 1.625393 0.000000
vt -0.850000 1.472243 0.000000
vt -0.917828 1.748776 0.000000
vt -0.650562 1.570595 0.000000
vt -0.700345 1.846657 0.000000
vt -0.439992 1.642074 0.000000
vt -0.472648 1.917610 0.000000
vt -0.221895 1.685456 0.000000
vt -0.238060 1.960600 0.000000
vt 0.000000 1.700000 0.000000
vt 0.000000 1.975000 0.000000
vt 0.238060 1.960600 0.000000
vt 0.221895 1.685456 0.000000
vt 0.472648 1.917610 0.000000
vt 0.439992 1.642074 0.000000
vt 0.700345 1.846657 0.000000
vt 0.650562 1.570595 0.000000
vt 0.917828 1.748776 0.000000
vt 0.850000 1.472243 0.000000
vt 1.121928 1.625393 0.000000
vt 1.034894 1.348701 0.000000
vt 1.309667 1.478309 0.000000
vt 1.202082 1.202082 0.000000
vt 1.478309 1.309667 0.000000
vt 1.348701 1.034894 0.000000
vt 1.625393 1.121928 0.000000
vt 1.472243 0.850000 0.000000
vt 1.748776 0.917828 0.000000
vt 1.570595 0.650562 0.000000
vt 1.846657 0.700345 0.000000
vt 1.642074 0.439992 0.000000
vt 1.917610 0.472648 0.000000
vt 1.685456 0.221895 0.000000
vt 1.960600 0.238060 0.000000
vt 1.700000 0.000000 0.000000
vt 1.975000 0.000000 0.000000
vt 1.960600 -0.238060 0.000000
vt 1.685456 -0.221895 0.000000
vt 1.917610 -0.472648 0.000000
vt 1.642074 -0.439992 0.000000
vt 1.846657 -0.700345 0.000000
vt 1.570595 -0.650562 0.000000
vt 1.748776 -0.917828 0.000000
vt 1.472243 -0.850000 0.000000
vt 1.625393 -1.121928 0.000000
vt 1.348701 -1.034894 0.000000
vt 1.478309 -1.309667 0.000000
vt 1.202082 -1.202082 0.000000
vt 1.309667 -1.478309 0.000000
vt 1.034894 -1.348701 0.000000
vt 1.121928 -1.625393 0.000000
vt 0.850000 -1.472243 0.000000
vt 0.917828 -1.748776 0.000000
vt 0.650562 -1.570595 0.000000
vt 0.700345 -1.846657 0.000000
vt 0.439992 -1.642074 0.000000
vt 0.472648 -1.917610 0.000000
vt 0.221895 -1.685456 0.000000
vt 0.238060 -1.960600 0.000000
vt 0.000000 -1.700000 0.000000
vt 0.000000 -1.975000 0.000000
vt -0.238060 -1.960600 0.000000
vt -0.221895 -1.685456 0.000000
vt -0.472648 -1.917610 0.000000
vt -0.439992 -1.642074 0.000000
vt -0.700345 -1.846657 0.000000
vt -0.650562 -1.570595 0.000000
vt -0.917828 -1.748776 0.000000
vt -0.850000 -1.472243 0.000000
vt -1.121928 -1.625393 0.000000
vt -1.034894 -1.348701 0.000000
vt -1.309667 -1.478309 0.000000
vt -1.202082 -1.202082 0.000000
vt -1.478309 -1.309667 0.000000
vt -1.348701 -1.034894 0.000000
vt -1.625393 -1.121928 0.000000
vt -1.472243 -0.850000 0.000000
vt -1.748776 -0.917828 0.000000
vt -1.570595 -0.650562 0.000000
vt -1.846657 -0.700345 0.000000
vt -1.642074 -0.439992 0.000000
vt -1.917610 -0.472648 0.000000
vt -1.685456 -0.221895 0.000000
vt -6.060600 0.238060 0.000000
vt -7.453505 0.859246 0.000000
vt -6.075000 -0.000000 0.000000
vt -8.488711 0.318544 0.000000
vt -8.499782 -0.044255 0.000000
vt -6.017610 0.472648 0.000000
vt -5.946657 0.700345 0.000000
vt -5.848776 0.917828 0.000000
vt -7.298996 1.334775 0.000000
vt -5.725393 1.121928 0.000000
vt -5.578309 1.309667 0.000000
vt -5.409667 1.478309 0.000000
vt -6.288892 2.725064 0.000000
vt -7.824705 2.370998 0.000000
vt -7.621175 2.671533 0.000000
vt -6.406449 2.886867 0.000000
vt -7.394086 2.954687 0.000000
vt -7.144916 3.218619 0.000000
vt -6.875284 3.461610 0.000000
vt -6.001940 3.180760 0.000000
vt -6.586946 3.682080 0.000000
vt -6.281778 3.878594 0.000000
vt -5.961764 4.049874 0.000000
vt -4.250000 3.550000 0.000000
vt -5.628987 4.194806 0.000000
vt -4.250000 3.750000 0.000000
vt -5.285612 4.312447 0.000000
vt -4.933873 4.402032 0.000000
vt -4.576058 4.462976 0.000000
vt -4.214495 4.494885 0.000000
vt -3.851537 4.497550 0.000000
vt -3.750000 3.750000 0.000000
vt -3.489545 4.470955 0.000000
vt -3.130873 4.415271 0.000000
vt -2.777857 4.330862 0.000000
vt -2.432791 4.218276 0.000000
vt -2.097922 4.078247 0.000000
vt -3.750000 3.550000 0.000000
vt -1.998059 3.180760 0.000000
vt -2.115617 3.018957 0.000000
vt -3.861940 1.960600 0.000000
vt -3.627352 1.917610 0.000000
vt -5.221928 1.625393 0.000000
vt -5.017828 1.748776 0.000000
vt -4.800345 1.846657 0.000000
vt -5.884383 3.018957 0.000000
vt -4.572648 1.917610 0.000000
vt -4.338060 1.960600 0.000000
vt -4.100000 1.975000 0.000000
vt -3.399655 1.846657 0.000000
vt -1.711108 2.725064 0.000000
vt -3.182172 1.748776 0.000000
vt -2.978072 1.625393 0.000000
vt -2.790333 1.478309 0.000000
vt -0.701004 1.334774 0.000000
vt -0.170571 2.378966 0.000000
vt -0.510792 1.396578 0.000000
vt -0.119985 2.342413 0.000000
vt -0.061922 2.319528 0.000000
vt 0.000000 2.311738 0.000000
vt 0.061922 2.319528 0.000000
vt 1.010792 1.396578 0.000000
vt 0.119985 2.342413 0.000000
vt 0.170571 2.378966 0.000000
vt 0.210526 2.426909 0.000000
vt 2.211108 2.725064 0.000000
vt 0.417040 2.722572 0.000000
vt 2.093551 2.886867 0.000000
vt 0.646568 3.000748 0.000000
vt 0.897634 3.259651 0.000000
vt 1.168626 3.497617 0.000000
vt 2.498060 3.180760 0.000000
vt 1.457805 3.713118 0.000000
vt 1.763311 3.904769 0.000000
vt 2.083184 4.071341 0.000000
vt 2.415368 4.211762 0.000000
vt 2.757731 4.325132 0.000000
vt 4.250000 3.750000 0.000000
vt 3.108072 4.410722 0.000000
vt 3.464143 4.467981 0.000000
vt 3.823655 4.496543 0.000000
vt 4.184299 4.496224 0.000000
vt 4.543760 4.467026 0.000000
vt 4.750000 3.750000 0.000000
vt 4.899729 4.409137 0.000000
vt 5.249918 4.322928 0.000000
vt 5.592079 4.208953 0.000000
vt 5.924015 4.067944 0.000000
vt 4.750000 3.550000 0.000000
vt 6.243592 3.900807 0.000000
vt 6.501941 3.180760 0.000000
vt 6.548760 3.708615 0.000000
vt 6.837556 3.492603 0.000000
vt 7.108127 3.254158 0.000000
vt 6.906449 2.886867 0.000000
vt 7.358735 2.994812 0.000000
vt 7.587770 2.716230 0.000000
vt 6.788892 2.725064 0.000000
vt 7.793761 2.420202 0.000000
vt 7.975384 2.108630 0.000000
vt 5.359667 1.478309 0.000000
vt 5.528309 1.309667 0.000000
vt -2.621691 1.309667 0.000000
vt -2.474607 1.121928 0.000000
vt -2.351224 0.917828 0.000000
vt -0.546495 0.859246 0.000000
vt -2.253343 0.700345 0.000000
vt -2.182390 0.472648 0.000000
vt -2.139400 0.238060 0.000000
vt -2.125000 0.000000 0.000000
vt -0.546495 -0.859246 0.000000
vt -2.139400 -0.238060 0.000000
vt -2.182390 -0.472648 0.000000
vt -2.253343 -0.700345 0.000000
vt -2.351224 -0.917828 0.000000
vt -0.701004 -1.334775 0.000000
vt -2.474607 -1.121928 0.000000
vt -2.621691 -1.309667 0.000000
vt -2.790333 -1.478309 0.000000
vt -1.711108 -2.725064 0.000000
vt 0.017319 -2.127790 0.000000
vt 0.007923 -2.321917 0.000000
vt -0.000000 -2.500000 0.000000
vt -1.593551 -2.886867 0.000000
vt -1.163076 -3.638581 0.000000
vt -1.222065 -3.624549 0.000000
vt -1.282697 -3.625131 0.000000
vt -1.998060 -3.180760 0.000000
vt -1.341405 -3.640292 0.000000
vt -1.394737 -3.669142 0.000000
vt -1.698922 -3.867175 0.000000
vt -2.018079 -4.040048 0.000000
vt -3.750000 -3.550000 0.000000
vt -2.350129 -4.186637 0.000000
vt -3.750000 -3.750000 0.000000
vt -2.692914 -4.305987 0.000000
vt -3.044202 -4.397323 0.000000
vt -3.401709 -4.460050 0.000000
vt -3.763108 -4.493760 0.000000
vt -4.126048 -4.498234 0.000000
vt -4.250000 -3.750000 0.000000
vt -4.488169 -4.473443 0.000000
vt -4.847113 -4.419547 0.000000
vt -5.200546 -4.336899 0.000000
vt -5.546168 -4.226034 0.000000
vt -5.881731 -4.087675 0.000000
vt -4.250000 -3.550000 0.000000
vt -6.001941 -3.180760 0.000000
vt -5.884383 -3.018957 0.000000
vt -4.338060 -1.960600 0.000000
vt -4.572648 -1.917610 0.000000
vt -2.978072 -1.625393 0.000000
vt -3.182172 -1.748776 0.000000
vt -3.399655 -1.846657 0.000000
vt -2.115617 -3.018957 0.000000
vt -3.627352 -1.917610 0.000000
vt -3.861940 -1.960600 0.000000
vt -4.100000 -1.975000 0.000000
vt -4.800345 -1.846657 0.000000
vt -6.288892 -2.725064 0.000000
vt -5.017828 -1.748776 0.000000
vt -5.221928 -1.625393 0.000000
vt -5.409667 -1.478309 0.000000
vt -7.298996 -1.334774 0.000000
vt -7.962159 -2.133377 0.000000
vt -7.489208 -1.396578 0.000000
vt -8.121207 -1.807112 0.000000
vt -8.253443 -1.469089 0.000000
vt -8.358006 -1.121508 0.000000
vt -7.643716 -0.921050 0.000000
vt -8.434217 -0.766631 0.000000
vt -8.481578 -0.406766 0.000000
vt -7.453505 -0.859246 0.000000
vt -5.578309 -1.309667 0.000000
vt -5.725393 -1.121928 0.000000
vt -5.848776 -0.917828 0.000000
vt -5.946657 -0.700345 0.000000
vt -6.017610 -0.472648 0.000000
vt -6.060600 -0.238060 0.000000
vt -1.000000 -6.000000 0.000000
vt -0.000000 -6.000000 0.000000
vt -1.000000 -3.872983 0.000000
vt -1.007353 -3.812796 0.000000
vt -1.028980 -3.756150 0.000000
vt -1.063608 -3.706376 0.000000
vt -1.109201 -3.666402 0.000000
vt -0.510792 -1.396578 0.000000
vt 0.040564 -1.716682 0.000000
vt 0.054432 -1.512342 0.000000
vt 0.069811 -1.317238 0.000000
vt 0.086707 -1.137700 0.000000
vt -0.356284 -0.921050 0.000000
vt 0.095544 -1.057161 0.000000
vt 0.104449 -0.984638 0.000000
vt 0.113426 -0.919941 0.000000
vt 0.122480 -0.862877 0.000000
vt 0.140836 -0.770890 0.000000
vt 0.159554 -0.707150 0.000000
vt 0.169148 -0.685226 0.000000
vt 0.174648 -0.675759 0.000000
vt 0.180862 -0.667695 0.000000
vt 0.184383 -0.664330 0.000000
vt 0.188378 -0.661542 0.000000
vt 0.192791 -0.659708 0.000000
vt 0.195130 -0.659256 0.000000
vt 0.197523 -0.659160 0.000000
vt -0.356284 0.921050 0.000000
vt 0.856284 0.921050 0.000000
vt 1.046495 0.859246 0.000000
vt 0.199882 -0.659423 0.000000
vt 0.202200 -0.660024 0.000000
vt 2.075000 -0.000000 0.000000
vt 0.206569 -0.662062 0.000000
vt 2.089400 -0.238060 0.000000
vt 1.046495 -0.859246 0.000000
vt 2.132390 -0.472648 0.000000
vt 2.203343 -0.700345 0.000000
vt 2.301224 -0.917828 0.000000
vt 1.201004 -1.334774 0.000000
vt 2.424607 -1.121928 0.000000
vt 2.571691 -1.309667 0.000000
vt 2.740333 -1.478309 0.000000
vt 2.211108 -2.725064 0.000000
vt 2.928072 -1.625393 0.000000
vt 3.132172 -1.748776 0.000000
vt 3.349655 -1.846657 0.000000
vt 3.577352 -1.917610 0.000000
vt 2.615617 -3.018957 0.000000
vt 3.811940 -1.960600 0.000000
vt 4.050000 -1.975000 0.000000
vt 4.250000 -3.550000 0.000000
vt 4.288060 -1.960600 0.000000
vt 4.750000 -3.550000 0.000000
vt 4.522648 -1.917610 0.000000
vt 6.384383 -3.018957 0.000000
vt 4.750345 -1.846657 0.000000
vt 4.967828 -1.748776 0.000000
vt 6.788892 -2.725064 0.000000
vt 5.171928 -1.625393 0.000000
vt 5.359667 -1.478309 0.000000
vt 8.003279 -2.055179 0.000000
vt 5.528309 -1.309667 0.000000
vt 7.798996 -1.334775 0.000000
vt 5.675393 -1.121928 0.000000
vt 5.798776 -0.917828 0.000000
vt 5.896657 -0.700345 0.000000
vt 7.953505 -0.859246 0.000000
vt 5.967610 -0.472648 0.000000
vt 6.010600 -0.238060 0.000000
vt 8.487862 -0.330298 0.000000
vt 6.025000 0.000000 0.000000
vt 8.499899 0.030146 0.000000
vt 6.010600 0.238060 0.000000
vt 8.483034 0.390396 0.000000
vt 7.953505 0.859246 0.000000
vt 8.437374 0.748139 0.000000
vt 8.143716 0.921050 0.000000
vt 8.363213 1.101076 0.000000
vt 7.989208 1.396578 0.000000
vt 8.261028 1.446942 0.000000
vt 8.131474 1.783513 0.000000
vt 0.210501 -0.664889 0.000000
vt 0.214106 -0.668287 0.000000
vt 0.225867 -0.684553 0.000000
vt 0.235864 -0.704327 0.000000
vt 0.856284 -0.921050 0.000000
vt 0.253238 -0.750746 0.000000
vt 0.269984 -0.808854 0.000000
vt 0.301509 -0.949892 0.000000
vt 0.316958 -1.032443 0.000000
vt 0.332379 -1.122778 0.000000
vt 1.010792 -1.396578 0.000000
vt 0.362970 -1.323353 0.000000
vt 0.392945 -1.544715 0.000000
vt 0.500000 -2.500000 0.000000
vt 0.500000 -3.000000 0.000000
vt 0.750000 -3.000000 0.000000
vt 0.814705 -3.008519 0.000000
vt 0.875000 -3.033494 0.000000
vt 2.093551 -2.886867 0.000000
vt 0.926777 -3.073223 0.000000
vt 0.966506 -3.125000 0.000000
vt 0.991481 -3.185295 0.000000
vt 1.000000 -3.250000 0.000000
vt 2.498059 -3.180760 0.000000
vt 2.647463 -4.354571 0.000000
vt 2.702054 -4.337216 0.000000
vt 1.000000 -6.000000 0.000000
vt 2.500000 -4.582576 0.000000
vt 2.506563 -4.525670 0.000000
vt 2.525906 -4.471752 0.000000
vt 2.500000 -6.000000 0.000000
vt 2.557015 -4.423652 0.000000
vt 2.598256 -4.383896 0.000000
vt 2.759162 -4.332744 0.000000
vt 2.815790 -4.341388 0.000000
vt 4.250000 -3.750000 0.000000
vt 3.167246 -4.422276 0.000000
vt 3.524052 -4.474760 0.000000
vt 3.883914 -4.498502 0.000000
vt 4.244522 -4.493352 0.000000
vt 4.603560 -4.459340 0.000000
vt 4.750000 -3.750000 0.000000
vt 4.958720 -4.396687 0.000000
vt 5.307723 -4.305794 0.000000
vt 5.648327 -4.187245 0.000000
vt 5.978344 -4.041801 0.000000
vt 6.295653 -3.870397 0.000000
vt 6.501940 -3.180760 0.000000
vt 6.598218 -3.674134 0.000000
vt 6.884095 -3.454272 0.000000
vt 7.151447 -3.212224 0.000000
vt 6.906449 -2.886867 0.000000
vt 7.398558 -2.949543 0.000000
vt 7.623839 -2.667918 0.000000
vt 7.825846 -2.369157 0.000000
vt 8.154999 -1.728001 0.000000
vt 7.989208 -1.396578 0.000000
vt 8.280031 -1.389723 0.000000
vt 8.377574 -1.042520 0.000000
vt 8.143716 -0.921050 0.000000
vt 8.446999 -0.688621 0.000000
vt 7.798996 1.334774 0.000000
vt -0.210526 2.426909 0.000000
vt -0.418448 2.724423 0.000000
vt -1.593551 2.886867 0.000000
vt -0.649670 3.004212 0.000000
vt -0.902690 3.264456 0.000000
vt -1.175861 3.503461 0.000000
vt -1.467406 3.719673 0.000000
vt -1.775427 3.911684 0.000000
vt -7.489208 1.396578 0.000000
vt -8.003351 2.055037 0.000000
vt -8.155952 1.725706 0.000000
vt -8.281514 1.385148 0.000000
vt -7.643716 0.921050 0.000000
vt -8.379221 1.035578 0.000000
vt -8.448437 0.679271 0.000000
vt -7.777332 -2.445764 0.000000
vt -7.567931 -2.742238 0.000000
vt -6.406449 -2.886867 0.000000
vt -7.335317 -3.020871 0.000000
vt -7.081003 -3.279850 0.000000
vt -6.806645 -3.517491 0.000000
vt -6.514027 -3.732247 0.000000
vt -6.205052 -3.922722 0.000000
vt 1.201004 1.334775 0.000000
vt 2.740333 1.478309 0.000000
vt 2.928072 1.625393 0.000000
vt 2.301224 0.917828 0.000000
vt 2.424607 1.121928 0.000000
vt 2.571691 1.309667 0.000000
vt 4.250000 3.550000 0.000000
vt 2.615617 3.018957 0.000000
vt 4.050000 1.975000 0.000000
vt 3.811940 1.960600 0.000000
vt 3.577352 1.917610 0.000000
vt 3.349655 1.846657 0.000000
vt 3.132172 1.748776 0.000000
vt 4.288060 1.960600 0.000000
vt 4.522648 1.917610 0.000000
vt 6.384383 3.018957 0.000000
vt 4.750345 1.846657 0.000000
vt 4.967828 1.748776 0.000000
vt 5.896657 0.700345 0.000000
vt 5.967610 0.472648 0.000000
vt 5.171928 1.625393 0.000000
vt 2.089400 0.238060 0.000000
vt 2.132390 0.472648 0.000000
vt 2.203343 0.700345 0.000000
vt 5.675393 1.121928 0.000000
vt 5.798776 0.917828 0.000000
vt 1.500000 -5.118178 0.000000
vt 0.000000 -5.118178 0.000000
vt 1.500000 -5.340708 0.000000
vt 0.000000 -5.340708 0.000000
vt 1.500000 5.340708 0.000000
vt 0.000000 5.340708 0.000000
vt 1.500000 5.118178 0.000000
vt 0.000000 5.118178 0.000000
vt 1.500000 4.895649 0.000000
vt -0.000000 4.895649 0.000000
vt 1.500000 4.673119 0.000000
vt -0.000000 4.673119 0.000000
vt 1.500000 4.450590 0.000000
vt -0.000000 4.450590 0.000000
vt 1.500000 4.228060 0.000000
vt -0.000000 4.228060 0.000000
vt 1.500000 4.005531 0.000000
vt 0.000000 4.005531 0.000000
vt 1.500000 3.783001 0.000000
vt 0.000000 3.783001 0.000000
vt 1.500000 3.560472 0.000000
vt -0.000000 3.560472 0.000000
vt 1.500000 3.337942 0.000000
vt -0.000000 3.337942 0.000000
vt 1.500000 3.115413 0.000000
vt 0.000000 3.115413 0.000000
vt 1.500000 2.892883 0.000000
vt 0.000000 2.892883 0.000000
vt 1.500000 2.670354 0.000000
vt 0.000000 2.670354 0.000000
vt 1.500000 2.447824 0.000000
vt 0.000000 2.447824 0.000000
vt 1.500000 2.225295 0.000000
vt -0.000000 2.225295 0.000000
vt 1.500000 2.002765 0.000000
vt 0.000000 2.002765 0.000000
vt 1.500000 1.780236 0.000000
vt -0.000000 1.780236 0.000000
vt 1.500000 1.557706 0.000000
vt -0.000000 1.557706 0.000000
vt 1.500000 1.335177 0.000000
vt -0.000000 1.335177 0.000000
vt 1.500000 1.112647 0.000000
vt -0.000000 1.112647 0.000000
vt 1.500000 0.890118 0.000000
vt 0.000000 0.890118 0.000000
vt 1.500000 0.667588 0.000000
vt -0.000000 0.667588 0.000000
vt 1.500000 0.445059 0.000000
vt 0.000000 0.445059 0.000000
vt 1.500000 0.222529 0.000000
vt 0.000000 0.222529 0.000000
vt 1.500000 0.000000 0.000000
vt 0.000000 0.000000 0.000000
vt 1.500000 -0.222529 0.000000
vt 0.000000 -0.222529 0.000000
vt 1.500000 -0.445059 0.000000
vt -0.000000 -0.445059 0.000000
vt 1.500000 -0.667588 0.000000
vt 0.000000 -0.667588 0.000000
vt 1.500000 -0.890118 0.000000
vt -0.000000 -0.890118 0.000000
vt 1.500000 -1.112647 0.000000
vt 0.000000 -1.112647 0.000000
vt 1.500000 -1.335177 0.000000
vt 0.000000 -1.335177 0.000000
vt 1.500000 -1.557706 0.000000
vt -0.000000 -1.557706 0.000000
vt 1.500000 -1.780236 0.000000
vt 0.000000 -1.780236 0.000000
vt 1.500000 -2.002765 0.000000
vt 0.000000 -2.002765 0.000000
vt 1.500000 -2.225295 0.000000
vt 0.000000 -2.225295 0.000000
vt 1.500000 -2.447824 0.000000
vt 0.000000 -2.447824 0.000000
vt 1.500000 -2.670354 0.000000
vt 0.000000 -2.670354 0.000000
vt 1.500000 -2.892883 0.000000
vt 0.000000 -2.892883 0.000000
vt 1.500000 -3.115413 0.000000
vt 0.000000 -3.115413 0.000000
vt 1.500000 -3.337942 0.000000
vt -0.000000 -3.337942 0.000000
vt 1.500000 -3.560472 0.000000
vt 0.000000 -3.560472 0.000000
vt 1.500000 -3.783001 0.000000
vt -0.000000 -3.783001 0.000000
vt 1.500000 -4.005531 0.000000
vt 0.000000 -4.005531 0.000000
vt 1.500000 -4.228060 0.000000
vt -0.000000 -4.228060 0.000000
vt 1.500000 -4.450590 0.000000
vt 0.000000 -4.450590 0.000000
vt 1.500000 -4.673119 0.000000
vt -0.000000 -4.673119 0.000000
vt 1.500000 -4.895649 0.000000
vt -0.000000 -4.895649 0.000000
vt -1.500000 5.966005 0.000000
vt -0.000000 5.966005 0.000000
vt -1.500000 6.204645 0.000000
vt -0.000000 6.204645 0.000000
vt -1.500000 -6.204645 0.000000
vt -0.000000 -6.204645 0.000000
vt -1.500000 -5.966005 0.000000
vt -0.000000 -5.966005 0.000000
vt -1.500000 -5.727365 0.000000
vt -0.000000 -5.727365 0.000000
vt -1.500000 -5.488725 0.000000
vt -0.000000 -5.488725 0.000000
vt -1.500000 -5.250085 0.000000
vt -0.000000 -5.250085 0.000000
vt -1.500000 -5.011444 0.000000
vt -0.000000 -5.011444 0.000000
vt -1.500000 -4.772804 0.000000
vt -0.000000 -4.772804 0.000000
vt -1.500000 -4.534164 0.000000
vt -0.000000 -4.534164 0.000000
vt -1.500000 -4.295524 0.000000
vt -0.000000 -4.295524 0.000000
vt -1.500000 -4.056884 0.000000
vt -0.000000 -4.056884 0.000000
vt -1.500000 -3.818243 0.000000
vt -0.000000 -3.818243 0.000000
vt -1.500000 -3.579603 0.000000
vt -0.000000 -3.579603 0.000000
vt -1.500000 -3.340963 0.000000
vt -0.000000 -3.340963 0.000000
vt -1.500000 -3.102323 0.000000
vt -0.000000 -3.102323 0.000000
vt -1.500000 -2.863683 0.000000
vt -0.000000 -2.863683 0.000000
vt -1.500000 -2.625042 0.000000
vt -0.000000 -2.625042 0.000000
vt -1.500000 -2.386402 0.000000
vt -0.000000 -2.386402 0.000000
vt -1.500000 -2.147762 0.000000
vt -0.000000 -2.147762 0.000000
vt -1.500000 -1.909122 0.000000
vt -0.000000 -1.909122 0.000000
vt -1.500000 -1.670481 0.000000
vt -0.000000 -1.670481 0.000000
vt -1.500000 -1.431841 0.000000
vt -0.000000 -1.431841 0.000000
vt -1.500000 -1.193201 0.000000
vt -0.000000 -1.193201 0.000000
vt -1.500000 -0.954561 0.000000
vt -0.000000 -0.954561 0.000000
vt -1.500000 -0.715921 0.000000
vt -0.000000 -0.715921 0.000000
vt -1.500000 -0.477280 0.000000
vt -0.000000 -0.477280 0.000000
vt -1.500000 -0.238640 0.000000
vt -0.000000 -0.238640 0.000000
vt -1.500000 0.000000 0.000000
vt -0.000000 0.000000 0.000000
vt -1.500000 0.238640 0.000000
vt -0.000000 0.238640 0.000000
vt -1.500000 0.477280 0.000000
vt -0.000000 0.477280 0.000000
vt -1.500000 0.715921 0.000000
vt -0.000000 0.715921 0.000000
vt -1.500000 0.954561 0.000000
vt -0.000000 0.954561 0.000000
vt -1.500000 1.193201 0.000000
vt -0.000000 1.193201 0.000000
vt -1.500000 1.431841 0.000000
vt -0.000000 1.431841 0.000000
vt -1.500000 1.670481 0.000000
vt -0.000000 1.670481 0.000000
vt -1.500000 1.909122 0.000000
vt -0.000000 1.909122 0.000000
vt -1.500000 2.147762 0.000000
vt -0.000000 2.147762 0.000000
vt -1.500000 2.386402 0.000000
vt -0.000000 2.386402 0.000000
vt -1.500000 2.625042 0.000000
vt -0.000000 2.625042 0.000000
vt -1.500000 2.863683 0.000000
vt -0.000000 2.863683 0.000000
vt -1.500000 3.102323 0.000000
vt -0.000000 3.102323 0.000000
vt -1.500000 3.340963 0.000000
vt -0.000000 3.340963 0.000000
vt -1.500000 3.579603 0.000000
vt -0.000000 3.579603 0.000000
vt -1.500000 3.818243 0.000000
vt -0.000000 3.818243 0.000000
vt -1.500000 4.056884 0.000000
vt -0.000000 4.056884 0.000000
vt -1.500000 4.295524 0.000000
vt -0.000000 4.295524 0.000000
vt -1.500000 4.534164 0.000000
vt -0.000000 4.534164 0.000000
vt -1.500000 4.772804 0.000000
vt -0.000000 4.772804 0.000000
vt -1.500000 5.011444 0.000000
vt -0.000000 5.011444 0.000000
vt -1.500000 5.250085 0.000000
vt -0.000000 5.250085 0.000000
vt -1.500000 5.488725 0.000000
vt -0.000000 5.488725 0.000000
vt -1.500000 5.727365 0.000000
vt -0.000000 5.727365 0.000000
vt -1.685456 0.221895 0.000000
vt -1.960600 0.238060 0.000000
vt -1.700000 -0.000000 0.000000
vt -1.975000 -0.000000 0.000000
vt -1.960600 -0.238060 0.000000
vt -1.917610 0.472648 0.000000
vt -1.642074 0.439992 0.000000
vt -1.846657 0.700345 0.000000
vt -1.570595 0.650562 0.000000
vt -1.748776 0.917828 0.000000
vt -1.472243 0.850000 0.000000
vt -1.625393 1.121928 0.000000
vt -1.348701 1.034894 0.000000
vt -1.478309 1.309667 0.000000
vt -1.202082 1.202082 0.000000
vt -1.309667 1.478309 0.000000
vt -1.034894 1.348701 0.000000
vt -1.121928 1.625393 0.000000
vt -0.850000 1.472243 0.000000
vt -0.917828 1.748776 0.000000
vt -0.650562 1.570595 0.000000
vt -0.700345 1.846657 0.000000
vt -0.439992 1.642074 0.000000
vt -0.472648 1.917610 0.000000
vt -0.221895 1.685456 0.000000
vt -0.238060 1.960600 0.000000
vt 0.000000 1.700000 0.000000
vt 0.000000 1.975000 0.000000
vt 0.238060 1.960600 0.000000
vt 0.221895 1.685456 0.000000
vt 0.472648 1.917610 0.000000
vt 0.439992 1.642074 0.000000
vt 0.700345 1.846657 0.000000
vt 0.650562 1.570595 0.000000
vt 0.917828 1.748776 0.000000
vt 0.850000 1.472243 0.000000
vt 1.121928 1.625393 0.000000
vt 1.034894 1.348701 0.000000
vt 1.309667 1.478309 0.000000
vt 1.202082 1.202082 0.000000
vt 1.478309 1.309667 0.000000
vt 1.348701 1.034894 0.000000
vt 1.625393 1.121928 0.000000
vt 1.472243 0.850000 0.000000
vt 1.748776 0.917828 0.000000
vt 1.570595 0.650562 0.000000
vt 1.846657 0.700345 0.000000
vt 1.642074 0.439992 0.000000
vt 1.917610 0.472648 0.000000
vt 1.685456 0.221895 0.000000
vt 1.960600 0.238060 0.000000
vt 1.700000 0.000000 0.000000
vt 1.975000 0.000000 0.000000
vt 1.960600 -0.238060 0.000000
vt 1.685456 -0.221895 0.000000
vt 1.917610 -0.472648 0.000000
vt 1.642074 -0.439992 0.000000
vt 1.846657 -0.700345 0.000000
vt 1.570595 -0.650562 0.000000
vt 1.748776 -0.917828 0.000000
vt 1.472243 -0.850000 0.000000
vt 1.625393 -1.121928 0.000000
vt 1.348701 -1.034894 0.000000
vt 1.478309 -1.309667 0.000000
vt 1.202082 -1.202082 0.000000
vt 1.309667 -1.478309 0.000000
vt 1.034894 -1.348701 0.000000
vt 1.121928 -1.625393 0.000000
vt 0.850000 -1.472243 0.000000
vt 0.917828 -1.748776 0.000000
vt 0.650562 -1.570595 0.000000
vt 0.700345 -1.846657 0.000000
vt 0.439992 -1.642074 0.000000
vt 0.472648 -1.917610 0.000000
vt 0.221895 -1.685456 0.000000
vt 0.238060 -1.960600 0.000000
vt 0.000000 -1.700000 0.000000
vt 0.000000 -1.975000 0.000000
vt -0.238060 -1.960600 0.000000
vt -0.221895 -1.685456 0.000000
vt -0.472648 -1.917610 0.000000
vt -0.439992 -1.642074 0.000000
vt -0.700345 -1.846657 0.000000
vt -0.650562 -1.570595 0.000000
vt -0.917828 -1.748776 0.000000
vt -0.850000 -1.472243 0.000000
vt -1.121928 -1.625393 0.000000
vt -1.034894 -1.348701 0.000000
vt -1.309667 -1.478309 0.000000
vt -1.202082 -1.202082 0.000000
vt -1.478309 -1.309667 0.000000
vt -1.348701 -1.034894 0.000000
vt -1.625393 -1.121928 0.000000
vt -1.472243 -0.850000 0.000000
vt -1.748776 -0.917828 0.000000
vt -1.570595 -0.650562 0.000000
vt -1.846657 -0.700345 0.000000
vt -1.642074 -0.439992 0.000000
vt -1.917610 -0.472648 0.000000
vt -1.685456 -0.221895 0.000000
vt 2.364544 -0.221895 0.000000
vt 5.735456 -0.221895 0.000000
vt 2.350000 -0.000000 0.000000
vt 5.750000 0.000000 0.000000
vt 2.364544 0.221895 0.000000
vt 5.735456 0.221895 0.000000
vt 2.407926 0.439992 0.000000
vt 5.692074 0.439992 0.000000
vt 2.479405 0.650562 0.000000
vt 5.620595 0.650562 0.000000
vt 2.577757 0.850000 0.000000
vt 5.522243 0.850000 0.000000
vt 2.701299 1.034894 0.000000
vt 5.398701 1.034894 0.000000
vt 2.847919 1.202082 0.000000
vt 5.252082 1.202082 0.000000
vt 3.015106 1.348701 0.000000
vt 5.084894 1.348701 0.000000
vt 3.200000 1.472243 0.000000
vt 4.900000 1.472243 0.000000
vt 3.399438 1.570595 0.000000
vt 4.700562 1.570595 0.000000
vt 3.610008 1.642074 0.000000
vt 4.489992 1.642074 0.000000
vt 3.828106 1.685456 0.000000
vt 4.271895 1.685456 0.000000
vt 4.050000 1.700000 0.000000
vt 5.692074 -0.439992 0.000000
vt 2.407926 -0.439992 0.000000
vt 5.620595 -0.650562 0.000000
vt 2.479405 -0.650562 0.000000
vt 5.522243 -0.850000 0.000000
vt 2.577757 -0.850000 0.000000
vt 5.398701 -1.034894 0.000000
vt 2.701299 -1.034894 0.000000
vt 5.252082 -1.202082 0.000000
vt 2.847919 -1.202082 0.000000
vt 5.084894 -1.348701 0.000000
vt 3.015106 -1.348701 0.000000
vt 4.900000 -1.472243 0.000000
vt 3.200000 -1.472243 0.000000
vt 4.700562 -1.570595 0.000000
vt 3.399438 -1.570595 0.000000
vt 4.489992 -1.642074 0.000000
vt 3.610008 -1.642074 0.000000
vt 4.271895 -1.685456 0.000000
vt 3.828106 -1.685456 0.000000
vt 4.050000 -1.700000 0.000000
vt -5.785456 -0.221895 0.000000
vt -2.414544 -0.221895 0.000000
vt -5.800000 -0.000000 0.000000
vt -2.400000 0.000000 0.000000
vt -5.785456 0.221895 0.000000
vt -2.414544 0.221895 0.000000
vt -5.742074 0.439992 0.000000
vt -2.457926 0.439992 0.000000
vt -5.670595 0.650562 0.000000
vt -2.529405 0.650562 0.000000
vt -5.572243 0.850000 0.000000
vt -2.627757 0.850000 0.000000
vt -5.448701 1.034894 0.000000
vt -2.751299 1.034894 0.000000
vt -5.302082 1.202082 0.000000
vt -2.897919 1.202082 0.000000
vt -5.134895 1.348701 0.000000
vt -3.065106 1.348701 0.000000
vt -4.950000 1.472243 0.000000
vt -3.250000 1.472243 0.000000
vt -4.750562 1.570595 0.000000
vt -3.449438 1.570595 0.000000
vt -4.539992 1.642074 0.000000
vt -3.660008 1.642074 0.000000
vt -4.321895 1.685456 0.000000
vt -3.878106 1.685456 0.000000
vt -4.100000 1.700000 0.000000
vt -2.457926 -0.439992 0.000000
vt -5.742074 -0.439992 0.000000
vt -2.529405 -0.650562 0.000000
vt -5.670595 -0.650562 0.000000
vt -2.627757 -0.850000 0.000000
vt -5.572243 -0.850000 0.000000
vt -2.751299 -1.034894 0.000000
vt -5.448701 -1.034894 0.000000
vt -2.897919 -1.202082 0.000000
vt -5.302082 -1.202082 0.000000
vt -3.065106 -1.348701 0.000000
vt -5.134895 -1.348701 0.000000
vt -3.250000 -1.472243 0.000000
vt -4.950000 -1.472243 0.000000
vt -3.449438 -1.570595 0.000000
vt -4.750562 -1.570595 0.000000
vt -3.660008 -1.642074 0.000000
vt -4.539992 -1.642074 0.000000
vt -3.878106 -1.685456 0.000000
vt -4.321895 -1.685456 0.000000
vt -4.100000 -1.700000 0.000000
vt -0.001000 0.500000 0.000000
vt -1.500000 0.500000 0.000000
vt -0.001000 0.000000 0.000000
vt -1.500000 0.000000 0.000000
vt 0.001000 -0.500000 0.000000
vt 1.500000 -0.500000 0.000000
vt 0.001000 0.000000 0.000000
vt 1.500000 0.000000 0.000000
vt -0.000000 0.001000 0.000000
vt 0.500000 0.001000 0.000000
vt -0.000000 1.500000 0.000000
vt 0.500000 1.500000 0.000000
vt 0.000000 0.001000 0.000000
vt 0.200000 0.001000 0.000000
vt 0.000000 1.500000 0.000000
vt 0.200000 1.500000 0.000000
vt 0.000000 0.001000 0.000000
vt 0.200000 0.001000 0.000000
vt 0.000000 1.500000 0.000000
vt 0.200000 1.500000 0.000000
vt -0.000000 0.001000 0.000000
vt 0.500000 0.001000 0.000000
vt -0.000000 1.500000 0.000000
vt 0.500000 1.500000 0.000000
vt 0.000000 0.001000 0.000000
vt 0.500000 0.001000 0.000000
vt 0.000000 1.500000 0.000000
vt 0.500000 1.500000 0.000000
vt 0.000000 0.001000 0.000000
vt 0.200000 0.001000 0.000000
vt 0.000000 1.500000 0.000000
vt 0.200000 1.500000 0.000000
vt 0.000000 0.001000 0.000000
vt 0.500000 0.001000 0.000000
vt 0.000000 1.500000 0.000000
vt 0.500000 1.500000 0.000000
vt -0.000000 0.001000 0.000000
vt 0.200000 0.001000 0.000000
vt -0.000000 1.500000 0.000000
vt 0.200000 1.500000 0.000000
vt 0.000000 0.001000 0.000000
vt 0.200000 0.001000 0.000000
vt 0.000000 1.500000 0.000000
vt 0.200000 1.500000 0.000000
vt -0.000000 0.001000 0.000000
vt 0.500000 0.001000 0.000000
vt -0.000000 1.500000 0.000000
vt 0.500000 1.500000 0.000000
vt 0.000000 0.001000 0.000000
vt 0.200000 0.001000 0.000000
vt 0.000000 1.500000 0.000000
vt 0.200000 1.500000 0.000000
vt 0.000000 0.001000 0.000000
vt 0.500000 0.001000 0.000000
vt 0.000000 1.500000 0.000000
vt 0.500000 1.500000 0.000000
vt 0.000000 0.001000 0.000000
vt 0.200000 0.001000 0.000000
vt 0.000000 1.500000 0.000000
vt 0.200000 1.500000 0.000000
vt 0.000000 0.001000 0.000000
vt 0.500000 0.001000 0.000000
vt -0.000000 1.500000 0.000000
vt 0.500000 1.500000 0.000000
vt 0.000000 0.001000 0.000000
vt 0.500000 0.001000 0.000000
vt 0.000000 1.500000 0.000000
vt 0.500000 1.500000 0.000000
vt 0.000000 0.001000 0.000000
vt 0.200000 0.001000 0.000000
vt 0.000000 1.500000 0.000000
vt 0.200000 1.500000 0.000000
vt 0.000000 0.001000 0.000000
vt 0.500000 0.001000 0.000000
vt 0.000000 1.500000 0.000000
vt 0.500000 1.500000 0.000000
vt 0.000000 0.001000 0.000000
vt 0.200000 0.001000 0.000000
vt 0.000000 1.500000 0.000000
vt 0.200000 1.500000 0.000000
vt 0.000000 0.001000 0.000000
vt 0.500000 0.001000 0.000000
vt 0.000000 1.500000 0.000000
vt 0.500000 1.500000 0.000000
vt -0.000000 0.001000 0.000000
vt 0.200000 0.001000 0.000000
vt -0.000000 1.500000 0.000000
vt 0.200000 1.500000 0.000000
vt -0.000000 0.001000 0.000000
vt 0.500000 0.001000 0.000000
vt -0.000000 1.500000 0.000000
vt 0.500000 1.500000 0.000000
vt 0.000000 0.001000 0.000000
vt 0.200000 0.001000 0.000000
vt 0.000000 1.500000 0.000000
vt 0.200000 1.500000 0.000000
vt 0.500000 0.001000 0.000000
vt 0.700000 0.001000 0.000000
vt 0.500000 1.500000 0.000000
vt 0.700000 1.500000 0.000000
vt 0.000000 0.001000 0.000000
vt 0.500000 0.001000 0.000000
vt 0.000000 1.500000 0.000000
vt 0.500000 1.500000 0.000000
vt -0.000000 0.001000 0.000000
vt 0.200000 0.001000 0.000000
vt -0.000000 1.500000 0.000000
vt 0.200000 1.500000 0.000000
vt -0.000000 0.001000 0.000000
vt 0.200000 0.001000 0.000000
vt -0.000000 1.500000 0.000000
vt 0.200000 1.500000 0.000000
vt 0.000000 0.001000 0.000000
vt 0.500000 0.001000 0.000000
vt 0.000000 1.500000 0.000000
vt 0.500000 1.500000 0.000000
vt 0.000000 0.001000 0.000000
vt 0.500000 0.001000 0.000000
vt 0.000000 1.500000 0.000000
vt 0.500000 1.500000 0.000000
vt 0.000000 0.001000 0.000000
vt 0.200000 0.001000 0.000000
vt 0.000000 1.500000 0.000000
vt 0.200000 1.500000 0.000000
vt 0.000000 0.001000 0.000000
vt 0.200000 0.001000 0.000000
vt -0.000000 1.500000 0.000000
vt 0.200000 1.500000 0.000000
vt -0.000000 0.001000 0.000000
vt 0.500000 0.001000 0.000000
vt 0.000000 1.500000 0.000000
vt 0.500000 1.500000 0.000000
vt 0.000000 0.001000 0.000000
vt 0.500000 0.001000 0.000000
vt 0.000000 1.500000 0.000000
vt 0.500000 1.500000 0.000000
vt 0.000000 0.001000 0.000000
vt 0.200000 0.001000 0.000000
vt 0.000000 1.500000 0.000000
vt 0.200000 1.500000 0.000000
vt 0.000000 0.001000 0.000000
vt 0.200000 0.001000 0.000000
vt 0.000000 1.500000 0.000000
vt 0.200000 1.500000 0.000000
vt -0.000000 0.001000 0.000000
vt 0.500000 0.001000 0.000000
vt -0.000000 1.500000 0.000000
vt 0.500000 1.500000 0.000000
vt -0.000000 0.001000 0.000000
vt 0.200000 0.001000 0.000000
vt -0.000000 1.500000 0.000000
vt 0.200000 1.500000 0.000000
vt 0.000000 0.001000 0.000000
vt 0.500000 0.001000 0.000000
vt 0.000000 1.500000 0.000000
vt 0.500000 1.500000 0.000000
vt -0.000000 0.001000 0.000000
vt 0.500000 0.001000 0.000000
vt -0.000000 1.500000 0.000000
vt 0.500000 1.500000 0.000000
vt 0.000000 0.001000 0.000000
vt 0.200000 0.001000 0.000000
vt 0.000000 1.500000 0.000000
vt 0.200000 1.500000 0.000000
vt -1.500000 -0.229636 0.000000
vt -0.001000 -0.229636 0.000000
vt -1.500000 -0.172227 0.000000
vt -0.001000 -0.172227 0.000000
vt -0.001000 -0.114818 0.000000
vt -1.500000 -0.114818 0.000000
vt -0.001000 -0.057409 0.000000
vt -1.500000 -0.057409 0.000000
vt -0.001000 -0.000000 0.000000
vt -1.500000 -0.000000 0.000000
vt -0.001000 0.057409 0.000000
vt -1.500000 0.057409 0.000000
vt -0.001000 0.114818 0.000000
vt -1.500000 0.114818 0.000000
vt -0.001000 0.172227 0.000000
vt -1.500000 0.172227 0.000000
vt -1.500000 0.229636 0.000000
vt -0.001000 0.229636 0.000000
vt 0.000000 0.001000 0.000000
vt -0.000000 1.500000 0.000000
vt -1.417424 0.001000 0.000000
vt -1.417424 1.500000 0.000000
vt 0.000000 0.001000 0.000000
vt 2.750000 0.001000 0.000000
vt 0.000000 1.500000 0.000000
vt 2.750000 1.500000 0.000000
vt -1.500000 0.000000 0.000000
vt -0.001000 0.000000 0.000000
vt -1.500000 0.065450 0.000000
vt -0.001000 0.065450 0.000000
vt -1.500000 0.130900 0.000000
vt -0.001000 0.130900 0.000000
vt -1.500000 0.196350 0.000000
vt -0.001000 0.196350 0.000000
vt -1.500000 0.261799 0.000000
vt -0.001000 0.261799 0.000000
vt -1.500000 0.327249 0.000000
vt -0.001000 0.327249 0.000000
vt -1.500000 0.392699 0.000000
vt -0.001000 0.392699 0.000000
vt 0.000000 0.001000 0.000000
vt 0.250000 0.001000 0.000000
vt 0.000000 1.500000 0.000000
vt 0.250000 1.500000 0.000000
vt 0.001000 0.000000 0.000000
vt 1.500000 0.000000 0.000000
vt 0.001000 0.500000 0.000000
vt 1.500000 0.500000 0.000000
vt -0.420419 0.001000 0.000000
vt -0.460244 0.750500 0.000000
vt -0.500070 0.001000 0.000000
vt -0.480157 0.750500 0.000000
vt -0.500070 1.500000 0.000000
vt -0.484443 1.500000 0.000000
vt -0.468815 1.500000 0.000000
vt -0.453188 1.500000 0.000000
vt -0.440332 0.750500 0.000000
vt -0.437561 1.500000 0.000000
vt -0.420419 0.750500 0.000000
vt -0.421934 1.500000 0.000000
vt -0.406307 1.500000 0.000000
vt -0.396823 0.750500 0.000000
vt -0.390680 1.500000 0.000000
vt -0.384424 0.750500 0.000000
vt -0.375052 1.500000 0.000000
vt -0.372026 0.750500 0.000000
vt -0.359425 1.500000 0.000000
vt -0.359086 0.750500 0.000000
vt -0.346146 0.750500 0.000000
vt -0.346146 0.001000 0.000000
vt -0.332408 0.750500 0.000000
vt -0.318670 0.001000 0.000000
vt -0.318670 0.750500 0.000000
vt -0.303595 0.001000 0.000000
vt -0.303114 0.750500 0.000000
vt -0.287559 0.001000 0.000000
vt -0.287559 0.750500 0.000000
vt -0.278128 0.001000 0.000000
vt -0.277197 0.750500 0.000000
vt -0.266834 0.001000 0.000000
vt -0.266834 0.750500 0.000000
vt -0.263327 0.001000 0.000000
vt -0.262754 0.750500 0.000000
vt -0.259476 0.001000 0.000000
vt -0.258673 0.750500 0.000000
vt -0.255165 0.001000 0.000000
vt -0.254593 0.750500 0.000000
vt -0.252864 0.001000 0.000000
vt -0.250512 0.750500 0.000000
vt -0.250512 0.001000 0.000000
vt -0.248399 0.750500 0.000000
vt -0.248116 0.001000 0.000000
vt -0.246285 0.750500 0.000000
vt -0.245763 0.001000 0.000000
vt -0.242058 0.750500 0.000000
vt -0.241297 0.001000 0.000000
vt -0.237831 0.750500 0.000000
vt -0.237222 0.001000 0.000000
vt -0.233603 0.750500 0.000000
vt -0.233603 0.001000 0.000000
vt -0.227157 0.001000 0.000000
vt -0.396823 0.001000 0.000000
vt -0.372026 0.001000 0.000000
vt -0.359214 0.001000 0.000000
vt -0.222384 0.750500 0.000000
vt -0.221383 0.001000 0.000000
vt -0.211165 0.750500 0.000000
vt -0.211165 0.001000 0.000000
vt -0.190648 0.001000 0.000000
vt -0.190648 0.750500 0.000000
vt -0.169646 0.001000 0.000000
vt -0.169646 0.750500 0.000000
vt -0.158937 0.001000 0.000000
vt -0.148082 0.750500 0.000000
vt -0.148082 0.001000 0.000000
vt -0.137076 0.001000 0.000000
vt -0.125913 0.750500 0.000000
vt -0.125913 0.001000 0.000000
vt -0.103834 0.001000 0.000000
vt -0.103834 0.750500 0.000000
vt -0.082825 0.001000 0.000000
vt -0.082825 0.750500 0.000000
vt -0.063074 0.001000 0.000000
vt -0.063074 0.750500 0.000000
vt -0.045547 0.750500 0.000000
vt -0.046882 1.500000 0.000000
vt -0.031254 1.500000 0.000000
vt -0.028020 0.750500 0.000000
vt -0.015627 1.500000 0.000000
vt -0.014010 0.750500 0.000000
vt 0.000000 1.500000 0.000000
vt 0.000000 0.001000 0.000000
vt -0.013046 0.001000 0.000000
vt -0.028020 0.001000 0.000000
vt -0.062509 1.500000 0.000000
vt -0.078136 1.500000 0.000000
vt -0.093763 1.500000 0.000000
vt -0.109390 1.500000 0.000000
vt -0.125017 1.500000 0.000000
vt -0.140645 1.500000 0.000000
vt -0.156272 1.500000 0.000000
vt -0.171899 1.500000 0.000000
vt -0.187526 1.500000 0.000000
vt -0.203153 1.500000 0.000000
vt -0.218781 1.500000 0.000000
vt -0.226594 1.500000 0.000000
vt -0.234408 1.500000 0.000000
vt -0.238314 1.500000 0.000000
vt -0.242221 1.500000 0.000000
vt -0.246128 1.500000 0.000000
vt -0.250035 1.500000 0.000000
vt -0.253942 1.500000 0.000000
vt -0.257848 1.500000 0.000000
vt -0.261755 1.500000 0.000000
vt -0.265662 1.500000 0.000000
vt -0.273476 1.500000 0.000000
vt -0.281289 1.500000 0.000000
vt -0.296916 1.500000 0.000000
vt -0.312544 1.500000 0.000000
vt -0.328171 1.500000 0.000000
vt -0.343798 1.500000 0.000000
vt 0.000000 0.001000 0.000000
vt 0.500000 0.001000 0.000000
vt 0.000000 1.500000 0.000000
vt 0.500000 1.500000 0.000000
vt 0.000000 0.001000 0.000000
vt 0.200000 0.001000 0.000000
vt 0.000000 1.500000 0.000000
vt 0.200000 1.500000 0.000000
vt 0.172360 0.206862 0.000000
vt -0.017851 0.268666 0.000000
vt 0.017851 -0.268666 0.000000
vt -0.172360 -0.206862 0.000000
vt 0.000000 0.001000 0.000000
vt 0.200000 0.001000 0.000000
vt 0.000000 1.500000 0.000000
vt 0.200000 1.500000 0.000000
vt 0.000000 0.001000 0.000000
vt 0.500000 0.001000 0.000000
vt 0.000000 1.500000 0.000000
vt 0.500000 1.500000 0.000000
vt -0.143476 0.227848 0.000000
vt -0.261033 0.066045 0.000000
vt 0.261033 -0.066045 0.000000
vt 0.143476 -0.227848 0.000000
vt -0.000000 0.001000 0.000000
vt 0.200000 0.001000 0.000000
vt -0.000000 1.500000 0.000000
vt 0.200000 1.500000 0.000000
vt 0.000000 0.001000 0.000000
vt 0.500000 0.001000 0.000000
vt 0.000000 1.500000 0.000000
vt 0.500000 1.500000 0.000000
vt -0.250000 -0.100000 0.000000
vt 0.250000 -0.100000 0.000000
vt -0.250000 0.100000 0.000000
vt 0.250000 0.100000 0.000000
vt 0.000000 0.001000 0.000000
vt 0.500000 0.001000 0.000000
vt 0.000000 1.500000 0.000000
vt 0.500000 1.500000 0.000000
vt -0.000000 0.001000 0.000000
vt 0.200000 0.001000 0.000000
vt -0.000000 1.500000 0.000000
vt 0.200000 1.500000 0.000000
vt -0.172360 0.206862 0.000000
vt -0.017851 -0.268666 0.000000
vt 0.017851 0.268666 0.000000
vt 0.172360 -0.206862 0.000000
vt -0.000000 0.001000 0.000000
vt 0.200000 0.001000 0.000000
vt 0.000000 1.500000 0.000000
vt 0.200000 1.500000 0.000000
vt -0.000000 0.001000 0.000000
vt 0.500000 0.001000 0.000000
vt 0.000000 1.500000 0.000000
vt 0.500000 1.500000 0.000000
vt 0.172360 -0.206862 0.000000
vt 0.017851 0.268666 0.000000
vt -0.017851 -0.268666 0.000000
vt -0.172360 0.206862 0.000000
vt -0.000000 0.001000 0.000000
vt 0.500000 0.001000 0.000000
vt -0.000000 1.500000 0.000000
vt 0.500000 1.500000 0.000000
vt 0.000000 0.001000 0.000000
vt 0.200000 0.001000 0.000000
vt 0.000000 1.500000 0.000000
vt 0.200000 1.500000 0.000000
vt -0.143476 -0.227848 0.000000
vt 0.261033 0.066045 0.000000
vt -0.261033 -0.066045 0.000000
vt 0.143476 0.227848 0.000000
vt 0.000000 0.001000 0.000000
vt 0.200000 0.001000 0.000000
vt 0.000000 1.500000 0.000000
vt 0.200000 1.500000 0.000000
vt -0.000000 0.001000 0.000000
vt 0.500000 0.001000 0.000000
vt -0.000000 1.500000 0.000000
vt 0.500000 1.500000 0.000000
vt 0.250000 0.100000 0.000000
vt -0.250000 0.100000 0.000000
vt 0.250000 -0.100000 0.000000
vt -0.250000 -0.100000 0.000000
vt 0.000000 0.001000 0.000000
vt 0.500000 0.001000 0.000000
vt 0.000000 1.500000 0.000000
vt 0.500000 1.500000 0.000000
vt 0.000000 0.001000 0.000000
vt 0.200000 0.001000 0.000000
vt 0.000000 1.500000 0.000000
vt 0.200000 1.500000 0.000000
vt 0.143476 -0.227848 0.000000
vt 0.261033 -0.066045 0.000000
vt -0.261033 0.066045 0.000000
vt -0.143476 0.227848 0.000000
vt -0.300000 1.500000 0.000000
vt -0.500000 1.500000 0.000000
vt -0.300000 0.001000 0.000000
vt -0.500000 0.001000 0.000000
vt -0.250000 0.400000 0.000000
vt 0.250000 0.400000 0.000000
vt -0.250000 0.600000 0.000000
vt 0.250000 0.600000 0.000000
vt 0.000000 0.001000 0.000000
vt 0.500000 0.001000 0.000000
vt 0.000000 1.500000 0.000000
vt 0.500000 1.500000 0.000000
vt 0.000000 0.001000 0.000000
vt 0.200000 0.001000 0.000000
vt 0.000000 1.500000 0.000000
vt 0.200000 1.500000 0.000000
vt 0.143476 0.227848 0.000000
vt -0.261033 -0.066045 0.000000
vt 0.261033 0.066045 0.000000
vt -0.143476 -0.227848 0.000000
vt 0.000000 0.001000 0.000000
vt 0.500000 0.001000 0.000000
vt 0.000000 1.500000 0.000000
vt 0.500000 1.500000 0.000000
vt 0.000000 0.001000 0.000000
vt 0.200000 0.001000 0.000000
vt 0.000000 1.500000 0.000000
vt 0.200000 1.500000 0.000000
vt 0.172360 -0.206862 0.000000
vt 0.017851 0.268666 0.000000
vt -0.017851 -0.268666 0.000000
vt -0.172360 0.206862 0.000000
vt 0.000000 0.001000 0.000000
vt 0.500000 0.001000 0.000000
vt 0.000000 1.500000 0.000000
vt 0.500000 1.500000 0.000000
vt -0.000000 0.001000 0.000000
vt 0.200000 0.001000 0.000000
vt -0.000000 1.500000 0.000000
vt 0.200000 1.500000 0.000000
vt -0.143476 0.227848 0.000000
vt -0.261033 0.066045 0.000000
vt 0.261033 -0.066045 0.000000
vt 0.143476 -0.227848 0.000000
vt -0.000000 0.001000 0.000000
vt 0.500000 0.001000 0.000000
vt -0.000000 1.500000 0.000000
vt 0.500000 1.500000 0.000000
vt -0.000000 0.001000 0.000000
vt 0.200000 0.001000 0.000000
vt -0.000000 1.500000 0.000000
vt 0.200000 1.500000 0.000000
vt -0.250000 -0.100000 0.000000
vt 0.250000 -0.100000 0.000000
vt -0.250000 0.100000 0.000000
vt 0.250000 0.100000 0.000000
vt 0.000000 0.001000 0.000000
vt 0.200000 0.001000 0.000000
vt 0.000000 1.500000 0.000000
vt 0.200000 1.500000 0.000000
vt -0.000000 0.001000 0.000000
vt 0.500000 0.001000 0.000000
vt 0.000000 1.500000 0.000000
vt 0.500000 1.500000 0.000000
vt 0.172360 0.206862 0.000000
vt -0.017851 0.268666 0.000000
vt 0.017851 -0.268666 0.000000
vt -0.172360 -0.206862 0.000000
vt -0.000000 0.001000 0.000000
vt 0.200000 0.001000 0.000000
vt -0.000000 1.500000 0.000000
vt 0.200000 1.500000 0.000000
vt 0.000000 0.001000 0.000000
vt 0.500000 0.001000 0.000000
vt 0.000000 1.500000 0.000000
vt 0.500000 1.500000 0.000000
vt -0.172360 0.206862 0.000000
vt -0.017851 -0.268666 0.000000
vt 0.017851 0.268666 0.000000
vt 0.172360 -0.206862 0.000000
vt 0.000000 0.001000 0.000000
vt 0.200000 0.001000 0.000000
vt 0.000000 1.500000 0.000000
vt 0.200000 1.500000 0.000000
vt 0.000000 0.001000 0.000000
vt 0.500000 0.001000 0.000000
vt 0.000000 1.500000 0.000000
vt 0.500000 1.500000 0.000000
vt -0.143476 -0.227848 0.000000
vt 0.261033 0.066045 0.000000
vt -0.261033 -0.066045 0.000000
vt 0.143476 0.227848 0.000000
vt 0.000000 0.001000 0.000000
vt 0.500000 0.001000 0.000000
vt 0.000000 1.500000 0.000000
vt 0.500000 1.500000 0.000000
vt 0.000000 0.001000 0.000000
vt 0.200000 0.001000 0.000000
vt 0.000000 1.500000 0.000000
vt 0.200000 1.500000 0.000000
vt 0.143476 -0.227848 0.000000
vt 0.261033 -0.066045 0.000000
vt -0.261033 0.066045 0.000000
vt -0.143476 0.227848 0.000000
vt -0.000000 0.001000 0.000000
vt 0.500000 0.001000 0.000000
vt -0.000000 1.500000 0.000000
vt 0.500000 1.500000 0.000000
vt 0.000000 0.001000 0.000000
vt 0.200000 0.001000 0.000000
vt 0.000000 1.500000 0.000000
vt 0.200000 1.500000 0.000000
vt -0.172360 -0.206862 0.000000
vt 0.017851 -0.268666 0.000000
vt -0.017851 0.268666 0.000000
vt 0.172360 0.206862 0.000000
vt 0.000000 0.001000 0.000000
vt 0.200000 0.001000 0.000000
vt 0.000000 1.500000 0.000000
vt 0.200000 1.500000 0.000000
vt 0.000000 0.001000 0.000000
vt 0.500000 0.001000 0.000000
vt 0.000000 1.500000 0.000000
vt 0.500000 1.500000 0.000000
vt 0.172360 0.206862 0.000000
vt -0.017851 0.268666 0.000000
vt 0.017851 -0.268666 0.000000
vt -0.172360 -0.206862 0.000000
vt 0.000000 0.001000 0.000000
vt 0.500000 0.001000 0.000000
vt 0.000000 1.500000 0.000000
vt 0.500000 1.500000 0.000000
vt 0.000000 0.001000 0.000000
vt 0.200000 0.001000 0.000000
vt 0.000000 1.500000 0.000000
vt 0.200000 1.500000 0.000000
vt 0.143476 0.227848 0.000000
vt -0.261033 -0.066045 0.000000
vt 0.261033 0.066045 0.000000
vt -0.143476 -0.227848 0.000000
vt 0.250000 -0.940670 0.000000
vt 0.228274 -0.728587 0.000000
vt 0.250000 -1.440670 0.000000
vt -0.250000 -0.940670 0.000000
vt -0.250000 -4.440670 0.000000
vt 0.206891 -0.528427 0.000000
vt -0.240483 -0.728339 0.000000
vt 0.185854 -0.340275 0.000000
vt -0.230622 -0.527967 0.000000
vt 0.165166 -0.164267 0.000000
vt -0.220414 -0.339636 0.000000
vt 0.144833 -0.000594 0.000000
vt -0.209857 -0.163486 0.000000
vt 0.124861 0.150510 0.000000
vt -0.198943 0.000295 0.000000
vt 0.105259 0.288768 0.000000
vt -0.187667 0.151471 0.000000
vt 0.086035 0.413868 0.000000
vt -0.176020 0.289765 0.000000
vt 0.067200 0.525473 0.000000
vt -0.163994 0.414867 0.000000
vt 0.048763 0.623229 0.000000
vt -0.151578 0.526441 0.000000
vt 0.030734 0.706777 0.000000
vt -0.138763 0.624133 0.000000
vt 0.013125 0.775764 0.000000
vt -0.125539 0.707586 0.000000
vt -0.004056 0.829860 0.000000
vt -0.111895 0.776451 0.000000
vt -0.020801 0.868773 0.000000
vt -0.029007 0.882460 0.000000
vt -0.097822 0.830400 0.000000
vt -0.037102 0.892267 0.000000
vt -0.041107 0.895710 0.000000
vt -0.083312 0.869145 0.000000
vt -0.045084 0.898177 0.000000
vt -0.049033 0.899668 0.000000
vt -0.052954 0.900181 0.000000
vt -0.056847 0.899716 0.000000
vt -0.060712 0.898273 0.000000
vt -0.064549 0.895852 0.000000
vt -0.068357 0.892456 0.000000
vt -0.075890 0.882741 0.000000
vt 0.750000 -4.440670 0.000000
vt 0.500000 -1.440670 0.000000
vt 0.564705 -1.449188 0.000000
vt 0.625000 -1.474163 0.000000
vt 0.750000 -1.690670 0.000000
vt 0.676777 -1.513893 0.000000
vt 0.716506 -1.565670 0.000000
vt 0.741481 -1.625965 0.000000
vt -1.500000 -0.250294 0.000000
vt -0.001000 -0.250294 0.000000
vt -0.750500 -0.187720 0.000000
vt -0.001000 -0.187720 0.000000
vt -0.750500 -0.125147 0.000000
vt -0.001000 -0.125147 0.000000
vt -0.750500 -0.062573 0.000000
vt -0.001000 -0.062573 0.000000
vt -0.750500 0.000000 0.000000
vt -0.001000 0.000000 0.000000
vt -0.750500 0.062573 0.000000
vt -0.001000 0.062573 0.000000
vt -0.750500 0.125147 0.000000
vt -0.001000 0.125147 0.000000
vt -0.750500 0.187720 0.000000
vt -0.001000 0.187720 0.000000
vt -0.001000 0.250294 0.000000
vt -1.500000 0.250294 0.000000
vt -1.500000 0.187720 0.000000
vt -1.500000 0.125147 0.000000
vt -1.500000 0.062573 0.000000
vt -1.500000 0.000000 0.000000
vt -1.500000 -0.062573 0.000000
vt -1.500000 -0.125147 0.000000
vt -1.500000 -0.187720 0.000000
vt 0.170571 -2.378966 0.000000
vt -0.170571 -2.378966 0.000000
vt 0.210526 -2.426909 0.000000
vt -0.210526 -2.426909 0.000000
vt -0.417040 -2.722572 0.000000
vt -0.119985 -2.342413 0.000000
vt 0.119985 -2.342413 0.000000
vt -0.061922 -2.319528 0.000000
vt 0.061922 -2.319528 0.000000
vt -0.000000 -2.311738 0.000000
vt 0.418448 -2.724423 0.000000
vt -0.646568 -3.000748 0.000000
vt 0.649670 -3.004212 0.000000
vt -0.897634 -3.259651 0.000000
vt 0.902690 -3.264456 0.000000
vt -1.168626 -3.497617 0.000000
vt 1.175861 -3.503461 0.000000
vt -1.457805 -3.713118 0.000000
vt 1.467406 -3.719673 0.000000
vt -1.763311 -3.904769 0.000000
vt 1.775427 -3.911684 0.000000
vt -2.083184 -4.071341 0.000000
vt 2.097922 -4.078247 0.000000
vt -2.415368 -4.211762 0.000000
vt 2.432791 -4.218276 0.000000
vt -2.757731 -4.325132 0.000000
vt 2.777857 -4.330862 0.000000
vt -3.108072 -4.410722 0.000000
vt 3.130873 -4.415271 0.000000
vt -3.464143 -4.467981 0.000000
vt 3.489545 -4.470955 0.000000
vt -10.000000 -6.000000 0.000000
vt 10.000000 -6.000000 0.000000
vt -3.823655 -4.496543 0.000000
vt -4.184299 -4.496224 0.000000
vt -4.543760 -4.467026 0.000000
vt -4.899729 -4.409137 0.000000
vt -5.249918 -4.322928 0.000000
vt -5.592079 -4.208953 0.000000
vt -5.924015 -4.067944 0.000000
vt -6.243592 -3.900807 0.000000
vt -6.548760 -3.708615 0.000000
vt -6.837556 -3.492603 0.000000
vt -7.108127 -3.254158 0.000000
vt -7.358735 -2.994812 0.000000
vt -7.587770 -2.716230 0.000000
vt -7.793761 -2.420202 0.000000
vt -7.975384 -2.108630 0.000000
vt -8.131474 -1.783513 0.000000
vt -8.261028 -1.446942 0.000000
vt -8.363213 -1.101076 0.000000
vt -8.437374 -0.748139 0.000000
vt -8.483034 -0.390396 0.000000
vt -8.499899 -0.030146 0.000000
vt -10.000000 6.000000 0.000000
vt -8.487862 0.330298 0.000000
vt -8.446999 0.688621 0.000000
vt -8.377574 1.042520 0.000000
vt -8.280031 1.389723 0.000000
vt -8.154999 1.728001 0.000000
vt -8.003279 2.055179 0.000000
vt -7.825846 2.369157 0.000000
vt -7.623839 2.667918 0.000000
vt -7.398558 2.949543 0.000000
vt -7.151447 3.212224 0.000000
vt -6.884095 3.454272 0.000000
vt -6.598218 3.674134 0.000000
vt -6.295653 3.870397 0.000000
vt -5.978344 4.041801 0.000000
vt -5.648327 4.187245 0.000000
vt -5.307723 4.305794 0.000000
vt -4.958720 4.396687 0.000000
vt -2.500000 6.000000 0.000000
vt -4.603560 4.459340 0.000000
vt -4.244522 4.493352 0.000000
vt -3.883914 4.498502 0.000000
vt -3.524052 4.474760 0.000000
vt -2.500000 4.582576 0.000000
vt -3.167246 4.422276 0.000000
vt -2.506563 4.525670 0.000000
vt -2.815790 4.341388 0.000000
vt -2.525906 4.471752 0.000000
vt -2.557015 4.423652 0.000000
vt -2.598256 4.383896 0.000000
vt -2.647463 4.354571 0.000000
vt -2.702054 4.337216 0.000000
vt -2.759162 4.332744 0.000000
vt 10.000000 6.000000 0.000000
vt 8.499782 0.044255 0.000000
vt 8.488711 -0.318544 0.000000
vt 8.448437 -0.679271 0.000000
vt 1.000000 6.000000 0.000000
vt 4.488169 4.473443 0.000000
vt 4.847113 4.419547 0.000000
vt 5.200546 4.336899 0.000000
vt 1.000000 3.872983 0.000000
vt 2.018079 4.040048 0.000000
vt 2.350129 4.186637 0.000000
vt 2.692914 4.305987 0.000000
vt 1.007353 3.812796 0.000000
vt 1.394737 3.669142 0.000000
vt 1.698922 3.867175 0.000000
vt 1.028980 3.756150 0.000000
vt 1.063608 3.706376 0.000000
vt 1.109201 3.666402 0.000000
vt 1.341405 3.640292 0.000000
vt 1.163076 3.638581 0.000000
vt 1.282697 3.625131 0.000000
vt 1.222065 3.624549 0.000000
vt 3.044202 4.397323 0.000000
vt 3.401709 4.460050 0.000000
vt 3.763108 4.493760 0.000000
vt 4.126048 4.498234 0.000000
vt 5.546168 4.226034 0.000000
vt 5.881731 4.087675 0.000000
vt 6.205052 3.922722 0.000000
vt 6.514027 3.732247 0.000000
vt 6.806645 3.517491 0.000000
vt 7.081003 3.279850 0.000000
vt 7.335317 3.020871 0.000000
vt 7.567931 2.742238 0.000000
vt 7.777332 2.445764 0.000000
vt 7.962159 2.133377 0.000000
vt 8.121207 1.807112 0.000000
vt 8.253443 1.469089 0.000000
vt 8.358006 1.121508 0.000000
vt 8.434217 0.766631 0.000000
vt 8.481578 0.406766 0.000000
vt 8.379221 -1.035578 0.000000
vt 8.281514 -1.385148 0.000000
vt 8.155952 -1.725706 0.000000
vt 8.003351 -2.055037 0.000000
vt 7.824705 -2.370998 0.000000
vt 7.621175 -2.671533 0.000000
vt 7.394086 -2.954687 0.000000
vt 7.144916 -3.218619 0.000000
vt 6.875284 -3.461610 0.000000
vt 6.586946 -3.682080 0.000000
vt 6.281778 -3.878594 0.000000
vt 5.961764 -4.049874 0.000000
vt 5.628987 -4.194806 0.000000
vt 5.285612 -4.312447 0.000000
vt 4.933873 -4.402032 0.000000
vt 4.576058 -4.462976 0.000000
vt 4.214495 -4.494885 0.000000
vt 3.851537 -4.497550 0.000000
vt 1.500000 -8.102613 0.000000
vt 0.001000 -8.102613 0.000000
vt 1.500000 -8.463355 0.000000
vt 0.001000 -8.463355 0.000000
vt 1.500000 -8.824096 0.000000
vt 0.001000 -8.824096 0.000000
vt 1.500000 -9.184838 0.000000
vt 0.001000 -9.184838 0.000000
vt 1.500000 -9.545579 0.000000
vt 0.001000 -9.545579 0.000000
vt 1.500000 -9.906320 0.000000
vt 0.001000 -9.906320 0.000000
vt 1.500000 -10.267062 0.000000
vt 0.001000 -10.267062 0.000000
vt 1.500000 -10.627803 0.000000
vt 0.001000 -10.627803 0.000000
vt 1.500000 -10.988545 0.000000
vt 0.001000 -10.988545 0.000000
vt 1.500000 -11.349286 0.000000
vt 0.001000 -11.349286 0.000000
vt 1.500000 -11.710027 0.000000
vt 0.001000 -11.710027 0.000000
vt 1.500000 -12.070769 0.000000
vt 0.001000 -12.070769 0.000000
vt 1.500000 -12.431510 0.000000
vt 0.001000 -12.431510 0.000000
vt 1.500000 -12.792252 0.000000
vt 0.001000 -12.792252 0.000000
vt 1.500000 -13.152993 0.000000
vt 0.001000 -13.152993 0.000000
vt 1.500000 -13.513734 0.000000
vt 0.001000 -13.513734 0.000000
vt 1.500000 -13.874476 0.000000
vt 0.001000 -13.874476 0.000000
vt 1.500000 -14.235217 0.000000
vt 0.001000 -14.235217 0.000000
vt 1.500000 -14.595959 0.000000
vt 0.001000 -14.595959 0.000000
vt 1.500000 -14.956700 0.000000
vt 0.001000 -14.956700 0.000000
vt 1.500000 -15.317441 0.000000
vt 0.001000 -15.317441 0.000000
vt 1.500000 -15.678183 0.000000
vt 0.001000 -15.678183 0.000000
vt 1.500000 -16.038924 0.000000
vt 0.001000 -16.038924 0.000000
vt 1.500000 -16.399666 0.000000
vt 0.001000 -16.399666 0.000000
vt 1.500000 -16.760407 0.000000
vt 0.001000 -16.760407 0.000000
vt 1.500000 -17.121149 0.000000
vt 0.001000 -17.121149 0.000000
vt 1.500000 -17.481890 0.000000
vt 0.001000 -17.481890 0.000000
vt 1.500000 -17.842631 0.000000
vt 0.001000 -17.842631 0.000000
vt 1.500000 -18.203373 0.000000
vt 0.001000 -18.203373 0.000000
vt 1.500000 -18.564114 0.000000
vt 0.001000 -18.564114 0.000000
vt 1.500000 -18.924856 0.000000
vt 0.001000 -18.924856 0.000000
vt 1.500000 -19.285597 0.000000
vt 0.001000 -19.285597 0.000000
vt 1.500000 -19.646338 0.000000
vt 0.001000 -19.646338 0.000000
vt 1.500000 -20.007080 0.000000
vt 0.001000 -20.007080 0.000000
vt 1.500000 -20.367821 0.000000
vt 0.001000 -20.367821 0.000000
vt 1.500000 -20.728563 0.000000
vt 0.001000 -20.728563 0.000000
vt 1.500000 -21.089304 0.000000
vt 0.001000 -21.089304 0.000000
vt 1.500000 -21.450045 0.000000
vt 0.001000 -21.450045 0.000000
vt 1.500000 -21.810787 0.000000
vt 0.001000 -21.810787 0.000000
vt 1.500000 -22.171528 0.000000
vt 0.001000 -22.171528 0.000000
vt 1.500000 -22.532270 0.000000
vt 0.001000 -22.532270 0.000000
vt 1.500000 -22.893011 0.000000
vt 0.001000 -22.893011 0.000000
vt 1.500000 -23.253752 0.000000
vt 0.001000 -23.253752 0.000000
vt 1.500000 -23.614494 0.000000
vt 0.001000 -23.614494 0.000000
vt 1.500000 -23.975235 0.000000
vt 0.001000 -23.975235 0.000000
vt 1.500000 -24.335977 0.000000
vt 0.001000 -24.335977 0.000000
vt 1.500000 -24.696718 0.000000
vt 0.001000 -24.696718 0.000000
vt 1.500000 -25.057460 0.000000
vt 0.001000 -25.057460 0.000000
vt 1.500000 -25.418201 0.000000
vt 0.001000 -25.418201 0.000000
vt 1.500000 -25.778942 0.000000
vt 0.001000 -25.778942 0.000000
vt 1.500000 -26.139684 0.000000
vt 0.001000 -26.139684 0.000000
vt 1.500000 -26.500425 0.000000
vt 0.001000 -26.500425 0.000000
vt 1.500000 -26.861167 0.000000
vt 0.001000 -26.861167 0.000000
vt 1.500000 -27.221908 0.000000
vt 0.001000 -27.221908 0.000000
vt 1.500000 -27.582649 0.000000
vt 0.001000 -27.582649 0.000000
vt 1.500000 -27.943391 0.000000
vt 0.001000 -27.943391 0.000000
vt -1.500000 -0.273529 0.000000
vt -0.001000 -0.273529 0.000000
vt -0.750500 -0.212745 0.000000
vt -0.001000 -0.212745 0.000000
vt -0.750500 -0.151961 0.000000
vt -0.001000 -0.151961 0.000000
vt -0.750500 -0.091176 0.000000
vt -0.001000 -0.091176 0.000000
vt -0.750500 -0.030392 0.000000
vt -0.001000 -0.030392 0.000000
vt -0.750500 0.030392 0.000000
vt -0.001000 0.030392 0.000000
vt -0.750500 0.091176 0.000000
vt -0.001000 0.091176 0.000000
vt -0.750500 0.151961 0.000000
vt -0.001000 0.151961 0.000000
vt -0.750500 0.212745 0.000000
vt -0.001000 0.212745 0.000000
vt -0.001000 0.273529 0.000000
vt -1.500000 0.273529 0.000000
vt -1.500000 0.212745 0.000000
vt -1.500000 0.151961 0.000000
vt -1.500000 0.091176 0.000000
vt -1.500000 0.030392 0.000000
vt -1.500000 -0.030392 0.000000
vt -1.500000 -0.091176 0.000000
vt -1.500000 -0.151961 0.000000
vt -1.500000 -0.212745 0.000000
vt 1.500000 -6.431587 0.000000
vt 0.001000 -6.431587 0.000000
vt 1.500000 -6.794653 0.000000
vt 0.001000 -6.794653 0.000000
vt 1.500000 -7.157720 0.000000
vt 0.001000 -7.157720 0.000000
vt 1.500000 -7.520786 0.000000
vt 0.001000 -7.520786 0.000000
vt 1.500000 -7.883853 0.000000
vt 0.001000 -7.883853 0.000000
vt 1.500000 -8.246919 0.000000
vt 0.001000 -8.246919 0.000000
vt 1.500000 -8.609985 0.000000
vt 0.001000 -8.609985 0.000000
vt 1.500000 -8.973052 0.000000
vt 0.001000 -8.973052 0.000000
vt 1.500000 -9.336118 0.000000
vt 0.001000 -9.336118 0.000000
vt 1.500000 -9.699185 0.000000
vt 0.001000 -9.699185 0.000000
vt 1.500000 -10.062251 0.000000
vt 0.001000 -10.062251 0.000000
vt 1.500000 -10.425318 0.000000
vt 0.001000 -10.425318 0.000000
vt 1.500000 -10.788384 0.000000
vt 0.001000 -10.788384 0.000000
vt 1.500000 -11.151451 0.000000
vt 0.001000 -11.151451 0.000000
vt 1.500000 -11.514517 0.000000
vt 0.001000 -11.514517 0.000000
vt 1.500000 -11.877584 0.000000
vt 0.001000 -11.877584 0.000000
vt 1.500000 -12.240650 0.000000
vt 0.001000 -12.240650 0.000000
vt 1.500000 -12.603717 0.000000
vt 0.001000 -12.603717 0.000000
vt 1.500000 -12.966783 0.000000
vt 0.001000 -12.966783 0.000000
vt 1.500000 -13.329849 0.000000
vt 0.001000 -13.329849 0.000000
vt 1.500000 -13.692916 0.000000
vt 0.001000 -13.692916 0.000000
vt 1.500000 -14.055982 0.000000
vt 0.001000 -14.055982 0.000000
vt 1.500000 -14.419049 0.000000
vt 0.001000 -14.419049 0.000000
vt 1.500000 -14.782115 0.000000
vt 0.001000 -14.782115 0.000000
vt 1.500000 -15.145182 0.000000
vt 0.001000 -15.145182 0.000000
vt 1.500000 -15.508248 0.000000
vt 0.001000 -15.508248 0.000000
vt 1.500000 -15.871315 0.000000
vt 0.001000 -15.871315 0.000000
vt 1.500000 -16.234381 0.000000
vt 0.001000 -16.234381 0.000000
vt 1.500000 -16.597448 0.000000
vt 0.001000 -16.597448 0.000000
vt 1.500000 -16.960514 0.000000
vt 0.001000 -16.960514 0.000000
vt 1.500000 -17.323581 0.000000
vt 0.001000 -17.323581 0.000000
vt 1.500000 -17.686647 0.000000
vt 0.001000 -17.686647 0.000000
vt 1.500000 -18.049714 0.000000
vt 0.001000 -18.049714 0.000000
vt 1.500000 -18.412780 0.000000
vt 0.001000 -18.412780 0.000000
vt 1.500000 -18.775846 0.000000
vt 0.001000 -18.775846 0.000000
vt 1.500000 -19.138913 0.000000
vt 0.001000 -19.138913 0.000000
vt 1.500000 -19.501979 0.000000
vt 0.001000 -19.501979 0.000000
vt 1.500000 -19.865046 0.000000
vt 0.001000 -19.865046 0.000000
vt 1.500000 -20.228112 0.000000
vt 0.001000 -20.228112 0.000000
vt 1.500000 -20.591179 0.000000
vt 0.001000 -20.591179 0.000000
vt 1.500000 -20.954245 0.000000
vt 0.001000 -20.954245 0.000000
vt 1.500000 -21.317312 0.000000
vt 0.001000 -21.317312 0.000000
vt 1.500000 -21.680378 0.000000
vt 0.001000 -21.680378 0.000000
vt 1.500000 -22.043445 0.000000
vt 0.001000 -22.043445 0.000000
vt 1.500000 -22.406511 0.000000
vt 0.001000 -22.406511 0.000000
vt 1.500000 -22.769578 0.000000
vt 0.001000 -22.769578 0.000000
vt 1.500000 -23.132644 0.000000
vt 0.001000 -23.132644 0.000000
vt 1.500000 -23.495710 0.000000
vt 0.001000 -23.495710 0.000000
vt 1.500000 -23.858777 0.000000
vt 0.001000 -23.858777 0.000000
vt 1.500000 -24.221843 0.000000
vt 0.001000 -24.221843 0.000000
vt 1.500000 -24.584910 0.000000
vt 0.001000 -24.584910 0.000000
vt 1.500000 -24.947976 0.000000
vt 0.001000 -24.947976 0.000000
vt 1.500000 -25.311043 0.000000
vt 0.001000 -25.311043 0.000000
vt 1.500000 -25.674109 0.000000
vt 0.001000 -25.674109 0.000000
vt 1.500000 -26.037176 0.000000
vt 0.001000 -26.037176 0.000000
vt 1.500000 -26.400242 0.000000
vt 0.001000 -26.400242 0.000000
vt 1.500000 -26.763309 0.000000
vt 0.001000 -26.763309 0.000000
vt 1.500000 -27.126375 0.000000
vt 0.001000 -27.126375 0.000000
vt 1.500000 -27.489442 0.000000
vt 0.001000 -27.489442 0.000000
vt 1.500000 -27.852508 0.000000
vt 0.001000 -27.852508 0.000000
vt -0.750000 0.001000 0.000000
vt 2.750000 0.001000 0.000000
vt -0.750000 1.500000 0.000000
vt 2.750000 1.500000 0.000000
vt -10.000000 -6.000000 0.000000
vt 10.000000 -6.000000 0.000000
vt -10.000000 6.000000 0.000000
vt 10.000000 6.000000 0.000000
vt -2.645898 0.001000 0.000000
vt -0.518881 0.001000 0.000000
vt -2.645898 1.500000 0.000000
vt -0.518881 1.500000 0.000000
vt 12.500000 1.500000 0.000000
vt 12.500000 0.001000 0.000000
vt 20.000000 1.500000 0.000000
vt 20.000000 -1.000000 0.000000
vt 11.000000 0.001000 0.000000
vt 10.000000 0.001000 0.000000
vt 10.000000 1.500000 0.000000
vt 11.000000 1.500000 0.000000
vt 0.000000 -1.000000 0.000000
vt 9.000000 0.001000 0.000000
vt -0.000000 1.500000 0.000000
vt 9.000000 1.500000 0.000000
vt 12.000000 1.500000 0.000000
vt -0.000000 1.500000 0.000000
vt 12.000000 -1.000000 0.000000
vt 0.000000 -1.000000 0.000000
vt 12.000000 1.500000 0.000000
vt 0.000000 1.500000 0.000000
vt 12.000000 -1.000000 0.000000
vt 0.000000 -1.000000 0.000000
vt 20.000000 1.500000 0.000000
vt 0.000000 1.500000 0.000000
vt 20.000000 -1.000000 0.000000
vt 0.000000 -1.000000 0.000000
vn -0.099144 -0.013053 0.000000
vn -0.099144 -0.013053 0.000000
vn -0.100000 -0.000000 0.000000
vn -0.100000 -0.000000 0.000000
vn -0.099144 0.013053 0.000000
vn -0.099144 0.013053 0.000000
vn -0.096593 0.025882 0.000000
vn -0.096593 0.025882 0.000000
vn -0.092388 0.038268 0.000000
vn -0.092388 0.038268 0.000000
vn -0.086603 0.050000 0.000000
vn -0.086603 0.050000 0.000000
vn -0.079335 0.060876 0.000000
vn -0.079335 0.060876 0.000000
vn -0.070711 0.070711 0.000000
vn -0.070711 0.070711 0.000000
vn -0.060876 0.079335 0.000000
vn -0.060876 0.079335 0.000000
vn -0.050000 0.086603 0.000000
vn -0.050000 0.086603 0.000000
vn -0.038268 0.092388 0.000000
vn -0.038268 0.092388 0.000000
vn -0.025882 0.096593 0.000000
vn -0.025882 0.096593 0.000000
vn -0.013053 0.099144 0.000000
vn -0.013053 0.099144 0.000000
vn 0.000000 0.100000 0.000000
vn 0.000000 0.100000 0.000000
vn 0.013053 0.099144 0.000000
vn 0.013053 0.099144 0.000000
vn 0.025882 0.096593 0.000000
vn 0.025882 0.096593 0.000000
vn 0.038268 0.092388 0.000000
vn 0.038268 0.092388 0.000000
vn 0.050000 0.086603 0.000000
vn 0.050000 0.086603 0.000000
vn 0.060876 0.079335 0.000000
vn 0.060876 0.079335 0.000000
vn 0.070711 0.070711 0.000000
vn 0.070711 0.070711 0.000000
vn 0.079335 0.060876 0.000000
vn 0.079335 0.060876 0.000000
vn 0.086603 0.050000 0.000000
vn 0.086603 0.050000 0.000000
vn 0.092388 0.038268 0.000000
vn 0.092388 0.038268 0.000000
vn 0.096593 0.025882 0.000000
vn 0.096593 0.025882 0.000000
vn 0.099144 0.013053 0.000000
vn 0.099144 0.013053 0.000000
vn 0.100000 0.000000 0.000000
vn 0.100000 0.000000 0.000000
vn 0.099144 -0.013053 0.000000
vn 0.099144 -0.013053 0.000000
vn 0.096593 -0.025882 0.000000
vn 0.096593 -0.025882 0.000000
vn 0.092388 -0.038268 0.000000
vn 0.092388 -0.038268 0.000000
vn 0.086603 -0.050000 0.000000
vn 0.086603 -0.050000 0.000000
vn 0.079335 -0.060876 0.000000
vn 0.079335 -0.060876 0.000000
vn 0.070711 -0.070711 0.000000
vn 0.070711 -0.070711 0.000000
vn 0.060876 -0.079335 0.000000
vn 0.060876 -0.079335 0.000000
vn 0.050000 -0.086603 0.000000
vn 0.050000 -0.086603 0.000000
vn 0.038268 -0.092388 0.000000
vn 0.038268 -0.092388 0.000000
vn 0.025882 -0.096593 0.000000
vn 0.025882 -0.096593 0.000000
vn 0.013053 -0.099144 0.000000
vn 0.013053 -0.099144 0.000000
vn 0.000000 -0.100000 0.000000
vn 0.000000 -0.100000 0.000000
vn -0.013053 -0.099144 0.000000
vn -0.013053 -0.099144 0.000000
vn -0.025882 -0.096593 0.000000
vn -0.025882 -0.096593 0.000000
vn -0.038268 -0.092388 0.000000
vn -0.038268 -0.092388 0.000000
vn -0.050000 -0.086603 0.000000
vn -0.050000 -0.086603 0.000000
vn -0.060876 -0.079335 0.000000
vn -0.060876 -0.079335 0.000000
vn -0.070711 -0.070711 0.000000
vn -0.070711 -0.070711 0.000000
vn -0.079335 -0.060876 0.000000
vn -0.079335 -0.060876 0.000000
vn -0.086603 -0.050000 0.000000
vn -0.086603 -0.050000 0.000000
vn -0.092388 -0.038268 0.000000
vn -0.092388 -0.038268 0.000000
vn -0.096593 -0.025882 0.000000
vn -0.096593 -0.025882 0.000000
vn 0.099271 -0.012054 0.000000
vn 0.099271 -0.012054 0.000000
vn 0.100000 -0.000000 0.000000
vn 0.100000 -0.000000 0.000000
vn 0.099271 0.012054 0.000000
vn 0.099271 0.012054 0.000000
vn 0.097094 0.023932 0.000000
vn 0.097094 0.023932 0.000000
vn 0.093502 0.035460 0.000000
vn 0.093502 0.035460 0.000000
vn 0.088546 0.046472 0.000000
vn 0.088546 0.046472 0.000000
vn 0.082298 0.056806 0.000000
vn 0.082298 0.056806 0.000000
vn 0.074851 0.066312 0.000000
vn 0.074851 0.066312 0.000000
vn 0.066312 0.074851 0.000000
vn 0.066312 0.074851 0.000000
vn 0.056806 0.082298 0.000000
vn 0.056806 0.082298 0.000000
vn 0.046472 0.088546 0.000000
vn 0.046472 0.088546 0.000000
vn 0.035460 0.093502 0.000000
vn 0.035460 0.093502 0.000000
vn 0.023932 0.097094 0.000000
vn 0.023932 0.097094 0.000000
vn 0.012054 0.099271 0.000000
vn 0.012054 0.099271 0.000000
vn -0.000000 0.100000 -0.000000
vn -0.000000 0.100000 -0.000000
vn -0.012054 0.099271 -0.000000
vn -0.012054 0.099271 -0.000000
vn -0.023932 0.097094 -0.000000
vn -0.023932 0.097094 -0.000000
vn -0.035460 0.093502 -0.000000
vn -0.035460 0.093502 -0.000000
vn -0.046472 0.088546 -0.000000
vn -0.046472 0.088546 -0.000000
vn -0.056806 0.082298 -0.000000
vn -0.056806 0.082298 -0.000000
vn -0.066312 0.074851 -0.000000
vn -0.066312 0.074851 -0.000000
vn -0.074851 0.066312 -0.000000
vn -0.074851 0.066312 -0.000000
vn -0.082298 0.056806 -0.000000
vn -0.082298 0.056806 -0.000000
vn -0.088546 0.046472 -0.000000
vn -0.088546 0.046472 -0.000000
vn -0.093502 0.035460 -0.000000
vn -0.093502 0.035460 -0.000000
vn -0.097094 0.023932 -0.000000
vn -0.097094 0.023932 -0.000000
vn -0.099271 0.012054 -0.000000
vn -0.099271 0.012054 -0.000000
vn -0.100000 0.000000 0.000000
vn -0.100000 0.000000 0.000000
vn -0.099271 -0.012054 0.000000
vn -0.099271 -0.012054 0.000000
vn -0.097094 -0.023932 0.000000
vn -0.097094 -0.023932 0.000000
vn -0.093502 -0.035460 0.000000
vn -0.093502 -0.035460 0.000000
vn -0.088546 -0.046472 0.000000
vn -0.088546 -0.046472 0.000000
vn -0.082298 -0.056806 0.000000
vn -0.082298 -0.056806 0.000000
vn -0.074851 -0.066312 0.000000
vn -0.074851 -0.066312 0.000000
vn -0.066312 -0.074851 0.000000
vn -0.066312 -0.074851 0.000000
vn -0.056806 -0.082298 0.000000
vn -0.056806 -0.082298 0.000000
vn -0.046472 -0.088546 0.000000
vn -0.046472 -0.088546 0.000000
vn -0.035460 -0.093502 0.000000
vn -0.035460 -0.093502 0.000000
vn -0.023932 -0.097094 0.000000
vn -0.023932 -0.097094 0.000000
vn -0.012054 -0.099271 0.000000
vn -0.012054 -0.099271 0.000000
vn -0.000000 -0.100000 0.000000
vn -0.000000 -0.100000 0.000000
vn 0.012054 -0.099271 0.000000
vn 0.012054 -0.099271 0.000000
vn 0.023932 -0.097094 0.000000
vn 0.023932 -0.097094 0.000000
vn 0.035460 -0.093502 0.000000
vn 0.035460 -0.093502 0.000000
vn 0.046472 -0.088546 0.000000
vn 0.046472 -0.088546 0.000000
vn 0.056806 -0.082298 0.000000
vn 0.056806 -0.082298 0.000000
vn 0.066312 -0.074851 0.000000
vn 0.066312 -0.074851 0.000000
vn 0.074851 -0.066312 0.000000
vn 0.074851 -0.066312 0.000000
vn 0.082298 -0.056806 0.000000
vn 0.082298 -0.056806 0.000000
vn 0.088546 -0.046472 0.000000
vn 0.088546 -0.046472 0.000000
vn 0.093502 -0.035460 0.000000
vn 0.093502 -0.035460 0.000000
vn 0.097094 -0.023932 0.000000
vn 0.097094 -0.023932 0.000000
vn 0.000000 0.000000 0.100000
vn 0.000000 0.000000 0.100000
vn 0.000000 0.000000 0.100000
vn 0.000000 0.000000 0.100000
vn 0.000000 0.000000 0.100000
vn 0.000000 0.000000 0.100000
vn 0.000000 0.000000 0.100000
vn 0.000000 0.000000 0.100000
vn 0.000000 0.000000 0.100000
vn 0.000000 0.000000 0.100000
vn 0.000000 0.000000 0.100000
vn 0.000000 0.000000 0.100000
vn 0.000000 0.000000 0.100000
vn 0.000000 0.000000 0.100000
vn 0.000000 0.000000 0.100000
vn 0.000000 0.000000 0.100000
vn 0.000000 0.000000 0.100000
vn 0.000000 0.000000 0.100000
vn 0.000000 0.000000 0.100000
vn 0.000000 0.000000 0.100000
vn 0.000000 0.000000 0.100000
vn 0.000000 0.000000 0.100000
vn 0.000000 0.000000 0.100000
vn 0.000000 0.000000 0.100000
vn 0.000000 0.000000 0.100000
vn 0.000000 0.000000 0.100000
vn 0.000000 0.000000 0.100000
vn 0.000000 0.000000 0.100000
vn 0.000000 0.000000 0.100000
vn 0.000000 0.000000 0.100000
vn 0.000000 0.000000 0.100000
vn 0.000000 0.000000 0.100000
vn 0.000000 0.000000 0.100000
vn 0.000000 0.000000 0.100000
vn 0.000000 0.000000 0.100000
vn 0.000000 0.000000 0.100000
vn 0.000000 0.000000 0.100000
vn 0.000000 0.000000 0.100000
vn 0.000000 0.000000 0.100000
vn 0.000000 0.000000 0.100000
vn 0.000000 0.000000 0.100000
vn 0.000000 0.000000 0.100000
vn 0.000000 0.000000 0.100000
vn 0.000000 0.000000 0.100000
vn 0.000000 0.000000 0.100000
vn 0.000000 0.000000 0.100000
vn 0.000000 0.000000 0.100000
vn 0.000000 0.000000 0.100000
vn 0.000000 0.000000 0.100000
vn 0.000000 0.000000 0.100000
vn 0.000000 0.000000 0.100000
vn 0.000000 0.000000 0.100000
vn 0.000000 0.000000 0.100000
vn 0.000000 0.000000 0.100000
vn 0.000000 0.000000 0.100000
vn 0.000000 0.000000 0.100000
vn 0.000000 0.000000 0.100000
vn 0.000000 0.000000 0.100000
vn 0.000000 0.000000 0.100000
vn 0.000000 0.000000 0.100000
vn 0.000000 0.000000 0.100000
vn 0.000000 0.000000 0.100000
vn 0.000000 0.000000 0.100000
vn 0.000000 0.000000 0.100000
vn 0.000000 0.000000 0.100000
vn 0.000000 0.000000 0.100000
vn 0.000000 0.000000 0.100000
vn 0.000000 0.000000 0.100000
vn 0.000000 0.000000 0.100000
vn 0.000000 0.000000 0.100000
vn 0.000000 0.000000 0.100000
vn 0.000000 0.000000 0.100000
vn 0.000000 0.000000 0.100000
vn 0.000000 0.000000 0.100000
vn 0.000000 0.000000 0.100000
vn 0.000000 0.000000 0.100000
vn 0.000000 0.000000 0.100000
vn 0.000000 0.000000 0.100000
vn 0.000000 0.000000 0.100000
vn 0.000000 0.000000 0.100000
vn 0.000000 0.000000 0.100000
vn 0.000000 0.000000 0.100000
vn 0.000000 0.000000 0.100000
vn 0.000000 0.000000 0.100000
vn 0.000000 0.000000 0.100000
vn 0.000000 0.000000 0.100000
vn 0.000000 0.000000 0.100000
vn 0.000000 0.000000 0.100000
vn 0.000000 0.000000 0.100000
vn 0.000000 0.000000 0.100000
vn 0.000000 0.000000 0.100000
vn 0.000000 0.000000 0.100000
vn 0.000000 0.000000 0.100000
vn 0.000000 0.000000 0.100000
vn 0.000000 0.000000 0.100000
vn 0.000000 0.000000 0.100000
vn 0.000000 0.000000 0.100000
vn 0.000000 0.000000 0.100000
vn 0.000000 0.000000 0.100000
vn 0.000000 0.000000 0.100000
vn 0.000000 0.000000 0.100000
vn 0.000000 0.000000 0.100000
vn 0.000000 0.000000 0.100000
vn 0.000000 0.000000 0.100000
vn 0.000000 0.000000 0.100000
vn 0.000000 0.000000 0.100000
vn 0.000000 0.000000 0.100000
vn 0.000000 0.000000 0.100000
vn 0.000000 0.000000 0.100000
vn 0.000000 0.000000 0.100000
vn 0.000000 0.000000 0.100000
vn 0.000000 0.000000 0.100000
vn 0.000000 0.000000 0.100000
vn 0.000000 0.000000 0.100000
vn 0.000000 0.000000 0.100000
vn 0.000000 0.000000 0.100000
vn 0.000000 0.000000 0.100000
vn 0.000000 0.000000 0.100000
vn 0.000000 0.000000 0.100000
vn 0.000000 0.000000 0.100000
vn 0.000000 0.000000 0.100000
vn 0.000000 0.000000 0.100000
vn 0.000000 0.000000 0.100000
vn 0.000000 0.000000 0.100000
vn 0.000000 0.000000 0.100000
vn 0.000000 0.000000 0.100000
vn 0.000000 0.000000 0.100000
vn 0.000000 0.000000 0.100000
vn 0.000000 0.000000 0.100000
vn 0.000000 0.000000 0.100000
vn 0.000000 0.000000 0.100000
vn 0.000000 0.000000 0.100000
vn 0.000000 0.000000 0.100000
vn 0.000000 0.000000 0.100000
vn 0.000000 0.000000 0.100000
vn 0.000000 0.000000 0.100000
vn 0.000000 0.000000 0.100000
vn 0.000000 0.000000 0.100000
vn 0.000000 0.000000 0.100000
vn 0.000000 0.000000 0.100000
vn 0.000000 0.000000 0.100000
vn 0.000000 0.000000 0.100000
vn 0.000000 0.000000 0.100000
vn 0.000000 0.000000 0.100000
vn 0.000000 0.000000 0.100000
vn 0.000000 0.000000 0.100000
vn 0.000000 0.000000 0.100000
vn 0.000000 0.000000 0.100000
vn 0.000000 0.000000 0.100000
vn 0.000000 0.000000 0.100000
vn 0.000000 0.000000 0.100000
vn 0.000000 0.000000 0.100000
vn 0.000000 0.000000 0.100000
vn 0.000000 0.000000 0.100000
vn 0.000000 0.000000 0.100000
vn 0.000000 0.000000 0.100000
vn 0.000000 0.000000 0.100000
vn 0.000000 0.000000 0.100000
vn 0.000000 0.000000 0.100000
vn 0.000000 0.000000 0.100000
vn 0.000000 0.000000 0.100000
vn 0.000000 0.000000 0.100000
vn 0.000000 0.000000 0.100000
vn 0.000000 0.000000 0.100000
vn 0.000000 0.000000 0.100000
vn 0.000000 0.000000 0.100000
vn 0.000000 0.000000 0.100000
vn 0.000000 0.000000 0.100000
vn 0.000000 0.000000 0.100000
vn 0.000000 0.000000 0.100000
vn 0.000000 0.000000 0.100000
vn 0.000000 0.000000 0.100000
vn 0.000000 0.000000 0.100000
vn 0.000000 0.000000 0.100000
vn 0.000000 0.000000 0.100000
vn 0.000000 0.000000 0.100000
vn 0.000000 0.000000 0.100000
vn 0.000000 0.000000 0.100000
vn 0.000000 0.000000 0.100000
vn 0.000000 0.000000 0.100000
vn 0.000000 0.000000 0.100000
vn 0.000000 0.000000 0.100000
vn 0.000000 0.000000 0.100000
vn 0.000000 0.000000 0.100000
vn 0.000000 0.000000 0.100000
vn 0.000000 0.000000 0.100000
vn 0.000000 0.000000 0.100000
vn 0.000000 0.000000 0.100000
vn 0.000000 0.000000 0.100000
vn 0.000000 0.000000 0.100000
vn 0.000000 0.000000 0.100000
vn 0.000000 0.000000 0.100000
vn 0.000000 0.000000 0.100000
vn 0.000000 0.000000 0.100000
vn 0.000000 0.000000 0.100000
vn 0.000000 0.000000 0.100000
vn 0.000000 0.000000 0.100000
vn 0.000000 0.000000 0.100000
vn 0.000000 0.000000 0.100000
vn 0.000000 0.000000 0.100000
vn 0.000000 0.000000 0.100000
vn 0.000000 0.000000 0.100000
vn 0.000000 0.000000 0.100000
vn 0.000000 0.000000 0.100000
vn 0.000000 0.000000 0.100000
vn 0.000000 0.000000 0.100000
vn 0.000000 0.000000 0.100000
vn 0.000000 0.000000 0.100000
vn 0.000000 0.000000 0.100000
vn 0.000000 0.000000 0.100000
vn 0.000000 0.000000 0.100000
vn 0.000000 0.000000 0.100000
vn 0.000000 0.000000 0.100000
vn 0.000000 0.000000 0.100000
vn 0.000000 0.000000 0.100000
vn 0.000000 0.000000 0.100000
vn 0.000000 0.000000 0.100000
vn 0.000000 0.000000 0.100000
vn 0.000000 0.000000 0.100000
vn 0.000000 0.000000 0.100000
vn 0.000000 0.000000 0.100000
vn 0.000000 0.000000 0.100000
vn 0.000000 0.000000 0.100000
vn 0.000000 0.000000 0.100000
vn 0.000000 0.000000 0.100000
vn 0.000000 0.000000 0.100000
vn 0.000000 0.000000 0.100000
vn 0.000000 0.000000 0.100000
vn 0.000000 0.000000 0.100000
vn 0.000000 0.000000 0.100000
vn 0.000000 0.000000 0.100000
vn 0.000000 0.000000 0.100000
vn 0.000000 0.000000 0.100000
vn 0.000000 0.000000 0.100000
vn 0.000000 0.000000 0.100000
vn 0.000000 0.000000 0.100000
vn 0.000000 0.000000 0.100000
vn 0.000000 0.000000 0.100000
vn 0.000000 0.000000 0.100000
vn 0.000000 0.000000 0.100000
vn 0.000000 0.000000 0.100000
vn 0.000000 0.000000 0.100000
vn 0.000000 0.000000 0.100000
vn 0.000000 0.000000 0.100000
vn 0.000000 0.000000 0.100000
vn 0.000000 0.000000 0.100000
vn 0.000000 0.000000 0.100000
vn 0.000000 0.000000 0.100000
vn 0.000000 0.000000 0.100000
vn 0.000000 0.000000 0.100000
vn 0.000000 0.000000 0.100000
vn 0.000000 0.000000 0.100000
vn 0.000000 0.000000 0.100000
vn 0.000000 0.000000 0.100000
vn 0.000000 0.000000 0.100000
vn 0.000000 0.000000 0.100000
vn 0.000000 0.000000 0.100000
vn 0.000000 0.000000 0.100000
vn 0.000000 0.000000 0.100000
vn 0.000000 0.000000 0.100000
vn 0.000000 0.000000 0.100000
vn 0.000000 0.000000 0.100000
vn 0.000000 0.000000 0.100000
vn 0.000000 0.000000 0.100000
vn 0.000000 0.000000 0.100000
vn 0.000000 0.000000 0.100000
vn 0.000000 0.000000 0.100000
vn 0.000000 0.000000 0.100000
vn 0.000000 0.000000 0.100000
vn 0.000000 0.000000 0.100000
vn 0.000000 0.000000 0.100000
vn 0.000000 0.000000 0.100000
vn 0.000000 0.000000 0.100000
vn 0.000000 0.000000 0.100000
vn 0.000000 0.000000 0.100000
vn 0.000000 0.000000 0.100000
vn 0.000000 0.000000 0.100000
vn 0.000000 0.000000 0.100000
vn 0.000000 0.000000 0.100000
vn 0.000000 0.000000 0.100000
vn 0.000000 0.000000 0.100000
vn 0.000000 0.000000 0.100000
vn 0.000000 0.000000 0.100000
vn 0.000000 0.000000 0.100000
vn 0.000000 0.000000 0.100000
vn 0.000000 0.000000 0.100000
vn 0.000000 0.000000 0.100000
vn 0.000000 0.000000 0.100000
vn 0.000000 0.000000 0.100000
vn 0.000000 0.000000 0.100000
vn 0.000000 0.000000 0.100000
vn 0.000000 0.000000 0.100000
vn 0.000000 0.000000 0.100000
vn 0.000000 0.000000 0.100000
vn 0.000000 0.000000 0.100000
vn 0.000000 0.000000 0.100000
vn 0.000000 0.000000 0.100000
vn 0.000000 0.000000 0.100000
vn 0.000000 0.000000 0.100000
vn 0.000000 0.000000 0.100000
vn 0.000000 0.000000 0.100000
vn 0.000000 0.000000 0.100000
vn 0.000000 0.000000 0.100000
vn 0.000000 0.000000 0.100000
vn 0.000000 0.000000 0.100000
vn 0.000000 0.000000 0.100000
vn 0.000000 0.000000 0.100000
vn 0.000000 0.000000 0.100000
vn 0.000000 0.000000 0.100000
vn 0.000000 0.000000 0.100000
vn 0.000000 0.000000 0.100000
vn 0.000000 0.000000 0.100000
vn 0.000000 0.000000 0.100000
vn 0.000000 0.000000 0.100000
vn 0.000000 0.000000 0.100000
vn 0.000000 0.000000 0.100000
vn 0.000000 0.000000 0.100000
vn 0.000000 0.000000 0.100000
vn 0.000000 0.000000 0.100000
vn 0.000000 0.000000 0.100000
vn 0.000000 0.000000 0.100000
vn 0.000000 0.000000 0.100000
vn 0.000000 0.000000 0.100000
vn 0.000000 0.000000 0.100000
vn 0.000000 0.000000 0.100000
vn 0.000000 0.000000 0.100000
vn 0.000000 0.000000 0.100000
vn 0.000000 0.000000 0.100000
vn 0.000000 0.000000 0.100000
vn 0.000000 0.000000 0.100000
vn 0.000000 0.000000 0.100000
vn 0.000000 0.000000 0.100000
vn 0.000000 0.000000 0.100000
vn 0.000000 0.000000 0.100000
vn 0.000000 0.000000 0.100000
vn 0.000000 0.000000 0.100000
vn 0.000000 0.000000 0.100000
vn 0.000000 0.000000 0.100000
vn 0.000000 0.000000 0.100000
vn 0.000000 0.000000 0.100000
vn 0.000000 0.000000 0.100000
vn 0.000000 0.000000 0.100000
vn 0.000000 0.000000 0.100000
vn 0.000000 0.000000 0.100000
vn 0.000000 0.000000 0.100000
vn 0.000000 0.000000 0.100000
vn 0.000000 0.000000 0.100000
vn 0.000000 0.000000 0.100000
vn 0.000000 0.000000 0.100000
vn 0.000000 0.000000 0.100000
vn 0.000000 0.000000 0.100000
vn 0.000000 0.000000 0.100000
vn 0.000000 0.000000 0.100000
vn 0.000000 0.000000 0.100000
vn 0.000000 0.000000 0.100000
vn 0.000000 0.000000 0.100000
vn 0.000000 0.000000 0.100000
vn 0.000000 0.000000 0.100000
vn 0.000000 0.000000 0.100000
vn 0.000000 0.000000 0.100000
vn 0.000000 0.000000 0.100000
vn 0.000000 0.000000 0.100000
vn 0.000000 0.000000 0.100000
vn 0.000000 0.000000 0.100000
vn 0.000000 0.000000 0.100000
vn 0.000000 0.000000 0.100000
vn 0.000000 0.000000 0.100000
vn 0.000000 0.000000 0.100000
vn 0.000000 0.000000 0.100000
vn 0.000000 0.000000 0.100000
vn 0.000000 0.000000 0.100000
vn 0.000000 0.000000 0.100000
vn 0.000000 0.000000 0.100000
vn 0.000000 0.000000 0.100000
vn 0.000000 0.000000 0.100000
vn 0.000000 0.000000 0.100000
vn 0.000000 0.000000 0.100000
vn 0.000000 0.000000 0.100000
vn 0.000000 0.000000 0.100000
vn 0.000000 0.000000 0.100000
vn 0.000000 0.000000 0.100000
vn 0.000000 0.000000 0.100000
vn 0.000000 0.000000 0.100000
vn 0.000000 0.000000 0.100000
vn 0.000000 0.000000 0.100000
vn 0.000000 0.000000 0.100000
vn 0.000000 0.000000 0.100000
vn 0.000000 0.000000 0.100000
vn 0.000000 0.000000 0.100000
vn 0.000000 0.000000 0.100000
vn 0.000000 0.000000 0.100000
vn 0.000000 0.000000 0.100000
vn 0.000000 0.000000 0.100000
vn 0.000000 0.000000 0.100000
vn 0.000000 0.000000 0.100000
vn 0.000000 0.000000 0.100000
vn 0.000000 0.000000 0.100000
vn 0.000000 0.000000 0.100000
vn 0.000000 0.000000 0.100000
vn 0.000000 0.000000 0.100000
vn 0.000000 0.000000 0.100000
vn 0.000000 0.000000 0.100000
vn 0.000000 0.000000 0.100000
vn 0.000000 0.000000 0.100000
vn 0.000000 0.000000 0.100000
vn 0.000000 0.000000 0.100000
vn 0.000000 0.000000 0.100000
vn 0.000000 0.000000 0.100000
vn 0.000000 0.000000 0.100000
vn 0.000000 0.000000 0.100000
vn 0.000000 0.000000 0.100000
vn 0.000000 0.000000 0.100000
vn 0.000000 0.000000 0.100000
vn 0.000000 0.000000 0.100000
vn 0.000000 0.000000 0.100000
vn 0.000000 0.000000 0.100000
vn 0.000000 0.000000 0.100000
vn 0.000000 0.000000 0.100000
vn 0.000000 0.000000 0.100000
vn 0.000000 0.000000 0.100000
vn 0.000000 0.000000 0.100000
vn 0.000000 0.000000 0.100000
vn 0.000000 0.000000 0.100000
vn 0.000000 0.000000 0.100000
vn 0.000000 0.000000 0.100000
vn 0.000000 0.000000 0.100000
vn 0.000000 0.000000 0.100000
vn 0.000000 0.000000 0.100000
vn 0.000000 0.000000 0.100000
vn 0.000000 0.000000 0.100000
vn 0.000000 0.000000 0.100000
vn 0.000000 0.000000 0.100000
vn 0.000000 0.000000 0.100000
vn 0.000000 0.000000 0.100000
vn 0.000000 0.000000 0.100000
vn 0.000000 0.000000 0.100000
vn 0.000000 0.000000 0.100000
vn 0.000000 0.000000 0.100000
vn 0.000000 0.000000 0.100000
vn 0.000000 0.000000 0.100000
vn 0.000000 0.000000 0.100000
vn 0.000000 0.000000 0.100000
vn 0.000000 0.000000 0.100000
vn 0.000000 0.000000 0.100000
vn 0.000000 0.000000 0.100000
vn 0.000000 0.000000 0.100000
vn 0.000000 0.000000 0.100000
vn 0.000000 0.000000 0.100000
vn 0.000000 0.000000 0.100000
vn 0.000000 0.000000 0.100000
vn 0.000000 0.000000 0.100000
vn 0.000000 0.000000 0.100000
vn 0.000000 0.000000 0.100000
vn 0.000000 0.000000 0.100000
vn 0.000000 0.000000 0.100000
vn 0.000000 0.000000 0.100000
vn 0.000000 0.000000 0.100000
vn 0.000000 0.000000 0.100000
vn 0.000000 0.000000 0.100000
vn 0.000000 0.000000 0.100000
vn 0.000000 0.000000 0.100000
vn 0.000000 0.000000 0.100000
vn 0.000000 0.000000 0.100000
vn 0.000000 0.000000 0.100000
vn 0.000000 0.000000 0.100000
vn 0.000000 0.000000 0.100000
vn 0.000000 0.000000 0.100000
vn 0.000000 0.000000 0.100000
vn 0.000000 0.000000 0.100000
vn 0.000000 0.000000 0.100000
vn 0.000000 0.000000 0.100000
vn 0.000000 0.000000 0.100000
vn -0.099144 -0.013053 0.000000
vn -0.099144 -0.013053 0.000000
vn -0.100000 -0.000000 0.000000
vn -0.100000 -0.000000 0.000000
vn -0.099144 0.013053 0.000000
vn -0.099144 0.013053 0.000000
vn -0.096593 0.025882 0.000000
vn -0.096593 0.025882 0.000000
vn -0.092388 0.038268 0.000000
vn -0.092388 0.038268 0.000000
vn -0.086603 0.050000 0.000000
vn -0.086603 0.050000 0.000000
vn -0.079335 0.060876 0.000000
vn -0.079335 0.060876 0.000000
vn -0.070711 0.070711 0.000000
vn -0.070711 0.070711 0.000000
vn -0.060876 0.079335 0.000000
vn -0.060876 0.079335 0.000000
vn -0.050000 0.086603 0.000000
vn -0.050000 0.086603 0.000000
vn -0.038268 0.092388 0.000000
vn -0.038268 0.092388 0.000000
vn -0.025882 0.096593 0.000000
vn -0.025882 0.096593 0.000000
vn -0.013053 0.099144 0.000000
vn -0.013053 0.099144 0.000000
vn 0.000000 0.100000 0.000000
vn 0.000000 0.100000 0.000000
vn 0.013053 0.099144 0.000000
vn 0.013053 0.099144 0.000000
vn 0.025882 0.096593 0.000000
vn 0.025882 0.096593 0.000000
vn 0.038268 0.092388 0.000000
vn 0.038268 0.092388 0.000000
vn 0.050000 0.086603 0.000000
vn 0.050000 0.086603 0.000000
vn 0.060876 0.079335 0.000000
vn 0.060876 0.079335 0.000000
vn 0.070711 0.070711 0.000000
vn 0.070711 0.070711 0.000000
vn 0.079335 0.060876 0.000000
vn 0.079335 0.060876 0.000000
vn 0.086603 0.050000 0.000000
vn 0.086603 0.050000 0.000000
vn 0.092388 0.038268 0.000000
vn 0.092388 0.038268 0.000000
vn 0.096593 0.025882 0.000000
vn 0.096593 0.025882 0.000000
vn 0.099144 0.013053 0.000000
vn 0.099144 0.013053 0.000000
vn 0.100000 0.000000 0.000000
vn 0.100000 0.000000 0.000000
vn 0.099144 -0.013053 0.000000
vn 0.099144 -0.013053 0.000000
vn 0.096593 -0.025882 0.000000
vn 0.096593 -0.025882 0.000000
vn 0.092388 -0.038268 0.000000
vn 0.092388 -0.038268 0.000000
vn 0.086603 -0.050000 0.000000
vn 0.086603 -0.050000 0.000000
vn 0.079335 -0.060876 0.000000
vn 0.079335 -0.060876 0.000000
vn 0.070711 -0.070711 0.000000
vn 0.070711 -0.070711 0.000000
vn 0.060876 -0.079335 0.000000
vn 0.060876 -0.079335 0.000000
vn 0.050000 -0.086603 0.000000
vn 0.050000 -0.086603 0.000000
vn 0.038268 -0.092388 0.000000
vn 0.038268 -0.092388 0.000000
vn 0.025882 -0.096593 0.000000
vn 0.025882 -0.096593 0.000000
vn 0.013053 -0.099144 0.000000
vn 0.013053 -0.099144 0.000000
vn 0.000000 -0.100000 0.000000
vn 0.000000 -0.100000 0.000000
vn -0.013053 -0.099144 0.000000
vn -0.013053 -0.099144 0.000000
vn -0.025882 -0.096593 0.000000
vn -0.025882 -0.096593 0.000000
vn -0.038268 -0.092388 0.000000
vn -0.038268 -0.092388 0.000000
vn -0.050000 -0.086603 0.000000
vn -0.050000 -0.086603 0.000000
vn -0.060876 -0.079335 0.000000
vn -0.060876 -0.079335 0.000000
vn -0.070711 -0.070711 0.000000
vn -0.070711 -0.070711 0.000000
vn -0.079335 -0.060876 0.000000
vn -0.079335 -0.060876 0.000000
vn -0.086603 -0.050000 0.000000
vn -0.086603 -0.050000 0.000000
vn -0.092388 -0.038268 0.000000
vn -0.092388 -0.038268 0.000000
vn -0.096593 -0.025882 0.000000
vn -0.096593 -0.025882 0.000000
vn 0.099271 -0.012054 0.000000
vn 0.099271 -0.012054 0.000000
vn 0.100000 -0.000000 0.000000
vn 0.100000 -0.000000 0.000000
vn 0.099271 0.012054 0.000000
vn 0.099271 0.012054 0.000000
vn 0.097094 0.023932 0.000000
vn 0.097094 0.023932 0.000000
vn 0.093502 0.035460 0.000000
vn 0.093502 0.035460 0.000000
vn 0.088546 0.046472 0.000000
vn 0.088546 0.046472 0.000000
vn 0.082298 0.056806 0.000000
vn 0.082298 0.056806 0.000000
vn 0.074851 0.066312 0.000000
vn 0.074851 0.066312 0.000000
vn 0.066312 0.074851 0.000000
vn 0.066312 0.074851 0.000000
vn 0.056806 0.082298 0.000000
vn 0.056806 0.082298 0.000000
vn 0.046472 0.088546 0.000000
vn 0.046472 0.088546 0.000000
vn 0.035460 0.093502 0.000000
vn 0.035460 0.093502 0.000000
vn 0.023932 0.097094 0.000000
vn 0.023932 0.097094 0.000000
vn 0.012054 0.099271 0.000000
vn 0.012054 0.099271 0.000000
vn -0.000000 0.100000 -0.000000
vn -0.000000 0.100000 -0.000000
vn -0.012054 0.099271 -0.000000
vn -0.012054 0.099271 -0.000000
vn -0.023932 0.097094 -0.000000
vn -0.023932 0.097094 -0.000000
vn -0.035460 0.093502 -0.000000
vn -0.035460 0.093502 -0.000000
vn -0.046472 0.088546 -0.000000
vn -0.046472 0.088546 -0.000000
vn -0.056806 0.082298 -0.000000
vn -0.056806 0.082298 -0.000000
vn -0.066312 0.074851 -0.000000
vn -0.066312 0.074851 -0.000000
vn -0.074851 0.066312 -0.000000
vn -0.074851 0.066312 -0.000000
vn -0.082298 0.056806 -0.000000
vn -0.082298 0.056806 -0.000000
vn -0.088546 0.046472 -0.000000
vn -0.088546 0.046472 -0.000000
vn -0.093502 0.035460 -0.000000
vn -0.093502 0.035460 -0.000000
vn -0.097094 0.023932 -0.000000
vn -0.097094 0.023932 -0.000000
vn -0.099271 0.012054 -0.000000
vn -0.099271 0.012054 -0.000000
vn -0.100000 0.000000 0.000000
vn -0.100000 0.000000 0.000000
vn -0.099271 -0.012054 0.000000
vn -0.099271 -0.012054 0.000000
vn -0.097094 -0.023932 0.000000
vn -0.097094 -0.023932 0.000000
vn -0.093502 -0.035460 0.000000
vn -0.093502 -0.035460 0.000000
vn -0.088546 -0.046472 0.000000
vn -0.088546 -0.046472 0.000000
vn -0.082298 -0.056806 0.000000
vn -0.082298 -0.056806 0.000000
vn -0.074851 -0.066312 0.000000
vn -0.074851 -0.066312 0.000000
vn -0.066312 -0.074851 0.000000
vn -0.066312 -0.074851 0.000000
vn -0.056806 -0.082298 0.000000
vn -0.056806 -0.082298 0.000000
vn -0.046472 -0.088546 0.000000
vn -0.046472 -0.088546 0.000000
vn -0.035460 -0.093502 0.000000
vn -0.035460 -0.093502 0.000000
vn -0.023932 -0.097094 0.000000
vn -0.023932 -0.097094 0.000000
vn -0.012054 -0.099271 0.000000
vn -0.012054 -0.099271 0.000000
vn -0.000000 -0.100000 0.000000
vn -0.000000 -0.100000 0.000000
vn 0.012054 -0.099271 0.000000
vn 0.012054 -0.099271 0.000000
vn 0.023932 -0.097094 0.000000
vn 0.023932 -0.097094 0.000000
vn 0.035460 -0.093502 0.000000
vn 0.035460 -0.093502 0.000000
vn 0.046472 -0.088546 0.000000
vn 0.046472 -0.088546 0.000000
vn 0.056806 -0.082298 0.000000
vn 0.056806 -0.082298 0.000000
vn 0.066312 -0.074851 0.000000
vn 0.066312 -0.074851 0.000000
vn 0.074851 -0.066312 0.000000
vn 0.074851 -0.066312 0.000000
vn 0.082298 -0.056806 0.000000
vn 0.082298 -0.056806 0.000000
vn 0.088546 -0.046472 0.000000
vn 0.088546 -0.046472 0.000000
vn 0.093502 -0.035460 0.000000
vn 0.093502 -0.035460 0.000000
vn 0.097094 -0.023932 0.000000
vn 0.097094 -0.023932 0.000000
vn 0.000000 0.000000 0.100000
vn 0.000000 0.000000 0.100000
vn 0.000000 0.000000 0.100000
vn 0.000000 0.000000 0.100000
vn 0.000000 0.000000 0.100000
vn 0.000000 0.000000 0.100000
vn 0.000000 0.000000 0.100000
vn 0.000000 0.000000 0.100000
vn 0.000000 0.000000 0.100000
vn 0.000000 0.000000 0.100000
vn 0.000000 0.000000 0.100000
vn 0.000000 0.000000 0.100000
vn 0.000000 0.000000 0.100000
vn 0.000000 0.000000 0.100000
vn 0.000000 0.000000 0.100000
vn 0.000000 0.000000 0.100000
vn 0.000000 0.000000 0.100000
vn 0.000000 0.000000 0.100000
vn 0.000000 0.000000 0.100000
vn 0.000000 0.000000 0.100000
vn 0.000000 0.000000 0.100000
vn 0.000000 0.000000 0.100000
vn 0.000000 0.000000 0.100000
vn 0.000000 0.000000 0.100000
vn 0.000000 0.000000 0.100000
vn 0.000000 0.000000 0.100000
vn 0.000000 0.000000 0.100000
vn 0.000000 0.000000 0.100000
vn 0.000000 0.000000 0.100000
vn 0.000000 0.000000 0.100000
vn 0.000000 0.000000 0.100000
vn 0.000000 0.000000 0.100000
vn 0.000000 0.000000 0.100000
vn 0.000000 0.000000 0.100000
vn 0.000000 0.000000 0.100000
vn 0.000000 0.000000 0.100000
vn 0.000000 0.000000 0.100000
vn 0.000000 0.000000 0.100000
vn 0.000000 0.000000 0.100000
vn 0.000000 0.000000 0.100000
vn 0.000000 0.000000 0.100000
vn 0.000000 0.000000 0.100000
vn 0.000000 0.000000 0.100000
vn 0.000000 0.000000 0.100000
vn 0.000000 0.000000 0.100000
vn 0.000000 0.000000 0.100000
vn 0.000000 0.000000 0.100000
vn 0.000000 0.000000 0.100000
vn 0.000000 0.000000 0.100000
vn 0.000000 0.000000 0.100000
vn 0.000000 0.000000 0.100000
vn 0.000000 0.000000 0.100000
vn 0.000000 0.000000 0.100000
vn 0.000000 0.000000 0.100000
vn 0.000000 0.000000 0.100000
vn 0.000000 0.000000 0.100000
vn 0.000000 0.000000 0.100000
vn 0.000000 0.000000 0.100000
vn 0.000000 0.000000 0.100000
vn 0.000000 0.000000 0.100000
vn 0.000000 0.000000 0.100000
vn 0.000000 0.000000 0.100000
vn 0.000000 0.000000 0.100000
vn 0.000000 0.000000 0.100000
vn 0.000000 0.000000 0.100000
vn 0.000000 0.000000 0.100000
vn 0.000000 0.000000 0.100000
vn 0.000000 0.000000 0.100000
vn 0.000000 0.000000 0.100000
vn 0.000000 0.000000 0.100000
vn 0.000000 0.000000 0.100000
vn 0.000000 0.000000 0.100000
vn 0.000000 0.000000 0.100000
vn 0.000000 0.000000 0.100000
vn 0.000000 0.000000 0.100000
vn 0.000000 0.000000 0.100000
vn 0.000000 0.000000 0.100000
vn 0.000000 0.000000 0.100000
vn 0.000000 0.000000 0.100000
vn 0.000000 0.000000 0.100000
vn 0.000000 0.000000 0.100000
vn 0.000000 0.000000 0.100000
vn 0.000000 0.000000 0.100000
vn 0.000000 0.000000 0.100000
vn 0.000000 0.000000 0.100000
vn 0.000000 0.000000 0.100000
vn 0.000000 0.000000 0.100000
vn 0.000000 0.000000 0.100000
vn 0.000000 0.000000 0.100000
vn 0.000000 0.000000 0.100000
vn 0.000000 0.000000 0.100000
vn 0.000000 0.000000 0.100000
vn 0.000000 0.000000 0.100000
vn 0.000000 0.000000 0.100000
vn 0.000000 0.000000 0.100000
vn 0.000000 0.000000 0.100000
vn 0.000000 0.000000 0.100000
vn 0.000000 0.000000 0.100000
vn 0.000000 0.000000 0.100000
vn 0.000000 0.000000 0.100000
vn 0.000000 0.000000 0.100000
vn 0.000000 0.000000 0.100000
vn 0.000000 0.000000 0.100000
vn 0.000000 0.000000 0.100000
vn 0.000000 0.000000 0.100000
vn 0.000000 0.000000 0.100000
vn 0.000000 0.000000 0.100000
vn 0.000000 0.000000 0.100000
vn 0.000000 0.000000 0.100000
vn 0.000000 0.000000 0.100000
vn 0.000000 0.000000 0.100000
vn 0.000000 0.000000 0.100000
vn 0.000000 0.000000 0.100000
vn 0.000000 0.000000 0.100000
vn 0.000000 0.000000 0.100000
vn 0.000000 0.000000 0.100000
vn 0.000000 0.000000 0.100000
vn 0.000000 0.000000 0.100000
vn 0.000000 0.000000 0.100000
vn 0.000000 0.000000 0.100000
vn 0.000000 0.000000 0.100000
vn 0.000000 0.000000 0.100000
vn 0.000000 0.000000 0.100000
vn 0.000000 0.000000 0.100000
vn 0.000000 0.000000 0.100000
vn 0.000000 0.000000 0.100000
vn 0.000000 0.000000 0.100000
vn 0.000000 0.000000 0.100000
vn 0.000000 0.000000 0.100000
vn 0.000000 0.000000 0.100000
vn 0.000000 0.000000 0.100000
vn 0.000000 0.000000 0.100000
vn 0.000000 0.000000 0.100000
vn 0.000000 0.000000 0.100000
vn 0.000000 0.000000 0.100000
vn 0.000000 0.000000 0.100000
vn 0.000000 0.000000 0.100000
vn 0.000000 0.000000 0.100000
vn 0.000000 0.000000 0.100000
vn 0.000000 0.000000 0.100000
vn 0.000000 0.000000 0.100000
vn 0.000000 0.000000 0.100000
vn 0.000000 0.000000 0.100000
vn 0.000000 0.000000 0.100000
vn 0.000000 0.000000 0.100000
vn 0.000000 0.000000 0.100000
vn 0.000000 0.000000 0.100000
vn 0.000000 0.000000 0.100000
vn 0.000000 0.000000 0.100000
vn 0.000000 0.000000 0.100000
vn 0.000000 0.000000 0.100000
vn 0.000000 0.000000 0.100000
vn 0.000000 0.000000 0.100000
vn 0.000000 0.000000 0.100000
vn 0.000000 0.000000 0.100000
vn 0.000000 0.000000 0.100000
vn 0.000000 0.000000 0.100000
vn 0.000000 0.000000 0.100000
vn 0.000000 0.000000 0.100000
vn 0.000000 0.000000 0.100000
vn 0.000000 0.000000 0.100000
vn 0.000000 0.000000 0.100000
vn 0.000000 0.000000 0.100000
vn 0.000000 0.000000 0.100000
vn 0.000000 0.000000 0.100000
vn 0.000000 0.000000 0.100000
vn 0.000000 0.000000 0.100000
vn 0.000000 0.000000 0.100000
vn 0.000000 0.000000 0.100000
vn 0.000000 0.000000 0.100000
vn 0.000000 0.000000 0.100000
vn 0.000000 0.000000 0.100000
vn 0.000000 0.000000 0.100000
vn 0.000000 0.000000 0.100000
vn 0.000000 0.000000 0.100000
vn 0.000000 0.000000 0.100000
vn 0.000000 0.000000 0.100000
vn 0.000000 0.000000 0.100000
vn 0.000000 0.000000 0.100000
vn 0.000000 0.000000 0.100000
vn 0.000000 0.000000 0.100000
vn 0.000000 0.000000 0.100000
vn 0.000000 0.000000 0.100000
vn 0.000000 0.000000 0.100000
vn 0.000000 0.000000 0.100000
vn 0.000000 0.000000 0.100000
vn 0.000000 0.000000 0.100000
vn 0.000000 0.000000 0.100000
vn 0.000000 0.000000 0.100000
vn 0.000000 0.000000 0.100000
vn 0.000000 0.000000 0.100000
vn 0.000000 0.000000 0.100000
vn 0.000000 0.000000 0.100000
vn 0.000000 0.000000 0.100000
vn 0.000000 0.000000 0.100000
vn 0.000000 0.000000 0.100000
vn 0.000000 -0.100000 0.000000
vn 0.000000 -0.100000 0.000000
vn 0.000000 -0.100000 0.000000
vn 0.000000 -0.100000 0.000000
vn 0.000000 0.100000 0.000000
vn 0.000000 0.100000 0.000000
vn 0.000000 0.100000 0.000000
vn 0.000000 0.100000 0.000000
vn -0.058779 0.080902 0.000000
vn -0.058779 0.080902 0.000000
vn -0.058779 0.080902 0.000000
vn -0.058779 0.080902 0.000000
vn -0.080902 -0.058779 0.000000
vn -0.080902 -0.058779 0.000000
vn -0.080902 -0.058779 0.000000
vn -0.080902 -0.058779 0.000000
vn 0.030902 0.095106 0.000000
vn 0.030902 0.095106 0.000000
vn 0.030902 0.095106 0.000000
vn 0.030902 0.095106 0.000000
vn -0.095106 0.030902 0.000000
vn -0.095106 0.030902 0.000000
vn -0.095106 0.030902 0.000000
vn -0.095106 0.030902 0.000000
vn 0.095106 -0.030902 0.000000
vn 0.095106 -0.030902 0.000000
vn 0.095106 -0.030902 0.000000
vn 0.095106 -0.030902 0.000000
vn 0.030902 0.095106 0.000000
vn 0.030902 0.095106 0.000000
vn 0.030902 0.095106 0.000000
vn 0.030902 0.095106 0.000000
vn 0.058779 0.080902 0.000000
vn 0.058779 0.080902 0.000000
vn 0.058779 0.080902 0.000000
vn 0.058779 0.080902 0.000000
vn -0.080902 0.058779 0.000000
vn -0.080902 0.058779 0.000000
vn -0.080902 0.058779 0.000000
vn -0.080902 0.058779 0.000000
vn 0.080902 0.058779 0.000000
vn 0.080902 0.058779 0.000000
vn 0.080902 0.058779 0.000000
vn 0.080902 0.058779 0.000000
vn -0.058779 0.080902 0.000000
vn -0.058779 0.080902 0.000000
vn -0.058779 0.080902 0.000000
vn -0.058779 0.080902 0.000000
vn 0.030902 -0.095106 0.000000
vn 0.030902 -0.095106 0.000000
vn 0.030902 -0.095106 0.000000
vn 0.030902 -0.095106 0.000000
vn 0.095106 0.030902 0.000000
vn 0.095106 0.030902 0.000000
vn 0.095106 0.030902 0.000000
vn 0.095106 0.030902 0.000000
vn 0.030902 0.095106 0.000000
vn 0.030902 0.095106 0.000000
vn 0.030902 0.095106 0.000000
vn 0.030902 0.095106 0.000000
vn -0.095106 0.030902 0.000000
vn -0.095106 0.030902 0.000000
vn -0.095106 0.030902 0.000000
vn -0.095106 0.030902 0.000000
vn 0.000000 -0.100000 0.000000
vn 0.000000 -0.100000 0.000000
vn 0.000000 -0.100000 0.000000
vn 0.000000 -0.100000 0.000000
vn 0.100000 0.000000 0.000000
vn 0.100000 0.000000 0.000000
vn 0.100000 0.000000 0.000000
vn 0.100000 0.000000 0.000000
vn -0.058779 -0.080902 0.000000
vn -0.058779 -0.080902 0.000000
vn -0.058779 -0.080902 0.000000
vn -0.058779 -0.080902 0.000000
vn 0.080902 -0.058779 0.000000
vn 0.080902 -0.058779 0.000000
vn 0.080902 -0.058779 0.000000
vn 0.080902 -0.058779 0.000000
vn 0.095106 0.030902 0.000000
vn 0.095106 0.030902 0.000000
vn 0.095106 0.030902 0.000000
vn 0.095106 0.030902 0.000000
vn -0.030902 0.095106 0.000000
vn -0.030902 0.095106 0.000000
vn -0.030902 0.095106 0.000000
vn -0.030902 0.095106 0.000000
vn -0.058779 0.080902 0.000000
vn -0.058779 0.080902 0.000000
vn -0.058779 0.080902 0.000000
vn -0.058779 0.080902 0.000000
vn -0.080902 -0.058779 0.000000
vn -0.080902 -0.058779 0.000000
vn -0.080902 -0.058779 0.000000
vn -0.080902 -0.058779 0.000000
vn 0.100000 0.000000 0.000000
vn 0.100000 0.000000 0.000000
vn 0.100000 0.000000 0.000000
vn 0.100000 0.000000 0.000000
vn 0.058779 0.080902 0.000000
vn 0.058779 0.080902 0.000000
vn 0.058779 0.080902 0.000000
vn 0.058779 0.080902 0.000000
vn -0.080902 0.058779 0.000000
vn -0.080902 0.058779 0.000000
vn -0.080902 0.058779 0.000000
vn -0.080902 0.058779 0.000000
vn -0.100000 0.000000 0.000000
vn -0.100000 0.000000 0.000000
vn -0.100000 0.000000 0.000000
vn -0.100000 0.000000 0.000000
vn 0.000000 -0.100000 0.000000
vn 0.000000 -0.100000 0.000000
vn 0.000000 -0.100000 0.000000
vn 0.000000 -0.100000 0.000000
vn 0.058779 -0.080902 0.000000
vn 0.058779 -0.080902 0.000000
vn 0.058779 -0.080902 0.000000
vn 0.058779 -0.080902 0.000000
vn 0.080902 0.058779 0.000000
vn 0.080902 0.058779 0.000000
vn 0.080902 0.058779 0.000000
vn 0.080902 0.058779 0.000000
vn -0.030902 0.095106 0.000000
vn -0.030902 0.095106 0.000000
vn -0.030902 0.095106 0.000000
vn -0.030902 0.095106 0.000000
vn -0.095106 -0.030902 0.000000
vn -0.095106 -0.030902 0.000000
vn -0.095106 -0.030902 0.000000
vn -0.095106 -0.030902 0.000000
vn -0.095106 -0.030902 0.000000
vn -0.095106 -0.030902 0.000000
vn -0.095106 -0.030902 0.000000
vn -0.095106 -0.030902 0.000000
vn 0.030902 -0.095106 0.000000
vn 0.030902 -0.095106 0.000000
vn 0.030902 -0.095106 0.000000
vn 0.030902 -0.095106 0.000000
vn 0.100000 0.000000 0.000000
vn 0.100000 0.000000 0.000000
vn 0.100000 0.000000 0.000000
vn 0.100000 0.000000 0.000000
vn 0.000000 0.100000 0.000000
vn 0.000000 0.100000 0.000000
vn 0.000000 0.100000 0.000000
vn 0.000000 0.100000 0.000000
vn -0.080902 0.058779 0.000000
vn -0.080902 0.058779 0.000000
vn -0.080902 0.058779 0.000000
vn -0.080902 0.058779 0.000000
vn -0.058779 -0.080902 0.000000
vn -0.058779 -0.080902 0.000000
vn -0.058779 -0.080902 0.000000
vn -0.058779 -0.080902 0.000000
vn -0.095106 0.030902 0.000000
vn -0.095106 0.030902 0.000000
vn -0.095106 0.030902 0.000000
vn -0.095106 0.030902 0.000000
vn -0.030902 -0.095106 0.000000
vn -0.030902 -0.095106 0.000000
vn -0.030902 -0.095106 0.000000
vn -0.030902 -0.095106 0.000000
vn -0.026316 -0.096475 0.000000
vn -0.026316 -0.096475 0.000000
vn -0.003665 -0.099933 0.000000
vn -0.003665 -0.099933 0.000000
vn 0.019178 -0.098144 0.000000
vn 0.019178 -0.098144 0.000000
vn 0.041015 -0.091202 0.000000
vn 0.041015 -0.091202 0.000000
vn 0.060698 -0.079472 0.000000
vn 0.060698 -0.079472 0.000000
vn 0.077194 -0.063570 0.000000
vn 0.077194 -0.063570 0.000000
vn 0.089638 -0.044330 0.000000
vn 0.089638 -0.044330 0.000000
vn 0.097375 -0.022762 0.000000
vn 0.097375 -0.022762 0.000000
vn 0.100000 0.000000 0.000000
vn 0.100000 0.000000 0.000000
vn 0.100000 0.000000 0.000000
vn 0.100000 0.000000 0.000000
vn -0.100000 0.000000 0.000000
vn -0.100000 0.000000 0.000000
vn -0.100000 0.000000 0.000000
vn -0.100000 0.000000 0.000000
vn -0.096593 -0.025882 0.000000
vn -0.096593 -0.025882 0.000000
vn -0.086603 -0.050000 0.000000
vn -0.086603 -0.050000 0.000000
vn -0.070711 -0.070711 0.000000
vn -0.070711 -0.070711 0.000000
vn -0.050000 -0.086603 0.000000
vn -0.050000 -0.086603 0.000000
vn -0.025882 -0.096593 0.000000
vn -0.025882 -0.096593 0.000000
vn 0.000000 -0.100000 0.000000
vn 0.000000 -0.100000 0.000000
vn 0.000000 -0.100000 0.000000
vn 0.000000 -0.100000 0.000000
vn -0.100000 0.000000 0.000000
vn -0.100000 0.000000 0.000000
vn -0.100000 0.000000 0.000000
vn -0.100000 0.000000 0.000000
vn -0.099181 -0.012774 0.000000
vn -0.099378 -0.011137 0.000000
vn -0.099499 -0.009993 0.000000
vn -0.099445 -0.010520 0.000000
vn -0.099499 -0.009993 0.000000
vn -0.099458 -0.010400 0.000000
vn -0.099409 -0.010859 0.000000
vn -0.099350 -0.011382 0.000000
vn -0.099293 -0.011873 0.000000
vn -0.099279 -0.011987 0.000000
vn -0.099181 -0.012774 0.000000
vn -0.099191 -0.012698 0.000000
vn -0.099078 -0.013547 0.000000
vn -0.098994 -0.014148 0.000000
vn -0.098931 -0.014580 0.000000
vn -0.098859 -0.015060 0.000000
vn -0.098733 -0.015869 0.000000
vn -0.098686 -0.016156 0.000000
vn -0.098453 -0.017519 0.000000
vn -0.098446 -0.017560 0.000000
vn -0.098113 -0.019334 0.000000
vn -0.098113 -0.019334 0.000000
vn -0.097593 -0.021807 0.000000
vn -0.096769 -0.025214 0.000000
vn -0.096769 -0.025214 0.000000
vn -0.095145 -0.030779 0.000000
vn -0.095073 -0.031003 0.000000
vn -0.091313 -0.040767 0.000000
vn -0.091313 -0.040767 0.000000
vn -0.086331 -0.050467 0.000000
vn -0.085620 -0.051665 0.000000
vn -0.072363 -0.069018 0.000000
vn -0.072363 -0.069018 0.000000
vn -0.064162 -0.076702 0.000000
vn -0.062544 -0.078027 0.000000
vn -0.051468 -0.085738 0.000000
vn -0.048233 -0.087599 0.000000
vn -0.031476 -0.094917 0.000000
vn -0.028350 -0.095897 0.000000
vn -0.018325 -0.098307 0.000000
vn -0.003663 -0.099933 0.000000
vn -0.003663 -0.099933 0.000000
vn 0.009856 -0.099513 0.000000
vn 0.011650 -0.099319 0.000000
vn 0.022950 -0.097331 0.000000
vn 0.026040 -0.096550 0.000000
vn 0.045605 -0.088995 0.000000
vn 0.049037 -0.087151 0.000000
vn 0.062145 -0.078345 0.000000
vn 0.064048 -0.076797 0.000000
vn 0.073316 -0.068006 0.000000
vn 0.073316 -0.068006 0.000000
vn 0.083546 -0.054956 0.000000
vn -0.098994 -0.014148 0.000000
vn -0.098686 -0.016156 0.000000
vn -0.098449 -0.017545 0.000000
vn 0.088009 -0.047481 0.000000
vn 0.088731 -0.046117 0.000000
vn 0.093589 -0.035230 0.000000
vn 0.093589 -0.035230 0.000000
vn 0.097273 -0.023195 0.000000
vn 0.097273 -0.023195 0.000000
vn 0.098573 -0.016831 0.000000
vn 0.098573 -0.016831 0.000000
vn 0.098917 -0.014678 0.000000
vn 0.099158 -0.012950 0.000000
vn 0.099158 -0.012950 0.000000
vn 0.099333 -0.011533 0.000000
vn 0.099463 -0.010352 0.000000
vn 0.099463 -0.010352 0.000000
vn 0.099634 -0.008545 0.000000
vn 0.099634 -0.008545 0.000000
vn 0.099736 -0.007268 0.000000
vn 0.099736 -0.007268 0.000000
vn 0.099800 -0.006326 0.000000
vn 0.099800 -0.006326 0.000000
vn 0.099841 -0.005638 0.000000
vn 0.099838 -0.005687 0.000000
vn 0.099867 -0.005155 0.000000
vn 0.099872 -0.005054 0.000000
vn 0.099890 -0.004690 0.000000
vn 0.099892 -0.004645 0.000000
vn 0.099908 -0.004277 0.000000
vn 0.099908 -0.004277 0.000000
vn 0.099893 -0.004618 0.000000
vn 0.099872 -0.005054 0.000000
vn 0.099801 -0.006302 0.000000
vn 0.099753 -0.007025 0.000000
vn 0.099688 -0.007891 0.000000
vn 0.099599 -0.008947 0.000000
vn 0.099472 -0.010266 0.000000
vn 0.099282 -0.011962 0.000000
vn 0.098984 -0.014217 0.000000
vn 0.098482 -0.017357 0.000000
vn 0.097551 -0.021995 0.000000
vn 0.095568 -0.029439 0.000000
vn 0.090353 -0.042852 0.000000
vn 0.084176 -0.053985 0.000000
vn 0.071529 -0.069883 0.000000
vn 0.060552 -0.079583 0.000000
vn 0.044840 -0.089383 0.000000
vn 0.023887 -0.097105 0.000000
vn -0.000610 -0.099998 0.000000
vn -0.024671 -0.096909 0.000000
vn -0.044678 -0.089464 0.000000
vn -0.059511 -0.080364 0.000000
vn -0.069918 -0.071495 0.000000
vn -0.082167 -0.056996 0.000000
vn -0.088395 -0.046759 0.000000
vn -0.093955 -0.034240 0.000000
vn -0.096235 -0.027181 0.000000
vn -0.097381 -0.022737 0.000000
vn -0.098039 -0.019707 0.000000
vn 0.095106 -0.030902 0.000000
vn 0.095106 -0.030902 0.000000
vn 0.095106 -0.030902 0.000000
vn 0.095106 -0.030902 0.000000
vn 0.030902 0.095106 0.000000
vn 0.030902 0.095106 0.000000
vn 0.030902 0.095106 0.000000
vn 0.030902 0.095106 0.000000
vn 0.000000 0.000000 0.100000
vn 0.000000 0.000000 0.100000
vn 0.000000 0.000000 0.100000
vn 0.000000 0.000000 0.100000
vn 0.080902 -0.058779 0.000000
vn 0.080902 -0.058779 0.000000
vn 0.080902 -0.058779 0.000000
vn 0.080902 -0.058779 0.000000
vn 0.058779 0.080902 0.000000
vn 0.058779 0.080902 0.000000
vn 0.058779 0.080902 0.000000
vn 0.058779 0.080902 0.000000
vn 0.000000 0.000000 0.100000
vn 0.000000 0.000000 0.100000
vn 0.000000 0.000000 0.100000
vn 0.000000 0.000000 0.100000
vn -0.100000 0.000000 0.000000
vn -0.100000 0.000000 0.000000
vn -0.100000 0.000000 0.000000
vn -0.100000 0.000000 0.000000
vn 0.000000 -0.100000 0.000000
vn 0.000000 -0.100000 0.000000
vn 0.000000 -0.100000 0.000000
vn 0.000000 -0.100000 0.000000
vn 0.000000 0.000000 0.100000
vn 0.000000 0.000000 0.100000
vn 0.000000 0.000000 0.100000
vn 0.000000 0.000000 0.100000
vn 0.095106 0.030902 0.000000
vn 0.095106 0.030902 0.000000
vn 0.095106 0.030902 0.000000
vn 0.095106 0.030902 0.000000
vn -0.030902 0.095106 0.000000
vn -0.030902 0.095106 0.000000
vn -0.030902 0.095106 0.000000
vn -0.030902 0.095106 0.000000
vn 0.000000 0.000000 0.100000
vn 0.000000 0.000000 0.100000
vn 0.000000 0.000000 0.100000
vn 0.000000 0.000000 0.100000
vn 0.030902 -0.095106 0.000000
vn 0.030902 -0.095106 0.000000
vn 0.030902 -0.095106 0.000000
vn 0.030902 -0.095106 0.000000
vn 0.095106 0.030902 0.000000
vn 0.095106 0.030902 0.000000
vn 0.095106 0.030902 0.000000
vn 0.095106 0.030902 0.000000
vn 0.000000 0.000000 0.100000
vn 0.000000 0.000000 0.100000
vn 0.000000 0.000000 0.100000
vn 0.000000 0.000000 0.100000
vn -0.058779 0.080902 0.000000
vn -0.058779 0.080902 0.000000
vn -0.058779 0.080902 0.000000
vn -0.058779 0.080902 0.000000
vn -0.080902 -0.058779 0.000000
vn -0.080902 -0.058779 0.000000
vn -0.080902 -0.058779 0.000000
vn -0.080902 -0.058779 0.000000
vn 0.000000 0.000000 0.100000
vn 0.000000 0.000000 0.100000
vn 0.000000 0.000000 0.100000
vn 0.000000 0.000000 0.100000
vn 0.100000 0.000000 0.000000
vn 0.100000 0.000000 0.000000
vn 0.100000 0.000000 0.000000
vn 0.100000 0.000000 0.000000
vn 0.000000 0.100000 0.000000
vn 0.000000 0.100000 0.000000
vn 0.000000 0.100000 0.000000
vn 0.000000 0.100000 0.000000
vn 0.000000 0.000000 0.100000
vn 0.000000 0.000000 0.100000
vn 0.000000 0.000000 0.100000
vn 0.000000 0.000000 0.100000
vn -0.058779 -0.080902 0.000000
vn -0.058779 -0.080902 0.000000
vn -0.058779 -0.080902 0.000000
vn -0.058779 -0.080902 0.000000
vn 0.080902 -0.058779 0.000000
vn 0.080902 -0.058779 0.000000
vn 0.080902 -0.058779 0.000000
vn 0.080902 -0.058779 0.000000
vn 0.000000 0.000000 0.100000
vn 0.000000 0.000000 0.100000
vn 0.000000 0.000000 0.100000
vn 0.000000 0.000000 0.100000
vn -0.100000 0.000000 0.000000
vn -0.100000 0.000000 0.000000
vn -0.100000 0.000000 0.000000
vn -0.100000 0.000000 0.000000
vn 0.000000 0.000000 0.100000
vn 0.000000 0.000000 0.100000
vn 0.000000 0.000000 0.100000
vn 0.000000 0.000000 0.100000
vn 0.058779 -0.080902 0.000000
vn 0.058779 -0.080902 0.000000
vn 0.058779 -0.080902 0.000000
vn 0.058779 -0.080902 0.000000
vn 0.080902 0.058779 0.000000
vn 0.080902 0.058779 0.000000
vn 0.080902 0.058779 0.000000
vn 0.080902 0.058779 0.000000
vn 0.000000 0.000000 0.100000
vn 0.000000 0.000000 0.100000
vn 0.000000 0.000000 0.100000
vn 0.000000 0.000000 0.100000
vn -0.095106 -0.030902 0.000000
vn -0.095106 -0.030902 0.000000
vn -0.095106 -0.030902 0.000000
vn -0.095106 -0.030902 0.000000
vn 0.030902 -0.095106 0.000000
vn 0.030902 -0.095106 0.000000
vn 0.030902 -0.095106 0.000000
vn 0.030902 -0.095106 0.000000
vn 0.000000 0.000000 0.100000
vn 0.000000 0.000000 0.100000
vn 0.000000 0.000000 0.100000
vn 0.000000 0.000000 0.100000
vn 0.058779 0.080902 0.000000
vn 0.058779 0.080902 0.000000
vn 0.058779 0.080902 0.000000
vn 0.058779 0.080902 0.000000
vn -0.080902 0.058779 0.000000
vn -0.080902 0.058779 0.000000
vn -0.080902 0.058779 0.000000
vn -0.080902 0.058779 0.000000
vn 0.000000 0.000000 0.100000
vn 0.000000 0.000000 0.100000
vn 0.000000 0.000000 0.100000
vn 0.000000 0.000000 0.100000
vn 0.000000 0.100000 0.000000
vn 0.000000 0.100000 0.000000
vn 0.000000 0.100000 0.000000
vn 0.000000 0.100000 0.000000
vn -0.100000 0.000000 0.000000
vn -0.100000 0.000000 0.000000
vn -0.100000 0.000000 0.000000
vn -0.100000 0.000000 0.000000
vn 0.000000 0.000000 0.100000
vn 0.000000 0.000000 0.100000
vn 0.000000 0.000000 0.100000
vn 0.000000 0.000000 0.100000
vn -0.030902 -0.095106 0.000000
vn -0.030902 -0.095106 0.000000
vn -0.030902 -0.095106 0.000000
vn -0.030902 -0.095106 0.000000
vn 0.095106 -0.030902 0.000000
vn 0.095106 -0.030902 0.000000
vn 0.095106 -0.030902 0.000000
vn 0.095106 -0.030902 0.000000
vn 0.000000 0.000000 0.100000
vn 0.000000 0.000000 0.100000
vn 0.000000 0.000000 0.100000
vn 0.000000 0.000000 0.100000
vn -0.030902 0.095106 0.000000
vn -0.030902 0.095106 0.000000
vn -0.030902 0.095106 0.000000
vn -0.030902 0.095106 0.000000
vn -0.095106 -0.030902 0.000000
vn -0.095106 -0.030902 0.000000
vn -0.095106 -0.030902 0.000000
vn -0.095106 -0.030902 0.000000
vn 0.000000 0.000000 0.100000
vn 0.000000 0.000000 0.100000
vn 0.000000 0.000000 0.100000
vn 0.000000 0.000000 0.100000
vn -0.080902 -0.058779 0.000000
vn -0.080902 -0.058779 0.000000
vn -0.080902 -0.058779 0.000000
vn -0.080902 -0.058779 0.000000
vn 0.058779 -0.080902 0.000000
vn 0.058779 -0.080902 0.000000
vn 0.058779 -0.080902 0.000000
vn 0.058779 -0.080902 0.000000
vn 0.000000 0.000000 0.100000
vn 0.000000 0.000000 0.100000
vn 0.000000 0.000000 0.100000
vn 0.000000 0.000000 0.100000
vn -0.058779 -0.080902 0.000000
vn -0.058779 -0.080902 0.000000
vn -0.058779 -0.080902 0.000000
vn -0.058779 -0.080902 0.000000
vn 0.080902 -0.058779 0.000000
vn 0.080902 -0.058779 0.000000
vn 0.080902 -0.058779 0.000000
vn 0.080902 -0.058779 0.000000
vn 0.000000 0.000000 0.100000
vn 0.000000 0.000000 0.100000
vn 0.000000 0.000000 0.100000
vn 0.000000 0.000000 0.100000
vn -0.095106 0.030902 0.000000
vn -0.095106 0.030902 0.000000
vn -0.095106 0.030902 0.000000
vn -0.095106 0.030902 0.000000
vn -0.030902 -0.095106 0.000000
vn -0.030902 -0.095106 0.000000
vn -0.030902 -0.095106 0.000000
vn -0.030902 -0.095106 0.000000
vn 0.000000 0.000000 0.100000
vn 0.000000 0.000000 0.100000
vn 0.000000 0.000000 0.100000
vn 0.000000 0.000000 0.100000
vn -0.030902 -0.095106 0.000000
vn -0.030902 -0.095106 0.000000
vn -0.030902 -0.095106 0.000000
vn -0.030902 -0.095106 0.000000
vn 0.095106 -0.030902 0.000000
vn 0.095106 -0.030902 0.000000
vn 0.095106 -0.030902 0.000000
vn 0.095106 -0.030902 0.000000
vn 0.000000 0.000000 0.100000
vn 0.000000 0.000000 0.100000
vn 0.000000 0.000000 0.100000
vn 0.000000 0.000000 0.100000
vn 0.058779 -0.080902 0.000000
vn 0.058779 -0.080902 0.000000
vn 0.058779 -0.080902 0.000000
vn 0.058779 -0.080902 0.000000
vn 0.080902 0.058779 0.000000
vn 0.080902 0.058779 0.000000
vn 0.080902 0.058779 0.000000
vn 0.080902 0.058779 0.000000
vn 0.000000 0.000000 0.100000
vn 0.000000 0.000000 0.100000
vn 0.000000 0.000000 0.100000
vn 0.000000 0.000000 0.100000
vn 0.000000 0.000000 0.100000
vn 0.000000 0.000000 0.100000
vn 0.000000 0.000000 0.100000
vn 0.000000 0.000000 0.100000
vn 0.000000 0.000000 0.100000
vn 0.000000 0.000000 0.100000
vn 0.000000 0.000000 0.100000
vn 0.000000 0.000000 0.100000
vn 0.000000 0.000000 0.100000
vn 0.000000 0.000000 0.100000
vn 0.000000 0.000000 0.100000
vn 0.000000 0.000000 0.100000
vn 0.000000 0.000000 0.100000
vn 0.000000 0.000000 0.100000
vn 0.000000 0.000000 0.100000
vn 0.000000 0.000000 0.100000
vn 0.000000 0.000000 0.100000
vn 0.000000 0.000000 0.100000
vn 0.000000 0.000000 0.100000
vn 0.000000 0.000000 0.100000
vn 0.000000 0.000000 0.100000
vn 0.000000 0.000000 0.100000
vn 0.000000 0.000000 0.100000
vn 0.000000 0.000000 0.100000
vn 0.000000 0.000000 0.100000
vn 0.000000 0.000000 0.100000
vn 0.000000 0.000000 0.100000
vn 0.000000 0.000000 0.100000
vn 0.000000 0.000000 0.100000
vn 0.000000 0.000000 0.100000
vn 0.000000 0.000000 0.100000
vn 0.000000 0.000000 0.100000
vn 0.000000 0.000000 0.100000
vn 0.000000 0.000000 0.100000
vn 0.000000 0.000000 0.100000
vn 0.000000 0.000000 0.100000
vn 0.000000 0.000000 0.100000
vn 0.000000 0.000000 0.100000
vn 0.000000 0.000000 0.100000
vn 0.000000 0.000000 0.100000
vn 0.000000 0.000000 0.100000
vn 0.000000 0.000000 0.100000
vn 0.000000 0.000000 0.100000
vn 0.000000 0.000000 0.100000
vn 0.000000 0.000000 0.100000
vn 0.000000 0.000000 0.100000
vn 0.000000 0.000000 0.100000
vn 0.000000 0.000000 0.100000
vn 0.000000 0.000000 0.100000
vn 0.000000 0.000000 0.100000
vn 0.000000 0.000000 0.100000
vn 0.084211 0.053931 0.000000
vn 0.084211 0.053931 0.000000
vn 0.068228 0.073109 0.000000
vn 0.068228 0.073109 0.000000
vn 0.047994 0.087730 0.000000
vn 0.047994 0.087730 0.000000
vn 0.024769 0.096884 0.000000
vn 0.024769 0.096884 0.000000
vn 0.000000 0.100000 0.000000
vn 0.000000 0.100000 0.000000
vn -0.024769 0.096884 -0.000000
vn -0.024769 0.096884 -0.000000
vn -0.047994 0.087730 -0.000000
vn -0.047994 0.087730 -0.000000
vn -0.068228 0.073109 -0.000000
vn -0.068228 0.073109 -0.000000
vn -0.084211 0.053931 -0.000000
vn -0.084211 0.053931 -0.000000
vn -0.068228 0.073109 -0.000000
vn -0.047994 0.087730 -0.000000
vn -0.024769 0.096884 -0.000000
vn 0.000000 0.100000 0.000000
vn 0.024769 0.096884 0.000000
vn 0.047994 0.087730 0.000000
vn 0.068228 0.073109 0.000000
vn 0.000000 0.000000 0.100000
vn 0.000000 0.000000 0.100000
vn 0.000000 0.000000 0.100000
vn 0.000000 0.000000 0.100000
vn 0.000000 0.000000 0.100000
vn 0.000000 0.000000 0.100000
vn 0.000000 0.000000 0.100000
vn 0.000000 0.000000 0.100000
vn 0.000000 0.000000 0.100000
vn 0.000000 0.000000 0.100000
vn 0.000000 0.000000 0.100000
vn 0.000000 0.000000 0.100000
vn 0.000000 0.000000 0.100000
vn 0.000000 0.000000 0.100000
vn 0.000000 0.000000 0.100000
vn 0.000000 0.000000 0.100000
vn 0.000000 0.000000 0.100000
vn 0.000000 0.000000 0.100000
vn 0.000000 0.000000 0.100000
vn 0.000000 0.000000 0.100000
vn 0.000000 0.000000 0.100000
vn 0.000000 0.000000 0.100000
vn 0.000000 0.000000 0.100000
vn 0.000000 0.000000 0.100000
vn 0.000000 0.000000 0.100000
vn 0.000000 0.000000 0.100000
vn 0.000000 0.000000 0.100000
vn 0.000000 0.000000 0.100000
vn 0.000000 0.000000 0.100000
vn 0.000000 0.000000 0.100000
vn 0.000000 0.000000 0.100000
vn 0.000000 0.000000 0.100000
vn 0.000000 0.000000 0.100000
vn 0.000000 0.000000 0.100000
vn 0.000000 0.000000 0.100000
vn 0.000000 0.000000 0.100000
vn 0.000000 0.000000 0.100000
vn 0.000000 0.000000 0.100000
vn 0.000000 0.000000 0.100000
vn 0.000000 0.000000 0.100000
vn 0.000000 0.000000 0.100000
vn 0.000000 0.000000 0.100000
vn 0.000000 0.000000 0.100000
vn 0.000000 0.000000 0.100000
vn 0.000000 0.000000 0.100000
vn 0.000000 0.000000 0.100000
vn 0.000000 0.000000 0.100000
vn 0.000000 0.000000 0.100000
vn 0.000000 0.000000 0.100000
vn 0.000000 0.000000 0.100000
vn 0.000000 0.000000 0.100000
vn 0.000000 0.000000 0.100000
vn 0.000000 0.000000 0.100000
vn 0.000000 0.000000 0.100000
vn 0.000000 0.000000 0.100000
vn 0.000000 0.000000 0.100000
vn 0.000000 0.000000 0.100000
vn 0.000000 0.000000 0.100000
vn 0.000000 0.000000 0.100000
vn 0.000000 0.000000 0.100000
vn 0.000000 0.000000 0.100000
vn 0.000000 0.000000 0.100000
vn 0.000000 0.000000 0.100000
vn 0.000000 0.000000 0.100000
vn 0.000000 0.000000 0.100000
vn 0.000000 0.000000 0.100000
vn 0.000000 0.000000 0.100000
vn 0.000000 0.000000 0.100000
vn 0.000000 0.000000 0.100000
vn 0.000000 0.000000 0.100000
vn 0.000000 0.000000 0.100000
vn 0.000000 0.000000 0.100000
vn 0.000000 0.000000 0.100000
vn 0.000000 0.000000 0.100000
vn 0.000000 0.000000 0.100000
vn 0.000000 0.000000 0.100000
vn 0.000000 0.000000 0.100000
vn 0.000000 0.000000 0.100000
vn 0.000000 0.000000 0.100000
vn 0.000000 0.000000 0.100000
vn 0.000000 0.000000 0.100000
vn 0.000000 0.000000 0.100000
vn 0.000000 0.000000 0.100000
vn 0.000000 0.000000 0.100000
vn 0.000000 0.000000 0.100000
vn 0.000000 0.000000 0.100000
vn 0.000000 0.000000 0.100000
vn 0.000000 0.000000 0.100000
vn 0.000000 0.000000 0.100000
vn 0.000000 0.000000 0.100000
vn 0.000000 0.000000 0.100000
vn 0.000000 0.000000 0.100000
vn 0.000000 0.000000 0.100000
vn 0.000000 0.000000 0.100000
vn 0.000000 0.000000 0.100000
vn 0.000000 0.000000 0.100000
vn 0.000000 0.000000 0.100000
vn 0.000000 0.000000 0.100000
vn 0.000000 0.000000 0.100000
vn 0.000000 0.000000 0.100000
vn 0.000000 0.000000 0.100000
vn 0.000000 0.000000 0.100000
vn 0.000000 0.000000 0.100000
vn 0.000000 0.000000 0.100000
vn 0.000000 0.000000 0.100000
vn 0.000000 0.000000 0.100000
vn 0.000000 0.000000 0.100000
vn 0.000000 0.000000 0.100000
vn 0.000000 0.000000 0.100000
vn 0.000000 0.000000 0.100000
vn 0.000000 0.000000 0.100000
vn 0.000000 0.000000 0.100000
vn 0.000000 0.000000 0.100000
vn 0.000000 0.000000 0.100000
vn 0.000000 0.000000 0.100000
vn 0.000000 0.000000 0.100000
vn 0.000000 0.000000 0.100000
vn 0.000000 0.000000 0.100000
vn 0.000000 0.000000 0.100000
vn 0.000000 0.000000 0.100000
vn 0.000000 0.000000 0.100000
vn 0.000000 0.000000 0.100000
vn 0.000000 0.000000 0.100000
vn 0.000000 0.000000 0.100000
vn 0.000000 0.000000 0.100000
vn 0.000000 0.000000 0.100000
vn 0.000000 0.000000 0.100000
vn 0.000000 0.000000 0.100000
vn 0.000000 0.000000 0.100000
vn 0.000000 0.000000 0.100000
vn 0.000000 0.000000 0.100000
vn 0.000000 0.000000 0.100000
vn 0.000000 0.000000 0.100000
vn 0.000000 0.000000 0.100000
vn 0.000000 0.000000 0.100000
vn 0.000000 0.000000 0.100000
vn 0.000000 0.000000 0.100000
vn 0.000000 0.000000 0.100000
vn 0.000000 0.000000 0.100000
vn 0.000000 0.000000 0.100000
vn 0.000000 0.000000 0.100000
vn 0.000000 0.000000 0.100000
vn 0.000000 0.000000 0.100000
vn 0.000000 0.000000 0.100000
vn 0.000000 0.000000 0.100000
vn 0.000000 0.000000 0.100000
vn -0.079621 0.060502 0.000000
vn -0.079621 0.060502 0.000000
vn -0.074521 0.066683 0.000000
vn -0.074521 0.066683 0.000000
vn -0.068941 0.072437 0.000000
vn -0.068941 0.072437 0.000000
vn -0.062919 0.077725 0.000000
vn -0.062919 0.077725 0.000000
vn -0.056493 0.082514 0.000000
vn -0.056493 0.082514 0.000000
vn -0.049704 0.086773 0.000000
vn -0.049704 0.086773 0.000000
vn -0.042596 0.090474 0.000000
vn -0.042596 0.090474 0.000000
vn -0.035214 0.093595 0.000000
vn -0.035214 0.093595 0.000000
vn -0.027606 0.096114 0.000000
vn -0.027606 0.096114 0.000000
vn -0.019821 0.098016 0.000000
vn -0.019821 0.098016 0.000000
vn -0.011908 0.099288 0.000000
vn -0.011908 0.099288 0.000000
vn -0.003919 0.099923 0.000000
vn -0.003919 0.099923 0.000000
vn 0.004096 0.099916 0.000000
vn 0.004096 0.099916 0.000000
vn 0.012084 0.099267 0.000000
vn 0.012084 0.099267 0.000000
vn 0.019994 0.097981 0.000000
vn 0.019994 0.097981 0.000000
vn 0.027776 0.096065 0.000000
vn 0.027776 0.096065 0.000000
vn 0.035380 0.093532 0.000000
vn 0.035380 0.093532 0.000000
vn 0.042756 0.090399 0.000000
vn 0.042756 0.090399 0.000000
vn 0.049858 0.086685 0.000000
vn 0.049858 0.086685 0.000000
vn 0.056639 0.082414 0.000000
vn 0.056639 0.082414 0.000000
vn 0.063057 0.077613 0.000000
vn 0.063057 0.077613 0.000000
vn 0.069069 0.072315 0.000000
vn 0.069069 0.072315 0.000000
vn 0.074639 0.066551 0.000000
vn 0.074639 0.066551 0.000000
vn 0.079728 0.060361 0.000000
vn 0.079728 0.060361 0.000000
vn 0.084306 0.053782 0.000000
vn 0.084306 0.053782 0.000000
vn 0.088342 0.046858 0.000000
vn 0.088342 0.046858 0.000000
vn 0.091811 0.039634 0.000000
vn 0.091811 0.039634 0.000000
vn 0.094690 0.032154 0.000000
vn 0.094690 0.032154 0.000000
vn 0.096960 0.024468 0.000000
vn 0.096960 0.024468 0.000000
vn 0.098608 0.016625 0.000000
vn 0.098608 0.016625 0.000000
vn 0.099623 0.008675 0.000000
vn 0.099623 0.008675 0.000000
vn 0.099998 0.000670 0.000000
vn 0.099998 0.000670 0.000000
vn 0.099730 -0.007340 0.000000
vn 0.099730 -0.007340 0.000000
vn 0.098822 -0.015303 0.000000
vn 0.098822 -0.015303 0.000000
vn 0.097279 -0.023167 0.000000
vn 0.097279 -0.023167 0.000000
vn 0.095112 -0.030883 0.000000
vn 0.095112 -0.030883 0.000000
vn 0.092333 -0.038400 0.000000
vn 0.092333 -0.038400 0.000000
vn 0.088962 -0.045671 0.000000
vn 0.088962 -0.045671 0.000000
vn 0.085019 -0.052648 0.000000
vn 0.085019 -0.052648 0.000000
vn 0.080530 -0.059287 0.000000
vn 0.080530 -0.059287 0.000000
vn 0.075524 -0.065545 0.000000
vn 0.075524 -0.065545 0.000000
vn 0.070032 -0.071383 0.000000
vn 0.070032 -0.071383 0.000000
vn 0.064091 -0.076762 0.000000
vn 0.064091 -0.076762 0.000000
vn 0.057738 -0.081647 0.000000
vn 0.057738 -0.081647 0.000000
vn 0.051015 -0.086009 0.000000
vn 0.051015 -0.086009 0.000000
vn 0.043963 -0.089818 0.000000
vn 0.043963 -0.089818 0.000000
vn 0.036629 -0.093050 0.000000
vn 0.036629 -0.093050 0.000000
vn 0.029061 -0.095684 0.000000
vn 0.029061 -0.095684 0.000000
vn 0.021305 -0.097704 0.000000
vn 0.021305 -0.097704 0.000000
vn 0.013412 -0.099096 0.000000
vn 0.013412 -0.099096 0.000000
vn 0.005434 -0.099852 0.000000
vn 0.005434 -0.099852 0.000000
vn -0.002580 -0.099967 0.000000
vn -0.002580 -0.099967 0.000000
vn -0.010577 -0.099439 0.000000
vn -0.010577 -0.099439 0.000000
vn -0.018506 -0.098273 0.000000
vn -0.018506 -0.098273 0.000000
vn -0.100000 0.000000 -0.000000
vn -0.100000 0.000000 -0.000000
vn -0.097059 -0.024075 0.000000
vn -0.097059 -0.024075 0.000000
vn -0.088408 -0.046734 0.000000
vn -0.088408 -0.046734 0.000000
vn -0.074557 -0.066643 0.000000
vn -0.074557 -0.066643 0.000000
vn -0.056320 -0.082632 0.000000
vn -0.056320 -0.082632 0.000000
vn -0.034769 -0.093761 0.000000
vn -0.034769 -0.093761 0.000000
vn -0.011174 -0.099374 0.000000
vn -0.011174 -0.099374 0.000000
vn 0.013079 -0.099141 0.000000
vn 0.013079 -0.099141 0.000000
vn 0.036562 -0.093076 0.000000
vn 0.036562 -0.093076 0.000000
vn 0.057895 -0.081536 0.000000
vn 0.057895 -0.081536 0.000000
vn 0.036562 -0.093076 0.000000
vn 0.013079 -0.099141 0.000000
vn -0.011174 -0.099374 0.000000
vn -0.034769 -0.093761 0.000000
vn -0.056320 -0.082632 0.000000
vn -0.074557 -0.066643 0.000000
vn -0.088408 -0.046734 0.000000
vn -0.097059 -0.024075 0.000000
vn 0.051135 -0.085937 0.000000
vn 0.051135 -0.085937 0.000000
vn 0.044043 -0.089779 0.000000
vn 0.044043 -0.089779 0.000000
vn 0.036664 -0.093036 0.000000
vn 0.036664 -0.093036 0.000000
vn 0.029046 -0.095689 0.000000
vn 0.029046 -0.095689 0.000000
vn 0.021240 -0.097718 0.000000
vn 0.021240 -0.097718 0.000000
vn 0.013295 -0.099112 0.000000
vn 0.013295 -0.099112 0.000000
vn 0.005264 -0.099861 0.000000
vn 0.005264 -0.099861 0.000000
vn -0.002801 -0.099961 0.000000
vn -0.002801 -0.099961 0.000000
vn -0.010848 -0.099410 0.000000
vn -0.010848 -0.099410 0.000000
vn -0.018825 -0.098212 0.000000
vn -0.018825 -0.098212 0.000000
vn -0.026679 -0.096376 0.000000
vn -0.026679 -0.096376 0.000000
vn -0.034359 -0.093912 0.000000
vn -0.034359 -0.093912 0.000000
vn -0.041816 -0.090837 0.000000
vn -0.041816 -0.090837 0.000000
vn -0.049001 -0.087172 0.000000
vn -0.049001 -0.087172 0.000000
vn -0.055867 -0.082939 0.000000
vn -0.055867 -0.082939 0.000000
vn -0.062370 -0.078166 0.000000
vn -0.062370 -0.078166 0.000000
vn -0.068467 -0.072886 0.000000
vn -0.068467 -0.072886 0.000000
vn -0.074118 -0.067130 0.000000
vn -0.074118 -0.067130 0.000000
vn -0.079287 -0.060939 0.000000
vn -0.079287 -0.060939 0.000000
vn -0.083941 -0.054350 0.000000
vn -0.083941 -0.054350 0.000000
vn -0.088048 -0.047408 0.000000
vn -0.088048 -0.047408 0.000000
vn -0.091582 -0.040158 0.000000
vn -0.091582 -0.040158 0.000000
vn -0.094521 -0.032646 0.000000
vn -0.094521 -0.032646 0.000000
vn -0.096845 -0.024922 0.000000
vn -0.096845 -0.024922 0.000000
vn -0.098538 -0.017036 0.000000
vn -0.098538 -0.017036 0.000000
vn -0.099591 -0.009039 0.000000
vn -0.099591 -0.009039 0.000000
vn -0.099995 -0.000983 0.000000
vn -0.099995 -0.000983 0.000000
vn -0.099749 0.007079 0.000000
vn -0.099749 0.007079 0.000000
vn -0.098854 0.015095 0.000000
vn -0.098854 0.015095 0.000000
vn -0.097316 0.023013 0.000000
vn -0.097316 0.023013 0.000000
vn -0.095145 0.030781 0.000000
vn -0.095145 0.030781 0.000000
vn -0.092354 0.038349 0.000000
vn -0.092354 0.038349 0.000000
vn -0.088963 0.045667 0.000000
vn -0.088963 0.045667 0.000000
vn -0.084993 0.052689 0.000000
vn -0.084993 0.052689 0.000000
vn -0.080471 0.059367 0.000000
vn -0.080471 0.059367 0.000000
vn -0.075424 0.065660 0.000000
vn -0.075424 0.065660 0.000000
vn -0.069887 0.071525 0.000000
vn -0.069887 0.071525 0.000000
vn -0.063895 0.076925 0.000000
vn -0.063895 0.076925 0.000000
vn -0.057488 0.081824 0.000000
vn -0.057488 0.081824 0.000000
vn -0.050706 0.086191 0.000000
vn -0.050706 0.086191 0.000000
vn -0.043595 0.089997 0.000000
vn -0.043595 0.089997 0.000000
vn -0.036200 0.093218 0.000000
vn -0.036200 0.093218 0.000000
vn -0.028569 0.095832 0.000000
vn -0.028569 0.095832 0.000000
vn -0.020753 0.097823 0.000000
vn -0.020753 0.097823 0.000000
vn -0.012801 0.099177 0.000000
vn -0.012801 0.099177 0.000000
vn -0.004767 0.099886 0.000000
vn -0.004767 0.099886 0.000000
vn 0.003299 0.099946 0.000000
vn 0.003299 0.099946 0.000000
vn 0.011343 0.099355 0.000000
vn 0.011343 0.099355 0.000000
vn 0.019314 0.098117 0.000000
vn 0.019314 0.098117 0.000000
vn 0.027159 0.096241 0.000000
vn 0.027159 0.096241 0.000000
vn 0.034827 0.093739 0.000000
vn 0.034827 0.093739 0.000000
vn 0.042268 0.090628 0.000000
vn 0.042268 0.090628 0.000000
vn 0.049435 0.086926 0.000000
vn 0.049435 0.086926 0.000000
vn 0.056280 0.082659 0.000000
vn 0.056280 0.082659 0.000000
vn 0.062759 0.077855 0.000000
vn 0.062759 0.077855 0.000000
vn 0.068829 0.072543 0.000000
vn 0.068829 0.072543 0.000000
vn 0.074452 0.066760 0.000000
vn 0.074452 0.066760 0.000000
vn 0.079590 0.060543 0.000000
vn 0.079590 0.060543 0.000000
vn 0.100000 0.000000 0.000000
vn 0.100000 0.000000 0.000000
vn 0.100000 0.000000 0.000000
vn 0.100000 0.000000 0.000000
vn 0.000000 0.000000 -0.100000
vn 0.000000 0.000000 -0.100000
vn 0.000000 0.000000 -0.100000
vn 0.000000 0.000000 -0.100000
vn -0.100000 0.000000 -0.000000
vn -0.100000 0.000000 -0.000000
vn 0.000000 0.100000 0.000000
vn 0.000000 0.100000 0.000000
vn 0.000000 0.100000 0.000000
vn 0.000000 0.100000 0.000000
vn 0.000000 0.100000 0.000000
vn 0.000000 0.100000 0.000000
vn 0.000000 0.100000 0.000000
vn 0.000000 0.100000 0.000000
vn 0.000000 0.100000 0.000000
vn 0.000000 0.100000 0.000000
vn 0.000000 0.100000 0.000000
vn 0.000000 0.100000 0.000000
vn -0.100000 0.000000 0.000000
vn -0.100000 0.000000 0.000000
vn -0.100000 0.000000 0.000000
vn -0.100000 0.000000 0.000000
vn 0.100000 0.000000 0.000000
vn 0.100000 0.000000 0.000000
vn 0.100000 0.000000 0.000000
vn 0.100000 0.000000 0.000000
vn 0.000000 -0.100000 0.000000
vn 0.000000 -0.100000 0.000000
vn 0.000000 -0.100000 0.000000
vn 0.000000 -0.100000 0.000000
usemtl Steel_-_Satin
f 2/1/1 96/2/2 1/3/3
f 1/3/3 96/2/2 49/4/4
f 1/5/3 49/6/4 48/7/5
f 48/7/5 49/6/4 50/8/6
f 48/7/5 50/8/6 47/9/7
f 47/9/7 50/8/6 51/10/8
f 47/9/7 51/10/8 46/11/9
f 46/11/9 51/10/8 52/12/10
f 46/11/9 52/12/10 45/13/11
f 45/13/11 52/12/10 53/14/12
f 45/13/11 53/14/12 44/15/13
f 44/15/13 53/14/12 54/16/14
f 44/15/13 54/16/14 43/17/15
f 43/17/15 54/16/14 55/18/16
f 43/17/15 55/18/16 42/19/17
f 42/19/17 55/18/16 56/20/18
f 42/19/17 56/20/18 41/21/19
f 41/21/19 56/20/18 57/22/20
f 41/21/19 57/22/20 40/23/21
f 40/23/21 57/22/20 58/24/22
f 40/23/21 58/24/22 39/25/23
f 39/25/23 58/24/22 59/26/24
f 39/25/23 59/26/24 38/27/25
f 38/27/25 59/26/24 60/28/26
f 38/27/25 60/28/26 37/29/27
f 37/29/27 60/28/26 61/30/28
f 37/29/27 61/30/28 36/31/29
f 36/31/29 61/30/28 62/32/30
f 36/31/29 62/32/30 35/33/31
f 35/33/31 62/32/30 63/34/32
f 35/33/31 63/34/32 34/35/33
f 34/35/33 63/34/32 64/36/34
f 34/35/33 64/36/34 33/37/35
f 33/37/35 64/36/34 65/38/36
f 33/37/35 65/38/36 32/39/37
f 32/39/37 65/38/36 66/40/38
f 32/39/37 66/40/38 31/41/39
f 31/41/39 66/40/38 67/42/40
f 31/41/39 67/42/40 30/43/41
f 30/43/41 67/42/40 68/44/42
f 30/43/41 68/44/42 29/45/43
f 29/45/43 68/44/42 69/46/44
f 29/45/43 69/46/44 28/47/45
f 28/47/45 69/46/44 70/48/46
f 28/47/45 70/48/46 27/49/47
f 27/49/47 70/48/46 71/50/48
f 27/49/47 71/50/48 26/51/49
f 26/51/49 71/50/48 72/52/50
f 26/51/49 72/52/50 25/53/51
f 25/53/51 72/52/50 73/54/52
f 25/53/51 73/54/52 24/55/53
f 24/55/53 73/54/52 74/56/54
f 24/55/53 74/56/54 23/57/55
f 23/57/55 74/56/54 75/58/56
f 23/57/55 75/58/56 22/59/57
f 22/59/57 75/58/56 76/60/58
f 22/59/57 76/60/58 21/61/59
f 21/61/59 76/60/58 77/62/60
f 21/61/59 77/62/60 20/63/61
f 20/63/61 77/62/60 78/64/62
f 20/63/61 78/64/62 19/65/63
f 19/65/63 78/64/62 79/66/64
f 19/65/63 79/66/64 18/67/65
f 18/67/65 79/66/64 80/68/66
f 18/67/65 80/68/66 17/69/67
f 17/69/67 80/68/66 81/70/68
f 17/69/67 81/70/68 16/71/69
f 16/71/69 81/70/68 82/72/70
f 16/71/69 82/72/70 15/73/71
f 15/73/71 82/72/70 83/74/72
f 15/73/71 83/74/72 14/75/73
f 14/75/73 83/74/72 84/76/74
f 14/75/73 84/76/74 13/77/75
f 13/77/75 84/76/74 85/78/76
f 13/77/75 85/78/76 12/79/77
f 12/79/77 85/78/76 86/80/78
f 12/79/77 86/80/78 11/81/79
f 11/81/79 86/80/78 87/82/80
f 11/81/79 87/82/80 10/83/81
f 10/83/81 87/82/80 88/84/82
f 10/83/81 88/84/82 9/85/83
f 9/85/83 88/84/82 89/86/84
f 9/85/83 89/86/84 8/87/85
f 8/87/85 89/86/84 90/88/86
f 8/87/85 90/88/86 7/89/87
f 7/89/87 90/88/86 91/90/88
f 7/89/87 91/90/88 6/91/89
f 6/91/89 91/90/88 92/92/90
f 6/91/89 92/92/90 5/93/91
f 5/93/91 92/92/90 93/94/92
f 5/93/91 93/94/92 4/95/93
f 4/95/93 93/94/92 94/96/94
f 4/95/93 94/96/94 3/97/95
f 3/97/95 94/96/94 95/98/96
f 3/97/95 95/98/96 2/1/1
f 2/1/1 95/98/96 96/2/2
f 98/99/97 200/100/98 97/101/99
f 97/101/99 200/100/98 149/102/100
f 97/103/99 149/104/100 148/105/101
f 148/105/101 149/104/100 150/106/102
f 148/105/101 150/106/102 147/107/103
f 147/107/103 150/106/102 151/108/104
f 147/107/103 151/108/104 146/109/105
f 146/109/105 151/108/104 152/110/106
f 146/109/105 152/110/106 145/111/107
f 145/111/107 152/110/106 153/112/108
f 145/111/107 153/112/108 144/113/109
f 144/113/109 153/112/108 154/114/110
f 144/113/109 154/114/110 143/115/111
f 143/115/111 154/114/110 155/116/112
f 143/115/111 155/116/112 142/117/113
f 142/117/113 155/116/112 156/118/114
f 142/117/113 156/118/114 141/119/115
f 141/119/115 156/118/114 157/120/116
f 141/119/115 157/120/116 140/121/117
f 140/121/117 157/120/116 158/122/118
f 140/121/117 158/122/118 139/123/119
f 139/123/119 158/122/118 159/124/120
f 139/123/119 159/124/120 138/125/121
f 138/125/121 159/124/120 160/126/122
f 138/125/121 160/126/122 137/127/123
f 137/127/123 160/126/122 161/128/124
f 137/127/123 161/128/124 136/129/125
f 136/129/125 161/128/124 162/130/126
f 136/129/125 162/130/126 135/131/127
f 135/131/127 162/130/126 163/132/128
f 135/131/127 163/132/128 134/133/129
f 134/133/129 163/132/128 164/134/130
f 134/133/129 164/134/130 133/135/131
f 133/135/131 164/134/130 165/136/132
f 133/135/131 165/136/132 132/137/133
f 132/137/133 165/136/132 166/138/134
f 132/137/133 166/138/134 131/139/135
f 131/139/135 166/138/134 167/140/136
f 131/139/135 167/140/136 130/141/137
f 130/141/137 167/140/136 168/142/138
f 130/141/137 168/142/138 129/143/139
f 129/143/139 168/142/138 169/144/140
f 129/143/139 169/144/140 128/145/141
f 128/145/141 169/144/140 170/146/142
f 128/145/141 170/146/142 127/147/143
f 127/147/143 170/146/142 171/148/144
f 127/147/143 171/148/144 126/149/145
f 126/149/145 171/148/144 172/150/146
f 126/149/145 172/150/146 125/151/147
f 125/151/147 172/150/146 173/152/148
f 125/151/147 173/152/148 124/153/149
f 124/153/149 173/152/148 174/154/150
f 124/153/149 174/154/150 123/155/151
f 123/155/151 174/154/150 175/156/152
f 123/155/151 175/156/152 122/157/153
f 122/157/153 175/156/152 176/158/154
f 122/157/153 176/158/154 121/159/155
f 121/159/155 176/158/154 177/160/156
f 121/159/155 177/160/156 120/161/157
f 120/161/157 177/160/156 178/162/158
f 120/161/157 178/162/158 119/163/159
f 119/163/159 178/162/158 179/164/160
f 119/163/159 179/164/160 118/165/161
f 118/165/161 179/164/160 180/166/162
f 118/165/161 180/166/162 117/167/163
f 117/167/163 180/166/162 181/168/164
f 117/167/163 181/168/164 116/169/165
f 116/169/165 181/168/164 182/170/166
f 116/169/165 182/170/166 115/171/167
f 115/171/167 182/170/166 183/172/168
f 115/171/167 183/172/168 114/173/169
f 114/173/169 183/172/168 184/174/170
f 114/173/169 184/174/170 113/175/171
f 113/175/171 184/174/170 185/176/172
f 113/175/171 185/176/172 112/177/173
f 112/177/173 185/176/172 186/178/174
f 112/177/173 186/178/174 111/179/175
f 111/179/175 186/178/174 187/180/176
f 111/179/175 187/180/176 110/181/177
f 110/181/177 187/180/176 188/182/178
f 110/181/177 188/182/178 109/183/179
f 109/183/179 188/182/178 189/184/180
f 109/183/179 189/184/180 108/185/181
f 108/185/181 189/184/180 190/186/182
f 108/185/181 190/186/182 107/187/183
f 107/187/183 190/186/182 191/188/184
f 107/187/183 191/188/184 106/189/185
f 106/189/185 191/188/184 192/190/186
f 106/189/185 192/190/186 105/191/187
f 105/191/187 192/190/186 193/192/188
f 105/191/187 193/192/188 104/193/189
f 104/193/189 193/192/188 194/194/190
f 104/193/189 194/194/190 103/195/191
f 103/195/191 194/194/190 195/196/192
f 103/195/191 195/196/192 102/197/193
f 102/197/193 195/196/192 196/198/194
f 102/197/193 196/198/194 101/199/195
f 101/199/195 196/198/194 197/200/196
f 101/199/195 197/200/196 100/201/197
f 100/201/197 197/200/196 198/202/198
f 100/201/197 198/202/198 99/203/199
f 99/203/199 198/202/198 199/204/200
f 99/203/199 199/204/200 98/99/97
f 98/99/97 199/204/200 200/100/98
f 48/205/201 98/206/202 1/207/203
f 1/207/203 98/206/202 97/208/204
f 1/207/203 97/208/204 148/209/205
f 98/206/202 48/205/201 99/210/206
f 99/210/206 48/205/201 47/211/207
f 99/210/206 47/211/207 100/212/208
f 100/212/208 47/211/207 46/213/209
f 100/212/208 46/213/209 101/214/210
f 101/214/210 46/213/209 45/215/211
f 101/214/210 45/215/211 102/216/212
f 102/216/212 45/215/211 44/217/213
f 102/216/212 44/217/213 103/218/214
f 103/218/214 44/217/213 43/219/215
f 103/218/214 43/219/215 104/220/216
f 104/220/216 43/219/215 42/221/217
f 104/220/216 42/221/217 105/222/218
f 105/222/218 42/221/217 41/223/219
f 105/222/218 41/223/219 106/224/220
f 106/224/220 41/223/219 40/225/221
f 106/224/220 40/225/221 107/226/222
f 107/226/222 40/225/221 39/227/223
f 107/226/222 39/227/223 108/228/224
f 108/228/224 39/227/223 38/229/225
f 108/228/224 38/229/225 109/230/226
f 109/230/226 38/229/225 37/231/227
f 109/230/226 37/231/227 110/232/228
f 110/232/228 37/231/227 111/233/229
f 111/233/229 37/231/227 36/234/230
f 111/233/229 36/234/230 112/235/231
f 112/235/231 36/234/230 35/236/232
f 112/235/231 35/236/232 113/237/233
f 113/237/233 35/236/232 34/238/234
f 113/237/233 34/238/234 114/239/235
f 114/239/235 34/238/234 33/240/236
f 114/239/235 33/240/236 115/241/237
f 115/241/237 33/240/236 32/242/238
f 115/241/237 32/242/238 116/243/239
f 116/243/239 32/242/238 31/244/240
f 116/243/239 31/244/240 117/245/241
f 117/245/241 31/244/240 30/246/242
f 117/245/241 30/246/242 118/247/243
f 118/247/243 30/246/242 29/248/244
f 118/247/243 29/248/244 119/249/245
f 119/249/245 29/248/244 28/250/246
f 119/249/245 28/250/246 120/251/247
f 120/251/247 28/250/246 27/252/248
f 120/251/247 27/252/248 121/253/249
f 121/253/249 27/252/248 26/254/250
f 121/253/249 26/254/250 122/255/251
f 122/255/251 26/254/250 25/256/252
f 122/255/251 25/256/252 123/257/253
f 123/257/253 25/256/252 124/258/254
f 124/258/254 25/256/252 24/259/255
f 124/258/254 24/259/255 125/260/256
f 125/260/256 24/259/255 23/261/257
f 125/260/256 23/261/257 126/262/258
f 126/262/258 23/261/257 22/263/259
f 126/262/258 22/263/259 127/264/260
f 127/264/260 22/263/259 21/265/261
f 127/264/260 21/265/261 128/266/262
f 128/266/262 21/265/261 20/267/263
f 128/266/262 20/267/263 129/268/264
f 129/268/264 20/267/263 19/269/265
f 129/268/264 19/269/265 130/270/266
f 130/270/266 19/269/265 18/271/267
f 130/270/266 18/271/267 131/272/268
f 131/272/268 18/271/267 17/273/269
f 131/272/268 17/273/269 132/274/270
f 132/274/270 17/273/269 16/275/271
f 132/274/270 16/275/271 133/276/272
f 133/276/272 16/275/271 15/277/273
f 133/276/272 15/277/273 134/278/274
f 134/278/274 15/277/273 14/279/275
f 134/278/274 14/279/275 135/280/276
f 135/280/276 14/279/275 13/281/277
f 135/280/276 13/281/277 136/282/278
f 136/282/278 13/281/277 137/283/279
f 137/283/279 13/281/277 12/284/280
f 137/283/279 12/284/280 138/285/281
f 138/285/281 12/284/280 11/286/282
f 138/285/281 11/286/282 139/287/283
f 139/287/283 11/286/282 10/288/284
f 139/287/283 10/288/284 140/289/285
f 140/289/285 10/288/284 9/290/286
f 140/289/285 9/290/286 141/291/287
f 141/291/287 9/290/286 8/292/288
f 141/291/287 8/292/288 142/293/289
f 142/293/289 8/292/288 7/294/290
f 142/293/289 7/294/290 143/295/291
f 143/295/291 7/294/290 6/296/292
f 143/295/291 6/296/292 144/297/293
f 144/297/293 6/296/292 5/298/294
f 144/297/293 5/298/294 145/299/295
f 145/299/295 5/298/294 4/300/296
f 145/299/295 4/300/296 146/301/297
f 146/301/297 4/300/296 3/302/298
f 146/301/297 3/302/298 147/303/299
f 147/303/299 3/302/298 2/304/300
f 147/303/299 2/304/300 148/209/205
f 148/209/205 2/304/300 1/207/203
f 202/305/301 450/306/302 201/307/303
f 201/307/303 450/306/302 402/308/304
f 201/307/303 402/308/304 403/309/305
f 202/305/301 203/310/306 450/306/302
f 450/306/302 203/310/306 204/311/307
f 450/306/302 204/311/307 205/312/308
f 450/306/302 205/312/308 449/313/309
f 449/313/309 205/312/308 206/314/310
f 449/313/309 206/314/310 207/315/311
f 207/315/311 208/316/312 449/313/309
f 449/313/309 208/316/312 494/317/313
f 449/313/309 494/317/313 396/318/314
f 396/318/314 494/317/313 395/319/315
f 395/319/315 494/317/313 495/320/316
f 395/319/315 495/320/316 394/321/317
f 394/321/317 495/320/316 393/322/318
f 393/322/318 495/320/316 392/323/319
f 392/323/319 495/320/316 496/324/320
f 392/323/319 496/324/320 391/325/321
f 391/325/321 496/324/320 390/326/322
f 390/326/322 496/324/320 389/327/323
f 389/327/323 496/324/320 470/328/324
f 389/327/323 470/328/324 388/329/325
f 388/329/325 470/328/324 471/330/326
f 388/329/325 471/330/326 387/331/327
f 387/331/327 471/330/326 386/332/328
f 386/332/328 471/330/326 385/333/329
f 385/333/329 471/330/326 384/334/330
f 384/334/330 471/330/326 383/335/331
f 383/335/331 471/330/326 472/336/332
f 383/335/331 472/336/332 382/337/333
f 382/337/333 472/336/332 381/338/334
f 381/338/334 472/336/332 380/339/335
f 380/339/335 472/336/332 379/340/336
f 379/340/336 472/336/332 378/341/337
f 378/341/337 472/336/332 469/342/338
f 378/341/337 469/342/338 475/343/339
f 475/343/339 469/342/338 474/344/340
f 474/344/340 469/342/338 215/345/341
f 474/344/340 215/345/341 216/346/342
f 208/316/312 209/347/343 494/317/313
f 494/317/313 209/347/343 210/348/344
f 494/317/313 210/348/344 211/349/345
f 494/317/313 211/349/345 493/350/346
f 493/350/346 211/349/345 212/351/347
f 493/350/346 212/351/347 213/352/348
f 493/350/346 213/352/348 470/328/324
f 470/328/324 213/352/348 214/353/349
f 470/328/324 214/353/349 469/342/338
f 469/342/338 214/353/349 215/345/341
f 216/346/342 217/354/350 474/344/340
f 474/344/340 217/354/350 473/355/351
f 473/355/351 217/354/350 218/356/352
f 473/355/351 218/356/352 219/357/353
f 219/357/353 220/358/354 473/355/351
f 473/355/351 220/358/354 502/359/355
f 473/355/351 502/359/355 370/360/356
f 370/360/356 502/359/355 503/361/357
f 370/360/356 503/361/357 369/362/358
f 369/362/358 503/361/357 368/363/359
f 368/363/359 503/361/357 367/364/360
f 367/364/360 503/361/357 366/365/361
f 366/365/361 503/361/357 445/366/362
f 366/365/361 445/366/362 365/367/363
f 365/367/363 445/366/362 364/368/364
f 364/368/364 445/366/362 363/369/365
f 363/369/365 445/366/362 484/370/366
f 363/369/365 484/370/366 362/371/367
f 362/371/367 484/370/366 481/372/368
f 362/371/367 481/372/368 361/373/369
f 361/373/369 481/372/368 360/374/370
f 360/374/370 481/372/368 359/375/371
f 359/375/371 481/372/368 482/376/372
f 359/375/371 482/376/372 358/377/373
f 358/377/373 482/376/372 357/378/374
f 357/378/374 482/376/372 356/379/375
f 356/379/375 482/376/372 355/380/376
f 355/380/376 482/376/372 354/381/377
f 354/381/377 482/376/372 490/382/378
f 354/381/377 490/382/378 353/383/379
f 353/383/379 490/382/378 352/384/380
f 352/384/380 490/382/378 351/385/381
f 351/385/381 490/382/378 350/386/382
f 350/386/382 490/382/378 349/387/383
f 349/387/383 490/382/378 491/388/384
f 349/387/383 491/388/384 348/389/385
f 348/389/385 491/388/384 347/390/386
f 347/390/386 491/388/384 346/391/387
f 346/391/387 491/388/384 345/392/388
f 345/392/388 491/388/384 492/393/389
f 345/392/388 492/393/389 344/394/390
f 344/394/390 492/393/389 510/395/391
f 344/394/390 510/395/391 343/396/392
f 343/396/392 510/395/391 342/397/393
f 342/397/393 510/395/391 341/398/394
f 341/398/394 510/395/391 511/399/395
f 341/398/394 511/399/395 340/400/396
f 340/400/396 511/399/395 339/401/397
f 339/401/397 511/399/395 512/402/398
f 339/401/397 512/402/398 338/403/399
f 338/403/399 512/402/398 337/404/400
f 337/404/400 512/402/398 182/405/401
f 337/404/400 182/405/401 181/406/402
f 220/358/354 221/407/403 502/359/355
f 502/359/355 221/407/403 222/408/404
f 502/359/355 222/408/404 223/409/405
f 502/359/355 223/409/405 501/410/406
f 501/410/406 223/409/405 224/411/407
f 501/410/406 224/411/407 225/412/408
f 225/412/408 226/413/409 501/410/406
f 501/410/406 226/413/409 227/414/410
f 501/410/406 227/414/410 514/415/411
f 514/415/411 227/414/410 228/416/412
f 514/415/411 228/416/412 229/417/413
f 229/417/413 230/418/414 514/415/411
f 514/415/411 230/418/414 231/419/415
f 514/415/411 231/419/415 513/420/416
f 513/420/416 231/419/415 232/421/417
f 513/420/416 232/421/417 233/422/418
f 233/422/418 234/423/419 513/420/416
f 513/420/416 234/423/419 442/424/420
f 513/420/416 442/424/420 256/425/421
f 256/425/421 442/424/420 255/426/422
f 255/426/422 442/424/420 254/427/423
f 254/427/423 442/424/420 443/428/424
f 254/427/423 443/428/424 434/429/425
f 434/429/425 443/428/424 433/430/426
f 433/430/426 443/428/424 432/431/427
f 432/431/427 443/428/424 444/432/428
f 432/431/427 444/432/428 431/433/429
f 431/433/429 444/432/428 430/434/430
f 430/434/430 444/432/428 429/435/431
f 429/435/431 444/432/428 428/436/432
f 428/436/432 444/432/428 505/437/433
f 428/436/432 505/437/433 427/438/434
f 427/438/434 505/437/433 506/439/435
f 427/438/434 506/439/435 426/440/436
f 426/440/436 506/439/435 425/441/437
f 425/441/437 506/439/435 424/442/438
f 424/442/438 506/439/435 423/443/439
f 423/443/439 506/439/435 422/444/440
f 422/444/440 506/439/435 507/445/441
f 422/444/440 507/445/441 421/446/442
f 421/446/442 507/445/441 420/447/443
f 420/447/443 507/445/441 419/448/444
f 419/448/444 507/445/441 418/449/445
f 418/449/445 507/445/441 417/450/446
f 417/450/446 507/445/441 508/451/447
f 417/450/446 508/451/447 487/452/448
f 487/452/448 508/451/447 486/453/449
f 486/453/449 508/451/447 241/454/450
f 486/453/449 241/454/450 242/455/451
f 234/423/419 235/456/452 442/424/420
f 442/424/420 235/456/452 236/457/453
f 442/424/420 236/457/453 237/458/454
f 442/424/420 237/458/454 441/459/455
f 441/459/455 237/458/454 238/460/456
f 441/459/455 238/460/456 239/461/457
f 441/459/455 239/461/457 505/437/433
f 505/437/433 239/461/457 240/462/458
f 505/437/433 240/462/458 508/451/447
f 508/451/447 240/462/458 241/454/450
f 242/455/451 243/463/459 486/453/449
f 486/453/449 243/463/459 485/464/460
f 485/464/460 243/463/459 244/465/461
f 485/464/460 244/465/461 245/466/462
f 245/466/462 246/467/463 485/464/460
f 485/464/460 246/467/463 478/468/464
f 485/464/460 478/468/464 409/469/465
f 409/469/465 478/468/464 479/470/466
f 409/469/465 479/470/466 408/471/467
f 408/471/467 479/470/466 407/472/468
f 407/472/468 479/470/466 406/473/469
f 406/473/469 479/470/466 480/474/470
f 406/473/469 480/474/470 405/475/471
f 405/475/471 480/474/470 404/476/472
f 404/476/472 480/474/470 477/477/473
f 404/476/472 477/477/473 403/309/305
f 403/309/305 477/477/473 201/307/303
f 246/467/463 247/478/474 478/468/464
f 478/468/464 247/478/474 248/479/475
f 478/468/464 248/479/475 249/480/476
f 478/468/464 249/480/476 477/477/473
f 477/477/473 249/480/476 250/481/477
f 477/477/473 250/481/477 251/482/478
f 251/482/478 252/483/479 477/477/473
f 477/477/473 252/483/479 201/307/303
f 440/484/480 253/485/481 439/486/482
f 439/486/482 253/485/481 254/427/423
f 439/486/482 254/427/423 438/487/483
f 438/487/483 254/427/423 437/488/484
f 437/488/484 254/427/423 436/489/485
f 436/489/485 254/427/423 435/490/486
f 435/490/486 254/427/423 434/429/425
f 513/420/416 256/425/421 516/491/487
f 516/491/487 256/425/421 257/492/488
f 516/491/487 257/492/488 258/493/489
f 258/493/489 259/494/490 516/491/487
f 516/491/487 259/494/490 260/495/491
f 516/491/487 260/495/491 515/496/492
f 515/496/492 260/495/491 261/497/493
f 515/496/492 261/497/493 262/498/494
f 262/498/494 263/499/495 515/496/492
f 515/496/492 263/499/495 264/500/496
f 515/496/492 264/500/496 265/501/497
f 265/501/497 266/502/498 515/496/492
f 515/496/492 266/502/498 514/415/411
f 514/415/411 266/502/498 267/503/499
f 514/415/411 267/503/499 268/504/500
f 268/504/500 269/505/501 514/415/411
f 514/415/411 269/505/501 270/506/502
f 514/415/411 270/506/502 271/507/503
f 514/415/411 271/507/503 501/410/406
f 501/410/406 271/507/503 272/508/504
f 501/410/406 272/508/504 273/509/505
f 273/509/505 274/510/506 501/410/406
f 501/410/406 274/510/506 504/511/507
f 504/511/507 274/510/506 448/512/508
f 504/511/507 448/512/508 503/361/357
f 503/361/357 448/512/508 445/366/362
f 448/512/508 274/510/506 447/513/509
f 447/513/509 274/510/506 275/514/510
f 447/513/509 275/514/510 276/515/511
f 447/513/509 276/515/511 149/516/512
f 149/516/512 276/515/511 277/517/513
f 149/516/512 277/517/513 150/518/514
f 150/518/514 277/517/513 464/519/515
f 150/518/514 464/519/515 151/520/516
f 151/520/516 464/519/515 152/521/517
f 152/521/517 464/519/515 153/522/518
f 153/522/518 464/519/515 461/523/519
f 153/522/518 461/523/519 154/524/520
f 154/524/520 461/523/519 155/525/521
f 155/525/521 461/523/519 156/526/522
f 156/526/522 461/523/519 453/527/523
f 156/526/522 453/527/523 157/528/524
f 157/528/524 453/527/523 158/529/525
f 158/529/525 453/527/523 159/530/526
f 159/530/526 453/527/523 160/531/527
f 160/531/527 453/527/523 454/532/528
f 160/531/527 454/532/528 161/533/529
f 161/533/529 454/532/528 162/534/530
f 162/534/530 454/532/528 518/535/531
f 162/534/530 518/535/531 163/536/532
f 163/536/532 518/535/531 519/537/533
f 163/536/532 519/537/533 164/538/534
f 164/538/534 519/537/533 460/539/535
f 164/538/534 460/539/535 165/540/536
f 165/540/536 460/539/535 166/541/537
f 166/541/537 460/539/535 457/542/538
f 166/541/537 457/542/538 167/543/539
f 167/543/539 457/542/538 168/544/540
f 168/544/540 457/542/538 325/545/541
f 168/544/540 325/545/541 169/546/542
f 169/546/542 325/545/541 468/547/543
f 169/546/542 468/547/543 170/548/544
f 170/548/544 468/547/543 171/549/545
f 171/549/545 468/547/543 172/550/546
f 172/550/546 468/547/543 465/551/547
f 172/550/546 465/551/547 173/552/548
f 173/552/548 465/551/547 174/553/549
f 174/553/549 465/551/547 330/554/550
f 174/553/549 330/554/550 175/555/551
f 175/555/551 330/554/550 331/556/552
f 175/555/551 331/556/552 176/557/553
f 176/557/553 331/556/552 332/558/554
f 176/557/553 332/558/554 500/559/555
f 500/559/555 332/558/554 333/560/556
f 500/559/555 333/560/556 499/561/557
f 499/561/557 333/560/556 334/562/558
f 499/561/557 334/562/558 498/563/559
f 498/563/559 334/562/558 335/564/560
f 498/563/559 335/564/560 336/565/561
f 277/517/513 278/566/562 464/519/515
f 464/519/515 278/566/562 279/567/563
f 464/519/515 279/567/563 280/568/564
f 280/568/564 281/569/565 464/519/515
f 464/519/515 281/569/565 463/570/566
f 463/570/566 281/569/565 282/571/567
f 463/570/566 282/571/567 283/572/568
f 283/572/568 284/573/569 463/570/566
f 463/570/566 284/573/569 285/574/570
f 463/570/566 285/574/570 286/575/571
f 463/570/566 286/575/571 462/576/572
f 462/576/572 286/575/571 287/577/573
f 462/576/572 287/577/573 288/578/574
f 288/578/574 289/579/575 462/576/572
f 462/576/572 289/579/575 453/527/523
f 462/576/572 453/527/523 461/523/519
f 290/580/576 291/581/577 289/579/575
f 289/579/575 291/581/577 292/582/578
f 289/579/575 292/582/578 293/583/579
f 289/579/575 293/583/579 456/584/580
f 456/584/580 293/583/579 294/585/581
f 456/584/580 294/585/581 295/586/582
f 295/586/582 296/587/583 456/584/580
f 456/584/580 296/587/583 297/588/584
f 456/584/580 297/588/584 455/589/585
f 455/589/585 297/588/584 305/590/586
f 455/589/585 305/590/586 306/591/587
f 298/592/588 300/593/589 297/588/584
f 297/588/584 300/593/589 301/594/590
f 297/588/584 301/594/590 302/595/591
f 298/592/588 299/596/592 300/593/589
f 302/595/591 303/597/593 297/588/584
f 297/588/584 303/597/593 304/598/594
f 297/588/584 304/598/594 305/590/586
f 306/591/587 307/599/595 455/589/585
f 455/589/585 307/599/595 308/600/596
f 455/589/585 308/600/596 517/601/597
f 517/601/597 308/600/596 309/602/598
f 517/601/597 309/602/598 310/603/599
f 310/603/599 311/604/600 517/601/597
f 517/601/597 311/604/600 312/605/601
f 517/601/597 312/605/601 313/606/602
f 517/601/597 313/606/602 520/607/603
f 520/607/603 313/606/602 314/608/604
f 520/607/603 314/608/604 315/609/605
f 315/609/605 316/610/606 520/607/603
f 520/607/603 316/610/606 317/611/607
f 520/607/603 317/611/607 519/537/533
f 519/537/533 317/611/607 318/612/608
f 519/537/533 318/612/608 459/613/609
f 459/613/609 318/612/608 319/614/610
f 459/613/609 319/614/610 320/615/611
f 320/615/611 321/616/612 459/613/609
f 459/613/609 321/616/612 458/617/613
f 458/617/613 321/616/612 322/618/614
f 458/617/613 322/618/614 323/619/615
f 458/617/613 323/619/615 457/542/538
f 457/542/538 323/619/615 324/620/616
f 457/542/538 324/620/616 325/545/541
f 325/545/541 326/621/617 468/547/543
f 468/547/543 326/621/617 467/622/618
f 467/622/618 326/621/617 327/623/619
f 467/622/618 327/623/619 328/624/620
f 467/622/618 328/624/620 466/625/621
f 466/625/621 328/624/620 329/626/622
f 466/625/621 329/626/622 465/551/547
f 465/551/547 329/626/622 330/554/550
f 498/563/559 336/565/561 497/627/623
f 497/627/623 336/565/561 337/404/400
f 497/627/623 337/404/400 181/406/402
f 370/360/356 371/628/624 473/355/351
f 473/355/351 371/628/624 372/629/625
f 473/355/351 372/629/625 476/630/626
f 476/630/626 372/629/625 373/631/627
f 476/630/626 373/631/627 374/632/628
f 374/632/628 375/633/629 476/630/626
f 476/630/626 375/633/629 475/343/339
f 475/343/339 375/633/629 376/634/630
f 475/343/339 376/634/630 377/635/631
f 377/635/631 378/341/337 475/343/339
f 449/313/309 396/318/314 452/636/632
f 452/636/632 396/318/314 397/637/633
f 452/636/632 397/637/633 398/638/634
f 398/638/634 399/639/635 452/636/632
f 452/636/632 399/639/635 451/640/636
f 451/640/636 399/639/635 400/641/637
f 451/640/636 400/641/637 401/642/638
f 451/640/636 401/642/638 450/306/302
f 450/306/302 401/642/638 402/308/304
f 409/469/465 410/643/639 485/464/460
f 485/464/460 410/643/639 411/644/640
f 485/464/460 411/644/640 488/645/641
f 488/645/641 411/644/640 412/646/642
f 488/645/641 412/646/642 413/647/643
f 488/645/641 413/647/643 487/452/448
f 487/452/448 413/647/643 414/648/644
f 487/452/448 414/648/644 415/649/645
f 415/649/645 416/650/646 487/452/448
f 487/452/448 416/650/646 417/450/446
f 444/432/428 441/459/455 505/437/433
f 445/366/362 446/651/647 484/370/366
f 484/370/366 446/651/647 194/652/648
f 484/370/366 194/652/648 193/653/649
f 447/513/509 197/654/650 446/651/647
f 446/651/647 197/654/650 196/655/651
f 446/651/647 196/655/651 195/656/652
f 454/532/528 455/589/585 518/535/531
f 518/535/531 455/589/585 517/601/597
f 456/584/580 453/527/523 289/579/575
f 459/613/609 460/539/535 519/537/533
f 490/382/378 482/376/372 489/657/653
f 489/657/653 482/376/372 483/658/654
f 489/657/653 483/658/654 188/659/655
f 188/659/655 483/658/654 189/660/656
f 189/660/656 483/658/654 190/661/657
f 190/661/657 483/658/654 484/370/366
f 190/661/657 484/370/366 191/662/658
f 191/662/658 484/370/366 192/663/659
f 192/663/659 484/370/366 193/653/649
f 489/657/653 187/664/660 492/393/389
f 492/393/389 187/664/660 186/665/661
f 492/393/389 186/665/661 509/666/662
f 509/666/662 186/665/661 185/667/663
f 509/666/662 185/667/663 184/668/664
f 496/324/320 493/350/346 470/328/324
f 497/627/623 178/669/665 500/559/555
f 500/559/555 178/669/665 177/670/666
f 500/559/555 177/670/666 176/557/553
f 509/666/662 510/395/391 492/393/389
f 509/666/662 184/668/664 512/402/398
f 512/402/398 184/668/664 183/671/667
f 512/402/398 183/671/667 182/405/401
f 149/516/512 200/672/668 447/513/509
f 447/513/509 200/672/668 199/673/669
f 447/513/509 199/673/669 198/674/670
f 198/674/670 197/654/650 447/513/509
f 195/656/652 194/652/648 446/651/647
f 188/659/655 187/664/660 489/657/653
f 181/406/402 180/675/671 497/627/623
f 497/627/623 180/675/671 179/676/672
f 497/627/623 179/676/672 178/669/665
f 522/677/673 616/678/674 521/679/675
f 521/679/675 616/678/674 569/680/676
f 521/681/675 569/682/676 568/683/677
f 568/683/677 569/682/676 570/684/678
f 568/683/677 570/684/678 567/685/679
f 567/685/679 570/684/678 571/686/680
f 567/685/679 571/686/680 566/687/681
f 566/687/681 571/686/680 572/688/682
f 566/687/681 572/688/682 565/689/683
f 565/689/683 572/688/682 573/690/684
f 565/689/683 573/690/684 564/691/685
f 564/691/685 573/690/684 574/692/686
f 564/691/685 574/692/686 563/693/687
f 563/693/687 574/692/686 575/694/688
f 563/693/687 575/694/688 562/695/689
f 562/695/689 575/694/688 576/696/690
f 562/695/689 576/696/690 561/697/691
f 561/697/691 576/696/690 577/698/692
f 561/697/691 577/698/692 560/699/693
f 560/699/693 577/698/692 578/700/694
f 560/699/693 578/700/694 559/701/695
f 559/701/695 578/700/694 579/702/696
f 559/701/695 579/702/696 558/703/697
f 558/703/697 579/702/696 580/704/698
f 558/703/697 580/704/698 557/705/699
f 557/705/699 580/704/698 581/706/700
f 557/705/699 581/706/700 556/707/701
f 556/707/701 581/706/700 582/708/702
f 556/707/701 582/708/702 555/709/703
f 555/709/703 582/708/702 583/710/704
f 555/709/703 583/710/704 554/711/705
f 554/711/705 583/710/704 584/712/706
f 554/711/705 584/712/706 553/713/707
f 553/713/707 584/712/706 585/714/708
f 553/713/707 585/714/708 552/715/709
f 552/715/709 585/714/708 586/716/710
f 552/715/709 586/716/710 551/717/711
f 551/717/711 586/716/710 587/718/712
f 551/717/711 587/718/712 550/719/713
f 550/719/713 587/718/712 588/720/714
f 550/719/713 588/720/714 549/721/715
f 549/721/715 588/720/714 589/722/716
f 549/721/715 589/722/716 548/723/717
f 548/723/717 589/722/716 590/724/718
f 548/723/717 590/724/718 547/725/719
f 547/725/719 590/724/718 591/726/720
f 547/725/719 591/726/720 546/727/721
f 546/727/721 591/726/720 592/728/722
f 546/727/721 592/728/722 545/729/723
f 545/729/723 592/728/722 593/730/724
f 545/729/723 593/730/724 544/731/725
f 544/731/725 593/730/724 594/732/726
f 544/731/725 594/732/726 543/733/727
f 543/733/727 594/732/726 595/734/728
f 543/733/727 595/734/728 542/735/729
f 542/735/729 595/734/728 596/736/730
f 542/735/729 596/736/730 541/737/731
f 541/737/731 596/736/730 597/738/732
f 541/737/731 597/738/732 540/739/733
f 540/739/733 597/738/732 598/740/734
f 540/739/733 598/740/734 539/741/735
f 539/741/735 598/740/734 599/742/736
f 539/741/735 599/742/736 538/743/737
f 538/743/737 599/742/736 600/744/738
f 538/743/737 600/744/738 537/745/739
f 537/745/739 600/744/738 601/746/740
f 537/745/739 601/746/740 536/747/741
f 536/747/741 601/746/740 602/748/742
f 536/747/741 602/748/742 535/749/743
f 535/749/743 602/748/742 603/750/744
f 535/749/743 603/750/744 534/751/745
f 534/751/745 603/750/744 604/752/746
f 534/751/745 604/752/746 533/753/747
f 533/753/747 604/752/746 605/754/748
f 533/753/747 605/754/748 532/755/749
f 532/755/749 605/754/748 606/756/750
f 532/755/749 606/756/750 531/757/751
f 531/757/751 606/756/750 607/758/752
f 531/757/751 607/758/752 530/759/753
f 530/759/753 607/758/752 608/760/754
f 530/759/753 608/760/754 529/761/755
f 529/761/755 608/760/754 609/762/756
f 529/761/755 609/762/756 528/763/757
f 528/763/757 609/762/756 610/764/758
f 528/763/757 610/764/758 527/765/759
f 527/765/759 610/764/758 611/766/760
f 527/765/759 611/766/760 526/767/761
f 526/767/761 611/766/760 612/768/762
f 526/767/761 612/768/762 525/769/763
f 525/769/763 612/768/762 613/770/764
f 525/769/763 613/770/764 524/771/765
f 524/771/765 613/770/764 614/772/766
f 524/771/765 614/772/766 523/773/767
f 523/773/767 614/772/766 615/774/768
f 523/773/767 615/774/768 522/677/673
f 522/677/673 615/774/768 616/678/674
f 618/775/769 202/776/770 617/777/771
f 617/777/771 202/776/770 201/778/772
f 617/779/771 201/780/772 668/781/773
f 668/781/773 201/780/772 252/782/774
f 668/781/773 252/782/774 667/783/775
f 667/783/775 252/782/774 251/784/776
f 667/783/775 251/784/776 666/785/777
f 666/785/777 251/784/776 250/786/778
f 666/785/777 250/786/778 665/787/779
f 665/787/779 250/786/778 249/788/780
f 665/787/779 249/788/780 664/789/781
f 664/789/781 249/788/780 248/790/782
f 664/789/781 248/790/782 663/791/783
f 663/791/783 248/790/782 247/792/784
f 663/791/783 247/792/784 662/793/785
f 662/793/785 247/792/784 246/794/786
f 662/793/785 246/794/786 661/795/787
f 661/795/787 246/794/786 245/796/788
f 661/795/787 245/796/788 660/797/789
f 660/797/789 245/796/788 244/798/790
f 660/797/789 244/798/790 659/799/791
f 659/799/791 244/798/790 243/800/792
f 659/799/791 243/800/792 658/801/793
f 658/801/793 243/800/792 242/802/794
f 658/801/793 242/802/794 657/803/795
f 657/803/795 242/802/794 241/804/796
f 657/803/795 241/804/796 656/805/797
f 656/805/797 241/804/796 240/806/798
f 656/805/797 240/806/798 655/807/799
f 655/807/799 240/806/798 239/808/800
f 655/807/799 239/808/800 654/809/801
f 654/809/801 239/808/800 238/810/802
f 654/809/801 238/810/802 653/811/803
f 653/811/803 238/810/802 237/812/804
f 653/811/803 237/812/804 652/813/805
f 652/813/805 237/812/804 236/814/806
f 652/813/805 236/814/806 651/815/807
f 651/815/807 236/814/806 235/816/808
f 651/815/807 235/816/808 650/817/809
f 650/817/809 235/816/808 234/818/810
f 650/817/809 234/818/810 649/819/811
f 649/819/811 234/818/810 233/820/812
f 649/819/811 233/820/812 648/821/813
f 648/821/813 233/820/812 232/822/814
f 648/821/813 232/822/814 647/823/815
f 647/823/815 232/822/814 231/824/816
f 647/823/815 231/824/816 646/825/817
f 646/825/817 231/824/816 230/826/818
f 646/825/817 230/826/818 645/827/819
f 645/827/819 230/826/818 229/828/820
f 645/827/819 229/828/820 644/829/821
f 644/829/821 229/828/820 228/830/822
f 644/829/821 228/830/822 643/831/823
f 643/831/823 228/830/822 227/832/824
f 643/831/823 227/832/824 642/833/825
f 642/833/825 227/832/824 226/834/826
f 642/833/825 226/834/826 641/835/827
f 641/835/827 226/834/826 225/836/828
f 641/835/827 225/836/828 640/837/829
f 640/837/829 225/836/828 224/838/830
f 640/837/829 224/838/830 639/839/831
f 639/839/831 224/838/830 223/840/832
f 639/839/831 223/840/832 638/841/833
f 638/841/833 223/840/832 222/842/834
f 638/841/833 222/842/834 637/843/835
f 637/843/835 222/842/834 221/844/836
f 637/843/835 221/844/836 636/845/837
f 636/845/837 221/844/836 220/846/838
f 636/845/837 220/846/838 635/847/839
f 635/847/839 220/846/838 219/848/840
f 635/847/839 219/848/840 634/849/841
f 634/849/841 219/848/840 218/850/842
f 634/849/841 218/850/842 633/851/843
f 633/851/843 218/850/842 217/852/844
f 633/851/843 217/852/844 632/853/845
f 632/853/845 217/852/844 216/854/846
f 632/853/845 216/854/846 631/855/847
f 631/855/847 216/854/846 215/856/848
f 631/855/847 215/856/848 630/857/849
f 630/857/849 215/856/848 214/858/850
f 630/857/849 214/858/850 629/859/851
f 629/859/851 214/858/850 213/860/852
f 629/859/851 213/860/852 628/861/853
f 628/861/853 213/860/852 212/862/854
f 628/861/853 212/862/854 627/863/855
f 627/863/855 212/862/854 211/864/856
f 627/863/855 211/864/856 626/865/857
f 626/865/857 211/864/856 210/866/858
f 626/865/857 210/866/858 625/867/859
f 625/867/859 210/866/858 209/868/860
f 625/867/859 209/868/860 624/869/861
f 624/869/861 209/868/860 208/870/862
f 624/869/861 208/870/862 623/871/863
f 623/871/863 208/870/862 207/872/864
f 623/871/863 207/872/864 622/873/865
f 622/873/865 207/872/864 206/874/866
f 622/873/865 206/874/866 621/875/867
f 621/875/867 206/874/866 205/876/868
f 621/875/867 205/876/868 620/877/869
f 620/877/869 205/876/868 204/878/870
f 620/877/869 204/878/870 619/879/871
f 619/879/871 204/878/870 203/880/872
f 619/879/871 203/880/872 618/775/769
f 618/775/769 203/880/872 202/776/770
f 568/881/873 618/882/874 521/883/875
f 521/883/875 618/882/874 617/884/876
f 521/883/875 617/884/876 668/885/877
f 618/882/874 568/881/873 619/886/878
f 619/886/878 568/881/873 567/887/879
f 619/886/878 567/887/879 620/888/880
f 620/888/880 567/887/879 566/889/881
f 620/888/880 566/889/881 621/890/882
f 621/890/882 566/889/881 565/891/883
f 621/890/882 565/891/883 622/892/884
f 622/892/884 565/891/883 564/893/885
f 622/892/884 564/893/885 623/894/886
f 623/894/886 564/893/885 563/895/887
f 623/894/886 563/895/887 624/896/888
f 624/896/888 563/895/887 562/897/889
f 624/896/888 562/897/889 625/898/890
f 625/898/890 562/897/889 561/899/891
f 625/898/890 561/899/891 626/900/892
f 626/900/892 561/899/891 560/901/893
f 626/900/892 560/901/893 627/902/894
f 627/902/894 560/901/893 559/903/895
f 627/902/894 559/903/895 628/904/896
f 628/904/896 559/903/895 558/905/897
f 628/904/896 558/905/897 629/906/898
f 629/906/898 558/905/897 557/907/899
f 629/906/898 557/907/899 630/908/900
f 630/908/900 557/907/899 631/909/901
f 631/909/901 557/907/899 556/910/902
f 631/909/901 556/910/902 632/911/903
f 632/911/903 556/910/902 555/912/904
f 632/911/903 555/912/904 633/913/905
f 633/913/905 555/912/904 554/914/906
f 633/913/905 554/914/906 634/915/907
f 634/915/907 554/914/906 553/916/908
f 634/915/907 553/916/908 635/917/909
f 635/917/909 553/916/908 552/918/910
f 635/917/909 552/918/910 636/919/911
f 636/919/911 552/918/910 551/920/912
f 636/919/911 551/920/912 637/921/913
f 637/921/913 551/920/912 550/922/914
f 637/921/913 550/922/914 638/923/915
f 638/923/915 550/922/914 549/924/916
f 638/923/915 549/924/916 639/925/917
f 639/925/917 549/924/916 548/926/918
f 639/925/917 548/926/918 640/927/919
f 640/927/919 548/926/918 547/928/920
f 640/927/919 547/928/920 641/929/921
f 641/929/921 547/928/920 546/930/922
f 641/929/921 546/930/922 642/931/923
f 642/931/923 546/930/922 545/932/924
f 642/931/923 545/932/924 643/933/925
f 643/933/925 545/932/924 644/934/926
f 644/934/926 545/932/924 544/935/927
f 644/934/926 544/935/927 645/936/928
f 645/936/928 544/935/927 543/937/929
f 645/936/928 543/937/929 646/938/930
f 646/938/930 543/937/929 542/939/931
f 646/938/930 542/939/931 647/940/932
f 647/940/932 542/939/931 541/941/933
f 647/940/932 541/941/933 648/942/934
f 648/942/934 541/941/933 540/943/935
f 648/942/934 540/943/935 649/944/936
f 649/944/936 540/943/935 539/945/937
f 649/944/936 539/945/937 650/946/938
f 650/946/938 539/945/937 538/947/939
f 650/946/938 538/947/939 651/948/940
f 651/948/940 538/947/939 537/949/941
f 651/948/940 537/949/941 652/950/942
f 652/950/942 537/949/941 536/951/943
f 652/950/942 536/951/943 653/952/944
f 653/952/944 536/951/943 535/953/945
f 653/952/944 535/953/945 654/954/946
f 654/954/946 535/953/945 534/955/947
f 654/954/946 534/955/947 655/956/948
f 655/956/948 534/955/947 533/957/949
f 655/956/948 533/957/949 656/958/950
f 656/958/950 533/957/949 657/959/951
f 657/959/951 533/957/949 532/960/952
f 657/959/951 532/960/952 658/961/953
f 658/961/953 532/960/952 531/962/954
f 658/961/953 531/962/954 659/963/955
f 659/963/955 531/962/954 530/964/956
f 659/963/955 530/964/956 660/965/957
f 660/965/957 530/964/956 529/966/958
f 660/965/957 529/966/958 661/967/959
f 661/967/959 529/966/958 528/968/960
f 661/967/959 528/968/960 662/969/961
f 662/969/961 528/968/960 527/970/962
f 662/969/961 527/970/962 663/971/963
f 663/971/963 527/970/962 526/972/964
f 663/971/963 526/972/964 664/973/965
f 664/973/965 526/972/964 525/974/966
f 664/973/965 525/974/966 665/975/967
f 665/975/967 525/974/966 524/976/968
f 665/975/967 524/976/968 666/977/969
f 666/977/969 524/976/968 523/978/970
f 666/977/969 523/978/970 667/979/971
f 667/979/971 523/978/970 522/980/972
f 667/979/971 522/980/972 668/885/877
f 668/885/877 522/980/972 521/883/875
f 96/981/973 74/982/974 49/983/975
f 49/983/975 74/982/974 73/984/976
f 49/983/975 73/984/976 50/985/977
f 50/985/977 73/984/976 72/986/978
f 50/985/977 72/986/978 51/987/979
f 51/987/979 72/986/978 71/988/980
f 51/987/979 71/988/980 52/989/981
f 52/989/981 71/988/980 70/990/982
f 52/989/981 70/990/982 53/991/983
f 53/991/983 70/990/982 69/992/984
f 53/991/983 69/992/984 54/993/985
f 54/993/985 69/992/984 68/994/986
f 54/993/985 68/994/986 55/995/987
f 55/995/987 68/994/986 67/996/988
f 55/995/987 67/996/988 56/997/989
f 56/997/989 67/996/988 66/998/990
f 56/997/989 66/998/990 57/999/991
f 57/999/991 66/998/990 65/1000/992
f 57/999/991 65/1000/992 58/1001/993
f 58/1001/993 65/1000/992 64/1002/994
f 58/1001/993 64/1002/994 59/1003/995
f 59/1003/995 64/1002/994 63/1004/996
f 59/1003/995 63/1004/996 60/1005/997
f 60/1005/997 63/1004/996 62/1006/998
f 60/1005/997 62/1006/998 61/1007/999
f 74/982/974 96/981/973 75/1008/1000
f 75/1008/1000 96/981/973 95/1009/1001
f 75/1008/1000 95/1009/1001 76/1010/1002
f 76/1010/1002 95/1009/1001 94/1011/1003
f 76/1010/1002 94/1011/1003 77/1012/1004
f 77/1012/1004 94/1011/1003 93/1013/1005
f 77/1012/1004 93/1013/1005 78/1014/1006
f 78/1014/1006 93/1013/1005 92/1015/1007
f 78/1014/1006 92/1015/1007 79/1016/1008
f 79/1016/1008 92/1015/1007 91/1017/1009
f 79/1016/1008 91/1017/1009 80/1018/1010
f 80/1018/1010 91/1017/1009 90/1019/1011
f 80/1018/1010 90/1019/1011 81/1020/1012
f 81/1020/1012 90/1019/1011 89/1021/1013
f 81/1020/1012 89/1021/1013 82/1022/1014
f 82/1022/1014 89/1021/1013 88/1023/1015
f 82/1022/1014 88/1023/1015 83/1024/1016
f 83/1024/1016 88/1023/1015 87/1025/1017
f 83/1024/1016 87/1025/1017 84/1026/1018
f 84/1026/1018 87/1025/1017 86/1027/1019
f 84/1026/1018 86/1027/1019 85/1028/1020
f 616/1029/1021 594/1030/1022 569/1031/1023
f 569/1031/1023 594/1030/1022 593/1032/1024
f 569/1031/1023 593/1032/1024 570/1033/1025
f 570/1033/1025 593/1032/1024 592/1034/1026
f 570/1033/1025 592/1034/1026 571/1035/1027
f 571/1035/1027 592/1034/1026 591/1036/1028
f 571/1035/1027 591/1036/1028 572/1037/1029
f 572/1037/1029 591/1036/1028 590/1038/1030
f 572/1037/1029 590/1038/1030 573/1039/1031
f 573/1039/1031 590/1038/1030 589/1040/1032
f 573/1039/1031 589/1040/1032 574/1041/1033
f 574/1041/1033 589/1040/1032 588/1042/1034
f 574/1041/1033 588/1042/1034 575/1043/1035
f 575/1043/1035 588/1042/1034 587/1044/1036
f 575/1043/1035 587/1044/1036 576/1045/1037
f 576/1045/1037 587/1044/1036 586/1046/1038
f 576/1045/1037 586/1046/1038 577/1047/1039
f 577/1047/1039 586/1046/1038 585/1048/1040
f 577/1047/1039 585/1048/1040 578/1049/1041
f 578/1049/1041 585/1048/1040 584/1050/1042
f 578/1049/1041 584/1050/1042 579/1051/1043
f 579/1051/1043 584/1050/1042 583/1052/1044
f 579/1051/1043 583/1052/1044 580/1053/1045
f 580/1053/1045 583/1052/1044 582/1054/1046
f 580/1053/1045 582/1054/1046 581/1055/1047
f 594/1030/1022 616/1029/1021 595/1056/1048
f 595/1056/1048 616/1029/1021 615/1057/1049
f 595/1056/1048 615/1057/1049 596/1058/1050
f 596/1058/1050 615/1057/1049 614/1059/1051
f 596/1058/1050 614/1059/1051 597/1060/1052
f 597/1060/1052 614/1059/1051 613/1061/1053
f 597/1060/1052 613/1061/1053 598/1062/1054
f 598/1062/1054 613/1061/1053 612/1063/1055
f 598/1062/1054 612/1063/1055 599/1064/1056
f 599/1064/1056 612/1063/1055 611/1065/1057
f 599/1064/1056 611/1065/1057 600/1066/1058
f 600/1066/1058 611/1065/1057 610/1067/1059
f 600/1066/1058 610/1067/1059 601/1068/1060
f 601/1068/1060 610/1067/1059 609/1069/1061
f 601/1068/1060 609/1069/1061 602/1070/1062
f 602/1070/1062 609/1069/1061 608/1071/1063
f 602/1070/1062 608/1071/1063 603/1072/1064
f 603/1072/1064 608/1071/1063 607/1073/1065
f 603/1072/1064 607/1073/1065 604/1074/1066
f 604/1074/1066 607/1073/1065 606/1075/1067
f 604/1074/1066 606/1075/1067 605/1076/1068
f 518/1077/1069 669/1078/1070 519/1079/1071
f 519/1079/1071 669/1078/1070 670/1080/1072
f 520/1081/1073 671/1082/1074 517/1083/1075
f 517/1083/1075 671/1082/1074 672/1084/1076
f 444/1085/1077 443/1086/1078 674/1087/1079
f 674/1087/1079 443/1086/1078 673/1088/1080
f 443/1089/1081 442/1090/1082 673/1091/1083
f 673/1091/1083 442/1090/1082 675/1092/1084
f 448/1093/1085 447/1094/1086 677/1095/1087
f 677/1095/1087 447/1094/1086 676/1096/1088
f 447/1097/1089 446/1098/1090 676/1099/1091
f 676/1099/1091 446/1098/1090 678/1100/1092
f 452/1101/1093 451/1102/1094 680/1103/1095
f 680/1103/1095 451/1102/1094 679/1104/1096
f 451/1105/1097 450/1106/1098 679/1107/1099
f 679/1107/1099 450/1106/1098 681/1108/1100
f 456/1109/1101 455/1110/1102 683/1111/1103
f 683/1111/1103 455/1110/1102 682/1112/1104
f 455/1113/1105 454/1114/1106 682/1115/1107
f 682/1115/1107 454/1114/1106 684/1116/1108
f 460/1117/1109 459/1118/1110 686/1119/1111
f 686/1119/1111 459/1118/1110 685/1120/1112
f 459/1121/1113 458/1122/1114 685/1123/1115
f 685/1123/1115 458/1122/1114 687/1124/1116
f 464/1125/1117 463/1126/1118 689/1127/1119
f 689/1127/1119 463/1126/1118 688/1128/1120
f 463/1129/1121 462/1130/1122 688/1131/1123
f 688/1131/1123 462/1130/1122 690/1132/1124
f 468/1133/1125 467/1134/1126 692/1135/1127
f 692/1135/1127 467/1134/1126 691/1136/1128
f 467/1137/1129 466/1138/1130 691/1139/1131
f 691/1139/1131 466/1138/1130 693/1140/1132
f 472/1141/1133 471/1142/1134 695/1143/1135
f 695/1143/1135 471/1142/1134 694/1144/1136
f 471/1145/1137 470/1146/1138 694/1147/1139
f 694/1147/1139 470/1146/1138 696/1148/1140
f 476/1149/1141 475/1150/1142 698/1151/1143
f 698/1151/1143 475/1150/1142 697/1152/1144
f 475/1153/1145 474/1154/1146 697/1155/1147
f 697/1155/1147 474/1154/1146 699/1156/1148
f 480/1157/1149 479/1158/1150 701/1159/1151
f 701/1159/1151 479/1158/1150 700/1160/1152
f 479/1161/1153 478/1162/1154 700/1163/1155
f 700/1163/1155 478/1162/1154 702/1164/1156
f 484/1165/1157 483/1166/1158 704/1167/1159
f 704/1167/1159 483/1166/1158 703/1168/1160
f 483/1169/1161 482/1170/1162 703/1171/1163
f 703/1171/1163 482/1170/1162 705/1172/1164
f 518/1173/1165 517/1174/1166 669/1175/1167
f 669/1175/1167 517/1174/1166 672/1176/1168
f 488/1177/1169 487/1178/1170 707/1179/1171
f 707/1179/1171 487/1178/1170 706/1180/1172
f 487/1181/1173 486/1182/1174 706/1183/1175
f 706/1183/1175 486/1182/1174 708/1184/1176
f 492/1185/1177 491/1186/1178 710/1187/1179
f 710/1187/1179 491/1186/1178 709/1188/1180
f 491/1189/1181 490/1190/1182 709/1191/1183
f 709/1191/1183 490/1190/1182 711/1192/1184
f 496/1193/1185 495/1194/1186 713/1195/1187
f 713/1195/1187 495/1194/1186 712/1196/1188
f 495/1197/1189 494/1198/1190 712/1199/1191
f 712/1199/1191 494/1198/1190 714/1200/1192
f 500/1201/1193 499/1202/1194 716/1203/1195
f 716/1203/1195 499/1202/1194 715/1204/1196
f 499/1205/1197 498/1206/1198 715/1207/1199
f 715/1207/1199 498/1206/1198 717/1208/1200
f 504/1209/1201 503/1210/1202 719/1211/1203
f 719/1211/1203 503/1210/1202 718/1212/1204
f 503/1213/1205 502/1214/1206 718/1215/1207
f 718/1215/1207 502/1214/1206 720/1216/1208
f 508/1217/1209 507/1218/1210 722/1219/1211
f 722/1219/1211 507/1218/1210 721/1220/1212
f 507/1221/1213 506/1222/1214 721/1223/1215
f 721/1223/1215 506/1222/1214 723/1224/1216
f 512/1225/1217 511/1226/1218 725/1227/1219
f 725/1227/1219 511/1226/1218 724/1228/1220
f 511/1229/1221 510/1230/1222 724/1231/1223
f 724/1231/1223 510/1230/1222 726/1232/1224
f 516/1233/1225 515/1234/1226 728/1235/1227
f 728/1235/1227 515/1234/1226 727/1236/1228
f 515/1237/1229 514/1238/1230 727/1239/1231
f 727/1239/1231 514/1238/1230 729/1240/1232
f 738/1241/1233 308/1242/1234 737/1243/1235
f 737/1243/1235 308/1242/1234 307/1244/1236
f 737/1243/1235 307/1244/1236 306/1245/1237
f 737/1243/1235 306/1245/1237 736/1246/1238
f 736/1246/1238 306/1245/1237 305/1247/1239
f 736/1246/1238 305/1247/1239 735/1248/1240
f 735/1248/1240 305/1247/1239 304/1249/1241
f 735/1248/1240 304/1249/1241 734/1250/1242
f 734/1250/1242 304/1249/1241 303/1251/1243
f 734/1250/1242 303/1251/1243 733/1252/1244
f 733/1252/1244 303/1251/1243 302/1253/1245
f 733/1252/1244 302/1253/1245 732/1254/1246
f 732/1254/1246 302/1253/1245 301/1255/1247
f 732/1254/1246 301/1255/1247 731/1256/1248
f 731/1256/1248 301/1255/1247 730/1257/1249
f 730/1257/1249 301/1255/1247 300/1258/1250
f 299/1259/1251 739/1260/1252 300/1261/1250
f 300/1261/1250 739/1260/1252 730/1262/1249
f 298/1263/1253 297/1264/1254 741/1265/1255
f 741/1265/1255 297/1264/1254 740/1266/1256
f 740/1267/1256 297/1268/1254 747/1269/1257
f 747/1269/1257 297/1268/1254 296/1270/1258
f 747/1269/1257 296/1270/1258 746/1271/1259
f 746/1271/1259 296/1270/1258 295/1272/1260
f 746/1271/1259 295/1272/1260 745/1273/1261
f 745/1273/1261 295/1272/1260 294/1274/1262
f 745/1273/1261 294/1274/1262 744/1275/1263
f 744/1275/1263 294/1274/1262 293/1276/1264
f 744/1275/1263 293/1276/1264 743/1277/1265
f 743/1277/1265 293/1276/1264 292/1278/1266
f 743/1277/1265 292/1278/1266 742/1279/1267
f 742/1279/1267 292/1278/1266 291/1280/1268
f 291/1281/1268 290/1282/1269 742/1283/1267
f 742/1283/1267 290/1282/1269 748/1284/1270
f 289/1285/1271 749/1286/1272 290/1287/1273
f 290/1287/1273 749/1286/1272 748/1288/1274
f 288/1289/1275 824/1290/1276 289/1291/1277
f 289/1291/1277 824/1290/1276 825/1292/1278
f 289/1291/1277 825/1292/1278 749/1293/1279
f 749/1293/1279 825/1292/1278 789/1294/1280
f 789/1294/1280 825/1292/1278 788/1295/1281
f 788/1295/1281 825/1292/1278 824/1290/1276
f 788/1295/1281 824/1290/1276 787/1296/1282
f 787/1296/1282 824/1290/1276 823/1297/1283
f 787/1296/1282 823/1297/1283 786/1298/1284
f 786/1298/1284 823/1297/1283 822/1299/1285
f 786/1298/1284 822/1299/1285 785/1300/1286
f 785/1300/1286 822/1299/1285 784/1301/1287
f 784/1301/1287 822/1299/1285 821/1302/1288
f 784/1301/1287 821/1302/1288 783/1303/1289
f 783/1303/1289 821/1302/1288 820/1304/1290
f 783/1303/1289 820/1304/1290 782/1305/1291
f 782/1305/1291 820/1304/1290 819/1306/1292
f 782/1305/1291 819/1306/1292 781/1307/1293
f 781/1307/1293 819/1306/1292 818/1308/1294
f 781/1307/1293 818/1308/1294 817/1309/1295
f 817/1309/1295 818/1308/1294 284/1310/1296
f 817/1309/1295 284/1310/1296 816/1311/1297
f 816/1311/1297 284/1310/1296 283/1312/1298
f 816/1311/1297 283/1312/1298 815/1313/1299
f 815/1313/1299 283/1312/1298 282/1314/1300
f 815/1313/1299 282/1314/1300 814/1315/1301
f 814/1315/1301 282/1314/1300 281/1316/1302
f 814/1315/1301 281/1316/1302 813/1317/1303
f 813/1317/1303 281/1316/1302 280/1318/1304
f 813/1317/1303 280/1318/1304 812/1319/1305
f 812/1319/1305 280/1318/1304 279/1320/1306
f 812/1319/1305 279/1320/1306 811/1321/1307
f 811/1321/1307 279/1320/1306 278/1322/1308
f 811/1321/1307 278/1322/1308 810/1323/1309
f 810/1323/1309 278/1322/1308 277/1324/1310
f 810/1323/1309 277/1324/1310 809/1325/1311
f 809/1325/1311 277/1324/1310 276/1326/1312
f 809/1325/1311 276/1326/1312 808/1327/1313
f 808/1327/1313 276/1326/1312 275/1328/1314
f 808/1327/1313 275/1328/1314 807/1329/1315
f 807/1329/1315 275/1328/1314 274/1330/1316
f 807/1329/1315 274/1330/1316 806/1331/1317
f 806/1331/1317 274/1330/1316 273/1332/1318
f 806/1331/1317 273/1332/1318 805/1333/1319
f 805/1333/1319 273/1332/1318 272/1334/1320
f 805/1333/1319 272/1334/1320 804/1335/1321
f 804/1335/1321 272/1334/1320 271/1336/1322
f 804/1335/1321 271/1336/1322 803/1337/1323
f 803/1337/1323 271/1336/1322 270/1338/1324
f 803/1337/1323 270/1338/1324 802/1339/1325
f 802/1339/1325 270/1338/1324 269/1340/1326
f 802/1339/1325 269/1340/1326 268/1341/1327
f 287/1342/1328 821/1302/1288 288/1289/1275
f 288/1289/1275 821/1302/1288 822/1299/1285
f 288/1289/1275 822/1299/1285 823/1297/1283
f 821/1302/1288 287/1342/1328 820/1304/1290
f 820/1304/1290 287/1342/1328 286/1343/1329
f 820/1304/1290 286/1343/1329 819/1306/1292
f 819/1306/1292 286/1343/1329 285/1344/1330
f 819/1306/1292 285/1344/1330 818/1308/1294
f 818/1308/1294 285/1344/1330 284/1310/1296
f 802/1339/1325 268/1341/1327 801/1345/1331
f 801/1345/1331 268/1341/1327 267/1346/1332
f 801/1345/1331 267/1346/1332 800/1347/1333
f 800/1347/1333 267/1346/1332 266/1348/1334
f 800/1347/1333 266/1348/1334 265/1349/1335
f 800/1347/1333 265/1349/1335 799/1350/1336
f 799/1350/1336 265/1349/1335 264/1351/1337
f 799/1350/1336 264/1351/1337 798/1352/1338
f 798/1352/1338 264/1351/1337 263/1353/1339
f 798/1352/1338 263/1353/1339 797/1354/1340
f 797/1354/1340 263/1353/1339 262/1355/1341
f 797/1354/1340 262/1355/1341 261/1356/1342
f 797/1354/1340 261/1356/1342 796/1357/1343
f 796/1357/1343 261/1356/1342 260/1358/1344
f 796/1357/1343 260/1358/1344 259/1359/1345
f 796/1357/1343 259/1359/1345 795/1360/1346
f 795/1360/1346 259/1359/1345 258/1361/1347
f 795/1360/1346 258/1361/1347 794/1362/1348
f 794/1362/1348 258/1361/1347 257/1363/1349
f 794/1362/1348 257/1363/1349 793/1364/1350
f 793/1364/1350 257/1363/1349 792/1365/1351
f 793/1364/1350 792/1365/1351 753/1366/1352
f 753/1366/1352 792/1365/1351 752/1367/1353
f 752/1367/1353 792/1365/1351 791/1368/1354
f 752/1367/1353 791/1368/1354 751/1369/1355
f 751/1369/1355 791/1368/1354 790/1370/1356
f 751/1369/1355 790/1370/1356 750/1371/1357
f 750/1371/1357 790/1370/1356 254/1372/1358
f 254/1372/1358 790/1370/1356 255/1373/1359
f 255/1373/1359 790/1370/1356 256/1374/1360
f 256/1374/1360 790/1370/1356 791/1368/1354
f 256/1374/1360 791/1368/1354 792/1365/1351
f 257/1363/1349 256/1374/1360 792/1365/1351
f 753/1366/1352 754/1375/1361 793/1364/1350
f 793/1364/1350 754/1375/1361 755/1376/1362
f 793/1364/1350 755/1376/1362 794/1362/1348
f 794/1362/1348 755/1376/1362 756/1377/1363
f 794/1362/1348 756/1377/1363 795/1360/1346
f 795/1360/1346 756/1377/1363 757/1378/1364
f 795/1360/1346 757/1378/1364 796/1357/1343
f 796/1357/1343 757/1378/1364 758/1379/1365
f 796/1357/1343 758/1379/1365 759/1380/1366
f 796/1357/1343 759/1380/1366 797/1354/1340
f 797/1354/1340 759/1380/1366 760/1381/1367
f 797/1354/1340 760/1381/1367 798/1352/1338
f 798/1352/1338 760/1381/1367 761/1382/1368
f 798/1352/1338 761/1382/1368 762/1383/1369
f 798/1352/1338 762/1383/1369 799/1350/1336
f 799/1350/1336 762/1383/1369 763/1384/1370
f 799/1350/1336 763/1384/1370 800/1347/1333
f 800/1347/1333 763/1384/1370 764/1385/1371
f 800/1347/1333 764/1385/1371 801/1345/1331
f 801/1345/1331 764/1385/1371 765/1386/1372
f 801/1345/1331 765/1386/1372 802/1339/1325
f 802/1339/1325 765/1386/1372 766/1387/1373
f 802/1339/1325 766/1387/1373 803/1337/1323
f 803/1337/1323 766/1387/1373 767/1388/1374
f 803/1337/1323 767/1388/1374 804/1335/1321
f 804/1335/1321 767/1388/1374 768/1389/1375
f 804/1335/1321 768/1389/1375 805/1333/1319
f 805/1333/1319 768/1389/1375 769/1390/1376
f 805/1333/1319 769/1390/1376 806/1331/1317
f 806/1331/1317 769/1390/1376 770/1391/1377
f 806/1331/1317 770/1391/1377 807/1329/1315
f 807/1329/1315 770/1391/1377 771/1392/1378
f 807/1329/1315 771/1392/1378 808/1327/1313
f 808/1327/1313 771/1392/1378 772/1393/1379
f 808/1327/1313 772/1393/1379 809/1325/1311
f 809/1325/1311 772/1393/1379 773/1394/1380
f 809/1325/1311 773/1394/1380 810/1323/1309
f 810/1323/1309 773/1394/1380 774/1395/1381
f 810/1323/1309 774/1395/1381 811/1321/1307
f 811/1321/1307 774/1395/1381 775/1396/1382
f 811/1321/1307 775/1396/1382 812/1319/1305
f 812/1319/1305 775/1396/1382 776/1397/1383
f 812/1319/1305 776/1397/1383 813/1317/1303
f 813/1317/1303 776/1397/1383 777/1398/1384
f 813/1317/1303 777/1398/1384 814/1315/1301
f 814/1315/1301 777/1398/1384 778/1399/1385
f 814/1315/1301 778/1399/1385 815/1313/1299
f 815/1313/1299 778/1399/1385 779/1400/1386
f 815/1313/1299 779/1400/1386 816/1311/1297
f 816/1311/1297 779/1400/1386 780/1401/1387
f 816/1311/1297 780/1401/1387 817/1309/1295
f 817/1309/1295 780/1401/1387 781/1307/1293
f 824/1290/1276 288/1289/1275 823/1297/1283
f 514/1402/1388 513/1403/1389 729/1404/1390
f 729/1404/1390 513/1403/1389 826/1405/1391
f 513/1406/1392 516/1407/1393 826/1408/1394
f 826/1408/1394 516/1407/1393 728/1409/1395
f 826/1410/1396 728/1411/1397 729/1412/1398
f 729/1412/1398 728/1411/1397 727/1413/1399
f 510/1414/1400 509/1415/1401 726/1416/1402
f 726/1416/1402 509/1415/1401 827/1417/1403
f 509/1418/1404 512/1419/1405 827/1420/1406
f 827/1420/1406 512/1419/1405 725/1421/1407
f 725/1422/1408 724/1423/1409 827/1424/1410
f 827/1424/1410 724/1423/1409 726/1425/1411
f 506/1426/1412 505/1427/1413 723/1428/1414
f 723/1428/1414 505/1427/1413 828/1429/1415
f 505/1430/1416 508/1431/1417 828/1432/1418
f 828/1432/1418 508/1431/1417 722/1433/1419
f 828/1434/1420 722/1435/1421 723/1436/1422
f 723/1436/1422 722/1435/1421 721/1437/1423
f 502/1438/1424 501/1439/1425 720/1440/1426
f 720/1440/1426 501/1439/1425 829/1441/1427
f 501/1442/1428 504/1443/1429 829/1444/1430
f 829/1444/1430 504/1443/1429 719/1445/1431
f 719/1446/1432 718/1447/1433 829/1448/1434
f 829/1448/1434 718/1447/1433 720/1449/1435
f 498/1450/1436 497/1451/1437 717/1452/1438
f 717/1452/1438 497/1451/1437 830/1453/1439
f 497/1454/1440 500/1455/1441 830/1456/1442
f 830/1456/1442 500/1455/1441 716/1457/1443
f 830/1458/1444 716/1459/1445 717/1460/1446
f 717/1460/1446 716/1459/1445 715/1461/1447
f 494/1462/1448 493/1463/1449 714/1464/1450
f 714/1464/1450 493/1463/1449 831/1465/1451
f 493/1466/1452 496/1467/1453 831/1468/1454
f 831/1468/1454 496/1467/1453 713/1469/1455
f 713/1470/1456 712/1471/1457 831/1472/1458
f 831/1472/1458 712/1471/1457 714/1473/1459
f 490/1474/1460 489/1475/1461 711/1476/1462
f 711/1476/1462 489/1475/1461 832/1477/1463
f 489/1478/1464 492/1479/1465 832/1480/1466
f 832/1480/1466 492/1479/1465 710/1481/1467
f 832/1482/1468 710/1483/1469 711/1484/1470
f 711/1484/1470 710/1483/1469 709/1485/1471
f 486/1486/1472 485/1487/1473 708/1488/1474
f 708/1488/1474 485/1487/1473 833/1489/1475
f 485/1490/1476 488/1491/1477 833/1492/1478
f 833/1492/1478 488/1491/1477 707/1493/1479
f 833/1494/1480 707/1495/1481 708/1496/1482
f 708/1496/1482 707/1495/1481 706/1497/1483
f 670/1498/1484 671/1499/1485 519/1500/1486
f 519/1500/1486 671/1499/1485 520/1501/1487
f 670/1502/1488 669/1503/1489 671/1504/1490
f 671/1504/1490 669/1503/1489 672/1505/1491
f 482/1506/1492 481/1507/1493 705/1508/1494
f 705/1508/1494 481/1507/1493 834/1509/1495
f 481/1510/1496 484/1511/1497 834/1512/1498
f 834/1512/1498 484/1511/1497 704/1513/1499
f 704/1514/1500 703/1515/1501 834/1516/1502
f 834/1516/1502 703/1515/1501 705/1517/1503
f 478/1518/1504 477/1519/1505 702/1520/1506
f 702/1520/1506 477/1519/1505 835/1521/1507
f 477/1522/1508 480/1523/1509 835/1524/1510
f 835/1524/1510 480/1523/1509 701/1525/1511
f 701/1526/1512 700/1527/1513 835/1528/1514
f 835/1528/1514 700/1527/1513 702/1529/1515
f 474/1530/1516 473/1531/1517 699/1532/1518
f 699/1532/1518 473/1531/1517 836/1533/1519
f 473/1534/1520 476/1535/1521 836/1536/1522
f 836/1536/1522 476/1535/1521 698/1537/1523
f 836/1538/1524 698/1539/1525 699/1540/1526
f 699/1540/1526 698/1539/1525 697/1541/1527
f 470/1542/1528 469/1543/1529 696/1544/1530
f 696/1544/1530 469/1543/1529 837/1545/1531
f 469/1546/1532 472/1547/1533 837/1548/1534
f 837/1548/1534 472/1547/1533 695/1549/1535
f 695/1550/1536 694/1551/1537 837/1552/1538
f 837/1552/1538 694/1551/1537 696/1553/1539
f 466/1554/1540 465/1555/1541 693/1556/1542
f 693/1556/1542 465/1555/1541 838/1557/1543
f 465/1558/1544 468/1559/1545 838/1560/1546
f 838/1560/1546 468/1559/1545 692/1561/1547
f 692/1562/1548 691/1563/1549 838/1564/1550
f 838/1564/1550 691/1563/1549 693/1565/1551
f 462/1566/1552 461/1567/1553 690/1568/1554
f 690/1568/1554 461/1567/1553 839/1569/1555
f 461/1570/1556 464/1571/1557 839/1572/1558
f 839/1572/1558 464/1571/1557 689/1573/1559
f 839/1574/1560 689/1575/1561 690/1576/1562
f 690/1576/1562 689/1575/1561 688/1577/1563
f 458/1578/1564 457/1579/1565 687/1580/1566
f 687/1580/1566 457/1579/1565 840/1581/1567
f 457/1582/1568 460/1583/1569 840/1584/1570
f 840/1584/1570 460/1583/1569 686/1585/1571
f 840/1586/1572 686/1587/1573 687/1588/1574
f 687/1588/1574 686/1587/1573 685/1589/1575
f 454/1590/1576 453/1591/1577 684/1592/1578
f 684/1592/1578 453/1591/1577 841/1593/1579
f 453/1594/1580 456/1595/1581 841/1596/1582
f 841/1596/1582 456/1595/1581 683/1597/1583
f 841/1598/1584 683/1599/1585 684/1600/1586
f 684/1600/1586 683/1599/1585 682/1601/1587
f 450/1602/1588 449/1603/1589 681/1604/1590
f 681/1604/1590 449/1603/1589 842/1605/1591
f 449/1606/1592 452/1607/1593 842/1608/1594
f 842/1608/1594 452/1607/1593 680/1609/1595
f 842/1610/1596 680/1611/1597 681/1612/1598
f 681/1612/1598 680/1611/1597 679/1613/1599
f 446/1614/1600 445/1615/1601 678/1616/1602
f 678/1616/1602 445/1615/1601 843/1617/1603
f 445/1618/1604 448/1619/1605 843/1620/1606
f 843/1620/1606 448/1619/1605 677/1621/1607
f 677/1622/1608 676/1623/1609 843/1624/1610
f 843/1624/1610 676/1623/1609 678/1625/1611
f 442/1626/1612 441/1627/1613 675/1628/1614
f 675/1628/1614 441/1627/1613 844/1629/1615
f 441/1630/1616 444/1631/1617 844/1632/1618
f 844/1632/1618 444/1631/1617 674/1633/1619
f 674/1634/1620 673/1635/1621 844/1636/1622
f 844/1636/1622 673/1635/1621 675/1637/1623
f 749/1638/1624 789/1639/1625 748/1640/1626
f 748/1640/1626 789/1639/1625 750/1641/1627
f 748/1640/1626 750/1641/1627 845/1642/1628
f 789/1639/1625 788/1643/1629 750/1641/1627
f 750/1641/1627 788/1643/1629 751/1644/1630
f 751/1644/1630 788/1643/1629 787/1645/1631
f 751/1644/1630 787/1645/1631 752/1646/1632
f 752/1646/1632 787/1645/1631 786/1647/1633
f 752/1646/1632 786/1647/1633 753/1648/1634
f 753/1648/1634 786/1647/1633 785/1649/1635
f 753/1648/1634 785/1649/1635 754/1650/1636
f 754/1650/1636 785/1649/1635 784/1651/1637
f 754/1650/1636 784/1651/1637 755/1652/1638
f 755/1652/1638 784/1651/1637 783/1653/1639
f 755/1652/1638 783/1653/1639 756/1654/1640
f 756/1654/1640 783/1653/1639 782/1655/1641
f 756/1654/1640 782/1655/1641 757/1656/1642
f 757/1656/1642 782/1655/1641 781/1657/1643
f 757/1656/1642 781/1657/1643 758/1658/1644
f 758/1658/1644 781/1657/1643 780/1659/1645
f 758/1658/1644 780/1659/1645 759/1660/1646
f 759/1660/1646 780/1659/1645 779/1661/1647
f 759/1660/1646 779/1661/1647 760/1662/1648
f 760/1662/1648 779/1661/1647 778/1663/1649
f 760/1662/1648 778/1663/1649 761/1664/1650
f 761/1664/1650 778/1663/1649 777/1665/1651
f 761/1664/1650 777/1665/1651 762/1666/1652
f 762/1666/1652 777/1665/1651 776/1667/1653
f 762/1666/1652 776/1667/1653 775/1668/1654
f 762/1666/1652 775/1668/1654 763/1669/1655
f 763/1669/1655 775/1668/1654 774/1670/1656
f 763/1669/1655 774/1670/1656 773/1671/1657
f 763/1669/1655 773/1671/1657 764/1672/1658
f 764/1672/1658 773/1671/1657 772/1673/1659
f 764/1672/1658 772/1673/1659 771/1674/1660
f 771/1674/1660 770/1675/1661 764/1672/1658
f 764/1672/1658 770/1675/1661 769/1676/1662
f 764/1672/1658 769/1676/1662 768/1677/1663
f 768/1677/1663 767/1678/1664 764/1672/1658
f 764/1672/1658 767/1678/1664 766/1679/1665
f 764/1672/1658 766/1679/1665 765/1680/1666
f 845/1642/1628 741/1681/1667 748/1640/1626
f 748/1640/1626 741/1681/1667 742/1682/1668
f 742/1682/1668 741/1681/1667 743/1683/1669
f 743/1683/1669 741/1681/1667 744/1684/1670
f 744/1684/1670 741/1681/1667 740/1685/1671
f 744/1684/1670 740/1685/1671 745/1686/1672
f 745/1686/1672 740/1685/1671 746/1687/1673
f 746/1687/1673 740/1685/1671 747/1688/1674
f 854/1689/1675 371/1690/1676 855/1691/1677
f 855/1691/1677 371/1690/1676 370/1692/1678
f 855/1691/1677 370/1692/1678 856/1693/1679
f 856/1693/1679 370/1692/1678 369/1694/1680
f 856/1693/1679 369/1694/1680 857/1695/1681
f 857/1695/1681 369/1694/1680 368/1696/1682
f 857/1695/1681 368/1696/1682 858/1697/1683
f 858/1697/1683 368/1696/1682 367/1698/1684
f 858/1697/1683 367/1698/1684 859/1699/1685
f 859/1699/1685 367/1698/1684 366/1700/1686
f 859/1699/1685 366/1700/1686 860/1701/1687
f 860/1701/1687 366/1700/1686 365/1702/1688
f 860/1701/1687 365/1702/1688 861/1703/1689
f 861/1703/1689 365/1702/1688 364/1704/1690
f 861/1703/1689 364/1704/1690 363/1705/1691
f 363/1705/1691 846/1706/1692 861/1703/1689
f 861/1703/1689 846/1706/1692 847/1707/1693
f 861/1703/1689 847/1707/1693 860/1701/1687
f 860/1701/1687 847/1707/1693 848/1708/1694
f 860/1701/1687 848/1708/1694 859/1699/1685
f 859/1699/1685 848/1708/1694 849/1709/1695
f 859/1699/1685 849/1709/1695 858/1697/1683
f 858/1697/1683 849/1709/1695 850/1710/1696
f 858/1697/1683 850/1710/1696 857/1695/1681
f 857/1695/1681 850/1710/1696 851/1711/1697
f 857/1695/1681 851/1711/1697 856/1693/1679
f 856/1693/1679 851/1711/1697 852/1712/1698
f 856/1693/1679 852/1712/1698 855/1691/1677
f 855/1691/1677 852/1712/1698 853/1713/1699
f 855/1691/1677 853/1713/1699 854/1689/1675
f 853/1714/1700 847/1715/1701 854/1716/1702
f 854/1716/1702 847/1715/1701 846/1717/1703
f 854/1716/1702 846/1717/1703 862/1718/1704
f 847/1715/1701 853/1714/1700 848/1719/1705
f 848/1719/1705 853/1714/1700 852/1720/1706
f 848/1719/1705 852/1720/1706 849/1721/1707
f 849/1721/1707 852/1720/1706 851/1722/1708
f 849/1721/1707 851/1722/1708 850/1723/1709
f 854/1716/1702 862/1718/1704 988/1724/1710
f 988/1724/1710 862/1718/1704 863/1725/1711
f 988/1724/1710 863/1725/1711 987/1726/1712
f 987/1726/1712 863/1725/1711 864/1727/1713
f 987/1726/1712 864/1727/1713 986/1728/1714
f 986/1728/1714 864/1727/1713 865/1729/1715
f 986/1728/1714 865/1729/1715 985/1730/1716
f 985/1730/1716 865/1729/1715 866/1731/1717
f 985/1730/1716 866/1731/1717 984/1732/1718
f 984/1732/1718 866/1731/1717 867/1733/1719
f 984/1732/1718 867/1733/1719 983/1734/1720
f 983/1734/1720 867/1733/1719 868/1735/1721
f 983/1734/1720 868/1735/1721 982/1736/1722
f 982/1736/1722 868/1735/1721 869/1737/1723
f 982/1736/1722 869/1737/1723 981/1738/1724
f 981/1738/1724 869/1737/1723 870/1739/1725
f 981/1738/1724 870/1739/1725 980/1740/1726
f 980/1740/1726 870/1739/1725 871/1741/1727
f 980/1740/1726 871/1741/1727 979/1742/1728
f 979/1742/1728 871/1741/1727 872/1743/1729
f 979/1742/1728 872/1743/1729 978/1744/1730
f 978/1744/1730 872/1743/1729 917/1745/1731
f 978/1744/1730 917/1745/1731 918/1746/1732
f 872/1743/1729 873/1747/1733 917/1745/1731
f 917/1745/1731 873/1747/1733 874/1748/1734
f 917/1745/1731 874/1748/1734 875/1749/1735
f 875/1749/1735 876/1750/1736 917/1745/1731
f 917/1745/1731 876/1750/1736 877/1751/1737
f 917/1745/1731 877/1751/1737 878/1752/1738
f 878/1752/1738 879/1753/1739 917/1745/1731
f 917/1745/1731 879/1753/1739 880/1754/1740
f 917/1745/1731 880/1754/1740 881/1755/1741
f 881/1755/1741 882/1756/1742 917/1745/1731
f 917/1745/1731 882/1756/1742 883/1757/1743
f 917/1745/1731 883/1757/1743 884/1758/1744
f 884/1758/1744 885/1759/1745 917/1745/1731
f 917/1745/1731 885/1759/1745 886/1760/1746
f 917/1745/1731 886/1760/1746 887/1761/1747
f 887/1761/1747 888/1762/1748 917/1745/1731
f 917/1745/1731 888/1762/1748 889/1763/1749
f 917/1745/1731 889/1763/1749 890/1764/1750
f 890/1764/1750 891/1765/1751 917/1745/1731
f 917/1745/1731 891/1765/1751 892/1766/1752
f 917/1745/1731 892/1766/1752 893/1767/1753
f 917/1745/1731 893/1767/1753 916/1768/1754
f 916/1768/1754 893/1767/1753 894/1769/1755
f 916/1768/1754 894/1769/1755 895/1770/1756
f 895/1770/1756 896/1771/1757 916/1768/1754
f 916/1768/1754 896/1771/1757 897/1772/1758
f 916/1768/1754 897/1772/1758 898/1773/1759
f 898/1773/1759 899/1774/1760 916/1768/1754
f 916/1768/1754 899/1774/1760 900/1775/1761
f 916/1768/1754 900/1775/1761 901/1776/1762
f 901/1776/1762 902/1777/1763 916/1768/1754
f 916/1768/1754 902/1777/1763 903/1778/1764
f 916/1768/1754 903/1778/1764 904/1779/1765
f 904/1779/1765 905/1780/1766 916/1768/1754
f 916/1768/1754 905/1780/1766 906/1781/1767
f 916/1768/1754 906/1781/1767 907/1782/1768
f 907/1782/1768 908/1783/1769 916/1768/1754
f 916/1768/1754 908/1783/1769 909/1784/1770
f 916/1768/1754 909/1784/1770 910/1785/1771
f 916/1768/1754 910/1785/1771 739/1786/1772
f 739/1786/1772 910/1785/1771 911/1787/1773
f 739/1786/1772 911/1787/1773 912/1788/1774
f 912/1788/1774 913/1789/1775 739/1786/1772
f 739/1786/1772 913/1789/1775 914/1790/1776
f 739/1786/1772 914/1790/1776 730/1791/1777
f 730/1791/1777 914/1790/1776 915/1792/1778
f 730/1791/1777 915/1792/1778 731/1793/1779
f 731/1793/1779 915/1792/1778 738/1794/1780
f 731/1793/1779 738/1794/1780 732/1795/1781
f 732/1795/1781 738/1794/1780 733/1796/1782
f 733/1796/1782 738/1794/1780 734/1797/1783
f 734/1797/1783 738/1794/1780 735/1798/1784
f 735/1798/1784 738/1794/1780 736/1799/1785
f 736/1799/1785 738/1794/1780 737/1800/1786
f 919/1801/1787 957/1802/1788 918/1746/1732
f 918/1746/1732 957/1802/1788 958/1803/1789
f 918/1746/1732 958/1803/1789 959/1804/1790
f 920/1805/1791 939/1806/1792 919/1801/1787
f 919/1801/1787 939/1806/1792 940/1807/1793
f 919/1801/1787 940/1807/1793 941/1808/1794
f 921/1809/1795 932/1810/1796 920/1805/1791
f 920/1805/1791 932/1810/1796 933/1811/1797
f 920/1805/1791 933/1811/1797 934/1812/1798
f 922/1813/1799 930/1814/1800 921/1809/1795
f 921/1809/1795 930/1814/1800 931/1815/1801
f 921/1809/1795 931/1815/1801 932/1810/1796
f 922/1813/1799 923/1816/1802 930/1814/1800
f 930/1814/1800 923/1816/1802 924/1817/1803
f 930/1814/1800 924/1817/1803 925/1818/1804
f 930/1814/1800 925/1818/1804 929/1819/1805
f 929/1819/1805 925/1818/1804 926/1820/1806
f 929/1819/1805 926/1820/1806 928/1821/1807
f 928/1821/1807 926/1820/1806 927/1822/1808
f 934/1812/1798 935/1823/1809 920/1805/1791
f 920/1805/1791 935/1823/1809 936/1824/1810
f 920/1805/1791 936/1824/1810 937/1825/1811
f 937/1825/1811 938/1826/1812 920/1805/1791
f 920/1805/1791 938/1826/1812 939/1806/1792
f 941/1808/1794 942/1827/1813 919/1801/1787
f 919/1801/1787 942/1827/1813 943/1828/1814
f 919/1801/1787 943/1828/1814 944/1829/1815
f 944/1829/1815 945/1830/1816 919/1801/1787
f 919/1801/1787 945/1830/1816 946/1831/1817
f 919/1801/1787 946/1831/1817 947/1832/1818
f 947/1832/1818 948/1833/1819 919/1801/1787
f 919/1801/1787 948/1833/1819 949/1834/1820
f 919/1801/1787 949/1834/1820 950/1835/1821
f 950/1835/1821 951/1836/1822 919/1801/1787
f 919/1801/1787 951/1836/1822 952/1837/1823
f 919/1801/1787 952/1837/1823 953/1838/1824
f 953/1838/1824 954/1839/1825 919/1801/1787
f 919/1801/1787 954/1839/1825 955/1840/1826
f 919/1801/1787 955/1840/1826 956/1841/1827
f 956/1841/1827 957/1802/1788 919/1801/1787
f 959/1804/1790 960/1842/1828 918/1746/1732
f 918/1746/1732 960/1842/1828 961/1843/1829
f 918/1746/1732 961/1843/1829 962/1844/1830
f 962/1844/1830 963/1845/1831 918/1746/1732
f 918/1746/1732 963/1845/1831 964/1846/1832
f 918/1746/1732 964/1846/1832 965/1847/1833
f 965/1847/1833 966/1848/1834 918/1746/1732
f 918/1746/1732 966/1848/1834 967/1849/1835
f 918/1746/1732 967/1849/1835 968/1850/1836
f 968/1850/1836 969/1851/1837 918/1746/1732
f 918/1746/1732 969/1851/1837 970/1852/1838
f 918/1746/1732 970/1852/1838 971/1853/1839
f 971/1853/1839 972/1854/1840 918/1746/1732
f 918/1746/1732 972/1854/1840 973/1855/1841
f 918/1746/1732 973/1855/1841 974/1856/1842
f 974/1856/1842 975/1857/1843 918/1746/1732
f 918/1746/1732 975/1857/1843 976/1858/1844
f 918/1746/1732 976/1858/1844 977/1859/1845
f 977/1859/1845 978/1744/1730 918/1746/1732
f 846/1860/1692 363/1861/1691 862/1862/1846
f 862/1862/1846 363/1861/1691 362/1863/1847
f 862/1862/1846 362/1863/1847 863/1864/1848
f 863/1864/1848 362/1863/1847 361/1865/1849
f 863/1864/1848 361/1865/1849 864/1866/1850
f 864/1866/1850 361/1865/1849 360/1867/1851
f 864/1866/1850 360/1867/1851 865/1868/1852
f 865/1868/1852 360/1867/1851 359/1869/1853
f 865/1868/1852 359/1869/1853 866/1870/1854
f 866/1870/1854 359/1869/1853 358/1871/1855
f 866/1870/1854 358/1871/1855 867/1872/1856
f 867/1872/1856 358/1871/1855 357/1873/1857
f 867/1872/1856 357/1873/1857 868/1874/1858
f 868/1874/1858 357/1873/1857 356/1875/1859
f 868/1874/1858 356/1875/1859 869/1876/1860
f 869/1876/1860 356/1875/1859 355/1877/1861
f 869/1876/1860 355/1877/1861 870/1878/1862
f 870/1878/1862 355/1877/1861 354/1879/1863
f 870/1878/1862 354/1879/1863 871/1880/1864
f 871/1880/1864 354/1879/1863 353/1881/1865
f 871/1880/1864 353/1881/1865 872/1882/1866
f 872/1882/1866 353/1881/1865 352/1883/1867
f 872/1882/1866 352/1883/1867 873/1884/1868
f 873/1884/1868 352/1883/1867 351/1885/1869
f 873/1884/1868 351/1885/1869 874/1886/1870
f 874/1886/1870 351/1885/1869 350/1887/1871
f 874/1886/1870 350/1887/1871 875/1888/1872
f 875/1888/1872 350/1887/1871 349/1889/1873
f 875/1888/1872 349/1889/1873 876/1890/1874
f 876/1890/1874 349/1889/1873 348/1891/1875
f 876/1890/1874 348/1891/1875 877/1892/1876
f 877/1892/1876 348/1891/1875 347/1893/1877
f 877/1892/1876 347/1893/1877 878/1894/1878
f 878/1894/1878 347/1893/1877 346/1895/1879
f 878/1894/1878 346/1895/1879 879/1896/1880
f 879/1896/1880 346/1895/1879 345/1897/1881
f 879/1896/1880 345/1897/1881 880/1898/1882
f 880/1898/1882 345/1897/1881 344/1899/1883
f 880/1898/1882 344/1899/1883 881/1900/1884
f 881/1900/1884 344/1899/1883 343/1901/1885
f 881/1900/1884 343/1901/1885 882/1902/1886
f 882/1902/1886 343/1901/1885 342/1903/1887
f 882/1902/1886 342/1903/1887 883/1904/1888
f 883/1904/1888 342/1903/1887 341/1905/1889
f 883/1904/1888 341/1905/1889 884/1906/1890
f 884/1906/1890 341/1905/1889 340/1907/1891
f 884/1906/1890 340/1907/1891 885/1908/1892
f 885/1908/1892 340/1907/1891 339/1909/1893
f 885/1908/1892 339/1909/1893 886/1910/1894
f 886/1910/1894 339/1909/1893 338/1911/1895
f 886/1910/1894 338/1911/1895 887/1912/1896
f 887/1912/1896 338/1911/1895 337/1913/1897
f 887/1912/1896 337/1913/1897 888/1914/1898
f 888/1914/1898 337/1913/1897 336/1915/1899
f 888/1914/1898 336/1915/1899 889/1916/1900
f 889/1916/1900 336/1915/1899 335/1917/1901
f 889/1916/1900 335/1917/1901 890/1918/1902
f 890/1918/1902 335/1917/1901 334/1919/1903
f 890/1918/1902 334/1919/1903 891/1920/1904
f 891/1920/1904 334/1919/1903 333/1921/1905
f 891/1920/1904 333/1921/1905 892/1922/1906
f 892/1922/1906 333/1921/1905 332/1923/1907
f 892/1922/1906 332/1923/1907 893/1924/1908
f 893/1924/1908 332/1923/1907 331/1925/1909
f 893/1924/1908 331/1925/1909 894/1926/1910
f 894/1926/1910 331/1925/1909 330/1927/1911
f 894/1926/1910 330/1927/1911 895/1928/1912
f 895/1928/1912 330/1927/1911 329/1929/1913
f 895/1928/1912 329/1929/1913 896/1930/1914
f 896/1930/1914 329/1929/1913 328/1931/1915
f 896/1930/1914 328/1931/1915 897/1932/1916
f 897/1932/1916 328/1931/1915 327/1933/1917
f 897/1932/1916 327/1933/1917 898/1934/1918
f 898/1934/1918 327/1933/1917 326/1935/1919
f 898/1934/1918 326/1935/1919 899/1936/1920
f 899/1936/1920 326/1935/1919 325/1937/1921
f 899/1936/1920 325/1937/1921 900/1938/1922
f 900/1938/1922 325/1937/1921 324/1939/1923
f 900/1938/1922 324/1939/1923 901/1940/1924
f 901/1940/1924 324/1939/1923 323/1941/1925
f 901/1940/1924 323/1941/1925 902/1942/1926
f 902/1942/1926 323/1941/1925 322/1943/1927
f 902/1942/1926 322/1943/1927 903/1944/1928
f 903/1944/1928 322/1943/1927 321/1945/1929
f 903/1944/1928 321/1945/1929 904/1946/1930
f 904/1946/1930 321/1945/1929 320/1947/1931
f 904/1946/1930 320/1947/1931 905/1948/1932
f 905/1948/1932 320/1947/1931 319/1949/1933
f 905/1948/1932 319/1949/1933 906/1950/1934
f 906/1950/1934 319/1949/1933 318/1951/1935
f 906/1950/1934 318/1951/1935 907/1952/1936
f 907/1952/1936 318/1951/1935 317/1953/1937
f 907/1952/1936 317/1953/1937 908/1954/1938
f 908/1954/1938 317/1953/1937 316/1955/1939
f 908/1954/1938 316/1955/1939 909/1956/1940
f 909/1956/1940 316/1955/1939 315/1957/1941
f 909/1956/1940 315/1957/1941 910/1958/1942
f 910/1958/1942 315/1957/1941 314/1959/1943
f 910/1958/1942 314/1959/1943 911/1960/1944
f 911/1960/1944 314/1959/1943 313/1961/1945
f 911/1960/1944 313/1961/1945 912/1962/1946
f 912/1962/1946 313/1961/1945 312/1963/1947
f 912/1962/1946 312/1963/1947 913/1964/1948
f 913/1964/1948 312/1963/1947 311/1965/1949
f 913/1964/1948 311/1965/1949 914/1966/1950
f 914/1966/1950 311/1965/1949 310/1967/1951
f 914/1966/1950 310/1967/1951 915/1968/1952
f 915/1968/1952 310/1967/1951 309/1969/1953
f 915/1968/1952 309/1969/1953 738/1970/1233
f 738/1970/1233 309/1969/1953 308/1971/1234
f 921/1972/1954 439/1973/1955 989/1974/1956
f 989/1974/1956 439/1973/1955 438/1975/1957
f 989/1974/1956 438/1975/1957 990/1976/1958
f 990/1976/1958 438/1975/1957 437/1977/1959
f 990/1976/1958 437/1977/1959 991/1978/1960
f 991/1978/1960 437/1977/1959 436/1979/1961
f 991/1978/1960 436/1979/1961 992/1980/1962
f 992/1980/1962 436/1979/1961 435/1981/1963
f 992/1980/1962 435/1981/1963 993/1982/1964
f 993/1982/1964 435/1981/1963 434/1983/1965
f 993/1982/1964 434/1983/1965 994/1984/1966
f 994/1984/1966 434/1983/1965 433/1985/1967
f 994/1984/1966 433/1985/1967 995/1986/1968
f 995/1986/1968 433/1985/1967 432/1987/1969
f 995/1986/1968 432/1987/1969 996/1988/1970
f 996/1988/1970 432/1987/1969 431/1989/1971
f 996/1988/1970 431/1989/1971 430/1990/1972
f 430/1990/1972 930/1991/1973 996/1988/1970
f 996/1988/1970 930/1991/1973 929/1992/1974
f 996/1988/1970 929/1992/1974 995/1986/1968
f 995/1986/1968 929/1992/1974 928/1993/1975
f 995/1986/1968 928/1993/1975 994/1984/1966
f 994/1984/1966 928/1993/1975 927/1994/1976
f 994/1984/1966 927/1994/1976 993/1982/1964
f 993/1982/1964 927/1994/1976 926/1995/1977
f 993/1982/1964 926/1995/1977 992/1980/1962
f 992/1980/1962 926/1995/1977 925/1996/1978
f 992/1980/1962 925/1996/1978 991/1978/1960
f 991/1978/1960 925/1996/1978 924/1997/1979
f 991/1978/1960 924/1997/1979 990/1976/1958
f 990/1976/1958 924/1997/1979 923/1998/1980
f 990/1976/1958 923/1998/1980 989/1974/1956
f 989/1974/1956 923/1998/1980 922/1999/1981
f 989/1974/1956 922/1999/1981 921/1972/1954
f 930/2000/1973 430/2001/1972 931/2002/1982
f 931/2002/1982 430/2001/1972 429/2003/1983
f 931/2002/1982 429/2003/1983 932/2004/1984
f 932/2004/1984 429/2003/1983 428/2005/1985
f 932/2004/1984 428/2005/1985 933/2006/1986
f 933/2006/1986 428/2005/1985 427/2007/1987
f 933/2006/1986 427/2007/1987 934/2008/1988
f 934/2008/1988 427/2007/1987 426/2009/1989
f 934/2008/1988 426/2009/1989 935/2010/1990
f 935/2010/1990 426/2009/1989 425/2011/1991
f 935/2010/1990 425/2011/1991 936/2012/1992
f 936/2012/1992 425/2011/1991 424/2013/1993
f 936/2012/1992 424/2013/1993 937/2014/1994
f 937/2014/1994 424/2013/1993 423/2015/1995
f 937/2014/1994 423/2015/1995 938/2016/1996
f 938/2016/1996 423/2015/1995 422/2017/1997
f 938/2016/1996 422/2017/1997 939/2018/1998
f 939/2018/1998 422/2017/1997 421/2019/1999
f 939/2018/1998 421/2019/1999 940/2020/2000
f 940/2020/2000 421/2019/1999 420/2021/2001
f 940/2020/2000 420/2021/2001 941/2022/2002
f 941/2022/2002 420/2021/2001 419/2023/2003
f 941/2022/2002 419/2023/2003 942/2024/2004
f 942/2024/2004 419/2023/2003 418/2025/2005
f 942/2024/2004 418/2025/2005 943/2026/2006
f 943/2026/2006 418/2025/2005 417/2027/2007
f 943/2026/2006 417/2027/2007 944/2028/2008
f 944/2028/2008 417/2027/2007 416/2029/2009
f 944/2028/2008 416/2029/2009 945/2030/2010
f 945/2030/2010 416/2029/2009 415/2031/2011
f 945/2030/2010 415/2031/2011 946/2032/2012
f 946/2032/2012 415/2031/2011 414/2033/2013
f 946/2032/2012 414/2033/2013 947/2034/2014
f 947/2034/2014 414/2033/2013 413/2035/2015
f 947/2034/2014 413/2035/2015 948/2036/2016
f 948/2036/2016 413/2035/2015 412/2037/2017
f 948/2036/2016 412/2037/2017 949/2038/2018
f 949/2038/2018 412/2037/2017 411/2039/2019
f 949/2038/2018 411/2039/2019 950/2040/2020
f 950/2040/2020 411/2039/2019 410/2041/2021
f 950/2040/2020 410/2041/2021 951/2042/2022
f 951/2042/2022 410/2041/2021 409/2043/2023
f 951/2042/2022 409/2043/2023 952/2044/2024
f 952/2044/2024 409/2043/2023 408/2045/2025
f 952/2044/2024 408/2045/2025 953/2046/2026
f 953/2046/2026 408/2045/2025 407/2047/2027
f 953/2046/2026 407/2047/2027 954/2048/2028
f 954/2048/2028 407/2047/2027 406/2049/2029
f 954/2048/2028 406/2049/2029 955/2050/2030
f 955/2050/2030 406/2049/2029 405/2051/2031
f 955/2050/2030 405/2051/2031 956/2052/2032
f 956/2052/2032 405/2051/2031 404/2053/2033
f 956/2052/2032 404/2053/2033 957/2054/2034
f 957/2054/2034 404/2053/2033 403/2055/2035
f 957/2054/2034 403/2055/2035 958/2056/2036
f 958/2056/2036 403/2055/2035 402/2057/2037
f 958/2056/2036 402/2057/2037 959/2058/2038
f 959/2058/2038 402/2057/2037 401/2059/2039
f 959/2058/2038 401/2059/2039 960/2060/2040
f 960/2060/2040 401/2059/2039 400/2061/2041
f 960/2060/2040 400/2061/2041 961/2062/2042
f 961/2062/2042 400/2061/2041 399/2063/2043
f 961/2062/2042 399/2063/2043 962/2064/2044
f 962/2064/2044 399/2063/2043 398/2065/2045
f 962/2064/2044 398/2065/2045 963/2066/2046
f 963/2066/2046 398/2065/2045 397/2067/2047
f 963/2066/2046 397/2067/2047 964/2068/2048
f 964/2068/2048 397/2067/2047 396/2069/2049
f 964/2068/2048 396/2069/2049 965/2070/2050
f 965/2070/2050 396/2069/2049 395/2071/2051
f 965/2070/2050 395/2071/2051 966/2072/2052
f 966/2072/2052 395/2071/2051 394/2073/2053
f 966/2072/2052 394/2073/2053 967/2074/2054
f 967/2074/2054 394/2073/2053 393/2075/2055
f 967/2074/2054 393/2075/2055 968/2076/2056
f 968/2076/2056 393/2075/2055 392/2077/2057
f 968/2076/2056 392/2077/2057 969/2078/2058
f 969/2078/2058 392/2077/2057 391/2079/2059
f 969/2078/2058 391/2079/2059 970/2080/2060
f 970/2080/2060 391/2079/2059 390/2081/2061
f 970/2080/2060 390/2081/2061 971/2082/2062
f 971/2082/2062 390/2081/2061 389/2083/2063
f 971/2082/2062 389/2083/2063 972/2084/2064
f 972/2084/2064 389/2083/2063 388/2085/2065
f 972/2084/2064 388/2085/2065 973/2086/2066
f 973/2086/2066 388/2085/2065 387/2087/2067
f 973/2086/2066 387/2087/2067 974/2088/2068
f 974/2088/2068 387/2087/2067 386/2089/2069
f 974/2088/2068 386/2089/2069 975/2090/2070
f 975/2090/2070 386/2089/2069 385/2091/2071
f 975/2090/2070 385/2091/2071 976/2092/2072
f 976/2092/2072 385/2091/2071 384/2093/2073
f 976/2092/2072 384/2093/2073 977/2094/2074
f 977/2094/2074 384/2093/2073 383/2095/2075
f 977/2094/2074 383/2095/2075 978/2096/2076
f 978/2096/2076 383/2095/2075 382/2097/2077
f 978/2096/2076 382/2097/2077 979/2098/2078
f 979/2098/2078 382/2097/2077 381/2099/2079
f 979/2098/2078 381/2099/2079 980/2100/2080
f 980/2100/2080 381/2099/2079 380/2101/2081
f 980/2100/2080 380/2101/2081 981/2102/2082
f 981/2102/2082 380/2101/2081 379/2103/2083
f 981/2102/2082 379/2103/2083 982/2104/2084
f 982/2104/2084 379/2103/2083 378/2105/2085
f 982/2104/2084 378/2105/2085 983/2106/2086
f 983/2106/2086 378/2105/2085 377/2107/2087
f 983/2106/2086 377/2107/2087 984/2108/2088
f 984/2108/2088 377/2107/2087 376/2109/2089
f 984/2108/2088 376/2109/2089 985/2110/2090
f 985/2110/2090 376/2109/2089 375/2111/2091
f 985/2110/2090 375/2111/2091 986/2112/2092
f 986/2112/2092 375/2111/2091 374/2113/2093
f 986/2112/2092 374/2113/2093 987/2114/2094
f 987/2114/2094 374/2113/2093 373/2115/2095
f 987/2114/2094 373/2115/2095 988/2116/2096
f 988/2116/2096 373/2115/2095 372/2117/2097
f 988/2116/2096 372/2117/2097 854/2118/1675
f 854/2118/1675 372/2117/2097 371/2119/1676
f 254/2120/2098 253/2121/2099 750/2122/2100
f 750/2122/2100 253/2121/2099 845/2123/2101
f 997/2124/2102 998/2125/2103 1000/2126/2104
f 1000/2126/2104 998/2125/2103 999/2127/2105
f 440/2128/2106 439/2129/1955 920/2130/2107
f 920/2130/2107 439/2129/1955 921/2131/1954
f 739/2132/2108 299/2133/2109 916/2134/2110
f 916/2134/2110 299/2133/2109 999/2135/2111
f 999/2135/2111 299/2133/2109 298/2136/2112
f 999/2135/2111 298/2136/2112 253/2137/2113
f 253/2137/2113 298/2136/2112 845/2138/2114
f 845/2138/2114 298/2136/2112 741/2139/2115
f 999/2135/2111 253/2137/2113 1000/2140/2116
f 1000/2140/2116 253/2137/2113 440/2141/2117
f 1000/2140/2116 440/2141/2117 919/2142/2118
f 919/2142/2118 440/2141/2117 920/2143/2119
f 917/2144/2120 916/2145/2121 998/2146/2122
f 998/2146/2122 916/2145/2121 999/2147/2123
f 919/2148/2124 918/2149/2125 1000/2150/2126
f 1000/2150/2126 918/2149/2125 997/2151/2127
f 918/2152/2128 917/2153/2129 997/2154/2130
f 997/2154/2130 917/2153/2129 998/2155/2131
# 1000 vertices
# 2155 texture params
# 2131 normals
# 1996 facets

# 1 groups
