                                                                        S      1
,,22Hcoil_winder(Neurotech),22Hcoil_winder(Neurotech),7Hunknown,7HunknowG      1
n,32,38,7,99,15,,1.,2,2HMM,1,0.08,15H20260205.112807,0.01,10000.,7HunknoG      2
wn,7Hunknown,11,0,15H20260205.160423;                                   G      3
     186       1                                                00000000D      1
     186           -1411       1       0                               0D      2
     514       2                                                00010000D      3
     514                      12       1                               0D      4
     510      14                                                00010000D      5
     510           -1411       1       1                               0D      6
     510      15                                                00010000D      7
     510           -1411       1       1                               0D      8
     510      16                                                00010000D      9
     510           -1411       2       1                               0D     10
     510      18                                                00010000D     11
     510           -1411       1       1                               0D     12
     510      19                                                00010000D     13
     510           -1411       1       1                               0D     14
     510      20                                                00010000D     15
     510           -1411       1       1                               0D     16
     510      21                                                00010000D     17
     510           -1411       1       1                               0D     18
     510      22                                                00010000D     19
     510           -1411       1       1                               0D     20
     510      23                                                00010000D     21
     510           -1411       1       1                               0D     22
     510      24                                                00010000D     23
     510           -1411       1       1                               0D     24
     510      25                                                00010000D     25
     510           -1411       1       1                               0D     26
     510      26                                                00010000D     27
     510           -1411       1       1                               0D     28
     510      27                                                00010000D     29
     510           -1411       1       1                               0D     30
     510      28                                                00010000D     31
     510           -1411       1       1                               0D     32
     510      29                                                00010000D     33
     510           -1411       1       1                               0D     34
     510      30                                                00010000D     35
     510           -1411       1       1                               0D     36
     510      31                                                00010000D     37
     510           -1411       1       1                               0D     38
     510      32                                                00010000D     39
     510           -1411       1       1                               0D     40
     510      33                                                00010000D     41
     510           -1411       1       1                               0D     42
     510      34                                                00010000D     43
     510           -1411       1       1                               0D     44
     510      35                                                00010000D     45
     510           -1411       1       1                               0D     46
     510      36                                                00010000D     47
     510           -1411       1       1                               0D     48
     510      37                                                00010000D     49
     510           -1411       1       1                               0D     50
     510      38                                                00010000D     51
     510           -1411       1       1                               0D     52
     510      39                                                00010000D     53
     510           -1411       1       1                               0D     54
     510      40                                                00010000D     55
     510           -1411       1       1                               0D     56
     510      41                                                00010000D     57
     510           -1411       1       1                               0D     58
     510      42                                                00010000D     59
     510           -1411       1       1                               0D     60
     510      43                                                00010000D     61
     510           -1411       1       1                               0D     62
     510      44                                                00010000D     63
     510           -1411       1       1                               0D     64
     510      45                                                00010000D     65
     510           -1411       1       1                               0D     66
     510      46                                                00010000D     67
     510           -1411       1       1                               0D     68
     510      47                                                00010000D     69
     510           -1411       1       1                               0D     70
     510      48                                                00010000D     71
     510           -1411       1       1                               0D     72
     510      49                                                00010000D     73
     510           -1411       1       1                               0D     74
     510      50                                                00010000D     75
     510           -1411       1       1                               0D     76
     510      51                                                00010000D     77
     510           -1411       1       1                               0D     78
     510      52                                                00010000D     79
     510           -1411       1       1                               0D     80
     510      53                                                00010000D     81
     510           -1411       1       1                               0D     82
     510      54                                                00010000D     83
     510           -1411       1       1                               0D     84
     510      55                                                00010000D     85
     510           -1411       1       1                               0D     86
     510      56                                                00010000D     87
     510           -1411       1       1                               0D     88
     510      57                                                00010000D     89
     510           -1411       1       1                               0D     90
     510      58                                                00010000D     91
     510           -1411       1       1                               0D     92
     510      59                                                00010000D     93
     510           -1411       1       1                               0D     94
     510      60                                                00010000D     95
     510           -1411       1       1                               0D     96
     510      61                                                00010000D     97
     510           -1411       1       1                               0D     98
     510      62                                                00010000D     99
     510           -1411       1       1                               0D    100
     510      63                                                00010000D    101
     510           -1411       1       1                               0D    102
     510      64                                                00010000D    103
     510           -1411       1       1                               0D    104
     510      65                                                00010000D    105
     510           -1411       1       1                               0D    106
     510      66                                                00010000D    107
     510           -1411       1       1                               0D    108
     510      67                                                00010000D    109
     510           -1411       1       1                               0D    110
     510      68                                                00010000D    111
     510           -1411       1       1                               0D    112
     510      69                                                00010000D    113
     510           -1411       1       1                               0D    114
     510      70                                                00010000D    115
     510           -1411       1       1                               0D    116
     510      71                                                00010000D    117
     510           -1411       1       1                               0D    118
     510      72                                                00010000D    119
     510           -1411       1       1                               0D    120
     510      73                                                00010000D    121
     510           -1411       1       1                               0D    122
     510      74                                                00010000D    123
     510           -1411       1       1                               0D    124
     510      75                                                00010000D    125
     510           -1411       1       1                               0D    126
     510      76                                                00010000D    127
     510           -1411       1       1                               0D    128
     510      77                                                00010000D    129
     510           -1411       1       1                               0D    130
     510      78                                                00010000D    131
     510           -1411       1       1                               0D    132
     510      79                                                00010000D    133
     510           -1411       1       1                               0D    134
     510      80                                                00010000D    135
     510           -1411       1       1                               0D    136
     510      81                                                00010000D    137
     510           -1411       1       1                               0D    138
     510      82                                                00010000D    139
     510           -1411       1       1                               0D    140
     510      83                                                00010000D    141
     510           -1411       1       1                               0D    142
     510      84                                                00010000D    143
     510           -1411       1       1                               0D    144
     510      85                                                00010000D    145
     510           -1411       1       1                               0D    146
     510      86                                                00010000D    147
     510           -1411       1       1                               0D    148
     510      87                                                00010000D    149
     510           -1411       1       1                               0D    150
     510      88                                                00010000D    151
     510           -1411       1       1                               0D    152
     510      89                                                00010000D    153
     510           -1411       1       1                               0D    154
     510      90                                                00010000D    155
     510           -1411       1       1                               0D    156
     510      91                                                00010000D    157
     510           -1411       1       1                               0D    158
     510      92                                                00010000D    159
     510           -1411       1       1                               0D    160
     510      93                                                00010000D    161
     510           -1411       1       1                               0D    162
     510      94                                                00010000D    163
     510           -1411       1       1                               0D    164
     510      95                                                00010000D    165
     510           -1411       1       1                               0D    166
     510      96                                                00010000D    167
     510           -1411       1       1                               0D    168
     510      97                                                00010000D    169
     510           -1411       1       1                               0D    170
     510      98                                                00010000D    171
     510           -1411       1       1                               0D    172
     510      99                                                00010000D    173
     510           -1411       1       1                               0D    174
     510     100                                                00010000D    175
     510           -1411       1       1                               0D    176
     510     101                                                00010000D    177
     510           -1411       1       1                               0D    178
     510     102                                                00010000D    179
     510           -1411       1       1                               0D    180
     510     103                                                00010000D    181
     510           -1411       1       1                               0D    182
     510     104                                                00010000D    183
     510           -1411       1       1                               0D    184
     510     105                                                00010000D    185
     510           -1411       1       1                               0D    186
     510     106                                                00010000D    187
     510           -1411       1       1                               0D    188
     510     107                                                00010000D    189
     510           -1411       1       1                               0D    190
     510     108                                                00010000D    191
     510           -1411       1       1                               0D    192
     510     109                                                00010000D    193
     510           -1411       1       1                               0D    194
     510     110                                                00010000D    195
     510           -1411       1       1                               0D    196
     510     111                                                00010000D    197
     510           -1411       1       1                               0D    198
     510     112                                                00010000D    199
     510           -1411       1       1                               0D    200
     510     113                                                00010000D    201
     510           -1411       1       1                               0D    202
     510     114                                                00010000D    203
     510           -1411       1       1                               0D    204
     510     115                                                00010000D    205
     510           -1411       1       1                               0D    206
     510     116                                                00010000D    207
     510           -1411       1       1                               0D    208
     510     117                                                00010000D    209
     510           -1411       1       1                               0D    210
     510     118                                                00010000D    211
     510           -1411       1       1                               0D    212
     510     119                                                00010000D    213
     510           -1411       1       1                               0D    214
     510     120                                                00010000D    215
     510           -1411       1       1                               0D    216
     510     121                                                00010000D    217
     510           -1411       1       1                               0D    218
     510     122                                                00010000D    219
     510           -1411       1       1                               0D    220
     510     123                                                00010000D    221
     510           -1411       1       1                               0D    222
     510     124                                                00010000D    223
     510           -1411       1       1                               0D    224
     510     125                                                00010000D    225
     510           -1411       1       1                               0D    226
     510     126                                                00010000D    227
     510           -1411       1       1                               0D    228
     510     127                                                00010000D    229
     510           -1411       1       1                               0D    230
     510     128                                                00010000D    231
     510           -1411       1       1                               0D    232
     510     129                                                00010000D    233
     510           -1411       1       1                               0D    234
     510     130                                                00010000D    235
     510           -1411       1       1                               0D    236
     510     131                                                00010000D    237
     510           -1411       1       1                               0D    238
     510     132                                                00010000D    239
     510           -1411       1       1                               0D    240
     510     133                                                00010000D    241
     510           -1411       1       1                               0D    242
     510     134                                                00010000D    243
     510           -1411       1       1                               0D    244
     510     135                                                00010000D    245
     510           -1411       1       1                               0D    246
     510     136                                                00010000D    247
     510           -1411       1       1                               0D    248
     510     137                                                00010000D    249
     510           -1411       1       1                               0D    250
     510     138                                                00010000D    251
     510           -1411       1       1                               0D    252
     510     139                                                00010000D    253
     510           -1411       1       1                               0D    254
     508     140                                                00010000D    255
     508                       1       1                               0D    256
     508     141                                                00010000D    257
     508                       1       1                               0D    258
     508     142                                                00010000D    259
     508                       4       1                               0D    260
     508     146                                                00010000D    261
     508                       1       1                               0D    262
     508     147                                                00010000D    263
     508                       1       1                               0D    264
     508     148                                                00010000D    265
     508                       1       1                               0D    266
     508     149                                                00010000D    267
     508                       1       1                               0D    268
     508     150                                                00010000D    269
     508                       1       1                               0D    270
     508     151                                                00010000D    271
     508                       1       1                               0D    272
     508     152                                                00010000D    273
     508                       1       1                               0D    274
     508     153                                                00010000D    275
     508                       1       1                               0D    276
     508     154                                                00010000D    277
     508                       1       1                               0D    278
     508     155                                                00010000D    279
     508                       1       1                               0D    280
     508     156                                                00010000D    281
     508                       1       1                               0D    282
     508     157                                                00010000D    283
     508                       1       1                               0D    284
     508     158                                                00010000D    285
     508                       1       1                               0D    286
     508     159                                                00010000D    287
     508                       1       1                               0D    288
     508     160                                                00010000D    289
     508                       1       1                               0D    290
     508     161                                                00010000D    291
     508                       1       1                               0D    292
     508     162                                                00010000D    293
     508                       1       1                               0D    294
     508     163                                                00010000D    295
     508                       1       1                               0D    296
     508     164                                                00010000D    297
     508                       1       1                               0D    298
     508     165                                                00010000D    299
     508                       1       1                               0D    300
     508     166                                                00010000D    301
     508                       1       1                               0D    302
     508     167                                                00010000D    303
     508                       1       1                               0D    304
     508     168                                                00010000D    305
     508                       2       1                               0D    306
     508     170                                                00010000D    307
     508                       1       1                               0D    308
     508     171                                                00010000D    309
     508                       2       1                               0D    310
     508     173                                                00010000D    311
     508                       2       1                               0D    312
     508     175                                                00010000D    313
     508                       2       1                               0D    314
     508     177                                                00010000D    315
     508                       2       1                               0D    316
     508     179                                                00010000D    317
     508                       2       1                               0D    318
     508     181                                                00010000D    319
     508                       2       1                               0D    320
     508     183                                                00010000D    321
     508                       2       1                               0D    322
     508     185                                                00010000D    323
     508                       2       1                               0D    324
     508     187                                                00010000D    325
     508                       2       1                               0D    326
     508     189                                                00010000D    327
     508                       2       1                               0D    328
     508     191                                                00010000D    329
     508                       2       1                               0D    330
     508     193                                                00010000D    331
     508                       2       1                               0D    332
     508     195                                                00010000D    333
     508                       2       1                               0D    334
     508     197                                                00010000D    335
     508                       2       1                               0D    336
     508     199                                                00010000D    337
     508                       2       1                               0D    338
     508     201                                                00010000D    339
     508                       2       1                               0D    340
     508     203                                                00010000D    341
     508                       2       1                               0D    342
     508     205                                                00010000D    343
     508                       2       1                               0D    344
     508     207                                                00010000D    345
     508                       2       1                               0D    346
     508     209                                                00010000D    347
     508                       2       1                               0D    348
     508     211                                                00010000D    349
     508                       2       1                               0D    350
     508     213                                                00010000D    351
     508                       2       1                               0D    352
     508     215                                                00010000D    353
     508                       2       1                               0D    354
     508     217                                                00010000D    355
     508                       2       1                               0D    356
     508     219                                                00010000D    357
     508                       2       1                               0D    358
     508     221                                                00010000D    359
     508                       2       1                               0D    360
     508     223                                                00010000D    361
     508                       2       1                               0D    362
     508     225                                                00010000D    363
     508                       2       1                               0D    364
     508     227                                                00010000D    365
     508                       2       1                               0D    366
     508     229                                                00010000D    367
     508                       2       1                               0D    368
     508     231                                                00010000D    369
     508                       2       1                               0D    370
     508     233                                                00010000D    371
     508                       2       1                               0D    372
     508     235                                                00010000D    373
     508                       2       1                               0D    374
     508     237                                                00010000D    375
     508                       2       1                               0D    376
     508     239                                                00010000D    377
     508                       2       1                               0D    378
     508     241                                                00010000D    379
     508                       2       1                               0D    380
     508     243                                                00010000D    381
     508                       2       1                               0D    382
     508     245                                                00010000D    383
     508                       2       1                               0D    384
     508     247                                                00010000D    385
     508                       2       1                               0D    386
     508     249                                                00010000D    387
     508                       2       1                               0D    388
     508     251                                                00010000D    389
     508                       2       1                               0D    390
     508     253                                                00010000D    391
     508                       2       1                               0D    392
     508     255                                                00010000D    393
     508                       2       1                               0D    394
     508     257                                                00010000D    395
     508                       1       1                               0D    396
     508     258                                                00010000D    397
     508                       1       1                               0D    398
     508     259                                                00010000D    399
     508                       1       1                               0D    400
     508     260                                                00010000D    401
     508                       1       1                               0D    402
     508     261                                                00010000D    403
     508                       1       1                               0D    404
     508     262                                                00010000D    405
     508                       2       1                               0D    406
     508     264                                                00010000D    407
     508                       2       1                               0D    408
     508     266                                                00010000D    409
     508                       2       1                               0D    410
     508     268                                                00010000D    411
     508                       2       1                               0D    412
     508     270                                                00010000D    413
     508                       2       1                               0D    414
     508     272                                                00010000D    415
     508                       2       1                               0D    416
     508     274                                                00010000D    417
     508                       2       1                               0D    418
     508     276                                                00010000D    419
     508                       2       1                               0D    420
     508     278                                                00010000D    421
     508                       2       1                               0D    422
     508     280                                                00010000D    423
     508                       2       1                               0D    424
     508     282                                                00010000D    425
     508                       2       1                               0D    426
     508     284                                                00010000D    427
     508                       2       1                               0D    428
     508     286                                                00010000D    429
     508                       2       1                               0D    430
     508     288                                                00010000D    431
     508                       2       1                               0D    432
     508     290                                                00010000D    433
     508                       2       1                               0D    434
     508     292                                                00010000D    435
     508                       2       1                               0D    436
     508     294                                                00010000D    437
     508                       2       1                               0D    438
     508     296                                                00010000D    439
     508                       2       1                               0D    440
     508     298                                                00010000D    441
     508                       2       1                               0D    442
     508     300                                                00010000D    443
     508                       2       1                               0D    444
     508     302                                                00010000D    445
     508                       2       1                               0D    446
     508     304                                                00010000D    447
     508                       2       1                               0D    448
     508     306                                                00010000D    449
     508                       2       1                               0D    450
     508     308                                                00010000D    451
     508                       2       1                               0D    452
     508     310                                                00010000D    453
     508                       2       1                               0D    454
     508     312                                                00010000D    455
     508                       2       1                               0D    456
     508     314                                                00010000D    457
     508                       2       1                               0D    458
     508     316                                                00010000D    459
     508                       2       1                               0D    460
     508     318                                                00010000D    461
     508                       2       1                               0D    462
     508     320                                                00010000D    463
     508                       2       1                               0D    464
     508     322                                                00010000D    465
     508                       2       1                               0D    466
     508     324                                                00010000D    467
     508                       2       1                               0D    468
     508     326                                                00010000D    469
     508                       2       1                               0D    470
     508     328                                                00010000D    471
     508                       2       1                               0D    472
     508     330                                                00010000D    473
     508                       2       1                               0D    474
     508     332                                                00010000D    475
     508                       2       1                               0D    476
     508     334                                                00010000D    477
     508                       2       1                               0D    478
     508     336                                                00010000D    479
     508                       2       1                               0D    480
     508     338                                                00010000D    481
     508                       2       1                               0D    482
     508     340                                                00010000D    483
     508                       2       1                               0D    484
     508     342                                                00010000D    485
     508                       2       1                               0D    486
     508     344                                                00010000D    487
     508                       2       1                               0D    488
     508     346                                                00010000D    489
     508                       2       1                               0D    490
     508     348                                                00010000D    491
     508                       2       1                               0D    492
     508     350                                                00010000D    493
     508                       2       1                               0D    494
     508     352                                                00010000D    495
     508                       2       1                               0D    496
     508     354                                                00010000D    497
     508                       2       1                               0D    498
     508     356                                                00010000D    499
     508                       2       1                               0D    500
     508     358                                                00010000D    501
     508                       2       1                               0D    502
     508     360                                                00010000D    503
     508                       2       1                               0D    504
     508     362                                                00010000D    505
     508                       2       1                               0D    506
     508     364                                                00010000D    507
     508                       2       1                               0D    508
     508     366                                                00010000D    509
     508                       2       1                               0D    510
     508     368                                                00010000D    511
     508                       2       1                               0D    512
     508     370                                                00010000D    513
     508                       2       1                               0D    514
     508     372                                                00010000D    515
     508                       2       1                               0D    516
     508     374                                                00010000D    517
     508                       2       1                               0D    518
     508     376                                                00010000D    519
     508                       2       1                               0D    520
     508     378                                                00010000D    521
     508                       2       1                               0D    522
     508     380                                                00010000D    523
     508                       2       1                               0D    524
     508     382                                                00010000D    525
     508                       2       1                               0D    526
     508     384                                                00010000D    527
     508                       3       1                               0D    528
     508     387                                                00010000D    529
     508                       2       1                               0D    530
     508     389                                                00010000D    531
     508                       2       1                               0D    532
     508     391                                                00010000D    533
     508                       2       1                               0D    534
     508     393                                                00010000D    535
     508                       1       1                               0D    536
     508     394                                                00010000D    537
     508                       2       1                               0D    538
     508     396                                                00010000D    539
     508                       2       1                               0D    540
     508     398                                                00010000D    541
     508                       3       1                               0D    542
     508     401                                                00010000D    543
     508                       2       1                               0D    544
     508     403                                                00010000D    545
     508                       2       1                               0D    546
     508     405                                                00010000D    547
     508                       2       1                               0D    548
     126     407                                                00010000D    549
     126       0              11       0                               0D    550
     126     418                                                00010000D    551
     126       0               3       0                               0D    552
     126     421                                                00010000D    553
     126       0              11       0                               0D    554
     126     432                                                00010000D    555
     126       0               3       0                               0D    556
     126     435                                                00010000D    557
     126       0             110       0                               0D    558
     126     545                                                00010000D    559
     126       0               2       0                               0D    560
     126     547                                                00010000D    561
     126       0               2       0                               0D    562
     126     549                                                00010000D    563
     126       0               3       0                               0D    564
     126     552                                                00010000D    565
     126       0               2       0                               0D    566
     126     554                                                00010000D    567
     126       0               3       0                               0D    568
     126     557                                                00010000D    569
     126       0               4       0                               0D    570
     126     561                                                00010000D    571
     126       0               8       0                               0D    572
     126     569                                                00010000D    573
     126       0              11       0                               0D    574
     126     580                                                00010000D    575
     126       0               8       0                               0D    576
     126     588                                                00010000D    577
     126       0              13       0                               0D    578
     126     601                                                00010000D    579
     126       0               8       0                               0D    580
     126     609                                                00010000D    581
     126       0               4       0                               0D    582
     126     613                                                00010000D    583
     126       0               3       0                               0D    584
     126     616                                                00010000D    585
     126       0              11       0                               0D    586
     126     627                                                00010000D    587
     126       0               4       0                               0D    588
     126     631                                                00010000D    589
     126       0               4       0                               0D    590
     126     635                                                00010000D    591
     126       0               4       0                               0D    592
     126     639                                                00010000D    593
     126       0               4       0                               0D    594
     126     643                                                00010000D    595
     126       0               4       0                               0D    596
     126     647                                                00010000D    597
     126       0               4       0                               0D    598
     126     651                                                00010000D    599
     126       0               4       0                               0D    600
     126     655                                                00010000D    601
     126       0               4       0                               0D    602
     126     659                                                00010000D    603
     126       0               4       0                               0D    604
     126     663                                                00010000D    605
     126       0               4       0                               0D    606
     126     667                                                00010000D    607
     126       0               4       0                               0D    608
     126     671                                                00010000D    609
     126       0               4       0                               0D    610
     126     675                                                00010000D    611
     126       0               4       0                               0D    612
     126     679                                                00010000D    613
     126       0               4       0                               0D    614
     126     683                                                00010000D    615
     126       0               4       0                               0D    616
     126     687                                                00010000D    617
     126       0               4       0                               0D    618
     126     691                                                00010000D    619
     126       0               4       0                               0D    620
     126     695                                                00010000D    621
     126       0               4       0                               0D    622
     126     699                                                00010000D    623
     126       0               4       0                               0D    624
     126     703                                                00010000D    625
     126       0               4       0                               0D    626
     126     707                                                00010000D    627
     126       0               4       0                               0D    628
     126     711                                                00010000D    629
     126       0               4       0                               0D    630
     126     715                                                00010000D    631
     126       0               4       0                               0D    632
     126     719                                                00010000D    633
     126       0               4       0                               0D    634
     126     723                                                00010000D    635
     126       0               4       0                               0D    636
     126     727                                                00010000D    637
     126       0               4       0                               0D    638
     126     731                                                00010000D    639
     126       0               4       0                               0D    640
     126     735                                                00010000D    641
     126       0               4       0                               0D    642
     126     739                                                00010000D    643
     126       0               4       0                               0D    644
     126     743                                                00010000D    645
     126       0               4       0                               0D    646
     126     747                                                00010000D    647
     126       0               4       0                               0D    648
     126     751                                                00010000D    649
     126       0               4       0                               0D    650
     126     755                                                00010000D    651
     126       0               4       0                               0D    652
     126     759                                                00010000D    653
     126       0               4       0                               0D    654
     126     763                                                00010000D    655
     126       0               4       0                               0D    656
     126     767                                                00010000D    657
     126       0               4       0                               0D    658
     126     771                                                00010000D    659
     126       0               4       0                               0D    660
     126     775                                                00010000D    661
     126       0               4       0                               0D    662
     126     779                                                00010000D    663
     126       0               4       0                               0D    664
     126     783                                                00010000D    665
     126       0               4       0                               0D    666
     126     787                                                00010000D    667
     126       0               4       0                               0D    668
     126     791                                                00010000D    669
     126       0               4       0                               0D    670
     126     795                                                00010000D    671
     126       0               4       0                               0D    672
     126     799                                                00010000D    673
     126       0               4       0                               0D    674
     126     803                                                00010000D    675
     126       0               4       0                               0D    676
     126     807                                                00010000D    677
     126       0               4       0                               0D    678
     126     811                                                00010000D    679
     126       0               4       0                               0D    680
     126     815                                                00010000D    681
     126       0               4       0                               0D    682
     126     819                                                00010000D    683
     126       0               4       0                               0D    684
     126     823                                                00010000D    685
     126       0               4       0                               0D    686
     126     827                                                00010000D    687
     126       0               4       0                               0D    688
     126     831                                                00010000D    689
     126       0               4       0                               0D    690
     126     835                                                00010000D    691
     126       0               4       0                               0D    692
     126     839                                                00010000D    693
     126       0               4       0                               0D    694
     126     843                                                00010000D    695
     126       0               4       0                               0D    696
     126     847                                                00010000D    697
     126       0               4       0                               0D    698
     126     851                                                00010000D    699
     126       0               4       0                               0D    700
     126     855                                                00010000D    701
     126       0               4       0                               0D    702
     126     859                                                00010000D    703
     126       0               4       0                               0D    704
     126     863                                                00010000D    705
     126       0               4       0                               0D    706
     126     867                                                00010000D    707
     126       0               4       0                               0D    708
     126     871                                                00010000D    709
     126       0               4       0                               0D    710
     126     875                                                00010000D    711
     126       0               4       0                               0D    712
     126     879                                                00010000D    713
     126       0               4       0                               0D    714
     126     883                                                00010000D    715
     126       0               4       0                               0D    716
     126     887                                                00010000D    717
     126       0               4       0                               0D    718
     126     891                                                00010000D    719
     126       0               4       0                               0D    720
     126     895                                                00010000D    721
     126       0               4       0                               0D    722
     126     899                                                00010000D    723
     126       0               4       0                               0D    724
     126     903                                                00010000D    725
     126       0               4       0                               0D    726
     126     907                                                00010000D    727
     126       0               4       0                               0D    728
     126     911                                                00010000D    729
     126       0               4       0                               0D    730
     126     915                                                00010000D    731
     126       0               4       0                               0D    732
     126     919                                                00010000D    733
     126       0               4       0                               0D    734
     126     923                                                00010000D    735
     126       0               4       0                               0D    736
     126     927                                                00010000D    737
     126       0               4       0                               0D    738
     126     931                                                00010000D    739
     126       0               4       0                               0D    740
     126     935                                                00010000D    741
     126       0               4       0                               0D    742
     126     939                                                00010000D    743
     126       0               4       0                               0D    744
     126     943                                                00010000D    745
     126       0               4       0                               0D    746
     126     947                                                00010000D    747
     126       0              11       0                               0D    748
     126     958                                                00010000D    749
     126       0               3       0                               0D    750
     126     961                                                00010000D    751
     126       0               4       0                               0D    752
     126     965                                                00010000D    753
     126       0               4       0                               0D    754
     126     969                                                00010000D    755
     126       0               4       0                               0D    756
     126     973                                                00010000D    757
     126       0               4       0                               0D    758
     126     977                                                00010000D    759
     126       0               3       0                               0D    760
     126     980                                                00010000D    761
     126       0               4       0                               0D    762
     126     984                                                00010000D    763
     126       0               3       0                               0D    764
     126     987                                                00010000D    765
     126       0               3       0                               0D    766
     126     990                                                00010000D    767
     126       0               3       0                               0D    768
     126     993                                                00010000D    769
     126       0               3       0                               0D    770
     126     996                                                00010000D    771
     126       0               3       0                               0D    772
     126     999                                                00010000D    773
     126       0               4       0                               0D    774
     126    1003                                                00010000D    775
     126       0               3       0                               0D    776
     126    1006                                                00010000D    777
     126       0               4       0                               0D    778
     126    1010                                                00010000D    779
     126       0               4       0                               0D    780
     126    1014                                                00010000D    781
     126       0               3       0                               0D    782
     126    1017                                                00010000D    783
     126       0               3       0                               0D    784
     126    1020                                                00010000D    785
     126       0               3       0                               0D    786
     126    1023                                                00010000D    787
     126       0               3       0                               0D    788
     126    1026                                                00010000D    789
     126       0               3       0                               0D    790
     126    1029                                                00010000D    791
     126       0               3       0                               0D    792
     126    1032                                                00010000D    793
     126       0               4       0                               0D    794
     126    1036                                                00010000D    795
     126       0               3       0                               0D    796
     126    1039                                                00010000D    797
     126       0               4       0                               0D    798
     126    1043                                                00010000D    799
     126       0               4       0                               0D    800
     126    1047                                                00010000D    801
     126       0               3       0                               0D    802
     126    1050                                                00010000D    803
     126       0               3       0                               0D    804
     126    1053                                                00010000D    805
     126       0               3       0                               0D    806
     126    1056                                                00010000D    807
     126       0               4       0                               0D    808
     126    1060                                                00010000D    809
     126       0               4       0                               0D    810
     126    1064                                                00010000D    811
     126       0               3       0                               0D    812
     126    1067                                                00010000D    813
     126       0               4       0                               0D    814
     126    1071                                                00010000D    815
     126       0               3       0                               0D    816
     126    1074                                                00010000D    817
     126       0               4       0                               0D    818
     126    1078                                                00010000D    819
     126       0               4       0                               0D    820
     126    1082                                                00010000D    821
     126       0               3       0                               0D    822
     126    1085                                                00010000D    823
     126       0               4       0                               0D    824
     126    1089                                                00010000D    825
     126       0               3       0                               0D    826
     126    1092                                                00010000D    827
     126       0               4       0                               0D    828
     126    1096                                                00010000D    829
     126       0               3       0                               0D    830
     126    1099                                                00010000D    831
     126       0               3       0                               0D    832
     126    1102                                                00010000D    833
     126       0               3       0                               0D    834
     126    1105                                                00010000D    835
     126       0               3       0                               0D    836
     126    1108                                                00010000D    837
     126       0               3       0                               0D    838
     126    1111                                                00010000D    839
     126       0               3       0                               0D    840
     126    1114                                                00010000D    841
     126       0               3       0                               0D    842
     126    1117                                                00010000D    843
     126       0               3       0                               0D    844
     126    1120                                                00010000D    845
     126       0               3       0                               0D    846
     126    1123                                                00010000D    847
     126       0               3       0                               0D    848
     126    1126                                                00010000D    849
     126       0               3       0                               0D    850
     126    1129                                                00010000D    851
     126       0               3       0                               0D    852
     126    1132                                                00010000D    853
     126       0               3       0                               0D    854
     126    1135                                                00010000D    855
     126       0               3       0                               0D    856
     126    1138                                                00010000D    857
     126       0               3       0                               0D    858
     126    1141                                                00010000D    859
     126       0               3       0                               0D    860
     126    1144                                                00010000D    861
     126       0               3       0                               0D    862
     126    1147                                                00010000D    863
     126       0               4       0                               0D    864
     126    1151                                                00010000D    865
     126       0               3       0                               0D    866
     126    1154                                                00010000D    867
     126       0               4       0                               0D    868
     126    1158                                                00010000D    869
     126       0               3       0                               0D    870
     126    1161                                                00010000D    871
     126       0               3       0                               0D    872
     126    1164                                                00010000D    873
     126       0               3       0                               0D    874
     126    1167                                                00010000D    875
     126       0               3       0                               0D    876
     126    1170                                                00010000D    877
     126       0               3       0                               0D    878
     126    1173                                                00010000D    879
     126       0               3       0                               0D    880
     126    1176                                                00010000D    881
     126       0               3       0                               0D    882
     126    1179                                                00010000D    883
     126       0               3       0                               0D    884
     126    1182                                                00010000D    885
     126       0               4       0                               0D    886
     126    1186                                                00010000D    887
     126       0               3       0                               0D    888
     126    1189                                                00010000D    889
     126       0               4       0                               0D    890
     126    1193                                                00010000D    891
     126       0               4       0                               0D    892
     126    1197                                                00010000D    893
     126       0               3       0                               0D    894
     126    1200                                                00010000D    895
     126       0               3       0                               0D    896
     126    1203                                                00010000D    897
     126       0               3       0                               0D    898
     126    1206                                                00010000D    899
     126       0               3       0                               0D    900
     126    1209                                                00010000D    901
     126       0               3       0                               0D    902
     126    1212                                                00010000D    903
     126       0               3       0                               0D    904
     126    1215                                                00010000D    905
     126       0               4       0                               0D    906
     126    1219                                                00010000D    907
     126       0               3       0                               0D    908
     126    1222                                                00010000D    909
     126       0               4       0                               0D    910
     126    1226                                                00010000D    911
     126       0               4       0                               0D    912
     126    1230                                                00010000D    913
     126       0               3       0                               0D    914
     126    1233                                                00010000D    915
     126       0               3       0                               0D    916
     126    1236                                                00010000D    917
     126       0               3       0                               0D    918
     126    1239                                                00010000D    919
     126       0               3       0                               0D    920
     126    1242                                                00010000D    921
     126       0               3       0                               0D    922
     126    1245                                                00010000D    923
     126       0               3       0                               0D    924
     126    1248                                                00010000D    925
     126       0               3       0                               0D    926
     126    1251                                                00010000D    927
     126       0               3       0                               0D    928
     126    1254                                                00010000D    929
     126       0               3       0                               0D    930
     126    1257                                                00010000D    931
     126       0               3       0                               0D    932
     126    1260                                                00010000D    933
     126       0               3       0                               0D    934
     126    1263                                                00010000D    935
     126       0               4       0                               0D    936
     126    1267                                                00010000D    937
     126       0               3       0                               0D    938
     126    1270                                                00010000D    939
     126       0               4       0                               0D    940
     126    1274                                                00010000D    941
     126       0               4       0                               0D    942
     126    1278                                                00010000D    943
     126       0               3       0                               0D    944
     126    1281                                                00010000D    945
     126       0               3       0                               0D    946
     126    1284                                                00010000D    947
     126       0               3       0                               0D    948
     126    1287                                                00010000D    949
     126       0               3       0                               0D    950
     126    1290                                                00010000D    951
     126       0               3       0                               0D    952
     126    1293                                                00010000D    953
     126       0               3       0                               0D    954
     126    1296                                                00010000D    955
     126       0               3       0                               0D    956
     126    1299                                                00010000D    957
     126       0               8       0                               0D    958
     126    1307                                                00010000D    959
     126       0               4       0                               0D    960
     126    1311                                                00010000D    961
     126       0               3       0                               0D    962
     126    1314                                                00010000D    963
     126       0               4       0                               0D    964
     126    1318                                                00010000D    965
     126       0               3       0                               0D    966
     126    1321                                                00010000D    967
     126       0               2       0                               0D    968
     126    1323                                                00010000D    969
     126       0               3       0                               0D    970
     126    1326                                                00010000D    971
     126       0               3       0                               0D    972
     126    1329                                                00010000D    973
     126       0               3       0                               0D    974
     126    1332                                                00010000D    975
     126       0               3       0                               0D    976
     126    1335                                                00010000D    977
     126       0               2       0                               0D    978
     126    1337                                                00010000D    979
     126       0               3       0                               0D    980
     126    1340                                                00010000D    981
     126       0               2       0                               0D    982
     126    1342                                                00010000D    983
     126       0               2       0                               0D    984
     126    1344                                                00010000D    985
     126       0              12       0                               0D    986
     126    1356                                                00010000D    987
     126       0               3       0                               0D    988
     126    1359                                                00010000D    989
     126       0               3       0                               0D    990
     126    1362                                                00010000D    991
     126       0               3       0                               0D    992
     126    1365                                                00010000D    993
     126       0               4       0                               0D    994
     126    1369                                                00010000D    995
     126       0               3       0                               0D    996
     126    1372                                                00010000D    997
     126       0               3       0                               0D    998
     126    1375                                                00010000D    999
     126       0               3       0                               0D   1000
     126    1378                                                00010000D   1001
     126       0               3       0                               0D   1002
     126    1381                                                00010000D   1003
     126       0               3       0                               0D   1004
     126    1384                                                00010000D   1005
     126       0               3       0                               0D   1006
     126    1387                                                00010000D   1007
     126       0               3       0                               0D   1008
     126    1390                                                00010000D   1009
     126       0               3       0                               0D   1010
     126    1393                                                00010000D   1011
     126       0               4       0                               0D   1012
     126    1397                                                00010000D   1013
     126       0               3       0                               0D   1014
     126    1400                                                00010000D   1015
     126       0               3       0                               0D   1016
     126    1403                                                00010000D   1017
     126       0               3       0                               0D   1018
     126    1406                                                00010000D   1019
     126       0               3       0                               0D   1020
     126    1409                                                00010000D   1021
     126       0               3       0                               0D   1022
     126    1412                                                00010000D   1023
     126       0               4       0                               0D   1024
     126    1416                                                00010000D   1025
     126       0               3       0                               0D   1026
     126    1419                                                00010000D   1027
     126       0               3       0                               0D   1028
     126    1422                                                00010000D   1029
     126       0               3       0                               0D   1030
     126    1425                                                00010000D   1031
     126       0               3       0                               0D   1032
     126    1428                                                00010000D   1033
     126       0               3       0                               0D   1034
     126    1431                                                00010000D   1035
     126       0               3       0                               0D   1036
     126    1434                                                00010000D   1037
     126       0               4       0                               0D   1038
     126    1438                                                00010000D   1039
     126       0               3       0                               0D   1040
     126    1441                                                00010000D   1041
     126       0               3       0                               0D   1042
     126    1444                                                00010000D   1043
     126       0               3       0                               0D   1044
     126    1447                                                00010000D   1045
     126       0               3       0                               0D   1046
     126    1450                                                00010000D   1047
     126       0               3       0                               0D   1048
     126    1453                                                00010000D   1049
     126       0               3       0                               0D   1050
     126    1456                                                00010000D   1051
     126       0               3       0                               0D   1052
     126    1459                                                00010000D   1053
     126       0               3       0                               0D   1054
     126    1462                                                00010000D   1055
     126       0               3       0                               0D   1056
     126    1465                                                00010000D   1057
     126       0               3       0                               0D   1058
     126    1468                                                00010000D   1059
     126       0               3       0                               0D   1060
     126    1471                                                00010000D   1061
     126       0               4       0                               0D   1062
     126    1475                                                00010000D   1063
     126       0               3       0                               0D   1064
     126    1478                                                00010000D   1065
     126       0               3       0                               0D   1066
     126    1481                                                00010000D   1067
     126       0               4       0                               0D   1068
     126    1485                                                00010000D   1069
     126       0               3       0                               0D   1070
     126    1488                                                00010000D   1071
     126       0               3       0                               0D   1072
     126    1491                                                00010000D   1073
     126       0               4       0                               0D   1074
     126    1495                                                00010000D   1075
     126       0               3       0                               0D   1076
     126    1498                                                00010000D   1077
     126       0               3       0                               0D   1078
     126    1501                                                00010000D   1079
     126       0               4       0                               0D   1080
     126    1505                                                00010000D   1081
     126       0               3       0                               0D   1082
     126    1508                                                00010000D   1083
     126       0               3       0                               0D   1084
     126    1511                                                00010000D   1085
     126       0               3       0                               0D   1086
     126    1514                                                00010000D   1087
     126       0               3       0                               0D   1088
     126    1517                                                00010000D   1089
     126       0               3       0                               0D   1090
     126    1520                                                00010000D   1091
     126       0               4       0                               0D   1092
     126    1524                                                00010000D   1093
     126       0               3       0                               0D   1094
     126    1527                                                00010000D   1095
     126       0               3       0                               0D   1096
     126    1530                                                00010000D   1097
     126       0               3       0                               0D   1098
     126    1533                                                00010000D   1099
     126       0               3       0                               0D   1100
     126    1536                                                00010000D   1101
     126       0               3       0                               0D   1102
     126    1539                                                00010000D   1103
     126       0               2       0                               0D   1104
     126    1541                                                00010000D   1105
     126       0               2       0                               0D   1106
     126    1543                                                00010000D   1107
     126       0               4       0                               0D   1108
     126    1547                                                00010000D   1109
     126       0               8       0                               0D   1110
     126    1555                                                00010000D   1111
     126       0               4       0                               0D   1112
     126    1559                                                00010000D   1113
     126       0              10       0                               0D   1114
     126    1569                                                00010000D   1115
     126       0               3       0                               0D   1116
     126    1572                                                00010000D   1117
     126       0               2       0                               0D   1118
     126    1574                                                00010000D   1119
     126       0               2       0                               0D   1120
     126    1576                                                00010000D   1121
     126       0               2       0                               0D   1122
     126    1578                                                00010000D   1123
     126       0               3       0                               0D   1124
     126    1581                                                00010000D   1125
     126       0               4       0                               0D   1126
     126    1585                                                00010000D   1127
     126       0               8       0                               0D   1128
     126    1593                                                00010000D   1129
     126       0              13       0                               0D   1130
     126    1606                                                00010000D   1131
     126       0               3       0                               0D   1132
     126    1609                                                00010000D   1133
     126       0               4       0                               0D   1134
     126    1613                                                00010000D   1135
     126       0               2       0                               0D   1136
     126    1615                                                00010000D   1137
     126       0               2       0                               0D   1138
     126    1617                                                00010000D   1139
     126       0               2       0                               0D   1140
     126    1619                                                00010000D   1141
     126       0               2       0                               0D   1142
     126    1621                                                00010000D   1143
     126       0               2       0                               0D   1144
     126    1623                                                00010000D   1145
     126       0               3       0                               0D   1146
     126    1626                                                00010000D   1147
     126       0               2       0                               0D   1148
     126    1628                                                00010000D   1149
     126       0               2       0                               0D   1150
     126    1630                                                00010000D   1151
     126       0               2       0                               0D   1152
     126    1632                                                00010000D   1153
     126       0               2       0                               0D   1154
     128    1634                                                00010000D   1155
     128       0   -1411      17       0                               0D   1156
     128    1651                                                00010000D   1157
     128       0   -1411       4       0                               0D   1158
     128    1655                                                00010000D   1159
     128       0   -1411       7       0                               0D   1160
     128    1662                                                00010000D   1161
     128       0   -1411      17       0                               0D   1162
     128    1679                                                00010000D   1163
     128       0   -1411       4       0                               0D   1164
     128    1683                                                00010000D   1165
     128       0   -1411       7       0                               0D   1166
     128    1690                                                00010000D   1167
     128       0   -1411       7       0                               0D   1168
     128    1697                                                00010000D   1169
     128       0   -1411       7       0                               0D   1170
     128    1704                                                00010000D   1171
     128       0   -1411       6       0                               0D   1172
     128    1710                                                00010000D   1173
     128       0   -1411       6       0                               0D   1174
     128    1716                                                00010000D   1175
     128       0   -1411       6       0                               0D   1176
     128    1722                                                00010000D   1177
     128       0   -1411       7       0                               0D   1178
     128    1729                                                00010000D   1179
     128       0   -1411       6       0                               0D   1180
     128    1735                                                00010000D   1181
     128       0   -1411       6       0                               0D   1182
     128    1741                                                00010000D   1183
     128       0   -1411       6       0                               0D   1184
     128    1747                                                00010000D   1185
     128       0   -1411       7       0                               0D   1186
     128    1754                                                00010000D   1187
     128       0   -1411       7       0                               0D   1188
     128    1761                                                00010000D   1189
     128       0   -1411       6       0                               0D   1190
     128    1767                                                00010000D   1191
     128       0   -1411       6       0                               0D   1192
     128    1773                                                00010000D   1193
     128       0   -1411       6       0                               0D   1194
     128    1779                                                00010000D   1195
     128       0   -1411       6       0                               0D   1196
     128    1785                                                00010000D   1197
     128       0   -1411       6       0                               0D   1198
     128    1791                                                00010000D   1199
     128       0   -1411       6       0                               0D   1200
     128    1797                                                00010000D   1201
     128       0   -1411       6       0                               0D   1202
     128    1803                                                00010000D   1203
     128       0   -1411       6       0                               0D   1204
     128    1809                                                00010000D   1205
     128       0   -1411       6       0                               0D   1206
     128    1815                                                00010000D   1207
     128       0   -1411       6       0                               0D   1208
     128    1821                                                00010000D   1209
     128       0   -1411       6       0                               0D   1210
     128    1827                                                00010000D   1211
     128       0   -1411       6       0                               0D   1212
     128    1833                                                00010000D   1213
     128       0   -1411       6       0                               0D   1214
     128    1839                                                00010000D   1215
     128       0   -1411       6       0                               0D   1216
     128    1845                                                00010000D   1217
     128       0   -1411       6       0                               0D   1218
     128    1851                                                00010000D   1219
     128       0   -1411       6       0                               0D   1220
     128    1857                                                00010000D   1221
     128       0   -1411       6       0                               0D   1222
     128    1863                                                00010000D   1223
     128       0   -1411       6       0                               0D   1224
     128    1869                                                00010000D   1225
     128       0   -1411       6       0                               0D   1226
     128    1875                                                00010000D   1227
     128       0   -1411       6       0                               0D   1228
     128    1881                                                00010000D   1229
     128       0   -1411       7       0                               0D   1230
     128    1888                                                00010000D   1231
     128       0   -1411       6       0                               0D   1232
     128    1894                                                00010000D   1233
     128       0   -1411       6       0                               0D   1234
     128    1900                                                00010000D   1235
     128       0   -1411       6       0                               0D   1236
     128    1906                                                00010000D   1237
     128       0   -1411       6       0                               0D   1238
     128    1912                                                00010000D   1239
     128       0   -1411       7       0                               0D   1240
     128    1919                                                00010000D   1241
     128       0   -1411       7       0                               0D   1242
     128    1926                                                00010000D   1243
     128       0   -1411       6       0                               0D   1244
     128    1932                                                00010000D   1245
     128       0   -1411       6       0                               0D   1246
     128    1938                                                00010000D   1247
     128       0   -1411      12       0                               0D   1248
     128    1950                                                00010000D   1249
     128       0   -1411       6       0                               0D   1250
     128    1956                                                00010000D   1251
     128       0   -1411       4       0                               0D   1252
     128    1960                                                00010000D   1253
     128       0   -1411       6       0                               0D   1254
     128    1966                                                00010000D   1255
     128       0   -1411       4       0                               0D   1256
     128    1970                                                00010000D   1257
     128       0   -1411       4       0                               0D   1258
     128    1974                                                00010000D   1259
     128       0   -1411      22       0                               0D   1260
     128    1996                                                00010000D   1261
     128       0   -1411       6       0                               0D   1262
     128    2002                                                00010000D   1263
     128       0   -1411       6       0                               0D   1264
     128    2008                                                00010000D   1265
     128       0   -1411       7       0                               0D   1266
     128    2015                                                00010000D   1267
     128       0   -1411       7       0                               0D   1268
     128    2022                                                00010000D   1269
     128       0   -1411       6       0                               0D   1270
     128    2028                                                00010000D   1271
     128       0   -1411       7       0                               0D   1272
     128    2035                                                00010000D   1273
     128       0   -1411       6       0                               0D   1274
     128    2041                                                00010000D   1275
     128       0   -1411       6       0                               0D   1276
     128    2047                                                00010000D   1277
     128       0   -1411       7       0                               0D   1278
     128    2054                                                00010000D   1279
     128       0   -1411       6       0                               0D   1280
     128    2060                                                00010000D   1281
     128       0   -1411       6       0                               0D   1282
     128    2066                                                00010000D   1283
     128       0   -1411       7       0                               0D   1284
     128    2073                                                00010000D   1285
     128       0   -1411       7       0                               0D   1286
     128    2080                                                00010000D   1287
     128       0   -1411       7       0                               0D   1288
     128    2087                                                00010000D   1289
     128       0   -1411       7       0                               0D   1290
     128    2094                                                00010000D   1291
     128       0   -1411       6       0                               0D   1292
     128    2100                                                00010000D   1293
     128       0   -1411       6       0                               0D   1294
     128    2106                                                00010000D   1295
     128       0   -1411       7       0                               0D   1296
     128    2113                                                00010000D   1297
     128       0   -1411       6       0                               0D   1298
     128    2119                                                00010000D   1299
     128       0   -1411       6       0                               0D   1300
     128    2125                                                00010000D   1301
     128       0   -1411       7       0                               0D   1302
     128    2132                                                00010000D   1303
     128       0   -1411       6       0                               0D   1304
     128    2138                                                00010000D   1305
     128       0   -1411       6       0                               0D   1306
     128    2144                                                00010000D   1307
     128       0   -1411       7       0                               0D   1308
     128    2151                                                00010000D   1309
     128       0   -1411       6       0                               0D   1310
     128    2157                                                00010000D   1311
     128       0   -1411       7       0                               0D   1312
     128    2164                                                00010000D   1313
     128       0   -1411       7       0                               0D   1314
     128    2171                                                00010000D   1315
     128       0   -1411       6       0                               0D   1316
     128    2177                                                00010000D   1317
     128       0   -1411       7       0                               0D   1318
     128    2184                                                00010000D   1319
     128       0   -1411       6       0                               0D   1320
     128    2190                                                00010000D   1321
     128       0   -1411       6       0                               0D   1322
     128    2196                                                00010000D   1323
     128       0   -1411       7       0                               0D   1324
     128    2203                                                00010000D   1325
     128       0   -1411       6       0                               0D   1326
     128    2209                                                00010000D   1327
     128       0   -1411       6       0                               0D   1328
     128    2215                                                00010000D   1329
     128       0   -1411       7       0                               0D   1330
     128    2222                                                00010000D   1331
     128       0   -1411       6       0                               0D   1332
     128    2228                                                00010000D   1333
     128       0   -1411       6       0                               0D   1334
     128    2234                                                00010000D   1335
     128       0   -1411       7       0                               0D   1336
     128    2241                                                00010000D   1337
     128       0   -1411       6       0                               0D   1338
     128    2247                                                00010000D   1339
     128       0   -1411       7       0                               0D   1340
     128    2254                                                00010000D   1341
     128       0   -1411       7       0                               0D   1342
     128    2261                                                00010000D   1343
     128       0   -1411       6       0                               0D   1344
     128    2267                                                00010000D   1345
     128       0   -1411       7       0                               0D   1346
     128    2274                                                00010000D   1347
     128       0   -1411       7       0                               0D   1348
     128    2281                                                00010000D   1349
     128       0   -1411       7       0                               0D   1350
     128    2288                                                00010000D   1351
     128       0   -1411       6       0                               0D   1352
     128    2294                                                00010000D   1353
     128       0   -1411       7       0                               0D   1354
     128    2301                                                00010000D   1355
     128       0   -1411       6       0                               0D   1356
     128    2307                                                00010000D   1357
     128       0   -1411       6       0                               0D   1358
     128    2313                                                00010000D   1359
     128       0   -1411       7       0                               0D   1360
     128    2320                                                00010000D   1361
     128       0   -1411       7       0                               0D   1362
     128    2327                                                00010000D   1363
     128       0   -1411       6       0                               0D   1364
     128    2333                                                00010000D   1365
     128       0   -1411       7       0                               0D   1366
     128    2340                                                00010000D   1367
     128       0   -1411       6       0                               0D   1368
     128    2346                                                00010000D   1369
     128       0   -1411       6       0                               0D   1370
     128    2352                                                00010000D   1371
     128       0   -1411       7       0                               0D   1372
     128    2359                                                00010000D   1373
     128       0   -1411       6       0                               0D   1374
     128    2365                                                00010000D   1375
     128       0   -1411       6       0                               0D   1376
     128    2371                                                00010000D   1377
     128       0   -1411       7       0                               0D   1378
     128    2378                                                00010000D   1379
     128       0   -1411       5       0                               0D   1380
     128    2383                                                00010000D   1381
     128       0   -1411      13       0                               0D   1382
     128    2396                                                00010000D   1383
     128       0   -1411       5       0                               0D   1384
     128    2401                                                00010000D   1385
     128       0   -1411      18       0                               0D   1386
     128    2419                                                00010000D   1387
     128       0   -1411      13       0                               0D   1388
     128    2432                                                00010000D   1389
     128       0   -1411      22       0                               0D   1390
     128    2454                                                00010000D   1391
     128       0   -1411       6       0                               0D   1392
     128    2460                                                00010000D   1393
     128       0   -1411       3       0                               0D   1394
     128    2463                                                00010000D   1395
     128       0   -1411       7       0                               0D   1396
     128    2470                                                00010000D   1397
     128       0   -1411       4       0                               0D   1398
     128    2474                                                00010000D   1399
     128       0   -1411       4       0                               0D   1400
     128    2478                                                00010000D   1401
     128       0   -1411       4       0                               0D   1402
     128    2482                                                00010000D   1403
     128       0   -1411       4       0                               0D   1404
     502    2486                                                00010000D   1405
     502                     128       1                               0D   1406
     504    2614                                                00010001D   1407
     504                     104       1                               0D   1408
     406    2718                                                00000000D   1409
     406                       1      15                               0D   1410
     314    2719                                                00000200D   1411
     314                       2       0                               0D   1412
186,3,1,0,0,1,1409;                                                    1P      1
514,125,5,1,7,1,9,1,11,1,13,1,15,1,17,1,19,1,21,1,23,1,25,1,27,        3P      2
1,29,1,31,1,33,1,35,1,37,1,39,1,41,1,43,1,45,1,47,1,49,1,51,1,         3P      3
53,1,55,1,57,1,59,1,61,1,63,1,65,1,67,1,69,1,71,1,73,1,75,1,77,        3P      4
1,79,1,81,1,83,1,85,1,87,1,89,1,91,1,93,1,95,1,97,1,99,1,101,1,        3P      5
103,1,105,1,107,1,109,1,111,1,113,1,115,1,117,1,119,1,121,1,123,       3P      6
1,125,1,127,1,129,1,131,1,133,1,135,1,137,1,139,1,141,1,143,1,         3P      7
145,1,147,1,149,1,151,1,153,1,155,1,157,1,159,1,161,1,163,1,165,       3P      8
1,167,1,169,1,171,1,173,1,175,1,177,1,179,1,181,1,183,1,185,1,         3P      9
187,1,189,1,191,1,193,1,195,1,197,1,199,1,201,1,203,1,205,1,207,       3P     10
1,209,1,211,1,213,1,215,1,217,1,219,1,221,1,223,1,225,1,227,1,         3P     11
229,1,231,1,233,1,235,1,237,1,239,1,241,1,243,1,245,1,247,1,249,       3P     12
1,251,1,253,1;                                                         3P     13
510,1155,1,1,255;                                                      5P     14
510,1157,1,1,257;                                                      7P     15
510,1159,23,1,259,261,263,265,267,269,271,273,275,277,279,281,         9P     16
283,285,287,289,291,293,295,297,299,301,303;                           9P     17
510,1161,1,1,305;                                                     11P     18
510,1163,1,1,307;                                                     13P     19
510,1165,1,1,309;                                                     15P     20
510,1167,1,1,311;                                                     17P     21
510,1169,1,1,313;                                                     19P     22
510,1171,1,1,315;                                                     21P     23
510,1173,1,1,317;                                                     23P     24
510,1175,1,1,319;                                                     25P     25
510,1177,1,1,321;                                                     27P     26
510,1179,1,1,323;                                                     29P     27
510,1181,1,1,325;                                                     31P     28
510,1183,1,1,327;                                                     33P     29
510,1185,1,1,329;                                                     35P     30
510,1187,1,1,331;                                                     37P     31
510,1189,1,1,333;                                                     39P     32
510,1191,1,1,335;                                                     41P     33
510,1193,1,1,337;                                                     43P     34
510,1195,1,1,339;                                                     45P     35
510,1197,1,1,341;                                                     47P     36
510,1199,1,1,343;                                                     49P     37
510,1201,1,1,345;                                                     51P     38
510,1203,1,1,347;                                                     53P     39
510,1205,1,1,349;                                                     55P     40
510,1207,1,1,351;                                                     57P     41
510,1209,1,1,353;                                                     59P     42
510,1211,1,1,355;                                                     61P     43
510,1213,1,1,357;                                                     63P     44
510,1215,1,1,359;                                                     65P     45
510,1217,1,1,361;                                                     67P     46
510,1219,1,1,363;                                                     69P     47
510,1221,1,1,365;                                                     71P     48
510,1223,1,1,367;                                                     73P     49
510,1225,1,1,369;                                                     75P     50
510,1227,1,1,371;                                                     77P     51
510,1229,1,1,373;                                                     79P     52
510,1231,1,1,375;                                                     81P     53
510,1233,1,1,377;                                                     83P     54
510,1235,1,1,379;                                                     85P     55
510,1237,1,1,381;                                                     87P     56
510,1239,1,1,383;                                                     89P     57
510,1241,1,1,385;                                                     91P     58
510,1243,1,1,387;                                                     93P     59
510,1245,1,1,389;                                                     95P     60
510,1247,1,1,391;                                                     97P     61
510,1249,1,1,393;                                                     99P     62
510,1251,1,1,395;                                                    101P     63
510,1253,1,1,397;                                                    103P     64
510,1255,1,1,399;                                                    105P     65
510,1257,1,1,401;                                                    107P     66
510,1259,1,1,403;                                                    109P     67
510,1261,1,1,405;                                                    111P     68
510,1263,1,1,407;                                                    113P     69
510,1265,1,1,409;                                                    115P     70
510,1267,1,1,411;                                                    117P     71
510,1269,1,1,413;                                                    119P     72
510,1271,1,1,415;                                                    121P     73
510,1273,1,1,417;                                                    123P     74
510,1275,1,1,419;                                                    125P     75
510,1277,1,1,421;                                                    127P     76
510,1279,1,1,423;                                                    129P     77
510,1281,1,1,425;                                                    131P     78
510,1283,1,1,427;                                                    133P     79
510,1285,1,1,429;                                                    135P     80
510,1287,1,1,431;                                                    137P     81
510,1289,1,1,433;                                                    139P     82
510,1291,1,1,435;                                                    141P     83
510,1293,1,1,437;                                                    143P     84
510,1295,1,1,439;                                                    145P     85
510,1297,1,1,441;                                                    147P     86
510,1299,1,1,443;                                                    149P     87
510,1301,1,1,445;                                                    151P     88
510,1303,1,1,447;                                                    153P     89
510,1305,1,1,449;                                                    155P     90
510,1307,1,1,451;                                                    157P     91
510,1309,1,1,453;                                                    159P     92
510,1311,1,1,455;                                                    161P     93
510,1313,1,1,457;                                                    163P     94
510,1315,1,1,459;                                                    165P     95
510,1317,1,1,461;                                                    167P     96
510,1319,1,1,463;                                                    169P     97
510,1321,1,1,465;                                                    171P     98
510,1323,1,1,467;                                                    173P     99
510,1325,1,1,469;                                                    175P    100
510,1327,1,1,471;                                                    177P    101
510,1329,1,1,473;                                                    179P    102
510,1331,1,1,475;                                                    181P    103
510,1333,1,1,477;                                                    183P    104
510,1335,1,1,479;                                                    185P    105
510,1337,1,1,481;                                                    187P    106
510,1339,1,1,483;                                                    189P    107
510,1341,1,1,485;                                                    191P    108
510,1343,1,1,487;                                                    193P    109
510,1345,1,1,489;                                                    195P    110
510,1347,1,1,491;                                                    197P    111
510,1349,1,1,493;                                                    199P    112
510,1351,1,1,495;                                                    201P    113
510,1353,1,1,497;                                                    203P    114
510,1355,1,1,499;                                                    205P    115
510,1357,1,1,501;                                                    207P    116
510,1359,1,1,503;                                                    209P    117
510,1361,1,1,505;                                                    211P    118
510,1363,1,1,507;                                                    213P    119
510,1365,1,1,509;                                                    215P    120
510,1367,1,1,511;                                                    217P    121
510,1369,1,1,513;                                                    219P    122
510,1371,1,1,515;                                                    221P    123
510,1373,1,1,517;                                                    223P    124
510,1375,1,1,519;                                                    225P    125
510,1377,1,1,521;                                                    227P    126
510,1379,1,1,523;                                                    229P    127
510,1381,1,1,525;                                                    231P    128
510,1383,1,1,527;                                                    233P    129
510,1385,1,1,529;                                                    235P    130
510,1387,1,1,531;                                                    237P    131
510,1389,1,1,533;                                                    239P    132
510,1391,1,1,535;                                                    241P    133
510,1393,1,1,537;                                                    243P    134
510,1395,1,1,539;                                                    245P    135
510,1397,1,1,541;                                                    247P    136
510,1399,1,1,543;                                                    249P    137
510,1401,1,1,545;                                                    251P    138
510,1403,1,1,547;                                                    253P    139
508,4,0,1407,1,0,0,0,1407,2,1,0,0,1407,3,0,0,0,1407,2,0,0;           255P    140
508,1,0,1407,1,1,0;                                                  257P    141
508,15,0,1407,4,0,0,0,1407,5,0,0,0,1407,6,0,0,0,1407,7,0,0,0,        259P    142
1407,8,0,0,0,1407,9,0,0,0,1407,10,1,0,0,1407,11,0,0,0,1407,12,0,     259P    143
0,0,1407,13,0,0,0,1407,14,0,0,0,1407,15,0,0,0,1407,16,0,0,0,         259P    144
1407,17,0,0,0,1407,18,1,0;                                           259P    145
508,1,0,1407,19,1,0;                                                 261P    146
508,4,0,1407,20,0,0,0,1407,21,0,0,0,1407,22,0,0,0,1407,23,0,0;       263P    147
508,4,0,1407,24,0,0,0,1407,25,0,0,0,1407,26,0,0,0,1407,27,0,0;       265P    148
508,4,0,1407,28,0,0,0,1407,29,0,0,0,1407,30,0,0,0,1407,31,0,0;       267P    149
508,4,0,1407,32,0,0,0,1407,33,0,0,0,1407,34,0,0,0,1407,35,0,0;       269P    150
508,4,0,1407,36,0,0,0,1407,37,0,0,0,1407,38,0,0,0,1407,39,0,0;       271P    151
508,4,0,1407,40,0,0,0,1407,41,0,0,0,1407,42,0,0,0,1407,43,0,0;       273P    152
508,4,0,1407,44,0,0,0,1407,45,0,0,0,1407,46,0,0,0,1407,47,0,0;       275P    153
508,4,0,1407,48,0,0,0,1407,49,0,0,0,1407,50,0,0,0,1407,51,0,0;       277P    154
508,4,0,1407,52,0,0,0,1407,53,0,0,0,1407,54,0,0,0,1407,55,0,0;       279P    155
508,4,0,1407,56,0,0,0,1407,57,0,0,0,1407,58,0,0,0,1407,59,0,0;       281P    156
508,4,0,1407,60,0,0,0,1407,61,0,0,0,1407,62,0,0,0,1407,63,0,0;       283P    157
508,4,0,1407,64,0,0,0,1407,65,0,0,0,1407,66,0,0,0,1407,67,0,0;       285P    158
508,4,0,1407,68,0,0,0,1407,69,0,0,0,1407,70,0,0,0,1407,71,0,0;       287P    159
508,4,0,1407,72,0,0,0,1407,73,0,0,0,1407,74,0,0,0,1407,75,0,0;       289P    160
508,4,0,1407,76,0,0,0,1407,77,0,0,0,1407,78,0,0,0,1407,79,0,0;       291P    161
508,4,0,1407,80,0,0,0,1407,81,0,0,0,1407,82,0,0,0,1407,83,0,0;       293P    162
508,4,0,1407,84,0,0,0,1407,85,0,0,0,1407,86,0,0,0,1407,87,0,0;       295P    163
508,4,0,1407,88,0,0,0,1407,89,0,0,0,1407,90,0,0,0,1407,91,0,0;       297P    164
508,4,0,1407,92,0,0,0,1407,93,0,0,0,1407,94,0,0,0,1407,95,0,0;       299P    165
508,4,0,1407,96,1,0,0,1407,97,1,0,0,1407,98,0,0,0,1407,99,1,0;       301P    166
508,1,0,1407,3,1,0;                                                  303P    167
508,4,0,1407,100,0,0,0,1407,101,1,0,0,1407,19,0,0,0,1407,101,0,      305P    168
0;                                                                   305P    169
508,1,0,1407,100,1,0;                                                307P    170
508,4,0,1407,97,0,0,0,1407,102,0,0,0,1407,103,0,0,0,1407,104,0,      309P    171
0;                                                                   309P    172
508,4,0,1407,99,0,0,0,1407,105,1,0,0,1407,106,1,0,0,1407,107,1,      311P    173
0;                                                                   311P    174
508,4,0,1407,22,1,0,0,1407,108,1,0,0,1407,109,0,0,0,1407,110,0,      313P    175
0;                                                                   313P    176
508,4,0,1407,21,1,0,0,1407,111,1,0,0,1407,112,0,0,0,1407,108,0,      315P    177
0;                                                                   315P    178
508,4,0,1407,26,1,0,0,1407,113,1,0,0,1407,114,0,0,0,1407,115,0,      317P    179
0;                                                                   317P    180
508,4,0,1407,25,1,0,0,1407,116,1,0,0,1407,117,0,0,0,1407,113,0,      319P    181
0;                                                                   319P    182
508,4,0,1407,30,1,0,0,1407,118,1,0,0,1407,119,0,0,0,1407,120,0,      321P    183
0;                                                                   321P    184
508,4,0,1407,29,1,0,0,1407,121,1,0,0,1407,122,0,0,0,1407,118,0,      323P    185
0;                                                                   323P    186
508,4,0,1407,34,1,0,0,1407,123,1,0,0,1407,124,0,0,0,1407,125,0,      325P    187
0;                                                                   325P    188
508,4,0,1407,33,1,0,0,1407,126,1,0,0,1407,127,0,0,0,1407,123,0,      327P    189
0;                                                                   327P    190
508,4,0,1407,38,1,0,0,1407,128,1,0,0,1407,129,0,0,0,1407,130,0,      329P    191
0;                                                                   329P    192
508,4,0,1407,37,1,0,0,1407,131,1,0,0,1407,132,0,0,0,1407,128,0,      331P    193
0;                                                                   331P    194
508,4,0,1407,42,1,0,0,1407,133,1,0,0,1407,134,0,0,0,1407,135,0,      333P    195
0;                                                                   333P    196
508,4,0,1407,41,1,0,0,1407,136,1,0,0,1407,137,0,0,0,1407,133,0,      335P    197
0;                                                                   335P    198
508,4,0,1407,46,1,0,0,1407,138,1,0,0,1407,139,0,0,0,1407,140,0,      337P    199
0;                                                                   337P    200
508,4,0,1407,45,1,0,0,1407,141,1,0,0,1407,142,0,0,0,1407,138,0,      339P    201
0;                                                                   339P    202
508,4,0,1407,50,1,0,0,1407,143,1,0,0,1407,144,0,0,0,1407,145,0,      341P    203
0;                                                                   341P    204
508,4,0,1407,49,1,0,0,1407,146,1,0,0,1407,147,0,0,0,1407,143,0,      343P    205
0;                                                                   343P    206
508,4,0,1407,54,1,0,0,1407,148,1,0,0,1407,149,0,0,0,1407,150,0,      345P    207
0;                                                                   345P    208
508,4,0,1407,53,1,0,0,1407,151,1,0,0,1407,152,0,0,0,1407,148,0,      347P    209
0;                                                                   347P    210
508,4,0,1407,58,1,0,0,1407,153,1,0,0,1407,154,0,0,0,1407,155,0,      349P    211
0;                                                                   349P    212
508,4,0,1407,57,1,0,0,1407,156,1,0,0,1407,157,0,0,0,1407,153,0,      351P    213
0;                                                                   351P    214
508,4,0,1407,62,1,0,0,1407,158,1,0,0,1407,159,0,0,0,1407,160,0,      353P    215
0;                                                                   353P    216
508,4,0,1407,61,1,0,0,1407,161,1,0,0,1407,162,0,0,0,1407,158,0,      355P    217
0;                                                                   355P    218
508,4,0,1407,102,1,0,0,1407,96,0,0,0,1407,107,0,0,0,1407,163,0,      357P    219
0;                                                                   357P    220
508,4,0,1407,66,1,0,0,1407,164,1,0,0,1407,165,0,0,0,1407,166,0,      359P    221
0;                                                                   359P    222
508,4,0,1407,65,1,0,0,1407,167,1,0,0,1407,168,0,0,0,1407,164,0,      361P    223
0;                                                                   361P    224
508,4,0,1407,70,1,0,0,1407,169,1,0,0,1407,170,0,0,0,1407,171,0,      363P    225
0;                                                                   363P    226
508,4,0,1407,69,1,0,0,1407,172,1,0,0,1407,173,0,0,0,1407,169,0,      365P    227
0;                                                                   365P    228
508,4,0,1407,74,1,0,0,1407,174,1,0,0,1407,175,0,0,0,1407,176,0,      367P    229
0;                                                                   367P    230
508,4,0,1407,73,1,0,0,1407,177,1,0,0,1407,178,0,0,0,1407,174,0,      369P    231
0;                                                                   369P    232
508,4,0,1407,78,1,0,0,1407,179,1,0,0,1407,180,0,0,0,1407,181,0,      371P    233
0;                                                                   371P    234
508,4,0,1407,77,1,0,0,1407,182,1,0,0,1407,183,0,0,0,1407,179,0,      373P    235
0;                                                                   373P    236
508,4,0,1407,82,1,0,0,1407,184,1,0,0,1407,185,0,0,0,1407,186,0,      375P    237
0;                                                                   375P    238
508,4,0,1407,81,1,0,0,1407,187,1,0,0,1407,188,0,0,0,1407,184,0,      377P    239
0;                                                                   377P    240
508,4,0,1407,86,1,0,0,1407,189,1,0,0,1407,190,0,0,0,1407,191,0,      379P    241
0;                                                                   379P    242
508,4,0,1407,85,1,0,0,1407,192,1,0,0,1407,193,0,0,0,1407,189,0,      381P    243
0;                                                                   381P    244
508,4,0,1407,90,1,0,0,1407,194,1,0,0,1407,195,0,0,0,1407,196,0,      383P    245
0;                                                                   383P    246
508,4,0,1407,89,1,0,0,1407,197,1,0,0,1407,198,0,0,0,1407,194,0,      385P    247
0;                                                                   385P    248
508,4,0,1407,94,1,0,0,1407,199,1,0,0,1407,200,0,0,0,1407,201,0,      387P    249
0;                                                                   387P    250
508,4,0,1407,93,1,0,0,1407,202,1,0,0,1407,203,0,0,0,1407,199,0,      389P    251
0;                                                                   389P    252
508,4,0,1407,12,1,0,0,1407,204,1,0,0,1407,205,1,0,0,1407,206,1,      391P    253
0;                                                                   391P    254
508,4,0,1407,11,1,0,0,1407,207,0,0,0,1407,208,0,0,0,1407,204,0,      393P    255
0;                                                                   393P    256
508,4,0,1407,9,1,0,0,1407,209,1,0,0,1407,210,0,0,0,1407,211,0,0;     395P    257
508,4,0,1407,8,1,0,0,1407,212,1,0,0,1407,213,0,0,0,1407,209,0,0;     397P    258
508,4,0,1407,7,1,0,0,1407,214,1,0,0,1407,215,0,0,0,1407,212,0,0;     399P    259
508,4,0,1407,6,1,0,0,1407,216,1,0,0,1407,217,1,0,0,1407,214,0,0;     401P    260
508,4,0,1407,5,1,0,0,1407,218,1,0,0,1407,219,0,0,0,1407,216,0,0;     403P    261
508,4,0,1407,92,1,0,0,1407,220,1,0,0,1407,221,0,0,0,1407,202,0,      405P    262
0;                                                                   405P    263
508,4,0,1407,95,1,0,0,1407,201,1,0,0,1407,222,0,0,0,1407,220,0,      407P    264
0;                                                                   407P    265
508,4,0,1407,222,1,0,0,1407,200,1,0,0,1407,203,1,0,0,1407,221,1,     409P    266
0;                                                                   409P    267
508,4,0,1407,88,1,0,0,1407,223,1,0,0,1407,224,0,0,0,1407,197,0,      411P    268
0;                                                                   411P    269
508,4,0,1407,91,1,0,0,1407,196,1,0,0,1407,225,0,0,0,1407,223,0,      413P    270
0;                                                                   413P    271
508,4,0,1407,225,1,0,0,1407,195,1,0,0,1407,198,1,0,0,1407,224,1,     415P    272
0;                                                                   415P    273
508,4,0,1407,84,1,0,0,1407,226,1,0,0,1407,227,0,0,0,1407,192,0,      417P    274
0;                                                                   417P    275
508,4,0,1407,87,1,0,0,1407,191,1,0,0,1407,228,0,0,0,1407,226,0,      419P    276
0;                                                                   419P    277
508,4,0,1407,228,1,0,0,1407,190,1,0,0,1407,193,1,0,0,1407,227,1,     421P    278
0;                                                                   421P    279
508,4,0,1407,80,1,0,0,1407,229,1,0,0,1407,230,0,0,0,1407,187,0,      423P    280
0;                                                                   423P    281
508,4,0,1407,83,1,0,0,1407,186,1,0,0,1407,231,0,0,0,1407,229,0,      425P    282
0;                                                                   425P    283
508,4,0,1407,231,1,0,0,1407,185,1,0,0,1407,188,1,0,0,1407,230,1,     427P    284
0;                                                                   427P    285
508,4,0,1407,76,1,0,0,1407,232,1,0,0,1407,233,0,0,0,1407,182,0,      429P    286
0;                                                                   429P    287
508,4,0,1407,79,1,0,0,1407,181,1,0,0,1407,234,0,0,0,1407,232,0,      431P    288
0;                                                                   431P    289
508,4,0,1407,234,1,0,0,1407,180,1,0,0,1407,183,1,0,0,1407,233,1,     433P    290
0;                                                                   433P    291
508,4,0,1407,72,1,0,0,1407,235,1,0,0,1407,236,0,0,0,1407,177,0,      435P    292
0;                                                                   435P    293
508,4,0,1407,75,1,0,0,1407,176,1,0,0,1407,237,0,0,0,1407,235,0,      437P    294
0;                                                                   437P    295
508,4,0,1407,237,1,0,0,1407,175,1,0,0,1407,178,1,0,0,1407,236,1,     439P    296
0;                                                                   439P    297
508,4,0,1407,68,1,0,0,1407,238,1,0,0,1407,239,0,0,0,1407,172,0,      441P    298
0;                                                                   441P    299
508,4,0,1407,71,1,0,0,1407,171,1,0,0,1407,240,0,0,0,1407,238,0,      443P    300
0;                                                                   443P    301
508,4,0,1407,240,1,0,0,1407,170,1,0,0,1407,173,1,0,0,1407,239,1,     445P    302
0;                                                                   445P    303
508,4,0,1407,64,1,0,0,1407,241,1,0,0,1407,242,0,0,0,1407,167,0,      447P    304
0;                                                                   447P    305
508,4,0,1407,67,1,0,0,1407,166,1,0,0,1407,243,0,0,0,1407,241,0,      449P    306
0;                                                                   449P    307
508,4,0,1407,243,1,0,0,1407,165,1,0,0,1407,168,1,0,0,1407,242,1,     451P    308
0;                                                                   451P    309
508,4,0,1407,104,1,0,0,1407,244,1,0,0,1407,105,0,0,0,1407,98,1,      453P    310
0;                                                                   453P    311
508,4,0,1407,103,1,0,0,1407,163,1,0,0,1407,106,0,0,0,1407,244,0,     455P    312
0;                                                                   455P    313
508,4,0,1407,60,1,0,0,1407,245,1,0,0,1407,246,0,0,0,1407,161,0,      457P    314
0;                                                                   457P    315
508,4,0,1407,63,1,0,0,1407,160,1,0,0,1407,247,0,0,0,1407,245,0,      459P    316
0;                                                                   459P    317
508,4,0,1407,247,1,0,0,1407,159,1,0,0,1407,162,1,0,0,1407,246,1,     461P    318
0;                                                                   461P    319
508,4,0,1407,56,1,0,0,1407,248,1,0,0,1407,249,0,0,0,1407,156,0,      463P    320
0;                                                                   463P    321
508,4,0,1407,59,1,0,0,1407,155,1,0,0,1407,250,0,0,0,1407,248,0,      465P    322
0;                                                                   465P    323
508,4,0,1407,250,1,0,0,1407,154,1,0,0,1407,157,1,0,0,1407,249,1,     467P    324
0;                                                                   467P    325
508,4,0,1407,52,1,0,0,1407,251,1,0,0,1407,252,0,0,0,1407,151,0,      469P    326
0;                                                                   469P    327
508,4,0,1407,55,1,0,0,1407,150,1,0,0,1407,253,0,0,0,1407,251,0,      471P    328
0;                                                                   471P    329
508,4,0,1407,253,1,0,0,1407,149,1,0,0,1407,152,1,0,0,1407,252,1,     473P    330
0;                                                                   473P    331
508,4,0,1407,48,1,0,0,1407,254,1,0,0,1407,255,0,0,0,1407,146,0,      475P    332
0;                                                                   475P    333
508,4,0,1407,51,1,0,0,1407,145,1,0,0,1407,256,0,0,0,1407,254,0,      477P    334
0;                                                                   477P    335
508,4,0,1407,256,1,0,0,1407,144,1,0,0,1407,147,1,0,0,1407,255,1,     479P    336
0;                                                                   479P    337
508,4,0,1407,44,1,0,0,1407,257,1,0,0,1407,258,0,0,0,1407,141,0,      481P    338
0;                                                                   481P    339
508,4,0,1407,47,1,0,0,1407,140,1,0,0,1407,259,0,0,0,1407,257,0,      483P    340
0;                                                                   483P    341
508,4,0,1407,259,1,0,0,1407,139,1,0,0,1407,142,1,0,0,1407,258,1,     485P    342
0;                                                                   485P    343
508,4,0,1407,40,1,0,0,1407,260,1,0,0,1407,261,0,0,0,1407,136,0,      487P    344
0;                                                                   487P    345
508,4,0,1407,43,1,0,0,1407,135,1,0,0,1407,262,0,0,0,1407,260,0,      489P    346
0;                                                                   489P    347
508,4,0,1407,262,1,0,0,1407,134,1,0,0,1407,137,1,0,0,1407,261,1,     491P    348
0;                                                                   491P    349
508,4,0,1407,36,1,0,0,1407,263,1,0,0,1407,264,0,0,0,1407,131,0,      493P    350
0;                                                                   493P    351
508,4,0,1407,39,1,0,0,1407,130,1,0,0,1407,265,0,0,0,1407,263,0,      495P    352
0;                                                                   495P    353
508,4,0,1407,265,1,0,0,1407,129,1,0,0,1407,132,1,0,0,1407,264,1,     497P    354
0;                                                                   497P    355
508,4,0,1407,32,1,0,0,1407,266,1,0,0,1407,267,0,0,0,1407,126,0,      499P    356
0;                                                                   499P    357
508,4,0,1407,35,1,0,0,1407,125,1,0,0,1407,268,0,0,0,1407,266,0,      501P    358
0;                                                                   501P    359
508,4,0,1407,268,1,0,0,1407,124,1,0,0,1407,127,1,0,0,1407,267,1,     503P    360
0;                                                                   503P    361
508,4,0,1407,28,1,0,0,1407,269,1,0,0,1407,270,0,0,0,1407,121,0,      505P    362
0;                                                                   505P    363
508,4,0,1407,31,1,0,0,1407,120,1,0,0,1407,271,0,0,0,1407,269,0,      507P    364
0;                                                                   507P    365
508,4,0,1407,271,1,0,0,1407,119,1,0,0,1407,122,1,0,0,1407,270,1,     509P    366
0;                                                                   509P    367
508,4,0,1407,24,1,0,0,1407,272,1,0,0,1407,273,0,0,0,1407,116,0,      511P    368
0;                                                                   511P    369
508,4,0,1407,27,1,0,0,1407,115,1,0,0,1407,274,0,0,0,1407,272,0,      513P    370
0;                                                                   513P    371
508,4,0,1407,274,1,0,0,1407,114,1,0,0,1407,117,1,0,0,1407,273,1,     515P    372
0;                                                                   515P    373
508,4,0,1407,20,1,0,0,1407,275,1,0,0,1407,276,0,0,0,1407,111,0,      517P    374
0;                                                                   517P    375
508,4,0,1407,23,1,0,0,1407,110,1,0,0,1407,277,0,0,0,1407,275,0,      519P    376
0;                                                                   519P    377
508,4,0,1407,277,1,0,0,1407,109,1,0,0,1407,112,1,0,0,1407,276,1,     521P    378
0;                                                                   521P    379
508,7,0,1407,219,1,0,0,1407,278,1,0,0,1407,279,1,0,0,1407,210,1,     523P    380
0,0,1407,213,1,0,0,1407,215,1,0,0,1407,217,0,0;                      523P    381
508,4,0,1407,14,1,0,0,1407,280,1,0,0,1407,281,1,0,0,1407,282,1,      525P    382
0;                                                                   525P    383
508,12,0,1407,281,0,0,0,1407,283,1,0,0,1407,205,0,0,0,1407,208,      527P    384
1,0,0,1407,284,1,0,0,1407,285,1,0,0,1407,286,1,0,0,1407,287,1,0,     527P    385
0,1407,288,1,0,0,1407,289,1,0,0,1407,290,0,0,0,1407,291,1,0;         527P    386
508,4,0,1407,13,1,0,0,1407,206,0,0,0,1407,283,0,0,0,1407,280,0,      529P    387
0;                                                                   529P    388
508,4,0,1407,16,1,0,0,1407,292,1,0,0,1407,290,1,0,0,1407,293,1,      531P    389
0;                                                                   531P    390
508,4,0,1407,15,1,0,0,1407,282,0,0,0,1407,291,0,0,0,1407,292,0,      533P    391
0;                                                                   533P    392
508,4,0,1407,4,1,0,0,1407,294,1,0,0,1407,278,0,0,0,1407,218,0,0;     535P    393
508,4,0,1407,295,1,0,0,1407,296,1,0,0,1407,297,1,0,0,1407,298,1,     537P    394
0;                                                                   537P    395
508,4,0,1407,17,1,0,0,1407,293,0,0,0,1407,289,0,0,0,1407,299,0,      539P    396
0;                                                                   539P    397
508,12,0,1407,207,1,0,0,1407,10,0,0,0,1407,211,1,0,0,1407,279,0,     541P    398
0,0,1407,294,0,0,0,1407,18,0,0,0,1407,299,1,0,0,1407,288,0,0,0,      541P    399
1407,300,0,0,0,1407,297,0,0,0,1407,301,1,0,0,1407,284,0,0;           541P    400
508,4,0,1407,302,0,0,0,1407,285,0,0,0,1407,301,0,0,0,1407,296,0,     543P    401
0;                                                                   543P    402
508,4,0,1407,300,1,0,0,1407,287,0,0,0,1407,303,0,0,0,1407,298,0,     545P    403
0;                                                                   545P    404
508,4,0,1407,303,1,0,0,1407,286,0,0,0,1407,302,1,0,0,1407,295,0,     547P    405
0;                                                                   547P    406
126,8,2,0,1,0,0,-3.14159265358979,-3.14159265358979,                 549P    407
-3.14159265358979,-1.5707963267949,-1.5707963267949,0.,0.,           549P    408
1.5707963267949,1.5707963267949,3.14159265358979,                    549P    409
3.14159265358979,3.14159265358979,1.,0.707106781186548,1.,           549P    410
0.707106781186548,1.,0.707106781186548,1.,0.707106781186548,1.,      549P    411
-20.750000603497,2.41867742831602D-15,25.01,-20.750000603497,        549P    412
19.75,25.01,-40.500000603497,19.75,25.01,-60.250000603497,19.75,     549P    413
25.01,-60.250000603497,0.,25.01,-60.250000603497,-19.75,25.01,       549P    414
-40.500000603497,-19.75,25.01,-20.750000603497,-19.75,25.01,         549P    415
-20.750000603497,-2.41867742831602D-15,25.01,-3.14159265358979,      549P    416
3.14159265358979,0.,0.,0.;                                           549P    417
126,1,1,0,0,1,0,-0.759493670886076,-0.759493670886076,0.,0.,1.,      551P    418
1.,-20.750000603497,0.,25.01,-20.750000603497,0.,10.01,              551P    419
-0.759493670886076,0.,0.,0.,0.;                                      551P    420
126,8,2,0,1,0,0,-3.14159265358979,-3.14159265358979,                 553P    421
-3.14159265358979,-1.5707963267949,-1.5707963267949,0.,0.,           553P    422
1.5707963267949,1.5707963267949,3.14159265358979,                    553P    423
3.14159265358979,3.14159265358979,1.,0.707106781186548,1.,           553P    424
0.707106781186548,1.,0.707106781186548,1.,0.707106781186548,1.,      553P    425
-20.750000603497,-2.41867742831602D-15,10.01,-20.750000603497,       553P    426
-19.75,10.01,-40.500000603497,-19.75,10.01,-60.250000603497,         553P    427
-19.75,10.01,-60.250000603497,0.,10.01,-60.250000603497,19.75,       553P    428
10.01,-40.500000603497,19.75,10.01,-20.750000603497,19.75,10.01,     553P    429
-20.750000603497,2.41867742831602D-15,10.01,-3.14159265358979,       553P    430
3.14159265358979,0.,0.,0.;                                           553P    431
126,1,1,0,0,1,0,0.875,0.875,4.375,4.375,1.,1.,                       555P    432
2.47276946393785D-15,25.,10.01,0.,60.,10.01,0.875,4.375,0.,0.,       555P    433
0.;                                                                  555P    434
126,102,3,0,0,1,0,-5.37945581428665,-5.37945581428665,               557P    435
-5.37945581428665,-5.37945581428665,-5.23476237185,                  557P    436
-5.23476237185,-5.23476237185,-5.08891767774157,                     557P    437
-5.08891767774157,-5.08891767774157,-4.94186468815217,               557P    438
-4.94186468815217,-4.94186468815217,-4.78743141664742,               557P    439
-4.78743141664742,-4.78743141664742,-4.63334469126217,               557P    440
-4.63334469126217,-4.63334469126217,-4.47443741814501,               557P    441
-4.47443741814501,-4.47443741814501,-4.30920916595888,               557P    442
-4.30920916595888,-4.30920916595888,-4.13115072353574,               557P    443
-4.13115072353574,-4.13115072353574,-3.92639202076817,               557P    444
-3.92639202076817,-3.92639202076817,-3.68099251947016,               557P    445
-3.68099251947016,-3.68099251947016,-3.49024386322101,               557P    446
-3.49024386322101,-3.49024386322101,-3.32792798221641,               557P    447
-3.32792798221641,-3.32792798221641,-3.1794885553607,                557P    448
-3.1794885553607,-3.1794885553607,-3.04207236778845,                 557P    449
-3.04207236778845,-3.04207236778845,-2.91225801012762,               557P    450
-2.91225801012762,-2.91225801012762,-2.78802864731271,               557P    451
-2.78802864731271,-2.78802864731271,-2.66742337070627,               557P    452
-2.66742337070627,-2.66742337070627,-2.54428987313999,               557P    453
-2.54428987313999,-2.54428987313999,-2.41625694280262,               557P    454
-2.41625694280262,-2.41625694280262,-2.28189027377849,               557P    455
-2.28189027377849,-2.28189027377849,-2.13337527043455,               557P    456
-2.13337527043455,-2.13337527043455,-1.97260136288153,               557P    457
-1.97260136288153,-1.97260136288153,-1.79128469352111,               557P    458
-1.79128469352111,-1.79128469352111,-1.50247653537396,               557P    459
-1.50247653537396,-1.50247653537396,-1.30852822774426,               557P    460
-1.30852822774426,-1.30852822774426,-1.13562347262185,               557P    461
-1.13562347262185,-1.13562347262185,-0.972432244022123,              557P    462
-0.972432244022123,-0.972432244022123,-0.814653767870018,            557P    463
-0.814653767870018,-0.814653767870018,-0.661300731576301,            557P    464
-0.661300731576301,-0.661300731576301,-0.511672922945861,            557P    465
-0.511672922945861,-0.511672922945861,-0.364522240091851,            557P    466
-0.364522240091851,-0.364522240091851,-0.218322839182023,            557P    467
-0.218322839182023,-0.218322839182023,-0.0734840465638943,           557P    468
-0.0734840465638943,-0.0734840465638943,0.,0.,0.,0.,1.,1.,1.,1.,     557P    469
1.,1.,1.,1.,1.,1.,1.,1.,1.,1.,1.,1.,1.,1.,1.,1.,1.,1.,1.,1.,1.,      557P    470
1.,1.,1.,1.,1.,1.,1.,1.,1.,1.,1.,1.,1.,1.,1.,1.,1.,1.,1.,1.,1.,      557P    471
1.,1.,1.,1.,1.,1.,1.,1.,1.,1.,1.,1.,1.,1.,1.,1.,1.,1.,1.,1.,1.,      557P    472
1.,1.,1.,1.,1.,1.,1.,1.,1.,1.,1.,1.,1.,1.,1.,1.,1.,1.,1.,1.,1.,      557P    473
1.,1.,1.,1.,1.,1.,1.,1.,1.,1.,1.,1.,1.,1.,1.,-5.,25.,10.01,          557P    474
-4.93717652519886,24.3744585755723,10.01,-4.87477524422846,          557P    475
23.7635938805662,10.01,-4.8127969022992,23.16743182074,10.01,        557P    476
-4.75032543042183,22.5665264045013,10.01,-4.68828365583536,          557P    477
21.9805585605636,10.01,-4.62667386217752,21.4096076750537,10.01,     557P    478
-4.564553643127,20.8339265703265,10.01,-4.5028725937248,             557P    479
20.2735123255798,10.01,-4.44163457521124,19.7284991691591,10.01,     557P    480
-4.37732314865728,19.1561329425752,10.01,-4.3135003287473,           557P    481
18.6007521548705,10.01,-4.25017233804418,18.0625731210759,10.01,     557P    482
-4.18698645447392,17.5256017535694,10.01,-4.12429319340596,          557P    483
17.0057554282747,10.01,-4.06210040690062,16.5033071064637,10.01,     557P    484
-3.99796194145908,15.985139869788,10.01,-3.93435575966336,           557P    485
15.4854764161527,10.01,-3.87129213589054,15.0046739138575,10.01,     557P    486
-3.80571998095951,14.5047461538336,10.01,-3.74073441123315,          557P    487
14.0252098626207,10.01,-3.6763486709181,13.5665254487392,10.01,      557P    488
-3.60696329352002,13.0722235892273,10.01,-3.53827452552908,          557P    489
12.602137971253,10.01,-3.47030081401783,12.1569098706304,10.01,      557P    490
-3.39213429294793,11.6449188238789,10.01,-3.31491338159985,          557P    491
11.1658000197205,10.01,-3.23866826980838,10.7206029477594,10.01,     557P    492
-3.14728991979374,10.187042527802,10.01,-3.05731328955415,           557P    493
9.70221010992574,10.01,-2.96879209906916,9.26797316245152,10.01,     557P    494
-2.89998471337655,8.93044144870996,10.01,-2.83205679556121,          557P    495
8.62348268779156,10.01,-2.76503294026901,8.34795186367803,10.01,     557P    496
-2.70799958373585,8.1134913472092,10.01,-2.65162088016338,           557P    497
7.901788539805,10.01,-2.59591084726769,7.71333073950479,10.01,       557P    498
-2.54496348893178,7.5409842772245,10.01,-2.49457536994974,           557P    499
7.38807865960071,10.01,-2.4447559749821,7.25494360200639,10.01,      557P    500
-2.39863621105803,7.13169526809435,10.01,-2.35300385094394,          557P    501
7.02539055892754,10.01,-2.30786516217638,6.93624735295786,10.01,     557P    502
-2.26522353463936,6.85203552735546,10.01,-2.22302247847918,          557P    503
6.78313929003904,10.01,-2.18126596443231,6.72969667577028,10.01,     557P    504
-2.14130593823114,6.67855331969314,10.01,-2.10175303286683,          557P    505
6.64156271036253,10.01,-2.06260937789607,6.61879887758354,10.01,     557P    506
-2.02460764281376,6.59669912365482,10.01,-1.98699163594132,          557P    507
6.58800844431227,10.01,-1.94976189873267,6.5927456621256,10.01,      557P    508
-1.91175172301761,6.59758218515761,10.01,-1.87414418038996,          557P    509
6.61641544724565,10.01,-1.83693824735311,6.64920986856386,10.01,     557P    510
-1.79825190507585,6.68330916683018,10.01,-1.75999976131013,          557P    511
6.73250251338592,10.01,-1.72217903275321,6.79669315224394,10.01,     557P    512
-1.68248732763589,6.86405927674921,10.01,-1.64327076886711,          557P    513
6.94794291971454,10.01,-1.60452449066484,7.04817493189805,10.01,     557P    514
-1.56169836660767,7.15896101994144,10.01,-1.51944677233448,          557P    515
7.28971949405426,10.01,-1.47776123784396,7.44015591147474,10.01,     557P    516
-1.43263484577865,7.60300983277828,10.01,-1.38817180280612,          557P    517
7.78892376689398,10.01,-1.34435942885435,7.99745691632033,10.01,     557P    518
-1.29494896267477,8.23263522778083,10.01,-1.24636604315,             557P    519
8.49658155395771,10.01,-1.19859038945752,8.78859087236323,10.01,     557P    520
-1.12249149245113,9.25371453533357,10.01,-1.04844063933171,          557P    521
9.7900343735731,10.01,-0.97635090391215,10.394528570951,10.01,       557P    522
-0.927939244519296,10.8004749517789,10.01,-0.880411894458969,        557P    523
11.2371625889983,10.01,-0.833742950734793,11.7036910164218,          557P    524
10.01,-0.792137626176578,12.1196007218848,10.01,                     557P    525
-0.751214512692739,12.5592261394623,10.01,-0.710956260849727,        557P    526
13.0219641505787,10.01,-0.672959656448149,13.4587062430701,          557P    527
10.01,-0.635555292905899,13.9160364119644,10.01,                     557P    528
-0.598729828082726,14.3934908442732,10.01,-0.563125796093699,        557P    529
14.8551089925532,10.01,-0.528062890771412,15.3355383339196,          557P    530
10.01,-0.49353041406823,15.8344069720086,10.01,                      557P    531
-0.459966519408289,16.3192831238665,10.01,-0.426903709536629,        557P    532
16.821578492489,10.01,-0.394333559917269,17.3410002156261,10.01,     557P    533
-0.36255459921266,17.8478042285521,10.01,-0.331244649207725,         557P    534
18.3709124662991,10.01,-0.300397313908856,18.910102584861,10.01,     557P    535
-0.270060663957199,19.4403662762213,10.01,-0.240171436713772,        557P    536
19.9861837287857,10.01,-0.210725006381022,20.547394135896,10.01,     557P    537
-0.181468937771051,21.104976497816,10.01,-0.152649957670287,         557P    538
21.6777533730502,10.01,-0.124265001308965,22.2656182209689,          557P    539
10.01,-0.0961442102365867,22.8480120903371,10.01,                    557P    540
-0.0684494010091005,23.4452143719089,10.01,-0.0411790627033126,      557P    541
24.0571725414424,10.01,-0.0273434405357135,24.367649878434,          557P    542
10.01,-0.0136171027397739,24.6819262694049,10.01,0.,25.,10.01,       557P    543
-5.37945581428665,0.,0.,0.,0.;                                       557P    544
126,1,1,0,0,1,0,-1.75,-1.75,-1.25,-1.25,1.,1.,-5.,30.,10.01,-5.,     559P    545
25.,10.01,-1.75,-1.25,0.,0.,0.;                                      559P    546
126,1,1,0,0,1,0,-0.375,-0.375,-0.125,-0.125,1.,1.,-7.5,30.,          561P    547
10.01,-5.,30.,10.01,-0.375,-0.125,0.,0.,0.;                          561P    548
126,2,2,0,0,0,0,0.,0.,0.,1.5707963267949,1.5707963267949,            563P    549
1.5707963267949,1.,0.707106781186548,1.,-10.,32.5,10.01,-10.,        563P    550
30.,10.01,-7.5,30.,10.01,0.,1.5707963267949,0.,0.,0.;                563P    551
126,1,1,0,0,1,0,-3.,-3.,-0.25,-0.25,1.,1.,-10.,60.,10.01,-10.,       565P    552
32.5,10.01,-3.,-0.25,0.,0.,0.;                                       565P    553
126,1,1,0,0,1,0,11.,11.,12.5000000372529,12.5000000372529,1.,1.,     567P    554
-10.,60.,10.01,-25.000000372529,60.,10.01,11.,12.5000000372529,      567P    555
0.,0.,0.;                                                            567P    556
126,1,1,0,0,1,0,1.58257566041392,1.58257566041392,                   569P    557
3.00000004470348,3.00000004470348,1.,1.,-25.000000372529,            569P    558
45.825757051174,10.01,-25.000000372529,60.0000008940697,10.01,       569P    559
1.58257566041392,3.00000004470348,0.,0.,0.;                          569P    560
126,4,2,0,0,0,0,-0.918545167891916,-0.918545167891916,               571P    561
-0.918545167891916,-1.49880108324396D-15,-1.49880108324396D-15,      571P    562
0.918545167891913,0.918545167891913,0.918545167891913,1.,            571P    563
0.896375195411253,1.,0.896375195411242,1.,-28.1578950897643,         571P    564
43.4138751011122,10.01,-26.9651154630434,43.0885177944557,10.01,     571P    565
-25.9825579177862,43.8389585217443,10.01,-25.000000372529,           571P    566
44.5893992490329,10.01,-25.000000372529,45.825757051174,10.01,       571P    567
-0.918545167891916,0.918545167891913,0.,0.,0.;                       571P    568
126,6,2,0,0,0,0,1.80058073641371,1.80058073641371,                   573P    569
1.80058073641371,3.27026795984727,3.27026795984727,                  573P    570
4.73995518328083,4.73995518328083,6.2096424067144,                   573P    571
6.2096424067144,6.2096424067144,1.,0.741935616304332,1.,             573P    572
0.741935616304333,1.,0.741935616304332,1.,-2.10526315789474,         573P    573
-24.269093919378,10.01,-24.0367172609831,-58.5137461738921,          573P    574
10.01,-60.3201695505219,-40.150849423618,10.01,                      573P    575
-96.6036218400607,-21.7879526733438,10.01,-81.9968473963788,         573P    576
16.1636879691879,10.01,-67.3900729526969,54.1153286117197,10.01,     573P    577
-28.1578950897643,43.4138751011122,10.01,1.80058073641371,           573P    578
6.2096424067144,0.,0.,0.;                                            573P    579
126,4,2,0,0,0,0,-1.00117500772196,-1.00117500772196,                 575P    580
-1.00117500772196,1.11022302462516D-15,1.11022302462516D-15,         575P    581
1.00117500772197,1.00117500772197,1.00117500772197,1.,               575P    582
0.877300746098048,1.,0.87730074609805,1.,2.10526315789473,           575P    583
-24.269093919378,10.01,1.36766394281881,-23.117376914899,10.01,      575P    584
-7.54016818182499D-15,-23.117376914899,10.01,-1.36766394281882,      575P    585
-23.117376914899,10.01,-2.10526315789474,-24.269093919378,10.01,     575P    586
-1.00117500772196,1.00117500772197,0.,0.,0.;                         575P    587
126,8,2,0,0,0,0,1.42924147668742,1.42924147668742,                   577P    588
1.42924147668742,2.61929266695733,2.61929266695733,                  577P    589
3.80934385722725,3.80934385722725,4.99939504749716,                  577P    590
4.99939504749716,6.18944623776707,6.18944623776707,                  577P    591
6.18944623776707,1.,0.828134152271109,1.,0.828134152271114,1.,       577P    592
0.828134152271111,1.,0.828134152271112,1.,13.9473685622215,          577P    593
36.6914212748331,10.01,38.7822826987544,54.3253760879097,10.01,      577P    594
64.3823953506324,37.821935394232,10.01,89.9825080025105,             577P    595
21.3184947005543,10.01,84.1742298253935,-8.58122481545139,10.01,     577P    596
78.3659516482765,-38.4809443314571,10.01,48.4489832102612,           577P    597
-44.1997136044197,10.01,18.5320147722459,-49.9184828773824,          577P    598
10.01,2.10526315789473,-24.269093919378,10.01,1.42924147668742,      577P    599
6.18944623776707,0.,0.,0.;                                           577P    600
126,4,2,0,0,0,0,-1.0941167132814,-1.0941167132814,                   579P    601
-1.0941167132814,-4.44089209850063D-15,-4.44089209850063D-15,        579P    602
1.09411671328139,1.09411671328139,1.09411671328139,1.,               579P    603
0.854058390700074,1.,0.854058390700057,1.,10.0000001490116,          579P    604
38.7298335678794,10.01,10.0000001490116,37.2071708505562,10.01,      579P    605
11.3529214753856,36.5085252784895,10.01,12.7058428017596,            579P    606
35.8098797064227,10.01,13.9473685622215,36.6914212748331,10.01,      579P    607
-1.0941167132814,1.09411671328139,0.,0.,0.;                          579P    608
126,1,1,0,0,1,0,-4.32294909961812,-4.32294909961812,                 581P    609
-2.1959323669991,-2.1959323669991,1.,1.,10.0000001490116,            581P    610
60.0000008940697,10.01,10.0000001490116,38.7298335678794,10.01,      581P    611
-4.32294909961812,-2.1959323669991,0.,0.,0.;                         581P    612
126,1,1,0,0,1,0,8.99999998509884,8.99999998509884,10.,10.,1.,1.,     583P    613
10.0000001490116,60.,10.01,0.,60.,10.01,8.99999998509884,10.,0.,     583P    614
0.,0.;                                                               583P    615
126,8,2,0,1,0,0,-3.14159265358979,-3.14159265358979,                 585P    616
-3.14159265358979,-1.5707963267949,-1.5707963267949,0.,0.,           585P    617
1.5707963267949,1.5707963267949,3.14159265358979,                    585P    618
3.14159265358979,3.14159265358979,1.,0.707106781186548,1.,           585P    619
0.707106781186548,1.,0.707106781186548,1.,0.707106781186548,1.,      585P    620
60.7500006109476,-2.41867742831602D-15,10.01,60.7500006109476,       585P    621
-19.75,10.01,41.0000006109476,-19.75,10.01,21.2500006109476,         585P    622
-19.75,10.01,21.2500006109476,0.,10.01,21.2500006109476,19.75,       585P    623
10.01,41.0000006109476,19.75,10.01,60.7500006109476,19.75,10.01,     585P    624
60.7500006109476,2.41867742831602D-15,10.01,-3.14159265358979,       585P    625
3.14159265358979,0.,0.,0.;                                           585P    626
126,1,1,0,0,1,0,1.49303401668957,1.49303401668957,                   587P    627
1.99303402414015,1.99303402414015,1.,1.,17.1110811988201,            587P    628
27.2506409259929,10.01,21.1561662309713,30.1895672312487,10.01,      587P    629
1.49303401668957,1.99303402414015,0.,0.,0.;                          587P    630
126,1,1,0,0,1,0,-0.699429523354732,-0.699429523354732,               589P    631
-0.4994295203745,-0.4994295203745,1.,1.,15.9355106767178,            589P    632
28.8686749388534,10.01,17.1110811988201,27.2506409259929,10.01,      589P    633
-0.699429523354732,-0.4994295203745,0.,0.,0.;                        589P    634
126,1,1,0,0,1,0,-1.74303402041486,-1.74303402041486,                 591P    635
-1.24303401296428,-1.24303401296428,1.,1.,19.980595708869,           591P    636
31.8076012441092,10.01,15.9355106767178,28.8686749388534,10.01,      591P    637
-1.74303402041486,-1.24303401296428,0.,0.,0.;                        591P    638
126,1,1,0,0,1,0,0.599429521864616,0.599429521864616,                 593P    639
0.799429524844848,0.799429524844848,1.,1.,21.1561662309713,          593P    640
30.1895672312487,10.01,19.980595708869,31.8076012441092,10.01,       593P    641
0.599429521864616,0.799429524844848,0.,0.,0.;                        593P    642
126,1,1,0,0,1,0,-0.364877135214537,-0.364877135214537,               595P    643
-0.164877132234304,-0.164877132234304,1.,1.,-12.0100358500591,       595P    644
-13.3477453568193,10.01,-10.1079227891251,-13.9657793547786,         595P    645
10.01,-0.364877135214537,-0.164877132234304,0.,0.,0.;                595P    646
126,1,1,0,0,1,0,0.57028826528331,0.57028826528331,                   597P    647
1.07028827273389,1.07028827273389,1.,1.,-10.4649508551608,           597P    648
-8.59246270448427,10.01,-12.0100358500591,-13.3477453568193,         597P    649
10.01,0.57028826528331,1.07028827273389,0.,0.,0.;                    597P    650
126,1,1,0,0,1,0,0.264877133724418,0.264877133724418,                 599P    651
0.46487713670465,0.46487713670465,1.,1.,-8.56283779422684,           599P    652
-9.21049670244359,10.01,-10.4649508551608,-8.59246270448427,         599P    653
10.01,0.264877133724418,0.46487713670465,0.,0.,0.;                   599P    654
126,1,1,0,0,1,0,-0.820288269008599,-0.820288269008599,               601P    655
-0.320288261558018,-0.320288261558018,1.,1.,-10.1079227891251,       601P    656
-13.9657793547786,10.01,-8.56283779422684,-9.21049670244359,         601P    657
10.01,-0.820288269008599,-0.320288261558018,0.,0.,0.;                601P    658
126,1,1,0,0,1,0,-0.743033960810225,-0.743033960810225,               603P    659
-0.243033953359644,-0.243033953359644,1.,1.,74.5350491448392,        603P    660
-8.59246270448427,10.01,72.9899641499409,-13.3477453568193,          603P    661
10.01,-0.743033960810225,-0.243033953359644,0.,0.,0.;                603P    662
126,1,1,0,0,1,0,-3.77711306052998,-3.77711306052998,                 605P    663
-3.57711305754975,-3.57711305754975,1.,1.,76.4371622057732,          605P    664
-9.21049670244359,10.01,74.5350491448392,-8.59246270448427,          605P    665
10.01,-3.77711306052998,-3.57711305754975,0.,0.,0.;                  605P    666
126,1,1,0,0,1,0,0.493033957084922,0.493033957084922,                 607P    667
0.993033964535502,0.993033964535502,1.,1.,74.8920772108749,          607P    668
-13.9657793547786,10.01,76.4371622057732,-9.21049670244359,          607P    669
10.01,0.493033957084922,0.993033964535502,0.,0.,0.;                  607P    670
126,1,1,0,0,1,0,3.67711305903987,3.67711305903987,                   609P    671
3.8771130620201,3.8771130620201,1.,1.,72.9899641499409,              609P    672
-13.3477453568193,10.01,74.8920772108749,-13.9657793547786,          609P    673
10.01,3.67711305903987,3.8771130620201,0.,0.,0.;                     609P    674
126,1,1,0,0,1,0,-1.94528820940395,-1.94528820940395,                 611P    675
-1.44528820195337,-1.44528820195337,1.,1.,-26.1561652665478,         611P    676
30.1895665305541,10.01,-22.1110802343967,27.2506402252983,10.01,     611P    677
-1.94528820940395,-1.44528820195337,0.,0.,0.;                        611P    678
126,1,1,0,0,1,0,-0.552483210281617,-0.552483210281617,               613P    679
-0.352483207301386,-0.352483207301386,1.,1.,-24.9805947444455,       613P    680
31.8076005434146,10.01,-26.1561652665478,30.1895665305541,10.01,     613P    681
-0.552483210281617,-0.352483207301386,0.,0.,0.;                      613P    682
126,1,1,0,0,1,0,1.69528820567866,1.69528820567866,                   615P    683
2.19528821312924,2.19528821312924,1.,1.,-20.9355097122944,           615P    684
28.8686742381588,10.01,-24.9805947444455,31.8076005434146,10.01,     615P    685
1.69528820567866,2.19528821312924,0.,0.,0.;                          615P    686
126,1,1,0,0,1,0,0.4524832087915,0.4524832087915,                     617P    687
0.652483211771732,0.652483211771732,1.,1.,-22.1110802343967,         617P    688
27.2506402252983,10.01,-20.9355097122944,28.8686742381588,10.01,     617P    689
0.4524832087915,0.652483211771732,0.,0.,0.;                          617P    690
126,1,1,0,0,1,0,-3.19751684559774,-3.19751684559774,                 619P    691
-2.99751684261751,-2.99751684261751,1.,1.,-69.0644893232822,         619P    692
28.8686749388534,10.01,-67.8889188011799,27.2506409259929,10.01,     619P    693
-3.19751684559774,-2.99751684261751,0.,0.,0.;                        619P    694
126,1,1,0,0,1,0,1.69528820567866,1.69528820567866,                   621P    695
2.19528821312924,2.19528821312924,1.,1.,-65.019404291131,            621P    696
31.8076012441092,10.01,-69.0644893232822,28.8686749388534,10.01,     621P    697
1.69528820567866,2.19528821312924,0.,0.,0.;                          621P    698
126,1,1,0,0,1,0,3.09751684410762,3.09751684410762,                   623P    699
3.29751684708785,3.29751684708785,1.,1.,-63.8438337690287,           623P    700
30.1895672312487,10.01,-65.019404291131,31.8076012441092,10.01,      623P    701
3.09751684410762,3.29751684708785,0.,0.,0.;                          623P    702
126,1,1,0,0,1,0,-1.94528820940395,-1.94528820940395,                 625P    703
-1.44528820195337,-1.44528820195337,1.,1.,-67.8889188011799,         625P    704
27.250640925993,10.01,-63.8438337690287,30.1895672312487,10.01,      625P    705
-1.94528820940395,-1.44528820195337,0.,0.,0.;                        625P    706
126,1,1,0,0,1,0,0.26487713372442,0.26487713372442,                   627P    707
0.464877136704653,0.464877136704653,1.,1.,-10.1079224207482,         627P    708
13.9657782210309,10.01,-12.0100354816822,13.3477442230715,10.01,     627P    709
0.26487713372442,0.464877136704653,0.,0.,0.;                         627P    710
126,1,1,0,0,1,0,0.570288205678663,0.570288205678663,                 629P    711
1.07028821312924,1.07028821312924,1.,1.,-8.56283742584987,           629P    712
9.21049556869585,10.01,-10.1079224207482,13.9657782210309,10.01,     629P    713
0.570288205678663,1.07028821312924,0.,0.,0.;                         629P    714
126,1,1,0,0,1,0,-0.364877135214534,-0.364877135214534,               631P    715
-0.164877132234302,-0.164877132234302,1.,1.,-10.4649504867839,       631P    716
8.59246157073654,10.01,-8.56283742584987,9.21049556869586,10.01,     631P    717
-0.364877135214534,-0.164877132234302,0.,0.,0.;                      631P    718
126,1,1,0,0,1,0,-0.820288209403955,-0.820288209403955,               633P    719
-0.320288201953373,-0.320288201953373,1.,1.,-12.0100354816822,       633P    720
13.3477442230715,10.01,-10.4649504867839,8.59246157073654,10.01,     633P    721
-0.820288209403955,-0.320288201953373,0.,0.,0.;                      633P    722
126,1,1,0,0,1,0,-4.01487718960377,-4.01487718960377,                 635P    723
-3.81487718662354,-3.81487718662354,1.,1.,-81.4371622057732,         635P    724
9.2104967024436,10.01,-79.5350491448392,8.59246270448427,10.01,      635P    725
-4.01487718960377,-3.81487718662354,0.,0.,0.;                        635P    726
126,1,1,0,0,1,0,0.570288205678672,0.570288205678672,                 637P    727
1.07028821312925,1.07028821312925,1.,1.,-79.8920772108749,           637P    728
13.9657793547786,10.01,-81.4371622057732,9.2104967024436,10.01,      637P    729
0.570288205678672,1.07028821312925,0.,0.,0.;                         637P    730
126,1,1,0,0,1,0,3.91487718811366,3.91487718811366,                   639P    731
4.11487719109389,4.11487719109389,1.,1.,-77.9899641499409,           639P    732
13.3477453568193,10.01,-79.8920772108749,13.9657793547786,10.01,     639P    733
3.91487718811366,4.11487719109389,0.,0.,0.;                          639P    734
126,1,1,0,0,1,0,-0.820288209403947,-0.820288209403947,               641P    735
-0.320288201953366,-0.320288201953366,1.,1.,-79.5350491448392,       641P    736
8.59246270448427,10.01,-77.9899641499409,13.3477453568193,10.01,     641P    737
-0.820288209403947,-0.320288201953366,0.,0.,0.;                      641P    738
126,1,1,0,0,1,0,-2.12499997206032,-2.12499997206032,                 643P    739
-1.62499996460974,-1.62499996460974,1.,1.,42.4999994412065,          643P    740
-35.5000005289912,10.01,37.4999993667006,-35.5000005289912,          643P    741
10.01,-2.12499997206032,-1.62499996460974,0.,0.,0.;                  643P    742
126,1,1,0,0,1,0,-1.87500002793968,-1.87500002793968,                 645P    743
-1.67500002495944,-1.67500002495944,1.,1.,42.4999994412065,          645P    744
-37.5000005587935,10.01,42.4999994412065,-35.5000005289912,          645P    745
10.01,-1.87500002793968,-1.67500002495944,0.,0.,0.;                  645P    746
126,1,1,0,0,1,0,1.87499996833503,1.87499996833503,                   647P    747
2.37499997578561,2.37499997578561,1.,1.,37.4999993667006,            647P    748
-37.5000005587935,10.01,42.4999994412065,-37.5000005587935,          647P    749
10.01,1.87499996833503,2.37499997578561,0.,0.,0.;                    647P    750
126,1,1,0,0,1,0,1.77500002644955,1.77500002644955,                   649P    751
1.97500002942979,1.97500002942979,1.,1.,37.4999993667006,            649P    752
-35.5000005289912,10.01,37.4999993667006,-37.5000005587935,          649P    753
10.01,1.77500002644955,1.97500002942979,0.,0.,0.;                    649P    754
126,1,1,0,0,1,0,-1.74303396081022,-1.74303396081022,                 651P    755
-1.24303395335964,-1.24303395335964,1.,1.,21.1561652665479,          651P    756
-30.1895665305541,10.01,17.1110802343967,-27.2506402252983,          651P    757
10.01,-1.74303396081022,-1.24303395335964,0.,0.,0.;                  651P    758
126,1,1,0,0,1,0,-0.699429523354735,-0.699429523354735,               653P    759
-0.499429520374503,-0.499429520374503,1.,1.,19.9805947444456,        653P    760
-31.8076005434146,10.01,21.1561652665479,-30.1895665305541,          653P    761
10.01,-0.699429523354735,-0.499429520374503,0.,0.,0.;                653P    762
126,1,1,0,0,1,0,1.49303395708493,1.49303395708493,                   655P    763
1.99303396453551,1.99303396453551,1.,1.,15.9355097122943,            655P    764
-28.8686742381588,10.01,19.9805947444456,-31.8076005434146,          655P    765
10.01,1.49303395708493,1.99303396453551,0.,0.,0.;                    655P    766
126,1,1,0,0,1,0,0.599429521864613,0.599429521864613,                 657P    767
0.799429524844845,0.799429524844845,1.,1.,17.1110802343967,          657P    768
-27.2506402252983,10.01,15.9355097122943,-28.8686742381588,          657P    769
10.01,0.599429521864613,0.799429524844845,0.,0.,0.;                  657P    770
126,1,1,0,0,1,0,0.493034016689579,0.493034016689579,                 659P    771
0.99303402414016,0.99303402414016,1.,1.,72.9899645183178,            659P    772
13.3477442230715,10.01,74.5350495132161,8.59246157073654,10.01,      659P    773
0.493034016689579,0.99303402414016,0.,0.,0.;                         659P    774
126,1,1,0,0,1,0,-3.77711306052999,-3.77711306052999,                 661P    775
-3.57711305754975,-3.57711305754975,1.,1.,74.8920775792518,          661P    776
13.9657782210309,10.01,72.9899645183178,13.3477442230715,10.01,      661P    777
-3.77711306052999,-3.57711305754975,0.,0.,0.;                        661P    778
126,1,1,0,0,1,0,-0.743034020414857,-0.743034020414857,               663P    779
-0.243034012964276,-0.243034012964276,1.,1.,76.4371625741501,        663P    780
9.21049556869585,10.01,74.8920775792518,13.9657782210309,10.01,      663P    781
-0.743034020414857,-0.243034012964276,0.,0.,0.;                      663P    782
126,1,1,0,0,1,0,3.67711305903987,3.67711305903987,                   665P    783
3.8771130620201,3.8771130620201,1.,1.,74.5350495132161,              665P    784
8.59246157073654,10.01,76.4371625741501,9.21049556869586,10.01,      665P    785
3.67711305903987,3.8771130620201,0.,0.,0.;                           665P    786
126,1,1,0,0,1,0,-1.9452882690086,-1.9452882690086,                   667P    787
-1.44528826155802,-1.44528826155802,1.,1.,-24.980595708869,          667P    788
-31.8076012441092,10.01,-20.9355106767178,-28.8686749388534,         667P    789
10.01,-1.9452882690086,-1.44528826155802,0.,0.,0.;                   667P    790
126,1,1,0,0,1,0,0.452483208791506,0.452483208791506,                 669P    791
0.652483211771739,0.652483211771739,1.,1.,-26.1561662309713,         669P    792
-30.1895672312487,10.01,-24.980595708869,-31.8076012441092,          669P    793
10.01,0.452483208791506,0.652483211771739,0.,0.,0.;                  669P    794
126,1,1,0,0,1,0,1.69528826528331,1.69528826528331,                   671P    795
2.19528827273389,2.19528827273389,1.,1.,-22.1110811988201,           671P    796
-27.2506409259929,10.01,-26.1561662309713,-30.1895672312487,         671P    797
10.01,1.69528826528331,2.19528827273389,0.,0.,0.;                    671P    798
126,1,1,0,0,1,0,-0.552483210281616,-0.552483210281616,               673P    799
-0.352483207301382,-0.352483207301382,1.,1.,-20.9355106767178,       673P    800
-28.8686749388534,10.01,-22.1110811988201,-27.2506409259929,         673P    801
10.01,-0.552483210281616,-0.352483207301382,0.,0.,0.;                673P    802
126,1,1,0,0,1,0,1.49303401668957,1.49303401668957,                   675P    803
1.99303402414015,1.99303402414015,1.,1.,58.8438347334522,            675P    804
30.1895665305541,10.01,62.8889197656033,27.2506402252983,10.01,      675P    805
1.49303401668957,1.99303402414015,0.,0.,0.;                          675P    806
126,1,1,0,0,1,0,-3.05057053252462,-3.05057053252462,                 677P    807
-2.85057052954439,-2.85057052954439,1.,1.,60.0194052555545,          677P    808
31.8076005434146,10.01,58.8438347334522,30.1895665305541,10.01,      677P    809
-3.05057053252462,-2.85057052954439,0.,0.,0.;                        677P    810
126,1,1,0,0,1,0,-1.74303402041486,-1.74303402041486,                 679P    811
-1.24303401296428,-1.24303401296428,1.,1.,64.0644902877057,          679P    812
28.8686742381588,10.01,60.0194052555545,31.8076005434146,10.01,      679P    813
-1.74303402041486,-1.24303401296428,0.,0.,0.;                        679P    814
126,1,1,0,0,1,0,2.9505705310345,2.9505705310345,                     681P    815
3.15057053401473,3.15057053401473,1.,1.,62.8889197656033,            681P    816
27.2506402252983,10.01,64.0644902877057,28.8686742381588,10.01,      681P    817
2.9505705310345,3.15057053401473,0.,0.,0.;                           681P    818
126,1,1,0,0,1,0,-1.87500002793968,-1.87500002793968,                 683P    819
-1.67500002495944,-1.67500002495944,1.,1.,-42.5000005587935,         683P    820
-37.5000005587935,10.01,-42.5000005587935,-35.5000005289912,         683P    821
10.01,-1.87500002793968,-1.67500002495944,0.,0.,0.;                  683P    822
126,1,1,0,0,1,0,-2.37500003166497,-2.37500003166497,                 685P    823
-1.87500002421439,-1.87500002421439,1.,1.,-47.5000006332994,         685P    824
-37.5000005587935,10.01,-42.5000005587935,-37.5000005587935,         685P    825
10.01,-2.37500003166497,-1.87500002421439,0.,0.,0.;                  685P    826
126,1,1,0,0,1,0,1.77500002644957,1.77500002644957,                   687P    827
1.9750000294298,1.9750000294298,1.,1.,-47.5000006332994,             687P    828
-35.5000005289912,10.01,-47.5000006332994,-37.5000005587935,         687P    829
10.01,1.77500002644957,1.9750000294298,0.,0.,0.;                     687P    830
126,1,1,0,0,1,0,2.12500002793968,2.12500002793968,                   689P    831
2.62500003539026,2.62500003539026,1.,1.,-42.5000005587935,           689P    832
-35.5000005289912,10.01,-47.5000006332994,-35.5000005289912,         689P    833
10.01,2.12500002793968,2.62500003539026,0.,0.,0.;                    689P    834
126,1,1,0,0,1,0,-1.74303396081021,-1.74303396081021,                 691P    835
-1.24303395335963,-1.24303395335963,1.,1.,62.8889188011799,          691P    836
-27.2506409259929,10.01,58.8438337690287,-30.1895672312487,          691P    837
10.01,-1.74303396081021,-1.24303395335963,0.,0.,0.;                  691P    838
126,1,1,0,0,1,0,-3.05057053252462,-3.05057053252462,                 693P    839
-2.85057052954439,-2.85057052954439,1.,1.,64.0644893232822,          693P    840
-28.8686749388534,10.01,62.8889188011799,-27.2506409259929,          693P    841
10.01,-3.05057053252462,-2.85057052954439,0.,0.,0.;                  693P    842
126,1,1,0,0,1,0,1.49303395708493,1.49303395708493,                   695P    843
1.99303396453551,1.99303396453551,1.,1.,60.019404291131,             695P    844
-31.8076012441092,10.01,64.0644893232822,-28.8686749388534,          695P    845
10.01,1.49303395708493,1.99303396453551,0.,0.,0.;                    695P    846
126,1,1,0,0,1,0,2.9505705310345,2.9505705310345,                     697P    847
3.15057053401473,3.15057053401473,1.,1.,58.8438337690287,            697P    848
-30.1895672312487,10.01,60.019404291131,-31.8076012441092,10.01,     697P    849
2.9505705310345,3.15057053401473,0.,0.,0.;                           697P    850
126,1,1,0,0,1,0,-4.01487718960377,-4.01487718960377,                 699P    851
-3.81487718662354,-3.81487718662354,1.,1.,-79.8920775792519,         699P    852
-13.9657782210309,10.01,-77.9899645183178,-13.3477442230715,         699P    853
10.01,-4.01487718960377,-3.81487718662354,0.,0.,0.;                  699P    854
126,1,1,0,0,1,0,-0.820288269008593,-0.820288269008593,               701P    855
-0.320288261558012,-0.320288261558012,1.,1.,-81.4371625741501,       701P    856
-9.21049556869587,10.01,-79.8920775792518,-13.9657782210309,         701P    857
10.01,-0.820288269008593,-0.320288261558012,0.,0.,0.;                701P    858
126,1,1,0,0,1,0,3.91487718811366,3.91487718811366,                   703P    859
4.11487719109389,4.11487719109389,1.,1.,-79.5350495132162,           703P    860
-8.59246157073655,10.01,-81.4371625741502,-9.21049556869587,         703P    861
10.01,3.91487718811366,4.11487719109389,0.,0.,0.;                    703P    862
126,1,1,0,0,1,0,0.570288265283317,0.570288265283317,                 705P    863
1.0702882727339,1.0702882727339,1.,1.,-77.9899645183178,             705P    864
-13.3477442230716,10.01,-79.5350495132161,-8.59246157073655,         705P    865
10.01,0.570288265283317,1.0702882727339,0.,0.,0.;                    705P    866
126,1,1,0,0,1,0,-0.743033960810218,-0.743033960810218,               707P    867
-0.243033953359637,-0.243033953359637,1.,1.,7.01003548168217,        707P    868
-13.3477442230715,10.01,5.46495048678386,-8.59246157073655,          707P    869
10.01,-0.743033960810218,-0.243033953359637,0.,0.,0.;                707P    870
126,1,1,0,0,1,0,0.0271130046506296,0.0271130046506296,               709P    871
0.227113007630863,0.227113007630863,1.,1.,5.10792242074816,          709P    872
-13.9657782210309,10.01,7.01003548168217,-13.3477442230715,          709P    873
10.01,0.0271130046506296,0.227113007630863,0.,0.,0.;                 709P    874
126,1,1,0,0,1,0,0.493033957084927,0.493033957084927,                 711P    875
0.993033964535508,0.993033964535508,1.,1.,3.56283742584987,          711P    876
-9.21049556869587,10.01,5.10792242074816,-13.9657782210309,          711P    877
10.01,0.493033957084927,0.993033964535508,0.,0.,0.;                  711P    878
126,1,1,0,0,1,0,-0.127113006140745,-0.127113006140745,               713P    879
0.0728869968394861,0.0728869968394861,1.,1.,5.46495048678386,        713P    880
-8.59246157073655,10.01,3.56283742584987,-9.21049556869587,          713P    881
10.01,-0.127113006140745,0.0728869968394861,0.,0.,0.;                713P    882
126,1,1,0,0,1,0,-1.87500002793968,-1.87500002793968,                 715P    883
-1.67500002495944,-1.67500002495944,1.,1.,37.5000005587935,          715P    884
37.5000005587935,10.01,37.5000005587935,35.5000005289912,10.01,      715P    885
-1.87500002793968,-1.67500002495944,0.,0.,0.;                        715P    886
126,1,1,0,0,1,0,-2.12500003166497,-2.12500003166497,                 717P    887
-1.62500002421439,-1.62500002421439,1.,1.,42.5000006332994,          717P    888
37.5000005587935,10.01,37.5000005587935,37.5000005587935,10.01,      717P    889
-2.12500003166497,-1.62500002421439,0.,0.,0.;                        717P    890
126,1,1,0,0,1,0,1.77500002644956,1.77500002644956,                   719P    891
1.97500002942979,1.97500002942979,1.,1.,42.5000006332994,            719P    892
35.5000005289912,10.01,42.5000006332994,37.5000005587935,10.01,      719P    893
1.77500002644956,1.97500002942979,0.,0.,0.;                          719P    894
126,1,1,0,0,1,0,1.87500002793968,1.87500002793968,                   721P    895
2.37500003539026,2.37500003539026,1.,1.,37.5000005587935,            721P    896
35.5000005289912,10.01,42.5000006332994,35.5000005289912,10.01,      721P    897
1.87500002793968,2.37500003539026,0.,0.,0.;                          721P    898
126,1,1,0,0,1,0,-3.19751684559774,-3.19751684559774,                 723P    899
-2.99751684261751,-2.99751684261751,1.,1.,-65.0194052555544,         723P    900
-31.8076005434146,10.01,-63.8438347334521,-30.1895665305541,         723P    901
10.01,-3.19751684559774,-2.99751684261751,0.,0.,0.;                  723P    902
126,1,1,0,0,1,0,-1.9452882690086,-1.9452882690086,                   725P    903
-1.44528826155802,-1.44528826155802,1.,1.,-69.0644902877057,         725P    904
-28.8686742381588,10.01,-65.0194052555544,-31.8076005434146,         725P    905
10.01,-1.9452882690086,-1.44528826155802,0.,0.,0.;                   725P    906
126,1,1,0,0,1,0,3.09751684410763,3.09751684410763,                   727P    907
3.29751684708786,3.29751684708786,1.,1.,-67.8889197656033,           727P    908
-27.2506402252983,10.01,-69.0644902877057,-28.8686742381588,         727P    909
10.01,3.09751684410763,3.29751684708786,0.,0.,0.;                    727P    910
126,1,1,0,0,1,0,1.69528826528331,1.69528826528331,                   729P    911
2.19528827273389,2.19528827273389,1.,1.,-63.8438347334522,           729P    912
-30.1895665305541,10.01,-67.8889197656033,-27.2506402252983,         729P    913
10.01,1.69528826528331,2.19528827273389,0.,0.,0.;                    729P    914
126,1,1,0,0,1,0,0.493034016689572,0.493034016689572,                 731P    915
0.993034024140153,0.993034024140153,1.,1.,5.46495085516083,          731P    916
8.59246270448427,10.01,7.01003585005913,13.3477453568193,10.01,      731P    917
0.493034016689572,0.993034024140153,0.,0.,0.;                        731P    918
126,1,1,0,0,1,0,0.0271130046506279,0.0271130046506279,               733P    919
0.22711300763086,0.22711300763086,1.,1.,3.56283779422683,            733P    920
9.2104967024436,10.01,5.46495085516083,8.59246270448427,10.01,       733P    921
0.0271130046506279,0.22711300763086,0.,0.,0.;                        733P    922
126,1,1,0,0,1,0,-0.743034020414863,-0.743034020414863,               735P    923
-0.243034012964282,-0.243034012964282,1.,1.,5.10792278912513,        735P    924
13.9657793547786,10.01,3.56283779422683,9.2104967024436,10.01,       735P    925
-0.743034020414863,-0.243034012964282,0.,0.,0.;                      735P    926
126,1,1,0,0,1,0,-0.127113006140746,-0.127113006140746,               737P    927
0.0728869968394859,0.0728869968394859,1.,1.,7.01003585005913,        737P    928
13.3477453568193,10.01,5.10792278912513,13.9657793547786,10.01,      737P    929
-0.127113006140746,0.0728869968394859,0.,0.,0.;                      737P    930
126,1,1,0,0,1,0,-2.12500002421439,-2.12500002421439,                 739P    931
-1.92500002123415,-1.92500002123415,1.,1.,-42.4999993667006,         739P    932
37.5000004842877,10.01,-42.4999993667006,35.5000004544854,10.01,     739P    933
-2.12500002421439,-1.92500002123415,0.,0.,0.;                        739P    934
126,1,1,0,0,1,0,1.87499996460974,1.87499996460974,                   741P    935
2.37499997206032,2.37499997206032,1.,1.,-42.4999993667006,           741P    936
35.5000004544854,10.01,-47.4999994412065,35.5000004544854,10.01,     741P    937
1.87499996460974,2.37499997206032,0.,0.,0.;                          741P    938
126,1,1,0,0,1,0,-2.12500002421439,-2.12500002421439,                 743P    939
-1.92500002123415,-1.92500002123415,1.,1.,-47.4999994412065,         743P    940
37.5000004842877,10.01,-47.4999994412065,35.5000004544854,10.01,     743P    941
-2.12500002421439,-1.92500002123415,0.,0.,0.;                        743P    942
126,1,1,0,0,1,0,-2.62499997578561,-2.62499997578561,                 745P    943
-2.12499996833503,-2.12499996833503,1.,1.,-47.4999994412065,         745P    944
37.5000004842877,10.01,-42.4999993667006,37.5000004842877,10.01,     745P    945
-2.62499997578561,-2.12499996833503,0.,0.,0.;                        745P    946
126,8,2,0,1,0,0,-3.14159265358979,-3.14159265358979,                 747P    947
-3.14159265358979,-1.5707963267949,-1.5707963267949,0.,0.,           747P    948
1.5707963267949,1.5707963267949,3.14159265358979,                    747P    949
3.14159265358979,3.14159265358979,1.,0.707106781186548,1.,           747P    950
0.707106781186548,1.,0.707106781186548,1.,0.707106781186548,1.,      747P    951
60.7500006109476,2.41867742831602D-15,25.01,60.7500006109476,        747P    952
19.75,25.01,41.0000006109476,19.75,25.01,21.2500006109476,19.75,     747P    953
25.01,21.2500006109476,0.,25.01,21.2500006109476,-19.75,25.01,       747P    954
41.0000006109476,-19.75,25.01,60.7500006109476,-19.75,25.01,         747P    955
60.7500006109476,-2.41867742831602D-15,25.01,-3.14159265358979,      747P    956
3.14159265358979,0.,0.,0.;                                           747P    957
126,1,1,0,0,1,0,-0.759493670886076,-0.759493670886076,0.,0.,1.,      749P    958
1.,60.7500006109476,0.,25.01,60.7500006109476,0.,10.01,              749P    959
-0.759493670886076,0.,0.,0.,0.;                                      749P    960
126,1,1,0,0,1,0,-1.5,-1.5,-0.00099999999999989,                      751P    961
-0.00099999999999989,1.,1.,-42.4999993667006,35.5000004544854,       751P    962
25.,-42.4999993667006,35.5000004544854,10.01,-1.5,                   751P    963
-0.00099999999999989,0.,0.,0.;                                       751P    964
126,1,1,0,0,1,0,-0.125000001862645,-0.125000001862645,               753P    965
0.375000005587935,0.375000005587935,1.,1.,-47.4999994412065,         753P    966
35.5000004544854,25.,-42.4999993667006,35.5000004544854,25.,         753P    967
-0.125000001862645,0.375000005587935,0.,0.,0.;                       753P    968
126,1,1,0,0,1,0,0.00099999999999989,0.00099999999999989,1.5,1.5,     755P    969
1.,1.,-47.4999994412065,35.5000004544854,10.01,                      755P    970
-47.4999994412065,35.5000004544854,25.,0.00099999999999989,1.5,      755P    971
0.,0.,0.;                                                            755P    972
126,1,1,0,0,1,0,0.00099999999999989,0.00099999999999989,1.5,1.5,     757P    973
1.,1.,-47.4999994412065,37.5000004842877,10.01,                      757P    974
-47.4999994412065,37.5000004842877,25.,0.00099999999999989,1.5,      757P    975
0.,0.,0.;                                                            757P    976
126,1,1,0,0,1,0,-0.500000007450581,-0.500000007450581,0.,0.,1.,      759P    977
1.,-47.4999994412065,37.5000004842877,25.,-42.4999993667006,         759P    978
37.5000004842877,25.,-0.500000007450581,0.,0.,0.,0.;                 759P    979
126,1,1,0,0,1,0,-1.5,-1.5,-0.00099999999999989,                      761P    980
-0.00099999999999989,1.,1.,-42.4999993667006,37.5000004842877,       761P    981
25.,-42.4999993667006,37.5000004842877,10.01,-1.5,                   761P    982
-0.00099999999999989,0.,0.,0.;                                       761P    983
126,1,1,0,0,1,0,0.00099999999999989,0.00099999999999989,1.5,1.5,     763P    984
1.,1.,15.9355106767178,28.8686749388534,10.01,15.9355106767178,      763P    985
28.8686749388534,25.,0.00099999999999989,1.5,0.,0.,0.;               763P    986
126,1,1,0,0,1,0,-0.500000007450581,-0.500000007450581,0.,0.,1.,      765P    987
1.,19.980595708869,31.8076012441092,25.,15.9355106767178,            765P    988
28.8686749388534,25.,-0.500000007450581,0.,0.,0.,0.;                 765P    989
126,1,1,0,0,1,0,0.00099999999999989,0.00099999999999989,1.5,1.5,     767P    990
1.,1.,19.980595708869,31.8076012441092,10.01,19.980595708869,        767P    991
31.8076012441092,25.,0.00099999999999989,1.5,0.,0.,0.;               767P    992
126,1,1,0,0,1,0,0.00099999999999989,0.00099999999999989,1.5,1.5,     769P    993
1.,1.,17.1110811988201,27.2506409259929,10.01,17.1110811988201,      769P    994
27.2506409259929,25.,0.00099999999999989,1.5,0.,0.,0.;               769P    995
126,1,1,0,0,1,0,-0.200000002980232,-0.200000002980232,0.,0.,1.,      771P    996
1.,15.9355106767178,28.8686749388534,25.,17.1110811988201,           771P    997
27.2506409259929,25.,-0.200000002980232,0.,0.,0.,0.;                 771P    998
126,1,1,0,0,1,0,0.00099999999999989,0.00099999999999989,1.5,1.5,     773P    999
1.,1.,-10.4649508551608,-8.59246270448427,10.01,                     773P   1000
-10.4649508551608,-8.59246270448427,25.,0.00099999999999989,1.5,     773P   1001
0.,0.,0.;                                                            773P   1002
126,1,1,0,0,1,0,-0.200000002980231,-0.200000002980231,0.,0.,1.,      775P   1003
1.,-8.56283779422684,-9.21049670244359,25.,-10.4649508551608,        775P   1004
-8.59246270448427,25.,-0.200000002980231,0.,0.,0.,0.;                775P   1005
126,1,1,0,0,1,0,0.00099999999999989,0.00099999999999989,1.5,1.5,     777P   1006
1.,1.,-8.56283779422684,-9.21049670244359,10.01,                     777P   1007
-8.56283779422684,-9.21049670244359,25.,0.00099999999999989,1.5,     777P   1008
0.,0.,0.;                                                            777P   1009
126,1,1,0,0,1,0,0.00099999999999989,0.00099999999999989,1.5,1.5,     779P   1010
1.,1.,-12.0100358500591,-13.3477453568193,10.01,                     779P   1011
-12.0100358500591,-13.3477453568193,25.,0.00099999999999989,1.5,     779P   1012
0.,0.,0.;                                                            779P   1013
126,1,1,0,0,1,0,-0.500000007450581,-0.500000007450581,0.,0.,1.,      781P   1014
1.,-10.4649508551608,-8.59246270448427,25.,-12.0100358500591,        781P   1015
-13.3477453568193,25.,-0.500000007450581,0.,0.,0.,0.;                781P   1016
126,1,1,0,0,1,0,0.00099999999999989,0.00099999999999989,1.5,1.5,     783P   1017
1.,1.,76.4371622057732,-9.21049670244359,10.01,76.4371622057732,     783P   1018
-9.21049670244359,25.,0.00099999999999989,1.5,0.,0.,0.;              783P   1019
126,1,1,0,0,1,0,-0.50000000745058,-0.50000000745058,0.,0.,1.,1.,     785P   1020
74.8920772108749,-13.9657793547786,25.,76.4371622057732,             785P   1021
-9.21049670244359,25.,-0.50000000745058,0.,0.,0.,0.;                 785P   1022
126,1,1,0,0,1,0,0.00099999999999989,0.00099999999999989,1.5,1.5,     787P   1023
1.,1.,74.8920772108749,-13.9657793547786,10.01,74.8920772108749,     787P   1024
-13.9657793547786,25.,0.00099999999999989,1.5,0.,0.,0.;              787P   1025
126,1,1,0,0,1,0,0.00099999999999989,0.00099999999999989,1.5,1.5,     789P   1026
1.,1.,74.5350491448392,-8.59246270448427,10.01,74.5350491448392,     789P   1027
-8.59246270448427,25.,0.00099999999999989,1.5,0.,0.,0.;              789P   1028
126,1,1,0,0,1,0,-0.200000002980231,-0.200000002980231,0.,0.,1.,      791P   1029
1.,76.4371622057732,-9.21049670244359,25.,74.5350491448392,          791P   1030
-8.59246270448427,25.,-0.200000002980231,0.,0.,0.,0.;                791P   1031
126,1,1,0,0,1,0,0.00099999999999989,0.00099999999999989,1.5,1.5,     793P   1032
1.,1.,-24.9805947444455,31.8076005434146,10.01,                      793P   1033
-24.9805947444455,31.8076005434146,25.,0.00099999999999989,1.5,      793P   1034
0.,0.,0.;                                                            793P   1035
126,1,1,0,0,1,0,-0.50000000745058,-0.50000000745058,0.,0.,1.,1.,     795P   1036
-20.9355097122944,28.8686742381588,25.,-24.9805947444455,            795P   1037
31.8076005434146,25.,-0.50000000745058,0.,0.,0.,0.;                  795P   1038
126,1,1,0,0,1,0,0.00099999999999989,0.00099999999999989,1.5,1.5,     797P   1039
1.,1.,-20.9355097122944,28.8686742381588,10.01,                      797P   1040
-20.9355097122944,28.8686742381588,25.,0.00099999999999989,1.5,      797P   1041
0.,0.,0.;                                                            797P   1042
126,1,1,0,0,1,0,0.00099999999999989,0.00099999999999989,1.5,1.5,     799P   1043
1.,1.,-26.1561652665478,30.1895665305541,10.01,                      799P   1044
-26.1561652665478,30.1895665305541,25.,0.00099999999999989,1.5,      799P   1045
0.,0.,0.;                                                            799P   1046
126,1,1,0,0,1,0,-0.200000002980232,-0.200000002980232,0.,0.,1.,      801P   1047
1.,-24.9805947444455,31.8076005434146,25.,-26.1561652665478,         801P   1048
30.1895665305541,25.,-0.200000002980232,0.,0.,0.,0.;                 801P   1049
126,1,1,0,0,1,0,0.00099999999999989,0.00099999999999989,1.5,1.5,     803P   1050
1.,1.,-65.019404291131,31.8076012441092,10.01,-65.019404291131,      803P   1051
31.8076012441092,25.,0.00099999999999989,1.5,0.,0.,0.;               803P   1052
126,1,1,0,0,1,0,-0.200000002980232,-0.200000002980232,0.,0.,1.,      805P   1053
1.,-63.8438337690287,30.1895672312487,25.,-65.019404291131,          805P   1054
31.8076012441092,25.,-0.200000002980232,0.,0.,0.,0.;                 805P   1055
126,1,1,0,0,1,0,0.00099999999999989,0.00099999999999989,1.5,1.5,     807P   1056
1.,1.,-63.8438337690287,30.1895672312487,10.01,                      807P   1057
-63.8438337690287,30.1895672312487,25.,0.00099999999999989,1.5,      807P   1058
0.,0.,0.;                                                            807P   1059
126,1,1,0,0,1,0,0.00099999999999989,0.00099999999999989,1.5,1.5,     809P   1060
1.,1.,-69.0644893232822,28.8686749388534,10.01,                      809P   1061
-69.0644893232822,28.8686749388534,25.,0.00099999999999989,1.5,      809P   1062
0.,0.,0.;                                                            809P   1063
126,1,1,0,0,1,0,-0.500000007450581,-0.500000007450581,0.,0.,1.,      811P   1064
1.,-65.019404291131,31.8076012441092,25.,-69.0644893232822,          811P   1065
28.8686749388534,25.,-0.500000007450581,0.,0.,0.,0.;                 811P   1066
126,1,1,0,0,1,0,0.00099999999999989,0.00099999999999989,1.5,1.5,     813P   1067
1.,1.,-8.56283742584987,9.21049556869585,10.01,                      813P   1068
-8.56283742584987,9.21049556869585,25.,0.00099999999999989,1.5,      813P   1069
0.,0.,0.;                                                            813P   1070
126,1,1,0,0,1,0,-0.200000002980231,-0.200000002980231,0.,0.,1.,      815P   1071
1.,-10.4649504867839,8.59246157073654,25.,-8.56283742584987,         815P   1072
9.21049556869585,25.,-0.200000002980231,0.,0.,0.,0.;                 815P   1073
126,1,1,0,0,1,0,0.00099999999999989,0.00099999999999989,1.5,1.5,     817P   1074
1.,1.,-10.4649504867839,8.59246157073654,10.01,                      817P   1075
-10.4649504867839,8.59246157073654,25.,0.00099999999999989,1.5,      817P   1076
0.,0.,0.;                                                            817P   1077
126,1,1,0,0,1,0,0.00099999999999989,0.00099999999999989,1.5,1.5,     819P   1078
1.,1.,-10.1079224207482,13.9657782210309,10.01,                      819P   1079
-10.1079224207482,13.9657782210309,25.,0.00099999999999989,1.5,      819P   1080
0.,0.,0.;                                                            819P   1081
126,1,1,0,0,1,0,-0.500000007450581,-0.500000007450581,0.,0.,1.,      821P   1082
1.,-8.56283742584987,9.21049556869585,25.,-10.1079224207482,         821P   1083
13.9657782210309,25.,-0.500000007450581,0.,0.,0.,0.;                 821P   1084
126,1,1,0,0,1,0,0.00099999999999989,0.00099999999999989,1.5,1.5,     823P   1085
1.,1.,-79.8920772108749,13.9657793547786,10.01,                      823P   1086
-79.8920772108749,13.9657793547786,25.,0.00099999999999989,1.5,      823P   1087
0.,0.,0.;                                                            823P   1088
126,1,1,0,0,1,0,-0.200000002980231,-0.200000002980231,0.,0.,1.,      825P   1089
1.,-77.9899641499409,13.3477453568193,25.,-79.8920772108749,         825P   1090
13.9657793547786,25.,-0.200000002980231,0.,0.,0.,0.;                 825P   1091
126,1,1,0,0,1,0,0.00099999999999989,0.00099999999999989,1.5,1.5,     827P   1092
1.,1.,-77.9899641499409,13.3477453568193,10.01,                      827P   1093
-77.9899641499409,13.3477453568193,25.,0.00099999999999989,1.5,      827P   1094
0.,0.,0.;                                                            827P   1095
126,1,1,0,0,1,0,0.00099999999999989,0.00099999999999989,1.5,1.5,     829P   1096
1.,1.,-81.4371622057732,9.2104967024436,10.01,-81.4371622057732,     829P   1097
9.2104967024436,25.,0.00099999999999989,1.5,0.,0.,0.;                829P   1098
126,1,1,0,0,1,0,-0.500000007450581,-0.500000007450581,0.,0.,1.,      831P   1099
1.,-79.8920772108749,13.9657793547786,25.,-81.4371622057732,         831P   1100
9.2104967024436,25.,-0.500000007450581,0.,0.,0.,0.;                  831P   1101
126,1,1,0,0,1,0,0.00099999999999989,0.00099999999999989,1.5,1.5,     833P   1102
1.,1.,42.4999994412065,-37.5000005587935,10.01,42.4999994412065,     833P   1103
-37.5000005587935,25.,0.00099999999999989,1.5,0.,0.,0.;              833P   1104
126,1,1,0,0,1,0,-0.500000007450581,-0.500000007450581,0.,0.,1.,      835P   1105
1.,37.4999993667006,-37.5000005587935,25.,42.4999994412065,          835P   1106
-37.5000005587935,25.,-0.500000007450581,0.,0.,0.,0.;                835P   1107
126,1,1,0,0,1,0,0.00099999999999989,0.00099999999999989,1.5,1.5,     837P   1108
1.,1.,37.4999993667006,-37.5000005587935,10.01,37.4999993667006,     837P   1109
-37.5000005587935,25.,0.00099999999999989,1.5,0.,0.,0.;              837P   1110
126,1,1,0,0,1,0,0.00099999999999989,0.00099999999999989,1.5,1.5,     839P   1111
1.,1.,42.4999994412065,-35.5000005289912,10.01,42.4999994412065,     839P   1112
-35.5000005289912,25.,0.00099999999999989,1.5,0.,0.,0.;              839P   1113
126,1,1,0,0,1,0,-0.200000002980232,-0.200000002980232,0.,0.,1.,      841P   1114
1.,42.4999994412065,-37.5000005587935,25.,42.4999994412065,          841P   1115
-35.5000005289912,25.,-0.200000002980232,0.,0.,0.,0.;                841P   1116
126,1,1,0,0,1,0,0.00099999999999989,0.00099999999999989,1.5,1.5,     843P   1117
1.,1.,19.9805947444456,-31.8076005434146,10.01,19.9805947444456,     843P   1118
-31.8076005434146,25.,0.00099999999999989,1.5,0.,0.,0.;              843P   1119
126,1,1,0,0,1,0,-0.500000007450581,-0.500000007450581,0.,0.,1.,      845P   1120
1.,15.9355097122943,-28.8686742381588,25.,19.9805947444456,          845P   1121
-31.8076005434146,25.,-0.500000007450581,0.,0.,0.,0.;                845P   1122
126,1,1,0,0,1,0,0.00099999999999989,0.00099999999999989,1.5,1.5,     847P   1123
1.,1.,15.9355097122943,-28.8686742381588,10.01,15.9355097122943,     847P   1124
-28.8686742381588,25.,0.00099999999999989,1.5,0.,0.,0.;              847P   1125
126,1,1,0,0,1,0,0.00099999999999989,0.00099999999999989,1.5,1.5,     849P   1126
1.,1.,21.1561652665479,-30.1895665305541,10.01,21.1561652665479,     849P   1127
-30.1895665305541,25.,0.00099999999999989,1.5,0.,0.,0.;              849P   1128
126,1,1,0,0,1,0,-0.200000002980232,-0.200000002980232,0.,0.,1.,      851P   1129
1.,19.9805947444456,-31.8076005434146,25.,21.1561652665479,          851P   1130
-30.1895665305541,25.,-0.200000002980232,0.,0.,0.,0.;                851P   1131
126,1,1,0,0,1,0,0.00099999999999989,0.00099999999999989,1.5,1.5,     853P   1132
1.,1.,74.8920775792518,13.9657782210309,10.01,74.8920775792518,      853P   1133
13.9657782210309,25.,0.00099999999999989,1.5,0.,0.,0.;               853P   1134
126,1,1,0,0,1,0,-0.500000007450581,-0.500000007450581,0.,0.,1.,      855P   1135
1.,76.4371625741501,9.21049556869585,25.,74.8920775792518,           855P   1136
13.9657782210309,25.,-0.500000007450581,0.,0.,0.,0.;                 855P   1137
126,1,1,0,0,1,0,0.00099999999999989,0.00099999999999989,1.5,1.5,     857P   1138
1.,1.,76.4371625741501,9.21049556869585,10.01,76.4371625741501,      857P   1139
9.21049556869585,25.,0.00099999999999989,1.5,0.,0.,0.;               857P   1140
126,1,1,0,0,1,0,0.00099999999999989,0.00099999999999989,1.5,1.5,     859P   1141
1.,1.,72.9899645183178,13.3477442230715,10.01,72.9899645183178,      859P   1142
13.3477442230715,25.,0.00099999999999989,1.5,0.,0.,0.;               859P   1143
126,1,1,0,0,1,0,-0.200000002980233,-0.200000002980233,0.,0.,1.,      861P   1144
1.,74.8920775792518,13.9657782210309,25.,72.9899645183178,           861P   1145
13.3477442230715,25.,-0.200000002980233,0.,0.,0.,0.;                 861P   1146
126,1,1,0,0,1,0,0.00099999999999989,0.00099999999999989,1.5,1.5,     863P   1147
1.,1.,-26.1561662309713,-30.1895672312487,10.01,                     863P   1148
-26.1561662309713,-30.1895672312487,25.,0.00099999999999989,1.5,     863P   1149
0.,0.,0.;                                                            863P   1150
126,1,1,0,0,1,0,-0.50000000745058,-0.50000000745058,0.,0.,1.,1.,     865P   1151
-22.1110811988201,-27.2506409259929,25.,-26.1561662309713,           865P   1152
-30.1895672312487,25.,-0.50000000745058,0.,0.,0.,0.;                 865P   1153
126,1,1,0,0,1,0,0.00099999999999989,0.00099999999999989,1.5,1.5,     867P   1154
1.,1.,-22.1110811988201,-27.2506409259929,10.01,                     867P   1155
-22.1110811988201,-27.2506409259929,25.,0.00099999999999989,1.5,     867P   1156
0.,0.,0.;                                                            867P   1157
126,1,1,0,0,1,0,0.00099999999999989,0.00099999999999989,1.5,1.5,     869P   1158
1.,1.,-24.980595708869,-31.8076012441092,10.01,-24.980595708869,     869P   1159
-31.8076012441092,25.,0.00099999999999989,1.5,0.,0.,0.;              869P   1160
126,1,1,0,0,1,0,-0.200000002980232,-0.200000002980232,0.,0.,1.,      871P   1161
1.,-26.1561662309713,-30.1895672312487,25.,-24.980595708869,         871P   1162
-31.8076012441092,25.,-0.200000002980232,0.,0.,0.,0.;                871P   1163
126,1,1,0,0,1,0,0.5,0.5,0.700000002980232,0.700000002980232,1.,      873P   1164
1.,-42.4999993667006,35.5000004544854,25.,-42.4999993667006,         873P   1165
37.5000004842877,25.,0.5,0.700000002980232,0.,0.,0.;                 873P   1166
126,1,1,0,0,1,0,0.00099999999999989,0.00099999999999989,1.5,1.5,     875P   1167
1.,1.,60.0194052555545,31.8076005434146,10.01,60.0194052555545,      875P   1168
31.8076005434146,25.,0.00099999999999989,1.5,0.,0.,0.;               875P   1169
126,1,1,0,0,1,0,-0.50000000745058,-0.50000000745058,0.,0.,1.,1.,     877P   1170
64.0644902877057,28.8686742381588,25.,60.0194052555545,              877P   1171
31.8076005434146,25.,-0.50000000745058,0.,0.,0.,0.;                  877P   1172
126,1,1,0,0,1,0,0.00099999999999989,0.00099999999999989,1.5,1.5,     879P   1173
1.,1.,64.0644902877057,28.8686742381588,10.01,64.0644902877057,      879P   1174
28.8686742381588,25.,0.00099999999999989,1.5,0.,0.,0.;               879P   1175
126,1,1,0,0,1,0,0.00099999999999989,0.00099999999999989,1.5,1.5,     881P   1176
1.,1.,58.8438347334522,30.1895665305541,10.01,58.8438347334522,      881P   1177
30.1895665305541,25.,0.00099999999999989,1.5,0.,0.,0.;               881P   1178
126,1,1,0,0,1,0,-0.200000002980232,-0.200000002980232,0.,0.,1.,      883P   1179
1.,60.0194052555545,31.8076005434146,25.,58.8438347334522,           883P   1180
30.1895665305541,25.,-0.200000002980232,0.,0.,0.,0.;                 883P   1181
126,1,1,0,0,1,0,0.00099999999999989,0.00099999999999989,1.5,1.5,     885P   1182
1.,1.,-47.5000006332994,-37.5000005587935,10.01,                     885P   1183
-47.5000006332994,-37.5000005587935,25.,0.00099999999999989,1.5,     885P   1184
0.,0.,0.;                                                            885P   1185
126,1,1,0,0,1,0,-0.200000002980232,-0.200000002980232,0.,0.,1.,      887P   1186
1.,-47.5000006332994,-35.5000005289912,25.,-47.5000006332994,        887P   1187
-37.5000005587935,25.,-0.200000002980232,0.,0.,0.,0.;                887P   1188
126,1,1,0,0,1,0,0.00099999999999989,0.00099999999999989,1.5,1.5,     889P   1189
1.,1.,-47.5000006332994,-35.5000005289912,10.01,                     889P   1190
-47.5000006332994,-35.5000005289912,25.,0.00099999999999989,1.5,     889P   1191
0.,0.,0.;                                                            889P   1192
126,1,1,0,0,1,0,0.00099999999999989,0.00099999999999989,1.5,1.5,     891P   1193
1.,1.,-42.5000005587935,-37.5000005587935,10.01,                     891P   1194
-42.5000005587935,-37.5000005587935,25.,0.00099999999999989,1.5,     891P   1195
0.,0.,0.;                                                            891P   1196
126,1,1,0,0,1,0,-0.500000007450581,-0.500000007450581,0.,0.,1.,      893P   1197
1.,-47.5000006332994,-37.5000005587935,25.,-42.5000005587935,        893P   1198
-37.5000005587935,25.,-0.500000007450581,0.,0.,0.,0.;                893P   1199
126,1,1,0,0,1,0,0.00099999999999989,0.00099999999999989,1.5,1.5,     895P   1200
1.,1.,64.0644893232822,-28.8686749388534,10.01,64.0644893232822,     895P   1201
-28.8686749388534,25.,0.00099999999999989,1.5,0.,0.,0.;              895P   1202
126,1,1,0,0,1,0,-0.500000007450581,-0.500000007450581,0.,0.,1.,      897P   1203
1.,60.019404291131,-31.8076012441092,25.,64.0644893232822,           897P   1204
-28.8686749388534,25.,-0.500000007450581,0.,0.,0.,0.;                897P   1205
126,1,1,0,0,1,0,0.00099999999999989,0.00099999999999989,1.5,1.5,     899P   1206
1.,1.,60.019404291131,-31.8076012441092,10.01,60.019404291131,       899P   1207
-31.8076012441092,25.,0.00099999999999989,1.5,0.,0.,0.;              899P   1208
126,1,1,0,0,1,0,0.00099999999999989,0.00099999999999989,1.5,1.5,     901P   1209
1.,1.,62.8889188011799,-27.2506409259929,10.01,62.8889188011799,     901P   1210
-27.2506409259929,25.,0.00099999999999989,1.5,0.,0.,0.;              901P   1211
126,1,1,0,0,1,0,-0.200000002980233,-0.200000002980233,0.,0.,1.,      903P   1212
1.,64.0644893232822,-28.8686749388534,25.,62.8889188011799,          903P   1213
-27.2506409259929,25.,-0.200000002980233,0.,0.,0.,0.;                903P   1214
126,1,1,0,0,1,0,0.00099999999999989,0.00099999999999989,1.5,1.5,     905P   1215
1.,1.,-81.4371625741501,-9.21049556869587,10.01,                     905P   1216
-81.4371625741501,-9.21049556869587,25.,0.00099999999999989,1.5,     905P   1217
0.,0.,0.;                                                            905P   1218
126,1,1,0,0,1,0,-0.200000002980231,-0.200000002980231,0.,0.,1.,      907P   1219
1.,-79.5350495132161,-8.59246157073655,25.,-81.4371625741501,        907P   1220
-9.21049556869587,25.,-0.200000002980231,0.,0.,0.,0.;                907P   1221
126,1,1,0,0,1,0,0.00099999999999989,0.00099999999999989,1.5,1.5,     909P   1222
1.,1.,-79.5350495132161,-8.59246157073655,10.01,                     909P   1223
-79.5350495132161,-8.59246157073655,25.,0.00099999999999989,1.5,     909P   1224
0.,0.,0.;                                                            909P   1225
126,1,1,0,0,1,0,0.00099999999999989,0.00099999999999989,1.5,1.5,     911P   1226
1.,1.,-79.8920775792518,-13.9657782210309,10.01,                     911P   1227
-79.8920775792518,-13.9657782210309,25.,0.00099999999999989,1.5,     911P   1228
0.,0.,0.;                                                            911P   1229
126,1,1,0,0,1,0,-0.500000007450581,-0.500000007450581,0.,0.,1.,      913P   1230
1.,-81.4371625741501,-9.21049556869587,25.,-79.8920775792518,        913P   1231
-13.9657782210309,25.,-0.500000007450581,0.,0.,0.,0.;                913P   1232
126,1,1,0,0,1,0,0.00099999999999989,0.00099999999999989,1.5,1.5,     915P   1233
1.,1.,5.10792242074816,-13.9657782210309,10.01,5.10792242074816,     915P   1234
-13.9657782210309,25.,0.00099999999999989,1.5,0.,0.,0.;              915P   1235
126,1,1,0,0,1,0,-0.500000007450581,-0.500000007450581,0.,0.,1.,      917P   1236
1.,3.56283742584987,-9.21049556869587,25.,5.10792242074816,          917P   1237
-13.9657782210309,25.,-0.500000007450581,0.,0.,0.,0.;                917P   1238
126,1,1,0,0,1,0,0.00099999999999989,0.00099999999999989,1.5,1.5,     919P   1239
1.,1.,3.56283742584987,-9.21049556869587,10.01,3.56283742584987,     919P   1240
-9.21049556869587,25.,0.00099999999999989,1.5,0.,0.,0.;              919P   1241
126,1,1,0,0,1,0,0.00099999999999989,0.00099999999999989,1.5,1.5,     921P   1242
1.,1.,7.01003548168217,-13.3477442230715,10.01,7.01003548168217,     921P   1243
-13.3477442230715,25.,0.00099999999999989,1.5,0.,0.,0.;              921P   1244
126,1,1,0,0,1,0,-0.200000002980233,-0.200000002980233,0.,0.,1.,      923P   1245
1.,5.10792242074816,-13.9657782210309,25.,7.01003548168217,          923P   1246
-13.3477442230715,25.,-0.200000002980233,0.,0.,0.,0.;                923P   1247
126,1,1,0,0,1,0,0.00099999999999989,0.00099999999999989,1.5,1.5,     925P   1248
1.,1.,42.5000006332994,37.5000005587935,10.01,42.5000006332994,      925P   1249
37.5000005587935,25.,0.00099999999999989,1.5,0.,0.,0.;               925P   1250
126,1,1,0,0,1,0,-0.200000002980232,-0.200000002980232,0.,0.,1.,      927P   1251
1.,42.5000006332994,35.5000005289912,25.,42.5000006332994,           927P   1252
37.5000005587935,25.,-0.200000002980232,0.,0.,0.,0.;                 927P   1253
126,1,1,0,0,1,0,0.00099999999999989,0.00099999999999989,1.5,1.5,     929P   1254
1.,1.,42.5000006332994,35.5000005289912,10.01,42.5000006332994,      929P   1255
35.5000005289912,25.,0.00099999999999989,1.5,0.,0.,0.;               929P   1256
126,1,1,0,0,1,0,0.00099999999999989,0.00099999999999989,1.5,1.5,     931P   1257
1.,1.,37.5000005587935,37.5000005587935,10.01,37.5000005587935,      931P   1258
37.5000005587935,25.,0.00099999999999989,1.5,0.,0.,0.;               931P   1259
126,1,1,0,0,1,0,-0.500000007450581,-0.500000007450581,0.,0.,1.,      933P   1260
1.,42.5000006332994,37.5000005587935,25.,37.5000005587935,           933P   1261
37.5000005587935,25.,-0.500000007450581,0.,0.,0.,0.;                 933P   1262
126,1,1,0,0,1,0,0.00099999999999989,0.00099999999999989,1.5,1.5,     935P   1263
1.,1.,-69.0644902877057,-28.8686742381588,10.01,                     935P   1264
-69.0644902877057,-28.8686742381588,25.,0.00099999999999989,1.5,     935P   1265
0.,0.,0.;                                                            935P   1266
126,1,1,0,0,1,0,-0.200000002980232,-0.200000002980232,0.,0.,1.,      937P   1267
1.,-67.8889197656033,-27.2506402252983,25.,-69.0644902877057,        937P   1268
-28.8686742381588,25.,-0.200000002980232,0.,0.,0.,0.;                937P   1269
126,1,1,0,0,1,0,0.00099999999999989,0.00099999999999989,1.5,1.5,     939P   1270
1.,1.,-67.8889197656033,-27.2506402252983,10.01,                     939P   1271
-67.8889197656033,-27.2506402252983,25.,0.00099999999999989,1.5,     939P   1272
0.,0.,0.;                                                            939P   1273
126,1,1,0,0,1,0,0.00099999999999989,0.00099999999999989,1.5,1.5,     941P   1274
1.,1.,-65.0194052555544,-31.8076005434146,10.01,                     941P   1275
-65.0194052555544,-31.8076005434146,25.,0.00099999999999989,1.5,     941P   1276
0.,0.,0.;                                                            941P   1277
126,1,1,0,0,1,0,-0.500000007450581,-0.500000007450581,0.,0.,1.,      943P   1278
1.,-69.0644902877057,-28.8686742381588,25.,-65.0194052555544,        943P   1279
-31.8076005434146,25.,-0.500000007450581,0.,0.,0.,0.;                943P   1280
126,1,1,0,0,1,0,0.00099999999999989,0.00099999999999989,1.5,1.5,     945P   1281
1.,1.,3.56283779422683,9.2104967024436,10.01,3.56283779422683,       945P   1282
9.2104967024436,25.,0.00099999999999989,1.5,0.,0.,0.;                945P   1283
126,1,1,0,0,1,0,-0.50000000745058,-0.50000000745058,0.,0.,1.,1.,     947P   1284
5.10792278912513,13.9657793547786,25.,3.56283779422683,              947P   1285
9.2104967024436,25.,-0.50000000745058,0.,0.,0.,0.;                   947P   1286
126,1,1,0,0,1,0,0.00099999999999989,0.00099999999999989,1.5,1.5,     949P   1287
1.,1.,5.10792278912513,13.9657793547786,10.01,5.10792278912513,      949P   1288
13.9657793547786,25.,0.00099999999999989,1.5,0.,0.,0.;               949P   1289
126,1,1,0,0,1,0,0.00099999999999989,0.00099999999999989,1.5,1.5,     951P   1290
1.,1.,5.46495085516083,8.59246270448427,10.01,5.46495085516083,      951P   1291
8.59246270448427,25.,0.00099999999999989,1.5,0.,0.,0.;               951P   1292
126,1,1,0,0,1,0,-0.200000002980233,-0.200000002980233,0.,0.,1.,      953P   1293
1.,3.56283779422683,9.2104967024436,25.,5.46495085516083,            953P   1294
8.59246270448427,25.,-0.200000002980233,0.,0.,0.,0.;                 953P   1295
126,1,1,0,0,1,0,0.00099999999999989,0.00099999999999989,1.5,1.5,     955P   1296
1.,1.,-25.000000372529,45.825757051174,10.01,-25.000000372529,       955P   1297
45.825757051174,25.,0.00099999999999989,1.5,0.,0.,0.;                955P   1298
126,4,2,0,0,0,0,-0.918545167891913,-0.918545167891913,               957P   1299
-0.918545167891913,1.49880108324396D-15,1.49880108324396D-15,        957P   1300
0.918545167891916,0.918545167891916,0.918545167891916,1.,            957P   1301
0.896375195411242,1.,0.896375195411253,1.,-25.000000372529,          957P   1302
45.825757051174,25.,-25.000000372529,44.5893992490329,25.,           957P   1303
-25.9825579177862,43.8389585217443,25.,-26.9651154630434,            957P   1304
43.0885177944557,25.,-28.1578950897643,43.4138751011122,25.,         957P   1305
-0.918545167891913,0.918545167891916,0.,0.,0.;                       957P   1306
126,1,1,0,0,1,0,-1.5,-1.5,-0.00099999999999989,                      959P   1307
-0.00099999999999989,1.,1.,-28.1578950897643,43.4138751011122,       959P   1308
25.,-28.1578950897643,43.4138751011122,10.01,-1.5,                   959P   1309
-0.00099999999999989,0.,0.,0.;                                       959P   1310
126,1,1,0,0,1,0,-1.5,-1.5,-0.00099999999999989,                      961P   1311
-0.00099999999999989,1.,1.,-25.000000372529,60.,25.,                 961P   1312
-25.000000372529,60.,10.01,-1.5,-0.00099999999999989,0.,0.,0.;       961P   1313
126,1,1,0,0,1,0,1.58257566041392,1.58257566041392,                   963P   1314
2.99999995529652,2.99999995529652,1.,1.,-25.000000372529,            963P   1315
45.825757051174,25.,-25.000000372529,60.,25.,1.58257566041392,       963P   1316
2.99999995529652,0.,0.,0.;                                           963P   1317
126,1,1,0,0,1,0,0.00099999999999989,0.00099999999999989,1.5,1.5,     965P   1318
1.,1.,-10.,32.5,10.01,-10.,32.5,25.,0.00099999999999989,1.5,0.,      965P   1319
0.,0.;                                                               965P   1320
126,1,1,0,0,1,0,0.,0.,2.75,2.75,1.,1.,-10.,60.,25.,-10.,32.5,        967P   1321
25.,0.,2.75,0.,0.,0.;                                                967P   1322
126,1,1,0,0,1,0,0.00099999999999989,0.00099999999999989,1.5,1.5,     969P   1323
1.,1.,-10.,60.,10.01,-10.,60.,25.,0.00099999999999989,1.5,0.,0.,     969P   1324
0.;                                                                  969P   1325
126,1,1,0,0,1,0,0.00099999999999989,0.00099999999999989,1.5,1.5,     971P   1326
1.,1.,-7.5,30.,10.01,-7.5,30.,25.,0.00099999999999989,1.5,0.,0.,     971P   1327
0.;                                                                  971P   1328
126,2,2,0,0,0,0,0.,0.,0.,1.5707963267949,1.5707963267949,            973P   1329
1.5707963267949,1.,0.707106781186548,1.,-10.,32.5,25.,-10.,30.,      973P   1330
25.,-7.5,30.,25.,0.,1.5707963267949,0.,0.,0.;                        973P   1331
126,1,1,0,0,1,0,0.00099999999999989,0.00099999999999989,1.5,1.5,     975P   1332
1.,1.,-5.,30.,10.01,-5.,30.,25.,0.00099999999999989,1.5,0.,0.,       975P   1333
0.;                                                                  975P   1334
126,1,1,0,0,1,0,0.,0.,0.25,0.25,1.,1.,-7.5,30.,25.,-5.,30.,25.,      977P   1335
0.,0.25,0.,0.,0.;                                                    977P   1336
126,1,1,0,0,1,0,0.00099999999999989,0.00099999999999989,1.5,1.5,     979P   1337
1.,1.,-5.,25.,10.01,-5.,25.,25.,0.00099999999999989,1.5,0.,0.,       979P   1338
0.;                                                                  979P   1339
126,1,1,0,0,1,0,0.,0.,0.5,0.5,1.,1.,-5.,25.,25.,-5.,30.,25.,0.,      981P   1340
0.5,0.,0.,0.;                                                        981P   1341
126,1,1,0,0,1,0,0.00099999999999989,0.00099999999999989,1.5,1.5,     983P   1342
1.,1.,0.,25.,10.01,0.,25.,25.,0.00099999999999989,1.5,0.,0.,0.;      983P   1343
126,14,5,0,0,0,0,-1.,-1.,-1.,-1.,-1.,-1.,-0.9,-0.8,-0.7,-0.6,        985P   1344
-0.5,-0.4,-0.3,-0.2,-0.1,0.,0.,0.,0.,0.,0.,1.,1.,1.,1.,1.,1.,1.,     985P   1345
1.,1.,1.,1.,1.,1.,1.,1.,-5.,25.,25.,-4.85985981074133,               985P   1346
23.6046060985018,25.,-4.58308187728475,20.9355738369844,25.,         985P   1347
-4.17842197554662,17.2972803632013,25.,-3.66023806794887,            985P   1348
13.1888517045073,25.,-3.0505315391751,9.37512227198277,25.,          985P   1349
-2.4822565459222,7.00167782723736,25.,-1.95881002021046,             985P   1350
6.18660596058735,25.,-1.48207514056411,6.99537163062071,25.,         985P   1351
-1.05023947651535,9.36496929429139,25.,-0.659930031533883,           985P   1352
13.1781434309929,25.,-0.378185526767368,17.2890606915221,25.,        985P   1353
-0.182945745066921,20.9308414711079,25.,-0.059811025058498,          985P   1354
23.6029101612413,25.,0.,25.,25.,-1.,0.,0.,0.,0.;                     985P   1355
126,1,1,0,0,1,0,0.00099999999999989,0.00099999999999989,1.5,1.5,     987P   1356
1.,1.,7.01003585005913,13.3477453568193,10.01,7.01003585005913,      987P   1357
13.3477453568193,25.,0.00099999999999989,1.5,0.,0.,0.;               987P   1358
126,1,1,0,0,1,0,-0.500000007450581,-0.500000007450581,0.,0.,1.,      989P   1359
1.,5.46495085516083,8.59246270448427,25.,7.01003585005913,           989P   1360
13.3477453568193,25.,-0.500000007450581,0.,0.,0.,0.;                 989P   1361
126,1,1,0,0,1,0,-0.200000002980232,-0.200000002980232,0.,0.,1.,      991P   1362
1.,7.01003585005913,13.3477453568193,25.,5.10792278912513,           991P   1363
13.9657793547786,25.,-0.200000002980232,0.,0.,0.,0.;                 991P   1364
126,1,1,0,0,1,0,0.00099999999999989,0.00099999999999989,1.5,1.5,     993P   1365
1.,1.,-63.8438347334521,-30.1895665305541,10.01,                     993P   1366
-63.8438347334521,-30.1895665305541,25.,0.00099999999999989,1.5,     993P   1367
0.,0.,0.;                                                            993P   1368
126,1,1,0,0,1,0,-0.200000002980232,-0.200000002980232,0.,0.,1.,      995P   1369
1.,-65.0194052555544,-31.8076005434146,25.,-63.8438347334521,        995P   1370
-30.1895665305541,25.,-0.200000002980232,0.,0.,0.,0.;                995P   1371
126,1,1,0,0,1,0,-0.500000007450581,-0.500000007450581,0.,0.,1.,      997P   1372
1.,-63.8438347334521,-30.1895665305541,25.,-67.8889197656033,        997P   1373
-27.2506402252983,25.,-0.500000007450581,0.,0.,0.,0.;                997P   1374
126,1,1,0,0,1,0,0.00099999999999989,0.00099999999999989,1.5,1.5,     999P   1375
1.,1.,37.5000005587935,35.5000005289912,10.01,37.5000005587935,      999P   1376
35.5000005289912,25.,0.00099999999999989,1.5,0.,0.,0.;               999P   1377
126,1,1,0,0,1,0,-0.200000002980232,-0.200000002980232,0.,0.,1.,     1001P   1378
1.,37.5000005587935,37.5000005587935,25.,37.5000005587935,          1001P   1379
35.5000005289912,25.,-0.200000002980232,0.,0.,0.,0.;                1001P   1380
126,1,1,0,0,1,0,-0.500000007450581,-0.500000007450581,0.,0.,1.,     1003P   1381
1.,37.5000005587935,35.5000005289912,25.,42.5000006332994,          1003P   1382
35.5000005289912,25.,-0.500000007450581,0.,0.,0.,0.;                1003P   1383
126,1,1,0,0,1,0,0.00099999999999989,0.00099999999999989,1.5,1.5,    1005P   1384
1.,1.,5.46495048678386,-8.59246157073655,10.01,5.46495048678386,    1005P   1385
-8.59246157073655,25.,0.00099999999999989,1.5,0.,0.,0.;             1005P   1386
126,1,1,0,0,1,0,-0.500000007450581,-0.500000007450581,0.,0.,1.,     1007P   1387
1.,7.01003548168217,-13.3477442230715,25.,5.46495048678386,         1007P   1388
-8.59246157073655,25.,-0.500000007450581,0.,0.,0.,0.;               1007P   1389
126,1,1,0,0,1,0,-0.200000002980231,-0.200000002980231,0.,0.,1.,     1009P   1390
1.,5.46495048678386,-8.59246157073655,25.,3.56283742584987,         1009P   1391
-9.21049556869587,25.,-0.200000002980231,0.,0.,0.,0.;               1009P   1392
126,1,1,0,0,1,0,0.00099999999999989,0.00099999999999989,1.5,1.5,    1011P   1393
1.,1.,-77.9899645183178,-13.3477442230715,10.01,                    1011P   1394
-77.9899645183178,-13.3477442230715,25.,0.00099999999999989,1.5,    1011P   1395
0.,0.,0.;                                                           1011P   1396
126,1,1,0,0,1,0,-0.200000002980233,-0.200000002980233,0.,0.,1.,     1013P   1397
1.,-79.8920775792518,-13.9657782210309,25.,-77.9899645183178,       1013P   1398
-13.3477442230715,25.,-0.200000002980233,0.,0.,0.,0.;               1013P   1399
126,1,1,0,0,1,0,-0.500000007450581,-0.500000007450581,0.,0.,1.,     1015P   1400
1.,-77.9899645183178,-13.3477442230715,25.,-79.5350495132161,       1015P   1401
-8.59246157073655,25.,-0.500000007450581,0.,0.,0.,0.;               1015P   1402
126,1,1,0,0,1,0,0.00099999999999989,0.00099999999999989,1.5,1.5,    1017P   1403
1.,1.,58.8438337690287,-30.1895672312487,10.01,58.8438337690287,    1017P   1404
-30.1895672312487,25.,0.00099999999999989,1.5,0.,0.,0.;             1017P   1405
126,1,1,0,0,1,0,-0.50000000745058,-0.50000000745058,0.,0.,1.,1.,    1019P   1406
62.8889188011799,-27.2506409259929,25.,58.8438337690287,            1019P   1407
-30.1895672312487,25.,-0.50000000745058,0.,0.,0.,0.;                1019P   1408
126,1,1,0,0,1,0,-0.200000002980232,-0.200000002980232,0.,0.,1.,     1021P   1409
1.,58.8438337690287,-30.1895672312487,25.,60.019404291131,          1021P   1410
-31.8076012441092,25.,-0.200000002980232,0.,0.,0.,0.;               1021P   1411
126,1,1,0,0,1,0,0.00099999999999989,0.00099999999999989,1.5,1.5,    1023P   1412
1.,1.,-42.5000005587935,-35.5000005289912,10.01,                    1023P   1413
-42.5000005587935,-35.5000005289912,25.,0.00099999999999989,1.5,    1023P   1414
0.,0.,0.;                                                           1023P   1415
126,1,1,0,0,1,0,-0.200000002980232,-0.200000002980232,0.,0.,1.,     1025P   1416
1.,-42.5000005587935,-37.5000005587935,25.,-42.5000005587935,       1025P   1417
-35.5000005289912,25.,-0.200000002980232,0.,0.,0.,0.;               1025P   1418
126,1,1,0,0,1,0,-0.500000007450581,-0.500000007450581,0.,0.,1.,     1027P   1419
1.,-42.5000005587935,-35.5000005289912,25.,-47.5000006332994,       1027P   1420
-35.5000005289912,25.,-0.500000007450581,0.,0.,0.,0.;               1027P   1421
126,1,1,0,0,1,0,0.00099999999999989,0.00099999999999989,1.5,1.5,    1029P   1422
1.,1.,62.8889197656033,27.2506402252983,10.01,62.8889197656033,     1029P   1423
27.2506402252983,25.,0.00099999999999989,1.5,0.,0.,0.;              1029P   1424
126,1,1,0,0,1,0,-0.50000000745058,-0.50000000745058,0.,0.,1.,1.,    1031P   1425
58.8438347334522,30.1895665305541,25.,62.8889197656033,             1031P   1426
27.2506402252983,25.,-0.50000000745058,0.,0.,0.,0.;                 1031P   1427
126,1,1,0,0,1,0,-0.200000002980232,-0.200000002980232,0.,0.,1.,     1033P   1428
1.,62.8889197656033,27.2506402252983,25.,64.0644902877057,          1033P   1429
28.8686742381588,25.,-0.200000002980232,0.,0.,0.,0.;                1033P   1430
126,1,1,0,0,1,0,0.299999997019768,0.299999997019768,0.5,0.5,1.,     1035P   1431
1.,-47.4999994412065,35.5000004544854,25.,-47.4999994412065,        1035P   1432
37.5000004842877,25.,0.299999997019768,0.5,0.,0.,0.;                1035P   1433
126,1,1,0,0,1,0,0.00099999999999989,0.00099999999999989,1.5,1.5,    1037P   1434
1.,1.,-20.9355106767178,-28.8686749388534,10.01,                    1037P   1435
-20.9355106767178,-28.8686749388534,25.,0.00099999999999989,1.5,    1037P   1436
0.,0.,0.;                                                           1037P   1437
126,1,1,0,0,1,0,-0.500000007450581,-0.500000007450581,0.,0.,1.,     1039P   1438
1.,-24.980595708869,-31.8076012441092,25.,-20.9355106767178,        1039P   1439
-28.8686749388534,25.,-0.500000007450581,0.,0.,0.,0.;               1039P   1440
126,1,1,0,0,1,0,-0.200000002980233,-0.200000002980233,0.,0.,1.,     1041P   1441
1.,-20.9355106767178,-28.8686749388534,25.,-22.1110811988201,       1041P   1442
-27.2506409259929,25.,-0.200000002980233,0.,0.,0.,0.;               1041P   1443
126,1,1,0,0,1,0,0.00099999999999989,0.00099999999999989,1.5,1.5,    1043P   1444
1.,1.,74.5350495132161,8.59246157073654,10.01,74.5350495132161,     1043P   1445
8.59246157073654,25.,0.00099999999999989,1.5,0.,0.,0.;              1043P   1446
126,1,1,0,0,1,0,-0.500000007450581,-0.500000007450581,0.,0.,1.,     1045P   1447
1.,72.9899645183178,13.3477442230715,25.,74.5350495132161,          1045P   1448
8.59246157073654,25.,-0.500000007450581,0.,0.,0.,0.;                1045P   1449
126,1,1,0,0,1,0,-0.200000002980231,-0.200000002980231,0.,0.,1.,     1047P   1450
1.,74.5350495132161,8.59246157073654,25.,76.4371625741501,          1047P   1451
9.21049556869585,25.,-0.200000002980231,0.,0.,0.,0.;                1047P   1452
126,1,1,0,0,1,0,0.00099999999999989,0.00099999999999989,1.5,1.5,    1049P   1453
1.,1.,17.1110802343967,-27.2506402252983,10.01,17.1110802343967,    1049P   1454
-27.2506402252983,25.,0.00099999999999989,1.5,0.,0.,0.;             1049P   1455
126,1,1,0,0,1,0,-0.500000007450581,-0.500000007450581,0.,0.,1.,     1051P   1456
1.,21.1561652665479,-30.1895665305541,25.,17.1110802343967,         1051P   1457
-27.2506402252983,25.,-0.500000007450581,0.,0.,0.,0.;               1051P   1458
126,1,1,0,0,1,0,-0.200000002980232,-0.200000002980232,0.,0.,1.,     1053P   1459
1.,17.1110802343967,-27.2506402252983,25.,15.9355097122943,         1053P   1460
-28.8686742381588,25.,-0.200000002980232,0.,0.,0.,0.;               1053P   1461
126,1,1,0,0,1,0,0.00099999999999989,0.00099999999999989,1.5,1.5,    1055P   1462
1.,1.,37.4999993667006,-35.5000005289912,10.01,37.4999993667006,    1055P   1463
-35.5000005289912,25.,0.00099999999999989,1.5,0.,0.,0.;             1055P   1464
126,1,1,0,0,1,0,-0.500000007450581,-0.500000007450581,0.,0.,1.,     1057P   1465
1.,42.4999994412065,-35.5000005289912,25.,37.4999993667006,         1057P   1466
-35.5000005289912,25.,-0.500000007450581,0.,0.,0.,0.;               1057P   1467
126,1,1,0,0,1,0,-0.200000002980232,-0.200000002980232,0.,0.,1.,     1059P   1468
1.,37.4999993667006,-35.5000005289912,25.,37.4999993667006,         1059P   1469
-37.5000005587935,25.,-0.200000002980232,0.,0.,0.,0.;               1059P   1470
126,1,1,0,0,1,0,0.00099999999999989,0.00099999999999989,1.5,1.5,    1061P   1471
1.,1.,-79.5350491448392,8.59246270448427,10.01,                     1061P   1472
-79.5350491448392,8.59246270448427,25.,0.00099999999999989,1.5,     1061P   1473
0.,0.,0.;                                                           1061P   1474
126,1,1,0,0,1,0,-0.200000002980233,-0.200000002980233,0.,0.,1.,     1063P   1475
1.,-81.4371622057732,9.2104967024436,25.,-79.5350491448392,         1063P   1476
8.59246270448427,25.,-0.200000002980233,0.,0.,0.,0.;                1063P   1477
126,1,1,0,0,1,0,-0.500000007450581,-0.500000007450581,0.,0.,1.,     1065P   1478
1.,-79.5350491448392,8.59246270448427,25.,-77.9899641499409,        1065P   1479
13.3477453568193,25.,-0.500000007450581,0.,0.,0.,0.;                1065P   1480
126,1,1,0,0,1,0,0.00099999999999989,0.00099999999999989,1.5,1.5,    1067P   1481
1.,1.,-12.0100354816822,13.3477442230715,10.01,                     1067P   1482
-12.0100354816822,13.3477442230715,25.,0.00099999999999989,1.5,     1067P   1483
0.,0.,0.;                                                           1067P   1484
126,1,1,0,0,1,0,-0.200000002980233,-0.200000002980233,0.,0.,1.,     1069P   1485
1.,-10.1079224207482,13.9657782210309,25.,-12.0100354816822,        1069P   1486
13.3477442230715,25.,-0.200000002980233,0.,0.,0.,0.;                1069P   1487
126,1,1,0,0,1,0,-0.500000007450581,-0.500000007450581,0.,0.,1.,     1071P   1488
1.,-12.0100354816822,13.3477442230715,25.,-10.4649504867839,        1071P   1489
8.59246157073654,25.,-0.500000007450581,0.,0.,0.,0.;                1071P   1490
126,1,1,0,0,1,0,0.00099999999999989,0.00099999999999989,1.5,1.5,    1073P   1491
1.,1.,-67.8889188011799,27.2506409259929,10.01,                     1073P   1492
-67.8889188011799,27.2506409259929,25.,0.00099999999999989,1.5,     1073P   1493
0.,0.,0.;                                                           1073P   1494
126,1,1,0,0,1,0,-0.200000002980232,-0.200000002980232,0.,0.,1.,     1075P   1495
1.,-69.0644893232822,28.8686749388534,25.,-67.8889188011799,        1075P   1496
27.2506409259929,25.,-0.200000002980232,0.,0.,0.,0.;                1075P   1497
126,1,1,0,0,1,0,-0.50000000745058,-0.50000000745058,0.,0.,1.,1.,    1077P   1498
-67.8889188011799,27.2506409259929,25.,-63.8438337690287,           1077P   1499
30.1895672312487,25.,-0.50000000745058,0.,0.,0.,0.;                 1077P   1500
126,1,1,0,0,1,0,0.00099999999999989,0.00099999999999989,1.5,1.5,    1079P   1501
1.,1.,-22.1110802343967,27.2506402252983,10.01,                     1079P   1502
-22.1110802343967,27.2506402252983,25.,0.00099999999999989,1.5,     1079P   1503
0.,0.,0.;                                                           1079P   1504
126,1,1,0,0,1,0,-0.50000000745058,-0.50000000745058,0.,0.,1.,1.,    1081P   1505
-26.1561652665478,30.1895665305541,25.,-22.1110802343967,           1081P   1506
27.2506402252983,25.,-0.50000000745058,0.,0.,0.,0.;                 1081P   1507
126,1,1,0,0,1,0,-0.200000002980232,-0.200000002980232,0.,0.,1.,     1083P   1508
1.,-22.1110802343967,27.2506402252983,25.,-20.9355097122944,        1083P   1509
28.8686742381588,25.,-0.200000002980232,0.,0.,0.,0.;                1083P   1510
126,1,1,0,0,1,0,0.00099999999999989,0.00099999999999989,1.5,1.5,    1085P   1511
1.,1.,72.9899641499409,-13.3477453568193,10.01,72.9899641499409,    1085P   1512
-13.3477453568193,25.,0.00099999999999989,1.5,0.,0.,0.;             1085P   1513
126,1,1,0,0,1,0,-0.500000007450581,-0.500000007450581,0.,0.,1.,     1087P   1514
1.,74.5350491448392,-8.59246270448427,25.,72.9899641499409,         1087P   1515
-13.3477453568193,25.,-0.500000007450581,0.,0.,0.,0.;               1087P   1516
126,1,1,0,0,1,0,-0.200000002980233,-0.200000002980233,0.,0.,1.,     1089P   1517
1.,72.9899641499409,-13.3477453568193,25.,74.8920772108749,         1089P   1518
-13.9657793547786,25.,-0.200000002980233,0.,0.,0.,0.;               1089P   1519
126,1,1,0,0,1,0,0.00099999999999989,0.00099999999999989,1.5,1.5,    1091P   1520
1.,1.,-10.1079227891251,-13.9657793547786,10.01,                    1091P   1521
-10.1079227891251,-13.9657793547786,25.,0.00099999999999989,1.5,    1091P   1522
0.,0.,0.;                                                           1091P   1523
126,1,1,0,0,1,0,-0.200000002980233,-0.200000002980233,0.,0.,1.,     1093P   1524
1.,-12.0100358500591,-13.3477453568193,25.,-10.1079227891251,       1093P   1525
-13.9657793547786,25.,-0.200000002980233,0.,0.,0.,0.;               1093P   1526
126,1,1,0,0,1,0,-0.50000000745058,-0.50000000745058,0.,0.,1.,1.,    1095P   1527
-10.1079227891251,-13.9657793547786,25.,-8.56283779422684,          1095P   1528
-9.21049670244359,25.,-0.50000000745058,0.,0.,0.,0.;                1095P   1529
126,1,1,0,0,1,0,0.00099999999999989,0.00099999999999989,1.5,1.5,    1097P   1530
1.,1.,21.1561662309713,30.1895672312487,10.01,21.1561662309713,     1097P   1531
30.1895672312487,25.,0.00099999999999989,1.5,0.,0.,0.;              1097P   1532
126,1,1,0,0,1,0,-0.500000007450581,-0.500000007450581,0.,0.,1.,     1099P   1533
1.,17.1110811988201,27.2506409259929,25.,21.1561662309713,          1099P   1534
30.1895672312487,25.,-0.500000007450581,0.,0.,0.,0.;                1099P   1535
126,1,1,0,0,1,0,-0.200000002980232,-0.200000002980232,0.,0.,1.,     1101P   1536
1.,21.1561662309713,30.1895672312487,25.,19.980595708869,           1101P   1537
31.8076012441092,25.,-0.200000002980232,0.,0.,0.,0.;                1101P   1538
126,1,1,0,0,1,0,0.,0.,3.5,3.5,1.,1.,0.,25.,25.,0.,60.,25.,0.,       1103P   1539
3.5,0.,0.,0.;                                                       1103P   1540
126,1,1,0,0,1,0,0.,0.,1.,1.,1.,1.,0.,60.,25.,-10.,60.,25.,0.,1.,    1105P   1541
0.,0.,0.;                                                           1105P   1542
126,1,1,0,0,1,0,0.00099999999999989,0.00099999999999989,1.5,1.5,    1107P   1543
1.,1.,-2.10526315789474,-24.269093919378,10.01,                     1107P   1544
-2.10526315789474,-24.269093919378,25.,0.00099999999999989,1.5,     1107P   1545
0.,0.,0.;                                                           1107P   1546
126,4,2,0,0,0,0,-1.00117500772197,-1.00117500772197,                1109P   1547
-1.00117500772197,-1.11022302462516D-15,-1.11022302462516D-15,      1109P   1548
1.00117500772196,1.00117500772196,1.00117500772196,1.,              1109P   1549
0.87730074609805,1.,0.877300746098048,1.,-2.10526315789474,         1109P   1550
-24.269093919378,25.,-1.36766394281882,-23.117376914899,25.,        1109P   1551
-7.54016818182499D-15,-23.117376914899,25.,1.36766394281881,        1109P   1552
-23.117376914899,25.,2.10526315789473,-24.269093919378,25.,         1109P   1553
-1.00117500772197,1.00117500772196,0.,0.,0.;                        1109P   1554
126,1,1,0,0,1,0,-1.5,-1.5,-0.00099999999999989,                     1111P   1555
-0.00099999999999989,1.,1.,2.10526315789473,-24.269093919378,       1111P   1556
25.,2.10526315789473,-24.269093919378,10.01,-1.5,                   1111P   1557
-0.00099999999999989,0.,0.,0.;                                      1111P   1558
126,6,2,0,0,0,0,1.80058073641371,1.80058073641371,                  1113P   1559
1.80058073641371,3.27026795984727,3.27026795984727,                 1113P   1560
4.73995518328083,4.73995518328083,6.2096424067144,                  1113P   1561
6.2096424067144,6.2096424067144,1.,0.741935616304332,1.,            1113P   1562
0.741935616304333,1.,0.741935616304332,1.,-2.10526315789474,        1113P   1563
-24.269093919378,25.,-24.0367172609831,-58.5137461738921,25.,       1113P   1564
-60.3201695505219,-40.150849423618,25.,-96.6036218400607,           1113P   1565
-21.7879526733438,25.,-81.9968473963788,16.1636879691879,25.,       1113P   1566
-67.3900729526969,54.1153286117197,25.,-28.1578950897643,           1113P   1567
43.4138751011122,25.,1.80058073641371,6.2096424067144,0.,0.,0.;     1113P   1568
126,1,1,0,0,1,0,-7.4999999627471,-7.4999999627471,0.,0.,1.,1.,      1115P   1569
-25.000000372529,60.,25.,-100.,60.,25.,-7.4999999627471,0.,0.,      1115P   1570
0.,0.;                                                              1115P   1571
126,1,1,0,0,1,0,-12.,-12.,0.,0.,1.,1.,-100.,60.,25.,-100.,-60.,     1117P   1572
25.,-12.,0.,0.,0.,0.;                                               1117P   1573
126,1,1,0,0,1,0,-20.,-20.,0.,0.,1.,1.,-100.,-60.,25.,100.,-60.,     1119P   1574
25.,-20.,0.,0.,0.,0.;                                               1119P   1575
126,1,1,0,0,1,0,-12.,-12.,0.,0.,1.,1.,100.,-60.,25.,100.,60.,       1121P   1576
25.,-12.,0.,0.,0.,0.;                                               1121P   1577
126,1,1,0,0,1,0,-20.,-20.,-11.0000000149012,-11.0000000149012,      1123P   1578
1.,1.,100.,60.,25.,10.0000001490116,60.,25.,-20.,                   1123P   1579
-11.0000000149012,0.,0.,0.;                                         1123P   1580
126,1,1,0,0,1,0,-4.32294909961812,-4.32294909961812,                1125P   1581
-2.1959323669991,-2.1959323669991,1.,1.,10.0000001490116,           1125P   1582
60.0000008940697,25.,10.0000001490116,38.7298335678794,25.,         1125P   1583
-4.32294909961812,-2.1959323669991,0.,0.,0.;                        1125P   1584
126,4,2,0,0,0,0,-1.09411671328139,-1.09411671328139,                1127P   1585
-1.09411671328139,3.5527136788005D-15,3.5527136788005D-15,          1127P   1586
1.0941167132814,1.0941167132814,1.0941167132814,1.,                 1127P   1587
0.854058390700066,1.,0.854058390700079,1.,13.9473685622215,         1127P   1588
36.6914212748331,25.,12.7058428017596,35.8098797064227,25.,         1127P   1589
11.3529214753856,36.5085252784895,25.,10.0000001490116,             1127P   1590
37.2071708505562,25.,10.0000001490116,38.7298335678794,25.,         1127P   1591
-1.09411671328139,1.0941167132814,0.,0.,0.;                         1127P   1592
126,8,2,0,0,0,0,1.42924147668742,1.42924147668742,                  1129P   1593
1.42924147668742,2.61929266695733,2.61929266695733,                 1129P   1594
3.80934385722725,3.80934385722725,4.99939504749716,                 1129P   1595
4.99939504749716,6.18944623776707,6.18944623776707,                 1129P   1596
6.18944623776707,1.,0.828134152271109,1.,0.828134152271114,1.,      1129P   1597
0.828134152271111,1.,0.828134152271112,1.,13.9473685622215,         1129P   1598
36.6914212748331,25.,38.7822826987544,54.3253760879097,25.,         1129P   1599
64.3823953506324,37.821935394232,25.,89.9825080025105,              1129P   1600
21.3184947005543,25.,84.1742298253935,-8.58122481545139,25.,        1129P   1601
78.3659516482765,-38.4809443314571,25.,48.4489832102612,            1129P   1602
-44.1997136044197,25.,18.5320147722459,-49.9184828773824,25.,       1129P   1603
2.10526315789473,-24.269093919378,25.,1.42924147668742,             1129P   1604
6.18944623776707,0.,0.,0.;                                          1129P   1605
126,1,1,0,0,1,0,0.00099999999999989,0.00099999999999989,1.5,1.5,    1131P   1606
1.,1.,13.9473685622215,36.6914212748331,10.01,13.9473685622215,     1131P   1607
36.6914212748331,25.,0.00099999999999989,1.5,0.,0.,0.;              1131P   1608
126,1,1,0,0,1,0,-1.5,-1.5,-0.00099999999999989,                     1133P   1609
-0.00099999999999989,1.,1.,10.0000001490116,38.7298335678794,       1133P   1610
25.,10.0000001490116,38.7298335678794,10.01,-1.5,                   1133P   1611
-0.00099999999999989,0.,0.,0.;                                      1133P   1612
126,1,1,0,0,1,0,0.00099999999999989,0.00099999999999989,1.5,1.5,    1135P   1613
1.,1.,0.,60.,10.01,0.,60.,25.,0.00099999999999989,1.5,0.,0.,0.;     1135P   1614
126,1,1,0,0,1,0,-20.,-20.,0.,0.,1.,1.,100.,-60.,0.,-100.,-60.,      1137P   1615
0.,-20.,0.,0.,0.,0.;                                                1137P   1616
126,1,1,0,0,1,0,-12.,-12.,0.,0.,1.,1.,-100.,-60.,0.,-100.,60.,      1139P   1617
0.,-12.,0.,0.,0.,0.;                                                1139P   1618
126,1,1,0,0,1,0,-20.,-20.,0.,0.,1.,1.,-100.,60.,0.,100.,60.,0.,     1141P   1619
-20.,0.,0.,0.,0.;                                                   1141P   1620
126,1,1,0,0,1,0,-12.,-12.,0.,0.,1.,1.,100.,60.,0.,100.,-60.,0.,     1143P   1621
-12.,0.,0.,0.,0.;                                                   1143P   1622
126,1,1,0,0,1,0,0.00099999999999989,0.00099999999999989,1.5,1.5,    1145P   1623
1.,1.,10.0000001490116,60.,10.01,10.0000001490116,60.,25.,          1145P   1624
0.00099999999999989,1.5,0.,0.,0.;                                   1145P   1625
126,1,1,0,0,1,0,-1.,-1.,1.5,1.5,1.,1.,100.,60.,0.,100.,60.,25.,     1147P   1626
-1.,1.5,0.,0.,0.;                                                   1147P   1627
126,1,1,0,0,1,0,-1.,-1.,1.5,1.5,1.,1.,-100.,60.,0.,-100.,60.,       1149P   1628
25.,-1.,1.5,0.,0.,0.;                                               1149P   1629
126,1,1,0,0,1,0,-1.5,-1.5,1.,1.,1.,1.,-100.,-60.,25.,-100.,-60.,    1151P   1630
0.,-1.5,1.,0.,0.,0.;                                                1151P   1631
126,1,1,0,0,1,0,-1.,-1.,1.5,1.5,1.,1.,100.,-60.,0.,100.,-60.,       1153P   1632
25.,-1.,1.5,0.,0.,0.;                                               1153P   1633
128,1,8,1,2,0,1,0,0,1,0.,0.,0.759493670886076,0.759493670886076,    1155P   1634
-3.14159265358979,-3.14159265358979,-3.14159265358979,              1155P   1635
-1.5707963267949,-1.5707963267949,0.,0.,1.5707963267949,            1155P   1636
1.5707963267949,3.14159265358979,3.14159265358979,                  1155P   1637
3.14159265358979,1.,1.,0.707106781186548,0.707106781186548,1.,      1155P   1638
1.,0.707106781186548,0.707106781186548,1.,1.,0.707106781186548,     1155P   1639
0.707106781186548,1.,1.,0.707106781186548,0.707106781186548,1.,     1155P   1640
1.,-20.750000603497,0.,25.01,-20.750000603497,0.,10.01,             1155P   1641
-20.750000603497,19.75,25.01,-20.750000603497,19.75,10.01,          1155P   1642
-40.500000603497,19.75,25.01,-40.500000603497,19.75,10.01,          1155P   1643
-60.250000603497,19.75,25.01,-60.250000603497,19.75,10.01,          1155P   1644
-60.250000603497,0.,25.01,-60.250000603497,0.,10.01,                1155P   1645
-60.250000603497,-19.75,25.01,-60.250000603497,-19.75,10.01,        1155P   1646
-40.500000603497,-19.75,25.01,-40.500000603497,-19.75,10.01,        1155P   1647
-20.750000603497,-19.75,25.01,-20.750000603497,-19.75,10.01,        1155P   1648
-20.750000603497,0.,25.01,-20.750000603497,0.,10.01,0.,             1155P   1649
0.759493670886076,-3.14159265358979,3.14159265358979;               1155P   1650
128,1,1,1,1,0,0,1,0,0,-1.976,-1.976,1.976,1.976,-1.976,-1.976,      1157P   1651
1.976,1.976,1.,1.,1.,1.,-20.740000603497,19.76,25.01,               1157P   1652
-60.260000603497,19.76,25.01,-20.740000603497,-19.76,25.01,         1157P   1653
-60.260000603497,-19.76,25.01,-1.976,1.976,-1.976,1.976;            1157P   1654
128,1,1,1,1,0,0,1,0,0,-9.66136218400607,-9.66136218400607,          1159P   1655
8.99925080025105,8.99925080025105,-6.00100008940697,                1159P   1656
-6.00100008940697,5.85237461738921,5.85237461738921,1.,1.,1.,1.,    1159P   1657
89.9925080025105,60.0100008940697,10.01,-96.6136218400607,          1159P   1658
60.0100008940697,10.01,89.9925080025105,-58.5237461738921,10.01,    1159P   1659
-96.6136218400607,-58.5237461738921,10.01,-9.66136218400607,        1159P   1660
8.99925080025105,-6.00100008940697,5.85237461738921;                1159P   1661
128,1,8,1,2,0,1,0,0,1,0.,0.,0.759493670886076,0.759493670886076,    1161P   1662
-3.14159265358979,-3.14159265358979,-3.14159265358979,              1161P   1663
-1.5707963267949,-1.5707963267949,0.,0.,1.5707963267949,            1161P   1664
1.5707963267949,3.14159265358979,3.14159265358979,                  1161P   1665
3.14159265358979,1.,1.,0.707106781186548,0.707106781186548,1.,      1161P   1666
1.,0.707106781186548,0.707106781186548,1.,1.,0.707106781186548,     1161P   1667
0.707106781186548,1.,1.,0.707106781186548,0.707106781186548,1.,     1161P   1668
1.,60.7500006109476,0.,25.01,60.7500006109476,0.,10.01,             1161P   1669
60.7500006109476,19.75,25.01,60.7500006109476,19.75,10.01,          1161P   1670
41.0000006109476,19.75,25.01,41.0000006109476,19.75,10.01,          1161P   1671
21.2500006109476,19.75,25.01,21.2500006109476,19.75,10.01,          1161P   1672
21.2500006109476,0.,25.01,21.2500006109476,0.,10.01,                1161P   1673
21.2500006109476,-19.75,25.01,21.2500006109476,-19.75,10.01,        1161P   1674
41.0000006109476,-19.75,25.01,41.0000006109476,-19.75,10.01,        1161P   1675
60.7500006109476,-19.75,25.01,60.7500006109476,-19.75,10.01,        1161P   1676
60.7500006109476,0.,25.01,60.7500006109476,0.,10.01,0.,             1161P   1677
0.759493670886076,-3.14159265358979,3.14159265358979;               1161P   1678
128,1,1,1,1,0,0,1,0,0,-1.976,-1.976,1.976,1.976,-1.976,-1.976,      1163P   1679
1.976,1.976,1.,1.,1.,1.,60.7600006109476,19.76,25.01,               1163P   1680
21.2400006109476,19.76,25.01,60.7600006109476,-19.76,25.01,         1163P   1681
21.2400006109476,-19.76,25.01,-1.976,1.976,-1.976,1.976;            1163P   1682
128,1,1,1,1,0,0,1,0,0,-1.10154940724527D-16,                        1165P   1683
-1.10154940724527D-16,1.501,1.501,-0.001,-0.001,                    1165P   1684
0.501000007450581,0.501000007450581,1.,1.,1.,1.,                    1165P   1685
-47.5099994412065,35.5000004544854,25.01,-47.5099994412065,         1165P   1686
35.5000004544854,10.,-42.4899993667006,35.5000004544854,25.01,      1165P   1687
-42.4899993667006,35.5000004544854,10.,-1.10154940724527D-16,       1165P   1688
1.501,-0.001,0.501000007450581;                                     1165P   1689
128,1,1,1,1,0,0,1,0,0,-1.10154940724527D-16,                        1167P   1690
-1.10154940724527D-16,1.501,1.501,-0.501000007450581,               1167P   1691
-0.501000007450581,0.001,0.001,1.,1.,1.,1.,-47.5099994412065,       1167P   1692
37.5000004842877,10.,-47.5099994412065,37.5000004842877,25.01,      1167P   1693
-42.4899993667006,37.5000004842877,10.,-42.4899993667006,           1167P   1694
37.5000004842877,25.01,-1.10154940724527D-16,1.501,                 1167P   1695
-0.501000007450581,0.001;                                           1167P   1696
128,1,1,1,1,0,0,1,0,0,-0.00100000000000089,-0.00100000000000089,    1169P   1697
0.501000007450581,0.501000007450581,-1.10154940724527D-16,          1169P   1698
-1.10154940724527D-16,1.501,1.501,1.,1.,1.,1.,19.9886858788127,     1169P   1699
31.8134790966321,10.,15.927420506774,28.8627970863305,10.,          1169P   1700
19.9886858788127,31.8134790966321,25.01,15.927420506774,            1169P   1701
28.8627970863305,25.01,-0.00100000000000089,0.501000007450581,      1169P   1702
-1.10154940724527D-16,1.501;                                        1169P   1703
128,1,1,1,1,0,0,1,0,0,-0.001,-0.001,0.201000002980232,              1171P   1704
0.201000002980232,-1.10154940724527D-16,-1.10154940724527D-16,      1171P   1705
1.501,1.501,1.,1.,1.,1.,15.9296328241948,28.8767651087972,10.,      1171P   1706
17.116959051343,27.2425507560492,10.,15.9296328241948,              1171P   1707
28.8767651087972,25.01,17.116959051343,27.2425507560492,25.01,      1171P   1708
-0.001,0.201000002980232,-1.10154940724527D-16,1.501;               1171P   1709
128,1,1,1,1,0,0,1,0,0,-0.001,-0.001,0.201000002980231,              1173P   1710
0.201000002980231,-1.10154940724527D-16,-1.10154940724527D-16,      1173P   1711
1.501,1.501,1.,1.,1.,1.,-8.55332722906389,-9.21358687238734,10.,    1173P   1712
-10.4744614203238,-8.58937253454052,10.,-8.55332722906389,          1173P   1713
-9.21358687238734,25.01,-10.4744614203238,-8.58937253454052,        1173P   1714
25.01,-0.001,0.201000002980231,-1.10154940724527D-16,1.501;         1173P   1715
128,1,1,1,1,0,0,1,0,0,-0.001,-0.001,0.501000007450581,              1175P   1716
0.501000007450581,-1.10154940724527D-16,-1.10154940724527D-16,      1175P   1717
1.501,1.501,1.,1.,1.,1.,-10.4618606852171,-8.58295213932132,10.,    1175P   1718
-12.0131260200029,-13.3572559219822,10.,-10.4618606852171,          1175P   1719
-8.58295213932132,25.01,-12.0131260200029,-13.3572559219822,        1175P   1720
25.01,-0.001,0.501000007450581,-1.10154940724527D-16,1.501;         1175P   1721
128,1,1,1,1,0,0,1,0,0,-0.00100000000000022,-0.00100000000000022,    1177P   1722
0.50100000745058,0.50100000745058,-1.10154940724527D-16,            1177P   1723
-1.10154940724527D-16,1.501,1.501,1.,1.,1.,1.,74.8889870409311,     1177P   1724
-13.9752899199415,10.,76.4402523757169,-9.20098613728064,10.,       1177P   1725
74.8889870409311,-13.9752899199415,25.01,76.4402523757169,          1177P   1726
-9.20098613728063,25.01,-0.00100000000000022,0.50100000745058,      1177P   1727
-1.10154940724527D-16,1.501;                                        1177P   1728
128,1,1,1,1,0,0,1,0,0,-0.001,-0.001,0.201000002980232,              1179P   1729
0.201000002980232,-1.10154940724527D-16,-1.10154940724527D-16,      1179P   1730
1.501,1.501,1.,1.,1.,1.,76.4466727709361,-9.21358687238734,10.,     1179P   1731
74.5255385796762,-8.58937253454052,10.,76.4466727709361,            1179P   1732
-9.21358687238734,25.01,74.5255385796762,-8.58937253454052,         1179P   1733
25.01,-0.001,0.201000002980232,-1.10154940724527D-16,1.501;         1179P   1734
128,1,1,1,1,0,0,1,0,0,-0.001,-0.001,0.50100000745058,               1181P   1735
0.50100000745058,-1.10154940724527D-16,-1.10154940724527D-16,       1181P   1736
1.501,1.501,1.,1.,1.,1.,-20.9274195423506,28.8627963856359,10.,     1181P   1737
-24.9886849143893,31.8134783959375,10.,-20.9274195423506,           1181P   1738
28.8627963856359,25.01,-24.9886849143893,31.8134783959375,25.01,    1181P   1739
-0.001,0.50100000745058,-1.10154940724527D-16,1.501;                1181P   1740
128,1,1,1,1,0,0,1,0,0,-0.001,-0.001,0.201000002980232,              1183P   1741
0.201000002980232,-1.10154940724527D-16,-1.10154940724527D-16,      1183P   1742
1.501,1.501,1.,1.,1.,1.,-24.9747168919226,31.8156907133583,10.,     1183P   1743
-26.1620431190708,30.1814763606103,10.,-24.9747168919226,           1183P   1744
31.8156907133583,25.01,-26.1620431190708,30.1814763606103,25.01,    1183P   1745
-0.001,0.201000002980232,-1.10154940724527D-16,1.501;               1183P   1746
128,1,1,1,1,0,0,1,0,0,-0.00100000000000036,-0.00100000000000036,    1185P   1747
0.201000002980232,0.201000002980232,-1.10154940724527D-16,          1185P   1748
-1.10154940724527D-16,1.501,1.501,1.,1.,1.,1.,-63.8379559165058,    1185P   1749
30.181477061305,10.,-65.025282143654,31.815691414053,10.,           1185P   1750
-63.8379559165058,30.181477061305,25.01,-65.025282143654,           1185P   1751
31.815691414053,25.01,-0.00100000000000036,0.201000002980232,       1185P   1752
-1.10154940724527D-16,1.501;                                        1185P   1753
128,1,1,1,1,0,0,1,0,0,-0.00100000000000044,-0.00100000000000044,    1187P   1754
0.501000007450581,0.501000007450581,-1.10154940724527D-16,          1187P   1755
-1.10154940724527D-16,1.501,1.501,1.,1.,1.,1.,-65.0113141211873,    1187P   1756
31.8134790966321,10.,-69.072579493226,28.8627970863305,10.,         1187P   1757
-65.0113141211873,31.8134790966321,25.01,-69.072579493226,          1187P   1758
28.8627970863305,25.01,-0.00100000000000044,0.501000007450581,      1187P   1759
-1.10154940724527D-16,1.501;                                        1187P   1760
128,1,1,1,1,0,0,1,0,0,-0.001,-0.001,0.201000002980232,              1189P   1761
0.201000002980232,-1.10154940724527D-16,-1.10154940724527D-16,      1189P   1762
1.501,1.501,1.,1.,1.,1.,-10.4744610519468,8.58937140079279,10.,     1189P   1763
-8.55332686068691,9.21358573863961,10.,-10.4744610519468,           1189P   1764
8.58937140079279,25.01,-8.55332686068691,9.2135857386396,25.01,     1189P   1765
-0.001,0.201000002980232,-1.10154940724527D-16,1.501;               1189P   1766
128,1,1,1,1,0,0,1,0,0,-0.001,-0.001,0.501000007450581,              1191P   1767
0.501000007450581,-1.10154940724527D-16,-1.10154940724527D-16,      1191P   1768
1.501,1.501,1.,1.,1.,1.,-8.55974725590612,9.2009850035329,10.,      1191P   1769
-10.1110125906919,13.9752887861938,10.,-8.55974725590612,           1191P   1770
9.2009850035329,25.01,-10.1110125906919,13.9752887861938,25.01,     1191P   1771
-0.001,0.501000007450581,-1.10154940724527D-16,1.501;               1191P   1772
128,1,1,1,1,0,0,1,0,0,-0.001,-0.001,0.201000002980234,              1193P   1773
0.201000002980234,-1.10154940724527D-16,-1.10154940724527D-16,      1193P   1774
1.501,1.501,1.,1.,1.,1.,-77.9804535847779,13.3446551868755,10.,     1193P   1775
-79.9015877760378,13.9688695247224,10.,-77.9804535847779,           1193P   1776
13.3446551868755,25.01,-79.9015877760379,13.9688695247224,25.01,    1193P   1777
-0.001,0.201000002980234,-1.10154940724527D-16,1.501;               1193P   1778
128,1,1,1,1,0,0,1,0,0,-0.001,-0.001,0.501000007450581,              1195P   1779
0.501000007450581,-1.10154940724527D-16,-1.10154940724527D-16,      1195P   1780
1.501,1.501,1.,1.,1.,1.,-79.8889870409311,13.9752899199415,10.,     1195P   1781
-81.4402523757169,9.20098613728064,10.,-79.8889870409311,           1195P   1782
13.9752899199415,25.01,-81.440252375717,9.20098613728064,25.01,     1195P   1783
-0.001,0.501000007450581,-1.10154940724527D-16,1.501;               1195P   1784
128,1,1,1,1,0,0,1,0,0,-0.001,-0.001,0.501000007450581,              1197P   1785
0.501000007450581,-1.10154940724527D-16,-1.10154940724527D-16,      1197P   1786
1.501,1.501,1.,1.,1.,1.,37.4899993667006,-37.5000005587935,10.,     1197P   1787
42.5099994412065,-37.5000005587935,10.,37.4899993667006,            1197P   1788
-37.5000005587935,25.01,42.5099994412065,-37.5000005587935,         1197P   1789
25.01,-0.001,0.501000007450581,-1.10154940724527D-16,1.501;         1197P   1790
128,1,1,1,1,0,0,1,0,0,-0.001,-0.001,0.201000002980232,              1199P   1791
0.201000002980232,-1.10154940724527D-16,-1.10154940724527D-16,      1199P   1792
1.501,1.501,1.,1.,1.,1.,42.4999994412065,-37.5100005587935,10.,     1199P   1793
42.4999994412065,-35.4900005289912,10.,42.4999994412065,            1199P   1794
-37.5100005587935,25.01,42.4999994412065,-35.4900005289912,         1199P   1795
25.01,-0.001,0.201000002980232,-1.10154940724527D-16,1.501;         1199P   1796
128,1,1,1,1,0,0,1,0,0,-0.001,-0.001,0.501000007450582,              1201P   1797
0.501000007450582,-1.10154940724527D-16,-1.10154940724527D-16,      1201P   1798
1.501,1.501,1.,1.,1.,1.,15.9274195423506,-28.8627963856359,10.,     1201P   1799
19.9886849143893,-31.8134783959375,10.,15.9274195423506,            1201P   1800
-28.8627963856359,25.01,19.9886849143893,-31.8134783959375,         1201P   1801
25.01,-0.001,0.501000007450582,-1.10154940724527D-16,1.501;         1201P   1802
128,1,1,1,1,0,0,1,0,0,-0.001,-0.001,0.201000002980232,              1203P   1803
0.201000002980232,-1.10154940724527D-16,-1.10154940724527D-16,      1203P   1804
1.501,1.501,1.,1.,1.,1.,19.9747168919226,-31.8156907133583,10.,     1203P   1805
21.1620431190708,-30.1814763606103,10.,19.9747168919226,            1203P   1806
-31.8156907133583,25.01,21.1620431190708,-30.1814763606103,         1203P   1807
25.01,-0.001,0.201000002980232,-1.10154940724527D-16,1.501;         1203P   1808
128,1,1,1,1,0,0,1,0,0,-0.001,-0.001,0.501000007450581,              1205P   1809
0.501000007450581,-1.10154940724527D-16,-1.10154940724527D-16,      1205P   1810
1.501,1.501,1.,1.,1.,1.,76.4402527440939,9.2009850035329,10.,       1205P   1811
74.8889874093081,13.9752887861938,10.,76.4402527440939,             1205P   1812
9.2009850035329,25.01,74.8889874093081,13.9752887861938,25.01,      1205P   1813
-0.001,0.501000007450581,-1.10154940724527D-16,1.501;               1205P   1814
128,1,1,1,1,0,0,1,0,0,-0.001,-0.001,0.201000002980233,              1207P   1815
0.201000002980233,-1.10154940724527D-16,-1.10154940724527D-16,      1207P   1816
1.501,1.501,1.,1.,1.,1.,74.9015881444148,13.9688683909746,10.,      1207P   1817
72.9804539531549,13.3446540531278,10.,74.9015881444148,             1207P   1818
13.9688683909746,25.01,72.9804539531549,13.3446540531278,25.01,     1207P   1819
-0.001,0.201000002980233,-1.10154940724527D-16,1.501;               1207P   1820
128,1,1,1,1,0,0,1,0,0,-0.001,-0.001,0.501000007450581,              1209P   1821
0.501000007450581,-1.10154940724527D-16,-1.10154940724527D-16,      1209P   1822
1.501,1.501,1.,1.,1.,1.,-22.1029910288763,-27.24476307347,10.,      1209P   1823
-26.164256400915,-30.1954450837717,10.,-22.1029910288763,           1209P   1824
-27.24476307347,25.01,-26.164256400915,-30.1954450837717,25.01,     1209P   1825
-0.001,0.501000007450581,-1.10154940724527D-16,1.501;               1209P   1826
128,1,1,1,1,0,0,1,0,0,-0.001,-0.001,0.201000002980233,              1211P   1827
0.201000002980233,-1.10154940724527D-16,-1.10154940724527D-16,      1211P   1828
1.501,1.501,1.,1.,1.,1.,-26.1620440834942,-30.181477061305,10.,     1211P   1829
-24.974717856346,-31.815691414053,10.,-26.1620440834942,            1211P   1830
-30.181477061305,25.01,-24.974717856346,-31.815691414053,25.01,     1211P   1831
-0.001,0.201000002980233,-1.10154940724527D-16,1.501;               1211P   1832
128,1,1,1,1,0,0,1,0,0,0.499,0.499,0.701000002980232,                1213P   1833
0.701000002980232,-1.10154940724527D-16,-1.10154940724527D-16,      1213P   1834
1.501,1.501,1.,1.,1.,1.,-42.4999993667006,35.4900004544854,10.,     1213P   1835
-42.4999993667006,37.5100004842877,10.,-42.4999993667006,           1213P   1836
35.4900004544854,25.01,-42.4999993667006,37.5100004842877,25.01,    1213P   1837
0.499,0.701000002980232,-1.10154940724527D-16,1.501;                1213P   1838
128,1,1,1,1,0,0,1,0,0,-0.001,-0.001,0.501000007450581,              1215P   1839
0.501000007450581,-1.10154940724527D-16,-1.10154940724527D-16,      1215P   1840
1.501,1.501,1.,1.,1.,1.,64.0725804576494,28.8627963856359,10.,      1215P   1841
60.0113150856107,31.8134783959375,10.,64.0725804576494,             1215P   1842
28.8627963856359,25.01,60.0113150856107,31.8134783959375,25.01,     1215P   1843
-0.001,0.501000007450581,-1.10154940724527D-16,1.501;               1215P   1844
128,1,1,1,1,0,0,1,0,0,-0.001,-0.001,0.201000002980232,              1217P   1845
0.201000002980232,-1.10154940724527D-16,-1.10154940724527D-16,      1217P   1846
1.501,1.501,1.,1.,1.,1.,60.0252831080774,31.8156907133583,10.,      1217P   1847
58.8379568809292,30.1814763606103,10.,60.0252831080774,             1217P   1848
31.8156907133583,25.01,58.8379568809292,30.1814763606103,25.01,     1217P   1849
-0.001,0.201000002980232,-1.10154940724527D-16,1.501;               1217P   1850
128,1,1,1,1,0,0,1,0,0,-0.001,-0.001,0.201000002980232,              1219P   1851
0.201000002980232,-1.10154940724527D-16,-1.10154940724527D-16,      1219P   1852
1.501,1.501,1.,1.,1.,1.,-47.5000006332994,-35.4900005289912,10.,    1219P   1853
-47.5000006332994,-37.5100005587935,10.,-47.5000006332994,          1219P   1854
-35.4900005289912,25.01,-47.5000006332994,-37.5100005587935,        1219P   1855
25.01,-0.001,0.201000002980232,-1.10154940724527D-16,1.501;         1219P   1856
128,1,1,1,1,0,0,1,0,0,-0.001,-0.001,0.501000007450581,              1221P   1857
0.501000007450581,-1.10154940724527D-16,-1.10154940724527D-16,      1221P   1858
1.501,1.501,1.,1.,1.,1.,-47.5100006332994,-37.5000005587935,10.,    1221P   1859
-42.4900005587935,-37.5000005587935,10.,-47.5100006332994,          1221P   1860
-37.5000005587935,25.01,-42.4900005587935,-37.5000005587935,        1221P   1861
25.01,-0.001,0.501000007450581,-1.10154940724527D-16,1.501;         1221P   1862
128,1,1,1,1,0,0,1,0,0,-0.001,-0.001,0.501000007450582,              1223P   1863
0.501000007450582,-1.10154940724527D-16,-1.10154940724527D-16,      1223P   1864
1.501,1.501,1.,1.,1.,1.,60.0113141211873,-31.8134790966321,10.,     1223P   1865
64.072579493226,-28.8627970863305,10.,60.0113141211873,             1223P   1866
-31.8134790966321,25.01,64.072579493226,-28.8627970863305,25.01,    1223P   1867
-0.001,0.501000007450582,-1.10154940724527D-16,1.501;               1223P   1868
128,1,1,1,1,0,0,1,0,0,-0.001,-0.001,0.201000002980234,              1225P   1869
0.201000002980234,-1.10154940724527D-16,-1.10154940724527D-16,      1225P   1870
1.501,1.501,1.,1.,1.,1.,64.0703671758052,-28.8767651087972,10.,     1225P   1871
62.883040948657,-27.2425507560492,10.,64.0703671758052,             1225P   1872
-28.8767651087972,25.01,62.883040948657,-27.2425507560492,25.01,    1225P   1873
-0.001,0.201000002980234,-1.10154940724527D-16,1.501;               1225P   1874
128,1,1,1,1,0,0,1,0,0,-0.001,-0.001,0.201000002980233,              1227P   1875
0.201000002980233,-1.10154940724527D-16,-1.10154940724527D-16,      1227P   1876
1.501,1.501,1.,1.,1.,1.,-79.5255389480532,-8.5893714007928,10.,     1227P   1877
-81.4466731393131,-9.21358573863962,10.,-79.5255389480532,          1227P   1878
-8.5893714007928,25.01,-81.4466731393131,-9.21358573863962,         1227P   1879
25.01,-0.001,0.201000002980233,-1.10154940724527D-16,1.501;         1227P   1880
128,1,1,1,1,0,0,1,0,0,-0.00100000000000044,-0.00100000000000044,    1229P   1881
0.501000007450581,0.501000007450581,-1.10154940724527D-16,          1229P   1882
-1.10154940724527D-16,1.501,1.501,1.,1.,1.,1.,-81.4402527440939,    1229P   1883
-9.20098500353291,10.,-79.8889874093081,-13.9752887861938,10.,      1229P   1884
-81.4402527440939,-9.20098500353291,25.01,-79.8889874093081,        1229P   1885
-13.9752887861938,25.01,-0.00100000000000044,0.501000007450581,     1229P   1886
-1.10154940724527D-16,1.501;                                        1229P   1887
128,1,1,1,1,0,0,1,0,0,-0.001,-0.001,0.501000007450581,              1231P   1888
0.501000007450581,-1.10154940724527D-16,-1.10154940724527D-16,      1231P   1889
1.501,1.501,1.,1.,1.,1.,3.55974725590612,-9.20098500353292,10.,     1231P   1890
5.11101259069191,-13.9752887861938,10.,3.55974725590612,            1231P   1891
-9.20098500353292,25.01,5.11101259069191,-13.9752887861938,         1231P   1892
25.01,-0.001,0.501000007450581,-1.10154940724527D-16,1.501;         1231P   1893
128,1,1,1,1,0,0,1,0,0,-0.001,-0.001,0.201000002980233,              1233P   1894
0.201000002980233,-1.10154940724527D-16,-1.10154940724527D-16,      1233P   1895
1.501,1.501,1.,1.,1.,1.,5.0984118555852,-13.9688683909746,10.,      1233P   1896
7.01954604684512,-13.3446540531278,10.,5.0984118555852,             1233P   1897
-13.9688683909746,25.01,7.01954604684512,-13.3446540531278,         1233P   1898
25.01,-0.001,0.201000002980233,-1.10154940724527D-16,1.501;         1233P   1899
128,1,1,1,1,0,0,1,0,0,-0.001,-0.001,0.201000002980232,              1235P   1900
0.201000002980232,-1.10154940724527D-16,-1.10154940724527D-16,      1235P   1901
1.501,1.501,1.,1.,1.,1.,42.5000006332994,35.4900005289912,10.,      1235P   1902
42.5000006332994,37.5100005587935,10.,42.5000006332994,             1235P   1903
35.4900005289912,25.01,42.5000006332994,37.5100005587935,25.01,     1235P   1904
-0.001,0.201000002980232,-1.10154940724527D-16,1.501;               1235P   1905
128,1,1,1,1,0,0,1,0,0,-0.001,-0.001,0.501000007450581,              1237P   1906
0.501000007450581,-1.10154940724527D-16,-1.10154940724527D-16,      1237P   1907
1.501,1.501,1.,1.,1.,1.,42.5100006332994,37.5000005587935,10.,      1237P   1908
37.4900005587935,37.5000005587935,10.,42.5100006332994,             1237P   1909
37.5000005587935,25.01,37.4900005587935,37.5000005587935,25.01,     1237P   1910
-0.001,0.501000007450581,-1.10154940724527D-16,1.501;               1237P   1911
128,1,1,1,1,0,0,1,0,0,-0.00100000000000036,-0.00100000000000036,    1239P   1912
0.201000002980232,0.201000002980232,-1.10154940724527D-16,          1239P   1913
-1.10154940724527D-16,1.501,1.501,1.,1.,1.,1.,-67.8830419130804,    1239P   1914
-27.2425500553546,10.,-69.0703681402286,-28.8767644081025,10.,      1239P   1915
-67.8830419130804,-27.2425500553546,25.01,-69.0703681402286,        1239P   1916
-28.8767644081025,25.01,-0.00100000000000036,0.201000002980232,     1239P   1917
-1.10154940724527D-16,1.501;                                        1239P   1918
128,1,1,1,1,0,0,1,0,0,-0.00100000000000044,-0.00100000000000044,    1241P   1919
0.501000007450581,0.501000007450581,-1.10154940724527D-16,          1241P   1920
-1.10154940724527D-16,1.501,1.501,1.,1.,1.,1.,-69.0725804576494,    1241P   1921
-28.8627963856359,10.,-65.0113150856107,-31.8134783959375,10.,      1241P   1922
-69.0725804576494,-28.8627963856359,25.01,-65.0113150856107,        1241P   1923
-31.8134783959375,25.01,-0.00100000000000044,0.501000007450581,     1241P   1924
-1.10154940724527D-16,1.501;                                        1241P   1925
128,1,1,1,1,0,0,1,0,0,-0.001,-0.001,0.501000007450581,              1243P   1926
0.501000007450581,-1.10154940724527D-16,-1.10154940724527D-16,      1243P   1927
1.501,1.501,1.,1.,1.,1.,5.11101295906887,13.9752899199415,10.,      1243P   1928
3.55974762428308,9.20098613728064,10.,5.11101295906887,             1243P   1929
13.9752899199415,25.01,3.55974762428308,9.20098613728064,25.01,     1243P   1930
-0.001,0.501000007450581,-1.10154940724527D-16,1.501;               1243P   1931
128,1,1,1,1,0,0,1,0,0,-0.001,-0.001,0.201000002980233,              1245P   1932
0.201000002980233,-1.10154940724527D-16,-1.10154940724527D-16,      1245P   1933
1.501,1.501,1.,1.,1.,1.,3.55332722906388,9.21358687238735,10.,      1245P   1934
5.47446142032378,8.58937253454052,10.,3.55332722906388,             1245P   1935
9.21358687238735,25.01,5.47446142032378,8.58937253454052,25.01,     1245P   1936
-0.001,0.201000002980233,-1.10154940724527D-16,1.501;               1245P   1937
128,1,4,1,2,0,0,0,0,0,0.00399999999999956,0.00399999999999956,      1247P   1938
6.,6.,-0.918545167891917,-0.918545167891917,-0.918545167891917,     1247P   1939
0.,0.,0.918545167891913,0.918545167891913,0.918545167891913,1.,     1247P   1940
1.,0.896375195411252,0.896375195411252,1.,1.,0.896375195411252,     1247P   1941
0.896375195411252,1.,1.,-28.1578950897643,43.4138751011122,25.,     1247P   1942
-28.1578950897643,43.4138751011122,10.01,-26.9651154630434,         1247P   1943
43.0885177944557,25.,-26.9651154630434,43.0885177944557,10.01,      1247P   1944
-25.9825579177862,43.8389585217443,25.,-25.9825579177862,           1247P   1945
43.8389585217443,10.01,-25.000000372529,44.5893992490329,25.,       1247P   1946
-25.000000372529,44.5893992490329,10.01,-25.000000372529,           1247P   1947
45.825757051174,25.,-25.000000372529,45.825757051174,10.01,         1247P   1948
0.00399999999999956,6.,-0.918545167891917,0.918545167891913;        1247P   1949
128,1,1,1,1,0,0,1,0,0,-0.001,-0.001,1.41842438428957,               1249P   1950
1.41842438428957,-1.10154940724527D-16,-1.10154940724527D-16,       1249P   1951
1.501,1.501,1.,1.,1.,1.,-25.000000372529,45.815757051174,10.,       1249P   1952
-25.000000372529,60.0100008940697,10.,-25.000000372529,             1249P   1953
45.815757051174,25.01,-25.000000372529,60.0100008940697,25.01,      1249P   1954
-0.001,1.41842438428957,-1.10154940724527D-16,1.501;                1249P   1955
128,1,1,1,1,0,0,1,0,0,-0.001,-0.001,2.751,2.751,                    1251P   1956
-1.10154940724527D-16,-1.10154940724527D-16,1.501,1.501,1.,1.,      1251P   1957
1.,1.,-10.,60.01,10.,-10.,32.49,10.,-10.,60.01,25.01,-10.,32.49,    1251P   1958
25.01,-0.001,2.751,-1.10154940724527D-16,1.501;                     1251P   1959
128,1,2,1,2,0,0,0,0,0,0.00399999999999956,0.00399999999999956,      1253P   1960
6.00000000000001,6.00000000000001,0.,0.,0.,1.5707963267949,         1253P   1961
1.5707963267949,1.5707963267949,1.,1.,0.707106781186547,            1253P   1962
0.707106781186547,1.,1.,-10.,32.5,25.,-10.,32.5,10.01,-10.,30.,     1253P   1963
25.,-10.,30.,10.01,-7.5,30.,25.,-7.5,30.,10.01,                     1253P   1964
0.00399999999999956,6.00000000000001,0.,1.5707963267949;            1253P   1965
128,1,1,1,1,0,0,1,0,0,-0.001,-0.001,0.251,0.251,                    1255P   1966
-1.10154940724527D-16,-1.10154940724527D-16,1.501,1.501,1.,1.,      1255P   1967
1.,1.,-7.51,30.,10.,-4.99,30.,10.,-7.51,30.,25.01,-4.99,30.,        1255P   1968
25.01,-0.001,0.251,-1.10154940724527D-16,1.501;                     1255P   1969
128,1,1,1,1,0,0,1,0,0,-1.10154940724527D-16,                        1257P   1970
-1.10154940724527D-16,1.501,1.501,-0.001,-0.001,0.501,0.501,1.,     1257P   1971
1.,1.,1.,-5.,24.99,10.,-5.,24.99,25.01,-5.,30.01,10.,-5.,30.01,     1257P   1972
25.01,-1.10154940724527D-16,1.501,-0.001,0.501;                     1257P   1973
128,14,1,5,1,0,0,0,0,0,-1.,-1.,-1.,-1.,-1.,-1.,-0.9,-0.8,-0.7,      1259P   1974
-0.6,-0.5,-0.4,-0.3,-0.2,-0.1,0.,0.,0.,0.,0.,0.,0.,0.,1.5,1.5,      1259P   1975
1.,1.,1.,1.,1.,1.,1.,1.,1.,1.,1.,1.,1.,1.,1.,1.,1.,1.,1.,1.,1.,     1259P   1976
1.,1.,1.,1.,1.,1.,1.,1.,1.,-5.,25.,10.,-4.85985981074133,           1259P   1977
23.6046060985018,10.,-4.58308187728475,20.9355738369844,10.,        1259P   1978
-4.17842197554662,17.2972803632013,10.,-3.66023806794887,           1259P   1979
13.1888517045073,10.,-3.0505315391751,9.37512227198277,10.,         1259P   1980
-2.4822565459222,7.00167782723736,10.,-1.95881002021046,            1259P   1981
6.18660596058735,10.,-1.48207514056411,6.99537163062071,10.,        1259P   1982
-1.05023947651535,9.36496929429139,10.,-0.659930031533883,          1259P   1983
13.1781434309929,10.,-0.378185526767368,17.2890606915221,10.,       1259P   1984
-0.182945745066921,20.9308414711079,10.,-0.059811025058498,         1259P   1985
23.6029101612413,10.,0.,25.,10.,-5.,25.,25.,-4.85985981074133,      1259P   1986
23.6046060985018,25.,-4.58308187728475,20.9355738369844,25.,        1259P   1987
-4.17842197554662,17.2972803632013,25.,-3.66023806794887,           1259P   1988
13.1888517045073,25.,-3.0505315391751,9.37512227198277,25.,         1259P   1989
-2.4822565459222,7.00167782723736,25.,-1.95881002021046,            1259P   1990
6.18660596058735,25.,-1.48207514056411,6.99537163062071,25.,        1259P   1991
-1.05023947651535,9.36496929429139,25.,-0.659930031533883,          1259P   1992
13.1781434309929,25.,-0.378185526767368,17.2890606915221,25.,       1259P   1993
-0.182945745066921,20.9308414711079,25.,-0.059811025058498,         1259P   1994
23.6029101612413,25.,0.,25.,25.,-1.,0.,0.,1.5;                      1259P   1995
128,1,1,1,1,0,0,1,0,0,-0.001,-0.001,0.501000007450581,              1261P   1996
0.501000007450581,-1.10154940724527D-16,-1.10154940724527D-16,      1261P   1997
1.501,1.501,1.,1.,1.,1.,5.46186068521708,8.58295213932132,10.,      1261P   1998
7.01312602000288,13.3572559219822,10.,5.46186068521708,             1261P   1999
8.58295213932132,25.01,7.01312602000288,13.3572559219822,25.01,     1261P   2000
-0.001,0.501000007450581,-1.10154940724527D-16,1.501;               1261P   2001
128,1,1,1,1,0,0,1,0,0,-0.001,-0.001,0.201000002980232,              1263P   2002
0.201000002980232,-1.10154940724527D-16,-1.10154940724527D-16,      1263P   2003
1.501,1.501,1.,1.,1.,1.,7.01954641522208,13.3446551868755,10.,      1263P   2004
5.09841222396217,13.9688695247223,10.,7.01954641522208,             1263P   2005
13.3446551868755,25.01,5.09841222396217,13.9688695247223,25.01,     1263P   2006
-0.001,0.201000002980232,-1.10154940724527D-16,1.501;               1263P   2007
128,1,1,1,1,0,0,1,0,0,-0.173359902791615,-0.173359902791615,        1265P   2008
0.173359902791615,0.173359902791615,-0.269665832514716,             1265P   2009
-0.269665832514716,0.269665832514716,0.269665832514716,1.,1.,1.,    1265P   2010
1.,3.55283779422683,8.58246270448427,25.,7.02003585005913,          1265P   2011
8.58246270448427,25.,3.55283779422683,13.9757793547786,25.,         1265P   2012
7.02003585005913,13.9757793547786,25.,-0.173359902791615,           1265P   2013
0.173359902791615,-0.269665832514716,0.269665832514716;             1265P   2014
128,1,1,1,1,0,0,1,0,0,-0.00100000000000089,-0.00100000000000089,    1267P   2015
0.201000002980232,0.201000002980232,-1.10154940724527D-16,          1267P   2016
-1.10154940724527D-16,1.501,1.501,1.,1.,1.,1.,-65.0252831080774,    1267P   2017
-31.8156907133583,10.,-63.8379568809292,-30.1814763606103,10.,      1267P   2018
-65.0252831080774,-31.8156907133583,25.01,-63.8379568809292,        1267P   2019
-30.1814763606103,25.01,-0.00100000000000089,0.201000002980232,     1267P   2020
-1.10154940724527D-16,1.501;                                        1267P   2021
128,1,1,1,1,0,0,1,0,0,-0.001,-0.001,0.501000007450582,              1269P   2022
0.501000007450582,-1.10154940724527D-16,-1.10154940724527D-16,      1269P   2023
1.501,1.501,1.,1.,1.,1.,-63.8357445635084,-30.195444383077,10.,     1269P   2024
-67.8970099355471,-27.2447623727754,10.,-63.8357445635084,          1269P   2025
-30.195444383077,25.01,-67.8970099355471,-27.2447623727754,         1269P   2026
25.01,-0.001,0.501000007450582,-1.10154940724527D-16,1.501;         1269P   2027
128,1,1,1,1,0,0,1,0,0,-0.262032777712676,-0.262032777712676,        1271P   2028
0.262032777712676,0.262032777712676,-0.228848015905813,             1271P   2029
-0.228848015905813,0.228848015905813,0.228848015905813,1.,1.,1.,    1271P   2030
1.,-69.0744902877057,-31.8176005434146,25.,-63.8338347334521,       1271P   2031
-31.8176005434146,25.,-69.0744902877057,-27.2406402252983,25.,      1271P   2032
-63.8338347334521,-27.2406402252983,25.,-0.262032777712676,         1271P   2033
0.262032777712676,-0.228848015905813,0.228848015905813;             1271P   2034
128,1,1,1,1,0,0,1,0,0,-0.001,-0.001,0.201000002980232,              1273P   2035
0.201000002980232,-1.10154940724527D-16,-1.10154940724527D-16,      1273P   2036
1.501,1.501,1.,1.,1.,1.,37.5000005587935,37.5100005587935,10.,      1273P   2037
37.5000005587935,35.4900005289912,10.,37.5000005587935,             1273P   2038
37.5100005587935,25.01,37.5000005587935,35.4900005289912,25.01,     1273P   2039
-0.001,0.201000002980232,-1.10154940724527D-16,1.501;               1273P   2040
128,1,1,1,1,0,0,1,0,0,-0.001,-0.001,0.501000007450581,              1275P   2041
0.501000007450581,-1.10154940724527D-16,-1.10154940724527D-16,      1275P   2042
1.501,1.501,1.,1.,1.,1.,37.4900005587935,35.5000005289912,10.,      1275P   2043
42.5100006332994,35.5000005289912,10.,37.4900005587935,             1275P   2044
35.5000005289912,25.01,42.5100006332993,35.5000005289912,25.01,     1275P   2045
-0.001,0.501000007450581,-1.10154940724527D-16,1.501;               1275P   2046
128,1,1,1,1,0,0,1,0,0,-0.25100000372529,-0.25100000372529,          1277P   2047
0.25100000372529,0.25100000372529,-0.101000001490116,               1277P   2048
-0.101000001490116,0.101000001490116,0.101000001490116,1.,1.,1.,    1277P   2049
1.,37.4900005587935,35.4900005289912,25.,42.5100006332994,          1277P   2050
35.4900005289912,25.,37.4900005587935,37.5100005587935,25.,         1277P   2051
42.5100006332993,37.5100005587935,25.,-0.25100000372529,            1277P   2052
0.25100000372529,-0.101000001490116,0.101000001490116;              1277P   2053
128,1,1,1,1,0,0,1,0,0,-0.001,-0.001,0.501000007450581,              1279P   2054
0.501000007450581,-1.10154940724527D-16,-1.10154940724527D-16,      1279P   2055
1.501,1.501,1.,1.,1.,1.,7.01312565162592,-13.3572547882345,10.,     1279P   2056
5.46186031684011,-8.5829510055736,10.,7.01312565162592,             1279P   2057
-13.3572547882345,25.01,5.46186031684011,-8.5829510055736,25.01,    1279P   2058
-0.001,0.501000007450581,-1.10154940724527D-16,1.501;               1279P   2059
128,1,1,1,1,0,0,1,0,0,-0.001,-0.001,0.201000002980231,              1281P   2060
0.201000002980231,-1.10154940724527D-16,-1.10154940724527D-16,      1281P   2061
1.501,1.501,1.,1.,1.,1.,5.47446105194681,-8.5893714007928,10.,      1281P   2062
3.55332686068692,-9.21358573863962,10.,5.47446105194681,            1281P   2063
-8.5893714007928,25.01,3.55332686068692,-9.21358573863962,25.01,    1281P   2064
-0.001,0.201000002980231,-1.10154940724527D-16,1.501;               1281P   2065
128,1,1,1,1,0,0,1,0,0,-0.173359902791615,-0.173359902791615,        1283P   2066
0.173359902791615,0.173359902791615,-0.269665832514716,             1283P   2067
-0.269665832514716,0.269665832514716,0.269665832514716,1.,1.,1.,    1283P   2068
1.,3.55283742584987,-13.9757782210309,25.,7.02003548168217,         1283P   2069
-13.9757782210309,25.,3.55283742584987,-8.58246157073655,25.,       1283P   2070
7.02003548168217,-8.58246157073655,25.,-0.173359902791615,          1283P   2071
0.173359902791615,-0.269665832514716,0.269665832514716;             1283P   2072
128,1,1,1,1,0,0,1,0,0,-0.0010000000000019,-0.0010000000000019,      1285P   2073
0.201000002980233,0.201000002980233,-1.10154940724527D-16,          1285P   2074
-1.10154940724527D-16,1.501,1.501,1.,1.,1.,1.,-79.9015881444148,    1285P   2075
-13.9688683909746,10.,-77.9804539531549,-13.3446540531278,10.,      1285P   2076
-79.9015881444148,-13.9688683909746,25.01,-77.9804539531549,        1285P   2077
-13.3446540531278,25.01,-0.0010000000000019,0.201000002980233,      1285P   2078
-1.10154940724527D-16,1.501;                                        1285P   2079
128,1,1,1,1,0,0,1,0,0,-0.00100000000000022,-0.00100000000000022,    1287P   2080
0.501000007450581,0.501000007450581,-1.10154940724527D-16,          1287P   2081
-1.10154940724527D-16,1.501,1.501,1.,1.,1.,1.,-77.9868743483741,    1287P   2082
-13.3572547882345,10.,-79.5381396831599,-8.5829510055736,10.,       1287P   2083
-77.9868743483741,-13.3572547882345,25.01,-79.5381396831599,        1287P   2084
-8.5829510055736,25.01,-0.00100000000000022,0.501000007450581,      1287P   2085
-1.10154940724527D-16,1.501;                                        1287P   2086
128,1,1,1,1,0,0,1,0,0,-0.173359902791615,-0.173359902791615,        1289P   2087
0.173359902791615,0.173359902791615,-0.269665832514716,             1289P   2088
-0.269665832514716,0.269665832514716,0.269665832514716,1.,1.,1.,    1289P   2089
1.,-81.4471625741501,-13.9757782210309,25.,-77.9799645183178,       1289P   2090
-13.9757782210309,25.,-81.4471625741501,-8.58246157073655,25.,      1289P   2091
-77.9799645183178,-8.58246157073655,25.,-0.173359902791615,         1289P   2092
0.173359902791615,-0.269665832514716,0.269665832514716;             1289P   2093
128,1,1,1,1,0,0,1,0,0,-0.001,-0.001,0.501000007450581,              1291P   2094
0.501000007450581,-1.10154940724527D-16,-1.10154940724527D-16,      1291P   2095
1.501,1.501,1.,1.,1.,1.,62.8970089711237,-27.24476307347,10.,       1291P   2096
58.835743599085,-30.1954450837717,10.,62.8970089711237,             1291P   2097
-27.24476307347,25.01,58.835743599085,-30.1954450837717,25.01,      1291P   2098
-0.001,0.501000007450581,-1.10154940724527D-16,1.501;               1291P   2099
128,1,1,1,1,0,0,1,0,0,-0.001,-0.001,0.201000002980233,              1293P   2100
0.201000002980233,-1.10154940724527D-16,-1.10154940724527D-16,      1293P   2101
1.501,1.501,1.,1.,1.,1.,58.8379559165058,-30.181477061305,10.,      1293P   2102
60.025282143654,-31.815691414053,10.,58.8379559165058,              1293P   2103
-30.181477061305,25.01,60.025282143654,-31.815691414053,25.01,      1293P   2104
-0.001,0.201000002980233,-1.10154940724527D-16,1.501;               1293P   2105
128,1,1,1,1,0,0,1,0,0,-0.262032777712675,-0.262032777712675,        1295P   2106
0.262032777712676,0.262032777712676,-0.228848015905813,             1295P   2107
-0.228848015905813,0.228848015905813,0.228848015905813,1.,1.,1.,    1295P   2108
1.,58.8338337690287,-31.8176012441092,25.,64.0744893232822,         1295P   2109
-31.8176012441092,25.,58.8338337690287,-27.2406409259929,25.,       1295P   2110
64.0744893232822,-27.2406409259929,25.,-0.262032777712675,          1295P   2111
0.262032777712676,-0.228848015905813,0.228848015905813;             1295P   2112
128,1,1,1,1,0,0,1,0,0,-0.001,-0.001,0.201000002980232,              1297P   2113
0.201000002980232,-1.10154940724527D-16,-1.10154940724527D-16,      1297P   2114
1.501,1.501,1.,1.,1.,1.,-42.5000005587935,-37.5100005587935,10.,    1297P   2115
-42.5000005587935,-35.4900005289912,10.,-42.5000005587935,          1297P   2116
-37.5100005587935,25.01,-42.5000005587935,-35.4900005289912,        1297P   2117
25.01,-0.001,0.201000002980232,-1.10154940724527D-16,1.501;         1297P   2118
128,1,1,1,1,0,0,1,0,0,-0.001,-0.001,0.501000007450581,              1299P   2119
0.501000007450581,-1.10154940724527D-16,-1.10154940724527D-16,      1299P   2120
1.501,1.501,1.,1.,1.,1.,-42.4900005587935,-35.5000005289912,10.,    1299P   2121
-47.5100006332994,-35.5000005289912,10.,-42.4900005587935,          1299P   2122
-35.5000005289912,25.01,-47.5100006332994,-35.5000005289912,        1299P   2123
25.01,-0.001,0.501000007450581,-1.10154940724527D-16,1.501;         1299P   2124
128,1,1,1,1,0,0,1,0,0,-0.251000003725291,-0.251000003725291,        1301P   2125
0.25100000372529,0.25100000372529,-0.101000001490116,               1301P   2126
-0.101000001490116,0.101000001490116,0.101000001490116,1.,1.,1.,    1301P   2127
1.,-47.5100006332994,-37.5100005587935,25.,-42.4900005587935,       1301P   2128
-37.5100005587935,25.,-47.5100006332994,-35.4900005289912,25.,      1301P   2129
-42.4900005587935,-35.4900005289912,25.,-0.251000003725291,         1301P   2130
0.25100000372529,-0.101000001490116,0.101000001490116;              1301P   2131
128,1,1,1,1,0,0,1,0,0,-0.001,-0.001,0.50100000745058,               1303P   2132
0.50100000745058,-1.10154940724527D-16,-1.10154940724527D-16,       1303P   2133
1.501,1.501,1.,1.,1.,1.,58.8357445635084,30.195444383077,10.,       1303P   2134
62.8970099355471,27.2447623727754,10.,58.8357445635084,             1303P   2135
30.195444383077,25.01,62.8970099355471,27.2447623727754,25.01,      1303P   2136
-0.001,0.50100000745058,-1.10154940724527D-16,1.501;                1303P   2137
128,1,1,1,1,0,0,1,0,0,-0.001,-0.001,0.201000002980232,              1305P   2138
0.201000002980232,-1.10154940724527D-16,-1.10154940724527D-16,      1305P   2139
1.501,1.501,1.,1.,1.,1.,62.8830419130804,27.2425500553546,10.,      1305P   2140
64.0703681402286,28.8767644081026,10.,62.8830419130804,             1305P   2141
27.2425500553546,25.01,64.0703681402286,28.8767644081026,25.01,     1305P   2142
-0.001,0.201000002980232,-1.10154940724527D-16,1.501;               1305P   2143
128,1,1,1,1,0,0,1,0,0,-0.262032777712675,-0.262032777712675,        1307P   2144
0.262032777712675,0.262032777712675,-0.228848015905813,             1307P   2145
-0.228848015905813,0.228848015905813,0.228848015905813,1.,1.,1.,    1307P   2146
1.,58.8338347334522,27.2406402252983,25.,64.0744902877057,          1307P   2147
27.2406402252983,25.,58.8338347334522,31.8176005434146,25.,         1307P   2148
64.0744902877057,31.8176005434146,25.,-0.262032777712675,           1307P   2149
0.262032777712675,-0.228848015905813,0.228848015905813;             1307P   2150
128,1,1,1,1,0,0,1,0,0,-0.501,-0.501,-0.298999997019768,             1309P   2151
-0.298999997019768,-1.10154940724527D-16,-1.10154940724527D-16,     1309P   2152
1.501,1.501,1.,1.,1.,1.,-47.4999994412065,37.5100004842877,10.,     1309P   2153
-47.4999994412065,35.4900004544854,10.,-47.4999994412065,           1309P   2154
37.5100004842877,25.01,-47.4999994412065,35.4900004544854,25.01,    1309P   2155
-0.501,-0.298999997019768,-1.10154940724527D-16,1.501;              1309P   2156
128,1,1,1,1,0,0,1,0,0,-0.25100000372529,-0.25100000372529,          1311P   2157
0.25100000372529,0.25100000372529,0.398999998509884,                1311P   2158
0.398999998509884,0.601000001490116,0.601000001490116,1.,1.,1.,     1311P   2159
1.,-47.5099994412065,35.4900004544854,25.,-42.4899993667006,        1311P   2160
35.4900004544854,25.,-47.5099994412065,37.5100004842877,25.,        1311P   2161
-42.4899993667006,37.5100004842877,25.,-0.25100000372529,           1311P   2162
0.25100000372529,0.398999998509884,0.601000001490116;               1311P   2163
128,1,1,1,1,0,0,1,0,0,-0.00100000000000036,-0.00100000000000036,    1313P   2164
0.501000007450581,0.501000007450581,-1.10154940724527D-16,          1313P   2165
-1.10154940724527D-16,1.501,1.501,1.,1.,1.,1.,-24.9886858788127,    1313P   2166
-31.8134790966321,10.,-20.927420506774,-28.8627970863305,10.,       1313P   2167
-24.9886858788127,-31.8134790966321,25.01,-20.927420506774,         1313P   2168
-28.8627970863305,25.01,-0.00100000000000036,0.501000007450581,     1313P   2169
-1.10154940724527D-16,1.501;                                        1313P   2170
128,1,1,1,1,0,0,1,0,0,-0.001,-0.001,0.201000002980233,              1315P   2171
0.201000002980233,-1.10154940724527D-16,-1.10154940724527D-16,      1315P   2172
1.501,1.501,1.,1.,1.,1.,-20.9296328241948,-28.8767651087972,10.,    1315P   2173
-22.116959051343,-27.2425507560492,10.,-20.9296328241948,           1315P   2174
-28.8767651087972,25.01,-22.116959051343,-27.2425507560492,         1315P   2175
25.01,-0.001,0.201000002980233,-1.10154940724527D-16,1.501;         1315P   2176
128,1,1,1,1,0,0,1,0,0,-0.262032777712675,-0.262032777712675,        1317P   2177
0.262032777712675,0.262032777712675,-0.228848015905813,             1317P   2178
-0.228848015905813,0.228848015905813,0.228848015905813,1.,1.,1.,    1317P   2179
1.,-26.1661662309713,-31.8176012441092,25.,-20.9255106767178,       1317P   2180
-31.8176012441092,25.,-26.1661662309713,-27.2406409259929,25.,      1317P   2181
-20.9255106767178,-27.2406409259929,25.,-0.262032777712675,         1317P   2182
0.262032777712675,-0.228848015905813,0.228848015905813;             1317P   2183
128,1,1,1,1,0,0,1,0,0,-0.001,-0.001,0.501000007450581,              1319P   2184
0.501000007450581,-1.10154940724527D-16,-1.10154940724527D-16,      1319P   2185
1.501,1.501,1.,1.,1.,1.,72.9868743483741,13.3572547882345,10.,      1319P   2186
74.5381396831599,8.58295100557358,10.,72.9868743483741,             1319P   2187
13.3572547882345,25.01,74.5381396831599,8.58295100557358,25.01,     1319P   2188
-0.001,0.501000007450581,-1.10154940724527D-16,1.501;               1319P   2189
128,1,1,1,1,0,0,1,0,0,-0.001,-0.001,0.201000002980232,              1321P   2190
0.201000002980232,-1.10154940724527D-16,-1.10154940724527D-16,      1321P   2191
1.501,1.501,1.,1.,1.,1.,74.5255389480532,8.58937140079279,10.,      1321P   2192
76.4466731393131,9.21358573863961,10.,74.5255389480532,             1321P   2193
8.58937140079279,25.01,76.4466731393131,9.21358573863961,25.01,     1321P   2194
-0.001,0.201000002980232,-1.10154940724527D-16,1.501;               1321P   2195
128,1,1,1,1,0,0,1,0,0,-0.173359902791615,-0.173359902791615,        1323P   2196
0.173359902791615,0.173359902791615,-0.269665832514716,             1323P   2197
-0.269665832514716,0.269665832514716,0.269665832514716,1.,1.,1.,    1323P   2198
1.,72.9799645183178,8.58246157073654,25.,76.4471625741501,          1323P   2199
8.58246157073654,25.,72.9799645183178,13.9757782210309,25.,         1323P   2200
76.4471625741501,13.9757782210309,25.,-0.173359902791615,           1323P   2201
0.173359902791615,-0.269665832514716,0.269665832514716;             1323P   2202
128,1,1,1,1,0,0,1,0,0,-0.001,-0.001,0.501000007450581,              1325P   2203
0.501000007450581,-1.10154940724527D-16,-1.10154940724527D-16,      1325P   2204
1.501,1.501,1.,1.,1.,1.,21.1642554364916,-30.195444383077,10.,      1325P   2205
17.1029900644529,-27.2447623727754,10.,21.1642554364916,            1325P   2206
-30.195444383077,25.01,17.1029900644529,-27.2447623727754,25.01,    1325P   2207
-0.001,0.501000007450581,-1.10154940724527D-16,1.501;               1325P   2208
128,1,1,1,1,0,0,1,0,0,-0.001,-0.001,0.201000002980232,              1327P   2209
0.201000002980232,-1.10154940724527D-16,-1.10154940724527D-16,      1327P   2210
1.501,1.501,1.,1.,1.,1.,17.1169580869196,-27.2425500553546,10.,     1327P   2211
15.9296318597714,-28.8767644081025,10.,17.1169580869196,            1327P   2212
-27.2425500553546,25.01,15.9296318597714,-28.8767644081025,         1327P   2213
25.01,-0.001,0.201000002980232,-1.10154940724527D-16,1.501;         1327P   2214
128,1,1,1,1,0,0,1,0,0,-0.262032777712676,-0.262032777712676,        1329P   2215
0.262032777712676,0.262032777712676,-0.228848015905813,             1329P   2216
-0.228848015905813,0.228848015905813,0.228848015905813,1.,1.,1.,    1329P   2217
1.,15.9255097122943,-31.8176005434146,25.,21.1661652665479,         1329P   2218
-31.8176005434146,25.,15.9255097122943,-27.2406402252983,25.,       1329P   2219
21.1661652665479,-27.2406402252983,25.,-0.262032777712676,          1329P   2220
0.262032777712676,-0.228848015905813,0.228848015905813;             1329P   2221
128,1,1,1,1,0,0,1,0,0,-0.001,-0.001,0.501000007450581,              1331P   2222
0.501000007450581,-1.10154940724527D-16,-1.10154940724527D-16,      1331P   2223
1.501,1.501,1.,1.,1.,1.,42.5099994412065,-35.5000005289912,10.,     1331P   2224
37.4899993667007,-35.5000005289912,10.,42.5099994412065,            1331P   2225
-35.5000005289912,25.01,37.4899993667006,-35.5000005289912,         1331P   2226
25.01,-0.001,0.501000007450581,-1.10154940724527D-16,1.501;         1331P   2227
128,1,1,1,1,0,0,1,0,0,-0.001,-0.001,0.201000002980232,              1333P   2228
0.201000002980232,-1.10154940724527D-16,-1.10154940724527D-16,      1333P   2229
1.501,1.501,1.,1.,1.,1.,37.4999993667006,-35.4900005289912,10.,     1333P   2230
37.4999993667006,-37.5100005587935,10.,37.4999993667006,            1333P   2231
-35.4900005289912,25.01,37.4999993667006,-37.5100005587935,         1333P   2232
25.01,-0.001,0.201000002980232,-1.10154940724527D-16,1.501;         1333P   2233
128,1,1,1,1,0,0,1,0,0,-0.251000003725291,-0.251000003725291,        1335P   2234
0.251000003725291,0.251000003725291,-0.101000001490116,             1335P   2235
-0.101000001490116,0.101000001490116,0.101000001490116,1.,1.,1.,    1335P   2236
1.,37.4899993667006,-37.5100005587935,25.,42.5099994412065,         1335P   2237
-37.5100005587935,25.,37.4899993667006,-35.4900005289912,25.,       1335P   2238
42.5099994412065,-35.4900005289912,25.,-0.251000003725291,          1335P   2239
0.251000003725291,-0.101000001490116,0.101000001490116;             1335P   2240
128,1,1,1,1,0,0,1,0,0,-0.001,-0.001,0.201000002980234,              1337P   2241
0.201000002980234,-1.10154940724527D-16,-1.10154940724527D-16,      1337P   2242
1.501,1.501,1.,1.,1.,1.,-81.4466727709361,9.21358687238735,10.,     1337P   2243
-79.5255385796762,8.58937253454052,10.,-81.4466727709361,           1337P   2244
9.21358687238735,25.01,-79.5255385796762,8.58937253454052,25.01,    1337P   2245
-0.001,0.201000002980234,-1.10154940724527D-16,1.501;               1337P   2246
128,1,1,1,1,0,0,1,0,0,-0.00100000000000067,-0.00100000000000067,    1339P   2247
0.501000007450581,0.501000007450581,-1.10154940724527D-16,          1339P   2248
-1.10154940724527D-16,1.501,1.501,1.,1.,1.,1.,-79.5381393147829,    1339P   2249
8.58295213932131,10.,-77.9868739799971,13.3572559219822,10.,        1339P   2250
-79.5381393147829,8.58295213932131,25.01,-77.9868739799971,         1339P   2251
13.3572559219822,25.01,-0.00100000000000067,0.501000007450581,      1339P   2252
-1.10154940724527D-16,1.501;                                        1339P   2253
128,1,1,1,1,0,0,1,0,0,-0.173359902791615,-0.173359902791615,        1341P   2254
0.173359902791615,0.173359902791615,-0.269665832514716,             1341P   2255
-0.269665832514716,0.269665832514716,0.269665832514716,1.,1.,1.,    1341P   2256
1.,-81.4471622057732,8.58246270448427,25.,-77.9799641499409,        1341P   2257
8.58246270448427,25.,-81.4471622057732,13.9757793547786,25.,        1341P   2258
-77.9799641499409,13.9757793547786,25.,-0.173359902791615,          1341P   2259
0.173359902791615,-0.269665832514716,0.269665832514716;             1341P   2260
128,1,1,1,1,0,0,1,0,0,-0.001,-0.001,0.201000002980233,              1343P   2261
0.201000002980233,-1.10154940724527D-16,-1.10154940724527D-16,      1343P   2262
1.501,1.501,1.,1.,1.,1.,-10.0984118555852,13.9688683909746,10.,     1343P   2263
-12.0195460468451,13.3446540531278,10.,-10.0984118555852,           1343P   2264
13.9688683909746,25.01,-12.0195460468451,13.3446540531278,25.01,    1343P   2265
-0.001,0.201000002980233,-1.10154940724527D-16,1.501;               1343P   2266
128,1,1,1,1,0,0,1,0,0,-0.00100000000000021,-0.00100000000000021,    1345P   2267
0.501000007450581,0.501000007450581,-1.10154940724527D-16,          1345P   2268
-1.10154940724527D-16,1.501,1.501,1.,1.,1.,1.,-12.0131256516259,    1345P   2269
13.3572547882345,10.,-10.4618603168401,8.58295100557358,10.,        1345P   2270
-12.0131256516259,13.3572547882345,25.01,-10.4618603168401,         1345P   2271
8.58295100557358,25.01,-0.00100000000000021,0.501000007450581,      1345P   2272
-1.10154940724527D-16,1.501;                                        1345P   2273
128,1,1,1,1,0,0,1,0,0,-0.173359902791615,-0.173359902791615,        1347P   2274
0.173359902791615,0.173359902791615,-0.269665832514716,             1347P   2275
-0.269665832514716,0.269665832514716,0.269665832514716,1.,1.,1.,    1347P   2276
1.,-12.0200354816822,8.58246157073654,25.,-8.55283742584987,        1347P   2277
8.58246157073654,25.,-12.0200354816822,13.9757782210309,25.,        1347P   2278
-8.55283742584987,13.9757782210309,25.,-0.173359902791615,          1347P   2279
0.173359902791615,-0.269665832514716,0.269665832514716;             1347P   2280
128,1,1,1,1,0,0,1,0,0,-0.00100000000000036,-0.00100000000000036,    1349P   2281
0.201000002980233,0.201000002980233,-1.10154940724527D-16,          1349P   2282
-1.10154940724527D-16,1.501,1.501,1.,1.,1.,1.,-69.0703671758052,    1349P   2283
28.8767651087972,10.,-67.883040948657,27.2425507560492,10.,         1349P   2284
-69.0703671758052,28.8767651087972,25.01,-67.883040948657,          1349P   2285
27.2425507560492,25.01,-0.00100000000000036,0.201000002980233,      1349P   2286
-1.10154940724527D-16,1.501;                                        1349P   2287
128,1,1,1,1,0,0,1,0,0,-0.001,-0.001,0.501000007450581,              1351P   2288
0.501000007450581,-1.10154940724527D-16,-1.10154940724527D-16,      1351P   2289
1.501,1.501,1.,1.,1.,1.,-67.8970089711237,27.24476307347,10.,       1351P   2290
-63.835743599085,30.1954450837717,10.,-67.8970089711237,            1351P   2291
27.24476307347,25.01,-63.835743599085,30.1954450837717,25.01,       1351P   2292
-0.001,0.501000007450581,-1.10154940724527D-16,1.501;               1351P   2293
128,1,1,1,1,0,0,1,0,0,-0.262032777712676,-0.262032777712676,        1353P   2294
0.262032777712675,0.262032777712675,-0.228848015905813,             1353P   2295
-0.228848015905813,0.228848015905813,0.228848015905813,1.,1.,1.,    1353P   2296
1.,-69.0744893232822,27.2406409259929,25.,-63.8338337690287,        1353P   2297
27.2406409259929,25.,-69.0744893232822,31.8176012441092,25.,        1353P   2298
-63.8338337690287,31.8176012441092,25.,-0.262032777712676,          1353P   2299
0.262032777712675,-0.228848015905813,0.228848015905813;             1353P   2300
128,1,1,1,1,0,0,1,0,0,-0.001,-0.001,0.50100000745058,               1355P   2301
0.50100000745058,-1.10154940724527D-16,-1.10154940724527D-16,       1355P   2302
1.501,1.501,1.,1.,1.,1.,-26.1642554364916,30.195444383077,10.,      1355P   2303
-22.1029900644529,27.2447623727754,10.,-26.1642554364916,           1355P   2304
30.195444383077,25.01,-22.1029900644529,27.2447623727754,25.01,     1355P   2305
-0.001,0.50100000745058,-1.10154940724527D-16,1.501;                1355P   2306
128,1,1,1,1,0,0,1,0,0,-0.001,-0.001,0.201000002980232,              1357P   2307
0.201000002980232,-1.10154940724527D-16,-1.10154940724527D-16,      1357P   2308
1.501,1.501,1.,1.,1.,1.,-22.1169580869196,27.2425500553546,10.,     1357P   2309
-20.9296318597714,28.8767644081025,10.,-22.1169580869196,           1357P   2310
27.2425500553546,25.01,-20.9296318597714,28.8767644081025,25.01,    1357P   2311
-0.001,0.201000002980232,-1.10154940724527D-16,1.501;               1357P   2312
128,1,1,1,1,0,0,1,0,0,-0.262032777712675,-0.262032777712675,        1359P   2313
0.262032777712675,0.262032777712675,-0.228848015905813,             1359P   2314
-0.228848015905813,0.228848015905813,0.228848015905813,1.,1.,1.,    1359P   2315
1.,-26.1661652665478,27.2406402252983,25.,-20.9255097122944,        1359P   2316
27.2406402252983,25.,-26.1661652665478,31.8176005434146,25.,        1359P   2317
-20.9255097122944,31.8176005434146,25.,-0.262032777712675,          1359P   2318
0.262032777712675,-0.228848015905813,0.228848015905813;             1359P   2319
128,1,1,1,1,0,0,1,0,0,-0.00100000000000011,-0.00100000000000011,    1361P   2320
0.501000007450581,0.501000007450581,-1.10154940724527D-16,          1361P   2321
-1.10154940724527D-16,1.501,1.501,1.,1.,1.,1.,74.5381393147829,     1361P   2322
-8.58295213932132,10.,72.9868739799971,-13.3572559219822,10.,       1361P   2323
74.5381393147829,-8.58295213932132,25.01,72.9868739799971,          1361P   2324
-13.3572559219822,25.01,-0.00100000000000011,0.501000007450581,     1361P   2325
-1.10154940724527D-16,1.501;                                        1361P   2326
128,1,1,1,1,0,0,1,0,0,-0.001,-0.001,0.201000002980233,              1363P   2327
0.201000002980233,-1.10154940724527D-16,-1.10154940724527D-16,      1363P   2328
1.501,1.501,1.,1.,1.,1.,72.9804535847779,-13.3446551868755,10.,     1363P   2329
74.9015877760378,-13.9688695247223,10.,72.9804535847779,            1363P   2330
-13.3446551868755,25.01,74.9015877760378,-13.9688695247223,         1363P   2331
25.01,-0.001,0.201000002980233,-1.10154940724527D-16,1.501;         1363P   2332
128,1,1,1,1,0,0,1,0,0,-0.173359902791615,-0.173359902791615,        1365P   2333
0.173359902791615,0.173359902791615,-0.269665832514716,             1365P   2334
-0.269665832514716,0.269665832514716,0.269665832514716,1.,1.,1.,    1365P   2335
1.,72.9799641499409,-13.9757793547786,25.,76.4471622057732,         1365P   2336
-13.9757793547786,25.,72.9799641499409,-8.58246270448427,25.,       1365P   2337
76.4471622057732,-8.58246270448427,25.,-0.173359902791615,          1365P   2338
0.173359902791615,-0.269665832514716,0.269665832514716;             1365P   2339
128,1,1,1,1,0,0,1,0,0,-0.001,-0.001,0.201000002980233,              1367P   2340
0.201000002980233,-1.10154940724527D-16,-1.10154940724527D-16,      1367P   2341
1.501,1.501,1.,1.,1.,1.,-12.0195464152221,-13.3446551868755,10.,    1367P   2342
-10.0984122239622,-13.9688695247223,10.,-12.0195464152221,          1367P   2343
-13.3446551868755,25.01,-10.0984122239622,-13.9688695247223,        1367P   2344
25.01,-0.001,0.201000002980233,-1.10154940724527D-16,1.501;         1367P   2345
128,1,1,1,1,0,0,1,0,0,-0.001,-0.001,0.50100000745058,               1369P   2346
0.50100000745058,-1.10154940724527D-16,-1.10154940724527D-16,       1369P   2347
1.501,1.501,1.,1.,1.,1.,-10.1110129590689,-13.9752899199415,10.,    1369P   2348
-8.55974762428309,-9.20098613728064,10.,-10.1110129590689,          1369P   2349
-13.9752899199415,25.01,-8.55974762428309,-9.20098613728064,        1369P   2350
25.01,-0.001,0.50100000745058,-1.10154940724527D-16,1.501;          1369P   2351
128,1,1,1,1,0,0,1,0,0,-0.173359902791615,-0.173359902791615,        1371P   2352
0.173359902791615,0.173359902791615,-0.269665832514716,             1371P   2353
-0.269665832514716,0.269665832514716,0.269665832514716,1.,1.,1.,    1371P   2354
1.,-12.0200358500591,-13.9757793547786,25.,-8.55283779422684,       1371P   2355
-13.9757793547786,25.,-12.0200358500591,-8.58246270448427,25.,      1371P   2356
-8.55283779422684,-8.58246270448427,25.,-0.173359902791615,         1371P   2357
0.173359902791615,-0.269665832514716,0.269665832514716;             1371P   2358
128,1,1,1,1,0,0,1,0,0,-0.001,-0.001,0.501000007450581,              1373P   2359
0.501000007450581,-1.10154940724527D-16,-1.10154940724527D-16,      1373P   2360
1.501,1.501,1.,1.,1.,1.,17.1029910288763,27.24476307347,10.,        1373P   2361
21.164256400915,30.1954450837717,10.,17.1029910288763,              1373P   2362
27.24476307347,25.01,21.164256400915,30.1954450837717,25.01,        1373P   2363
-0.001,0.501000007450581,-1.10154940724527D-16,1.501;               1373P   2364
128,1,1,1,1,0,0,1,0,0,-0.001,-0.001,0.201000002980232,              1375P   2365
0.201000002980232,-1.10154940724527D-16,-1.10154940724527D-16,      1375P   2366
1.501,1.501,1.,1.,1.,1.,21.1620440834942,30.181477061305,10.,       1375P   2367
19.974717856346,31.815691414053,10.,21.1620440834942,               1375P   2368
30.181477061305,25.01,19.974717856346,31.815691414053,25.01,        1375P   2369
-0.001,0.201000002980232,-1.10154940724527D-16,1.501;               1375P   2370
128,1,1,1,1,0,0,1,0,0,-0.262032777712676,-0.262032777712676,        1377P   2371
0.262032777712676,0.262032777712676,-0.228848015905813,             1377P   2372
-0.228848015905813,0.228848015905813,0.228848015905813,1.,1.,1.,    1377P   2373
1.,15.9255106767178,27.2406409259929,25.,21.1661662309713,          1377P   2374
27.2406409259929,25.,15.9255106767178,31.8176012441092,25.,         1377P   2375
21.1661662309713,31.8176012441092,25.,-0.262032777712676,           1377P   2376
0.262032777712676,-0.228848015905813,0.228848015905813;             1377P   2377
128,1,1,1,1,0,0,1,0,0,-0.251,-0.251,0.751,0.751,                    1379P   2378
-4.44166970197063,-4.44166970197063,0.901241834758125,              1379P   2379
0.901241834758125,1.,1.,1.,1.,0.01,60.01,25.,-10.01,60.01,25.,      1379P   2380
0.01,6.58088463271243,25.,-10.01,6.58088463271243,25.,-0.251,       1379P   2381
0.751,-4.44166970197063,0.901241834758125;                          1379P   2382
128,1,4,1,2,0,0,0,0,0,0.00399999999999956,0.00399999999999956,      1381P   2383
6.,6.,-1.00117500772197,-1.00117500772197,-1.00117500772197,        1381P   2384
2.22044604925031D-16,2.22044604925031D-16,1.00117500772197,         1381P   2385
1.00117500772197,1.00117500772197,1.,1.,0.877300746098053,          1381P   2386
0.877300746098053,1.,1.,0.877300746098053,0.877300746098053,1.,     1381P   2387
1.,2.10526315789473,-24.269093919378,25.,2.10526315789473,          1381P   2388
-24.269093919378,10.01,1.36766394281881,-23.117376914899,25.,       1381P   2389
1.36766394281881,-23.117376914899,10.01,-4.7646106202621D-15,       1381P   2390
-23.117376914899,25.,-4.7646106202621D-15,-23.117376914899,         1381P   2391
10.01,-1.36766394281882,-23.117376914899,25.,-1.36766394281882,     1381P   2392
-23.117376914899,10.01,-2.10526315789475,-24.269093919378,25.,      1381P   2393
-2.10526315789475,-24.269093919378,10.01,0.00399999999999956,6.,    1381P   2394
-1.00117500772197,1.00117500772197;                                 1381P   2395
128,1,1,1,1,0,0,1,0,0,-10.001,-10.001,10.001,10.001,-6.001,         1383P   2396
-6.001,6.00100008940697,6.00100008940697,1.,1.,1.,1.,-100.01,       1383P   2397
-60.01,25.,100.01,-60.01,25.,-100.01,60.0100008940697,25.,          1383P   2398
100.01,60.0100008940697,25.,-10.001,10.001,-6.001,                  1383P   2399
6.00100008940697;                                                   1383P   2400
128,1,6,1,2,0,0,0,0,0,0.000222222222222198,0.000222222222222198,    1385P   2401
0.333333333333333,0.333333333333333,0.0735429004651887,             1385P   2402
0.0735429004651887,0.0735429004651887,1.54323012389875,             1385P   2403
1.54323012389875,3.01291734733232,3.01291734733232,                 1385P   2404
4.48260457076588,4.48260457076588,4.48260457076588,1.,1.,           1385P   2405
0.741935616304332,0.741935616304332,1.,1.,0.741935616304332,        1385P   2406
0.741935616304332,1.,1.,0.741935616304332,0.741935616304332,1.,     1385P   2407
1.,-28.1578950897643,43.4138751011122,10.01,-28.1578950897643,      1385P   2408
43.4138751011122,25.,-67.3900729526969,54.1153286117197,10.01,      1385P   2409
-67.3900729526969,54.1153286117197,25.,-81.9968473963788,           1385P   2410
16.1636879691879,10.01,-81.9968473963788,16.1636879691879,25.,      1385P   2411
-96.6036218400607,-21.7879526733438,10.01,-96.6036218400607,        1385P   2412
-21.7879526733438,25.,-60.3201695505219,-40.150849423618,10.01,     1385P   2413
-60.3201695505219,-40.150849423618,25.,-24.0367172609831,           1385P   2414
-58.5137461738921,10.01,-24.0367172609831,-58.5137461738921,25.,    1385P   2415
-2.10526315789473,-24.269093919378,10.01,-2.10526315789473,         1385P   2416
-24.269093919378,25.,0.000222222222222198,0.333333333333333,        1385P   2417
0.0735429004651887,4.48260457076588;                                1385P   2418
128,1,4,1,2,0,0,0,0,0,0.00399999999999956,0.00399999999999956,      1387P   2419
6.,6.,-1.0941167132814,-1.0941167132814,-1.0941167132814,           1387P   2420
-4.44089209850063D-16,-4.44089209850063D-16,1.09411671328139,       1387P   2421
1.09411671328139,1.09411671328139,1.,1.,0.854058390700075,          1387P   2422
0.854058390700075,1.,1.,0.854058390700075,0.854058390700075,1.,     1387P   2423
1.,10.0000001490116,38.7298335678794,25.,10.0000001490116,          1387P   2424
38.7298335678794,10.01,10.0000001490116,37.2071708505562,25.,       1387P   2425
10.0000001490116,37.2071708505562,10.01,11.3529214753856,           1387P   2426
36.5085252784895,25.,11.3529214753856,36.5085252784895,10.01,       1387P   2427
12.7058428017596,35.8098797064227,25.,12.7058428017596,             1387P   2428
35.8098797064227,10.01,13.9473685622215,36.6914212748331,25.,       1387P   2429
13.9473685622215,36.6914212748331,10.01,0.00399999999999956,6.,     1387P   2430
-1.0941167132814,1.09411671328139;                                  1387P   2431
128,1,8,1,2,0,0,0,0,0,0.000222222222222198,0.000222222222222198,    1389P   2432
0.333333333333333,0.333333333333333,0.0937390694125135,             1389P   2433
0.0937390694125135,0.0937390694125135,1.28379025968243,             1389P   2434
1.28379025968243,2.47384144995234,2.47384144995234,                 1389P   2435
3.66389264022225,3.66389264022225,4.85394383049217,                 1389P   2436
4.85394383049217,4.85394383049217,1.,1.,0.828134152271111,          1389P   2437
0.828134152271111,1.,1.,0.828134152271111,0.828134152271111,1.,     1389P   2438
1.,0.828134152271111,0.828134152271111,1.,1.,0.828134152271111,     1389P   2439
0.828134152271111,1.,1.,2.10526315789473,-24.269093919378,10.01,    1389P   2440
2.10526315789473,-24.269093919378,25.,18.5320147722459,             1389P   2441
-49.9184828773823,10.01,18.5320147722459,-49.9184828773823,25.,     1389P   2442
48.4489832102612,-44.1997136044197,10.01,48.4489832102612,          1389P   2443
-44.1997136044197,25.,78.3659516482765,-38.4809443314571,10.01,     1389P   2444
78.3659516482765,-38.4809443314571,25.,84.1742298253935,            1389P   2445
-8.5812248154514,10.01,84.1742298253935,-8.5812248154514,25.,       1389P   2446
89.9825080025105,21.3184947005543,10.01,89.9825080025105,           1389P   2447
21.3184947005543,25.,64.3823953506324,37.821935394232,10.01,        1389P   2448
64.3823953506324,37.821935394232,25.,38.7822826987544,              1389P   2449
54.3253760879097,10.01,38.7822826987544,54.3253760879097,25.,       1389P   2450
13.9473685622215,36.6914212748331,10.01,13.9473685622215,           1389P   2451
36.6914212748331,25.,0.000222222222222198,0.333333333333333,        1389P   2452
0.0937390694125135,4.85394383049217;                                1389P   2453
128,1,1,1,1,0,0,1,0,0,-0.751,-0.751,2.751,2.751,                    1391P   2454
-1.10154940724527D-16,-1.10154940724527D-16,1.501,1.501,1.,1.,      1391P   2455
1.,1.,2.47347596949897D-15,24.99,10.,-7.06505561124999D-19,         1391P   2456
60.01,10.,2.47347596949897D-15,24.99,25.01,                         1391P   2457
-7.06505561124753D-19,60.01,25.01,-0.751,2.751,                     1391P   2458
-1.10154940724527D-16,1.501;                                        1391P   2459
128,1,1,1,1,0,0,1,0,0,-10.001,-10.001,10.001,10.001,-6.001,         1393P   2460
-6.001,6.001,6.001,1.,1.,1.,1.,100.01,-60.01,0.,-100.01,-60.01,     1393P   2461
0.,100.01,60.01,0.,-100.01,60.01,0.,-10.001,10.001,-6.001,6.001;    1393P   2462
128,1,1,1,1,0,0,1,0,0,0.517881377210253,0.517881377210253,          1395P   2463
2.64689810982928,2.64689810982928,-1.10154940724527D-16,            1395P   2464
-1.10154940724527D-16,1.501,1.501,1.,1.,1.,1.,10.0000001490116,     1395P   2465
60.0100008940697,10.,10.0000001490116,38.7198335678794,10.,         1395P   2466
10.0000001490116,60.0100008940697,25.01,10.0000001490116,           1395P   2467
38.7198335678794,25.01,0.517881377210253,2.64689810982928,          1395P   2468
-1.10154940724527D-16,1.501;                                        1395P   2469
128,1,1,1,1,0,0,1,0,0,-0.001,-0.001,20.001,20.001,-1.001,-1.001,    1397P   2470
1.501,1.501,1.,1.,1.,1.,100.01,60.,-0.0099999999999989,-100.01,     1397P   2471
60.,-0.0099999999999989,100.01,60.,25.01,-100.01,60.,25.01,         1397P   2472
-0.001,20.001,-1.001,1.501;                                         1397P   2473
128,1,1,1,1,0,0,1,0,0,-0.001,-0.001,12.001,12.001,-1.001,-1.001,    1399P   2474
1.501,1.501,1.,1.,1.,1.,-100.,60.01,-0.0099999999999989,-100.,      1399P   2475
-60.01,-0.0099999999999989,-100.,60.01,25.01,-100.,-60.01,25.01,    1399P   2476
-0.001,12.001,-1.001,1.501;                                         1399P   2477
128,1,1,1,1,0,0,1,0,0,-0.001,-0.001,12.001,12.001,-1.001,-1.001,    1401P   2478
1.501,1.501,1.,1.,1.,1.,100.,-60.01,-0.0099999999999989,100.,       1401P   2479
60.01,-0.0099999999999989,100.,-60.01,25.01,100.,60.01,25.01,       1401P   2480
-0.001,12.001,-1.001,1.501;                                         1401P   2481
128,1,1,1,1,0,0,1,0,0,-0.001,-0.001,20.001,20.001,-1.001,-1.001,    1403P   2482
1.501,1.501,1.,1.,1.,1.,-100.01,-60.,-0.0099999999999989,100.01,    1403P   2483
-60.,-0.0099999999999989,-100.01,-60.,25.01,100.01,-60.,25.01,      1403P   2484
-0.001,20.001,-1.001,1.501;                                         1403P   2485
502,202,-20.750000603497,2.41867742831602D-15,25.01,                1405P   2486
-20.750000603497,2.41867742831602D-15,10.01,0.,25.,10.01,0.,60.,    1405P   2487
10.01,-5.,25.,10.01,-5.,30.,10.01,-7.5,30.,10.01,-10.,32.5,         1405P   2488
10.01,-10.,60.,10.01,-25.000000372529,60.0000008940697,10.01,       1405P   2489
-25.000000372529,45.825757051174,10.01,-28.1578950897643,           1405P   2490
43.4138751011122,10.01,-2.10526315789474,-24.269093919378,10.01,    1405P   2491
2.10526315789473,-24.269093919378,10.01,13.9473685622215,           1405P   2492
36.6914212748331,10.01,10.0000001490116,38.7298335678794,10.01,     1405P   2493
10.0000001490116,60.0000008940697,10.01,60.7500006109476,           1405P   2494
2.41867742831602D-15,10.01,17.1110811988201,27.2506409259929,       1405P   2495
10.01,21.1561662309713,30.1895672312487,10.01,15.9355106767178,     1405P   2496
28.8686749388534,10.01,19.980595708869,31.8076012441092,10.01,      1405P   2497
-12.0100358500591,-13.3477453568193,10.01,-10.1079227891251,        1405P   2498
-13.9657793547786,10.01,-10.4649508551608,-8.59246270448427,        1405P   2499
10.01,-8.56283779422684,-9.21049670244359,10.01,                    1405P   2500
74.5350491448392,-8.59246270448427,10.01,72.9899641499409,          1405P   2501
-13.3477453568193,10.01,76.4371622057732,-9.21049670244359,         1405P   2502
10.01,74.8920772108749,-13.9657793547786,10.01,                     1405P   2503
-26.1561652665478,30.1895665305541,10.01,-22.1110802343967,         1405P   2504
27.2506402252983,10.01,-24.9805947444455,31.8076005434146,10.01,    1405P   2505
-20.9355097122944,28.8686742381588,10.01,-69.0644893232822,         1405P   2506
28.8686749388534,10.01,-67.8889188011799,27.2506409259929,10.01,    1405P   2507
-65.019404291131,31.8076012441092,10.01,-63.8438337690287,          1405P   2508
30.1895672312487,10.01,-10.1079224207482,13.9657782210309,10.01,    1405P   2509
-12.0100354816822,13.3477442230715,10.01,-8.56283742584987,         1405P   2510
9.21049556869585,10.01,-10.4649504867839,8.59246157073654,10.01,    1405P   2511
-81.4371622057732,9.2104967024436,10.01,-79.5350491448392,          1405P   2512
8.59246270448427,10.01,-79.8920772108749,13.9657793547786,10.01,    1405P   2513
-77.9899641499409,13.3477453568193,10.01,42.4999994412065,          1405P   2514
-35.5000005289912,10.01,37.4999993667006,-35.5000005289912,         1405P   2515
10.01,42.4999994412065,-37.5000005587935,10.01,37.4999993667006,    1405P   2516
-37.5000005587935,10.01,21.1561652665479,-30.1895665305541,         1405P   2517
10.01,17.1110802343967,-27.2506402252983,10.01,19.9805947444456,    1405P   2518
-31.8076005434146,10.01,15.9355097122943,-28.8686742381588,         1405P   2519
10.01,72.9899645183178,13.3477442230715,10.01,74.5350495132161,     1405P   2520
8.59246157073654,10.01,74.8920775792518,13.9657782210309,10.01,     1405P   2521
76.4371625741501,9.21049556869585,10.01,-24.980595708869,           1405P   2522
-31.8076012441092,10.01,-20.9355106767178,-28.8686749388534,        1405P   2523
10.01,-26.1561662309713,-30.1895672312487,10.01,                    1405P   2524
-22.1110811988201,-27.2506409259929,10.01,58.8438347334522,         1405P   2525
30.1895665305541,10.01,62.8889197656033,27.2506402252983,10.01,     1405P   2526
60.0194052555545,31.8076005434146,10.01,64.0644902877057,           1405P   2527
28.8686742381588,10.01,-42.5000005587935,-37.5000005587935,         1405P   2528
10.01,-42.5000005587935,-35.5000005289912,10.01,                    1405P   2529
-47.5000006332994,-37.5000005587935,10.01,-47.5000006332994,        1405P   2530
-35.5000005289912,10.01,62.8889188011799,-27.2506409259929,         1405P   2531
10.01,58.8438337690287,-30.1895672312487,10.01,64.0644893232822,    1405P   2532
-28.8686749388534,10.01,60.019404291131,-31.8076012441092,10.01,    1405P   2533
-79.8920775792518,-13.9657782210309,10.01,-77.9899645183178,        1405P   2534
-13.3477442230715,10.01,-81.4371625741502,-9.21049556869587,        1405P   2535
10.01,-79.5350495132162,-8.59246157073655,10.01,                    1405P   2536
7.01003548168217,-13.3477442230715,10.01,5.46495048678386,          1405P   2537
-8.59246157073655,10.01,5.10792242074816,-13.9657782210309,         1405P   2538
10.01,3.56283742584987,-9.21049556869587,10.01,37.5000005587935,    1405P   2539
37.5000005587935,10.01,37.5000005587935,35.5000005289912,10.01,     1405P   2540
42.5000006332994,37.5000005587935,10.01,42.5000006332994,           1405P   2541
35.5000005289912,10.01,-65.0194052555544,-31.8076005434146,         1405P   2542
10.01,-63.8438347334521,-30.1895665305541,10.01,                    1405P   2543
-69.0644902877057,-28.8686742381588,10.01,-67.8889197656033,        1405P   2544
-27.2506402252983,10.01,5.46495085516083,8.59246270448427,10.01,    1405P   2545
7.01003585005913,13.3477453568193,10.01,3.56283779422683,           1405P   2546
9.2104967024436,10.01,5.10792278912513,13.9657793547786,10.01,      1405P   2547
-42.4999993667006,37.5000004842877,10.01,-42.4999993667006,         1405P   2548
35.5000004544854,10.01,-47.4999994412065,35.5000004544854,10.01,    1405P   2549
-47.4999994412065,37.5000004842877,10.01,60.7500006109476,          1405P   2550
2.41867742831602D-15,25.01,-42.4999993667006,35.5000004544854,      1405P   2551
25.,-47.4999994412065,35.5000004544854,25.,-47.4999994412065,       1405P   2552
37.5000004842877,25.,-42.4999993667006,37.5000004842877,25.,        1405P   2553
15.9355106767178,28.8686749388534,25.,19.980595708869,              1405P   2554
31.8076012441092,25.,17.1110811988201,27.2506409259929,25.,         1405P   2555
-10.4649508551608,-8.59246270448427,25.,-8.56283779422684,          1405P   2556
-9.21049670244359,25.,-12.0100358500591,-13.3477453568193,25.,      1405P   2557
76.4371622057732,-9.21049670244359,25.,74.8920772108749,            1405P   2558
-13.9657793547786,25.,74.5350491448392,-8.59246270448427,25.,       1405P   2559
-24.9805947444455,31.8076005434146,25.,-20.9355097122944,           1405P   2560
28.8686742381588,25.,-26.1561652665478,30.1895665305541,25.,        1405P   2561
-65.019404291131,31.8076012441092,25.,-63.8438337690287,            1405P   2562
30.1895672312487,25.,-69.0644893232822,28.8686749388534,25.,        1405P   2563
-8.56283742584987,9.21049556869585,25.,-10.4649504867839,           1405P   2564
8.59246157073654,25.,-10.1079224207482,13.9657782210309,25.,        1405P   2565
-79.8920772108749,13.9657793547786,25.,-77.9899641499409,           1405P   2566
13.3477453568193,25.,-81.4371622057732,9.2104967024436,25.,         1405P   2567
42.4999994412065,-37.5000005587935,25.,37.4999993667006,            1405P   2568
-37.5000005587935,25.,42.4999994412065,-35.5000005289912,25.,       1405P   2569
19.9805947444456,-31.8076005434146,25.,15.9355097122943,            1405P   2570
-28.8686742381588,25.,21.1561652665479,-30.1895665305541,25.,       1405P   2571
74.8920775792518,13.9657782210309,25.,76.4371625741501,             1405P   2572
9.21049556869585,25.,72.9899645183178,13.3477442230715,25.,         1405P   2573
-26.1561662309713,-30.1895672312487,25.,-22.1110811988201,          1405P   2574
-27.2506409259929,25.,-24.980595708869,-31.8076012441092,25.,       1405P   2575
60.0194052555545,31.8076005434146,25.,64.0644902877057,             1405P   2576
28.8686742381588,25.,58.8438347334522,30.1895665305541,25.,         1405P   2577
-47.5000006332994,-37.5000005587935,25.,-47.5000006332994,          1405P   2578
-35.5000005289912,25.,-42.5000005587935,-37.5000005587935,25.,      1405P   2579
64.0644893232822,-28.8686749388534,25.,60.019404291131,             1405P   2580
-31.8076012441092,25.,62.8889188011799,-27.2506409259929,25.,       1405P   2581
-81.4371625741501,-9.21049556869587,25.,-79.5350495132161,          1405P   2582
-8.59246157073655,25.,-79.8920775792518,-13.9657782210309,25.,      1405P   2583
5.10792242074816,-13.9657782210309,25.,3.56283742584987,            1405P   2584
-9.21049556869587,25.,7.01003548168217,-13.3477442230715,25.,       1405P   2585
42.5000006332994,37.5000005587935,25.,42.5000006332994,             1405P   2586
35.5000005289912,25.,37.5000005587935,37.5000005587935,25.,         1405P   2587
-69.0644902877057,-28.8686742381588,25.,-67.8889197656033,          1405P   2588
-27.2506402252983,25.,-65.0194052555544,-31.8076005434146,25.,      1405P   2589
3.56283779422683,9.2104967024436,25.,5.10792278912513,              1405P   2590
13.9657793547786,25.,5.46495085516083,8.59246270448427,25.,         1405P   2591
-25.000000372529,45.825757051174,25.,-28.1578950897643,             1405P   2592
43.4138751011122,25.,-25.000000372529,60.,25.,-10.,32.5,25.,        1405P   2593
-10.,60.,25.,-7.5,30.,25.,-5.,30.,25.,-5.,25.,25.,0.,25.,25.,       1405P   2594
7.01003585005913,13.3477453568193,25.,-63.8438347334521,            1405P   2595
-30.1895665305541,25.,37.5000005587935,35.5000005289912,25.,        1405P   2596
5.46495048678386,-8.59246157073655,25.,-77.9899645183178,           1405P   2597
-13.3477442230715,25.,58.8438337690287,-30.1895672312487,25.,       1405P   2598
-42.5000005587935,-35.5000005289912,25.,62.8889197656033,           1405P   2599
27.2506402252983,25.,-20.9355106767178,-28.8686749388534,25.,       1405P   2600
74.5350495132161,8.59246157073654,25.,17.1110802343967,             1405P   2601
-27.2506402252983,25.,37.4999993667006,-35.5000005289912,25.,       1405P   2602
-79.5350491448392,8.59246270448427,25.,-12.0100354816822,           1405P   2603
13.3477442230715,25.,-67.8889188011799,27.2506409259929,25.,        1405P   2604
-22.1110802343967,27.2506402252983,25.,72.9899641499409,            1405P   2605
-13.3477453568193,25.,-10.1079227891251,-13.9657793547786,25.,      1405P   2606
21.1561662309713,30.1895672312487,25.,0.,60.,25.,                   1405P   2607
-2.10526315789474,-24.269093919378,25.,2.10526315789473,            1405P   2608
-24.269093919378,25.,-100.,60.,25.,-100.,-60.,25.,100.,-60.,25.,    1405P   2609
100.,60.,25.,10.0000001490116,60.0000008940697,25.,                 1405P   2610
10.0000001490116,38.7298335678794,25.,13.9473685622215,             1405P   2611
36.6914212748331,25.,100.,-60.,0.,-100.,-60.,0.,-100.,60.,0.,       1405P   2612
100.,60.,0.;                                                        1405P   2613
504,303,549,1405,1,1405,1,551,1405,1,1405,2,553,1405,2,1405,2,      1407P   2614
555,1405,3,1405,4,557,1405,5,1405,3,559,1405,6,1405,5,561,1405,     1407P   2615
7,1405,6,563,1405,8,1405,7,565,1405,9,1405,8,567,1405,9,1405,10,    1407P   2616
569,1405,11,1405,10,571,1405,12,1405,11,573,1405,13,1405,12,575,    1407P   2617
1405,14,1405,13,577,1405,15,1405,14,579,1405,16,1405,15,581,        1407P   2618
1405,17,1405,16,583,1405,17,1405,4,585,1405,18,1405,18,587,1405,    1407P   2619
19,1405,20,589,1405,21,1405,19,591,1405,22,1405,21,593,1405,20,     1407P   2620
1405,22,595,1405,23,1405,24,597,1405,25,1405,23,599,1405,26,        1407P   2621
1405,25,601,1405,24,1405,26,603,1405,27,1405,28,605,1405,29,        1407P   2622
1405,27,607,1405,30,1405,29,609,1405,28,1405,30,611,1405,31,        1407P   2623
1405,32,613,1405,33,1405,31,615,1405,34,1405,33,617,1405,32,        1407P   2624
1405,34,619,1405,35,1405,36,621,1405,37,1405,35,623,1405,38,        1407P   2625
1405,37,625,1405,36,1405,38,627,1405,39,1405,40,629,1405,41,        1407P   2626
1405,39,631,1405,42,1405,41,633,1405,40,1405,42,635,1405,43,        1407P   2627
1405,44,637,1405,45,1405,43,639,1405,46,1405,45,641,1405,44,        1407P   2628
1405,46,643,1405,47,1405,48,645,1405,49,1405,47,647,1405,50,        1407P   2629
1405,49,649,1405,48,1405,50,651,1405,51,1405,52,653,1405,53,        1407P   2630
1405,51,655,1405,54,1405,53,657,1405,52,1405,54,659,1405,55,        1407P   2631
1405,56,661,1405,57,1405,55,663,1405,58,1405,57,665,1405,56,        1407P   2632
1405,58,667,1405,59,1405,60,669,1405,61,1405,59,671,1405,62,        1407P   2633
1405,61,673,1405,60,1405,62,675,1405,63,1405,64,677,1405,65,        1407P   2634
1405,63,679,1405,66,1405,65,681,1405,64,1405,66,683,1405,67,        1407P   2635
1405,68,685,1405,69,1405,67,687,1405,70,1405,69,689,1405,68,        1407P   2636
1405,70,691,1405,71,1405,72,693,1405,73,1405,71,695,1405,74,        1407P   2637
1405,73,697,1405,72,1405,74,699,1405,75,1405,76,701,1405,77,        1407P   2638
1405,75,703,1405,78,1405,77,705,1405,76,1405,78,707,1405,79,        1407P   2639
1405,80,709,1405,81,1405,79,711,1405,82,1405,81,713,1405,80,        1407P   2640
1405,82,715,1405,83,1405,84,717,1405,85,1405,83,719,1405,86,        1407P   2641
1405,85,721,1405,84,1405,86,723,1405,87,1405,88,725,1405,89,        1407P   2642
1405,87,727,1405,90,1405,89,729,1405,88,1405,90,731,1405,91,        1407P   2643
1405,92,733,1405,93,1405,91,735,1405,94,1405,93,737,1405,92,        1407P   2644
1405,94,739,1405,95,1405,96,741,1405,96,1405,97,743,1405,98,        1407P   2645
1405,97,745,1405,98,1405,95,747,1405,99,1405,99,749,1405,99,        1407P   2646
1405,18,751,1405,100,1405,96,753,1405,101,1405,100,755,1405,97,     1407P   2647
1405,101,757,1405,98,1405,102,759,1405,102,1405,103,761,1405,       1407P   2648
103,1405,95,763,1405,21,1405,104,765,1405,105,1405,104,767,1405,    1407P   2649
22,1405,105,769,1405,19,1405,106,771,1405,104,1405,106,773,1405,    1407P   2650
25,1405,107,775,1405,108,1405,107,777,1405,26,1405,108,779,1405,    1407P   2651
23,1405,109,781,1405,107,1405,109,783,1405,29,1405,110,785,1405,    1407P   2652
111,1405,110,787,1405,30,1405,111,789,1405,27,1405,112,791,1405,    1407P   2653
110,1405,112,793,1405,33,1405,113,795,1405,114,1405,113,797,        1407P   2654
1405,34,1405,114,799,1405,31,1405,115,801,1405,113,1405,115,803,    1407P   2655
1405,37,1405,116,805,1405,117,1405,116,807,1405,38,1405,117,809,    1407P   2656
1405,35,1405,118,811,1405,116,1405,118,813,1405,41,1405,119,815,    1407P   2657
1405,120,1405,119,817,1405,42,1405,120,819,1405,39,1405,121,821,    1407P   2658
1405,119,1405,121,823,1405,45,1405,122,825,1405,123,1405,122,       1407P   2659
827,1405,46,1405,123,829,1405,43,1405,124,831,1405,122,1405,124,    1407P   2660
833,1405,49,1405,125,835,1405,126,1405,125,837,1405,50,1405,126,    1407P   2661
839,1405,47,1405,127,841,1405,125,1405,127,843,1405,53,1405,128,    1407P   2662
845,1405,129,1405,128,847,1405,54,1405,129,849,1405,51,1405,130,    1407P   2663
851,1405,128,1405,130,853,1405,57,1405,131,855,1405,132,1405,       1407P   2664
131,857,1405,58,1405,132,859,1405,55,1405,133,861,1405,131,1405,    1407P   2665
133,863,1405,61,1405,134,865,1405,135,1405,134,867,1405,62,1405,    1407P   2666
135,869,1405,59,1405,136,871,1405,134,1405,136,873,1405,100,        1407P   2667
1405,103,875,1405,65,1405,137,877,1405,138,1405,137,879,1405,66,    1407P   2668
1405,138,881,1405,63,1405,139,883,1405,137,1405,139,885,1405,69,    1407P   2669
1405,140,887,1405,141,1405,140,889,1405,70,1405,141,891,1405,67,    1407P   2670
1405,142,893,1405,140,1405,142,895,1405,73,1405,143,897,1405,       1407P   2671
144,1405,143,899,1405,74,1405,144,901,1405,71,1405,145,903,1405,    1407P   2672
143,1405,145,905,1405,77,1405,146,907,1405,147,1405,146,909,        1407P   2673
1405,78,1405,147,911,1405,75,1405,148,913,1405,146,1405,148,915,    1407P   2674
1405,81,1405,149,917,1405,150,1405,149,919,1405,82,1405,150,921,    1407P   2675
1405,79,1405,151,923,1405,149,1405,151,925,1405,85,1405,152,927,    1407P   2676
1405,153,1405,152,929,1405,86,1405,153,931,1405,83,1405,154,933,    1407P   2677
1405,152,1405,154,935,1405,89,1405,155,937,1405,156,1405,155,       1407P   2678
939,1405,90,1405,156,941,1405,87,1405,157,943,1405,155,1405,157,    1407P   2679
945,1405,93,1405,158,947,1405,159,1405,158,949,1405,94,1405,159,    1407P   2680
951,1405,91,1405,160,953,1405,158,1405,160,955,1405,11,1405,161,    1407P   2681
957,1405,161,1405,162,959,1405,162,1405,12,961,1405,163,1405,10,    1407P   2682
963,1405,161,1405,163,965,1405,8,1405,164,967,1405,165,1405,164,    1407P   2683
969,1405,9,1405,165,971,1405,7,1405,166,973,1405,164,1405,166,      1407P   2684
975,1405,6,1405,167,977,1405,166,1405,167,979,1405,5,1405,168,      1407P   2685
981,1405,168,1405,167,983,1405,3,1405,169,985,1405,168,1405,169,    1407P   2686
987,1405,92,1405,170,989,1405,160,1405,170,991,1405,170,1405,       1407P   2687
159,993,1405,88,1405,171,995,1405,157,1405,171,997,1405,171,        1407P   2688
1405,156,999,1405,84,1405,172,1001,1405,154,1405,172,1003,1405,     1407P   2689
172,1405,153,1005,1405,80,1405,173,1007,1405,151,1405,173,1009,     1407P   2690
1405,173,1405,150,1011,1405,76,1405,174,1013,1405,148,1405,174,     1407P   2691
1015,1405,174,1405,147,1017,1405,72,1405,175,1019,1405,145,1405,    1407P   2692
175,1021,1405,175,1405,144,1023,1405,68,1405,176,1025,1405,142,     1407P   2693
1405,176,1027,1405,176,1405,141,1029,1405,64,1405,177,1031,1405,    1407P   2694
139,1405,177,1033,1405,177,1405,138,1035,1405,101,1405,102,1037,    1407P   2695
1405,60,1405,178,1039,1405,136,1405,178,1041,1405,178,1405,135,     1407P   2696
1043,1405,56,1405,179,1045,1405,133,1405,179,1047,1405,179,1405,    1407P   2697
132,1049,1405,52,1405,180,1051,1405,130,1405,180,1053,1405,180,     1407P   2698
1405,129,1055,1405,48,1405,181,1057,1405,127,1405,181,1059,1405,    1407P   2699
181,1405,126,1061,1405,44,1405,182,1063,1405,124,1405,182,1065,     1407P   2700
1405,182,1405,123,1067,1405,40,1405,183,1069,1405,121,1405,183,     1407P   2701
1071,1405,183,1405,120,1073,1405,36,1405,184,1075,1405,118,1405,    1407P   2702
184,1077,1405,184,1405,117,1079,1405,32,1405,185,1081,1405,115,     1407P   2703
1405,185,1083,1405,185,1405,114,1085,1405,28,1405,186,1087,1405,    1407P   2704
112,1405,186,1089,1405,186,1405,111,1091,1405,24,1405,187,1093,     1407P   2705
1405,109,1405,187,1095,1405,187,1405,108,1097,1405,20,1405,188,     1407P   2706
1099,1405,106,1405,188,1101,1405,188,1405,105,1103,1405,169,        1407P   2707
1405,189,1105,1405,189,1405,165,1107,1405,13,1405,190,1109,1405,    1407P   2708
190,1405,191,1111,1405,191,1405,14,1113,1405,190,1405,162,1115,     1407P   2709
1405,163,1405,192,1117,1405,192,1405,193,1119,1405,193,1405,194,    1407P   2710
1121,1405,194,1405,195,1123,1405,195,1405,196,1125,1405,196,        1407P   2711
1405,197,1127,1405,198,1405,197,1129,1405,198,1405,191,1131,        1407P   2712
1405,15,1405,198,1133,1405,197,1405,16,1135,1405,4,1405,189,        1407P   2713
1137,1405,199,1405,200,1139,1405,200,1405,201,1141,1405,201,        1407P   2714
1405,202,1143,1405,202,1405,199,1145,1405,17,1405,196,1147,1405,    1407P   2715
202,1405,195,1149,1405,201,1405,192,1151,1405,193,1405,200,1153,    1407P   2716
1405,199,1405,194;                                                  1407P   2717
406,1,5HBody3;                                                      1409P   2718
314,62.7450980392157,62.7450980392157,62.7450980392157,13HSteel     1411P   2719
- Satin;                                                            1411P   2720
S      1G      3D   1412P   2720                                        T      1
