Time (s),Voltage (V)
0.0,9.8
0.04,10.8
0.08,10.200000000000001
0.12,11.200000000000001
0.16,10.4
0.2,0.0
0.24,0.0
0.28,0.0
0.32,0.0
0.36,0.0
0.4,0.0
0.44,0.0
0.48,0.0
0.52,0.0
0.56,0.0
0.6,0.0
0.64,0.0
0.68,0.0
0.72,0.0
0.76,0.0
0.8,0.0
0.84,0.0
0.88,0.0
0.92,0.0
0.96,0.0
1.0,0.0
1.04,-0.2
1.08,0.0
1.12,0.0
1.16,0.0
1.2,0.0
1.24,0.0
1.28,0.0
1.32,0.0
1.36,0.0
1.4000000000000001,0.0
1.44,0.0
1.48,0.0
1.52,0.0
1.56,0.0
1.6,0.0
1.6400000000000001,0.0
1.68,0.0
1.72,0.0
1.76,0.0
1.8,-0.2
1.84,0.0
1.8800000000000001,0.0
1.92,0.0
1.96,0.0
2.0,0.0
2.04,0.0
2.08,0.0
2.12,0.0
2.16,0.0
2.2,0.0
2.24,0.0
2.2800000000000002,0.0
2.32,0.0
2.36,0.0
2.4,0.0
2.44,0.0
2.48,0.0
2.52,0.0
2.56,0.0
2.6,0.0
2.64,0.0
2.68,0.0
2.72,0.0
2.7600000000000002,0.0
2.8000000000000003,0.0
2.84,0.0
2.88,0.0
2.92,0.0
2.96,0.0
3.0,0.0
3.04,0.0
3.08,0.0
3.12,0.0
3.16,0.0
3.2,0.0
3.24,0.0
3.2800000000000002,0.0
3.3200000000000003,0.0
3.36,0.0
3.4,0.0
3.44,0.0
3.48,0.0
3.52,0.0
3.56,0.0
3.6,0.0
3.64,0.0
3.68,0.0
3.72,0.0
3.7600000000000002,0.0
3.8000000000000003,0.0
3.84,0.0
3.88,0.0
3.92,0.0
3.96,0.0
4.0,0.0
4.04,0.0
4.08,0.0
4.12,0.0
4.16,0.0
4.2,0.0
4.24,0.0
4.28,0.0
4.32,0.0
4.36,0.0
4.4,0.0
4.44,0.0
4.48,0.0
4.5200000000000005,0.0
4.5600000000000005,0.0
4.6000000000000005,0.0
4.64,0.0
4.68,0.0
4.72,0.0
4.76,0.0
4.8,0.0
4.84,0.0
4.88,0.0
4.92,0.0
4.96,0.0
5.0,0.0
5.04,0.0
5.08,0.0
5.12,0.0
5.16,0.0
5.2,0.0
5.24,0.0
5.28,0.0
5.32,0.0
5.36,0.0
5.4,0.0
5.44,0.0
5.48,0.0
5.5200000000000005,0.0
5.5600000000000005,0.0
5.6000000000000005,0.0
5.64,0.0
5.68,0.0
5.72,0.0
5.76,0.0
5.8,0.0
5.84,0.0
5.88,0.0
5.92,0.0
5.96,0.0
6.0,0.0
6.04,0.0
6.08,0.0
6.12,0.0
6.16,0.0
6.2,0.0
6.24,0.0
6.28,0.0
6.32,0.0
6.36,0.0
6.4,0.0
6.44,0.0
6.48,0.0
6.5200000000000005,0.0
6.5600000000000005,0.0
6.6000000000000005,0.0
6.640000000000001,0.0
6.68,0.0
6.72,0.0
6.76,0.0
6.8,0.0
6.84,0.0
6.88,0.0
6.92,0.0
6.96,0.0
7.0,0.0
7.04,0.0
7.08,0.0
7.12,0.0
7.16,0.0
7.2,0.0
7.24,0.0
7.28,0.0
7.32,0.0
7.36,0.0
7.4,0.0
7.44,0.0
7.48,0.0
7.5200000000000005,0.0
7.5600000000000005,0.0
7.6000000000000005,0.0
7.640000000000001,0.0
7.68,0.0
7.72,0.0
7.76,-0.2
7.8,0.0
7.84,0.0
7.88,0.0
7.92,0.0
7.96,0.0
8.0,0.0
8.040000000000001,0.0
8.08,0.0
8.120000000000001,0.0
8.16,0.0
8.2,0.0
8.24,0.0
8.28,0.0
8.32,0.0
8.36,0.0
8.4,0.0
8.44,0.0
8.48,0.0
8.52,0.0
8.56,0.0
8.6,0.0
8.64,0.0
8.68,0.0
8.72,0.0
8.76,0.0
8.8,0.0
8.84,0.0
8.88,0.0
8.92,0.0
8.96,0.0
9.0,0.0
9.040000000000001,0.0
9.08,0.0
9.120000000000001,0.0
9.16,0.0
9.200000000000001,0.0
9.24,0.0
9.28,0.0
9.32,0.0
9.36,0.0
9.4,0.0
9.44,0.0
9.48,0.0
9.52,0.0
9.56,0.0
9.6,0.0
9.64,0.0
9.68,0.0
9.72,0.0
9.76,0.0
9.8,0.0
9.84,0.0
9.88,0.0
9.92,0.0
9.96,0.0
10.0,0.0
10.040000000000001,0.0
10.08,0.0
10.120000000000001,0.0
10.16,0.0
10.200000000000001,0.0
10.24,0.0
10.28,0.0
10.32,0.0
10.36,0.0
10.4,0.0
10.44,0.0
10.48,0.0
10.52,0.0
10.56,0.0
10.6,0.0
10.64,0.0
10.68,0.0
10.72,0.0
10.76,0.0
10.8,0.0
10.84,0.0
10.88,0.0
10.92,0.0
10.96,0.0
11.0,0.0
11.040000000000001,0.0
11.08,0.0
11.120000000000001,0.0
11.16,0.0
11.200000000000001,0.0
11.24,0.0
11.28,0.0
11.32,0.0
11.36,0.0
11.4,0.0
11.44,0.0
11.48,0.0
11.52,0.0
11.56,0.0
11.6,0.0
11.64,0.0
11.68,0.0
11.72,0.0
11.76,0.0
11.8,0.0
11.84,0.0
11.88,0.0
11.92,0.0
11.96,0.0
12.0,0.0
12.040000000000001,0.0
12.08,0.0
12.120000000000001,0.0
12.16,0.0
12.200000000000001,0.0
12.24,0.0
12.280000000000001,0.0
12.32,0.0
12.36,0.0
12.4,0.0
12.44,0.0
12.48,0.0
12.52,0.0
12.56,0.0
12.6,0.0
12.64,0.0
12.68,0.0
12.72,0.0
12.76,0.0
12.8,0.0
12.84,0.0
12.88,0.0
12.92,0.0
12.96,0.0
13.0,0.0
13.040000000000001,0.0
13.08,0.0
13.120000000000001,0.0
13.16,0.0
13.200000000000001,0.0
13.24,0.0
13.280000000000001,0.0
13.32,0.0
13.36,0.0
13.4,0.0
13.44,0.0
13.48,0.0
13.52,0.0
13.56,0.0
13.6,0.0
13.64,0.0
13.68,0.0
13.72,0.0
13.76,0.0
13.8,0.0
13.84,0.0
13.88,0.0
13.92,0.0
13.96,0.0
14.0,0.0
14.040000000000001,0.0
14.08,0.0
14.120000000000001,0.0
14.16,0.0
14.200000000000001,0.0
14.24,0.0
14.280000000000001,0.0
14.32,0.0
14.36,0.0
14.4,0.0
14.44,0.0
14.48,0.0
14.52,0.0
14.56,0.0
14.6,0.0
14.64,0.0
14.68,0.0
14.72,0.0
14.76,0.0
14.8,0.0
14.84,0.0
14.88,0.0
14.92,0.0
14.96,0.0
15.0,0.0
15.040000000000001,0.0
15.08,0.0
15.120000000000001,0.0
15.16,0.0
15.200000000000001,0.0
15.24,0.0
15.280000000000001,0.0
15.32,0.0
15.36,0.0
15.4,0.0
15.44,0.0
15.48,0.0
15.52,0.0
15.56,0.0
15.6,0.0
15.64,0.0
15.68,0.0
15.72,0.0
15.76,0.0
15.8,0.0
15.84,0.0
15.88,0.0
15.92,0.0
15.96,0.0
16.0,0.0
16.04,0.0
16.080000000000002,0.0
16.12,0.0
16.16,0.0
16.2,0.0
16.240000000000002,0.0
16.28,0.0
16.32,0.0
16.36,0.0
16.4,0.0
16.44,0.0
16.48,0.0
16.52,0.0
16.56,0.0
16.6,0.0
16.64,0.0
16.68,0.0
16.72,0.0
16.76,0.0
16.8,0.0
16.84,0.0
16.88,0.0
16.92,0.0
16.96,0.0
17.0,0.0
17.04,0.0
17.080000000000002,0.0
17.12,0.0
17.16,0.0
17.2,0.0
17.240000000000002,0.0
17.28,0.0
17.32,0.0
17.36,0.0
17.400000000000002,0.0
17.44,0.0
17.48,0.0
17.52,0.0
17.56,0.0
17.6,0.0
17.64,0.0
17.68,0.0
17.72,0.0
17.76,0.0
17.8,0.0
17.84,0.0
17.88,0.0
17.92,0.0
17.96,0.0
18.0,0.0
18.04,0.0
18.080000000000002,0.0
18.12,0.0
18.16,0.0
18.2,0.0
18.240000000000002,0.0
18.28,0.0
18.32,0.0
18.36,0.0
18.400000000000002,0.0
18.44,0.0
18.48,0.0
18.52,0.0
18.56,0.0
18.6,0.0
18.64,0.0
18.68,0.0
18.72,0.0
18.76,0.0
18.8,0.0
18.84,0.0
18.88,0.0
18.92,0.0
18.96,0.0
19.0,0.0
19.04,0.0
19.080000000000002,0.0
19.12,0.0
19.16,0.0
19.2,0.0
19.240000000000002,0.0
19.28,0.0
19.32,0.0
19.36,0.0
19.400000000000002,0.0
19.44,0.0
19.48,0.0
19.52,0.0
19.56,0.0
19.6,0.0
19.64,0.0
19.68,0.0
19.72,0.0
19.76,0.0
19.8,0.0
19.84,0.0
19.88,0.0
19.92,0.0
19.96,0.0
20.0,0.0
20.04,-0.2
20.080000000000002,0.0
20.12,0.0
20.16,0.0
20.2,0.0
20.240000000000002,0.0
20.28,0.0
20.32,0.0
20.36,0.0
20.400000000000002,0.0
20.44,0.0
20.48,0.0
20.52,0.0
20.56,0.0
20.6,0.0
20.64,0.0
20.68,0.0
20.72,0.0
20.76,0.0
20.8,0.0
20.84,0.0
20.88,0.0
20.92,0.0
20.96,0.0
21.0,0.0
21.04,0.0
21.080000000000002,0.0
21.12,0.0
21.16,0.0
21.2,0.0
21.240000000000002,0.0
21.28,0.0
21.32,0.0
21.36,0.0
21.400000000000002,0.0
21.44,0.0
21.48,0.0
21.52,0.0
21.56,0.0
21.6,0.0
21.64,0.0
21.68,0.0
21.72,0.0
21.76,0.0
21.8,0.0
21.84,0.0
21.88,0.0
21.92,0.0
21.96,0.0
22.0,0.0
22.04,-0.2
22.080000000000002,0.0
22.12,0.0
22.16,0.0
22.2,0.0
22.240000000000002,0.0
22.28,0.0
22.32,0.0
22.36,0.0
22.400000000000002,0.0
22.44,0.0
22.48,0.0
22.52,0.0
22.56,0.0
22.6,0.0
22.64,0.0
22.68,0.0
22.72,0.0
22.76,0.0
22.8,0.0
22.84,0.0
22.88,0.0
22.92,0.0
22.96,0.0
23.0,0.0
23.04,0.0
23.080000000000002,0.0
23.12,0.0
23.16,0.0
23.2,0.0
23.240000000000002,0.0
23.28,0.0
23.32,0.0
23.36,0.0
23.400000000000002,0.0
23.44,0.0
23.48,0.0
23.52,0.0
23.56,0.0
23.6,0.0
23.64,0.0
23.68,0.0
23.72,0.0
23.76,0.0
23.8,0.0
23.84,0.0
23.88,0.0
23.92,0.0
23.96,0.0
24.0,0.0
24.04,0.0
24.080000000000002,0.0
24.12,0.0
24.16,0.0
24.2,0.0
24.240000000000002,0.0
24.28,0.0
24.32,0.0
24.36,0.0
24.400000000000002,0.0
24.44,0.0
24.48,0.0
24.52,0.0
24.560000000000002,0.0
24.6,0.0
24.64,0.0
24.68,0.0
24.72,0.0
24.76,0.0
24.8,0.0
24.84,0.0
24.88,0.0
24.92,0.0
24.96,0.0
25.0,0.0
25.04,0.0
25.080000000000002,0.0
25.12,0.0
25.16,0.0
25.2,0.0
25.240000000000002,0.0
25.28,0.0
25.32,0.0
25.36,0.0
25.400000000000002,0.0
25.44,0.0
25.48,0.0
25.52,0.0
25.560000000000002,0.0
25.6,0.0
25.64,0.0
25.68,0.0
25.72,0.0
25.76,0.0
25.8,0.0
25.84,0.0
25.88,0.0
25.92,0.0
25.96,0.0
26.0,0.0
26.04,0.0
26.080000000000002,0.0
26.12,0.0
26.16,0.0
26.2,0.0
26.240000000000002,0.0
26.28,0.0
26.32,0.0
26.36,0.0
26.400000000000002,0.0
26.44,0.0
26.48,0.0
26.52,0.0
26.560000000000002,0.0
26.6,0.0
26.64,0.0
26.68,0.0
26.72,0.0
26.76,0.0
26.8,0.0
26.84,0.0
26.88,0.0
26.92,0.0
26.96,0.0
27.0,0.0
27.04,0.0
27.080000000000002,-0.2
27.12,0.0
27.16,0.0
27.2,0.0
27.240000000000002,0.0
27.28,0.0
27.32,0.0
27.36,0.0
27.400000000000002,0.0
27.44,0.0
27.48,0.0
27.52,0.0
27.560000000000002,0.0
27.6,0.0
27.64,0.0
27.68,0.0
27.72,0.0
27.76,0.0
27.8,0.0
27.84,0.0
27.88,0.0
27.92,0.0
27.96,0.0
28.0,0.0
28.04,0.0
28.080000000000002,0.0
28.12,0.0
28.16,0.0
28.2,0.0
28.240000000000002,0.0
28.28,0.0
28.32,0.0
28.36,0.0
28.400000000000002,0.0
28.44,0.0
28.48,0.0
28.52,0.0
28.560000000000002,0.0
28.6,0.0
28.64,0.0
28.68,0.0
28.72,0.0
28.76,0.0
28.8,0.0
28.84,0.0
28.88,0.0
28.92,0.0
28.96,0.0
29.0,0.0
29.04,0.0
29.080000000000002,0.0
29.12,0.0
29.16,0.0
29.2,0.0
29.240000000000002,0.0
29.28,0.0
29.32,0.0
29.36,0.0
29.400000000000002,0.0
29.44,0.0
29.48,0.0
29.52,0.0
29.560000000000002,0.0
29.6,0.0
29.64,0.0
29.68,0.0
29.72,0.0
29.76,0.0
29.8,0.0
29.84,0.0
29.88,0.0
29.92,0.0
29.96,0.0
30.0,0.0
30.04,0.0
30.080000000000002,0.0
30.12,0.0
30.16,0.0
30.2,0.0
30.240000000000002,0.0
30.28,0.0
30.32,0.0
30.36,0.0
30.400000000000002,0.0
30.44,0.0
30.48,0.0
30.52,0.0
30.560000000000002,0.0
30.6,0.0
30.64,0.0
30.68,0.0
30.72,0.0
30.76,0.0
30.8,0.0
30.84,0.0
30.88,0.0
30.92,0.0
30.96,0.0
31.0,0.0
31.04,0.0
31.080000000000002,0.0
31.12,0.0
31.16,0.0
31.2,0.0
31.240000000000002,0.0
31.28,0.0
31.32,0.0
31.36,0.0
31.400000000000002,0.0
31.44,0.0
31.48,-0.2
31.52,0.0
31.560000000000002,0.0
31.6,0.0
31.64,0.0
31.68,0.0
31.720000000000002,0.0
31.76,0.0
31.8,0.0
31.84,0.0
31.88,0.0
31.92,0.0
31.96,0.0
32.0,0.0
32.04,0.0
32.08,0.0
32.12,0.0
32.160000000000004,0.0
32.2,0.0
32.24,0.0
32.28,0.0
32.32,0.0
32.36,0.0
32.4,0.0
32.44,0.0
32.480000000000004,0.0
32.52,0.0
32.56,0.0
32.6,0.0
32.64,0.0
32.68,0.0
32.72,0.0
32.76,0.0
32.8,0.0
32.84,0.0
32.88,0.0
32.92,0.0
32.96,0.0
33.0,0.0
33.04,0.0
33.08,0.0
33.12,0.0
33.160000000000004,0.0
33.2,0.0
33.24,0.0
33.28,0.0
33.32,0.0
33.36,0.0
33.4,0.0
33.44,0.0
33.480000000000004,0.0
33.52,0.0
33.56,0.0
33.6,0.0
33.64,0.0
33.68,0.0
33.72,0.0
33.76,0.0
33.8,0.0
33.84,0.0
33.88,0.0
33.92,0.0
33.96,0.0
34.0,0.0
34.04,0.0
34.08,0.0
34.12,0.0
34.160000000000004,0.0
34.2,0.0
34.24,0.0
34.28,0.0
34.32,0.0
34.36,0.0
34.4,0.0
34.44,0.0
34.480000000000004,0.0
34.52,0.0
34.56,0.0
34.6,0.0
34.64,0.0
34.68,0.0
34.72,0.0
34.76,0.0
34.800000000000004,0.0
34.84,0.0
34.88,0.0
34.92,0.0
34.96,0.0
35.0,0.0
35.04,0.0
35.08,0.0
35.12,0.0
35.160000000000004,0.0
35.2,0.0
35.24,0.0
35.28,0.0
35.32,0.0
35.36,0.0
35.4,0.0
35.44,0.0
35.480000000000004,0.0
35.52,0.0
35.56,0.0
35.6,0.0
35.64,0.0
35.68,0.0
35.72,0.0
35.76,0.0
35.800000000000004,0.0
35.84,0.0
35.88,0.0
35.92,0.0
35.96,0.0
36.0,0.0
36.04,0.0
36.08,0.0
36.12,0.0
36.160000000000004,0.0
36.2,0.0
36.24,0.0
36.28,0.0
36.32,0.0
36.36,0.0
36.4,0.0
36.44,0.0
36.480000000000004,0.0
36.52,0.0
36.56,0.0
36.6,0.0
36.64,0.0
36.68,0.0
36.72,0.0
36.76,0.0
36.800000000000004,0.0
36.84,0.0
36.88,0.0
36.92,0.0
36.96,0.0
37.0,0.0
37.04,0.0
37.08,0.0
37.12,0.0
37.160000000000004,0.0
37.2,0.0
37.24,0.0
37.28,0.0
37.32,0.0
37.36,0.0
37.4,0.0
37.44,0.0
37.480000000000004,0.0
37.52,0.0
37.56,0.0
37.6,0.0
37.64,0.0
37.68,0.0
37.72,0.0
37.76,0.0
37.800000000000004,0.0
37.84,0.0
37.88,0.0
37.92,0.0
37.96,0.0
38.0,0.0
38.04,0.0
38.08,0.0
38.12,0.0
38.160000000000004,0.0
38.2,0.0
38.24,0.0
38.28,0.0
38.32,0.0
38.36,0.0
38.4,0.0
38.44,0.0
38.480000000000004,0.0
38.52,0.0
38.56,0.0
38.6,0.0
38.64,0.0
38.68,0.0
38.72,0.0
38.76,0.0
38.800000000000004,0.0
38.84,0.0
38.88,0.0
38.92,0.0
38.96,0.0
39.0,0.0
39.04,0.0
39.08,0.0
39.12,0.0
39.160000000000004,0.0
39.2,0.0
39.24,0.0
39.28,0.0
39.32,0.0
39.36,0.0
39.4,0.0
39.44,0.0
39.480000000000004,0.0
39.52,0.0
39.56,0.0
39.6,0.0
39.64,0.0
39.68,0.0
39.72,0.0
39.76,0.0
39.800000000000004,0.0
39.84,0.0
39.88,0.0
39.92,0.0
39.96,0.0
40.0,0.0
40.04,0.0
40.08,0.0
40.12,0.0
40.160000000000004,0.0
40.2,0.0
40.24,0.0
40.28,0.0
40.32,0.0
40.36,0.0
40.4,0.0
40.44,0.0
40.480000000000004,0.0
40.52,0.0
40.56,0.0
40.6,0.0
40.64,0.0
40.68,0.0
40.72,0.0
40.76,0.0
40.800000000000004,0.0
40.84,0.0
40.88,0.0
40.92,0.0
40.96,0.0
41.0,0.0
41.04,0.0
41.08,0.0
41.12,0.0
41.160000000000004,0.0
41.2,0.0
41.24,0.0
41.28,0.0
41.32,0.0
41.36,0.0
41.4,0.0
41.44,0.0
41.480000000000004,0.0
41.52,0.0
41.56,0.0
41.6,0.0
41.64,0.0
41.68,0.0
41.72,0.0
41.76,0.0
41.800000000000004,0.0
41.84,0.0
41.88,-0.2
41.92,0.0
41.96,0.0
42.0,0.0
42.04,0.0
42.08,0.0
42.12,0.0
42.160000000000004,0.0
42.2,0.0
42.24,0.0
42.28,0.0
42.32,0.0
42.36,0.0
42.4,0.0
42.44,0.0
42.480000000000004,0.0
42.52,0.0
42.56,0.0
42.6,0.0
42.64,0.0
42.68,0.0
42.72,0.0
42.76,0.0
42.800000000000004,0.0
42.84,0.0
42.88,0.0
42.92,0.0
42.96,0.0
43.0,0.0
43.04,0.0
43.08,0.0
43.12,0.0
43.160000000000004,0.0
43.2,0.0
43.24,0.0
43.28,0.0
43.32,0.0
43.36,0.0
43.4,0.0
43.44,0.0
43.480000000000004,0.0
43.52,0.0
43.56,0.0
43.6,0.0
43.64,0.0
43.68,0.0
43.72,0.0
43.76,0.0
43.800000000000004,0.0
43.84,0.0
43.88,0.0
43.92,0.0
43.96,0.0
44.0,0.0
44.04,0.0
44.08,0.0
44.12,0.0
44.160000000000004,0.0
44.2,0.0
44.24,0.0
44.28,0.0
44.32,0.0
44.36,0.0
44.4,0.0
44.44,0.0
44.480000000000004,-0.2
44.52,0.0
44.56,0.0
44.6,0.0
44.64,0.0
44.68,0.0
44.72,0.0
44.76,0.0
44.800000000000004,0.0
44.84,0.0
44.88,0.0
44.92,0.0
44.96,0.0
45.0,0.0
45.04,0.0
45.08,0.0
45.12,0.0
45.160000000000004,0.0
45.2,0.0
45.24,0.0
45.28,0.0
45.32,0.0
45.36,0.0
45.4,0.0
45.44,0.0
45.480000000000004,0.0
45.52,0.0
45.56,0.0
45.6,0.0
45.64,0.0
45.68,0.0
45.72,0.0
45.76,0.0
45.800000000000004,0.0
45.84,0.0
45.88,0.0
45.92,0.0
45.96,0.0
46.0,0.0
46.04,0.0
46.08,0.0
46.12,0.0
46.160000000000004,0.0
46.2,0.0
46.24,0.0
46.28,0.0
46.32,0.0
46.36,0.0
46.4,0.0
46.44,0.0
46.480000000000004,0.0
46.52,0.0
46.56,0.0
46.6,0.0
46.64,0.0
46.68,0.0
46.72,0.0
46.76,0.0
46.800000000000004,0.0
46.84,0.0
46.88,0.0
46.92,0.0
46.96,0.0
47.0,0.0
47.04,0.0
47.08,0.0
47.12,0.0
47.160000000000004,0.0
47.2,0.0
47.24,0.0
47.28,0.0
47.32,0.0
47.36,0.0
47.4,0.0
47.44,0.0
47.480000000000004,0.0
47.52,0.0
47.56,0.0
47.6,0.0
47.64,0.0
47.68,0.0
47.72,0.0
47.76,0.0
47.800000000000004,0.0
47.84,0.0
47.88,0.0
47.92,0.0
47.96,0.0
48.0,0.0
48.04,0.0
48.08,0.0
48.120000000000005,0.0
48.160000000000004,0.0
48.2,0.0
48.24,0.0
48.28,0.0
48.32,0.0
48.36,0.0
48.4,0.0
48.44,0.0
48.480000000000004,0.0
48.52,0.0
48.56,-0.2
48.6,0.0
48.64,-0.2
48.68,0.0
48.72,0.0
48.76,0.0
48.800000000000004,0.0
48.84,0.0
48.88,0.0
48.92,0.0
48.96,0.0
49.0,0.0
49.04,0.0
49.08,0.0
49.120000000000005,0.0
49.160000000000004,0.0
49.2,0.0
49.24,0.0
49.28,0.0
49.32,0.0
49.36,0.0
49.4,0.0
49.44,0.0
49.480000000000004,0.0
49.52,0.0
49.56,0.0
49.6,0.0
49.64,0.0
49.68,0.0
49.72,0.0
49.76,0.0
49.800000000000004,0.0
49.84,0.0
49.88,0.0
49.92,0.0
49.96,0.0
50.0,0.0
50.04,0.0
50.08,0.0
50.120000000000005,0.0
50.160000000000004,0.0
50.2,0.0
50.24,0.0
50.28,0.0
50.32,0.0
50.36,0.0
50.4,0.0
50.44,0.0
50.480000000000004,0.0
50.52,0.0
50.56,0.0
50.6,0.0
50.64,0.0
50.68,0.0
50.72,0.0
50.76,0.0
50.800000000000004,0.0
50.84,0.0
50.88,0.0
50.92,0.0
50.96,0.0
51.0,0.0
51.04,0.0
51.08,0.0
51.120000000000005,0.0
51.160000000000004,0.0
51.2,0.0
51.24,0.0
51.28,0.0
51.32,0.0
51.36,0.0
51.4,0.0
51.44,0.0
51.480000000000004,0.0
51.52,0.0
51.56,0.0
51.6,0.0
51.64,0.0
51.68,0.0
51.72,0.0
51.76,0.0
51.800000000000004,0.0
51.84,0.0
51.88,0.0
51.92,0.0
51.96,0.0
52.0,0.0
52.04,0.0
52.08,0.0
52.120000000000005,0.0
52.160000000000004,0.0
52.2,0.0
52.24,0.0
52.28,0.0
52.32,0.0
52.36,0.0
52.4,0.0
52.44,0.0
52.480000000000004,0.0
52.52,0.0
52.56,0.0
52.6,0.0
52.64,0.0
52.68,0.0
52.72,0.0
52.76,-0.2
52.800000000000004,0.0
52.84,0.0
52.88,0.0
52.92,0.0
52.96,0.0
53.0,0.0
53.04,0.0
53.08,0.0
53.120000000000005,-0.2
53.160000000000004,0.0
53.2,0.0
53.24,0.0
53.28,0.0
53.32,0.0
53.36,0.0
53.4,0.0
53.44,0.0
53.480000000000004,0.0
53.52,0.0
53.56,0.0
53.6,0.0
53.64,0.0
53.68,0.0
53.72,0.0
53.76,0.0
53.800000000000004,0.0
53.84,0.0
53.88,0.0
53.92,0.0
53.96,0.0
54.0,0.0
54.04,0.0
54.08,0.0
54.120000000000005,0.0
54.160000000000004,0.0
54.2,0.0
54.24,0.0
54.28,0.0
54.32,0.0
54.36,0.0
54.4,0.0
54.44,0.0
54.480000000000004,0.0
54.52,0.0
54.56,0.0
54.6,0.0
54.64,0.0
54.68,0.0
54.72,0.0
54.76,0.0
54.800000000000004,0.0
54.84,0.0
54.88,0.0
54.92,0.0
54.96,0.0
55.0,0.0
55.04,0.0
55.08,0.0
55.120000000000005,0.0
55.160000000000004,0.0
55.2,0.0
55.24,0.0
55.28,0.0
55.32,0.0
55.36,0.0
55.4,0.0
55.44,0.0
55.480000000000004,0.0
55.52,0.0
55.56,0.0
55.6,0.0
55.64,0.0
55.68,0.0
55.72,0.0
55.76,0.0
55.800000000000004,0.0
55.84,0.0
55.88,0.0
55.92,0.0
55.96,0.0
56.0,0.0
56.04,0.0
56.08,0.0
56.120000000000005,0.0
56.160000000000004,0.0
56.2,0.0
56.24,0.0
56.28,0.0
56.32,0.0
56.36,0.0
56.4,0.0
56.44,0.0
56.480000000000004,0.0
56.52,0.0
56.56,0.0
56.6,0.0
56.64,0.0
56.68,0.0
56.72,0.0
56.76,0.0
56.800000000000004,0.0
56.84,0.0
56.88,0.0
56.92,0.0
56.96,0.0
57.0,0.0
57.04,0.0
57.08,0.0
57.120000000000005,0.0
57.160000000000004,0.0
57.2,0.0
57.24,0.0
57.28,0.0
57.32,0.0
57.36,0.0
57.4,0.0
57.44,0.0
57.480000000000004,-0.2
57.52,0.0
57.56,0.0
57.6,0.0
57.64,0.0
57.68,0.0
57.72,0.0
57.76,0.0
57.800000000000004,0.0
57.84,0.0
57.88,0.0
57.92,0.0
57.96,0.0
58.0,0.0
58.04,0.0
58.08,0.0
58.120000000000005,0.0
58.160000000000004,0.0
58.2,0.0
58.24,0.0
58.28,0.0
58.32,0.0
58.36,0.0
58.4,0.0
58.44,0.0
58.480000000000004,0.0
58.52,0.0
58.56,0.0
58.6,0.0
58.64,0.0
58.68,0.0
58.72,0.0
58.76,0.0
58.800000000000004,0.0
58.84,0.0
58.88,0.0
58.92,0.0
58.96,0.0
59.0,0.0
59.04,0.0
59.08,0.0
59.120000000000005,0.0
59.160000000000004,0.0
59.2,0.0
59.24,0.0
59.28,0.0
59.32,0.0
59.36,0.0
59.4,0.0
59.44,0.0
59.480000000000004,0.0
59.52,0.0
59.56,0.0
59.6,0.0
59.64,0.0
59.68,0.0
59.72,0.0
59.76,0.0
59.800000000000004,0.0
59.84,0.0
59.88,0.0
59.92,0.0
59.96,0.0
60.0,0.0
60.04,0.0
60.08,0.0
60.120000000000005,-0.2
60.160000000000004,0.0
60.2,0.0
60.24,0.0
60.28,0.0
60.32,0.0
60.36,0.0
60.4,0.0
60.44,0.0
60.480000000000004,0.0
60.52,0.0
60.56,0.0
60.6,0.0
60.64,0.0
60.68,0.0
60.72,0.0
60.76,0.0
60.800000000000004,0.0
60.84,0.0
60.88,0.0
60.92,0.0
60.96,0.0
61.0,0.0
61.04,0.0
61.08,0.0
61.120000000000005,0.0
61.160000000000004,0.0
61.2,0.0
61.24,0.0
61.28,0.0
61.32,0.0
61.36,0.0
61.4,0.0
61.44,0.0
61.480000000000004,0.0
61.52,0.0
61.56,0.0
61.6,0.0
61.64,0.0
61.68,0.0
61.72,0.0
61.76,0.0
61.800000000000004,0.0
61.84,0.0
61.88,0.0
61.92,0.0
61.96,0.0
62.0,0.0
62.04,0.0
62.08,0.0
62.120000000000005,0.0
62.160000000000004,0.0
62.2,0.0
62.24,0.0
62.28,0.0
62.32,0.0
62.36,0.0
62.4,0.0
62.440000000000005,0.0
62.480000000000004,0.0
62.52,0.0
62.56,-0.2
62.6,0.0
62.64,0.0
62.68,0.0
62.72,0.0
62.76,0.0
62.800000000000004,0.0
62.84,0.0
62.88,0.0
62.92,0.0
62.96,0.0
63.0,0.0
63.04,0.0
63.08,0.0
63.120000000000005,0.0
63.160000000000004,0.0
63.2,0.0
63.24,0.0
63.28,0.0
63.32,0.0
63.36,0.0
63.4,0.0
63.440000000000005,0.0
63.480000000000004,0.0
63.52,0.0
63.56,0.0
63.6,0.0
63.64,0.0
63.68,0.0
63.72,0.0
63.76,0.0
63.800000000000004,0.0
63.84,0.0
63.88,0.0
63.92,0.0
63.96,0.0
64.0,0.0
64.04,0.0
64.08,0.0
64.12,0.0
64.16,0.0
64.2,0.0
64.24,0.0
64.28,0.0
64.32000000000001,0.0
64.36,0.0
64.4,0.0
64.44,0.0
64.48,0.0
64.52,0.0
64.56,0.0
64.6,-0.2
64.64,0.0
64.68,0.0
64.72,0.0
64.76,0.0
64.8,0.0
64.84,0.0
64.88,0.0
64.92,0.0
64.96000000000001,0.0
65.0,0.0
65.04,0.0
65.08,0.0
65.12,0.0
65.16,0.0
65.2,0.0
65.24,0.0
65.28,0.0
65.32000000000001,0.0
65.36,0.0
65.4,0.0
65.44,0.0
65.48,0.0
65.52,-0.2
65.56,0.0
65.6,0.0
65.64,0.0
65.68,0.0
65.72,0.0
65.76,0.0
65.8,0.0
65.84,0.0
65.88,0.0
65.92,0.0
65.96000000000001,0.0
66.0,0.0
66.04,0.0
66.08,0.0
66.12,0.0
66.16,0.0
66.2,0.0
66.24,0.0
66.28,0.0
66.32000000000001,0.0
66.36,0.0
66.4,0.0
66.44,0.0
66.48,0.0
66.52,0.0
66.56,0.0
66.6,0.0
66.64,0.0
66.68,0.0
66.72,0.0
66.76,0.0
66.8,0.0
66.84,0.0
66.88,0.0
66.92,0.0
66.96000000000001,0.0
67.0,0.0
67.04,0.0
67.08,0.0
67.12,0.0
67.16,0.0
67.2,0.0
67.24,0.0
67.28,0.0
67.32000000000001,0.0
67.36,0.0
67.4,0.0
67.44,0.0
67.48,0.0
67.52,0.0
67.56,0.0
67.6,0.0
67.64,0.0
67.68,0.0
67.72,0.0
67.76,0.0
67.8,0.0
67.84,0.0
67.88,0.0
67.92,0.0
67.96000000000001,0.0
68.0,0.0
68.04,0.0
68.08,0.0
68.12,0.0
68.16,0.0
68.2,0.0
68.24,0.0
68.28,0.0
68.32000000000001,0.0
68.36,0.0
68.4,0.0
68.44,0.0
68.48,0.0
68.52,0.0
68.56,0.0
68.60000000000001,0.0
68.64,0.0
68.68,0.0
68.72,0.0
68.76,0.0
68.8,0.0
68.84,0.0
68.88,0.0
68.92,0.0
68.96000000000001,0.0
69.0,0.0
69.04,0.0
69.08,0.0
69.12,0.0
69.16,0.0
69.2,0.0
69.24,0.0
69.28,0.0
69.32000000000001,0.0
69.36,0.0
69.4,0.0
69.44,0.0
69.48,0.0
69.52,0.0
69.56,0.0
69.60000000000001,0.0
69.64,0.0
69.68,0.0
69.72,0.0
69.76,0.0
69.8,0.0
69.84,0.0
69.88,0.0
69.92,0.0
69.96000000000001,0.0
70.0,0.0
70.04,0.0
70.08,0.0
70.12,0.0
70.16,0.0
70.2,0.0
70.24,0.0
70.28,0.0
70.32000000000001,0.0
70.36,0.0
70.4,0.0
70.44,0.0
70.48,0.0
70.52,0.0
70.56,0.0
70.60000000000001,0.0
70.64,0.0
70.68,0.0
70.72,0.0
70.76,0.0
70.8,0.0
70.84,0.0
70.88,0.0
70.92,0.0
70.96000000000001,0.0
71.0,0.0
71.04,0.0
71.08,0.0
71.12,0.0
71.16,0.0
71.2,0.0
71.24,0.0
71.28,0.0
71.32000000000001,0.0
71.36,0.0
71.4,0.0
71.44,0.0
71.48,0.0
71.52,0.0
71.56,0.0
71.60000000000001,0.0
71.64,0.0
71.68,0.0
71.72,0.0
71.76,0.0
71.8,0.0
71.84,0.0
71.88,0.0
71.92,0.0
71.96000000000001,0.0
72.0,0.0
72.04,0.0
72.08,0.0
72.12,0.0
72.16,0.0
72.2,0.0
72.24,0.0
72.28,0.0
72.32000000000001,0.0
72.36,0.0
72.4,0.0
72.44,0.0
72.48,0.0
72.52,0.0
72.56,0.0
72.60000000000001,0.0
72.64,0.0
72.68,0.0
72.72,0.0
72.76,0.0
72.8,0.0
72.84,0.0
72.88,0.0
72.92,0.0
72.96000000000001,0.0
73.0,0.0
73.04,0.0
73.08,0.0
73.12,0.0
73.16,0.0
73.2,0.0
73.24,0.0
73.28,0.0
73.32000000000001,0.0
73.36,0.0
73.4,0.0
73.44,0.0
73.48,0.0
73.52,0.0
73.56,0.0
73.60000000000001,0.0
73.64,0.0
73.68,0.0
73.72,0.0
73.76,0.0
73.8,0.0
73.84,0.0
73.88,0.0
73.92,0.0
73.96000000000001,0.0
74.0,0.0
74.04,0.0
74.08,0.0
74.12,0.0
74.16,0.0
74.2,0.0
74.24,0.0
74.28,0.0
74.32000000000001,0.0
74.36,0.0
74.4,0.0
74.44,0.0
74.48,0.0
74.52,0.0
74.56,0.0
74.60000000000001,0.0
74.64,0.0
74.68,0.0
74.72,0.0
74.76,0.0
74.8,0.0
74.84,0.0
74.88,0.0
74.92,0.0
74.96000000000001,0.0
75.0,0.0
75.04,0.0
75.08,0.0
75.12,0.0
75.16,0.0
75.2,0.0
75.24,0.0
75.28,0.0
75.32000000000001,0.0
75.36,0.0
75.4,0.0
75.44,0.0
75.48,0.0
75.52,0.0
75.56,0.0
75.60000000000001,0.0
75.64,0.0
75.68,0.0
75.72,0.0
75.76,0.0
75.8,0.0
75.84,0.0
75.88,0.0
75.92,0.0
75.96000000000001,0.0
76.0,0.0
76.04,0.0
76.08,0.0
76.12,0.0
76.16,0.0
76.2,0.0
76.24,0.0
76.28,0.0
76.32000000000001,0.0
76.36,0.0
76.4,0.0
76.44,0.0
76.48,0.0
76.52,0.0
76.56,0.0
76.60000000000001,0.0
76.64,0.0
76.68,0.0
76.72,0.0
76.76,0.0
76.8,0.0
76.84,0.0
76.88,0.0
76.92,0.0
76.96000000000001,0.0
77.0,0.0
77.04,0.0
77.08,0.0
77.12,0.0
77.16,0.0
77.2,0.0
77.24,0.0
77.28,0.0
77.32000000000001,0.0
77.36,0.0
77.4,0.0
77.44,0.0
77.48,0.0
77.52,0.0
77.56,0.0
77.60000000000001,0.0
77.64,0.0
77.68,0.0
77.72,0.0
77.76,0.0
77.8,0.0
77.84,0.0
77.88,0.0
77.92,0.0
77.96000000000001,0.0
78.0,0.0
78.04,0.0
78.08,0.0
78.12,0.0
78.16,0.0
78.2,0.0
78.24,0.0
78.28,0.0
78.32000000000001,0.0
78.36,0.0
78.4,0.0
78.44,0.0
78.48,0.0
78.52,0.0
78.56,0.0
78.60000000000001,0.0
78.64,0.0
78.68,0.0
78.72,0.0
78.76,0.0
78.8,0.0
78.84,0.0
78.88,0.0
78.92,0.0
78.96000000000001,0.0
79.0,0.0
79.04,0.0
79.08,0.0
79.12,0.0
79.16,0.0
79.2,0.0
79.24,0.0
79.28,0.0
79.32000000000001,0.0
79.36,0.0
79.4,0.0
79.44,0.0
79.48,0.0
79.52,0.0
79.56,0.0
79.60000000000001,0.0
79.64,0.0
79.68,0.0
79.72,0.0
79.76,0.0
79.8,0.0
79.84,0.0
79.88,0.0
79.92,0.0
79.96000000000001,0.0
80.0,0.0
80.04,0.0
80.08,0.0
80.12,0.0
80.16,0.0
80.2,0.0
80.24,0.0
80.28,0.0
80.32000000000001,0.0
80.36,0.0
80.4,0.0
80.44,0.0
80.48,0.0
80.52,0.0
80.56,0.0
80.60000000000001,0.0
80.64,0.0
80.68,0.0
80.72,0.0
80.76,0.0
80.8,0.0
80.84,0.0
80.88,0.0
80.92,0.0
80.96000000000001,0.0
81.0,0.0
81.04,0.0
81.08,0.0
81.12,0.0
81.16,0.0
81.2,0.0
81.24,0.0
81.28,0.0
81.32000000000001,0.0
81.36,0.0
81.4,-0.2
81.44,0.0
81.48,0.0
81.52,0.0
81.56,0.0
81.60000000000001,0.0
81.64,0.0
81.68,0.0
81.72,0.0
81.76,0.0
81.8,0.0
81.84,0.0
81.88,0.0
81.92,0.0
81.96000000000001,0.0
82.0,0.0
82.04,0.0
82.08,0.0
82.12,0.0
82.16,0.0
82.2,0.0
82.24,0.0
82.28,0.0
82.32000000000001,0.0
82.36,0.0
82.4,0.0
82.44,0.0
82.48,0.0
82.52,0.0
82.56,0.0
82.60000000000001,0.0
82.64,0.0
82.68,0.0
82.72,0.0
82.76,0.0
82.8,0.0
82.84,0.0
82.88,0.0
82.92,0.0
82.96000000000001,0.0
83.0,0.0
83.04,0.0
83.08,0.0
83.12,0.0
83.16,0.0
83.2,0.0
83.24,0.0
83.28,0.0
83.32000000000001,0.0
83.36,0.0
83.4,0.0
83.44,0.0
83.48,0.0
83.52,0.0
83.56,0.0
83.60000000000001,0.0
83.64,0.0
83.68,0.0
83.72,-0.2
83.76,0.0
83.8,0.0
83.84,0.0
83.88,0.0
83.92,0.0
83.96000000000001,0.0
84.0,0.0
84.04,0.0
84.08,0.0
84.12,0.0
84.16,0.0
84.2,0.0
84.24,0.0
84.28,0.0
84.32000000000001,0.0
84.36,0.0
84.4,0.0
84.44,0.0
84.48,0.0
84.52,0.0
84.56,0.0
84.60000000000001,0.0
84.64,0.0
84.68,0.0
84.72,0.0
84.76,0.0
84.8,0.0
84.84,0.0
84.88,0.0
84.92,0.0
84.96000000000001,0.0
85.0,0.0
85.04,0.0
85.08,0.0
85.12,0.0
85.16,0.0
85.2,0.0
85.24,0.0
85.28,0.0
85.32000000000001,0.0
85.36,0.0
85.4,0.0
85.44,0.0
85.48,0.0
85.52,0.0
85.56,0.0
85.60000000000001,0.0
85.64,0.0
85.68,0.0
85.72,0.0
85.76,0.0
85.8,-0.2
85.84,0.0
85.88,0.0
85.92,0.0
85.96000000000001,0.0
86.0,0.0
86.04,0.0
86.08,0.0
86.12,0.0
86.16,0.0
86.2,0.0
86.24,0.0
86.28,0.0
86.32000000000001,0.0
86.36,0.0
86.4,0.0
86.44,0.0
86.48,0.0
86.52,0.0
86.56,0.0
86.60000000000001,0.0
86.64,0.0
86.68,0.0
86.72,0.0
86.76,0.0
86.8,0.0
86.84,0.0
86.88,0.0
86.92,0.0
86.96000000000001,0.0
87.0,0.0
87.04,0.0
87.08,0.0
87.12,0.0
87.16,0.0
87.2,0.0
87.24,0.0
87.28,0.0
87.32000000000001,0.0
87.36,0.0
87.4,0.0
87.44,0.0
87.48,0.0
87.52,0.0
87.56,0.0
87.60000000000001,0.0
87.64,0.0
87.68,0.0
87.72,0.0
87.76,0.0
87.8,0.0
87.84,0.0
87.88,0.0
87.92,0.0
87.96000000000001,0.0
88.0,0.0
88.04,0.0
88.08,0.0
88.12,0.0
88.16,0.0
88.2,0.0
88.24,0.0
88.28,0.0
88.32000000000001,0.0
88.36,0.0
88.4,0.0
88.44,0.0
88.48,0.0
88.52,0.0
88.56,0.0
88.60000000000001,-0.2
88.64,0.0
88.68,0.0
88.72,0.0
88.76,0.0
88.8,0.0
88.84,0.0
88.88,0.0
88.92,0.0
88.96000000000001,0.0
89.0,0.0
89.04,0.0
89.08,0.0
89.12,0.0
89.16,0.0
89.2,0.0
89.24,0.0
89.28,0.0
89.32000000000001,0.0
89.36,0.0
89.4,0.0
89.44,0.0
89.48,0.0
89.52,0.0
89.56,0.0
89.60000000000001,0.0
89.64,0.0
89.68,0.0
89.72,0.0
89.76,0.0
89.8,0.0
89.84,0.0
89.88,0.0
89.92,0.0
89.96000000000001,0.0
90.0,0.0
90.04,0.0
90.08,0.0
90.12,0.0
90.16,0.0
90.2,0.0
90.24,0.0
90.28,0.0
90.32000000000001,0.0
90.36,0.0
90.4,0.0
90.44,0.0
90.48,0.0
90.52,0.0
90.56,0.0
90.60000000000001,0.0
90.64,0.0
90.68,0.0
90.72,0.0
90.76,0.0
90.8,0.0
90.84,0.0
90.88,0.0
90.92,0.0
90.96000000000001,0.0
91.0,0.0
91.04,0.0
91.08,0.0
91.12,0.0
91.16,0.0
91.2,0.0
91.24,0.0
91.28,0.0
91.32000000000001,0.0
91.36,0.0
91.4,0.0
91.44,0.0
91.48,0.0
91.52,0.0
91.56,0.0
91.60000000000001,0.0
91.64,0.0
91.68,0.0
91.72,0.0
91.76,0.0
91.8,0.0
91.84,0.0
91.88,0.0
91.92,0.0
91.96000000000001,0.0
92.0,0.0
92.04,0.0
92.08,0.0
92.12,0.0
92.16,0.0
92.2,0.0
92.24,0.0
92.28,0.0
92.32000000000001,0.0
92.36,0.0
92.4,0.0
92.44,0.0
92.48,0.0
92.52,0.0
92.56,0.0
92.60000000000001,0.0
92.64,0.0
92.68,0.0
92.72,0.0
92.76,0.0
92.8,0.0
92.84,0.0
92.88,0.0
92.92,0.0
92.96000000000001,0.0
93.0,0.0
93.04,0.0
93.08,0.0
93.12,0.0
93.16,0.0
93.2,0.0
93.24,0.0
93.28,0.0
93.32000000000001,0.0
93.36,0.0
93.4,0.0
93.44,0.0
93.48,0.0
93.52,0.0
93.56,0.0
93.60000000000001,0.0
93.64,0.0
93.68,0.0
93.72,0.0
93.76,0.0
93.8,0.0
93.84,-0.2
93.88,0.0
93.92,0.0
93.96000000000001,0.0
94.0,0.0
94.04,0.0
94.08,0.0
94.12,0.0
94.16,0.0
94.2,0.0
94.24,0.0
94.28,0.0
94.32000000000001,0.0
94.36,0.0
94.4,0.0
94.44,0.0
94.48,0.0
94.52,0.0
94.56,0.0
94.60000000000001,0.0
94.64,0.0
94.68,0.0
94.72,0.0
94.76,0.0
94.8,0.0
94.84,0.0
94.88,0.0
94.92,0.0
94.96000000000001,0.0
95.0,0.0
95.04,0.0
95.08,0.0
95.12,0.0
95.16,0.0
95.2,0.0
95.24,0.0
95.28,0.0
95.32000000000001,0.0
95.36,0.0
95.4,0.0
95.44,0.0
95.48,0.0
95.52,0.0
95.56,0.0
95.60000000000001,0.0
95.64,0.0
95.68,0.0
95.72,0.0
95.76,0.0
95.8,0.0
95.84,0.0
95.88,0.0
95.92,0.0
95.96000000000001,0.0
96.0,0.0
96.04,0.0
96.08,0.0
96.12,0.0
96.16,0.0
96.2,0.0
96.24000000000001,0.0
96.28,0.0
96.32000000000001,0.0
96.36,0.0
96.4,0.0
96.44,0.0
96.48,0.0
96.52,0.0
96.56,0.0
96.60000000000001,0.0
96.64,0.0
96.68,0.0
96.72,0.0
96.76,0.0
96.8,0.0
96.84,0.0
96.88,0.0
96.92,0.0
96.96000000000001,0.0
97.0,0.0
97.04,0.0
97.08,0.0
97.12,0.0
97.16,0.0
97.2,0.0
97.24000000000001,0.0
97.28,0.0
97.32000000000001,0.0
97.36,0.0
97.4,0.0
97.44,0.0
97.48,0.0
97.52,0.0
97.56,0.0
97.60000000000001,0.0
97.64,0.0
97.68,0.0
97.72,0.0
97.76,0.0
97.8,0.0
97.84,0.0
97.88,0.0
97.92,0.0
97.96000000000001,0.0
98.0,0.0
98.04,0.0
98.08,0.0
98.12,0.0
98.16,0.0
98.2,0.0
98.24000000000001,0.0
98.28,0.0
98.32000000000001,0.0
98.36,0.0
98.4,0.0
98.44,0.0
98.48,0.0
98.52,0.0
98.56,0.0
98.60000000000001,0.0
98.64,0.0
98.68,0.0
98.72,0.0
98.76,0.0
98.8,0.0
98.84,0.0
98.88,0.0
98.92,0.0
98.96000000000001,0.0
99.0,0.0
99.04,0.0
99.08,0.0
99.12,0.0
99.16,0.0
99.2,0.0
99.24000000000001,0.0
99.28,-0.2
99.32000000000001,0.0
99.36,0.0
99.4,0.0
99.44,0.0
99.48,0.0
99.52,0.0
99.56,0.0
99.60000000000001,0.0
99.64,0.0
99.68,0.0
99.72,0.0
99.76,0.0
99.8,0.0
99.84,0.0
99.88,0.0
99.92,0.0
99.96000000000001,0.0
100.0,0.0
100.04,0.0
100.08,0.0
100.12,0.0
100.16,0.0
100.2,0.0
100.24000000000001,0.0
100.28,0.0
100.32000000000001,0.0
100.36,0.0
100.4,0.0
100.44,0.0
100.48,0.0
100.52,0.0
100.56,0.0
100.60000000000001,0.0
100.64,0.0
100.68,0.0
100.72,0.0
100.76,0.0
100.8,0.0
100.84,0.0
100.88,0.0
100.92,0.0
100.96000000000001,0.0
101.0,0.0
101.04,0.0
101.08,0.0
101.12,0.0
101.16,0.0
101.2,0.0
101.24000000000001,0.0
101.28,0.0
101.32000000000001,0.0
101.36,0.0
101.4,0.0
101.44,0.0
101.48,0.0
101.52,0.0
101.56,0.0
101.60000000000001,0.0
101.64,0.0
101.68,0.0
101.72,0.0
101.76,0.0
101.8,0.0
101.84,0.0
101.88,0.0
101.92,0.0
101.96000000000001,0.0
102.0,0.0
102.04,0.0
102.08,0.0
102.12,0.0
102.16,0.0
102.2,0.0
102.24000000000001,0.0
102.28,0.0
102.32000000000001,0.0
102.36,0.0
102.4,0.0
102.44,0.0
102.48,0.0
102.52,0.0
102.56,0.0
102.60000000000001,0.0
102.64,0.0
102.68,0.0
102.72,0.0
102.76,0.0
102.8,0.0
102.84,0.0
102.88,0.0
102.92,0.0
102.96000000000001,0.0
103.0,0.0
103.04,0.0
103.08,0.0
103.12,0.0
103.16,0.0
103.2,0.0
103.24000000000001,0.0
103.28,0.0
103.32000000000001,0.0
103.36,0.0
103.4,0.0
103.44,0.0
103.48,0.0
103.52,0.0
103.56,0.0
103.60000000000001,0.0
103.64,0.0
103.68,0.0
103.72,0.0
103.76,0.0
103.8,0.0
103.84,0.0
103.88,0.0
103.92,0.0
103.96000000000001,0.0
104.0,0.0
104.04,0.0
104.08,0.0
104.12,0.0
104.16,0.0
104.2,0.0
104.24000000000001,0.0
104.28,0.0
104.32000000000001,0.0
104.36,0.0
104.4,0.0
104.44,0.0
104.48,0.0
104.52,0.0
104.56,0.0
104.60000000000001,0.0
104.64,0.0
104.68,0.0
104.72,0.0
104.76,0.0
104.8,0.0
104.84,0.0
104.88,0.0
104.92,0.0
104.96000000000001,0.0
105.0,0.0
105.04,0.0
105.08,0.0
105.12,0.0
105.16,0.0
105.2,0.0
105.24000000000001,0.0
105.28,0.0
105.32000000000001,0.0
105.36,0.0
105.4,0.0
105.44,0.0
105.48,0.0
105.52,0.0
105.56,0.0
105.60000000000001,0.0
105.64,0.0
105.68,0.0
105.72,0.0
105.76,0.0
105.8,0.0
105.84,0.0
105.88,0.0
105.92,0.0
105.96000000000001,0.0
106.0,0.0
106.04,0.0
106.08,0.0
106.12,0.0
106.16,0.0
106.2,0.0
106.24000000000001,0.0
106.28,0.0
106.32000000000001,0.0
106.36,0.0
106.4,0.0
106.44,0.0
106.48,0.0
106.52,0.0
106.56,0.0
106.60000000000001,0.0
106.64,0.0
106.68,0.0
106.72,0.0
106.76,0.0
106.8,0.0
106.84,0.0
106.88,0.0
106.92,0.0
106.96000000000001,0.0
107.0,0.0
107.04,0.0
107.08,0.0
107.12,0.0
107.16,0.0
107.2,0.0
107.24000000000001,0.0
107.28,0.0
107.32000000000001,0.0
107.36,0.0
107.4,0.0
107.44,0.0
107.48,0.0
107.52,0.0
107.56,0.0
107.60000000000001,0.0
107.64,0.0
107.68,0.0
107.72,0.0
107.76,0.0
107.8,0.0
107.84,0.0
107.88,0.0
107.92,0.0
107.96000000000001,0.0
108.0,0.0
108.04,0.0
108.08,0.0
108.12,0.0
108.16,0.0
108.2,0.0
108.24000000000001,0.0
108.28,0.0
108.32000000000001,0.0
108.36,-0.2
108.4,0.0
108.44,0.0
108.48,0.0
108.52,0.0
108.56,0.0
108.60000000000001,0.0
108.64,0.0
108.68,0.0
108.72,0.0
108.76,0.0
108.8,0.0
108.84,0.0
108.88,0.0
108.92,0.0
108.96000000000001,0.0
109.0,0.0
109.04,0.0
109.08,0.0
109.12,0.0
109.16,0.0
109.2,0.0
109.24000000000001,0.0
109.28,0.0
109.32000000000001,0.0
109.36,0.0
109.4,0.0
109.44,0.0
109.48,0.0
109.52,0.0
109.56,0.0
109.60000000000001,0.0
109.64,0.0
109.68,0.0
109.72,0.0
109.76,0.0
109.8,0.0
109.84,0.0
109.88,0.0
109.92,0.0
109.96000000000001,0.0
110.0,0.0
110.04,0.0
110.08,0.0
110.12,0.0
110.16,0.0
110.2,0.0
110.24000000000001,0.0
110.28,0.0
110.32000000000001,0.0
110.36,0.0
110.4,0.0
110.44,0.0
110.48,0.0
110.52,0.0
110.56,0.0
110.60000000000001,0.0
110.64,0.0
110.68,0.0
110.72,0.0
110.76,0.0
110.8,0.0
110.84,0.0
110.88,0.0
110.92,0.0
110.96000000000001,0.0
111.0,0.0
111.04,0.0
111.08,0.0
111.12,0.0
111.16,0.0
111.2,0.0
111.24000000000001,0.0
111.28,0.0
111.32000000000001,0.0
111.36,0.0
111.4,0.0
111.44,-0.2
111.48,0.0
111.52,0.0
111.56,0.0
111.60000000000001,0.0
111.64,0.0
111.68,0.0
111.72,0.0
111.76,0.0
111.8,0.0
111.84,0.0
111.88,0.0
111.92,0.0
111.96000000000001,0.0
112.0,0.0
112.04,0.0
112.08,0.0
112.12,0.0
112.16,0.0
112.2,0.0
112.24000000000001,0.0
112.28,0.0
112.32000000000001,0.0
112.36,0.0
112.4,0.0
112.44,0.0
112.48,0.0
112.52,0.0
112.56,0.0
112.60000000000001,0.0
112.64,0.0
112.68,0.0
112.72,0.0
112.76,0.0
112.8,0.0
112.84,0.0
112.88,0.0
112.92,0.0
112.96000000000001,0.0
113.0,0.0
113.04,0.0
113.08,0.0
113.12,0.0
113.16,0.0
113.2,0.0
113.24000000000001,0.0
113.28,0.0
113.32000000000001,0.0
113.36,0.0
113.4,0.0
113.44,0.0
113.48,0.0
113.52,0.0
113.56,0.0
113.60000000000001,0.0
113.64,0.0
113.68,0.0
113.72,0.0
113.76,0.0
113.8,0.0
113.84,0.0
113.88,0.0
113.92,0.0
113.96000000000001,0.0
114.0,0.0
114.04,0.0
114.08,0.0
114.12,0.0
114.16,0.0
114.2,0.0
114.24000000000001,0.0
114.28,0.0
114.32000000000001,0.0
114.36,0.0
114.4,0.0
114.44,0.0
114.48,0.0
114.52,0.0
114.56,0.0
114.60000000000001,0.0
114.64,0.0
114.68,0.0
114.72,0.0
114.76,0.0
114.8,0.0
114.84,0.0
114.88,0.0
114.92,0.0
114.96000000000001,0.0
115.0,0.0
115.04,0.0
115.08,0.0
115.12,0.0
115.16,0.0
115.2,0.0
115.24000000000001,0.0
115.28,0.0
115.32000000000001,0.0
115.36,0.0
115.4,0.0
115.44,0.0
115.48,0.0
115.52,0.0
115.56,0.0
115.60000000000001,0.0
115.64,0.0
115.68,0.0
115.72,0.0
115.76,0.0
115.8,0.0
115.84,0.0
115.88,0.0
115.92,0.0
115.96000000000001,0.0
116.0,0.0
116.04,0.0
116.08,0.0
116.12,0.0
116.16,0.0
116.2,0.0
116.24000000000001,0.0
116.28,0.0
116.32000000000001,0.0
116.36,0.0
116.4,0.0
116.44,0.0
116.48,0.0
116.52,0.0
116.56,0.0
116.60000000000001,0.0
116.64,0.0
116.68,0.0
116.72,0.0
116.76,0.0
116.8,0.0
116.84,0.0
116.88,0.0
116.92,0.0
116.96000000000001,0.0
117.0,0.0
117.04,0.0
117.08,0.0
117.12,0.0
117.16,0.0
117.2,0.0
117.24000000000001,0.0
117.28,0.0
117.32000000000001,0.0
117.36,0.0
117.4,0.0
117.44,0.0
117.48,0.0
117.52,0.0
117.56,0.0
117.60000000000001,0.0
117.64,0.0
117.68,0.0
117.72,0.0
117.76,0.0
117.8,0.0
117.84,0.0
117.88,0.0
117.92,0.0
117.96000000000001,0.0
118.0,0.0
118.04,0.0
118.08,0.0
118.12,0.0
118.16,0.0
118.2,0.0
118.24000000000001,0.0
118.28,0.0
118.32000000000001,0.0
118.36,0.0
118.4,0.0
118.44,0.0
118.48,0.0
118.52,0.0
118.56,0.0
118.60000000000001,0.0
118.64,0.0
118.68,0.0
118.72,0.0
118.76,0.0
118.8,0.0
118.84,0.0
118.88,0.0
118.92,0.0
118.96000000000001,0.0
119.0,0.0
119.04,0.0
119.08,0.0
119.12,0.0
119.16,0.0
119.2,0.0
119.24000000000001,0.0
119.28,0.0
119.32000000000001,0.0
119.36,0.0
119.4,0.0
119.44,0.0
119.48,0.0
119.52,0.0
119.56,0.0
119.60000000000001,0.0
119.64,0.0
119.68,0.0
119.72,0.0
119.76,0.0
119.8,0.0
119.84,0.0
119.88,0.0
119.92,0.0
119.96000000000001,0.0
120.0,0.0
120.04,0.0
120.08,0.0
120.12,0.0
120.16,0.0
120.2,0.0
120.24000000000001,0.0
120.28,0.0
120.32000000000001,0.0
120.36,0.0
120.4,0.0
120.44,0.0
120.48,0.0
120.52,0.0
120.56,0.0
120.60000000000001,0.0
120.64,0.0
120.68,0.0
120.72,0.0
120.76,0.0
120.8,0.0
120.84,0.0
120.88,0.0
120.92,0.0
120.96000000000001,0.0
121.0,0.0
121.04,0.0
121.08,0.0
121.12,0.0
121.16,0.0
121.2,0.0
121.24000000000001,0.0
121.28,0.0
121.32000000000001,0.0
121.36,0.0
121.4,0.0
121.44,0.0
121.48,0.0
121.52,0.0
121.56,0.0
121.60000000000001,0.0
121.64,0.0
121.68,0.0
121.72,0.0
121.76,0.0
121.8,0.0
121.84,0.0
121.88,0.0
121.92,0.0
121.96000000000001,0.0
122.0,0.0
122.04,0.0
122.08,0.0
122.12,0.0
122.16,0.0
122.2,0.0
122.24000000000001,0.0
122.28,0.0
122.32000000000001,0.0
122.36,0.0
122.4,0.0
122.44,0.0
122.48,0.0
122.52,0.0
122.56,0.0
122.60000000000001,0.0
122.64,0.0
122.68,0.0
122.72,0.0
122.76,0.0
122.8,0.0
122.84,0.0
122.88,0.0
122.92,0.0
122.96000000000001,0.0
123.0,0.0
123.04,0.0
123.08,0.0
123.12,0.0
123.16,0.0
123.2,0.0
123.24000000000001,0.0
123.28,0.0
123.32000000000001,0.0
123.36,0.0
123.4,0.0
123.44,0.0
123.48,0.0
123.52,0.0
123.56,0.0
123.60000000000001,0.0
123.64,0.0
123.68,0.0
123.72,0.0
123.76,0.0
123.8,0.0
123.84,0.0
123.88000000000001,0.0
123.92,0.0
123.96000000000001,0.0
124.0,0.0
124.04,0.0
124.08,0.0
124.12,0.0
124.16,0.0
124.2,0.0
124.24000000000001,0.0
124.28,0.0
124.32000000000001,0.0
124.36,0.0
124.4,0.0
124.44,0.0
124.48,0.0
124.52,0.0
124.56,0.0
124.60000000000001,0.0
124.64,0.0
124.68,0.0
124.72,0.0
124.76,0.0
124.8,0.0
124.84,0.0
124.88000000000001,0.0
124.92,0.0
124.96000000000001,0.0
125.0,0.0
125.04,0.0
125.08,0.0
125.12,0.0
125.16,0.0
125.2,0.0
125.24000000000001,0.0
125.28,0.0
125.32000000000001,0.0
125.36,0.0
125.4,0.0
125.44,0.0
125.48,0.0
125.52,0.0
125.56,0.0
125.60000000000001,0.0
125.64,0.0
125.68,0.0
125.72,0.0
125.76,0.0
125.8,0.0
125.84,0.0
125.88000000000001,0.0
125.92,0.0
125.96000000000001,0.0
126.0,0.0
126.04,0.0
126.08,-0.2
126.12,0.0
126.16,0.0
126.2,0.0
126.24000000000001,0.0
126.28,0.0
126.32000000000001,0.0
126.36,0.0
126.4,0.0
126.44,0.0
126.48,0.0
126.52,0.0
126.56,0.0
126.60000000000001,0.0
126.64,0.0
126.68,0.0
126.72,0.0
126.76,0.0
126.8,0.0
126.84,0.0
126.88000000000001,0.0
126.92,0.0
126.96000000000001,0.0
127.0,0.0
127.04,0.0
127.08,0.0
127.12,0.0
127.16,0.0
127.2,0.0
127.24000000000001,0.0
127.28,0.0
127.32000000000001,0.0
127.36,0.0
127.4,0.0
127.44,0.0
127.48,0.0
127.52,0.0
127.56,-0.2
127.60000000000001,0.0
127.64,0.0
127.68,0.0
127.72,0.0
127.76,0.0
127.8,0.0
127.84,0.0
127.88000000000001,0.0
127.92,0.0
127.96000000000001,0.0
128.0,0.0
128.04,0.0
128.08,0.0
128.12,0.0
128.16,0.0
128.2,0.0
128.24,0.0
128.28,0.0
128.32,0.0
128.36,0.0
128.4,0.0
128.44,0.0
128.48,0.0
128.52,0.0
128.56,0.0
128.6,0.0
128.64000000000001,0.0
128.68,0.0
128.72,0.0
128.76,0.0
128.8,0.0
128.84,-0.2
128.88,0.0
128.92000000000002,0.0
128.96,0.0
129.0,0.0
129.04,0.0
129.08,0.0
129.12,0.0
129.16,0.0
129.2,0.0
129.24,0.0
129.28,0.0
129.32,0.0
129.36,0.0
129.4,0.0
129.44,0.0
129.48,0.0
129.52,0.0
129.56,0.0
129.6,0.0
129.64000000000001,0.0
129.68,0.0
129.72,0.0
129.76,0.0
129.8,0.0
129.84,0.0
129.88,0.0
129.92000000000002,0.0
129.96,0.0
130.0,0.0
130.04,0.0
130.08,0.0
130.12,0.0
130.16,0.0
130.2,0.0
130.24,0.0
130.28,0.0
130.32,0.0
130.36,0.0
130.4,0.0
130.44,0.0
130.48,0.0
130.52,0.0
130.56,0.0
130.6,0.0
130.64000000000001,0.0
130.68,0.0
130.72,0.0
130.76,0.0
130.8,0.0
130.84,0.0
130.88,0.0
130.92000000000002,0.0
130.96,0.0
131.0,0.0
131.04,0.0
131.08,0.0
131.12,0.0
131.16,0.0
131.2,0.0
131.24,0.0
131.28,0.0
131.32,0.0
131.36,0.0
131.4,0.0
131.44,0.0
131.48,0.0
131.52,0.0
131.56,0.0
131.6,0.0
131.64000000000001,0.0
131.68,0.0
131.72,0.0
131.76,-0.2
131.8,0.0
131.84,0.0
131.88,0.0
131.92000000000002,0.0
131.96,0.0
132.0,0.0
132.04,0.0
132.08,0.0
132.12,0.0
132.16,0.0
132.2,0.0
132.24,0.0
132.28,0.0
132.32,0.0
132.36,0.0
132.4,0.0
132.44,0.0
132.48,0.0
132.52,0.0
132.56,0.0
132.6,0.0
132.64000000000001,0.0
132.68,0.0
132.72,0.0
132.76,0.0
132.8,0.0
132.84,0.0
132.88,0.0
132.92000000000002,0.0
132.96,0.0
133.0,0.0
133.04,0.0
133.08,0.0
133.12,0.0
133.16,0.0
133.2,0.0
133.24,0.0
133.28,0.0
133.32,0.0
133.36,0.0
133.4,0.0
133.44,0.0
133.48,0.0
133.52,0.0
133.56,0.0
133.6,0.0
133.64000000000001,0.0
133.68,0.0
133.72,0.0
133.76,0.0
133.8,0.0
133.84,0.0
133.88,0.0
133.92000000000002,0.0
133.96,-0.2
134.0,0.0
134.04,0.0
134.08,0.0
134.12,0.0
134.16,0.0
134.2,0.0
134.24,0.0
134.28,0.0
134.32,0.0
134.36,0.0
134.4,0.0
134.44,0.0
134.48,0.0
134.52,0.0
134.56,0.0
134.6,0.0
134.64000000000001,0.0
134.68,0.0
134.72,0.0
134.76,0.0
134.8,0.0
134.84,0.0
134.88,0.0
134.92000000000002,0.0
134.96,0.0
135.0,0.0
135.04,0.0
135.08,0.0
135.12,0.0
135.16,0.0
135.2,0.0
135.24,0.0
135.28,0.0
135.32,0.0
135.36,0.0
135.4,0.0
135.44,0.0
135.48,0.0
135.52,0.0
135.56,0.0
135.6,0.0
135.64000000000001,0.0
135.68,0.0
135.72,0.0
135.76,0.0
135.8,0.0
135.84,0.0
135.88,0.0
135.92000000000002,0.0
135.96,0.0
136.0,0.0
136.04,0.0
136.08,0.0
136.12,0.0
136.16,0.0
136.2,0.0
136.24,0.0
136.28,0.0
136.32,0.0
136.36,0.0
136.4,0.0
136.44,0.0
136.48,0.0
136.52,0.0
136.56,0.0
136.6,0.0
136.64000000000001,0.0
136.68,0.0
136.72,0.0
136.76,0.0
136.8,0.0
136.84,0.0
136.88,0.0
136.92000000000002,0.0
136.96,0.0
137.0,0.0
137.04,0.0
137.08,0.0
137.12,0.0
137.16,0.0
137.20000000000002,0.0
137.24,0.0
137.28,0.0
137.32,0.0
137.36,0.0
137.4,0.0
137.44,0.0
137.48,0.0
137.52,0.0
137.56,0.0
137.6,0.0
137.64000000000001,0.0
137.68,0.0
137.72,0.0
137.76,0.0
137.8,0.0
137.84,0.0
137.88,0.0
137.92000000000002,0.0
137.96,0.0
138.0,0.0
138.04,0.0
138.08,0.0
138.12,0.0
138.16,0.0
138.20000000000002,0.0
138.24,0.0
138.28,0.0
138.32,0.0
138.36,0.0
138.4,0.0
138.44,0.0
138.48,0.0
138.52,0.0
138.56,0.0
138.6,0.0
138.64000000000001,0.0
138.68,0.0
138.72,0.0
138.76,0.0
138.8,0.0
138.84,0.0
138.88,0.0
138.92000000000002,0.0
138.96,0.0
139.0,0.0
139.04,0.0
139.08,0.0
139.12,0.0
139.16,0.0
139.20000000000002,0.0
139.24,0.0
139.28,0.0
139.32,0.0
139.36,0.0
139.4,0.0
139.44,0.0
139.48,0.0
139.52,0.0
139.56,0.0
139.6,0.0
139.64000000000001,0.0
139.68,0.0
139.72,0.0
139.76,0.0
139.8,0.0
139.84,0.0
139.88,0.0
139.92000000000002,0.0
139.96,0.0
140.0,0.0
140.04,0.0
140.08,0.0
140.12,0.0
140.16,0.0
140.20000000000002,0.0
140.24,0.0
140.28,0.0
140.32,0.0
140.36,0.0
140.4,0.0
140.44,0.0
140.48,0.0
140.52,0.0
140.56,0.0
140.6,0.0
140.64000000000001,0.0
140.68,0.0
140.72,0.0
140.76,0.0
140.8,0.0
140.84,0.0
140.88,0.0
140.92000000000002,0.0
140.96,0.0
141.0,0.0
141.04,0.0
141.08,0.0
141.12,0.0
141.16,0.0
141.20000000000002,0.0
141.24,0.0
141.28,0.0
141.32,0.0
141.36,0.0
141.4,0.0
141.44,0.0
141.48,0.0
141.52,0.0
141.56,0.0
141.6,0.0
141.64000000000001,0.0
141.68,0.0
141.72,0.0
141.76,0.0
141.8,0.0
141.84,0.0
141.88,0.0
141.92000000000002,0.0
141.96,0.0
142.0,0.0
142.04,0.0
142.08,0.0
142.12,0.0
142.16,0.0
142.20000000000002,0.0
142.24,0.0
142.28,0.0
142.32,0.0
142.36,0.0
142.4,0.0
142.44,0.0
142.48,0.0
142.52,0.0
142.56,0.0
142.6,0.0
142.64000000000001,0.0
142.68,0.0
142.72,0.0
142.76,0.0
142.8,0.0
142.84,0.0
142.88,0.0
142.92000000000002,0.0
142.96,0.0
143.0,0.0
143.04,0.0
143.08,0.0
143.12,0.0
143.16,0.0
143.20000000000002,0.0
143.24,0.0
143.28,0.0
143.32,0.0
143.36,0.0
143.4,0.0
143.44,0.0
143.48,0.0
143.52,0.0
143.56,0.0
143.6,0.0
143.64000000000001,0.0
143.68,0.0
143.72,0.0
143.76,0.0
143.8,-0.2
143.84,0.0
143.88,0.0
143.92000000000002,0.0
143.96,0.0
144.0,0.0
144.04,0.0
144.08,0.0
144.12,-0.2
144.16,0.0
144.20000000000002,0.0
144.24,0.0
144.28,0.0
144.32,0.0
144.36,0.0
144.4,0.0
144.44,0.0
144.48,0.0
144.52,0.0
144.56,0.0
144.6,0.0
144.64000000000001,0.0
144.68,0.0
144.72,0.0
144.76,0.0
144.8,0.0
144.84,0.0
144.88,0.0
144.92000000000002,0.0
144.96,0.0
145.0,0.0
145.04,0.0
145.08,0.0
145.12,0.0
145.16,0.0
145.20000000000002,0.0
145.24,0.0
145.28,0.0
145.32,0.0
145.36,0.0
145.4,0.0
145.44,0.0
145.48,0.0
145.52,0.0
145.56,0.0
145.6,0.0
145.64000000000001,0.0
145.68,0.0
145.72,0.0
145.76,0.0
145.8,0.0
145.84,0.0
145.88,0.0
145.92000000000002,0.0
145.96,0.0
146.0,0.0
146.04,0.0
146.08,0.0
146.12,0.0
146.16,0.0
146.20000000000002,0.0
146.24,0.0
146.28,0.0
146.32,0.0
146.36,0.0
146.4,0.0
146.44,0.0
146.48,0.0
146.52,0.0
146.56,0.0
146.6,0.0
146.64000000000001,0.0
146.68,0.0
146.72,0.0
146.76,0.0
146.8,0.0
146.84,0.0
146.88,0.0
146.92000000000002,0.0
146.96,0.0
147.0,0.0
147.04,0.0
147.08,0.0
147.12,0.0
147.16,0.0
147.20000000000002,0.0
147.24,0.0
147.28,0.0
147.32,0.0
147.36,0.0
147.4,0.0
147.44,0.0
147.48,0.0
147.52,0.0
147.56,0.0
147.6,0.0
147.64000000000001,0.0
147.68,0.0
147.72,0.0
147.76,0.0
147.8,0.0
147.84,0.0
147.88,0.0
147.92000000000002,0.0
147.96,0.0
148.0,0.0
148.04,0.0
148.08,0.0
148.12,0.0
148.16,0.0
148.20000000000002,0.0
148.24,0.0
148.28,0.0
148.32,0.0
148.36,0.0
148.4,0.0
148.44,0.0
148.48,0.0
148.52,0.0
148.56,0.0
148.6,0.0
148.64000000000001,0.0
148.68,0.0
148.72,0.0
148.76,0.0
148.8,0.0
148.84,0.0
148.88,0.0
148.92000000000002,0.0
148.96,0.0
149.0,0.0
149.04,0.0
149.08,0.0
149.12,0.0
149.16,0.0
149.20000000000002,0.0
149.24,0.0
149.28,0.0
149.32,0.0
149.36,0.0
149.4,0.0
149.44,0.0
149.48,0.0
149.52,0.0
149.56,0.0
149.6,0.0
149.64000000000001,0.0
149.68,0.0
149.72,0.0
149.76,0.0
149.8,0.0
149.84,0.0
149.88,-0.2
149.92000000000002,0.0
149.96,0.0
150.0,0.0
150.04,0.0
150.08,0.0
150.12,0.0
150.16,0.0
150.20000000000002,0.0
150.24,0.0
150.28,0.0
150.32,0.0
150.36,0.0
150.4,0.0
150.44,0.0
150.48,0.0
150.52,0.0
150.56,0.0
150.6,0.0
150.64000000000001,0.0
150.68,0.0
150.72,0.0
150.76,0.0
150.8,0.0
150.84,0.0
150.88,0.0
150.92000000000002,0.0
150.96,0.0
151.0,0.0
151.04,0.0
151.08,0.0
151.12,0.0
151.16,0.0
151.20000000000002,0.0
151.24,0.0
151.28,0.0
151.32,0.0
151.36,0.0
151.4,0.0
151.44,0.0
151.48,0.0
151.52,0.0
151.56,0.0
151.6,0.0
151.64000000000001,0.0
151.68,0.0
151.72,0.0
151.76,0.0
151.8,0.0
151.84,0.0
151.88,0.0
151.92000000000002,0.0
151.96,0.0
152.0,0.0
152.04,0.0
152.08,0.0
152.12,0.0
152.16,0.0
152.20000000000002,0.0
152.24,0.0
152.28,0.0
152.32,0.0
152.36,0.0
152.4,0.0
152.44,0.0
152.48,0.0
152.52,0.0
152.56,0.0
152.6,0.0
152.64000000000001,0.0
152.68,0.0
152.72,0.0
152.76,0.0
152.8,0.0
152.84,0.0
152.88,0.0
152.92000000000002,0.0
152.96,0.0
153.0,0.0
153.04,0.0
153.08,0.0
153.12,0.0
153.16,0.0
153.20000000000002,0.0
153.24,0.0
153.28,0.0
153.32,0.0
153.36,0.0
153.4,0.0
153.44,0.0
153.48,0.0
153.52,0.0
153.56,0.0
153.6,0.0
153.64000000000001,0.0
153.68,0.0
153.72,0.0
153.76,0.0
153.8,0.0
153.84,0.0
153.88,0.0
153.92000000000002,0.0
153.96,0.0
154.0,0.0
154.04,0.0
154.08,0.0
154.12,0.0
154.16,0.0
154.20000000000002,0.0
154.24,0.0
154.28,0.0
154.32,0.0
154.36,0.0
154.4,0.0
154.44,0.0
154.48,0.0
154.52,0.0
154.56,0.0
154.6,0.0
154.64000000000001,0.0
154.68,0.0
154.72,0.0
154.76,0.0
154.8,0.0
154.84,0.0
154.88,0.0
154.92000000000002,0.0
154.96,0.0
155.0,0.0
155.04,0.0
155.08,0.0
155.12,0.0
155.16,0.0
155.20000000000002,0.0
155.24,0.0
155.28,0.0
155.32,0.0
155.36,0.0
155.4,0.0
155.44,0.0
155.48,0.0
155.52,0.0
155.56,0.0
155.6,0.0
155.64000000000001,0.0
155.68,0.0
155.72,0.0
155.76,0.0
155.8,0.0
155.84,0.0
155.88,0.0
155.92000000000002,0.0
155.96,0.0
156.0,0.0
156.04,0.0
156.08,0.0
156.12,0.0
156.16,0.0
156.20000000000002,0.0
156.24,0.0
156.28,0.0
156.32,0.0
156.36,0.0
156.4,0.0
156.44,0.0
156.48,0.0
156.52,0.0
156.56,0.0
156.6,0.0
156.64000000000001,0.0
156.68,0.0
156.72,0.0
156.76,0.0
156.8,0.0
156.84,0.0
156.88,0.0
156.92000000000002,0.0
156.96,0.0
157.0,0.0
157.04,0.0
157.08,0.0
157.12,0.0
157.16,0.0
157.20000000000002,0.0
157.24,0.0
157.28,0.0
157.32,0.0
157.36,0.0
157.4,0.0
157.44,0.0
157.48,0.0
157.52,0.0
157.56,0.0
157.6,0.0
157.64000000000001,0.0
157.68,0.0
157.72,0.0
157.76,0.0
157.8,0.0
157.84,0.0
157.88,0.0
157.92000000000002,0.0
157.96,0.0
158.0,0.0
158.04,0.0
158.08,0.0
158.12,0.0
158.16,0.0
158.20000000000002,0.0
158.24,0.0
158.28,0.0
158.32,0.0
158.36,0.0
158.4,0.0
158.44,0.0
158.48,0.0
158.52,0.0
158.56,0.0
158.6,0.0
158.64000000000001,0.0
158.68,0.0
158.72,0.0
158.76,0.0
158.8,0.0
158.84,0.0
158.88,0.0
158.92000000000002,0.0
158.96,0.0
159.0,0.0
159.04,0.0
159.08,0.0
159.12,0.0
159.16,0.0
159.20000000000002,0.0
159.24,0.0
159.28,0.0
159.32,0.0
159.36,0.0
159.4,0.0
159.44,0.0
159.48,0.0
159.52,0.0
159.56,0.0
159.6,0.0
159.64000000000001,0.0
159.68,0.0
159.72,0.0
159.76,0.0
159.8,0.0
159.84,0.0
159.88,0.0
159.92000000000002,0.0
159.96,0.0
160.0,0.0
160.04,0.0
160.08,0.0
160.12,0.0
160.16,0.0
160.20000000000002,0.0
160.24,0.0
160.28,0.0
160.32,0.0
160.36,0.0
160.4,0.0
160.44,0.0
160.48,0.0
160.52,0.0
160.56,0.0
160.6,0.0
160.64000000000001,0.0
160.68,0.0
160.72,0.0
160.76,0.0
160.8,0.0
160.84,0.0
160.88,0.0
160.92000000000002,0.0
160.96,0.0
161.0,0.0
161.04,0.0
161.08,0.0
161.12,0.0
161.16,0.0
161.20000000000002,0.0
161.24,0.0
161.28,0.0
161.32,0.0
161.36,0.0
161.4,0.0
161.44,0.0
161.48,0.0
161.52,0.0
161.56,0.0
161.6,0.0
161.64000000000001,0.0
161.68,0.0
161.72,0.0
161.76,0.0
161.8,0.0
161.84,0.0
161.88,0.0
161.92000000000002,0.0
161.96,0.0
162.0,0.0
162.04,0.0
162.08,0.0
162.12,0.0
162.16,0.0
162.20000000000002,0.0
162.24,0.0
162.28,0.0
162.32,0.0
162.36,0.0
162.4,0.0
162.44,0.0
162.48,0.0
162.52,0.0
162.56,0.0
162.6,0.0
162.64000000000001,0.0
162.68,0.0
162.72,0.0
162.76,0.0
162.8,0.0
162.84,0.0
162.88,0.0
162.92000000000002,0.0
162.96,0.0
163.0,0.0
163.04,0.0
163.08,0.0
163.12,0.0
163.16,0.0
163.20000000000002,-0.2
163.24,0.0
163.28,0.0
163.32,0.0
163.36,0.0
163.4,0.0
163.44,0.0
163.48,0.0
163.52,0.0
163.56,0.0
163.6,0.0
163.64000000000001,0.0
163.68,0.0
163.72,0.0
163.76,0.0
163.8,0.0
163.84,0.0
163.88,0.0
163.92000000000002,0.0
163.96,0.0
164.0,0.0
164.04,0.0
164.08,0.0
164.12,0.0
164.16,0.0
164.20000000000002,0.0
164.24,0.0
164.28,0.0
164.32,0.0
164.36,0.0
164.4,0.0
164.44,0.0
164.48,0.0
164.52,0.0
164.56,0.0
164.6,0.0
164.64000000000001,0.0
164.68,0.0
164.72,0.0
164.76,0.0
164.8,0.0
164.84,0.0
164.88,0.0
164.92000000000002,0.0
164.96,0.0
165.0,0.0
165.04,0.0
165.08,0.0
165.12,0.0
165.16,0.0
165.20000000000002,0.0
165.24,0.0
165.28,0.0
165.32,0.0
165.36,0.0
165.4,0.0
165.44,0.0
165.48,0.0
165.52,0.0
165.56,0.0
165.6,0.0
165.64000000000001,0.0
165.68,0.0
165.72,0.0
165.76,0.0
165.8,0.0
165.84,0.0
165.88,0.0
165.92000000000002,0.0
165.96,0.0
166.0,0.0
166.04,0.0
166.08,0.0
166.12,0.0
166.16,0.0
166.20000000000002,0.0
166.24,-0.2
166.28,0.0
166.32,0.0
166.36,0.0
166.4,0.0
166.44,0.0
166.48,0.0
166.52,0.0
166.56,0.0
166.6,0.0
166.64000000000001,0.0
166.68,0.0
166.72,0.0
166.76,0.0
166.8,0.0
166.84,0.0
166.88,0.0
166.92000000000002,0.0
166.96,0.0
167.0,0.0
167.04,0.0
167.08,0.0
167.12,0.0
167.16,-0.2
167.20000000000002,0.0
167.24,0.0
167.28,0.0
167.32,0.0
167.36,0.0
167.4,0.0
167.44,0.0
167.48,0.0
167.52,0.0
167.56,-0.2
167.6,0.0
167.64000000000001,0.0
167.68,0.0
167.72,0.0
167.76,0.0
167.8,0.0
167.84,0.0
167.88,0.0
167.92000000000002,0.0
167.96,-0.2
168.0,0.0
168.04,0.0
168.08,0.0
168.12,0.0
168.16,0.0
168.20000000000002,0.0
168.24,0.0
168.28,0.0
168.32,0.0
168.36,0.0
168.4,0.0
168.44,0.0
168.48,0.0
168.52,0.0
168.56,0.0
168.6,0.0
168.64000000000001,0.0
168.68,0.0
168.72,0.0
168.76,0.0
168.8,0.0
168.84,0.0
168.88,0.0
168.92000000000002,0.0
168.96,0.0
169.0,0.0
169.04,0.0
169.08,0.0
169.12,0.0
169.16,0.0
169.20000000000002,0.0
169.24,0.0
169.28,0.0
169.32,0.0
169.36,0.0
169.4,0.0
169.44,0.0
169.48,0.0
169.52,0.0
169.56,0.0
169.6,0.0
169.64000000000001,0.0
169.68,0.0
169.72,0.0
169.76,0.0
169.8,0.0
169.84,0.0
169.88,0.0
169.92000000000002,0.0
169.96,-0.2
170.0,0.0
170.04,0.0
170.08,0.0
170.12,0.0
170.16,0.0
170.20000000000002,0.0
170.24,0.0
170.28,0.0
170.32,0.0
170.36,0.0
170.4,0.0
170.44,0.0
170.48,0.0
170.52,0.0
170.56,-0.2
170.6,0.0
170.64000000000001,0.0
170.68,0.0
170.72,0.0
170.76,0.0
170.8,0.0
170.84,0.0
170.88,0.0
170.92000000000002,0.0
170.96,0.0
171.0,0.0
171.04,0.0
171.08,0.0
171.12,0.0
171.16,0.0
171.20000000000002,0.0
171.24,0.0
171.28,0.0
171.32,0.0
171.36,0.0
171.4,0.0
171.44,0.0
171.48,0.0
171.52,0.0
171.56,0.0
171.6,0.0
171.64000000000001,0.0
171.68,0.0
171.72,0.0
171.76,0.0
171.8,0.0
171.84,0.0
171.88,0.0
171.92000000000002,0.0
171.96,0.0
172.0,0.0
172.04,0.0
172.08,0.0
172.12,0.0
172.16,0.0
172.20000000000002,0.0
172.24,0.0
172.28,0.0
172.32,0.0
172.36,0.0
172.4,0.0
172.44,0.0
172.48,0.0
172.52,0.0
172.56,0.0
172.6,0.0
172.64000000000001,0.0
172.68,0.0
172.72,0.0
172.76,0.0
172.8,0.0
172.84,0.0
172.88,0.0
172.92000000000002,0.0
172.96,0.0
173.0,0.0
173.04,-0.2
173.08,0.0
173.12,0.0
173.16,0.0
173.20000000000002,0.0
173.24,0.0
173.28,0.0
173.32,0.0
173.36,0.0
173.4,0.0
173.44,0.0
173.48,0.0
173.52,0.0
173.56,0.0
173.6,-0.2
173.64000000000001,0.0
173.68,0.0
173.72,0.0
173.76,0.0
173.8,0.0
173.84,0.0
173.88,0.0
173.92000000000002,0.0
173.96,0.0
174.0,0.0
174.04,0.0
174.08,-0.2
174.12,0.0
174.16,0.0
174.20000000000002,0.0
174.24,0.0
174.28,0.0
174.32,0.0
174.36,0.0
174.4,0.0
174.44,0.0
174.48,0.0
174.52,0.0
174.56,0.0
174.6,0.0
174.64000000000001,0.0
174.68,0.0
174.72,0.0
174.76,0.0
174.8,0.0
174.84,0.0
174.88,0.0
174.92000000000002,0.0
174.96,0.0
175.0,0.0
175.04,0.0
175.08,0.0
175.12,0.0
175.16,0.0
175.20000000000002,0.0
175.24,0.0
175.28,0.0
175.32,-0.2
175.36,0.0
175.4,0.0
175.44,0.0
175.48,0.0
175.52,0.0
175.56,0.0
175.6,0.0
175.64000000000001,0.0
175.68,0.0
175.72,0.0
175.76,0.0
175.8,0.0
175.84,0.0
175.88,0.0
175.92000000000002,0.0
175.96,0.0
176.0,0.0
176.04,0.0
176.08,0.0
176.12,0.0
176.16,0.0
176.20000000000002,0.0
176.24,0.0
176.28,0.0
176.32,0.0
176.36,0.0
176.4,0.0
176.44,0.0
176.48,0.0
176.52,0.0
176.56,0.0
176.6,0.0
176.64000000000001,0.0
176.68,0.0
176.72,0.0
176.76,0.0
176.8,0.0
176.84,0.0
176.88,0.0
176.92000000000002,0.0
176.96,0.0
177.0,0.0
177.04,0.0
177.08,0.0
177.12,0.0
177.16,0.0
177.20000000000002,0.0
177.24,0.0
177.28,0.0
177.32,0.0
177.36,0.0
177.4,0.0
177.44,0.0
177.48,0.0
177.52,0.0
177.56,0.0
177.6,0.0
177.64000000000001,0.0
177.68,0.0
177.72,0.0
177.76,0.0
177.8,0.0
177.84,0.0
177.88,0.0
177.92000000000002,0.0
177.96,0.0
178.0,0.0
178.04,0.0
178.08,0.0
178.12,0.0
178.16,0.0
178.20000000000002,0.0
178.24,0.0
178.28,0.0
178.32,0.0
178.36,0.0
178.4,0.0
178.44,0.0
178.48,0.0
178.52,0.0
178.56,0.0
178.6,0.0
178.64000000000001,0.0
178.68,0.0
178.72,0.0
178.76,0.0
178.8,0.0
178.84,0.0
178.88,0.0
178.92000000000002,0.0
178.96,0.0
179.0,0.0
179.04,0.0
179.08,0.0
179.12,0.0
179.16,0.0
179.20000000000002,0.0
179.24,0.0
179.28,0.0
179.32,0.0
179.36,0.0
179.4,0.0
179.44,0.0
179.48,0.0
179.52,0.0
179.56,0.0
179.6,0.0
179.64000000000001,0.0
179.68,0.0
179.72,0.0
179.76,0.0
179.8,0.0
179.84,0.0
179.88,0.0
179.92000000000002,0.0
179.96,0.0
180.0,0.0
180.04,0.0
180.08,0.0
180.12,0.0
180.16,0.0
180.20000000000002,0.0
180.24,0.0
180.28,0.0
180.32,0.0
180.36,0.0
180.4,0.0
180.44,0.0
180.48,0.0
180.52,0.0
180.56,0.0
180.6,0.0
180.64000000000001,0.0
180.68,0.0
180.72,0.0
180.76,0.0
180.8,0.0
180.84,0.0
180.88,0.0
180.92000000000002,0.0
180.96,0.0
181.0,0.0
181.04,0.0
181.08,0.0
181.12,0.0
181.16,0.0
181.20000000000002,0.0
181.24,0.0
181.28,0.0
181.32,0.0
181.36,0.0
181.4,0.0
181.44,-0.2
181.48,0.0
181.52,0.0
181.56,0.0
181.6,0.0
181.64000000000001,0.0
181.68,0.0
181.72,0.0
181.76,-0.2
181.8,0.0
181.84,0.0
181.88,0.0
181.92000000000002,0.0
181.96,0.0
182.0,0.0
182.04,0.0
182.08,0.0
182.12,0.0
182.16,0.0
182.20000000000002,0.0
182.24,0.0
182.28,0.0
182.32,0.0
182.36,0.0
182.4,0.0
182.44,0.0
182.48,0.0
182.52,0.0
182.56,0.0
182.6,0.0
182.64000000000001,0.0
182.68,0.0
182.72,0.0
182.76,0.0
182.8,0.0
182.84,0.0
182.88,0.0
182.92000000000002,0.0
182.96,0.0
183.0,0.0
183.04,0.0
183.08,0.0
183.12,0.0
183.16,0.0
183.20000000000002,0.0
183.24,0.0
183.28,0.0
183.32,0.0
183.36,0.0
183.4,0.0
183.44,0.0
183.48,0.0
183.52,0.0
183.56,0.0
183.6,0.0
183.64000000000001,0.0
183.68,0.0
183.72,0.0
183.76,0.0
183.8,0.0
183.84,0.0
183.88,0.0
183.92000000000002,0.0
183.96,0.0
184.0,0.0
184.04,0.0
184.08,0.0
184.12,0.0
184.16,0.0
184.20000000000002,0.0
184.24,0.0
184.28,0.0
184.32,0.0
184.36,0.0
184.4,0.0
184.44,0.0
184.48,0.0
184.52,0.0
184.56,0.0
184.6,0.0
184.64000000000001,0.0
184.68,0.0
184.72,0.0
184.76,0.0
184.8,0.0
184.84,0.0
184.88,0.0
184.92000000000002,0.0
184.96,0.0
185.0,0.0
185.04,0.0
185.08,0.0
185.12,0.0
185.16,0.0
185.20000000000002,0.0
185.24,-0.2
185.28,0.0
185.32,0.0
185.36,0.0
185.4,0.0
185.44,0.0
185.48,0.0
185.52,0.0
185.56,0.0
185.6,0.0
185.64000000000001,0.0
185.68,0.0
185.72,0.0
185.76,0.0
185.8,0.0
185.84,0.0
185.88,0.0
185.92000000000002,0.0
185.96,0.0
186.0,0.0
186.04,0.0
186.08,0.0
186.12,0.0
186.16,0.0
186.20000000000002,0.0
186.24,0.0
186.28,0.0
186.32,0.0
186.36,0.0
186.4,0.0
186.44,0.0
186.48,0.0
186.52,0.0
186.56,0.0
186.6,0.0
186.64000000000001,0.0
186.68,0.0
186.72,0.0
186.76,0.0
186.8,0.0
186.84,0.0
186.88,0.0
186.92000000000002,0.0
186.96,0.0
187.0,0.0
187.04,0.0
187.08,0.0
187.12,0.0
187.16,0.0
187.20000000000002,0.0
187.24,0.0
187.28,0.0
187.32,0.0
187.36,0.0
187.4,0.0
187.44,0.0
187.48,-0.2
187.52,0.0
187.56,0.0
187.6,0.0
187.64000000000001,0.0
187.68,0.0
187.72,0.0
187.76,0.0
187.8,0.0
187.84,0.0
187.88,0.0
187.92000000000002,0.0
187.96,0.0
188.0,0.0
188.04,0.0
188.08,0.0
188.12,0.0
188.16,0.0
188.20000000000002,0.0
188.24,0.0
188.28,0.0
188.32,0.0
188.36,0.0
188.4,0.0
188.44,0.0
188.48,0.0
188.52,0.0
188.56,0.0
188.6,0.0
188.64000000000001,0.0
188.68,0.0
188.72,0.0
188.76,0.0
188.8,0.0
188.84,0.0
188.88,0.0
188.92000000000002,0.0
188.96,0.0
189.0,0.0
189.04,0.0
189.08,0.0
189.12,0.0
189.16,0.0
189.20000000000002,0.0
189.24,0.0
189.28,0.0
189.32,0.0
189.36,0.0
189.4,0.0
189.44,0.0
189.48,0.0
189.52,0.0
189.56,0.0
189.6,0.0
189.64000000000001,0.0
189.68,0.0
189.72,0.0
189.76,0.0
189.8,0.0
189.84,0.0
189.88,0.0
189.92000000000002,0.0
189.96,0.0
190.0,0.0
190.04,0.0
190.08,0.0
190.12,0.0
190.16,0.0
190.20000000000002,0.0
190.24,0.0
190.28,0.0
190.32,0.0
190.36,0.0
190.4,0.0
190.44,0.0
190.48,0.0
190.52,0.0
190.56,0.0
190.6,0.0
190.64000000000001,0.0
190.68,0.0
190.72,0.0
190.76,0.0
190.8,0.0
190.84,0.0
190.88,0.0
190.92000000000002,0.0
190.96,0.0
191.0,0.0
191.04,0.0
191.08,0.0
191.12,0.0
191.16,0.0
191.20000000000002,0.0
191.24,0.0
191.28,0.0
191.32,0.0
191.36,0.0
191.4,0.0
191.44,0.0
191.48000000000002,0.0
191.52,0.0
191.56,0.0
191.6,0.0
191.64000000000001,0.0
191.68,0.0
191.72,0.0
191.76,0.0
191.8,0.0
191.84,0.0
191.88,0.0
191.92000000000002,0.0
191.96,0.0
192.0,0.0
192.04,0.0
192.08,0.0
192.12,0.0
192.16,0.0
192.20000000000002,0.0
192.24,0.0
192.28,0.0
192.32,0.0
192.36,0.0
192.4,0.0
192.44,0.0
192.48000000000002,0.0
192.52,0.0
192.56,0.0
192.6,0.0
192.64000000000001,0.0
192.68,0.0
192.72,0.0
192.76,0.0
192.8,0.0
192.84,0.0
192.88,0.0
192.92000000000002,0.0
192.96,0.0
193.0,0.0
193.04,0.0
193.08,0.0
193.12,0.0
193.16,0.0
193.20000000000002,0.0
193.24,0.0
193.28,0.0
193.32,0.0
193.36,0.0
193.4,0.0
193.44,0.0
193.48000000000002,0.0
193.52,0.0
193.56,0.0
193.6,0.0
193.64000000000001,0.0
193.68,0.0
193.72,0.0
193.76,0.0
193.8,0.0
193.84,0.0
193.88,0.0
193.92000000000002,0.0
193.96,0.0
194.0,0.0
194.04,0.0
194.08,0.0
194.12,0.0
194.16,0.0
194.20000000000002,0.0
194.24,0.0
194.28,0.0
194.32,0.0
194.36,0.0
194.4,0.0
194.44,0.0
194.48000000000002,-0.2
194.52,0.0
194.56,0.0
194.6,0.0
194.64000000000001,0.0
194.68,0.0
194.72,0.0
194.76,0.0
194.8,0.0
194.84,0.0
194.88,0.0
194.92000000000002,0.0
194.96,0.0
195.0,0.0
195.04,0.0
195.08,0.0
195.12,-0.2
195.16,0.0
195.20000000000002,0.0
195.24,0.0
195.28,0.0
195.32,0.0
195.36,0.0
195.4,0.0
195.44,0.0
195.48000000000002,0.0
195.52,0.0
195.56,0.0
195.6,0.0
195.64000000000001,0.0
195.68,0.0
195.72,0.0
195.76,0.0
195.8,0.0
195.84,0.0
195.88,0.0
195.92000000000002,-0.2
195.96,0.0
196.0,0.0
196.04,0.0
196.08,0.0
196.12,0.0
196.16,0.0
196.20000000000002,0.0
196.24,0.0
196.28,0.0
196.32,0.0
196.36,0.0
196.4,0.0
196.44,0.0
196.48000000000002,0.0
196.52,0.0
196.56,0.0
196.6,0.0
196.64000000000001,0.0
196.68,0.0
196.72,0.0
196.76,0.0
196.8,0.0
196.84,0.0
196.88,0.0
196.92000000000002,0.0
196.96,0.0
197.0,0.0
197.04,0.0
197.08,0.0
197.12,0.0
197.16,0.0
197.20000000000002,0.0
197.24,0.0
197.28,0.0
197.32,0.0
197.36,0.0
197.4,0.0
197.44,0.0
197.48000000000002,0.0
197.52,0.0
197.56,0.0
197.6,0.0
197.64000000000001,0.0
197.68,0.0
197.72,0.0
197.76,0.0
197.8,0.0
197.84,0.0
197.88,0.0
197.92000000000002,0.0
197.96,0.0
198.0,0.0
198.04,0.0
198.08,0.0
198.12,0.0
198.16,0.0
198.20000000000002,0.0
198.24,0.0
198.28,0.0
198.32,0.0
198.36,0.0
198.4,0.0
198.44,0.0
198.48000000000002,0.0
198.52,0.0
198.56,0.0
198.6,0.0
198.64000000000001,-0.2
198.68,0.0
198.72,0.0
198.76,0.0
198.8,0.0
198.84,0.0
198.88,0.0
198.92000000000002,0.0
198.96,0.0
199.0,0.0
199.04,0.0
199.08,0.0
199.12,0.0
199.16,0.0
199.20000000000002,0.0
199.24,0.0
199.28,0.0
199.32,0.0
199.36,0.0
199.4,0.0
199.44,0.0
199.48000000000002,0.0
199.52,0.0
199.56,0.0
199.6,0.0
199.64000000000001,0.0
199.68,0.0
199.72,0.0
199.76,0.0
199.8,0.0
199.84,0.0
199.88,0.0
199.92000000000002,0.0
199.96,0.0
200.0,0.0
200.04,0.0
200.08,0.0
200.12,0.0
200.16,0.0
200.20000000000002,0.0
200.24,0.0
200.28,0.0
200.32,0.0
200.36,0.0
200.4,0.0
200.44,0.0
200.48000000000002,0.0
200.52,0.0
200.56,0.0
200.6,0.0
200.64000000000001,0.0
200.68,0.0
200.72,0.0
200.76,0.0
200.8,0.0
200.84,0.0
200.88,0.0
200.92000000000002,0.0
200.96,0.0
201.0,0.0
201.04,0.0
201.08,0.0
201.12,0.0
201.16,0.0
201.20000000000002,0.0
201.24,0.0
201.28,0.0
201.32,0.0
201.36,0.0
201.4,0.0
201.44,0.0
201.48000000000002,0.0
201.52,0.0
201.56,0.0
201.6,0.0
201.64000000000001,0.0
201.68,0.0
201.72,0.0
201.76,0.0
201.8,0.0
201.84,0.0
201.88,0.0
201.92000000000002,0.0
201.96,0.0
202.0,0.0
202.04,0.0
202.08,0.0
202.12,0.0
202.16,0.0
202.20000000000002,0.0
202.24,0.0
202.28,0.0
202.32,0.0
202.36,0.0
202.4,0.0
202.44,0.0
202.48000000000002,0.0
202.52,0.0
202.56,0.0
202.6,0.0
202.64000000000001,0.0
202.68,0.0
202.72,0.0
202.76,0.0
202.8,0.0
202.84,0.0
202.88,0.0
202.92000000000002,0.0
202.96,0.0
203.0,0.0
203.04,0.0
203.08,0.0
203.12,-0.2
203.16,0.0
203.20000000000002,0.0
203.24,0.0
203.28,0.0
203.32,0.0
203.36,0.0
203.4,0.0
203.44,0.0
203.48000000000002,0.0
203.52,0.0
203.56,0.0
203.6,0.0
203.64000000000001,0.0
203.68,0.0
203.72,0.0
203.76,0.0
203.8,0.0
203.84,0.0
203.88,0.0
203.92000000000002,0.0
203.96,0.0
204.0,0.0
204.04,0.0
204.08,0.0
204.12,0.0
204.16,0.0
204.20000000000002,0.0
204.24,0.0
204.28,0.0
204.32,0.0
204.36,0.0
204.4,0.0
204.44,0.0
204.48000000000002,0.0
204.52,0.0
204.56,0.0
204.6,0.0
204.64000000000001,0.0
204.68,0.0
204.72,0.0
204.76,0.0
204.8,0.0
204.84,0.0
204.88,0.0
204.92000000000002,0.0
204.96,0.0
205.0,0.0
205.04,0.0
205.08,0.0
205.12,0.0
205.16,0.0
205.20000000000002,0.0
205.24,0.0
205.28,0.0
205.32,0.0
205.36,0.0
205.4,0.0
205.44,0.0
205.48000000000002,0.0
205.52,0.0
205.56,0.0
205.6,0.0
205.64000000000001,0.0
205.68,0.0
205.72,0.0
205.76,0.0
205.8,0.0
205.84,0.0
205.88,0.0
205.92000000000002,0.0
205.96,0.0
206.0,0.0
206.04,0.0
206.08,0.0
206.12,0.0
206.16,0.0
206.20000000000002,0.0
206.24,0.0
206.28,0.0
206.32,0.0
206.36,0.0
206.4,0.0
206.44,0.0
206.48000000000002,0.0
206.52,0.0
206.56,0.0
206.6,0.0
206.64000000000001,0.0
206.68,0.0
206.72,0.0
206.76,0.0
206.8,0.0
206.84,0.0
206.88,0.0
206.92000000000002,0.0
206.96,0.0
207.0,0.0
207.04,0.0
207.08,0.0
207.12,0.0
207.16,0.0
207.20000000000002,0.0
207.24,0.0
207.28,0.0
207.32,0.0
207.36,0.0
207.4,0.0
207.44,0.0
207.48000000000002,0.0
207.52,0.0
207.56,0.0
207.6,0.0
207.64000000000001,0.0
207.68,0.0
207.72,0.0
207.76,0.0
207.8,0.0
207.84,0.0
207.88,0.0
207.92000000000002,0.0
207.96,0.0
208.0,0.0
208.04,0.0
208.08,0.0
208.12,0.0
208.16,0.0
208.20000000000002,0.0
208.24,0.0
208.28,0.0
208.32,0.0
208.36,0.0
208.4,0.0
208.44,0.0
208.48000000000002,0.0
208.52,0.0
208.56,0.0
208.6,0.0
208.64000000000001,0.0
208.68,0.0
208.72,0.0
208.76,0.0
208.8,0.0
208.84,0.0
208.88,0.0
208.92000000000002,0.0
208.96,0.0
209.0,0.0
209.04,0.0
209.08,0.0
209.12,0.0
209.16,0.0
209.20000000000002,0.0
209.24,0.0
209.28,0.0
209.32,0.0
209.36,0.0
209.4,0.0
209.44,0.0
209.48000000000002,0.0
209.52,0.0
209.56,0.0
209.6,0.0
209.64000000000001,0.0
209.68,0.0
209.72,0.0
209.76,0.0
209.8,0.0
209.84,0.0
209.88,0.0
209.92000000000002,0.0
209.96,0.0
210.0,0.0
210.04,0.0
210.08,0.0
210.12,0.0
210.16,0.0
210.20000000000002,0.0
210.24,0.0
210.28,0.0
210.32,0.0
210.36,-0.2
210.4,0.0
210.44,0.0
210.48000000000002,0.0
210.52,0.0
210.56,0.0
210.6,0.0
210.64000000000001,0.0
210.68,0.0
210.72,0.0
210.76,0.0
210.8,0.0
210.84,0.0
210.88,0.0
210.92000000000002,0.0
210.96,0.0
211.0,0.0
211.04,0.0
211.08,0.0
211.12,0.0
211.16,0.0
211.20000000000002,0.0
211.24,0.0
211.28,0.0
211.32,0.0
211.36,0.0
211.4,0.0
211.44,0.0
211.48000000000002,0.0
211.52,0.0
211.56,0.0
211.6,0.0
211.64000000000001,0.0
211.68,0.0
211.72,0.0
211.76,0.0
211.8,0.0
211.84,0.0
211.88,0.0
211.92000000000002,0.0
211.96,0.0
212.0,0.0
212.04,0.0
212.08,0.0
212.12,0.0
212.16,0.0
212.20000000000002,0.0
212.24,0.0
212.28,0.0
212.32,0.0
212.36,0.0
212.4,0.0
212.44,0.0
212.48000000000002,0.0
212.52,0.0
212.56,0.0
212.6,0.0
212.64000000000001,0.0
212.68,0.0
212.72,0.0
212.76,0.0
212.8,0.0
212.84,0.0
212.88,0.0
212.92000000000002,0.0
212.96,0.0
213.0,0.0
213.04,0.0
213.08,0.0
213.12,0.0
213.16,0.0
213.20000000000002,0.0
213.24,0.0
213.28,0.0
213.32,0.0
213.36,0.0
213.4,0.0
213.44,0.0
213.48000000000002,0.0
213.52,0.0
213.56,0.0
213.6,0.0
213.64000000000001,0.0
213.68,0.0
213.72,0.0
213.76,0.0
213.8,0.0
213.84,0.0
213.88,0.0
213.92000000000002,0.0
213.96,0.0
214.0,0.0
214.04,0.0
214.08,0.0
214.12,0.0
214.16,0.0
214.20000000000002,0.0
214.24,0.0
214.28,0.0
214.32,0.0
214.36,0.0
214.4,0.0
214.44,0.0
214.48000000000002,0.0
214.52,0.0
214.56,0.0
214.6,0.0
214.64000000000001,0.0
214.68,0.0
214.72,0.0
214.76,0.0
214.8,0.0
214.84,0.0
214.88,0.0
214.92000000000002,0.0
214.96,0.0
215.0,0.0
215.04,0.0
215.08,0.0
215.12,0.0
215.16,0.0
215.20000000000002,0.0
215.24,0.0
215.28,0.0
215.32,0.0
215.36,0.0
215.4,0.0
215.44,0.0
215.48000000000002,0.0
215.52,0.0
215.56,0.0
215.6,0.0
215.64000000000001,0.0
215.68,0.0
215.72,0.0
215.76,0.0
215.8,0.0
215.84,0.0
215.88,0.0
215.92000000000002,0.0
215.96,0.0
216.0,0.0
216.04,0.0
216.08,0.0
216.12,0.0
216.16,0.0
216.20000000000002,0.0
216.24,0.0
216.28,0.0
216.32,0.0
216.36,0.0
216.4,0.0
216.44,0.0
216.48000000000002,0.0
216.52,0.0
216.56,-0.2
216.6,0.0
216.64000000000001,0.0
216.68,0.0
216.72,0.0
216.76,0.0
216.8,0.0
216.84,0.0
216.88,0.0
216.92000000000002,0.0
216.96,0.0
217.0,0.0
217.04,0.0
217.08,0.0
217.12,0.0
217.16,0.0
217.20000000000002,0.0
217.24,0.0
217.28,0.0
217.32,0.0
217.36,0.0
217.4,0.0
217.44,0.0
217.48000000000002,0.0
217.52,0.0
217.56,0.0
217.6,0.0
217.64000000000001,0.0
217.68,0.0
217.72,0.0
217.76,0.0
217.8,0.0
217.84,0.0
217.88,0.0
217.92000000000002,0.0
217.96,0.0
218.0,0.0
218.04,0.0
218.08,0.0
218.12,0.0
218.16,0.0
218.20000000000002,0.0
218.24,0.0
218.28,-0.2
218.32,0.0
218.36,0.0
218.4,0.0
218.44,0.0
218.48000000000002,0.0
218.52,0.0
218.56,0.0
218.6,0.0
218.64000000000001,0.0
218.68,0.0
218.72,0.0
218.76,0.0
218.8,0.0
218.84,0.0
218.88,0.0
218.92000000000002,0.0
218.96,0.0
219.0,0.0
219.04,0.0
219.08,0.0
219.12,0.0
219.16,0.0
219.20000000000002,0.0
219.24,0.0
219.28,0.0
219.32,0.0
219.36,0.0
219.4,0.0
219.44,0.0
219.48000000000002,0.0
219.52,0.0
219.56,0.0
219.6,0.0
219.64000000000001,0.0
219.68,0.0
219.72,0.0
219.76,0.0
219.8,0.0
219.84,0.0
219.88,0.0
219.92000000000002,0.0
219.96,0.0
220.0,0.0
220.04,0.0
220.08,0.0
220.12,0.0
220.16,0.0
220.20000000000002,0.0
220.24,0.0
220.28,0.0
220.32,0.0
220.36,0.0
220.4,0.0
220.44,0.0
220.48000000000002,0.0
220.52,0.0
220.56,0.0
220.6,0.0
220.64000000000001,0.0
220.68,0.0
220.72,0.0
220.76,0.0
220.8,0.0
220.84,0.0
220.88,0.0
220.92000000000002,0.0
220.96,0.0
221.0,0.0
221.04,0.0
221.08,0.0
221.12,0.0
221.16,0.0
221.20000000000002,0.0
221.24,0.0
221.28,0.0
221.32,0.0
221.36,0.0
221.4,0.0
221.44,0.0
221.48000000000002,0.0
221.52,0.0
221.56,0.0
221.6,0.0
221.64000000000001,0.0
221.68,0.0
221.72,0.0
221.76,0.0
221.8,0.0
221.84,0.0
221.88,0.0
221.92000000000002,0.0
221.96,0.0
222.0,0.0
222.04,0.0
222.08,0.0
222.12,0.0
222.16,0.0
222.20000000000002,0.0
222.24,0.0
222.28,0.0
222.32,0.0
222.36,0.0
222.4,0.0
222.44,0.0
222.48000000000002,0.0
222.52,0.0
222.56,0.0
222.6,0.0
222.64000000000001,0.0
222.68,0.0
222.72,0.0
222.76,0.0
222.8,0.0
222.84,0.0
222.88,0.0
222.92000000000002,0.0
222.96,0.0
223.0,0.0
223.04,0.0
223.08,0.0
223.12,0.0
223.16,0.0
223.20000000000002,0.0
223.24,0.0
223.28,0.0
223.32,0.0
223.36,-0.2
223.4,0.0
223.44,0.0
223.48000000000002,0.0
223.52,0.0
223.56,0.0
223.6,0.0
223.64000000000001,0.0
223.68,0.0
223.72,0.0
223.76,0.0
223.8,0.0
223.84,0.0
223.88,0.0
223.92000000000002,0.0
223.96,0.0
224.0,0.0
224.04,0.0
224.08,0.0
224.12,0.0
224.16,0.0
224.20000000000002,0.0
224.24,0.0
224.28,0.0
224.32,0.0
224.36,0.0
224.4,0.0
224.44,0.0
224.48000000000002,0.0
224.52,0.0
224.56,0.0
224.6,0.0
224.64000000000001,0.0
224.68,0.0
224.72,0.0
224.76,0.0
224.8,0.0
224.84,0.0
224.88,0.0
224.92000000000002,0.0
224.96,0.0
225.0,0.0
225.04,0.0
225.08,0.0
225.12,0.0
225.16,0.0
225.20000000000002,0.0
225.24,0.0
225.28,0.0
225.32,0.0
225.36,0.0
225.4,-0.2
225.44,0.0
225.48000000000002,0.0
225.52,0.0
225.56,0.0
225.6,0.0
225.64000000000001,0.0
225.68,0.0
225.72,0.0
225.76,0.0
225.8,0.0
225.84,0.0
225.88,0.0
225.92000000000002,0.0
225.96,0.0
226.0,0.0
226.04,0.0
226.08,0.0
226.12,0.0
226.16,0.0
226.20000000000002,0.0
226.24,0.0
226.28,0.0
226.32,0.0
226.36,0.0
226.4,0.0
226.44,0.0
226.48000000000002,0.0
226.52,0.0
226.56,0.0
226.6,0.0
226.64000000000001,0.0
226.68,0.0
226.72,0.0
226.76,0.0
226.8,0.0
226.84,0.0
226.88,0.0
226.92000000000002,0.0
226.96,0.0
227.0,0.0
227.04,0.0
227.08,0.0
227.12,0.0
227.16,0.0
227.20000000000002,0.0
227.24,0.0
227.28,0.0
227.32,0.0
227.36,0.0
227.4,0.0
227.44,0.0
227.48000000000002,0.0
227.52,0.0
227.56,0.0
227.6,0.0
227.64000000000001,0.0
227.68,0.0
227.72,0.0
227.76,0.0
227.8,0.0
227.84,0.0
227.88,0.0
227.92000000000002,0.0
227.96,0.0
228.0,0.0
228.04,0.0
228.08,0.0
228.12,0.0
228.16,0.0
228.20000000000002,0.0
228.24,0.0
228.28,0.0
228.32,0.0
228.36,0.0
228.4,0.0
228.44,0.0
228.48000000000002,0.0
228.52,0.0
228.56,0.0
228.6,0.0
228.64000000000001,0.0
228.68,0.0
228.72,0.0
228.76,0.0
228.8,0.0
228.84,0.0
228.88,0.0
228.92000000000002,0.0
228.96,0.0
229.0,0.0
229.04,0.0
229.08,0.0
229.12,0.0
229.16,0.0
229.20000000000002,0.0
229.24,0.0
229.28,0.0
229.32,0.0
229.36,0.0
229.4,0.0
229.44,0.0
229.48000000000002,-0.2
229.52,0.0
229.56,0.0
229.6,0.0
229.64000000000001,0.0
229.68,0.0
229.72,0.0
229.76,0.0
229.8,0.0
229.84,0.0
229.88,0.0
229.92000000000002,-0.2
229.96,0.0
230.0,0.0
230.04,0.0
230.08,0.0
230.12,0.0
230.16,0.0
230.20000000000002,0.0
230.24,0.0
230.28,0.0
230.32,0.0
230.36,0.0
230.4,0.0
230.44,0.0
230.48000000000002,0.0
230.52,0.0
230.56,0.0
230.6,0.0
230.64000000000001,0.0
230.68,0.0
230.72,0.0
230.76,0.0
230.8,0.0
230.84,0.0
230.88,0.0
230.92000000000002,0.0
230.96,0.0
231.0,0.0
231.04,0.0
231.08,0.0
231.12,0.0
231.16,0.0
231.20000000000002,0.0
231.24,0.0
231.28,0.0
231.32,0.0
231.36,0.0
231.4,0.0
231.44,0.0
231.48000000000002,0.0
231.52,0.0
231.56,0.0
231.6,0.0
231.64000000000001,0.0
231.68,0.0
231.72,0.0
231.76,0.0
231.8,0.0
231.84,0.0
231.88,0.0
231.92000000000002,0.0
231.96,0.0
232.0,0.0
232.04,0.0
232.08,0.0
232.12,0.0
232.16,0.0
232.20000000000002,0.0
232.24,0.0
232.28,0.0
232.32,0.0
232.36,0.0
232.4,0.0
232.44,0.0
232.48000000000002,0.0
232.52,0.0
232.56,0.0
232.6,0.0
232.64000000000001,0.0
232.68,0.0
232.72,0.0
232.76,0.0
232.8,0.0
232.84,0.0
232.88,0.0
232.92000000000002,0.0
232.96,0.0
233.0,0.0
233.04,0.0
233.08,0.0
233.12,0.0
233.16,0.0
233.20000000000002,0.0
233.24,0.0
233.28,0.0
233.32,0.0
233.36,0.0
233.4,0.0
233.44,0.0
233.48000000000002,0.0
233.52,0.0
233.56,0.0
233.6,0.0
233.64000000000001,0.0
233.68,0.0
233.72,0.0
233.76,0.0
233.8,0.0
233.84,0.0
233.88,0.0
233.92000000000002,0.0
233.96,0.0
234.0,0.0
234.04,0.0
234.08,0.0
234.12,0.0
234.16,0.0
234.20000000000002,0.0
234.24,0.0
234.28,0.0
234.32,0.0
234.36,0.0
234.4,0.0
234.44,0.0
234.48000000000002,0.0
234.52,0.0
234.56,0.0
234.6,0.0
234.64000000000001,0.0
234.68,0.0
234.72,0.0
234.76,0.0
234.8,0.0
234.84,0.0
234.88,0.0
234.92000000000002,0.0
234.96,0.0
235.0,0.0
235.04,0.0
235.08,0.0
235.12,0.0
235.16,0.0
235.20000000000002,0.0
235.24,0.0
235.28,0.0
235.32,0.0
235.36,0.0
235.4,0.0
235.44,0.0
235.48000000000002,0.0
235.52,0.0
235.56,0.0
235.6,0.0
235.64000000000001,0.0
235.68,0.0
235.72,0.0
235.76,0.0
235.8,0.0
235.84,0.0
235.88,0.0
235.92000000000002,0.0
235.96,0.0
236.0,0.0
236.04,0.0
236.08,0.0
236.12,0.0
236.16,0.0
236.20000000000002,0.0
236.24,0.0
236.28,0.0
236.32,0.0
236.36,0.0
236.4,0.0
236.44,0.0
236.48000000000002,0.0
236.52,0.0
236.56,0.0
236.6,0.0
236.64000000000001,0.0
236.68,0.0
236.72,0.0
236.76,0.0
236.8,0.0
236.84,0.0
236.88,0.0
236.92000000000002,0.0
236.96,0.0
237.0,0.0
237.04,0.0
237.08,0.0
237.12,0.0
237.16,0.0
237.20000000000002,0.0
237.24,0.0
237.28,0.0
237.32,0.0
237.36,0.0
237.4,0.0
237.44,0.0
237.48000000000002,0.0
237.52,0.0
237.56,0.0
237.6,0.0
237.64000000000001,0.0
237.68,0.0
237.72,0.0
237.76,0.0
237.8,0.0
237.84,0.0
237.88,0.0
237.92000000000002,0.0
237.96,0.0
238.0,0.0
238.04,0.0
238.08,0.0
238.12,0.0
238.16,0.0
238.20000000000002,0.0
238.24,0.0
238.28,0.0
238.32,0.0
238.36,0.0
238.4,0.0
238.44,0.0
238.48000000000002,0.0
238.52,0.0
238.56,0.0
238.6,0.0
238.64000000000001,0.0
238.68,0.0
238.72,0.0
238.76,0.0
238.8,0.0
238.84,0.0
238.88,0.0
238.92000000000002,0.0
238.96,0.0
239.0,0.0
239.04,0.0
239.08,0.0
239.12,0.0
239.16,0.0
239.20000000000002,0.0
239.24,0.0
239.28,0.0
239.32,0.0
239.36,0.0
239.4,0.0
239.44,0.0
239.48000000000002,0.0
239.52,-0.2
239.56,-0.4
239.6,-0.8
239.64000000000001,-1.4000000000000001
239.68,-1.6
239.72,-1.8
239.76,-2.0
239.8,-2.2
239.84,-2.4000000000000004
239.88,-3.0
239.92000000000002,-4.6000000000000005
239.96,-7.2
240.0,-9.0
240.04,-9.600000000000001
240.08,-10.200000000000001
240.12,-10.600000000000001
240.16,-10.600000000000001
240.20000000000002,-10.8
240.24,-11.0
240.28,-10.8
240.32,-11.0
240.36,-11.200000000000001
240.4,-11.200000000000001
240.44,-11.200000000000001
240.48000000000002,-11.200000000000001
240.52,-11.4
240.56,-11.4
240.6,-11.200000000000001
240.64000000000001,-11.200000000000001
240.68,-11.200000000000001
240.72,-11.200000000000001
240.76,-11.4
240.8,-11.4
240.84,-11.4
240.88,-11.4
240.92000000000002,-11.4
240.96,-11.4
241.0,-11.4
241.04,-11.4
241.08,-11.4
241.12,-11.4
241.16,-11.4
241.20000000000002,-11.4
241.24,-11.4
241.28,-11.4
241.32,-11.4
241.36,-11.4
241.4,-11.4
241.44,-11.4
241.48000000000002,-11.4
241.52,-11.4
241.56,-11.4
241.6,-11.4
241.64000000000001,-11.4
241.68,-11.200000000000001
241.72,-11.200000000000001
241.76,-11.4
241.8,-11.4
241.84,-11.200000000000001
241.88,-11.4
241.92000000000002,-11.200000000000001
241.96,-11.200000000000001
242.0,-11.200000000000001
242.04,-11.4
242.08,-11.200000000000001
242.12,-11.200000000000001
242.16,-11.200000000000001
242.20000000000002,-11.200000000000001
242.24,-11.200000000000001
242.28,-11.200000000000001
242.32,-11.4
242.36,-11.200000000000001
242.4,-11.4
242.44,-11.200000000000001
242.48000000000002,-11.200000000000001
242.52,-11.200000000000001
242.56,-11.200000000000001
242.6,-11.200000000000001
242.64000000000001,-11.200000000000001
242.68,-11.200000000000001
242.72,-11.200000000000001
242.76,-11.200000000000001
242.8,-11.4
242.84,-11.200000000000001
242.88,-11.200000000000001
242.92000000000002,-11.200000000000001
242.96,-11.200000000000001
243.0,-11.200000000000001
243.04,-11.200000000000001
243.08,-11.200000000000001
243.12,-11.200000000000001
243.16,-11.200000000000001
243.20000000000002,-11.200000000000001
243.24,-11.200000000000001
243.28,-11.200000000000001
243.32,-11.200000000000001
243.36,-11.200000000000001
243.4,-11.200000000000001
243.44,-11.200000000000001
243.48000000000002,-11.200000000000001
243.52,-11.200000000000001
243.56,-11.200000000000001
243.6,-11.200000000000001
243.64000000000001,-11.200000000000001
243.68,-11.200000000000001
243.72,-11.200000000000001
243.76,-11.200000000000001
243.8,-11.200000000000001
243.84,-11.200000000000001
243.88,-11.200000000000001
243.92000000000002,-11.200000000000001
243.96,-11.200000000000001
244.0,-11.200000000000001
244.04,-11.200000000000001
244.08,-11.200000000000001
244.12,-11.200000000000001
244.16,-11.200000000000001
244.20000000000002,-11.200000000000001
244.24,-11.200000000000001
244.28,-11.200000000000001
244.32,-11.200000000000001
244.36,-11.200000000000001
244.4,-11.200000000000001
244.44,-11.200000000000001
244.48000000000002,-11.200000000000001
244.52,-11.200000000000001
244.56,-11.200000000000001
244.6,-11.200000000000001
244.64000000000001,-11.200000000000001
244.68,-11.200000000000001
244.72,-11.200000000000001
244.76,-11.200000000000001
244.8,-11.200000000000001
244.84,-11.200000000000001
244.88,-11.200000000000001
244.92000000000002,-11.200000000000001
244.96,-11.200000000000001
245.0,-11.200000000000001
245.04,-11.200000000000001
245.08,-11.200000000000001
245.12,-11.200000000000001
245.16,-11.200000000000001
245.20000000000002,-11.200000000000001
245.24,-11.200000000000001
245.28,-11.200000000000001
245.32,-11.200000000000001
245.36,-11.200000000000001
245.4,-11.200000000000001
245.44,-11.200000000000001
245.48000000000002,-11.200000000000001
245.52,-11.200000000000001
245.56,-11.200000000000001
245.6,-11.200000000000001
245.64000000000001,-11.200000000000001
245.68,-11.200000000000001
245.72,-11.0
245.76,-11.200000000000001
245.8,-11.0
245.84,-11.200000000000001
245.88,-11.200000000000001
245.92000000000002,-11.200000000000001
245.96,-11.0
246.0,-11.200000000000001
246.04,-11.200000000000001
246.08,-11.0
246.12,-11.200000000000001
246.16,-11.200000000000001
246.20000000000002,-11.200000000000001
246.24,-11.0
246.28,-11.200000000000001
246.32,-11.200000000000001
246.36,-11.0
246.4,-11.0
246.44,-11.200000000000001
246.48000000000002,-11.0
246.52,-11.200000000000001
246.56,-11.0
246.6,-11.0
246.64000000000001,-11.0
246.68,-11.0
246.72,-11.0
246.76000000000002,-11.200000000000001
246.8,-11.0
246.84,-11.200000000000001
246.88,-11.0
246.92000000000002,-11.0
246.96,-11.0
247.0,-11.0
247.04,-11.0
247.08,-11.0
247.12,-11.200000000000001
247.16,-11.0
247.20000000000002,-11.0
247.24,-11.200000000000001
247.28,-11.0
247.32,-11.0
247.36,-10.8
247.4,-11.0
247.44,-11.0
247.48000000000002,-11.0
247.52,-11.0
247.56,-11.0
247.6,-11.0
247.64000000000001,-11.0
247.68,-10.8
247.72,-11.0
247.76000000000002,-10.8
247.8,-11.0
247.84,-11.0
247.88,-10.8
247.92000000000002,-10.8
247.96,-11.0
248.0,-10.8
248.04,-10.8
248.08,-10.8
248.12,-11.0
248.16,-10.8
248.20000000000002,-10.8
248.24,-11.0
248.28,-10.8
248.32,-11.0
248.36,-10.8
248.4,-11.0
248.44,-10.8
248.48000000000002,-10.8
248.52,-10.8
248.56,-11.0
248.6,-10.8
248.64000000000001,-11.200000000000001
248.68,-11.0
248.72,-10.8
248.76000000000002,-10.8
248.8,-10.8
248.84,-11.0
248.88,-10.8
248.92000000000002,-10.8
248.96,-10.8
249.0,-10.8
249.04,-10.8
249.08,-10.8
249.12,-10.8
249.16,-10.8
249.20000000000002,-10.8
249.24,-11.0
249.28,-10.8
249.32,-10.8
249.36,-11.0
249.4,-10.8
249.44,-10.8
249.48000000000002,-10.8
249.52,-10.8
249.56,-10.8
249.6,-10.8
249.64000000000001,-10.8
249.68,-10.8
249.72,-10.8
249.76000000000002,-10.8
249.8,-10.8
249.84,-10.8
249.88,-10.8
249.92000000000002,-10.8
249.96,-10.8
250.0,-10.8
250.04,-10.8
250.08,-10.8
250.12,-10.8
250.16,-10.8
250.20000000000002,-10.8
250.24,-10.8
250.28,-10.8
250.32,-10.8
250.36,-10.8
250.4,-10.8
250.44,-10.8
250.48000000000002,-10.8
250.52,-10.8
250.56,-10.8
250.6,-10.8
250.64000000000001,-10.8
250.68,-10.8
250.72,-10.8
250.76000000000002,-10.8
250.8,-10.8
250.84,-10.8
250.88,-10.8
250.92000000000002,-10.8
250.96,-10.8
251.0,-10.8
251.04,-10.8
251.08,-10.600000000000001
251.12,-10.8
251.16,-10.8
251.20000000000002,-10.8
251.24,-10.8
251.28,-10.8
251.32,-10.8
251.36,-10.8
251.4,-10.8
251.44,-10.8
251.48000000000002,-10.8
251.52,-10.8
251.56,-10.8
251.6,-10.8
251.64000000000001,-10.600000000000001
251.68,-10.8
251.72,-10.600000000000001
251.76000000000002,-10.600000000000001
251.8,-10.600000000000001
251.84,-10.600000000000001
251.88,-10.8
251.92000000000002,-10.8
251.96,-10.600000000000001
252.0,-10.600000000000001
252.04,-10.600000000000001
252.08,-10.8
252.12,-10.600000000000001
252.16,-10.8
252.20000000000002,-10.8
252.24,-10.600000000000001
252.28,-10.8
252.32,-10.8
252.36,-10.8
252.4,-10.8
252.44,-10.600000000000001
252.48000000000002,-10.600000000000001
252.52,-10.8
252.56,-10.600000000000001
252.6,-10.600000000000001
252.64000000000001,-10.600000000000001
252.68,-10.600000000000001
252.72,-10.600000000000001
252.76000000000002,-10.600000000000001
252.8,-10.600000000000001
252.84,-10.600000000000001
252.88,-10.600000000000001
252.92000000000002,-10.600000000000001
252.96,-10.600000000000001
253.0,-10.600000000000001
253.04,-10.600000000000001
253.08,-10.600000000000001
253.12,-10.600000000000001
253.16,-10.600000000000001
253.20000000000002,-10.600000000000001
253.24,-10.8
253.28,-10.4
253.32,-10.600000000000001
253.36,-10.600000000000001
253.4,-10.8
253.44,-10.600000000000001
253.48000000000002,-10.600000000000001
253.52,-10.8
253.56,-10.600000000000001
253.6,-10.4
253.64000000000001,-10.600000000000001
253.68,-10.4
253.72,-10.600000000000001
253.76000000000002,-10.600000000000001
253.8,-10.600000000000001
253.84,-10.600000000000001
253.88,-10.600000000000001
253.92000000000002,-10.600000000000001
253.96,-10.600000000000001
254.0,-10.600000000000001
254.04,-10.600000000000001
254.08,-10.4
254.12,-10.600000000000001
254.16,-10.600000000000001
254.20000000000002,-10.600000000000001
254.24,-10.600000000000001
254.28,-10.4
254.32,-10.4
254.36,-10.600000000000001
254.4,-10.600000000000001
254.44,-10.600000000000001
254.48000000000002,-10.600000000000001
254.52,-10.600000000000001
254.56,-10.600000000000001
254.6,-10.600000000000001
254.64000000000001,-10.600000000000001
254.68,-10.600000000000001
254.72,-10.4
254.76000000000002,-10.600000000000001
254.8,-10.600000000000001
254.84,-10.600000000000001
254.88,-10.4
254.92000000000002,-10.600000000000001
254.96,-10.600000000000001
255.0,-10.4
255.04,-10.4
255.08,-10.600000000000001
255.12,-10.600000000000001
255.16,-10.600000000000001
255.20000000000002,-10.600000000000001
255.24,-10.600000000000001
255.28,-10.4
255.32,-10.600000000000001
255.36,-10.600000000000001
255.4,-10.600000000000001
255.44,-10.600000000000001
255.48000000000002,-10.4
255.52,-10.600000000000001
255.56,-10.600000000000001
255.6,-10.4
255.64000000000001,-10.4
255.68,-10.600000000000001
255.72,-10.600000000000001
255.76000000000002,-10.4
255.8,-10.600000000000001
255.84,-10.600000000000001
255.88,-10.600000000000001
255.92000000000002,-10.600000000000001
255.96,-10.4
256.0,-10.600000000000001
256.04,-10.4
256.08,-10.4
256.12,-10.600000000000001
256.16,-10.4
256.2,-10.600000000000001
256.24,-10.4
256.28000000000003,-10.4
256.32,-10.4
256.36,-10.4
256.4,-10.4
256.44,-10.4
256.48,-10.600000000000001
256.52,-10.4
256.56,-10.4
256.6,-10.4
256.64,-10.4
256.68,-10.4
256.72,-10.4
256.76,-10.4
256.8,-10.4
256.84000000000003,-10.4
256.88,-10.4
256.92,-10.4
256.96,-10.4
257.0,-10.4
257.04,-10.4
257.08,-10.4
257.12,-10.4
257.16,-10.4
257.2,-10.4
257.24,-10.4
257.28000000000003,-10.4
257.32,-10.4
257.36,-10.4
257.4,-10.4
257.44,-10.4
257.48,-10.4
257.52,-10.4
257.56,-10.4
257.6,-10.4
257.64,-10.4
257.68,-10.4
257.72,-10.4
257.76,-10.4
257.8,-10.4
257.84000000000003,-10.4
257.88,-10.4
257.92,-10.4
257.96,-10.4
258.0,-10.4
258.04,-10.4
258.08,-10.4
258.12,-10.4
258.16,-10.4
258.2,-10.4
258.24,-10.4
258.28000000000003,-10.4
258.32,-10.4
258.36,-10.4
258.4,-10.4
258.44,-10.4
258.48,-10.4
258.52,-10.200000000000001
258.56,-10.4
258.6,-10.4
258.64,-10.200000000000001
258.68,-10.200000000000001
258.72,-10.200000000000001
258.76,-10.200000000000001
258.8,-10.4
258.84000000000003,-10.200000000000001
258.88,-10.200000000000001
258.92,-10.200000000000001
258.96,-10.200000000000001
259.0,-10.200000000000001
259.04,-10.200000000000001
259.08,-10.200000000000001
259.12,-10.200000000000001
259.16,-10.200000000000001
259.2,-10.200000000000001
259.24,-10.200000000000001
259.28000000000003,-10.200000000000001
259.32,-10.4
259.36,-10.200000000000001
259.4,-10.200000000000001
259.44,-10.0
259.48,-10.0
259.52,-10.200000000000001
259.56,-10.0
259.6,-10.0
259.64,-10.0
259.68,-10.200000000000001
259.72,-10.200000000000001
259.76,-10.0
259.8,-10.0
259.84000000000003,-10.200000000000001
259.88,-10.200000000000001
259.92,-10.200000000000001
259.96,-10.200000000000001
260.0,-10.0
260.04,-10.0
260.08,-10.0
260.12,-10.0
260.16,-10.200000000000001
260.2,-10.0
260.24,-10.200000000000001
260.28000000000003,-10.0
260.32,-10.0
260.36,-10.200000000000001
260.4,-10.0
260.44,-10.200000000000001
260.48,-10.0
260.52,-10.200000000000001
260.56,-10.0
260.6,-10.0
260.64,-10.0
260.68,-10.0
260.72,-10.0
260.76,-10.0
260.8,-10.200000000000001
260.84000000000003,-10.0
260.88,-10.0
260.92,-10.0
260.96,-10.0
261.0,-10.0
261.04,-10.0
261.08,-10.0
261.12,-10.0
261.16,-10.0
261.2,-10.0
261.24,-10.0
261.28000000000003,-10.0
261.32,-10.0
261.36,-10.0
261.4,-10.0
261.44,-10.0
261.48,-10.0
261.52,-10.0
261.56,-10.0
261.6,-10.0
261.64,-10.0
261.68,-10.0
261.72,-10.0
261.76,-10.0
261.8,-10.0
261.84000000000003,-10.0
261.88,-10.0
261.92,-10.0
261.96,-10.0
262.0,-10.0
262.04,-10.0
262.08,-10.0
262.12,-10.0
262.16,-10.0
262.2,-10.0
262.24,-10.0
262.28000000000003,-10.0
262.32,-10.0
262.36,-10.0
262.4,-10.0
262.44,-10.0
262.48,-10.0
262.52,-10.0
262.56,-10.0
262.6,-10.0
262.64,-10.0
262.68,-10.0
262.72,-10.0
262.76,-10.0
262.8,-9.8
262.84000000000003,-10.0
262.88,-10.0
262.92,-10.0
262.96,-9.8
263.0,-9.8
263.04,-10.0
263.08,-9.8
263.12,-10.0
263.16,-10.0
263.2,-9.8
263.24,-9.8
263.28000000000003,-9.8
263.32,-9.8
263.36,-9.8
263.4,-9.8
263.44,-9.8
263.48,-10.0
263.52,-9.8
263.56,-10.0
263.6,-9.8
263.64,-9.8
263.68,-9.8
263.72,-9.8
263.76,-9.8
263.8,-9.8
263.84000000000003,-9.8
263.88,-9.8
263.92,-9.8
263.96,-9.8
264.0,-9.8
264.04,-9.600000000000001
264.08,-9.8
264.12,-9.8
264.16,-9.8
264.2,-9.8
264.24,-9.8
264.28000000000003,-9.8
264.32,-9.8
264.36,-9.8
264.4,-9.8
264.44,-9.8
264.48,-9.8
264.52,-9.600000000000001
264.56,-9.8
264.6,-9.600000000000001
264.64,-9.8
264.68,-9.8
264.72,-9.8
264.76,-9.8
264.8,-9.8
264.84000000000003,-9.600000000000001
264.88,-9.8
264.92,-9.8
264.96,-9.600000000000001
265.0,-9.8
265.04,-9.600000000000001
265.08,-9.600000000000001
265.12,-9.8
265.16,-9.8
265.2,-9.600000000000001
265.24,-9.600000000000001
265.28000000000003,-9.600000000000001
265.32,-9.8
265.36,-9.600000000000001
265.4,-9.8
265.44,-9.600000000000001
265.48,-9.600000000000001
265.52,-9.600000000000001
265.56,-9.600000000000001
265.6,-9.600000000000001
265.64,-9.600000000000001
265.68,-9.600000000000001
265.72,-9.600000000000001
265.76,-9.600000000000001
265.8,-9.600000000000001
265.84000000000003,-9.600000000000001
265.88,-9.600000000000001
265.92,-9.600000000000001
265.96,-9.600000000000001
266.0,-9.600000000000001
266.04,-9.600000000000001
266.08,-9.600000000000001
266.12,-9.600000000000001
266.16,-9.600000000000001
266.2,-9.600000000000001
266.24,-9.600000000000001
266.28000000000003,-9.600000000000001
266.32,-9.600000000000001
266.36,-9.600000000000001
266.4,-9.4
266.44,-9.600000000000001
266.48,-9.600000000000001
266.52,-9.600000000000001
266.56,-9.600000000000001
266.6,-9.600000000000001
266.64,-9.600000000000001
266.68,-9.4
266.72,-9.600000000000001
266.76,-9.600000000000001
266.8,-9.600000000000001
266.84000000000003,-9.600000000000001
266.88,-9.600000000000001
266.92,-9.4
266.96,-9.600000000000001
267.0,-9.600000000000001
267.04,-9.600000000000001
267.08,-9.4
267.12,-9.4
267.16,-9.4
267.2,-9.4
267.24,-9.600000000000001
267.28000000000003,-9.4
267.32,-9.4
267.36,-9.4
267.4,-9.4
267.44,-9.4
267.48,-9.4
267.52,-9.600000000000001
267.56,-9.4
267.6,-9.200000000000001
267.64,-9.200000000000001
267.68,-9.4
267.72,-9.4
267.76,-9.4
267.8,-9.200000000000001
267.84000000000003,-9.200000000000001
267.88,-9.200000000000001
267.92,-9.200000000000001
267.96,-9.4
268.0,-9.4
268.04,-9.200000000000001
268.08,-9.4
268.12,-9.4
268.16,-9.200000000000001
268.2,-9.200000000000001
268.24,-9.200000000000001
268.28000000000003,-9.200000000000001
268.32,-9.200000000000001
268.36,-9.200000000000001
268.4,-9.200000000000001
268.44,-9.4
268.48,-9.200000000000001
268.52,-9.200000000000001
268.56,-9.200000000000001
268.6,-9.200000000000001
268.64,-9.200000000000001
268.68,-9.200000000000001
268.72,-9.200000000000001
268.76,-9.200000000000001
268.8,-9.200000000000001
268.84000000000003,-9.200000000000001
268.88,-9.200000000000001
268.92,-9.4
268.96,-9.200000000000001
269.0,-9.200000000000001
269.04,-9.200000000000001
269.08,-9.4
269.12,-9.200000000000001
269.16,-9.200000000000001
269.2,-9.200000000000001
269.24,-9.200000000000001
269.28000000000003,-9.200000000000001
269.32,-9.200000000000001
269.36,-9.200000000000001
269.4,-9.200000000000001
269.44,-9.200000000000001
269.48,-9.200000000000001
269.52,-9.200000000000001
269.56,-9.200000000000001
269.6,-9.200000000000001
269.64,-9.200000000000001
269.68,-9.200000000000001
269.72,-9.200000000000001
269.76,-9.200000000000001
269.8,-9.200000000000001
269.84000000000003,-9.200000000000001
269.88,-9.200000000000001
269.92,-9.200000000000001
269.96,-9.200000000000001
270.0,-9.200000000000001
270.04,-9.200000000000001
270.08,-9.200000000000001
270.12,-9.200000000000001
270.16,-9.200000000000001
270.2,-9.200000000000001
270.24,-9.200000000000001
270.28000000000003,-9.200000000000001
270.32,-9.200000000000001
270.36,-9.200000000000001
270.4,-9.200000000000001
270.44,-9.200000000000001
270.48,-9.200000000000001
270.52,-9.200000000000001
270.56,-9.200000000000001
270.6,-9.200000000000001
270.64,-9.200000000000001
270.68,-9.200000000000001
270.72,-9.200000000000001
270.76,-9.200000000000001
270.8,-9.200000000000001
270.84000000000003,-9.200000000000001
270.88,-9.200000000000001
270.92,-9.200000000000001
270.96,-9.200000000000001
271.0,-9.200000000000001
271.04,-9.200000000000001
271.08,-9.200000000000001
271.12,-9.200000000000001
271.16,-9.200000000000001
271.2,-9.200000000000001
271.24,-9.0
271.28000000000003,-9.200000000000001
271.32,-9.200000000000001
271.36,-9.200000000000001
271.4,-9.200000000000001
271.44,-9.0
271.48,-9.0
271.52,-9.0
271.56,-9.0
271.6,-9.200000000000001
271.64,-9.0
271.68,-9.200000000000001
271.72,-9.0
271.76,-9.200000000000001
271.8,-9.200000000000001
271.84000000000003,-9.200000000000001
271.88,-9.0
271.92,-9.200000000000001
271.96,-9.200000000000001
272.0,-9.200000000000001
272.04,-9.0
272.08,-9.0
272.12,-9.200000000000001
272.16,-9.200000000000001
272.2,-9.0
272.24,-9.0
272.28000000000003,-9.0
272.32,-9.0
272.36,-9.0
272.4,-9.0
272.44,-9.0
272.48,-9.0
272.52,-9.0
272.56,-9.0
272.6,-9.0
272.64,-9.0
272.68,-9.0
272.72,-9.0
272.76,-9.0
272.8,-9.0
272.84000000000003,-9.0
272.88,-9.0
272.92,-9.0
272.96,-9.0
273.0,-9.0
273.04,-9.0
273.08,-9.0
273.12,-9.0
273.16,-9.0
273.2,-9.0
273.24,-9.0
273.28000000000003,-9.0
273.32,-9.0
273.36,-9.0
273.40000000000003,-9.0
273.44,-9.0
273.48,-9.0
273.52,-8.8
273.56,-9.0
273.6,-9.0
273.64,-9.0
273.68,-9.0
273.72,-9.0
273.76,-9.0
273.8,-8.8
273.84000000000003,-8.8
273.88,-9.0
273.92,-8.8
273.96,-9.0
274.0,-8.8
274.04,-8.6
274.08,-8.8
274.12,-8.8
274.16,-9.0
274.2,-8.8
274.24,-8.8
274.28000000000003,-8.8
274.32,-8.8
274.36,-8.8
274.40000000000003,-8.6
274.44,-8.8
274.48,-8.6
274.52,-8.6
274.56,-8.6
274.6,-8.8
274.64,-8.8
274.68,-8.6
274.72,-8.6
274.76,-8.6
274.8,-8.8
274.84000000000003,-8.6
274.88,-8.8
274.92,-8.8
274.96,-8.6
275.0,-8.6
275.04,-8.6
275.08,-8.6
275.12,-8.6
275.16,-8.6
275.2,-8.6
275.24,-8.6
275.28000000000003,-8.6
275.32,-8.6
275.36,-8.6
275.40000000000003,-8.6
275.44,-8.6
275.48,-8.6
275.52,-8.6
275.56,-8.6
275.6,-8.6
275.64,-8.6
275.68,-8.6
275.72,-8.6
275.76,-8.6
275.8,-8.6
275.84000000000003,-8.6
275.88,-8.6
275.92,-8.6
275.96,-8.6
276.0,-8.6
276.04,-8.6
276.08,-8.6
276.12,-8.6
276.16,-8.6
276.2,-8.6
276.24,-8.6
276.28000000000003,-8.6
276.32,-8.6
276.36,-8.6
276.40000000000003,-8.6
276.44,-8.6
276.48,-8.6
276.52,-8.6
276.56,-8.6
276.6,-8.4
276.64,-8.6
276.68,-8.6
276.72,-8.4
276.76,-8.4
276.8,-8.6
276.84000000000003,-8.4
276.88,-8.6
276.92,-8.4
276.96,-8.6
277.0,-8.4
277.04,-8.4
277.08,-8.4
277.12,-8.4
277.16,-8.4
277.2,-8.4
277.24,-8.6
277.28000000000003,-8.4
277.32,-8.4
277.36,-8.4
277.40000000000003,-8.4
277.44,-8.4
277.48,-8.4
277.52,-8.200000000000001
277.56,-8.4
277.6,-8.200000000000001
277.64,-8.200000000000001
277.68,-8.200000000000001
277.72,-8.200000000000001
277.76,-8.200000000000001
277.8,-8.4
277.84000000000003,-8.4
277.88,-8.4
277.92,-8.4
277.96,-8.4
278.0,-8.4
278.04,-8.4
278.08,-8.4
278.12,-8.200000000000001
278.16,-8.4
278.2,-8.4
278.24,-8.4
278.28000000000003,-8.4
278.32,-8.4
278.36,-8.4
278.40000000000003,-8.200000000000001
278.44,-8.4
278.48,-8.4
278.52,-8.4
278.56,-8.4
278.6,-8.200000000000001
278.64,-8.200000000000001
278.68,-8.200000000000001
278.72,-8.200000000000001
278.76,-8.200000000000001
278.8,-8.4
278.84000000000003,-8.4
278.88,-8.200000000000001
278.92,-8.200000000000001
278.96,-8.200000000000001
279.0,-8.200000000000001
279.04,-8.4
279.08,-8.4
279.12,-8.200000000000001
279.16,-8.200000000000001
279.2,-8.200000000000001
279.24,-8.200000000000001
279.28000000000003,-8.200000000000001
279.32,-8.200000000000001
279.36,-8.4
279.40000000000003,-8.200000000000001
279.44,-8.200000000000001
279.48,-8.200000000000001
279.52,-8.200000000000001
279.56,-8.200000000000001
279.6,-8.200000000000001
279.64,-8.200000000000001
279.68,-8.200000000000001
279.72,-8.200000000000001
279.76,-8.200000000000001
279.8,-8.200000000000001
279.84000000000003,-8.200000000000001
279.88,-8.200000000000001
279.92,-8.200000000000001
279.96,-8.200000000000001
280.0,-8.200000000000001
280.04,-8.200000000000001
280.08,-8.200000000000001
280.12,-8.0
280.16,-8.200000000000001
280.2,-8.200000000000001
280.24,-8.200000000000001
280.28000000000003,-8.0
280.32,-8.0
280.36,-8.0
280.40000000000003,-8.0
280.44,-8.0
280.48,-8.0
280.52,-8.0
280.56,-8.0
280.6,-8.0
280.64,-8.0
280.68,-7.800000000000001
280.72,-7.800000000000001
280.76,-7.800000000000001
280.8,-8.0
280.84000000000003,-7.800000000000001
280.88,-7.800000000000001
280.92,-7.800000000000001
280.96,-7.800000000000001
281.0,-8.0
281.04,-7.800000000000001
281.08,-8.0
281.12,-7.800000000000001
281.16,-8.0
281.2,-7.800000000000001
281.24,-8.0
281.28000000000003,-7.800000000000001
281.32,-7.800000000000001
281.36,-8.0
281.40000000000003,-7.800000000000001
281.44,-7.800000000000001
281.48,-8.0
281.52,-7.800000000000001
281.56,-7.800000000000001
281.6,-7.800000000000001
281.64,-7.800000000000001
281.68,-7.800000000000001
281.72,-7.800000000000001
281.76,-7.800000000000001
281.8,-7.800000000000001
281.84000000000003,-7.800000000000001
281.88,-7.800000000000001
281.92,-7.800000000000001
281.96,-7.800000000000001
282.0,-7.800000000000001
282.04,-7.800000000000001
282.08,-7.800000000000001
282.12,-7.800000000000001
282.16,-7.800000000000001
282.2,-7.800000000000001
282.24,-7.800000000000001
282.28000000000003,-7.800000000000001
282.32,-7.800000000000001
282.36,-7.800000000000001
282.40000000000003,-7.800000000000001
282.44,-7.6000000000000005
282.48,-7.800000000000001
282.52,-7.800000000000001
282.56,-7.800000000000001
282.6,-7.800000000000001
282.64,-7.800000000000001
282.68,-7.800000000000001
282.72,-7.6000000000000005
282.76,-7.6000000000000005
282.8,-7.6000000000000005
282.84000000000003,-7.6000000000000005
282.88,-7.6000000000000005
282.92,-7.6000000000000005
282.96,-7.6000000000000005
283.0,-7.6000000000000005
283.04,-7.6000000000000005
283.08,-7.6000000000000005
283.12,-7.6000000000000005
283.16,-7.6000000000000005
283.2,-7.800000000000001
283.24,-7.6000000000000005
283.28000000000003,-7.6000000000000005
283.32,-7.6000000000000005
283.36,-7.6000000000000005
283.40000000000003,-7.6000000000000005
283.44,-7.4
283.48,-7.6000000000000005
283.52,-7.6000000000000005
283.56,-7.4
283.6,-7.6000000000000005
283.64,-7.6000000000000005
283.68,-7.6000000000000005
283.72,-7.6000000000000005
283.76,-7.6000000000000005
283.8,-7.6000000000000005
283.84000000000003,-7.6000000000000005
283.88,-7.6000000000000005
283.92,-7.6000000000000005
283.96,-7.4
284.0,-7.6000000000000005
284.04,-7.4
284.08,-7.6000000000000005
284.12,-7.6000000000000005
284.16,-7.4
284.2,-7.6000000000000005
284.24,-7.4
284.28000000000003,-7.6000000000000005
284.32,-7.4
284.36,-7.4
284.40000000000003,-7.6000000000000005
284.44,-7.4
284.48,-7.4
284.52,-7.4
284.56,-7.4
284.6,-7.6000000000000005
284.64,-7.4
284.68,-7.4
284.72,-7.4
284.76,-7.6000000000000005
284.8,-7.6000000000000005
284.84000000000003,-7.4
284.88,-7.4
284.92,-7.4
284.96,-7.4
285.0,-7.4
285.04,-7.4
285.08,-7.4
285.12,-7.4
285.16,-7.4
285.2,-7.4
285.24,-7.4
285.28000000000003,-7.4
285.32,-7.4
285.36,-7.4
285.40000000000003,-7.4
285.44,-7.4
285.48,-7.4
285.52,-7.2
285.56,-7.4
285.6,-7.4
285.64,-7.2
285.68,-7.2
285.72,-7.2
285.76,-7.4
285.8,-7.2
285.84000000000003,-7.2
285.88,-7.2
285.92,-7.4
285.96,-7.2
286.0,-7.2
286.04,-7.4
286.08,-7.2
286.12,-7.2
286.16,-7.2
286.2,-7.2
286.24,-7.2
286.28000000000003,-7.2
286.32,-7.2
286.36,-7.2
286.40000000000003,-7.2
286.44,-7.2
286.48,-7.0
286.52,-7.0
286.56,-7.0
286.6,-7.2
286.64,-7.0
286.68,-7.2
286.72,-7.0
286.76,-7.0
286.8,-7.0
286.84000000000003,-7.0
286.88,-7.0
286.92,-7.0
286.96,-7.0
287.0,-7.0
287.04,-7.0
287.08,-7.0
287.12,-7.0
287.16,-7.0
287.2,-7.0
287.24,-7.0
287.28000000000003,-7.0
287.32,-7.0
287.36,-7.0
287.40000000000003,-7.0
287.44,-7.0
287.48,-7.0
287.52,-7.0
287.56,-7.0
287.6,-7.0
287.64,-7.0
287.68,-7.0
287.72,-7.0
287.76,-7.0
287.8,-7.0
287.84000000000003,-7.0
287.88,-7.0
287.92,-7.0
287.96,-6.800000000000001
288.0,-7.0
288.04,-7.0
288.08,-7.0
288.12,-7.0
288.16,-7.0
288.2,-7.0
288.24,-7.0
288.28000000000003,-7.0
288.32,-6.800000000000001
288.36,-6.800000000000001
288.40000000000003,-7.0
288.44,-6.800000000000001
288.48,-7.0
288.52,-7.0
288.56,-6.800000000000001
288.6,-6.800000000000001
288.64,-6.800000000000001
288.68,-6.800000000000001
288.72,-7.0
288.76,-6.800000000000001
288.8,-6.800000000000001
288.84000000000003,-6.800000000000001
288.88,-6.800000000000001
288.92,-6.800000000000001
288.96,-6.800000000000001
289.0,-6.800000000000001
289.04,-6.800000000000001
289.08,-6.800000000000001
289.12,-6.800000000000001
289.16,-6.800000000000001
289.2,-6.6000000000000005
289.24,-6.800000000000001
289.28000000000003,-6.800000000000001
289.32,-6.6000000000000005
289.36,-6.800000000000001
289.40000000000003,-6.800000000000001
289.44,-6.800000000000001
289.48,-6.6000000000000005
289.52,-6.6000000000000005
289.56,-6.6000000000000005
289.6,-6.800000000000001
289.64,-6.800000000000001
289.68,-6.6000000000000005
289.72,-6.6000000000000005
289.76,-6.6000000000000005
289.8,-6.800000000000001
289.84000000000003,-6.800000000000001
289.88,-6.6000000000000005
289.92,-6.6000000000000005
289.96,-6.6000000000000005
290.0,-6.6000000000000005
290.04,-6.6000000000000005
290.08,-6.6000000000000005
290.12,-6.800000000000001
290.16,-6.6000000000000005
290.2,-6.6000000000000005
290.24,-6.6000000000000005
290.28000000000003,-6.6000000000000005
290.32,-6.800000000000001
290.36,-6.6000000000000005
290.40000000000003,-6.6000000000000005
290.44,-6.6000000000000005
290.48,-6.6000000000000005
290.52,-6.6000000000000005
290.56,-6.6000000000000005
290.6,-6.6000000000000005
290.64,-6.4
290.68,-6.6000000000000005
290.72,-6.6000000000000005
290.76,-6.6000000000000005
290.8,-6.4
290.84000000000003,-6.6000000000000005
290.88,-6.6000000000000005
290.92,-6.6000000000000005
290.96,-6.6000000000000005
291.0,-6.6000000000000005
291.04,-6.4
291.08,-6.4
291.12,-6.6000000000000005
291.16,-6.6000000000000005
291.2,-6.4
291.24,-6.4
291.28000000000003,-6.4
291.32,-6.4
291.36,-6.4
291.40000000000003,-6.4
291.44,-6.2
291.48,-6.2
291.52,-6.4
291.56,-6.4
291.6,-6.4
291.64,-6.2
291.68,-6.4
291.72,-6.2
291.76,-6.4
291.8,-6.4
291.84000000000003,-6.4
291.88,-6.2
291.92,-6.2
291.96,-6.4
292.0,-6.2
292.04,-6.2
292.08,-6.2
292.12,-6.2
292.16,-6.2
292.2,-6.2
292.24,-6.2
292.28000000000003,-6.2
292.32,-6.2
292.36,-6.2
292.40000000000003,-6.2
292.44,-6.2
292.48,-6.2
292.52,-6.2
292.56,-6.2
292.6,-6.2
292.64,-6.2
292.68,-6.2
292.72,-6.2
292.76,-6.2
292.8,-6.2
292.84000000000003,-6.2
292.88,-6.2
292.92,-6.2
292.96,-6.2
293.0,-6.2
293.04,-6.2
293.08,-6.2
293.12,-6.2
293.16,-6.2
293.2,-6.2
293.24,-6.2
293.28000000000003,-6.2
293.32,-6.2
293.36,-6.2
293.40000000000003,-6.2
293.44,-6.2
293.48,-6.2
293.52,-6.2
293.56,-6.0
293.6,-6.2
293.64,-6.2
293.68,-6.2
293.72,-6.2
293.76,-6.2
293.8,-6.0
293.84000000000003,-6.0
293.88,-6.0
293.92,-6.0
293.96,-6.0
294.0,-6.0
294.04,-6.0
294.08,-6.0
294.12,-6.0
294.16,-6.0
294.2,-6.0
294.24,-6.0
294.28000000000003,-6.0
294.32,-6.0
294.36,-6.0
294.40000000000003,-6.0
294.44,-5.800000000000001
294.48,-5.800000000000001
294.52,-6.0
294.56,-5.800000000000001
294.6,-5.800000000000001
294.64,-6.0
294.68,-5.800000000000001
294.72,-5.800000000000001
294.76,-6.0
294.8,-6.0
294.84000000000003,-5.800000000000001
294.88,-5.800000000000001
294.92,-5.800000000000001
294.96,-6.0
295.0,-5.800000000000001
295.04,-6.0
295.08,-5.800000000000001
295.12,-6.0
295.16,-5.800000000000001
295.2,-6.0
295.24,-5.800000000000001
295.28000000000003,-5.800000000000001
295.32,-5.800000000000001
295.36,-5.800000000000001
295.40000000000003,-5.800000000000001
295.44,-5.800000000000001
295.48,-5.800000000000001
295.52,-5.800000000000001
295.56,-6.0
295.6,-5.800000000000001
295.64,-5.800000000000001
295.68,-5.800000000000001
295.72,-5.800000000000001
295.76,-5.800000000000001
295.8,-5.6000000000000005
295.84000000000003,-5.6000000000000005
295.88,-5.800000000000001
295.92,-5.800000000000001
295.96,-5.800000000000001
296.0,-5.800000000000001
296.04,-5.800000000000001
296.08,-5.800000000000001
296.12,-5.800000000000001
296.16,-5.800000000000001
296.2,-5.6000000000000005
296.24,-5.800000000000001
296.28000000000003,-5.6000000000000005
296.32,-5.800000000000001
296.36,-5.800000000000001
296.40000000000003,-5.6000000000000005
296.44,-5.6000000000000005
296.48,-5.6000000000000005
296.52,-5.800000000000001
296.56,-5.6000000000000005
296.6,-5.4
296.64,-5.4
296.68,-5.6000000000000005
296.72,-5.4
296.76,-5.800000000000001
296.8,-5.6000000000000005
296.84000000000003,-5.4
296.88,-5.4
296.92,-5.4
296.96,-5.800000000000001
297.0,-5.4
297.04,-5.6000000000000005
297.08,-5.4
297.12,-5.6000000000000005
297.16,-5.4
297.2,-5.4
297.24,-5.4
297.28000000000003,-5.4
297.32,-5.4
297.36,-5.4
297.40000000000003,-5.4
297.44,-5.4
297.48,-5.4
297.52,-5.4
297.56,-5.4
297.6,-5.4
297.64,-5.4
297.68,-5.4
297.72,-5.4
297.76,-5.4
297.8,-5.4
297.84000000000003,-5.2
297.88,-5.4
297.92,-5.4
297.96,-5.4
298.0,-5.4
298.04,-5.4
298.08,-5.4
298.12,-5.4
298.16,-5.4
298.2,-5.4
298.24,-5.4
298.28000000000003,-5.4
298.32,-5.4
298.36,-5.4
298.40000000000003,-5.2
298.44,-5.4
298.48,-5.2
298.52,-5.2
298.56,-5.2
298.6,-5.2
298.64,-5.4
298.68,-5.2
298.72,-5.2
298.76,-5.2
298.8,-5.2
298.84000000000003,-5.2
298.88,-5.2
298.92,-5.2
298.96,-5.2
299.0,-5.2
299.04,-5.2
299.08,-5.2
299.12,-5.2
299.16,-5.2
299.2,-5.2
299.24,-5.2
299.28000000000003,-5.2
299.32,-5.2
299.36,-5.2
299.40000000000003,-5.2
299.44,-5.2
299.48,-5.2
299.52,-5.2
299.56,-5.2
299.6,-5.0
299.64,-5.0
299.68,-5.2
299.72,-5.0
299.76,-5.2
299.8,-5.0
299.84000000000003,-5.0
299.88,-5.0
299.92,-5.0
299.96,-5.0
300.0,-5.0
300.04,-5.0
300.08,-5.0
300.12,-5.0
300.16,-5.0
300.2,-5.0
300.24,-5.0
300.28000000000003,-5.0
300.32,-5.0
300.36,-5.0
300.40000000000003,-5.0
300.44,-5.0
300.48,-5.0
300.52,-5.0
300.56,-5.0
300.6,-5.0
300.64,-5.0
300.68,-5.0
300.72,-4.800000000000001
300.76,-5.0
300.8,-5.0
300.84000000000003,-4.800000000000001
300.88,-5.0
300.92,-4.800000000000001
300.96,-5.0
301.0,-4.800000000000001
301.04,-5.0
301.08,-5.0
301.12,-4.800000000000001
301.16,-4.800000000000001
301.2,-4.800000000000001
301.24,-4.800000000000001
301.28000000000003,-4.800000000000001
301.32,-5.0
301.36,-4.800000000000001
301.40000000000003,-5.0
301.44,-4.6000000000000005
301.48,-4.800000000000001
301.52,-4.6000000000000005
301.56,-4.800000000000001
301.6,-4.6000000000000005
301.64,-4.800000000000001
301.68,-4.6000000000000005
301.72,-4.6000000000000005
301.76,-4.800000000000001
301.8,-4.6000000000000005
301.84000000000003,-4.6000000000000005
301.88,-4.6000000000000005
301.92,-4.6000000000000005
301.96,-4.6000000000000005
302.0,-4.6000000000000005
302.04,-4.6000000000000005
302.08,-4.6000000000000005
302.12,-4.6000000000000005
302.16,-4.6000000000000005
302.2,-4.6000000000000005
302.24,-4.6000000000000005
302.28000000000003,-4.6000000000000005
302.32,-4.6000000000000005
302.36,-4.6000000000000005
302.40000000000003,-4.6000000000000005
302.44,-4.6000000000000005
302.48,-4.6000000000000005
302.52,-4.6000000000000005
302.56,-4.6000000000000005
302.6,-4.6000000000000005
302.64,-4.6000000000000005
302.68,-4.6000000000000005
302.72,-4.6000000000000005
302.76,-4.4
302.8,-4.6000000000000005
302.84000000000003,-4.6000000000000005
302.88,-4.6000000000000005
302.92,-4.4
302.96,-4.4
303.0,-4.4
303.04,-4.4
303.08,-4.6000000000000005
303.12,-4.4
303.16,-4.6000000000000005
303.2,-4.4
303.24,-4.4
303.28000000000003,-4.4
303.32,-4.4
303.36,-4.4
303.40000000000003,-4.4
303.44,-4.4
303.48,-4.4
303.52,-4.4
303.56,-4.4
303.6,-4.4
303.64,-4.4
303.68,-4.4
303.72,-4.4
303.76,-4.4
303.8,-4.4
303.84000000000003,-4.4
303.88,-4.4
303.92,-4.4
303.96,-4.4
304.0,-4.2
304.04,-4.4
304.08,-4.4
304.12,-4.2
304.16,-4.2
304.2,-4.4
304.24,-4.4
304.28000000000003,-4.4
304.32,-4.2
304.36,-4.2
304.40000000000003,-4.4
304.44,-4.2
304.48,-4.2
304.52,-4.2
304.56,-4.2
304.6,-4.4
304.64,-4.2
304.68,-4.2
304.72,-4.2
304.76,-4.2
304.8,-4.2
304.84000000000003,-4.2
304.88,-4.2
304.92,-4.2
304.96,-4.2
305.0,-4.2
305.04,-4.2
305.08,-4.2
305.12,-4.2
305.16,-4.2
305.2,-4.0
305.24,-4.2
305.28000000000003,-4.0
305.32,-4.0
305.36,-4.2
305.40000000000003,-4.2
305.44,-4.2
305.48,-4.0
305.52,-4.0
305.56,-4.0
305.6,-4.0
305.64,-3.8000000000000003
305.68,-4.0
305.72,-4.0
305.76,-4.0
305.8,-4.0
305.84000000000003,-4.0
305.88,-3.8000000000000003
305.92,-3.8000000000000003
305.96,-4.0
306.0,-4.0
306.04,-4.0
306.08,-3.8000000000000003
306.12,-3.8000000000000003
306.16,-3.8000000000000003
306.2,-3.8000000000000003
306.24,-3.8000000000000003
306.28000000000003,-3.8000000000000003
306.32,-3.8000000000000003
306.36,-3.8000000000000003
306.40000000000003,-3.8000000000000003
306.44,-3.8000000000000003
306.48,-3.8000000000000003
306.52,-3.8000000000000003
306.56,-3.8000000000000003
306.6,-3.8000000000000003
306.64,-3.8000000000000003
306.68,-3.8000000000000003
306.72,-3.8000000000000003
306.76,-3.8000000000000003
306.8,-3.8000000000000003
306.84000000000003,-3.8000000000000003
306.88,-3.8000000000000003
306.92,-3.8000000000000003
306.96,-3.8000000000000003
307.0,-3.8000000000000003
307.04,-3.8000000000000003
307.08,-3.8000000000000003
307.12,-3.8000000000000003
307.16,-3.8000000000000003
307.2,-3.8000000000000003
307.24,-3.6
307.28000000000003,-3.6
307.32,-3.8000000000000003
307.36,-3.8000000000000003
307.40000000000003,-3.6
307.44,-3.8000000000000003
307.48,-3.6
307.52,-3.6
307.56,-3.6
307.6,-3.6
307.64,-3.6
307.68,-3.6
307.72,-3.6
307.76,-3.6
307.8,-3.6
307.84000000000003,-3.6
307.88,-3.8000000000000003
307.92,-3.6
307.96,-3.6
308.0,-3.6
308.04,-3.6
308.08,-3.6
308.12,-3.6
308.16,-3.6
308.2,-3.6
308.24,-3.6
308.28000000000003,-3.6
308.32,-3.4000000000000004
308.36,-3.6
308.40000000000003,-3.6
308.44,-3.6
308.48,-3.6
308.52,-3.6
308.56,-3.6
308.6,-3.6
308.64,-3.6
308.68,-3.4000000000000004
308.72,-3.4000000000000004
308.76,-3.6
308.8,-3.4000000000000004
308.84000000000003,-3.4000000000000004
308.88,-3.4000000000000004
308.92,-3.4000000000000004
308.96,-3.4000000000000004
309.0,-3.4000000000000004
309.04,-3.4000000000000004
309.08,-3.4000000000000004
309.12,-3.4000000000000004
309.16,-3.4000000000000004
309.2,-3.4000000000000004
309.24,-3.4000000000000004
309.28000000000003,-3.4000000000000004
309.32,-3.4000000000000004
309.36,-3.4000000000000004
309.40000000000003,-3.4000000000000004
309.44,-3.4000000000000004
309.48,-3.4000000000000004
309.52,-3.4000000000000004
309.56,-3.4000000000000004
309.6,-3.4000000000000004
309.64,-3.4000000000000004
309.68,-3.2
309.72,-3.4000000000000004
309.76,-3.2
309.8,-3.2
309.84000000000003,-3.2
309.88,-3.2
309.92,-3.0
309.96,-3.4000000000000004
310.0,-3.4000000000000004
310.04,-3.2
310.08,-3.4000000000000004
310.12,-3.0
310.16,-3.2
310.2,-3.0
310.24,-3.2
310.28000000000003,-3.2
310.32,-3.0
310.36,-3.2
310.40000000000003,-3.2
310.44,-3.0
310.48,-3.0
310.52,-3.0
310.56,-3.2
310.6,-3.0
310.64,-3.0
310.68,-3.2
310.72,-3.0
310.76,-3.0
310.8,-3.2
310.84000000000003,-3.0
310.88,-3.0
310.92,-3.2
310.96,-3.0
311.0,-3.0
311.04,-3.0
311.08,-3.0
311.12,-3.0
311.16,-3.0
311.2,-3.0
311.24,-3.0
311.28000000000003,-3.0
311.32,-3.0
311.36,-3.0
311.40000000000003,-3.0
311.44,-3.0
311.48,-3.0
311.52,-3.0
311.56,-3.0
311.6,-3.0
311.64,-3.0
311.68,-3.0
311.72,-3.0
311.76,-3.0
311.8,-3.0
311.84000000000003,-3.0
311.88,-3.0
311.92,-3.0
311.96,-3.0
312.0,-3.0
312.04,-3.0
312.08,-3.0
312.12,-3.0
312.16,-3.0
312.2,-3.0
312.24,-3.0
312.28000000000003,-3.0
312.32,-3.0
312.36,-3.0
312.40000000000003,-3.0
312.44,-3.0
312.48,-3.0
312.52,-3.0
312.56,-3.0
312.6,-3.0
312.64,-3.0
312.68,-3.0
312.72,-2.8000000000000003
312.76,-2.8000000000000003
312.8,-3.0
312.84000000000003,-3.0
312.88,-3.0
312.92,-3.0
312.96,-3.0
313.0,-3.0
313.04,-2.8000000000000003
313.08,-2.8000000000000003
313.12,-3.0
313.16,-3.0
313.2,-3.0
313.24,-2.8000000000000003
313.28000000000003,-3.0
313.32,-2.8000000000000003
313.36,-2.8000000000000003
313.40000000000003,-3.0
313.44,-3.0
313.48,-3.0
313.52,-3.0
313.56,-2.8000000000000003
313.6,-2.8000000000000003
313.64,-2.8000000000000003
313.68,-2.8000000000000003
313.72,-3.0
313.76,-2.8000000000000003
313.8,-2.8000000000000003
313.84000000000003,-2.8000000000000003
313.88,-2.8000000000000003
313.92,-2.8000000000000003
313.96,-2.8000000000000003
314.0,-2.8000000000000003
314.04,-2.8000000000000003
314.08,-2.8000000000000003
314.12,-2.8000000000000003
314.16,-2.8000000000000003
314.2,-2.8000000000000003
314.24,-2.8000000000000003
314.28000000000003,-2.8000000000000003
314.32,-2.8000000000000003
314.36,-2.8000000000000003
314.40000000000003,-2.8000000000000003
314.44,-2.8000000000000003
314.48,-2.6
314.52,-2.6
314.56,-2.8000000000000003
314.6,-2.6
314.64,-2.8000000000000003
314.68,-2.8000000000000003
314.72,-2.6
314.76,-2.8000000000000003
314.8,-2.8000000000000003
314.84000000000003,-2.6
314.88,-2.6
314.92,-2.6
314.96,-2.6
315.0,-2.6
315.04,-2.6
315.08,-2.6
315.12,-2.6
315.16,-2.6
315.2,-2.6
315.24,-2.4000000000000004
315.28000000000003,-2.4000000000000004
315.32,-2.4000000000000004
315.36,-2.4000000000000004
315.40000000000003,-2.6
315.44,-2.6
315.48,-2.6
315.52,-2.4000000000000004
315.56,-2.6
315.6,-2.4000000000000004
315.64,-2.6
315.68,-2.4000000000000004
315.72,-2.4000000000000004
315.76,-2.4000000000000004
315.8,-2.4000000000000004
315.84000000000003,-2.4000000000000004
315.88,-2.4000000000000004
315.92,-2.4000000000000004
315.96,-2.4000000000000004
316.0,-2.4000000000000004
316.04,-2.4000000000000004
316.08,-2.4000000000000004
316.12,-2.4000000000000004
316.16,-2.4000000000000004
316.2,-2.4000000000000004
316.24,-2.4000000000000004
316.28000000000003,-2.4000000000000004
316.32,-2.4000000000000004
316.36,-2.4000000000000004
316.40000000000003,-2.4000000000000004
316.44,-2.4000000000000004
316.48,-2.4000000000000004
316.52,-2.2
316.56,-2.4000000000000004
316.6,-2.4000000000000004
316.64,-2.4000000000000004
316.68,-2.2
316.72,-2.4000000000000004
316.76,-2.2
316.8,-2.2
316.84000000000003,-2.4000000000000004
316.88,-2.2
316.92,-2.2
316.96,-2.2
317.0,-2.2
317.04,-2.2
317.08,-2.2
317.12,-2.2
317.16,-2.2
317.2,-2.2
317.24,-2.2
317.28000000000003,-2.2
317.32,-2.2
317.36,-2.2
317.40000000000003,-2.2
317.44,-2.2
317.48,-2.2
317.52,-2.2
317.56,-2.2
317.6,-2.2
317.64,-2.2
317.68,-2.2
317.72,-2.2
317.76,-2.0
317.8,-2.2
317.84000000000003,-2.2
317.88,-2.2
317.92,-2.0
317.96,-2.2
318.0,-2.2
318.04,-2.2
318.08,-2.2
318.12,-2.2
318.16,-2.0
318.2,-2.0
318.24,-2.2
318.28000000000003,-2.0
318.32,-2.2
318.36,-2.0
318.40000000000003,-2.0
318.44,-2.0
318.48,-2.0
318.52,-2.0
318.56,-2.0
318.6,-2.0
318.64,-2.0
318.68,-2.0
318.72,-2.0
318.76,-2.0
318.8,-2.0
318.84000000000003,-2.0
318.88,-2.0
318.92,-2.0
318.96,-2.0
319.0,-2.0
319.04,-2.0
319.08,-1.8
319.12,-2.0
319.16,-2.0
319.2,-2.0
319.24,-2.0
319.28000000000003,-2.0
319.32,-1.8
319.36,-1.8
319.40000000000003,-2.0
319.44,-2.0
319.48,-1.8
319.52,-2.0
319.56,-2.0
319.6,-1.8
319.64,-1.8
319.68,-1.8
319.72,-1.8
319.76,-1.8
319.8,-1.8
319.84000000000003,-1.8
319.88,-1.6
319.92,-1.8
319.96,-1.8
320.0,-1.6
320.04,-1.6
320.08,-1.6
320.12,-1.8
320.16,-1.6
320.2,-1.6
320.24,-1.6
320.28000000000003,-1.6
320.32,-1.6
320.36,-1.6
320.40000000000003,-1.6
320.44,-1.6
320.48,-1.6
320.52,-1.6
320.56,-1.6
320.6,-1.6
320.64,-1.6
320.68,-1.6
320.72,-1.6
320.76,-1.6
320.8,-1.6
320.84000000000003,-1.6
320.88,-1.6
320.92,-1.6
320.96,-1.4000000000000001
321.0,-1.6
321.04,-1.6
321.08,-1.6
321.12,-1.4000000000000001
321.16,-1.6
321.2,-1.6
321.24,-1.4000000000000001
321.28000000000003,-1.4000000000000001
321.32,-1.6
321.36,-1.4000000000000001
321.40000000000003,-1.4000000000000001
321.44,-1.4000000000000001
321.48,-1.4000000000000001
321.52,-1.4000000000000001
321.56,-1.4000000000000001
321.6,-1.4000000000000001
321.64,-1.4000000000000001
321.68,-1.4000000000000001
321.72,-1.4000000000000001
321.76,-1.4000000000000001
321.8,-1.4000000000000001
321.84000000000003,-1.2000000000000002
321.88,-1.4000000000000001
321.92,-1.4000000000000001
321.96,-1.2000000000000002
322.0,-1.4000000000000001
322.04,-1.4000000000000001
322.08,-1.2000000000000002
322.12,-1.4000000000000001
322.16,-1.2000000000000002
322.2,-1.4000000000000001
322.24,-1.2000000000000002
322.28000000000003,-1.2000000000000002
322.32,-1.2000000000000002
322.36,-1.2000000000000002
322.40000000000003,-1.2000000000000002
322.44,-1.2000000000000002
322.48,-1.4000000000000001
322.52,-1.4000000000000001
322.56,-1.4000000000000001
322.6,-1.4000000000000001
322.64,-1.2000000000000002
322.68,-1.2000000000000002
322.72,-1.4000000000000001
322.76,-1.2000000000000002
322.8,-1.2000000000000002
322.84000000000003,-1.2000000000000002
322.88,-1.2000000000000002
322.92,-1.2000000000000002
322.96,-1.2000000000000002
323.0,-1.2000000000000002
323.04,-1.2000000000000002
323.08,-1.2000000000000002
323.12,-1.2000000000000002
323.16,-1.2000000000000002
323.2,-1.2000000000000002
323.24,-1.2000000000000002
323.28000000000003,-1.2000000000000002
323.32,-1.2000000000000002
323.36,-1.2000000000000002
323.40000000000003,-1.2000000000000002
323.44,-1.2000000000000002
323.48,-1.2000000000000002
323.52,-1.2000000000000002
323.56,-1.2000000000000002
323.6,-1.2000000000000002
323.64,-1.2000000000000002
323.68,-1.2000000000000002
323.72,-1.0
323.76,-1.2000000000000002
323.8,-1.0
323.84000000000003,-1.0
323.88,-1.2000000000000002
323.92,-1.0
323.96,-0.8
324.0,-1.0
324.04,-1.0
324.08,-1.0
324.12,-1.0
324.16,-1.2000000000000002
324.2,-0.8
324.24,-1.0
324.28000000000003,-1.0
324.32,-1.0
324.36,-1.0
324.40000000000003,-1.0
324.44,-1.0
324.48,-0.8
324.52,-0.8
324.56,-0.8
324.6,-0.8
324.64,-0.8
324.68,-0.8
324.72,-0.8
324.76,-0.8
324.8,-0.8
324.84000000000003,-0.8
324.88,-0.8
324.92,-0.8
324.96,-0.8
325.0,-0.8
325.04,-0.8
325.08,-0.8
325.12,-0.8
325.16,-0.8
325.2,-0.8
325.24,-0.8
325.28000000000003,-0.8
325.32,-0.8
325.36,-0.8
325.40000000000003,-0.8
325.44,-0.8
325.48,-0.8
325.52,-0.8
325.56,-0.8
325.6,-0.8
325.64,-0.8
325.68,-0.8
325.72,-0.8
325.76,-0.8
325.8,-0.8
325.84000000000003,-0.8
325.88,-0.8
325.92,-0.8
325.96,-0.8
326.0,-0.6000000000000001
326.04,-0.8
326.08,-0.8
326.12,-0.8
326.16,-0.6000000000000001
326.2,-0.6000000000000001
326.24,-0.8
326.28000000000003,-0.6000000000000001
326.32,-0.6000000000000001
326.36,-0.6000000000000001
326.40000000000003,-0.6000000000000001
326.44,-0.8
326.48,-0.6000000000000001
326.52,-0.6000000000000001
326.56,-0.8
326.6,-0.6000000000000001
326.64,-0.6000000000000001
326.68,-0.6000000000000001
326.72,-0.6000000000000001
326.76,-0.6000000000000001
326.8,-0.6000000000000001
326.84000000000003,-0.6000000000000001
326.88,-0.6000000000000001
326.92,-0.6000000000000001
326.96,-0.6000000000000001
327.0,-0.6000000000000001
327.04,-0.4
327.08,-0.6000000000000001
327.12,-0.6000000000000001
327.16,-0.6000000000000001
327.2,-0.4
327.24,-0.4
327.28000000000003,-0.4
327.32,-0.4
327.36,-0.4
327.40000000000003,-0.4
327.44,-0.4
327.48,-0.4
327.52,-0.4
327.56,-0.4
327.6,-0.4
327.64,-0.4
327.68,-0.4
327.72,-0.4
327.76,-0.4
327.8,-0.4
327.84000000000003,-0.4
327.88,-0.4
327.92,-0.4
327.96,-0.4
328.0,-0.4
328.04,-0.4
328.08,-0.4
328.12,-0.4
328.16,-0.4
328.2,-0.4
328.24,-0.6000000000000001
328.28000000000003,-0.4
328.32,-0.4
328.36,-0.4
328.40000000000003,-0.2
328.44,-0.2
328.48,-0.4
328.52,-0.2
328.56,-0.2
328.6,-0.4
328.64,0.0
328.68,-0.2
328.72,-0.4
328.76,0.0
328.8,-0.2
328.84000000000003,-0.4
328.88,-0.2
328.92,-0.2
328.96,-0.2
329.0,-0.2
329.04,-0.2
329.08,-0.2
329.12,0.0
329.16,0.0
329.2,0.0
329.24,0.0
329.28000000000003,0.0
329.32,0.0
329.36,-0.2
329.40000000000003,0.0
329.44,0.0
329.48,0.0
329.52,0.0
329.56,0.0
329.6,0.0
329.64,0.0
329.68,0.0
329.72,0.0
329.76,0.0
329.8,0.0
329.84000000000003,0.0
329.88,0.0
329.92,0.0
329.96,0.0
330.0,0.0
330.04,0.0
330.08,0.0
330.12,0.0
330.16,0.2
330.2,0.0
330.24,0.0
330.28000000000003,0.0
330.32,0.0
330.36,0.0
330.40000000000003,0.0
330.44,0.0
330.48,0.0
330.52,0.0
330.56,0.2
330.6,0.2
330.64,0.2
330.68,0.0
330.72,0.0
330.76,0.2
330.8,0.0
330.84000000000003,0.2
330.88,0.2
330.92,0.2
330.96,0.2
331.0,0.2
331.04,0.2
331.08,0.2
331.12,0.2
331.16,0.2
331.2,0.2
331.24,0.2
331.28000000000003,0.2
331.32,0.2
331.36,0.4
331.40000000000003,0.2
331.44,0.2
331.48,0.4
331.52,0.2
331.56,0.2
331.6,0.4
331.64,0.4
331.68,0.2
331.72,0.2
331.76,0.2
331.8,0.2
331.84000000000003,0.4
331.88,0.2
331.92,0.2
331.96,0.4
332.0,0.4
332.04,0.4
332.08,0.2
332.12,0.4
332.16,0.4
332.2,0.4
332.24,0.4
332.28000000000003,0.4
332.32,0.4
332.36,0.4
332.40000000000003,0.4
332.44,0.4
332.48,0.4
332.52,0.4
332.56,0.4
332.6,0.4
332.64,0.4
332.68,0.4
332.72,0.4
332.76,0.4
332.8,0.4
332.84000000000003,0.4
332.88,0.4
332.92,0.4
332.96,0.4
333.0,0.4
333.04,0.4
333.08,0.4
333.12,0.6000000000000001
333.16,0.4
333.2,0.4
333.24,0.4
333.28000000000003,0.4
333.32,0.6000000000000001
333.36,0.4
333.40000000000003,0.4
333.44,0.4
333.48,0.4
333.52,0.6000000000000001
333.56,0.6000000000000001
333.6,0.6000000000000001
333.64,0.4
333.68,0.6000000000000001
333.72,0.6000000000000001
333.76,0.6000000000000001
333.8,0.4
333.84000000000003,0.6000000000000001
333.88,0.6000000000000001
333.92,0.6000000000000001
333.96,0.6000000000000001
334.0,0.6000000000000001
334.04,0.6000000000000001
334.08,0.8
334.12,0.8
334.16,0.8
334.2,0.8
334.24,0.8
334.28000000000003,0.8
334.32,0.8
334.36,0.8
334.40000000000003,0.8
334.44,0.8
334.48,0.8
334.52,0.8
334.56,0.8
334.6,0.8
334.64,0.8
334.68,0.8
334.72,0.8
334.76,0.8
334.8,0.8
334.84000000000003,0.8
334.88,0.8
334.92,0.8
334.96,0.8
335.0,0.8
335.04,0.8
335.08,0.8
335.12,0.8
335.16,0.8
335.2,0.8
335.24,0.8
335.28000000000003,0.8
335.32,0.8
335.36,1.0
335.40000000000003,0.8
335.44,0.8
335.48,0.8
335.52,0.8
335.56,1.0
335.6,1.0
335.64,1.0
335.68,1.0
335.72,1.0
335.76,1.0
335.8,1.0
335.84000000000003,1.0
335.88,1.0
335.92,1.0
335.96,1.0
336.0,1.0
336.04,1.0
336.08,1.0
336.12,1.0
336.16,1.0
336.2,1.0
336.24,1.0
336.28000000000003,1.0
336.32,1.0
336.36,1.0
336.40000000000003,1.0
336.44,1.0
336.48,1.0
336.52,1.0
336.56,1.0
336.6,1.0
336.64,1.0
336.68,1.0
336.72,1.0
336.76,1.2000000000000002
336.8,1.0
336.84000000000003,1.2000000000000002
336.88,1.2000000000000002
336.92,1.0
336.96,1.2000000000000002
337.0,1.2000000000000002
337.04,1.2000000000000002
337.08,1.2000000000000002
337.12,1.2000000000000002
337.16,1.2000000000000002
337.2,1.2000000000000002
337.24,1.2000000000000002
337.28000000000003,1.2000000000000002
337.32,1.2000000000000002
337.36,1.2000000000000002
337.40000000000003,1.2000000000000002
337.44,1.2000000000000002
337.48,1.2000000000000002
337.52,1.2000000000000002
337.56,1.2000000000000002
337.6,1.2000000000000002
337.64,1.2000000000000002
337.68,1.2000000000000002
337.72,1.4000000000000001
337.76,1.2000000000000002
337.8,1.2000000000000002
337.84000000000003,1.2000000000000002
337.88,1.4000000000000001
337.92,1.2000000000000002
337.96,1.2000000000000002
338.0,1.2000000000000002
338.04,1.4000000000000001
338.08,1.2000000000000002
338.12,1.2000000000000002
338.16,1.4000000000000001
338.2,1.2000000000000002
338.24,1.2000000000000002
338.28000000000003,1.2000000000000002
338.32,1.4000000000000001
338.36,1.2000000000000002
338.40000000000003,1.2000000000000002
338.44,1.4000000000000001
338.48,1.4000000000000001
338.52,1.4000000000000001
338.56,1.2000000000000002
338.6,1.2000000000000002
338.64,1.4000000000000001
338.68,1.4000000000000001
338.72,1.2000000000000002
338.76,1.4000000000000001
338.8,1.4000000000000001
338.84000000000003,1.4000000000000001
338.88,1.4000000000000001
338.92,1.4000000000000001
338.96,1.4000000000000001
339.0,1.4000000000000001
339.04,1.6
339.08,1.4000000000000001
339.12,1.2000000000000002
339.16,1.6
339.2,1.6
339.24,1.4000000000000001
339.28000000000003,1.4000000000000001
339.32,1.4000000000000001
339.36,1.6
339.40000000000003,1.4000000000000001
339.44,1.6
339.48,1.6
339.52,1.6
339.56,1.6
339.6,1.6
339.64,1.6
339.68,1.6
339.72,1.6
339.76,1.6
339.8,1.6
339.84000000000003,1.6
339.88,1.6
339.92,1.6
339.96,1.6
340.0,1.6
340.04,1.6
340.08,1.6
340.12,1.6
340.16,1.6
340.2,1.6
340.24,1.6
340.28000000000003,1.6
340.32,1.6
340.36,1.6
340.40000000000003,1.6
340.44,1.6
340.48,1.6
340.52,1.6
340.56,1.6
340.6,1.6
340.64,1.6
340.68,1.6
340.72,1.6
340.76,1.8
340.8,1.8
340.84000000000003,1.8
340.88,1.8
340.92,1.8
340.96,1.8
341.0,1.6
341.04,1.8
341.08,1.8
341.12,1.8
341.16,1.8
341.2,1.8
341.24,1.8
341.28000000000003,1.8
341.32,1.8
341.36,2.0
341.40000000000003,1.6
341.44,1.8
341.48,1.8
341.52,1.8
341.56,1.8
341.6,1.8
341.64,2.0
341.68,2.0
341.72,1.8
341.76,2.0
341.8,1.8
341.84000000000003,1.8
341.88,2.0
341.92,1.8
341.96,1.8
342.0,2.0
342.04,2.0
342.08,1.8
342.12,2.0
342.16,1.8
342.2,1.8
342.24,1.8
342.28000000000003,1.8
342.32,1.8
342.36,2.0
342.40000000000003,1.8
342.44,1.8
342.48,1.8
342.52,2.0
342.56,1.8
342.6,2.0
342.64,1.8
342.68,2.0
342.72,2.0
342.76,2.0
342.8,2.0
342.84000000000003,1.8
342.88,2.0
342.92,2.0
342.96,2.0
343.0,2.0
343.04,2.0
343.08,2.0
343.12,2.0
343.16,2.0
343.2,2.0
343.24,2.0
343.28000000000003,2.0
343.32,2.0
343.36,2.0
343.40000000000003,2.0
343.44,2.0
343.48,2.0
343.52,2.0
343.56,2.0
343.6,2.0
343.64,2.0
343.68,2.0
343.72,2.0
343.76,2.0
343.8,2.0
343.84000000000003,2.2
343.88,2.0
343.92,2.0
343.96,2.0
344.0,2.0
344.04,2.2
344.08,2.0
344.12,2.0
344.16,2.2
344.2,2.0
344.24,2.2
344.28000000000003,2.0
344.32,2.2
344.36,2.0
344.40000000000003,2.2
344.44,2.0
344.48,2.2
344.52,2.2
344.56,2.2
344.6,2.0
344.64,2.4000000000000004
344.68,2.0
344.72,2.2
344.76,2.2
344.8,2.2
344.84000000000003,2.2
344.88,2.2
344.92,2.4000000000000004
344.96,2.2
345.0,2.4000000000000004
345.04,2.2
345.08,2.2
345.12,2.2
345.16,2.2
345.2,2.4000000000000004
345.24,2.4000000000000004
345.28000000000003,2.4000000000000004
345.32,2.4000000000000004
345.36,2.4000000000000004
345.40000000000003,2.4000000000000004
345.44,2.4000000000000004
345.48,2.4000000000000004
345.52,2.4000000000000004
345.56,2.4000000000000004
345.6,2.4000000000000004
345.64,2.4000000000000004
345.68,2.4000000000000004
345.72,2.4000000000000004
345.76,2.4000000000000004
345.8,2.4000000000000004
345.84000000000003,2.4000000000000004
345.88,2.4000000000000004
345.92,2.4000000000000004
345.96,2.4000000000000004
346.0,2.4000000000000004
346.04,2.4000000000000004
346.08,2.4000000000000004
346.12,2.4000000000000004
346.16,2.4000000000000004
346.2,2.4000000000000004
346.24,2.4000000000000004
346.28000000000003,2.4000000000000004
346.32,2.4000000000000004
346.36,2.4000000000000004
346.40000000000003,2.4000000000000004
346.44,2.4000000000000004
346.48,2.4000000000000004
346.52,2.4000000000000004
346.56,2.4000000000000004
346.6,2.4000000000000004
346.64,2.4000000000000004
346.68,2.4000000000000004
346.72,2.4000000000000004
346.76,2.4000000000000004
346.8,2.4000000000000004
346.84000000000003,2.4000000000000004
346.88,2.4000000000000004
346.92,2.4000000000000004
346.96,2.4000000000000004
347.0,2.4000000000000004
347.04,2.4000000000000004
347.08,2.6
347.12,2.4000000000000004
347.16,2.4000000000000004
347.2,2.6
347.24,2.4000000000000004
347.28000000000003,2.4000000000000004
347.32,2.4000000000000004
347.36,2.6
347.40000000000003,2.4000000000000004
347.44,2.4000000000000004
347.48,2.6
347.52,2.4000000000000004
347.56,2.6
347.6,2.4000000000000004
347.64,2.4000000000000004
347.68,2.4000000000000004
347.72,2.6
347.76,2.4000000000000004
347.8,2.6
347.84000000000003,2.4000000000000004
347.88,2.6
347.92,2.6
347.96,2.6
348.0,2.6
348.04,2.6
348.08,2.6
348.12,2.6
348.16,2.6
348.2,2.6
348.24,2.6
348.28000000000003,2.8000000000000003
348.32,2.6
348.36,2.6
348.40000000000003,2.6
348.44,2.6
348.48,2.6
348.52,2.6
348.56,2.6
348.6,2.6
348.64,2.6
348.68,2.6
348.72,2.6
348.76,2.6
348.8,2.6
348.84000000000003,2.6
348.88,2.6
348.92,2.6
348.96,2.6
349.0,2.6
349.04,2.6
349.08,2.6
349.12,2.6
349.16,2.6
349.2,2.6
349.24,2.8000000000000003
349.28000000000003,2.6
349.32,2.8000000000000003
349.36,2.8000000000000003
349.40000000000003,2.8000000000000003
349.44,2.8000000000000003
349.48,2.8000000000000003
349.52,2.8000000000000003
349.56,2.6
349.6,2.8000000000000003
349.64,2.8000000000000003
349.68,2.8000000000000003
349.72,2.6
349.76,2.8000000000000003
349.8,2.6
349.84000000000003,2.6
349.88,2.8000000000000003
349.92,2.8000000000000003
349.96,2.8000000000000003
350.0,2.8000000000000003
350.04,2.8000000000000003
350.08,2.8000000000000003
350.12,2.8000000000000003
350.16,2.8000000000000003
350.2,2.8000000000000003
350.24,2.8000000000000003
350.28000000000003,2.8000000000000003
350.32,2.8000000000000003
350.36,2.8000000000000003
350.40000000000003,2.8000000000000003
350.44,2.8000000000000003
350.48,2.8000000000000003
350.52,2.8000000000000003
350.56,2.8000000000000003
350.6,2.8000000000000003
350.64,2.8000000000000003
350.68,2.8000000000000003
350.72,2.8000000000000003
350.76,3.0
350.8,2.8000000000000003
350.84000000000003,2.8000000000000003
350.88,2.8000000000000003
350.92,2.8000000000000003
350.96,2.8000000000000003
351.0,2.8000000000000003
351.04,2.8000000000000003
351.08,2.8000000000000003
351.12,2.8000000000000003
351.16,3.0
351.2,3.0
351.24,2.8000000000000003
351.28000000000003,2.8000000000000003
351.32,2.8000000000000003
351.36,2.8000000000000003
351.40000000000003,3.0
351.44,3.0
351.48,2.8000000000000003
351.52,3.0
351.56,2.8000000000000003
351.6,3.0
351.64,3.0
351.68,2.8000000000000003
351.72,2.8000000000000003
351.76,2.8000000000000003
351.8,2.8000000000000003
351.84000000000003,2.8000000000000003
351.88,3.0
351.92,3.0
351.96,3.0
352.0,3.0
352.04,3.2
352.08,3.0
352.12,3.0
352.16,3.0
352.2,3.0
352.24,3.0
352.28000000000003,3.0
352.32,3.2
352.36,3.2
352.40000000000003,3.2
352.44,3.2
352.48,3.2
352.52,3.0
352.56,3.0
352.6,3.2
352.64,3.2
352.68,3.0
352.72,3.0
352.76,3.2
352.8,3.2
352.84000000000003,3.2
352.88,3.2
352.92,3.2
352.96,3.0
353.0,3.2
353.04,3.2
353.08,3.2
353.12,3.2
353.16,3.0
353.2,3.2
353.24,3.2
353.28000000000003,3.0
353.32,3.2
353.36,3.2
353.40000000000003,3.2
353.44,3.2
353.48,3.2
353.52,3.2
353.56,3.2
353.6,3.2
353.64,3.2
353.68,3.2
353.72,3.2
353.76,3.2
353.8,3.2
353.84000000000003,3.2
353.88,3.2
353.92,3.2
353.96,3.2
354.0,3.2
354.04,3.2
354.08,3.2
354.12,3.2
354.16,3.2
354.2,3.2
354.24,3.2
354.28000000000003,3.2
354.32,3.2
354.36,3.2
354.40000000000003,3.2
354.44,3.2
354.48,3.2
354.52,3.2
354.56,3.2
354.6,3.2
354.64,3.2
354.68,3.2
354.72,3.2
354.76,3.2
354.8,3.2
354.84000000000003,3.2
354.88,3.2
354.92,3.2
354.96,3.2
355.0,3.2
355.04,3.2
355.08,3.2
355.12,3.2
355.16,3.2
355.2,3.2
355.24,3.2
355.28000000000003,3.2
355.32,3.2
355.36,3.2
355.40000000000003,3.2
355.44,3.2
355.48,3.2
355.52,3.2
355.56,3.2
355.6,3.2
355.64,3.2
355.68,3.2
355.72,3.2
355.76,3.2
355.8,3.2
355.84000000000003,3.2
355.88,3.2
355.92,3.2
355.96,3.2
356.0,3.2
356.04,3.2
356.08,3.2
356.12,3.2
356.16,3.4000000000000004
356.2,3.2
356.24,3.2
356.28000000000003,3.2
356.32,3.2
356.36,3.2
356.40000000000003,3.2
356.44,3.2
356.48,3.2
356.52,3.2
356.56,3.2
356.6,3.2
356.64,3.2
356.68,3.2
356.72,3.4000000000000004
356.76,3.4000000000000004
356.8,3.2
356.84000000000003,3.2
356.88,3.2
356.92,3.2
356.96,3.2
357.0,3.2
357.04,3.2
357.08,3.2
357.12,3.2
357.16,3.2
357.2,3.2
357.24,3.4000000000000004
357.28000000000003,3.2
357.32,3.4000000000000004
357.36,3.2
357.40000000000003,3.2
357.44,3.2
357.48,3.4000000000000004
357.52,3.4000000000000004
357.56,3.4000000000000004
357.6,3.2
357.64,3.4000000000000004
357.68,3.4000000000000004
357.72,3.2
357.76,3.2
357.8,3.4000000000000004
357.84000000000003,3.4000000000000004
357.88,3.4000000000000004
357.92,3.2
357.96,3.4000000000000004
358.0,3.4000000000000004
358.04,3.2
358.08,3.2
358.12,3.2
358.16,3.4000000000000004
358.2,3.4000000000000004
358.24,3.2
358.28000000000003,3.2
358.32,3.4000000000000004
358.36,3.4000000000000004
358.40000000000003,3.4000000000000004
358.44,3.2
358.48,3.4000000000000004
358.52,3.4000000000000004
358.56,3.2
358.6,3.4000000000000004
358.64,3.4000000000000004
358.68,3.4000000000000004
358.72,3.4000000000000004
358.76,3.4000000000000004
358.8,3.2
358.84000000000003,3.4000000000000004
358.88,3.4000000000000004
358.92,3.4000000000000004
358.96,3.4000000000000004
359.0,3.4000000000000004
359.04,3.2
359.08,3.4000000000000004
359.12,3.4000000000000004
359.16,3.2
359.2,3.4000000000000004
359.24,3.4000000000000004
359.28000000000003,3.4000000000000004
359.32,3.4000000000000004
359.36,3.4000000000000004
359.40000000000003,3.4000000000000004
359.44,3.4000000000000004
359.48,3.2
359.52,3.4000000000000004
359.56,3.4000000000000004
359.6,3.4000000000000004
359.64,3.4000000000000004
359.68,3.4000000000000004
359.72,3.2
359.76,3.4000000000000004
359.8,3.4000000000000004
359.84000000000003,3.4000000000000004
359.88,3.4000000000000004
359.92,3.4000000000000004
359.96,3.4000000000000004
360.0,3.4000000000000004
360.04,3.4000000000000004
360.08,3.4000000000000004
360.12,3.4000000000000004
360.16,3.4000000000000004
360.2,3.4000000000000004
360.24,3.4000000000000004
360.28000000000003,3.4000000000000004
360.32,3.4000000000000004
360.36,3.4000000000000004
360.40000000000003,3.4000000000000004
360.44,3.4000000000000004
360.48,3.4000000000000004
360.52,3.4000000000000004
360.56,3.4000000000000004
360.6,3.4000000000000004
360.64,3.4000000000000004
360.68,3.4000000000000004
360.72,3.4000000000000004
360.76,3.4000000000000004
360.8,3.4000000000000004
360.84000000000003,3.4000000000000004
360.88,3.4000000000000004
360.92,3.4000000000000004
360.96,3.4000000000000004
361.0,3.4000000000000004
361.04,3.6
361.08,3.4000000000000004
361.12,3.4000000000000004
361.16,3.6
361.2,3.4000000000000004
361.24,3.4000000000000004
361.28000000000003,3.6
361.32,3.4000000000000004
361.36,3.6
361.40000000000003,3.4000000000000004
361.44,3.4000000000000004
361.48,3.6
361.52,3.4000000000000004
361.56,3.6
361.6,3.4000000000000004
361.64,3.4000000000000004
361.68,3.4000000000000004
361.72,3.4000000000000004
361.76,3.6
361.8,3.6
361.84000000000003,3.6
361.88,3.6
361.92,3.6
361.96,3.4000000000000004
362.0,3.6
362.04,3.6
362.08,3.4000000000000004
362.12,3.6
362.16,3.6
362.2,3.4000000000000004
362.24,3.6
362.28000000000003,3.6
362.32,3.6
362.36,3.6
362.40000000000003,3.4000000000000004
362.44,3.8000000000000003
362.48,3.6
362.52,3.4000000000000004
362.56,3.6
362.6,3.6
362.64,3.6
362.68,3.6
362.72,3.6
362.76,3.6
362.8,3.6
362.84000000000003,3.8000000000000003
362.88,3.6
362.92,3.6
362.96,3.6
363.0,3.6
363.04,3.6
363.08,3.6
363.12,3.8000000000000003
363.16,3.6
363.2,3.8000000000000003
363.24,3.8000000000000003
363.28000000000003,3.6
363.32,3.8000000000000003
363.36,3.6
363.40000000000003,3.8000000000000003
363.44,3.6
363.48,3.8000000000000003
363.52,3.8000000000000003
363.56,3.6
363.6,3.8000000000000003
363.64,3.8000000000000003
363.68,3.6
363.72,3.6
363.76,3.8000000000000003
363.8,3.6
363.84000000000003,3.8000000000000003
363.88,3.6
363.92,3.6
363.96,3.6
364.0,3.6
364.04,3.6
364.08,3.8000000000000003
364.12,3.6
364.16,3.6
364.2,3.8000000000000003
364.24,3.8000000000000003
364.28000000000003,3.6
364.32,3.8000000000000003
364.36,3.8000000000000003
364.40000000000003,3.6
364.44,3.8000000000000003
364.48,3.6
364.52,3.6
364.56,3.8000000000000003
364.6,3.6
364.64,3.8000000000000003
364.68,3.8000000000000003
364.72,3.8000000000000003
364.76,3.8000000000000003
364.8,3.8000000000000003
364.84000000000003,3.8000000000000003
364.88,3.8000000000000003
364.92,3.8000000000000003
364.96,3.8000000000000003
365.0,3.8000000000000003
365.04,3.8000000000000003
365.08,3.8000000000000003
365.12,3.8000000000000003
365.16,3.8000000000000003
365.2,3.8000000000000003
365.24,3.8000000000000003
365.28000000000003,3.8000000000000003
365.32,3.8000000000000003
365.36,3.8000000000000003
365.40000000000003,3.8000000000000003
365.44,3.8000000000000003
365.48,3.8000000000000003
365.52,3.8000000000000003
365.56,3.8000000000000003
365.6,3.8000000000000003
365.64,3.8000000000000003
365.68,3.8000000000000003
365.72,3.8000000000000003
365.76,3.8000000000000003
365.8,3.8000000000000003
365.84000000000003,3.8000000000000003
365.88,3.8000000000000003
365.92,3.8000000000000003
365.96,3.8000000000000003
366.0,3.8000000000000003
366.04,3.8000000000000003
366.08,3.8000000000000003
366.12,3.8000000000000003
366.16,3.8000000000000003
366.2,3.8000000000000003
366.24,3.8000000000000003
366.28000000000003,3.8000000000000003
366.32,3.8000000000000003
366.36,3.8000000000000003
366.40000000000003,3.8000000000000003
366.44,3.8000000000000003
366.48,3.8000000000000003
366.52,3.8000000000000003
366.56,3.8000000000000003
366.6,3.8000000000000003
366.64,3.8000000000000003
366.68,3.8000000000000003
366.72,3.8000000000000003
366.76,3.8000000000000003
366.8,3.8000000000000003
366.84000000000003,3.8000000000000003
366.88,3.8000000000000003
366.92,3.8000000000000003
366.96,3.8000000000000003
367.0,3.8000000000000003
367.04,3.8000000000000003
367.08,3.8000000000000003
367.12,3.8000000000000003
367.16,3.8000000000000003
367.2,3.8000000000000003
367.24,3.8000000000000003
367.28000000000003,3.8000000000000003
367.32,3.8000000000000003
367.36,3.8000000000000003
367.40000000000003,3.8000000000000003
367.44,3.8000000000000003
367.48,3.8000000000000003
367.52,3.8000000000000003
367.56,3.8000000000000003
367.6,3.8000000000000003
367.64,3.8000000000000003
367.68,3.8000000000000003
367.72,3.8000000000000003
367.76,3.8000000000000003
367.8,3.8000000000000003
367.84000000000003,3.8000000000000003
367.88,3.8000000000000003
367.92,3.8000000000000003
367.96,3.8000000000000003
368.0,3.8000000000000003
368.04,3.8000000000000003
368.08,3.8000000000000003
368.12,3.8000000000000003
368.16,3.8000000000000003
368.2,3.8000000000000003
368.24,3.8000000000000003
368.28000000000003,3.8000000000000003
368.32,3.8000000000000003
368.36,3.8000000000000003
368.40000000000003,3.8000000000000003
368.44,3.8000000000000003
368.48,3.8000000000000003
368.52,3.8000000000000003
368.56,3.8000000000000003
368.6,3.8000000000000003
368.64,3.8000000000000003
368.68,3.8000000000000003
368.72,3.8000000000000003
368.76,3.8000000000000003
368.8,3.8000000000000003
368.84000000000003,3.8000000000000003
368.88,3.8000000000000003
368.92,4.0
368.96,3.8000000000000003
369.0,3.8000000000000003
369.04,4.0
369.08,3.8000000000000003
369.12,3.8000000000000003
369.16,3.8000000000000003
369.2,3.8000000000000003
369.24,3.8000000000000003
369.28000000000003,3.8000000000000003
369.32,3.8000000000000003
369.36,3.8000000000000003
369.40000000000003,3.8000000000000003
369.44,3.8000000000000003
369.48,3.8000000000000003
369.52,3.8000000000000003
369.56,3.8000000000000003
369.6,4.0
369.64,3.8000000000000003
369.68,4.0
369.72,4.0
369.76,3.8000000000000003
369.8,3.8000000000000003
369.84000000000003,4.0
369.88,4.0
369.92,3.8000000000000003
369.96,4.0
370.0,4.0
370.04,3.8000000000000003
370.08,3.8000000000000003
370.12,3.8000000000000003
370.16,3.8000000000000003
370.2,4.0
370.24,3.8000000000000003
370.28000000000003,3.8000000000000003
370.32,3.8000000000000003
370.36,3.8000000000000003
370.40000000000003,3.8000000000000003
370.44,3.8000000000000003
370.48,4.0
370.52,4.0
370.56,3.8000000000000003
370.6,3.8000000000000003
370.64,4.0
370.68,3.8000000000000003
370.72,3.8000000000000003
370.76,4.0
370.8,3.8000000000000003
370.84000000000003,3.8000000000000003
370.88,3.8000000000000003
370.92,4.0
370.96,4.0
371.0,4.0
371.04,4.0
371.08,4.0
371.12,4.0
371.16,3.8000000000000003
371.2,3.8000000000000003
371.24,4.0
371.28000000000003,3.8000000000000003
371.32,3.8000000000000003
371.36,3.8000000000000003
371.40000000000003,4.0
371.44,4.0
371.48,4.0
371.52,4.0
371.56,3.8000000000000003
371.6,4.0
371.64,4.0
371.68,4.0
371.72,4.0
371.76,4.0
371.8,3.8000000000000003
371.84000000000003,4.0
371.88,3.8000000000000003
371.92,4.0
371.96,4.0
372.0,4.0
372.04,4.0
372.08,4.0
372.12,3.8000000000000003
372.16,4.0
372.2,4.0
372.24,3.8000000000000003
372.28000000000003,3.8000000000000003
372.32,4.0
372.36,3.8000000000000003
372.40000000000003,4.0
372.44,4.0
372.48,4.0
372.52,4.0
372.56,4.0
372.6,4.0
372.64,4.0
372.68,4.0
372.72,4.0
372.76,4.0
372.8,3.8000000000000003
372.84000000000003,4.0
372.88,3.8000000000000003
372.92,4.0
372.96,4.0
373.0,3.8000000000000003
373.04,4.0
373.08,4.0
373.12,3.8000000000000003
373.16,4.0
373.2,4.0
373.24,4.0
373.28000000000003,4.0
373.32,3.8000000000000003
373.36,4.0
373.40000000000003,4.0
373.44,4.0
373.48,4.0
373.52,3.8000000000000003
373.56,4.0
373.6,4.0
373.64,4.0
373.68,4.0
373.72,4.0
373.76,4.0
373.8,4.0
373.84000000000003,4.0
373.88,4.0
373.92,4.0
373.96,4.0
374.0,4.0
374.04,4.0
374.08,4.0
374.12,4.0
374.16,4.0
374.2,3.8000000000000003
374.24,3.8000000000000003
374.28000000000003,4.0
374.32,4.0
374.36,4.0
374.40000000000003,4.0
374.44,4.0
374.48,4.0
374.52,4.0
374.56,4.0
374.6,4.0
374.64,4.0
374.68,3.8000000000000003
374.72,4.0
374.76,4.0
374.8,4.0
374.84000000000003,4.0
374.88,4.0
374.92,4.0
374.96,4.0
375.0,4.0
375.04,4.0
375.08,4.0
375.12,4.0
375.16,4.0
375.2,4.0
375.24,4.0
375.28000000000003,4.0
375.32,4.0
375.36,4.0
375.40000000000003,4.0
375.44,4.0
375.48,4.0
375.52,4.0
375.56,4.0
375.6,4.0
375.64,4.0
375.68,4.0
375.72,4.0
375.76,4.0
375.8,4.0
375.84000000000003,4.0
375.88,4.0
375.92,4.0
375.96,4.0
376.0,4.0
376.04,4.0
376.08,4.0
376.12,4.0
376.16,4.0
376.2,4.0
376.24,4.0
376.28000000000003,4.0
376.32,4.0
376.36,4.0
376.40000000000003,4.0
376.44,4.0
376.48,4.0
376.52,4.0
376.56,4.0
376.6,4.0
376.64,4.0
376.68,4.0
376.72,4.0
376.76,4.0
376.8,4.0
376.84000000000003,4.0
376.88,4.0
376.92,4.0
376.96,4.0
377.0,4.0
377.04,4.0
377.08,4.0
377.12,4.0
377.16,4.0
377.2,4.0
377.24,4.0
377.28000000000003,4.0
377.32,4.0
377.36,4.0
377.40000000000003,4.0
377.44,4.0
377.48,4.0
377.52,4.0
377.56,4.0
377.6,4.0
377.64,4.0
377.68,4.0
377.72,4.0
377.76,4.0
377.8,4.0
377.84000000000003,4.0
377.88,4.0
377.92,4.0
377.96,4.0
378.0,4.0
378.04,4.0
378.08,4.0
378.12,4.0
378.16,4.0
378.2,4.0
378.24,4.0
378.28000000000003,4.0
378.32,4.0
378.36,4.0
378.40000000000003,4.0
378.44,4.0
378.48,4.0
378.52,4.0
378.56,4.0
378.6,4.0
378.64,4.0
378.68,4.0
378.72,4.0
378.76,4.0
378.8,4.0
378.84000000000003,4.0
378.88,4.0
378.92,4.0
378.96,4.0
379.0,4.0
379.04,4.0
379.08,4.0
379.12,4.0
379.16,4.0
379.2,4.0
379.24,4.0
379.28000000000003,4.0
379.32,4.0
379.36,4.0
379.40000000000003,4.0
379.44,4.0
379.48,4.0
379.52,4.0
379.56,4.0
379.6,4.0
379.64,4.0
379.68,4.0
379.72,4.0
379.76,4.0
379.8,4.0
379.84000000000003,4.0
379.88,4.0
379.92,4.0
379.96,4.0
380.0,4.0
380.04,4.0
380.08,4.0
380.12,4.0
380.16,4.0
380.2,4.0
380.24,4.0
380.28000000000003,4.0
380.32,4.0
380.36,4.0
380.40000000000003,4.0
380.44,4.0
380.48,4.0
380.52,4.0
380.56,4.0
380.6,4.0
380.64,4.0
380.68,4.0
380.72,4.0
380.76,4.0
380.8,4.0
380.84000000000003,4.0
380.88,4.0
380.92,4.0
380.96,4.0
381.0,4.0
381.04,4.0
381.08,4.0
381.12,4.0
381.16,4.0
381.2,4.0
381.24,4.0
381.28000000000003,4.0
381.32,4.0
381.36,4.0
381.40000000000003,4.0
381.44,4.0
381.48,4.0
381.52,4.0
381.56,4.0
381.6,4.0
381.64,4.0
381.68,4.0
381.72,4.0
381.76,4.0
381.8,4.0
381.84000000000003,4.0
381.88,4.0
381.92,4.0
381.96,4.0
382.0,4.2
382.04,4.0
382.08,4.0
382.12,4.0
382.16,4.0
382.2,4.0
382.24,4.0
382.28000000000003,4.0
382.32,4.0
382.36,4.0
382.40000000000003,4.0
382.44,4.0
382.48,4.0
382.52,4.0
382.56,4.0
382.6,4.0
382.64,4.0
382.68,4.0
382.72,3.8000000000000003
382.76,4.0
382.8,4.0
382.84000000000003,4.0
382.88,4.0
382.92,4.0
382.96000000000004,4.0
383.0,4.0
383.04,4.0
383.08,4.0
383.12,4.0
383.16,4.0
383.2,4.0
383.24,4.0
383.28000000000003,4.0
383.32,4.0
383.36,4.0
383.40000000000003,4.0
383.44,4.0
383.48,4.0
383.52,4.0
383.56,4.0
383.6,4.0
383.64,4.0
383.68,4.0
383.72,4.0
383.76,4.0
383.8,4.0
383.84000000000003,4.0
383.88,4.0
383.92,4.0
383.96000000000004,4.0
384.0,4.0
384.04,4.0
384.08,4.0
384.12,4.0
384.16,4.0
384.2,4.0
384.24,4.0
384.28000000000003,4.0
384.32,4.0
384.36,4.0
384.40000000000003,4.0
384.44,4.0
384.48,4.0
384.52,4.0
384.56,4.0
384.6,4.0
384.64,4.0
384.68,4.0
384.72,4.0
384.76,4.0
384.8,4.0
384.84000000000003,4.0
384.88,4.0
384.92,4.0
384.96000000000004,4.0
385.0,4.0
385.04,4.0
385.08,4.0
385.12,4.0
385.16,4.0
385.2,4.0
385.24,4.0
385.28000000000003,4.0
385.32,4.0
385.36,4.0
385.40000000000003,4.0
385.44,4.0
385.48,4.0
385.52,4.0
385.56,4.0
385.6,4.0
385.64,4.0
385.68,4.0
385.72,4.0
385.76,4.0
385.8,4.0
385.84000000000003,4.0
385.88,4.0
385.92,4.0
385.96000000000004,4.0
386.0,4.0
386.04,4.0
386.08,4.0
386.12,4.0
386.16,4.0
386.2,4.0
386.24,4.0
386.28000000000003,4.0
386.32,4.0
386.36,4.0
386.40000000000003,4.0
386.44,4.0
386.48,4.0
386.52,4.0
386.56,4.0
386.6,4.0
386.64,4.0
386.68,4.0
386.72,4.0
386.76,4.0
386.8,4.0
386.84000000000003,3.8000000000000003
386.88,4.0
386.92,4.0
386.96000000000004,4.0
387.0,4.0
387.04,4.0
387.08,4.0
387.12,4.0
387.16,4.0
387.2,4.0
387.24,4.0
387.28000000000003,4.0
387.32,4.0
387.36,4.0
387.40000000000003,4.0
387.44,4.0
387.48,4.0
387.52,4.0
387.56,4.0
387.6,4.0
387.64,4.0
387.68,4.0
387.72,4.0
387.76,4.0
387.8,4.0
387.84000000000003,4.0
387.88,4.0
387.92,4.0
387.96000000000004,4.0
388.0,4.0
388.04,4.0
388.08,4.0
388.12,3.8000000000000003
388.16,3.8000000000000003
388.2,4.0
388.24,4.0
388.28000000000003,4.0
388.32,4.0
388.36,4.0
388.40000000000003,4.0
388.44,4.0
388.48,4.0
388.52,4.0
388.56,4.0
388.6,4.0
388.64,4.0
388.68,4.0
388.72,4.0
388.76,4.0
388.8,4.0
388.84000000000003,4.0
388.88,4.0
388.92,4.0
388.96000000000004,4.0
389.0,4.0
389.04,4.0
389.08,4.0
389.12,4.0
389.16,3.8000000000000003
389.2,3.8000000000000003
389.24,3.8000000000000003
389.28000000000003,4.0
389.32,3.8000000000000003
389.36,4.0
389.40000000000003,4.0
389.44,4.0
389.48,4.0
389.52,3.8000000000000003
389.56,3.8000000000000003
389.6,4.0
389.64,4.0
389.68,4.0
389.72,3.8000000000000003
389.76,4.0
389.8,4.0
389.84000000000003,4.0
389.88,4.0
389.92,4.0
389.96000000000004,4.0
390.0,3.8000000000000003
390.04,4.0
390.08,4.0
390.12,4.0
390.16,4.0
390.2,3.8000000000000003
390.24,4.0
390.28000000000003,4.0
390.32,4.0
390.36,3.8000000000000003
390.40000000000003,4.0
390.44,4.0
390.48,4.0
390.52,4.0
390.56,4.0
390.6,4.0
390.64,4.0
390.68,4.0
390.72,4.0
390.76,4.0
390.8,3.8000000000000003
390.84000000000003,3.8000000000000003
390.88,4.0
390.92,4.0
390.96000000000004,4.0
391.0,4.0
391.04,4.0
391.08,4.0
391.12,4.0
391.16,4.0
391.2,4.0
391.24,4.0
391.28000000000003,4.0
391.32,4.0
391.36,4.0
391.40000000000003,4.0
391.44,4.0
391.48,4.0
391.52,4.0
391.56,4.0
391.6,3.8000000000000003
391.64,4.0
391.68,3.8000000000000003
391.72,4.0
391.76,3.8000000000000003
391.8,4.0
391.84000000000003,4.0
391.88,3.8000000000000003
391.92,4.0
391.96000000000004,3.8000000000000003
392.0,4.0
392.04,4.0
392.08,4.0
392.12,4.0
392.16,4.0
392.2,4.0
392.24,3.8000000000000003
392.28000000000003,3.8000000000000003
392.32,4.0
392.36,4.0
392.40000000000003,3.8000000000000003
392.44,4.0
392.48,4.0
392.52,4.0
392.56,3.8000000000000003
392.6,4.0
392.64,4.0
392.68,4.0
392.72,4.0
392.76,3.8000000000000003
392.8,3.8000000000000003
392.84000000000003,3.8000000000000003
392.88,3.8000000000000003
392.92,3.8000000000000003
392.96000000000004,4.0
393.0,4.0
393.04,3.8000000000000003
393.08,4.0
393.12,4.0
393.16,3.8000000000000003
393.2,3.8000000000000003
393.24,4.0
393.28000000000003,4.0
393.32,4.0
393.36,3.8000000000000003
393.40000000000003,3.8000000000000003
393.44,3.8000000000000003
393.48,4.0
393.52,3.8000000000000003
393.56,3.8000000000000003
393.6,3.8000000000000003
393.64,3.8000000000000003
393.68,3.8000000000000003
393.72,3.8000000000000003
393.76,4.0
393.8,3.8000000000000003
393.84000000000003,3.8000000000000003
393.88,3.8000000000000003
393.92,3.8000000000000003
393.96000000000004,3.8000000000000003
394.0,4.0
394.04,3.8000000000000003
394.08,4.0
394.12,3.8000000000000003
394.16,4.0
394.2,3.8000000000000003
394.24,3.8000000000000003
394.28000000000003,3.8000000000000003
394.32,3.8000000000000003
394.36,3.8000000000000003
394.40000000000003,3.8000000000000003
394.44,3.8000000000000003
394.48,3.8000000000000003
394.52,3.8000000000000003
394.56,3.8000000000000003
394.6,3.8000000000000003
394.64,3.8000000000000003
394.68,3.8000000000000003
394.72,3.8000000000000003
394.76,3.8000000000000003
394.8,3.8000000000000003
394.84000000000003,3.8000000000000003
394.88,3.8000000000000003
394.92,3.8000000000000003
394.96000000000004,3.8000000000000003
395.0,3.8000000000000003
395.04,3.8000000000000003
395.08,3.8000000000000003
395.12,4.0
395.16,3.8000000000000003
395.2,3.8000000000000003
395.24,3.8000000000000003
395.28000000000003,3.8000000000000003
395.32,3.8000000000000003
395.36,3.8000000000000003
395.40000000000003,4.0
395.44,3.8000000000000003
395.48,3.8000000000000003
395.52,3.8000000000000003
395.56,3.8000000000000003
395.6,3.8000000000000003
395.64,3.8000000000000003
395.68,3.8000000000000003
395.72,3.8000000000000003
395.76,3.8000000000000003
395.8,3.8000000000000003
395.84000000000003,3.8000000000000003
395.88,3.8000000000000003
395.92,3.8000000000000003
395.96000000000004,3.8000000000000003
396.0,3.8000000000000003
396.04,3.8000000000000003
396.08,3.8000000000000003
396.12,3.8000000000000003
396.16,3.8000000000000003
396.2,3.8000000000000003
396.24,3.8000000000000003
396.28000000000003,3.8000000000000003
396.32,3.8000000000000003
396.36,3.8000000000000003
396.40000000000003,3.8000000000000003
396.44,3.8000000000000003
396.48,3.8000000000000003
396.52,3.8000000000000003
396.56,3.8000000000000003
396.6,3.8000000000000003
396.64,3.8000000000000003
396.68,3.8000000000000003
396.72,3.8000000000000003
396.76,3.8000000000000003
396.8,3.8000000000000003
396.84000000000003,3.8000000000000003
396.88,3.8000000000000003
396.92,3.8000000000000003
396.96000000000004,3.8000000000000003
397.0,3.8000000000000003
397.04,3.8000000000000003
397.08,3.8000000000000003
397.12,3.8000000000000003
397.16,3.8000000000000003
397.2,3.8000000000000003
397.24,3.8000000000000003
397.28000000000003,3.8000000000000003
397.32,3.8000000000000003
397.36,3.8000000000000003
397.40000000000003,3.8000000000000003
397.44,3.8000000000000003
397.48,3.8000000000000003
397.52,3.8000000000000003
397.56,3.8000000000000003
397.6,3.8000000000000003
397.64,3.8000000000000003
397.68,3.8000000000000003
397.72,3.8000000000000003
397.76,3.8000000000000003
397.8,3.8000000000000003
397.84000000000003,3.8000000000000003
397.88,3.8000000000000003
397.92,3.8000000000000003
397.96000000000004,3.8000000000000003
398.0,3.8000000000000003
398.04,3.8000000000000003
398.08,3.8000000000000003
398.12,3.8000000000000003
398.16,3.8000000000000003
398.2,3.8000000000000003
398.24,3.8000000000000003
398.28000000000003,3.8000000000000003
398.32,3.8000000000000003
398.36,3.8000000000000003
398.40000000000003,3.8000000000000003
398.44,3.8000000000000003
398.48,3.8000000000000003
398.52,3.8000000000000003
398.56,3.8000000000000003
398.6,3.8000000000000003
398.64,3.8000000000000003
398.68,3.8000000000000003
398.72,3.8000000000000003
398.76,3.8000000000000003
398.8,3.8000000000000003
398.84000000000003,3.8000000000000003
398.88,3.8000000000000003
398.92,3.8000000000000003
398.96000000000004,3.8000000000000003
399.0,3.8000000000000003
399.04,3.8000000000000003
399.08,3.8000000000000003
399.12,3.8000000000000003
399.16,3.8000000000000003
399.2,3.8000000000000003
399.24,3.8000000000000003
399.28000000000003,3.8000000000000003
399.32,3.8000000000000003
399.36,3.8000000000000003
399.40000000000003,3.8000000000000003
399.44,3.8000000000000003
399.48,3.8000000000000003
399.52,3.8000000000000003
399.56,3.8000000000000003
399.6,3.8000000000000003
399.64,3.8000000000000003
399.68,3.8000000000000003
399.72,3.8000000000000003
399.76,3.8000000000000003
399.8,3.8000000000000003
399.84000000000003,3.8000000000000003
399.88,3.8000000000000003
399.92,3.8000000000000003
399.96000000000004,3.8000000000000003
400.0,3.8000000000000003
400.04,3.8000000000000003
400.08,3.8000000000000003
400.12,3.8000000000000003
400.16,3.8000000000000003
400.2,3.8000000000000003
400.24,3.8000000000000003
400.28000000000003,3.8000000000000003
400.32,3.8000000000000003
400.36,3.8000000000000003
400.40000000000003,3.8000000000000003
400.44,3.8000000000000003
400.48,3.8000000000000003
400.52,3.8000000000000003
400.56,3.8000000000000003
400.6,3.8000000000000003
400.64,3.8000000000000003
400.68,3.8000000000000003
400.72,3.8000000000000003
400.76,3.8000000000000003
400.8,3.8000000000000003
400.84000000000003,3.8000000000000003
400.88,3.8000000000000003
400.92,3.8000000000000003
400.96000000000004,3.8000000000000003
401.0,3.8000000000000003
401.04,3.8000000000000003
401.08,3.8000000000000003
401.12,3.8000000000000003
401.16,3.8000000000000003
401.2,3.8000000000000003
401.24,3.8000000000000003
401.28000000000003,3.8000000000000003
401.32,3.6
401.36,3.8000000000000003
401.40000000000003,3.8000000000000003
401.44,3.8000000000000003
401.48,3.8000000000000003
401.52,3.8000000000000003
401.56,3.8000000000000003
401.6,3.8000000000000003
401.64,3.8000000000000003
401.68,3.8000000000000003
401.72,3.8000000000000003
401.76,3.8000000000000003
401.8,3.8000000000000003
401.84000000000003,3.6
401.88,3.8000000000000003
401.92,3.8000000000000003
401.96000000000004,3.8000000000000003
402.0,3.8000000000000003
402.04,3.8000000000000003
402.08,3.8000000000000003
402.12,3.6
402.16,3.8000000000000003
402.2,3.8000000000000003
402.24,3.6
402.28000000000003,3.8000000000000003
402.32,3.8000000000000003
402.36,3.8000000000000003
402.40000000000003,3.8000000000000003
402.44,3.8000000000000003
402.48,3.8000000000000003
402.52,3.6
402.56,3.6
402.6,3.8000000000000003
402.64,3.8000000000000003
402.68,3.6
402.72,3.8000000000000003
402.76,3.8000000000000003
402.8,3.6
402.84000000000003,3.8000000000000003
402.88,3.8000000000000003
402.92,3.8000000000000003
402.96000000000004,3.6
403.0,3.6
403.04,3.6
403.08,3.8000000000000003
403.12,3.8000000000000003
403.16,3.8000000000000003
403.2,3.6
403.24,3.6
403.28000000000003,3.6
403.32,3.8000000000000003
403.36,3.8000000000000003
403.40000000000003,3.6
403.44,3.8000000000000003
403.48,3.6
403.52,3.8000000000000003
403.56,3.6
403.6,3.6
403.64,3.8000000000000003
403.68,3.8000000000000003
403.72,3.8000000000000003
403.76,3.6
403.8,3.6
403.84000000000003,3.8000000000000003
403.88,3.6
403.92,3.6
403.96000000000004,3.6
404.0,3.8000000000000003
404.04,3.6
404.08,3.6
404.12,3.6
404.16,3.8000000000000003
404.2,3.8000000000000003
404.24,3.6
404.28000000000003,3.6
404.32,3.6
404.36,3.6
404.40000000000003,3.6
404.44,3.6
404.48,3.6
404.52,3.6
404.56,3.4000000000000004
404.6,3.6
404.64,3.6
404.68,3.6
404.72,3.6
404.76,3.6
404.8,3.8000000000000003
404.84000000000003,3.6
404.88,3.6
404.92,3.8000000000000003
404.96000000000004,3.6
405.0,3.6
405.04,3.6
405.08,3.6
405.12,3.8000000000000003
405.16,3.6
405.2,3.6
405.24,3.6
405.28000000000003,3.6
405.32,3.6
405.36,3.6
405.40000000000003,3.6
405.44,3.6
405.48,3.6
405.52,3.6
405.56,3.8000000000000003
405.6,3.6
405.64,3.6
405.68,3.6
405.72,3.8000000000000003
405.76,3.4000000000000004
405.8,3.6
405.84000000000003,3.6
405.88,3.4000000000000004
405.92,3.6
405.96000000000004,3.4000000000000004
406.0,3.6
406.04,3.6
406.08,3.6
406.12,3.6
406.16,3.6
406.2,3.8000000000000003
406.24,3.6
406.28000000000003,3.4000000000000004
406.32,3.6
406.36,3.6
406.40000000000003,3.4000000000000004
406.44,3.6
406.48,3.6
406.52,3.6
406.56,3.6
406.6,3.4000000000000004
406.64,3.6
406.68,3.6
406.72,3.6
406.76,3.6
406.8,3.6
406.84000000000003,3.6
406.88,3.6
406.92,3.6
406.96000000000004,3.6
407.0,3.4000000000000004
407.04,3.6
407.08,3.6
407.12,3.4000000000000004
407.16,3.4000000000000004
407.2,3.4000000000000004
407.24,3.6
407.28000000000003,3.4000000000000004
407.32,3.4000000000000004
407.36,3.4000000000000004
407.40000000000003,3.4000000000000004
407.44,3.4000000000000004
407.48,3.6
407.52,3.6
407.56,3.6
407.6,3.4000000000000004
407.64,3.4000000000000004
407.68,3.6
407.72,3.6
407.76,3.6
407.8,3.6
407.84000000000003,3.6
407.88,3.6
407.92,3.4000000000000004
407.96000000000004,3.6
408.0,3.6
408.04,3.6
408.08,3.4000000000000004
408.12,3.6
408.16,3.4000000000000004
408.2,3.4000000000000004
408.24,3.4000000000000004
408.28000000000003,3.4000000000000004
408.32,3.4000000000000004
408.36,3.6
408.40000000000003,3.6
408.44,3.4000000000000004
408.48,3.4000000000000004
408.52,3.4000000000000004
408.56,3.4000000000000004
408.6,3.4000000000000004
408.64,3.4000000000000004
408.68,3.4000000000000004
408.72,3.4000000000000004
408.76,3.4000000000000004
408.8,3.4000000000000004
408.84000000000003,3.4000000000000004
408.88,3.4000000000000004
408.92,3.4000000000000004
408.96000000000004,3.4000000000000004
409.0,3.4000000000000004
409.04,3.4000000000000004
409.08,3.4000000000000004
409.12,3.4000000000000004
409.16,3.4000000000000004
409.2,3.4000000000000004
409.24,3.4000000000000004
409.28000000000003,3.4000000000000004
409.32,3.4000000000000004
409.36,3.4000000000000004
409.40000000000003,3.6
409.44,3.4000000000000004
409.48,3.4000000000000004
409.52,3.4000000000000004
409.56,3.4000000000000004
409.6,3.4000000000000004
409.64,3.6
409.68,3.4000000000000004
409.72,3.4000000000000004
409.76,3.4000000000000004
409.8,3.4000000000000004
409.84000000000003,3.4000000000000004
409.88,3.4000000000000004
409.92,3.4000000000000004
409.96000000000004,3.4000000000000004
410.0,3.4000000000000004
410.04,3.4000000000000004
410.08,3.4000000000000004
410.12,3.4000000000000004
410.16,3.4000000000000004
410.2,3.4000000000000004
410.24,3.4000000000000004
410.28000000000003,3.4000000000000004
410.32,3.4000000000000004
410.36,3.4000000000000004
410.40000000000003,3.4000000000000004
410.44,3.4000000000000004
410.48,3.4000000000000004
410.52,3.6
410.56,3.4000000000000004
410.6,3.4000000000000004
410.64,3.4000000000000004
410.68,3.4000000000000004
410.72,3.4000000000000004
410.76,3.4000000000000004
410.8,3.4000000000000004
410.84000000000003,3.4000000000000004
410.88,3.4000000000000004
410.92,3.4000000000000004
410.96000000000004,3.4000000000000004
411.0,3.4000000000000004
411.04,3.4000000000000004
411.08,3.4000000000000004
411.12,3.6
411.16,3.4000000000000004
411.2,3.4000000000000004
411.24,3.4000000000000004
411.28000000000003,3.4000000000000004
411.32,3.4000000000000004
411.36,3.4000000000000004
411.40000000000003,3.4000000000000004
411.44,3.4000000000000004
411.48,3.4000000000000004
411.52,3.4000000000000004
411.56,3.4000000000000004
411.6,3.4000000000000004
411.64,3.4000000000000004
411.68,3.4000000000000004
411.72,3.6
411.76,3.4000000000000004
411.8,3.4000000000000004
411.84000000000003,3.4000000000000004
411.88,3.4000000000000004
411.92,3.4000000000000004
411.96000000000004,3.2
412.0,3.6
412.04,3.4000000000000004
412.08,3.4000000000000004
412.12,3.4000000000000004
412.16,3.4000000000000004
412.2,3.4000000000000004
412.24,3.4000000000000004
412.28000000000003,3.4000000000000004
412.32,3.4000000000000004
412.36,3.4000000000000004
412.40000000000003,3.4000000000000004
412.44,3.4000000000000004
412.48,3.4000000000000004
412.52,3.4000000000000004
412.56,3.4000000000000004
412.6,3.4000000000000004
412.64,3.4000000000000004
412.68,3.4000000000000004
412.72,3.4000000000000004
412.76,3.4000000000000004
412.8,3.4000000000000004
412.84000000000003,3.4000000000000004
412.88,3.4000000000000004
412.92,3.4000000000000004
412.96000000000004,3.4000000000000004
413.0,3.4000000000000004
413.04,3.4000000000000004
413.08,3.4000000000000004
413.12,3.4000000000000004
413.16,3.4000000000000004
413.2,3.2
413.24,3.4000000000000004
413.28000000000003,3.4000000000000004
413.32,3.4000000000000004
413.36,3.4000000000000004
413.40000000000003,3.4000000000000004
413.44,3.4000000000000004
413.48,3.4000000000000004
413.52,3.4000000000000004
413.56,3.4000000000000004
413.6,3.2
413.64,3.4000000000000004
413.68,3.4000000000000004
413.72,3.4000000000000004
413.76,3.4000000000000004
413.8,3.4000000000000004
413.84000000000003,3.4000000000000004
413.88,3.4000000000000004
413.92,3.4000000000000004
413.96000000000004,3.4000000000000004
414.0,3.4000000000000004
414.04,3.4000000000000004
414.08,3.4000000000000004
414.12,3.4000000000000004
414.16,3.2
414.2,3.4000000000000004
414.24,3.4000000000000004
414.28000000000003,3.4000000000000004
414.32,3.2
414.36,3.4000000000000004
414.40000000000003,3.4000000000000004
414.44,3.4000000000000004
414.48,3.4000000000000004
414.52,3.4000000000000004
414.56,3.2
414.6,3.2
414.64,3.2
414.68,3.2
414.72,3.4000000000000004
414.76,3.2
414.8,3.2
414.84000000000003,3.4000000000000004
414.88,3.4000000000000004
414.92,3.4000000000000004
414.96000000000004,3.4000000000000004
415.0,3.4000000000000004
415.04,3.4000000000000004
415.08,3.4000000000000004
415.12,3.4000000000000004
415.16,3.2
415.2,3.4000000000000004
415.24,3.4000000000000004
415.28000000000003,3.4000000000000004
415.32,3.4000000000000004
415.36,3.4000000000000004
415.40000000000003,3.4000000000000004
415.44,3.4000000000000004
415.48,3.2
415.52,3.2
415.56,3.4000000000000004
415.6,3.2
415.64,3.2
415.68,3.4000000000000004
415.72,3.2
415.76,3.4000000000000004
415.8,3.4000000000000004
415.84000000000003,3.4000000000000004
415.88,3.4000000000000004
415.92,3.2
415.96000000000004,3.2
416.0,3.2
416.04,3.2
416.08,3.2
416.12,3.4000000000000004
416.16,3.4000000000000004
416.2,3.2
416.24,3.2
416.28000000000003,3.4000000000000004
416.32,3.2
416.36,3.4000000000000004
416.40000000000003,3.4000000000000004
416.44,3.4000000000000004
416.48,3.2
416.52,3.4000000000000004
416.56,3.2
416.6,3.2
416.64,3.4000000000000004
416.68,3.2
416.72,3.2
416.76,3.4000000000000004
416.8,3.4000000000000004
416.84000000000003,3.2
416.88,3.2
416.92,3.2
416.96000000000004,3.2
417.0,3.2
417.04,3.4000000000000004
417.08,3.4000000000000004
417.12,3.2
417.16,3.2
417.2,3.2
417.24,3.2
417.28000000000003,3.2
417.32,3.2
417.36,3.4000000000000004
417.40000000000003,3.4000000000000004
417.44,3.2
417.48,3.2
417.52,3.4000000000000004
417.56,3.2
417.6,3.2
417.64,3.4000000000000004
417.68,3.2
417.72,3.2
417.76,3.4000000000000004
417.8,3.2
417.84000000000003,3.2
417.88,3.4000000000000004
417.92,3.4000000000000004
417.96000000000004,3.2
418.0,3.2
418.04,3.2
418.08,3.2
418.12,3.4000000000000004
418.16,3.4000000000000004
418.2,3.4000000000000004
418.24,3.4000000000000004
418.28000000000003,3.2
418.32,3.4000000000000004
418.36,3.2
418.40000000000003,3.2
418.44,3.4000000000000004
418.48,3.2
418.52,3.2
418.56,3.2
418.6,3.2
418.64,3.2
418.68,3.4000000000000004
418.72,3.2
418.76,3.2
418.8,3.4000000000000004
418.84000000000003,3.2
418.88,3.2
418.92,3.2
418.96000000000004,3.2
419.0,3.2
419.04,3.2
419.08,3.2
419.12,3.2
419.16,3.2
419.2,3.4000000000000004
419.24,3.2
419.28000000000003,3.4000000000000004
419.32,3.2
419.36,3.2
419.40000000000003,3.2
419.44,3.4000000000000004
419.48,3.2
419.52,3.4000000000000004
419.56,3.4000000000000004
419.6,3.2
419.64,3.2
419.68,3.2
419.72,3.2
419.76,3.2
419.8,3.2
419.84000000000003,3.2
419.88,3.2
419.92,3.2
419.96000000000004,3.2
420.0,3.2
420.04,3.2
420.08,3.2
420.12,3.2
420.16,3.2
420.2,3.2
420.24,3.2
420.28000000000003,3.2
420.32,3.2
420.36,3.2
420.40000000000003,3.2
420.44,3.2
420.48,3.2
420.52,3.4000000000000004
420.56,3.2
420.6,3.2
420.64,3.2
420.68,3.2
420.72,3.2
420.76,3.2
420.8,3.4000000000000004
420.84000000000003,3.2
420.88,3.2
420.92,3.2
420.96000000000004,3.2
421.0,3.2
421.04,3.2
421.08,3.2
421.12,3.4000000000000004
421.16,3.2
421.2,3.2
421.24,3.2
421.28000000000003,3.2
421.32,3.2
421.36,3.2
421.40000000000003,3.2
421.44,3.4000000000000004
421.48,3.2
421.52,3.2
421.56,3.2
421.6,3.4000000000000004
421.64,3.2
421.68,3.2
421.72,3.2
421.76,3.2
421.8,3.2
421.84000000000003,3.2
421.88,3.2
421.92,3.2
421.96000000000004,3.2
422.0,3.4000000000000004
422.04,3.2
422.08,3.2
422.12,3.2
422.16,3.2
422.2,3.2
422.24,3.2
422.28000000000003,3.2
422.32,3.2
422.36,3.2
422.40000000000003,3.2
422.44,3.2
422.48,3.2
422.52,3.2
422.56,3.2
422.6,3.2
422.64,3.2
422.68,3.2
422.72,3.2
422.76,3.2
422.8,3.2
422.84000000000003,3.2
422.88,3.2
422.92,3.2
422.96000000000004,3.2
423.0,3.2
423.04,3.2
423.08,3.2
423.12,3.2
423.16,3.2
423.2,3.2
423.24,3.2
423.28000000000003,3.2
423.32,3.2
423.36,3.2
423.40000000000003,3.2
423.44,3.2
423.48,3.2
423.52,3.2
423.56,3.2
423.6,3.2
423.64,3.2
423.68,3.2
423.72,3.2
423.76,3.2
423.8,3.2
423.84000000000003,3.2
423.88,3.2
423.92,3.2
423.96000000000004,3.2
424.0,3.2
424.04,3.2
424.08,3.2
424.12,3.2
424.16,3.2
424.2,3.2
424.24,3.2
424.28000000000003,3.2
424.32,3.2
424.36,3.2
424.40000000000003,3.2
424.44,3.2
424.48,3.2
424.52,3.2
424.56,3.2
424.6,3.2
424.64,3.2
424.68,3.2
424.72,3.2
424.76,3.2
424.8,3.2
424.84000000000003,3.2
424.88,3.2
424.92,3.2
424.96000000000004,3.2
425.0,3.2
425.04,3.2
425.08,3.2
425.12,3.2
425.16,3.2
425.2,3.2
425.24,3.2
425.28000000000003,3.2
425.32,3.2
425.36,3.2
425.40000000000003,3.2
425.44,3.2
425.48,3.2
425.52,3.2
425.56,3.2
425.6,3.2
425.64,3.2
425.68,3.2
425.72,3.2
425.76,3.2
425.8,3.2
425.84000000000003,3.2
425.88,3.2
425.92,3.2
425.96000000000004,3.2
426.0,3.2
426.04,3.2
426.08,3.2
426.12,3.2
426.16,3.2
426.2,3.2
426.24,3.2
426.28000000000003,3.2
426.32,3.2
426.36,3.2
426.40000000000003,3.2
426.44,3.2
426.48,3.2
426.52,3.2
426.56,3.2
426.6,3.2
426.64,3.2
426.68,3.2
426.72,3.2
426.76,3.2
426.8,3.2
426.84000000000003,3.2
426.88,3.2
426.92,3.2
426.96000000000004,3.2
427.0,3.2
427.04,3.2
427.08,3.2
427.12,3.2
427.16,3.2
427.2,3.2
427.24,3.2
427.28000000000003,3.2
427.32,3.2
427.36,3.2
427.40000000000003,3.2
427.44,3.2
427.48,3.2
427.52,3.2
427.56,3.2
427.6,3.2
427.64,3.2
427.68,3.2
427.72,3.2
427.76,3.2
427.8,3.2
427.84000000000003,3.2
427.88,3.2
427.92,3.2
427.96000000000004,3.2
428.0,3.2
428.04,3.2
428.08,3.2
428.12,3.2
428.16,3.2
428.2,3.2
428.24,3.2
428.28000000000003,3.2
428.32,3.2
428.36,3.2
428.40000000000003,3.2
428.44,3.2
428.48,3.2
428.52,3.2
428.56,3.2
428.6,3.2
428.64,3.2
428.68,3.2
428.72,3.2
428.76,3.2
428.8,3.2
428.84000000000003,3.2
428.88,3.2
428.92,3.2
428.96000000000004,3.2
429.0,3.2
429.04,3.2
429.08,3.2
429.12,3.2
429.16,3.2
429.2,3.2
429.24,3.2
429.28000000000003,3.2
429.32,3.2
429.36,3.0
429.40000000000003,3.2
429.44,3.2
429.48,3.2
429.52,3.2
429.56,3.2
429.6,3.0
429.64,3.0
429.68,3.2
429.72,3.2
429.76,3.2
429.8,3.2
429.84000000000003,3.0
429.88,3.2
429.92,3.2
429.96000000000004,3.0
430.0,3.2
430.04,3.2
430.08,3.2
430.12,3.2
430.16,3.2
430.2,3.2
430.24,3.2
430.28000000000003,3.0
430.32,3.2
430.36,3.2
430.40000000000003,3.2
430.44,3.0
430.48,3.0
430.52,3.2
430.56,3.2
430.6,3.2
430.64,3.2
430.68,3.2
430.72,3.0
430.76,3.2
430.8,3.2
430.84000000000003,3.2
430.88,3.0
430.92,3.2
430.96000000000004,3.0
431.0,3.2
431.04,3.2
431.08,3.2
431.12,3.0
431.16,3.2
431.2,3.2
431.24,3.0
431.28000000000003,3.2
431.32,3.0
431.36,3.0
431.40000000000003,3.0
431.44,3.2
431.48,3.2
431.52,3.2
431.56,3.0
431.6,3.0
431.64,3.2
431.68,3.0
431.72,3.0
431.76,3.2
431.8,3.0
431.84000000000003,3.2
431.88,3.0
431.92,3.0
431.96000000000004,3.2
432.0,3.0
432.04,3.0
432.08,3.0
432.12,3.0
432.16,3.0
432.2,3.2
432.24,3.0
432.28000000000003,3.0
432.32,3.2
432.36,3.0
432.40000000000003,2.8000000000000003
432.44,3.0
432.48,3.2
432.52,2.8000000000000003
432.56,3.0
432.6,3.0
432.64,2.8000000000000003
432.68,3.0
432.72,3.0
432.76,3.2
432.8,3.0
432.84000000000003,3.0
432.88,3.0
432.92,3.0
432.96000000000004,3.0
433.0,3.0
433.04,3.0
433.08,2.8000000000000003
433.12,3.0
433.16,3.0
433.2,3.0
433.24,3.0
433.28000000000003,2.8000000000000003
433.32,2.8000000000000003
433.36,3.0
433.40000000000003,2.8000000000000003
433.44,3.0
433.48,3.0
433.52,2.8000000000000003
433.56,3.0
433.6,2.8000000000000003
433.64,3.0
433.68,3.0
433.72,3.0
433.76,2.8000000000000003
433.8,2.8000000000000003
433.84000000000003,2.8000000000000003
433.88,2.8000000000000003
433.92,3.0
433.96000000000004,3.0
434.0,3.0
434.04,3.0
434.08,2.8000000000000003
434.12,3.0
434.16,3.0
434.2,2.8000000000000003
434.24,2.8000000000000003
434.28000000000003,2.8000000000000003
434.32,2.8000000000000003
434.36,3.0
434.40000000000003,2.8000000000000003
434.44,3.0
434.48,2.8000000000000003
434.52,2.8000000000000003
434.56,3.0
434.6,2.8000000000000003
434.64,3.0
434.68,2.8000000000000003
434.72,3.0
434.76,2.8000000000000003
434.8,3.0
434.84000000000003,2.8000000000000003
434.88,2.8000000000000003
434.92,3.0
434.96000000000004,2.8000000000000003
435.0,3.0
435.04,2.8000000000000003
435.08,2.8000000000000003
435.12,2.8000000000000003
435.16,2.8000000000000003
435.2,2.8000000000000003
435.24,2.8000000000000003
435.28000000000003,2.8000000000000003
435.32,2.8000000000000003
435.36,2.8000000000000003
435.40000000000003,3.0
435.44,2.8000000000000003
435.48,2.8000000000000003
435.52,2.8000000000000003
435.56,2.8000000000000003
435.6,3.0
435.64,2.8000000000000003
435.68,2.8000000000000003
435.72,2.8000000000000003
435.76,2.8000000000000003
435.8,2.8000000000000003
435.84000000000003,2.8000000000000003
435.88,2.8000000000000003
435.92,2.8000000000000003
435.96000000000004,2.8000000000000003
436.0,2.8000000000000003
436.04,2.8000000000000003
436.08,3.0
436.12,3.0
436.16,2.8000000000000003
436.2,2.8000000000000003
436.24,2.8000000000000003
436.28000000000003,2.8000000000000003
436.32,2.8000000000000003
436.36,2.8000000000000003
436.40000000000003,2.8000000000000003
436.44,2.8000000000000003
436.48,2.8000000000000003
436.52,2.8000000000000003
436.56,2.8000000000000003
436.6,2.8000000000000003
436.64,2.8000000000000003
436.68,2.8000000000000003
436.72,2.8000000000000003
436.76,2.8000000000000003
436.8,2.8000000000000003
436.84000000000003,2.8000000000000003
436.88,2.8000000000000003
436.92,2.8000000000000003
436.96000000000004,2.8000000000000003
437.0,2.8000000000000003
437.04,2.8000000000000003
437.08,2.8000000000000003
437.12,2.8000000000000003
437.16,2.8000000000000003
437.2,2.8000000000000003
437.24,2.8000000000000003
437.28000000000003,2.8000000000000003
437.32,2.8000000000000003
437.36,2.8000000000000003
437.40000000000003,2.8000000000000003
437.44,2.8000000000000003
437.48,2.6
437.52,2.8000000000000003
437.56,2.8000000000000003
437.6,2.8000000000000003
437.64,2.8000000000000003
437.68,3.0
437.72,2.8000000000000003
437.76,2.8000000000000003
437.8,2.8000000000000003
437.84000000000003,2.8000000000000003
437.88,2.8000000000000003
437.92,2.8000000000000003
437.96000000000004,2.8000000000000003
438.0,2.8000000000000003
438.04,2.8000000000000003
438.08,2.8000000000000003
438.12,2.8000000000000003
438.16,2.8000000000000003
438.2,2.8000000000000003
438.24,2.8000000000000003
438.28000000000003,2.8000000000000003
438.32,2.8000000000000003
438.36,2.8000000000000003
438.40000000000003,2.8000000000000003
438.44,2.8000000000000003
438.48,2.8000000000000003
438.52,2.8000000000000003
438.56,2.8000000000000003
438.6,2.8000000000000003
438.64,2.8000000000000003
438.68,2.8000000000000003
438.72,2.8000000000000003
438.76,2.8000000000000003
438.8,2.8000000000000003
438.84000000000003,2.8000000000000003
438.88,2.8000000000000003
438.92,2.8000000000000003
438.96000000000004,2.6
439.0,2.8000000000000003
439.04,2.8000000000000003
439.08,2.8000000000000003
439.12,2.8000000000000003
439.16,2.8000000000000003
439.2,2.8000000000000003
439.24,2.8000000000000003
439.28000000000003,2.8000000000000003
439.32,2.8000000000000003
439.36,2.8000000000000003
439.40000000000003,2.8000000000000003
439.44,2.8000000000000003
439.48,2.8000000000000003
439.52,2.8000000000000003
439.56,2.8000000000000003
439.6,2.8000000000000003
439.64,2.8000000000000003
439.68,2.8000000000000003
439.72,2.8000000000000003
439.76,2.8000000000000003
439.8,2.8000000000000003
439.84000000000003,2.8000000000000003
439.88,2.8000000000000003
439.92,2.8000000000000003
439.96000000000004,2.8000000000000003
440.0,2.8000000000000003
440.04,2.8000000000000003
440.08,2.8000000000000003
440.12,2.8000000000000003
440.16,2.8000000000000003
440.2,2.8000000000000003
440.24,2.8000000000000003
440.28000000000003,2.8000000000000003
440.32,2.8000000000000003
440.36,2.8000000000000003
440.40000000000003,2.8000000000000003
440.44,2.8000000000000003
440.48,2.8000000000000003
440.52,2.8000000000000003
440.56,2.8000000000000003
440.6,2.8000000000000003
440.64,2.8000000000000003
440.68,2.8000000000000003
440.72,2.8000000000000003
440.76,2.8000000000000003
440.8,2.8000000000000003
440.84000000000003,2.8000000000000003
440.88,2.8000000000000003
440.92,2.8000000000000003
440.96000000000004,2.6
441.0,2.8000000000000003
441.04,2.8000000000000003
441.08,2.8000000000000003
441.12,2.8000000000000003
441.16,2.6
441.2,2.8000000000000003
441.24,2.6
441.28000000000003,2.6
441.32,2.6
441.36,2.8000000000000003
441.40000000000003,2.8000000000000003
441.44,2.8000000000000003
441.48,2.6
441.52,2.6
441.56,2.8000000000000003
441.6,2.8000000000000003
441.64,2.8000000000000003
441.68,2.8000000000000003
441.72,2.6
441.76,2.8000000000000003
441.8,2.6
441.84000000000003,2.8000000000000003
441.88,2.8000000000000003
441.92,2.6
441.96000000000004,2.8000000000000003
442.0,2.6
442.04,2.6
442.08,2.8000000000000003
442.12,2.6
442.16,2.6
442.2,2.8000000000000003
442.24,2.6
442.28000000000003,2.6
442.32,2.8000000000000003
442.36,2.8000000000000003
442.40000000000003,2.8000000000000003
442.44,2.6
442.48,2.8000000000000003
442.52,2.8000000000000003
442.56,2.8000000000000003
442.6,2.8000000000000003
442.64,2.6
442.68,2.8000000000000003
442.72,2.6
442.76,2.6
442.8,2.6
442.84000000000003,2.6
442.88,2.6
442.92,2.6
442.96000000000004,2.8000000000000003
443.0,2.8000000000000003
443.04,2.6
443.08,2.6
443.12,2.6
443.16,2.6
443.2,2.6
443.24,2.6
443.28000000000003,2.6
443.32,2.6
443.36,2.6
443.40000000000003,2.6
443.44,2.8000000000000003
443.48,2.6
443.52,2.6
443.56,2.6
443.6,2.6
443.64,2.6
443.68,2.6
443.72,2.6
443.76,2.6
443.8,2.6
443.84000000000003,2.6
443.88,2.8000000000000003
443.92,2.6
443.96000000000004,2.6
444.0,2.6
444.04,2.6
444.08,2.8000000000000003
444.12,2.6
444.16,2.8000000000000003
444.2,2.6
444.24,2.6
444.28000000000003,2.6
444.32,2.6
444.36,2.6
444.40000000000003,2.6
444.44,2.6
444.48,2.8000000000000003
444.52,2.6
444.56,2.8000000000000003
444.6,2.8000000000000003
444.64,2.6
444.68,2.6
444.72,2.6
444.76,2.8000000000000003
444.8,2.6
444.84000000000003,2.6
444.88,2.6
444.92,2.8000000000000003
444.96000000000004,2.6
445.0,2.6
445.04,2.6
445.08,2.6
445.12,2.6
445.16,2.6
445.2,2.6
445.24,2.8000000000000003
445.28000000000003,2.6
445.32,2.6
445.36,2.6
445.40000000000003,2.8000000000000003
445.44,2.6
445.48,2.6
445.52,2.8000000000000003
445.56,2.6
445.6,2.6
445.64,2.6
445.68,2.6
445.72,2.6
445.76,2.6
445.8,2.6
445.84000000000003,2.6
445.88,2.6
445.92,2.6
445.96000000000004,2.6
446.0,2.6
446.04,2.6
446.08,2.6
446.12,2.6
446.16,2.6
446.2,2.6
446.24,2.6
446.28000000000003,2.6
446.32,2.6
446.36,2.6
446.40000000000003,2.6
446.44,2.6
446.48,2.6
446.52,2.6
446.56,2.6
446.6,2.6
446.64,2.6
446.68,2.6
446.72,2.6
446.76,2.6
446.8,2.6
446.84000000000003,2.6
446.88,2.6
446.92,2.4000000000000004
446.96000000000004,2.6
447.0,2.6
447.04,2.6
447.08,2.6
447.12,2.6
447.16,2.6
447.2,2.6
447.24,2.6
447.28000000000003,2.6
447.32,2.6
447.36,2.6
447.40000000000003,2.6
447.44,2.4000000000000004
447.48,2.4000000000000004
447.52,2.4000000000000004
447.56,2.6
447.6,2.6
447.64,2.4000000000000004
447.68,2.6
447.72,2.6
447.76,2.6
447.8,2.6
447.84000000000003,2.6
447.88,2.6
447.92,2.6
447.96000000000004,2.6
448.0,2.6
448.04,2.4000000000000004
448.08,2.6
448.12,2.4000000000000004
448.16,2.6
448.2,2.6
448.24,2.6
448.28000000000003,2.6
448.32,2.4000000000000004
448.36,2.6
448.40000000000003,2.4000000000000004
448.44,2.6
448.48,2.6
448.52,2.4000000000000004
448.56,2.6
448.6,2.6
448.64,2.6
448.68,2.6
448.72,2.6
448.76,2.6
448.8,2.6
448.84000000000003,2.6
448.88,2.6
448.92,2.6
448.96000000000004,2.4000000000000004
449.0,2.6
449.04,2.6
449.08,2.6
449.12,2.4000000000000004
449.16,2.4000000000000004
449.2,2.6
449.24,2.4000000000000004
449.28000000000003,2.6
449.32,2.4000000000000004
449.36,2.6
449.40000000000003,2.4000000000000004
449.44,2.4000000000000004
449.48,2.6
449.52,2.6
449.56,2.6
449.6,2.4000000000000004
449.64,2.4000000000000004
449.68,2.4000000000000004
449.72,2.6
449.76,2.4000000000000004
449.8,2.4000000000000004
449.84000000000003,2.6
449.88,2.4000000000000004
449.92,2.6
449.96000000000004,2.4000000000000004
450.0,2.6
450.04,2.4000000000000004
450.08,2.4000000000000004
450.12,2.6
450.16,2.4000000000000004
450.2,2.6
450.24,2.4000000000000004
450.28000000000003,2.6
450.32,2.4000000000000004
450.36,2.6
450.40000000000003,2.6
450.44,2.4000000000000004
450.48,2.4000000000000004
450.52,2.6
450.56,2.4000000000000004
450.6,2.6
450.64,2.4000000000000004
450.68,2.4000000000000004
450.72,2.6
450.76,2.4000000000000004
450.8,2.4000000000000004
450.84000000000003,2.6
450.88,2.4000000000000004
450.92,2.4000000000000004
450.96000000000004,2.4000000000000004
451.0,2.4000000000000004
451.04,2.4000000000000004
451.08,2.4000000000000004
451.12,2.4000000000000004
451.16,2.4000000000000004
451.2,2.4000000000000004
451.24,2.6
451.28000000000003,2.4000000000000004
451.32,2.6
451.36,2.4000000000000004
451.40000000000003,2.4000000000000004
451.44,2.4000000000000004
451.48,2.4000000000000004
451.52,2.4000000000000004
451.56,2.4000000000000004
451.6,2.6
451.64,2.4000000000000004
451.68,2.4000000000000004
451.72,2.6
451.76,2.4000000000000004
451.8,2.4000000000000004
451.84000000000003,2.4000000000000004
451.88,2.6
451.92,2.4000000000000004
451.96000000000004,2.4000000000000004
452.0,2.4000000000000004
452.04,2.4000000000000004
452.08,2.4000000000000004
452.12,2.4000000000000004
452.16,2.4000000000000004
452.2,2.4000000000000004
452.24,2.4000000000000004
452.28000000000003,2.4000000000000004
452.32,2.4000000000000004
452.36,2.4000000000000004
452.40000000000003,2.4000000000000004
452.44,2.4000000000000004
452.48,2.4000000000000004
452.52,2.4000000000000004
452.56,2.4000000000000004
452.6,2.4000000000000004
452.64,2.4000000000000004
452.68,2.4000000000000004
452.72,2.4000000000000004
452.76,2.4000000000000004
452.8,2.4000000000000004
452.84000000000003,2.4000000000000004
452.88,2.4000000000000004
452.92,2.4000000000000004
452.96000000000004,2.4000000000000004
453.0,2.4000000000000004
453.04,2.4000000000000004
453.08,2.4000000000000004
453.12,2.4000000000000004
453.16,2.4000000000000004
453.2,2.4000000000000004
453.24,2.4000000000000004
453.28000000000003,2.4000000000000004
453.32,2.4000000000000004
453.36,2.4000000000000004
453.40000000000003,2.4000000000000004
453.44,2.4000000000000004
453.48,2.4000000000000004
453.52,2.4000000000000004
453.56,2.4000000000000004
453.6,2.4000000000000004
453.64,2.4000000000000004
453.68,2.4000000000000004
453.72,2.4000000000000004
453.76,2.4000000000000004
453.8,2.4000000000000004
453.84000000000003,2.4000000000000004
453.88,2.4000000000000004
453.92,2.4000000000000004
453.96000000000004,2.4000000000000004
454.0,2.4000000000000004
454.04,2.4000000000000004
454.08,2.4000000000000004
454.12,2.4000000000000004
454.16,2.4000000000000004
454.2,2.4000000000000004
454.24,2.4000000000000004
454.28000000000003,2.4000000000000004
454.32,2.4000000000000004
454.36,2.4000000000000004
454.40000000000003,2.4000000000000004
454.44,2.4000000000000004
454.48,2.4000000000000004
454.52,2.4000000000000004
454.56,2.4000000000000004
454.6,2.4000000000000004
454.64,2.4000000000000004
454.68,2.4000000000000004
454.72,2.4000000000000004
454.76,2.4000000000000004
454.8,2.4000000000000004
454.84000000000003,2.4000000000000004
454.88,2.4000000000000004
454.92,2.4000000000000004
454.96000000000004,2.4000000000000004
455.0,2.4000000000000004
455.04,2.4000000000000004
455.08,2.4000000000000004
455.12,2.4000000000000004
455.16,2.4000000000000004
455.2,2.4000000000000004
455.24,2.4000000000000004
455.28000000000003,2.4000000000000004
455.32,2.4000000000000004
455.36,2.4000000000000004
455.40000000000003,2.4000000000000004
455.44,2.4000000000000004
455.48,2.4000000000000004
455.52,2.4000000000000004
455.56,2.4000000000000004
455.6,2.4000000000000004
455.64,2.4000000000000004
455.68,2.4000000000000004
455.72,2.4000000000000004
455.76,2.4000000000000004
455.8,2.4000000000000004
455.84000000000003,2.4000000000000004
455.88,2.4000000000000004
455.92,2.4000000000000004
455.96000000000004,2.4000000000000004
456.0,2.4000000000000004
456.04,2.4000000000000004
456.08,2.4000000000000004
456.12,2.4000000000000004
456.16,2.4000000000000004
456.2,2.4000000000000004
456.24,2.4000000000000004
456.28000000000003,2.4000000000000004
456.32,2.4000000000000004
456.36,2.4000000000000004
456.40000000000003,2.4000000000000004
456.44,2.4000000000000004
456.48,2.4000000000000004
456.52,2.4000000000000004
456.56,2.4000000000000004
456.6,2.4000000000000004
456.64,2.4000000000000004
456.68,2.4000000000000004
456.72,2.4000000000000004
456.76,2.4000000000000004
456.8,2.4000000000000004
456.84000000000003,2.4000000000000004
456.88,2.4000000000000004
456.92,2.4000000000000004
456.96000000000004,2.4000000000000004
457.0,2.4000000000000004
457.04,2.4000000000000004
457.08,2.4000000000000004
457.12,2.4000000000000004
457.16,2.4000000000000004
457.2,2.4000000000000004
457.24,2.4000000000000004
457.28000000000003,2.4000000000000004
457.32,2.4000000000000004
457.36,2.4000000000000004
457.40000000000003,2.4000000000000004
457.44,2.4000000000000004
457.48,2.4000000000000004
457.52,2.4000000000000004
457.56,2.4000000000000004
457.6,2.4000000000000004
457.64,2.4000000000000004
457.68,2.4000000000000004
457.72,2.4000000000000004
457.76,2.4000000000000004
457.8,2.4000000000000004
457.84000000000003,2.4000000000000004
457.88,2.4000000000000004
457.92,2.4000000000000004
457.96000000000004,2.4000000000000004
458.0,2.4000000000000004
458.04,2.4000000000000004
458.08,2.4000000000000004
458.12,2.4000000000000004
458.16,2.4000000000000004
458.2,2.2
458.24,2.4000000000000004
458.28000000000003,2.4000000000000004
458.32,2.4000000000000004
458.36,2.4000000000000004
458.40000000000003,2.4000000000000004
458.44,2.4000000000000004
458.48,2.4000000000000004
458.52,2.4000000000000004
458.56,2.4000000000000004
458.6,2.4000000000000004
458.64,2.4000000000000004
458.68,2.4000000000000004
458.72,2.4000000000000004
458.76,2.4000000000000004
458.8,2.4000000000000004
458.84000000000003,2.4000000000000004
458.88,2.4000000000000004
458.92,2.4000000000000004
458.96000000000004,2.4000000000000004
459.0,2.4000000000000004
459.04,2.4000000000000004
459.08,2.4000000000000004
459.12,2.4000000000000004
459.16,2.2
459.2,2.2
459.24,2.2
459.28000000000003,2.4000000000000004
459.32,2.4000000000000004
459.36,2.4000000000000004
459.40000000000003,2.4000000000000004
459.44,2.4000000000000004
459.48,2.4000000000000004
459.52,2.4000000000000004
459.56,2.4000000000000004
459.6,2.4000000000000004
459.64,2.4000000000000004
459.68,2.2
459.72,2.4000000000000004
459.76,2.2
459.8,2.4000000000000004
459.84000000000003,2.4000000000000004
459.88,2.2
459.92,2.2
459.96000000000004,2.4000000000000004
460.0,2.2
460.04,2.2
460.08,2.2
460.12,2.2
460.16,2.4000000000000004
460.2,2.2
460.24,2.2
460.28000000000003,2.4000000000000004
460.32,2.4000000000000004
460.36,2.2
460.40000000000003,2.2
460.44,2.2
460.48,2.4000000000000004
460.52,2.2
460.56,2.4000000000000004
460.6,2.2
460.64,2.2
460.68,2.2
460.72,2.2
460.76,2.4000000000000004
460.8,2.4000000000000004
460.84000000000003,2.2
460.88,2.4000000000000004
460.92,2.2
460.96000000000004,2.4000000000000004
461.0,2.0
461.04,2.4000000000000004
461.08,2.2
461.12,2.4000000000000004
461.16,2.2
461.2,2.2
461.24,2.2
461.28000000000003,2.2
461.32,2.2
461.36,2.4000000000000004
461.40000000000003,2.2
461.44,2.4000000000000004
461.48,2.2
461.52,2.4000000000000004
461.56,2.2
461.6,2.2
461.64,2.2
461.68,2.2
461.72,2.4000000000000004
461.76,2.4000000000000004
461.8,2.2
461.84000000000003,2.2
461.88,2.2
461.92,2.4000000000000004
461.96000000000004,2.2
462.0,2.2
462.04,2.2
462.08,2.4000000000000004
462.12,2.2
462.16,2.0
462.2,2.2
462.24,2.2
462.28000000000003,2.2
462.32,2.0
462.36,2.0
462.40000000000003,2.2
462.44,2.4000000000000004
462.48,2.0
462.52,2.2
462.56,2.2
462.6,2.0
462.64,2.4000000000000004
462.68,2.0
462.72,2.2
462.76,2.0
462.8,2.2
462.84000000000003,2.2
462.88,2.2
462.92,2.2
462.96000000000004,2.0
463.0,2.2
463.04,2.2
463.08,2.2
463.12,2.2
463.16,2.0
463.2,2.2
463.24,2.4000000000000004
463.28000000000003,2.2
463.32,2.0
463.36,2.2
463.40000000000003,2.2
463.44,2.2
463.48,2.2
463.52,2.2
463.56,2.2
463.6,2.2
463.64,2.2
463.68,2.0
463.72,2.2
463.76,2.2
463.8,2.0
463.84000000000003,2.0
463.88,2.0
463.92,2.2
463.96000000000004,2.2
464.0,2.2
464.04,2.2
464.08,2.2
464.12,2.0
464.16,2.2
464.2,2.2
464.24,2.0
464.28000000000003,2.2
464.32,2.2
464.36,2.0
464.40000000000003,2.0
464.44,2.0
464.48,2.0
464.52,2.2
464.56,2.2
464.6,2.0
464.64,2.0
464.68,2.0
464.72,2.2
464.76,2.2
464.8,2.2
464.84000000000003,2.2
464.88,2.0
464.92,2.2
464.96000000000004,2.0
465.0,2.0
465.04,2.0
465.08,2.0
465.12,2.2
465.16,2.0
465.2,2.0
465.24,2.0
465.28000000000003,2.2
465.32,2.0
465.36,2.0
465.40000000000003,2.0
465.44,2.2
465.48,2.2
465.52,2.2
465.56,2.0
465.6,2.0
465.64,2.0
465.68,2.0
465.72,2.0
465.76,2.2
465.8,2.0
465.84000000000003,2.0
465.88,2.0
465.92,2.0
465.96000000000004,2.2
466.0,2.0
466.04,2.0
466.08,2.2
466.12,2.0
466.16,2.0
466.2,2.0
466.24,2.0
466.28000000000003,2.0
466.32,2.0
466.36,2.0
466.40000000000003,2.0
466.44,2.0
466.48,2.0
466.52,2.0
466.56,2.2
466.6,2.0
466.64,2.0
466.68,2.0
466.72,2.0
466.76,2.2
466.8,2.0
466.84000000000003,2.0
466.88,2.0
466.92,2.0
466.96000000000004,2.0
467.0,2.0
467.04,2.2
467.08,2.0
467.12,2.0
467.16,2.0
467.2,2.0
467.24,2.0
467.28000000000003,2.0
467.32,2.0
467.36,2.0
467.40000000000003,2.0
467.44,2.0
467.48,2.0
467.52,2.0
467.56,2.0
467.6,2.0
467.64,2.0
467.68,2.0
467.72,2.0
467.76,2.0
467.8,2.0
467.84000000000003,2.0
467.88,2.0
467.92,2.0
467.96000000000004,2.0
468.0,2.0
468.04,2.0
468.08,2.0
468.12,2.0
468.16,2.0
468.2,2.0
468.24,2.0
468.28000000000003,2.0
468.32,2.0
468.36,2.0
468.40000000000003,2.0
468.44,2.0
468.48,2.0
468.52,2.0
468.56,2.0
468.6,2.0
468.64,2.0
468.68,2.0
468.72,2.0
468.76,2.0
468.8,2.0
468.84000000000003,2.0
468.88,2.0
468.92,2.0
468.96000000000004,2.0
469.0,2.0
469.04,2.0
469.08,2.0
469.12,2.0
469.16,2.0
469.2,2.0
469.24,2.0
469.28000000000003,2.0
469.32,2.0
469.36,2.0
469.40000000000003,2.0
469.44,2.0
469.48,2.0
469.52,2.0
469.56,2.0
469.6,2.0
469.64,2.0
469.68,2.0
469.72,2.0
469.76,2.0
469.8,2.0
469.84000000000003,2.0
469.88,2.0
469.92,2.0
469.96000000000004,2.0
470.0,2.0
470.04,2.0
470.08,2.0
470.12,2.0
470.16,2.0
470.2,2.0
470.24,2.0
470.28000000000003,2.0
470.32,2.0
470.36,2.0
470.40000000000003,2.0
470.44,2.0
470.48,2.0
470.52,1.8
470.56,2.0
470.6,2.0
470.64,2.0
470.68,2.0
470.72,2.0
470.76,2.0
470.8,2.0
470.84000000000003,2.0
470.88,2.0
470.92,2.0
470.96000000000004,2.0
471.0,2.0
471.04,2.0
471.08,2.0
471.12,2.0
471.16,2.0
471.2,2.0
471.24,1.8
471.28000000000003,2.0
471.32,2.0
471.36,2.0
471.40000000000003,2.0
471.44,2.0
471.48,2.0
471.52,2.0
471.56,2.0
471.6,2.0
471.64,2.0
471.68,2.0
471.72,2.0
471.76,2.0
471.8,2.0
471.84000000000003,2.0
471.88,2.0
471.92,2.0
471.96000000000004,2.0
472.0,2.0
472.04,2.0
472.08,2.0
472.12,2.0
472.16,2.0
472.2,2.0
472.24,2.0
472.28000000000003,2.0
472.32,2.0
472.36,2.0
472.40000000000003,2.0
472.44,2.0
472.48,2.0
472.52,2.0
472.56,2.0
472.6,2.0
472.64,2.0
472.68,2.0
472.72,2.0
472.76,2.0
472.8,2.0
472.84000000000003,2.0
472.88,2.0
472.92,2.0
472.96000000000004,1.8
473.0,2.0
473.04,1.8
473.08,2.0
473.12,2.0
473.16,1.8
473.2,2.0
473.24,2.0
473.28000000000003,2.0
473.32,2.0
473.36,2.0
473.40000000000003,2.0
473.44,1.8
473.48,2.0
473.52,2.0
473.56,2.0
473.6,1.8
473.64,2.0
473.68,2.0
473.72,2.0
473.76,2.0
473.8,2.0
473.84000000000003,1.8
473.88,2.0
473.92,2.0
473.96000000000004,2.0
474.0,2.0
474.04,1.8
474.08,2.0
474.12,1.8
474.16,2.0
474.2,2.0
474.24,2.0
474.28000000000003,2.0
474.32,1.8
474.36,2.0
474.40000000000003,1.8
474.44,2.0
474.48,1.8
474.52,1.8
474.56,1.8
474.6,1.8
474.64,2.0
474.68,1.8
474.72,2.0
474.76,1.8
474.8,2.0
474.84000000000003,1.8
474.88,1.8
474.92,1.8
474.96000000000004,2.0
475.0,1.8
475.04,1.8
475.08,2.0
475.12,1.8
475.16,1.8
475.2,1.8
475.24,1.8
475.28000000000003,2.0
475.32,1.8
475.36,2.0
475.40000000000003,2.0
475.44,1.8
475.48,2.0
475.52,1.8
475.56,1.8
475.6,2.0
475.64,1.8
475.68,1.8
475.72,1.8
475.76,1.8
475.8,1.8
475.84000000000003,2.0
475.88,1.8
475.92,2.0
475.96000000000004,2.0
476.0,2.0
476.04,1.8
476.08,1.8
476.12,1.8
476.16,1.8
476.2,2.0
476.24,1.8
476.28000000000003,2.0
476.32,1.8
476.36,1.8
476.40000000000003,1.8
476.44,2.0
476.48,2.0
476.52,1.8
476.56,1.8
476.6,2.0
476.64,1.8
476.68,1.8
476.72,1.8
476.76,1.8
476.8,1.8
476.84000000000003,2.0
476.88,1.8
476.92,2.0
476.96000000000004,2.0
477.0,1.8
477.04,1.8
477.08,1.8
477.12,1.8
477.16,1.8
477.2,1.8
477.24,2.0
477.28000000000003,1.8
477.32,1.8
477.36,1.8
477.40000000000003,1.8
477.44,1.8
477.48,2.0
477.52,1.8
477.56,1.8
477.6,2.0
477.64,1.8
477.68,1.8
477.72,2.0
477.76,2.0
477.8,2.0
477.84000000000003,2.0
477.88,1.8
477.92,2.0
477.96000000000004,1.8
478.0,1.8
478.04,2.0
478.08,1.8
478.12,1.8
478.16,1.8
478.2,2.0
478.24,2.0
478.28000000000003,2.0
478.32,1.8
478.36,2.0
478.40000000000003,1.8
478.44,1.8
478.48,1.8
478.52,2.0
478.56,1.8
478.6,1.8
478.64,1.8
478.68,2.0
478.72,1.8
478.76,1.8
478.8,1.8
478.84000000000003,2.0
478.88,2.0
478.92,2.0
478.96000000000004,1.8
479.0,1.8
479.04,2.0
479.08,1.8
479.12,1.8
479.16,2.0
479.2,2.0
479.24,1.6
479.28000000000003,2.0
479.32,2.0
479.36,1.8
479.40000000000003,1.8
479.44,1.8
479.48,1.8
479.52,1.8
479.56,1.8
479.6,1.8
479.64,1.8
479.68,1.8
479.72,1.8
479.76,1.8
479.8,1.8
479.84000000000003,2.0
479.88,1.8
479.92,1.8
479.96000000000004,1.8
480.0,1.8
480.04,1.8
480.08,1.8
480.12,1.8
480.16,2.0
480.2,1.8
480.24,1.8
480.28000000000003,1.8
480.32,1.8
480.36,1.8
480.40000000000003,1.8
480.44,1.8
480.48,1.8
480.52,1.8
480.56,1.6
480.6,1.8
480.64,1.8
480.68,1.8
480.72,1.8
480.76,1.8
480.8,1.8
480.84000000000003,1.6
480.88,1.8
480.92,1.8
480.96000000000004,1.8
481.0,1.8
481.04,1.8
481.08,1.8
481.12,1.8
481.16,1.8
481.2,1.8
481.24,1.8
481.28000000000003,1.8
481.32,1.6
481.36,1.8
481.40000000000003,1.8
481.44,1.8
481.48,1.8
481.52,1.8
481.56,1.8
481.6,2.0
481.64,1.8
481.68,1.8
481.72,1.8
481.76,1.8
481.8,1.8
481.84000000000003,1.6
481.88,1.8
481.92,1.8
481.96000000000004,1.8
482.0,1.8
482.04,1.8
482.08,1.6
482.12,1.8
482.16,1.8
482.2,1.8
482.24,1.8
482.28000000000003,1.8
482.32,1.8
482.36,1.8
482.40000000000003,1.8
482.44,1.8
482.48,1.8
482.52,1.8
482.56,1.8
482.6,1.8
482.64,1.8
482.68,2.0
482.72,1.8
482.76,1.8
482.8,1.8
482.84000000000003,1.6
482.88,1.8
482.92,1.8
482.96000000000004,1.8
483.0,1.8
483.04,1.8
483.08,1.8
483.12,1.8
483.16,1.6
483.2,1.6
483.24,1.8
483.28000000000003,1.6
483.32,1.8
483.36,1.8
483.40000000000003,1.8
483.44,1.8
483.48,1.6
483.52,1.6
483.56,1.6
483.6,1.8
483.64,1.6
483.68,1.8
483.72,1.8
483.76,1.8
483.8,1.8
483.84000000000003,1.6
483.88,1.8
483.92,1.8
483.96000000000004,1.6
484.0,1.6
484.04,1.6
484.08,1.6
484.12,1.8
484.16,1.6
484.2,1.6
484.24,1.6
484.28000000000003,1.6
484.32,1.8
484.36,1.6
484.40000000000003,1.6
484.44,1.6
484.48,1.6
484.52,1.6
484.56,1.6
484.6,1.6
484.64,1.6
484.68,1.6
484.72,1.6
484.76,1.6
484.8,1.6
484.84000000000003,1.6
484.88,1.6
484.92,1.8
484.96000000000004,1.6
485.0,1.6
485.04,1.6
485.08,1.6
485.12,1.6
485.16,1.6
485.2,1.8
485.24,1.6
485.28000000000003,1.6
485.32,1.6
485.36,1.8
485.40000000000003,1.8
485.44,1.8
485.48,1.6
485.52,1.6
485.56,1.6
485.6,1.6
485.64,1.8
485.68,1.8
485.72,1.6
485.76,1.6
485.8,1.6
485.84000000000003,1.6
485.88,1.6
485.92,1.6
485.96000000000004,1.6
486.0,1.6
486.04,1.6
486.08,1.6
486.12,1.6
486.16,1.6
486.2,1.6
486.24,1.6
486.28000000000003,1.6
486.32,1.6
486.36,1.6
486.40000000000003,1.6
486.44,1.6
486.48,1.6
486.52,1.6
486.56,1.6
486.6,1.6
486.64,1.6
486.68,1.6
486.72,1.6
486.76,1.6
486.8,1.6
486.84000000000003,1.6
486.88,1.6
486.92,1.6
486.96000000000004,1.8
487.0,1.6
487.04,1.6
487.08,1.6
487.12,1.6
487.16,1.6
487.2,1.6
487.24,1.6
487.28000000000003,1.8
487.32,1.6
487.36,1.6
487.40000000000003,1.6
487.44,1.6
487.48,1.6
487.52,1.6
487.56,1.6
487.6,1.6
487.64,1.6
487.68,1.6
487.72,1.6
487.76,1.6
487.8,1.6
487.84000000000003,1.6
487.88,1.6
487.92,1.6
487.96000000000004,1.6
488.0,1.6
488.04,1.6
488.08,1.6
488.12,1.6
488.16,1.6
488.2,1.6
488.24,1.6
488.28000000000003,1.6
488.32,1.6
488.36,1.6
488.40000000000003,1.6
488.44,1.6
488.48,1.6
488.52,1.6
488.56,1.6
488.6,1.6
488.64,1.6
488.68,1.6
488.72,1.6
488.76,1.6
488.8,1.6
488.84000000000003,1.6
488.88,1.6
488.92,1.6
488.96000000000004,1.6
489.0,1.6
489.04,1.6
489.08,1.6
489.12,1.6
489.16,1.6
489.2,1.6
489.24,1.6
489.28000000000003,1.6
489.32,1.6
489.36,1.6
489.40000000000003,1.6
489.44,1.6
489.48,1.6
489.52,1.6
489.56,1.6
489.6,1.6
489.64,1.6
489.68,1.6
489.72,1.6
489.76,1.6
489.8,1.6
489.84000000000003,1.6
489.88,1.6
489.92,1.6
489.96000000000004,1.6
490.0,1.6
490.04,1.6
490.08,1.6
490.12,1.6
490.16,1.6
490.2,1.6
490.24,1.6
490.28000000000003,1.6
490.32,1.6
490.36,1.6
490.40000000000003,1.6
490.44,1.6
490.48,1.6
490.52,1.6
490.56,1.6
490.6,1.6
490.64,1.6
490.68,1.6
490.72,1.6
490.76,1.6
490.8,1.6
490.84000000000003,1.6
490.88,1.6
490.92,1.6
490.96000000000004,1.6
491.0,1.6
491.04,1.6
491.08,1.6
491.12,1.6
491.16,1.6
491.2,1.6
491.24,1.6
491.28000000000003,1.6
491.32,1.6
491.36,1.6
491.40000000000003,1.6
491.44,1.6
491.48,1.6
491.52,1.6
491.56,1.6
491.6,1.6
491.64,1.6
491.68,1.6
491.72,1.6
491.76,1.6
491.8,1.6
491.84000000000003,1.6
491.88,1.6
491.92,1.6
491.96000000000004,1.6
492.0,1.6
492.04,1.6
492.08,1.6
492.12,1.6
492.16,1.6
492.2,1.6
492.24,1.6
492.28000000000003,1.6
492.32,1.6
492.36,1.6
492.40000000000003,1.6
492.44,1.4000000000000001
492.48,1.6
492.52000000000004,1.6
492.56,1.6
492.6,1.6
492.64,1.6
492.68,1.6
492.72,1.6
492.76,1.6
492.8,1.6
492.84000000000003,1.6
492.88,1.6
492.92,1.6
492.96000000000004,1.6
493.0,1.6
493.04,1.4000000000000001
493.08,1.6
493.12,1.6
493.16,1.6
493.2,1.6
493.24,1.6
493.28000000000003,1.6
493.32,1.6
493.36,1.4000000000000001
493.40000000000003,1.6
493.44,1.6
493.48,1.6
493.52000000000004,1.6
493.56,1.6
493.6,1.6
493.64,1.6
493.68,1.6
493.72,1.6
493.76,1.4000000000000001
493.8,1.6
493.84000000000003,1.4000000000000001
493.88,1.6
493.92,1.6
493.96000000000004,1.6
494.0,1.6
494.04,1.6
494.08,1.6
494.12,1.6
494.16,1.6
494.2,1.6
494.24,1.6
494.28000000000003,1.6
494.32,1.4000000000000001
494.36,1.4000000000000001
494.40000000000003,1.4000000000000001
494.44,1.6
494.48,1.6
494.52000000000004,1.6
494.56,1.6
494.6,1.6
494.64,1.6
494.68,1.6
494.72,1.6
494.76,1.6
494.8,1.6
494.84000000000003,1.6
494.88,1.6
494.92,1.6
494.96000000000004,1.6
495.0,1.4000000000000001
495.04,1.6
495.08,1.4000000000000001
495.12,1.6
495.16,1.6
495.2,1.4000000000000001
495.24,1.6
495.28000000000003,1.6
495.32,1.6
495.36,1.6
495.40000000000003,1.6
495.44,1.4000000000000001
495.48,1.4000000000000001
495.52000000000004,1.6
495.56,1.4000000000000001
495.6,1.4000000000000001
495.64,1.6
495.68,1.6
495.72,1.4000000000000001
495.76,1.6
495.8,1.4000000000000001
495.84000000000003,1.4000000000000001
495.88,1.6
495.92,1.6
495.96000000000004,1.6
496.0,1.6
496.04,1.4000000000000001
496.08,1.6
496.12,1.6
496.16,1.6
496.2,1.4000000000000001
496.24,1.2000000000000002
496.28000000000003,1.4000000000000001
496.32,1.6
496.36,1.4000000000000001
496.40000000000003,1.4000000000000001
496.44,1.4000000000000001
496.48,1.4000000000000001
496.52000000000004,1.6
496.56,1.6
496.6,1.6
496.64,1.4000000000000001
496.68,1.6
496.72,1.6
496.76,1.6
496.8,1.6
496.84000000000003,1.4000000000000001
496.88,1.6
496.92,1.4000000000000001
496.96000000000004,1.4000000000000001
497.0,1.6
497.04,1.6
497.08,1.4000000000000001
497.12,1.4000000000000001
497.16,1.4000000000000001
497.2,1.4000000000000001
497.24,1.4000000000000001
497.28000000000003,1.2000000000000002
497.32,1.6
497.36,1.4000000000000001
497.40000000000003,1.4000000000000001
497.44,1.2000000000000002
497.48,1.4000000000000001
497.52000000000004,1.4000000000000001
497.56,1.4000000000000001
497.6,1.4000000000000001
497.64,1.6
497.68,1.4000000000000001
497.72,1.4000000000000001
497.76,1.6
497.8,1.4000000000000001
497.84000000000003,1.4000000000000001
497.88,1.4000000000000001
497.92,1.4000000000000001
497.96000000000004,1.4000000000000001
498.0,1.6
498.04,1.6
498.08,1.4000000000000001
498.12,1.4000000000000001
498.16,1.6
498.2,1.6
498.24,1.4000000000000001
498.28000000000003,1.4000000000000001
498.32,1.6
498.36,1.4000000000000001
498.40000000000003,1.4000000000000001
498.44,1.4000000000000001
498.48,1.4000000000000001
498.52000000000004,1.4000000000000001
498.56,1.6
498.6,1.4000000000000001
498.64,1.4000000000000001
498.68,1.4000000000000001
498.72,1.4000000000000001
498.76,1.2000000000000002
498.8,1.6
498.84000000000003,1.2000000000000002
498.88,1.4000000000000001
498.92,1.4000000000000001
498.96000000000004,1.4000000000000001
499.0,1.4000000000000001
499.04,1.6
499.08,1.6
499.12,1.4000000000000001
499.16,1.4000000000000001
499.2,1.6
499.24,1.4000000000000001
499.28000000000003,1.6
499.32,1.4000000000000001
499.36,1.6
499.40000000000003,1.4000000000000001
499.44,1.4000000000000001
499.48,1.4000000000000001
499.52000000000004,1.4000000000000001
499.56,1.4000000000000001
499.6,1.4000000000000001
499.64,1.4000000000000001
499.68,1.4000000000000001
499.72,1.4000000000000001
499.76,1.4000000000000001
499.8,1.6
499.84000000000003,1.6
499.88,1.4000000000000001
499.92,1.4000000000000001
499.96000000000004,1.4000000000000001
500.0,1.4000000000000001
500.04,1.6
500.08,1.4000000000000001
500.12,1.4000000000000001
500.16,1.4000000000000001
500.2,1.2000000000000002
500.24,1.4000000000000001
500.28000000000003,1.4000000000000001
500.32,1.4000000000000001
500.36,1.4000000000000001
500.40000000000003,1.4000000000000001
500.44,1.6
500.48,1.2000000000000002
500.52000000000004,1.4000000000000001
500.56,1.4000000000000001
500.6,1.6
500.64,1.4000000000000001
500.68,1.4000000000000001
500.72,1.4000000000000001
500.76,1.4000000000000001
500.8,1.4000000000000001
500.84000000000003,1.6
500.88,1.4000000000000001
500.92,1.4000000000000001
500.96000000000004,1.2000000000000002
501.0,1.2000000000000002
501.04,1.4000000000000001
501.08,1.4000000000000001
501.12,1.4000000000000001
501.16,1.4000000000000001
501.2,1.4000000000000001
501.24,1.4000000000000001
501.28000000000003,1.4000000000000001
501.32,1.4000000000000001
501.36,1.4000000000000001
501.40000000000003,1.4000000000000001
501.44,1.4000000000000001
501.48,1.4000000000000001
501.52000000000004,1.4000000000000001
501.56,1.4000000000000001
501.6,1.4000000000000001
501.64,1.6
501.68,1.6
501.72,1.4000000000000001
501.76,1.2000000000000002
501.8,1.2000000000000002
501.84000000000003,1.2000000000000002
501.88,1.2000000000000002
501.92,1.4000000000000001
501.96000000000004,1.4000000000000001
502.0,1.4000000000000001
502.04,1.4000000000000001
502.08,1.4000000000000001
502.12,1.2000000000000002
502.16,1.2000000000000002
502.2,1.2000000000000002
502.24,1.4000000000000001
502.28000000000003,1.4000000000000001
502.32,1.4000000000000001
502.36,1.6
502.40000000000003,1.2000000000000002
502.44,1.4000000000000001
502.48,1.4000000000000001
502.52000000000004,1.4000000000000001
502.56,1.2000000000000002
502.6,1.4000000000000001
502.64,1.4000000000000001
502.68,1.4000000000000001
502.72,1.4000000000000001
502.76,1.4000000000000001
502.8,1.4000000000000001
502.84000000000003,1.4000000000000001
502.88,1.4000000000000001
502.92,1.4000000000000001
502.96000000000004,1.2000000000000002
503.0,1.2000000000000002
503.04,1.4000000000000001
503.08,1.2000000000000002
503.12,1.2000000000000002
503.16,1.4000000000000001
503.2,1.2000000000000002
503.24,1.2000000000000002
503.28000000000003,1.2000000000000002
503.32,1.4000000000000001
503.36,1.2000000000000002
503.40000000000003,1.2000000000000002
503.44,1.2000000000000002
503.48,1.2000000000000002
503.52000000000004,1.4000000000000001
503.56,1.4000000000000001
503.6,1.4000000000000001
503.64,1.4000000000000001
503.68,1.2000000000000002
503.72,1.2000000000000002
503.76,1.4000000000000001
503.8,1.4000000000000001
503.84000000000003,1.4000000000000001
503.88,1.2000000000000002
503.92,1.4000000000000001
503.96000000000004,1.2000000000000002
504.0,1.2000000000000002
504.04,1.2000000000000002
504.08,1.2000000000000002
504.12,1.2000000000000002
504.16,1.2000000000000002
504.2,1.2000000000000002
504.24,1.2000000000000002
504.28000000000003,1.2000000000000002
504.32,1.2000000000000002
504.36,1.4000000000000001
504.40000000000003,1.4000000000000001
504.44,1.4000000000000001
504.48,1.2000000000000002
504.52000000000004,1.2000000000000002
504.56,1.4000000000000001
504.6,1.2000000000000002
504.64,1.2000000000000002
504.68,1.2000000000000002
504.72,1.4000000000000001
504.76,1.2000000000000002
504.8,1.2000000000000002
504.84000000000003,1.2000000000000002
504.88,1.2000000000000002
504.92,1.2000000000000002
504.96000000000004,1.2000000000000002
505.0,1.2000000000000002
505.04,1.4000000000000001
505.08,1.2000000000000002
505.12,1.2000000000000002
505.16,1.4000000000000001
505.2,1.2000000000000002
505.24,1.2000000000000002
505.28000000000003,1.2000000000000002
505.32,1.2000000000000002
505.36,1.2000000000000002
505.40000000000003,1.2000000000000002
505.44,1.2000000000000002
505.48,1.2000000000000002
505.52000000000004,1.2000000000000002
505.56,1.2000000000000002
505.6,1.2000000000000002
505.64,1.2000000000000002
505.68,1.2000000000000002
505.72,1.4000000000000001
505.76,1.4000000000000001
505.8,1.2000000000000002
505.84000000000003,1.4000000000000001
505.88,1.2000000000000002
505.92,1.2000000000000002
505.96000000000004,1.2000000000000002
506.0,1.2000000000000002
506.04,1.2000000000000002
506.08,1.2000000000000002
506.12,1.2000000000000002
506.16,1.2000000000000002
506.2,1.4000000000000001
506.24,1.2000000000000002
506.28000000000003,1.2000000000000002
506.32,1.2000000000000002
506.36,1.2000000000000002
506.40000000000003,1.2000000000000002
506.44,1.2000000000000002
506.48,1.2000000000000002
506.52000000000004,1.2000000000000002
506.56,1.2000000000000002
506.6,1.2000000000000002
506.64,1.2000000000000002
506.68,1.2000000000000002
506.72,1.2000000000000002
506.76,1.2000000000000002
506.8,1.2000000000000002
506.84000000000003,1.2000000000000002
506.88,1.2000000000000002
506.92,1.2000000000000002
506.96000000000004,1.2000000000000002
507.0,1.2000000000000002
507.04,1.2000000000000002
507.08,1.2000000000000002
507.12,1.2000000000000002
507.16,1.2000000000000002
507.2,1.2000000000000002
507.24,1.2000000000000002
507.28000000000003,1.2000000000000002
507.32,1.2000000000000002
507.36,1.2000000000000002
507.40000000000003,1.2000000000000002
507.44,1.2000000000000002
507.48,1.2000000000000002
507.52000000000004,1.2000000000000002
507.56,1.2000000000000002
507.6,1.2000000000000002
507.64,1.2000000000000002
507.68,1.2000000000000002
507.72,1.2000000000000002
507.76,1.2000000000000002
507.8,1.2000000000000002
507.84000000000003,1.2000000000000002
507.88,1.2000000000000002
507.92,1.2000000000000002
507.96000000000004,1.2000000000000002
508.0,1.2000000000000002
508.04,1.2000000000000002
508.08,1.2000000000000002
508.12,1.2000000000000002
508.16,1.2000000000000002
508.2,1.2000000000000002
508.24,1.2000000000000002
508.28000000000003,1.2000000000000002
508.32,1.2000000000000002
508.36,1.2000000000000002
508.40000000000003,1.2000000000000002
508.44,1.2000000000000002
508.48,1.2000000000000002
508.52000000000004,1.2000000000000002
508.56,1.2000000000000002
508.6,1.2000000000000002
508.64,1.2000000000000002
508.68,1.2000000000000002
508.72,1.2000000000000002
508.76,1.2000000000000002
508.8,1.2000000000000002
508.84000000000003,1.2000000000000002
508.88,1.2000000000000002
508.92,1.2000000000000002
508.96000000000004,1.2000000000000002
509.0,1.2000000000000002
509.04,1.2000000000000002
509.08,1.2000000000000002
509.12,1.2000000000000002
509.16,1.2000000000000002
509.2,1.2000000000000002
509.24,1.2000000000000002
509.28000000000003,1.2000000000000002
509.32,1.2000000000000002
509.36,1.2000000000000002
509.40000000000003,1.2000000000000002
509.44,1.2000000000000002
509.48,1.2000000000000002
509.52000000000004,1.2000000000000002
509.56,1.2000000000000002
509.6,1.2000000000000002
509.64,1.2000000000000002
509.68,1.2000000000000002
509.72,1.2000000000000002
509.76,1.2000000000000002
509.8,1.2000000000000002
509.84000000000003,1.0
509.88,1.2000000000000002
509.92,1.2000000000000002
509.96000000000004,1.2000000000000002
510.0,1.2000000000000002
510.04,1.2000000000000002
510.08,1.2000000000000002
510.12,1.2000000000000002
510.16,1.2000000000000002
510.2,1.2000000000000002
510.24,1.2000000000000002
510.28000000000003,1.2000000000000002
510.32,1.2000000000000002
510.36,1.2000000000000002
510.40000000000003,1.2000000000000002
510.44,1.2000000000000002
510.48,1.2000000000000002
510.52000000000004,1.2000000000000002
510.56,1.2000000000000002
510.6,1.2000000000000002
510.64,1.2000000000000002
510.68,1.2000000000000002
510.72,1.2000000000000002
510.76,1.2000000000000002
510.8,1.2000000000000002
510.84000000000003,1.2000000000000002
510.88,1.2000000000000002
510.92,1.2000000000000002
510.96000000000004,1.2000000000000002
511.0,1.2000000000000002
511.04,1.2000000000000002
511.08,1.2000000000000002
511.12,1.2000000000000002
511.16,1.2000000000000002
511.2,1.2000000000000002
511.24,1.2000000000000002
511.28000000000003,1.2000000000000002
511.32,1.2000000000000002
511.36,1.2000000000000002
511.40000000000003,1.2000000000000002
511.44,1.2000000000000002
511.48,1.2000000000000002
511.52000000000004,1.2000000000000002
511.56,1.0
511.6,1.2000000000000002
511.64,1.2000000000000002
511.68,1.2000000000000002
511.72,1.2000000000000002
511.76,1.2000000000000002
511.8,1.2000000000000002
511.84000000000003,1.2000000000000002
511.88,1.2000000000000002
511.92,1.2000000000000002
511.96000000000004,1.2000000000000002
512.0,1.2000000000000002
512.04,1.2000000000000002
512.08,1.2000000000000002
512.12,1.2000000000000002
512.16,1.2000000000000002
512.2,1.2000000000000002
512.24,1.2000000000000002
512.28,1.2000000000000002
512.32,1.2000000000000002
512.36,1.2000000000000002
512.4,1.2000000000000002
512.44,1.0
512.48,1.2000000000000002
512.52,1.2000000000000002
512.5600000000001,1.2000000000000002
512.6,1.2000000000000002
512.64,1.2000000000000002
512.6800000000001,1.2000000000000002
512.72,1.2000000000000002
512.76,1.2000000000000002
512.8,1.2000000000000002
512.84,1.0
512.88,1.2000000000000002
512.92,1.2000000000000002
512.96,1.2000000000000002
513.0,1.2000000000000002
513.04,1.2000000000000002
513.08,1.2000000000000002
513.12,1.0
513.16,1.2000000000000002
513.2,1.2000000000000002
513.24,1.2000000000000002
513.28,1.2000000000000002
513.32,1.2000000000000002
513.36,1.2000000000000002
513.4,1.2000000000000002
513.44,1.2000000000000002
513.48,1.2000000000000002
513.52,1.2000000000000002
513.5600000000001,1.2000000000000002
513.6,1.2000000000000002
513.64,1.2000000000000002
513.6800000000001,1.2000000000000002
513.72,1.2000000000000002
513.76,1.2000000000000002
513.8,1.2000000000000002
513.84,1.0
513.88,1.0
513.92,1.2000000000000002
513.96,1.2000000000000002
514.0,1.2000000000000002
514.04,1.2000000000000002
514.08,1.0
514.12,1.2000000000000002
514.16,1.2000000000000002
514.2,1.2000000000000002
514.24,1.2000000000000002
514.28,1.0
514.32,1.0
514.36,1.2000000000000002
514.4,1.2000000000000002
514.44,1.2000000000000002
514.48,1.2000000000000002
514.52,1.2000000000000002
514.5600000000001,1.2000000000000002
514.6,1.2000000000000002
514.64,1.2000000000000002
514.6800000000001,1.2000000000000002
514.72,1.0
514.76,1.2000000000000002
514.8,1.0
514.84,1.2000000000000002
514.88,1.2000000000000002
514.92,1.2000000000000002
514.96,1.2000000000000002
515.0,1.2000000000000002
515.04,1.2000000000000002
515.08,1.2000000000000002
515.12,1.0
515.16,1.0
515.2,1.2000000000000002
515.24,1.0
515.28,1.2000000000000002
515.32,1.0
515.36,1.2000000000000002
515.4,1.2000000000000002
515.44,1.0
515.48,1.2000000000000002
515.52,1.2000000000000002
515.5600000000001,1.0
515.6,1.2000000000000002
515.64,1.2000000000000002
515.6800000000001,1.2000000000000002
515.72,1.2000000000000002
515.76,1.2000000000000002
515.8,1.2000000000000002
515.84,1.2000000000000002
515.88,1.2000000000000002
515.92,1.2000000000000002
515.96,1.2000000000000002
516.0,1.2000000000000002
516.04,1.2000000000000002
516.08,1.0
516.12,1.2000000000000002
516.16,1.2000000000000002
516.2,1.2000000000000002
516.24,1.0
516.28,1.2000000000000002
516.32,1.2000000000000002
516.36,1.2000000000000002
516.4,1.2000000000000002
516.44,1.2000000000000002
516.48,1.0
516.52,1.2000000000000002
516.5600000000001,1.2000000000000002
516.6,1.0
516.64,1.2000000000000002
516.6800000000001,1.2000000000000002
516.72,1.2000000000000002
516.76,1.0
516.8,1.0
516.84,1.2000000000000002
516.88,1.2000000000000002
516.92,1.2000000000000002
516.96,1.2000000000000002
517.0,1.2000000000000002
517.04,1.2000000000000002
517.08,1.2000000000000002
517.12,1.0
517.16,1.2000000000000002
517.2,1.0
517.24,1.2000000000000002
517.28,1.2000000000000002
517.32,1.0
517.36,1.0
517.4,1.2000000000000002
517.44,1.2000000000000002
517.48,1.2000000000000002
517.52,1.2000000000000002
517.5600000000001,1.2000000000000002
517.6,1.0
517.64,1.0
517.6800000000001,1.2000000000000002
517.72,1.0
517.76,1.0
517.8,1.2000000000000002
517.84,1.0
517.88,1.0
517.92,1.0
517.96,1.0
518.0,1.2000000000000002
518.04,1.0
518.08,1.0
518.12,1.0
518.16,1.2000000000000002
518.2,1.0
518.24,1.2000000000000002
518.28,1.0
518.32,1.2000000000000002
518.36,1.2000000000000002
518.4,1.0
518.44,1.2000000000000002
518.48,1.2000000000000002
518.52,1.2000000000000002
518.5600000000001,1.0
518.6,1.0
518.64,1.0
518.6800000000001,1.2000000000000002
518.72,1.0
518.76,1.2000000000000002
518.8,1.2000000000000002
518.84,1.0
518.88,1.0
518.92,1.0
518.96,1.0
519.0,1.0
519.04,1.2000000000000002
519.08,1.0
519.12,1.0
519.16,1.2000000000000002
519.2,1.0
519.24,1.0
519.28,1.0
519.32,1.0
519.36,1.0
519.4,1.0
519.44,1.0
519.48,1.0
519.52,1.0
519.5600000000001,1.0
519.6,1.0
519.64,1.2000000000000002
519.6800000000001,1.0
519.72,1.0
519.76,1.0
519.8,1.0
519.84,1.0
519.88,1.2000000000000002
519.92,1.0
519.96,1.0
520.0,1.0
520.04,1.0
520.08,1.0
520.12,1.0
520.16,1.0
520.2,1.2000000000000002
520.24,1.0
520.28,1.0
520.32,1.0
520.36,1.0
520.4,1.0
520.44,1.0
520.48,1.2000000000000002
520.52,1.0
520.5600000000001,1.0
520.6,1.0
520.64,1.0
520.6800000000001,1.0
520.72,1.0
520.76,1.2000000000000002
520.8,1.0
520.84,1.0
520.88,1.2000000000000002
520.92,1.0
520.96,1.0
521.0,1.0
521.04,1.2000000000000002
521.08,1.0
521.12,1.0
521.16,1.0
521.2,1.0
521.24,1.2000000000000002
521.28,1.0
521.32,1.0
521.36,1.0
521.4,1.0
521.44,1.2000000000000002
521.48,1.0
521.52,1.0
521.5600000000001,1.0
521.6,1.0
521.64,1.0
521.6800000000001,1.0
521.72,1.0
521.76,1.0
521.8,1.0
521.84,1.0
521.88,1.0
521.92,1.0
521.96,1.0
522.0,1.0
522.04,1.0
522.08,1.0
522.12,1.2000000000000002
522.16,1.2000000000000002
522.2,1.0
522.24,1.0
522.28,1.0
522.32,1.0
522.36,1.0
522.4,1.0
522.44,1.0
522.48,1.0
522.52,1.0
522.5600000000001,1.0
522.6,1.0
522.64,1.0
522.6800000000001,1.0
522.72,1.0
522.76,1.0
522.8,1.0
522.84,1.0
522.88,1.0
522.92,1.0
522.96,1.0
523.0,1.0
523.04,1.0
523.08,1.0
523.12,1.0
523.16,1.0
523.2,1.0
523.24,1.0
523.28,1.0
523.32,1.2000000000000002
523.36,1.0
523.4,1.0
523.44,1.0
523.48,1.0
523.52,1.0
523.5600000000001,1.0
523.6,1.0
523.64,1.0
523.6800000000001,1.0
523.72,1.0
523.76,1.0
523.8,1.0
523.84,1.0
523.88,1.0
523.92,1.0
523.96,1.0
524.0,1.0
524.04,1.0
524.08,1.0
524.12,1.0
524.16,1.0
524.2,1.0
524.24,1.0
524.28,1.0
524.32,1.0
524.36,1.0
524.4,1.0
524.44,1.0
524.48,1.0
524.52,1.0
524.5600000000001,1.0
524.6,1.0
524.64,1.0
524.6800000000001,1.0
524.72,1.0
524.76,1.0
524.8,1.0
524.84,1.0
524.88,1.0
524.92,1.0
524.96,1.0
525.0,1.0
525.04,1.0
525.08,1.0
525.12,1.0
525.16,1.0
525.2,1.0
525.24,1.0
525.28,1.0
525.32,1.0
525.36,1.0
525.4,1.0
525.44,1.0
525.48,1.0
525.52,1.0
525.5600000000001,1.0
525.6,1.0
525.64,1.0
525.6800000000001,1.0
525.72,1.0
525.76,1.0
525.8,1.0
525.84,1.0
525.88,1.0
525.92,1.0
525.96,1.0
526.0,1.0
526.04,1.0
526.08,1.0
526.12,1.0
526.16,1.0
526.2,1.0
526.24,1.0
526.28,1.0
526.32,1.0
526.36,1.0
526.4,1.0
526.44,1.0
526.48,1.0
526.52,1.0
526.5600000000001,1.0
526.6,1.0
526.64,1.0
526.6800000000001,1.0
526.72,1.0
526.76,1.0
526.8,1.0
526.84,1.0
526.88,1.0
526.92,1.0
526.96,1.0
527.0,1.0
527.04,1.0
527.08,1.0
527.12,1.0
527.16,1.0
527.2,1.0
527.24,1.0
527.28,1.0
527.32,1.0
527.36,1.0
527.4,1.0
527.44,1.0
527.48,1.0
527.52,1.0
527.5600000000001,1.0
527.6,1.0
527.64,1.0
527.6800000000001,1.0
527.72,1.0
527.76,1.0
527.8,1.0
527.84,1.0
527.88,1.0
527.92,1.0
527.96,1.0
528.0,1.0
528.04,1.0
528.08,1.0
528.12,1.0
528.16,1.0
528.2,1.0
528.24,1.0
528.28,1.0
528.32,1.0
528.36,1.0
528.4,1.0
528.44,1.0
528.48,1.0
528.52,0.8
528.5600000000001,1.0
528.6,1.0
528.64,1.0
528.6800000000001,1.0
528.72,1.0
528.76,1.0
528.8,1.0
528.84,1.0
528.88,1.0
528.92,1.0
528.96,1.0
529.0,1.0
529.04,1.0
529.08,1.0
529.12,1.0
529.16,1.0
529.2,1.0
529.24,1.0
529.28,1.0
529.32,1.0
529.36,1.0
529.4,1.0
529.44,1.0
529.48,1.0
529.52,1.0
529.5600000000001,1.0
529.6,1.0
529.64,1.0
529.6800000000001,1.0
529.72,1.0
529.76,1.0
529.8,1.0
529.84,1.0
529.88,1.0
529.92,1.0
529.96,1.0
530.0,1.0
530.04,1.0
530.08,1.0
530.12,1.0
530.16,0.8
530.2,1.0
530.24,1.0
530.28,1.0
530.32,1.0
530.36,1.0
530.4,1.0
530.44,1.0
530.48,1.0
530.52,1.0
530.5600000000001,1.0
530.6,1.0
530.64,1.0
530.6800000000001,1.0
530.72,1.0
530.76,1.0
530.8,1.0
530.84,1.0
530.88,1.0
530.92,1.0
530.96,1.0
531.0,1.0
531.04,1.0
531.08,1.0
531.12,1.0
531.16,1.0
531.2,1.0
531.24,1.0
531.28,1.0
531.32,1.0
531.36,1.0
531.4,1.0
531.44,1.0
531.48,1.0
531.52,0.8
531.5600000000001,1.0
531.6,1.0
531.64,1.0
531.6800000000001,1.0
531.72,1.0
531.76,1.0
531.8,1.0
531.84,1.0
531.88,1.0
531.92,1.0
531.96,1.0
532.0,1.0
532.04,1.0
532.08,1.0
532.12,1.0
532.16,1.0
532.2,0.8
532.24,1.0
532.28,1.0
532.32,1.0
532.36,1.0
532.4,1.0
532.44,0.8
532.48,1.0
532.52,1.0
532.5600000000001,1.0
532.6,1.0
532.64,1.0
532.6800000000001,1.0
532.72,1.0
532.76,1.0
532.8,1.0
532.84,1.0
532.88,1.0
532.92,1.0
532.96,1.0
533.0,1.0
533.04,1.0
533.08,1.0
533.12,1.0
533.16,1.0
533.2,1.0
533.24,1.0
533.28,0.8
533.32,1.0
533.36,1.0
533.4,0.8
533.44,0.8
533.48,1.0
533.52,1.0
533.5600000000001,1.0
533.6,1.0
533.64,1.0
533.6800000000001,1.0
533.72,0.8
533.76,0.8
533.8,1.0
533.84,1.0
533.88,1.0
533.92,0.8
533.96,0.8
534.0,1.0
534.04,1.0
534.08,1.0
534.12,1.0
534.16,1.0
534.2,1.0
534.24,1.0
534.28,1.0
534.32,1.0
534.36,1.0
534.4,1.0
534.44,0.8
534.48,1.0
534.52,1.0
534.5600000000001,1.0
534.6,1.0
534.64,1.0
534.6800000000001,1.0
534.72,1.0
534.76,1.0
534.8,1.0
534.84,1.0
534.88,1.0
534.92,0.8
534.96,1.0
535.0,1.0
535.04,0.8
535.08,1.0
535.12,0.8
535.16,0.8
535.2,0.8
535.24,1.0
535.28,0.8
535.32,0.8
535.36,0.8
535.4,1.0
535.44,1.0
535.48,0.8
535.52,0.8
535.5600000000001,1.0
535.6,0.8
535.64,0.8
535.6800000000001,0.8
535.72,0.8
535.76,0.8
535.8,0.8
535.84,0.8
535.88,0.8
535.92,1.0
535.96,1.0
536.0,1.0
536.04,0.8
536.08,0.8
536.12,1.0
536.16,0.8
536.2,1.0
536.24,1.0
536.28,1.0
536.32,1.0
536.36,1.0
536.4,0.8
536.44,0.8
536.48,0.8
536.52,1.0
536.5600000000001,1.0
536.6,0.8
536.64,0.8
536.6800000000001,0.8
536.72,0.8
536.76,0.8
536.8,1.0
536.84,1.0
536.88,0.8
536.92,0.8
536.96,1.0
537.0,0.8
537.04,1.0
537.08,1.0
537.12,0.8
537.16,0.8
537.2,1.0
537.24,1.0
537.28,0.8
537.32,0.8
537.36,0.8
537.4,0.8
537.44,0.8
537.48,0.8
537.52,0.8
537.5600000000001,1.0
537.6,0.8
537.64,0.8
537.6800000000001,1.0
537.72,1.0
537.76,0.8
537.8,0.8
537.84,0.8
537.88,0.8
537.92,1.0
537.96,0.8
538.0,1.0
538.04,1.0
538.08,1.0
538.12,0.8
538.16,0.8
538.2,0.8
538.24,0.8
538.28,0.8
538.32,0.8
538.36,0.8
538.4,0.8
538.44,1.0
538.48,0.8
538.52,0.8
538.5600000000001,0.8
538.6,0.8
538.64,1.0
538.6800000000001,0.8
538.72,1.0
538.76,0.8
538.8,1.0
538.84,0.8
538.88,0.8
538.92,0.8
538.96,0.8
539.0,0.8
539.04,0.8
539.08,0.8
539.12,0.8
539.16,1.0
539.2,0.8
539.24,1.0
539.28,1.0
539.32,0.8
539.36,0.8
539.4,0.8
539.44,0.8
539.48,0.8
539.52,1.0
539.5600000000001,0.8
539.6,0.8
539.64,0.8
539.6800000000001,0.8
539.72,0.8
539.76,0.8
539.8,0.8
539.84,1.0
539.88,0.8
539.92,0.8
539.96,1.0
540.0,0.8
540.04,0.8
540.08,0.8
540.12,0.8
540.16,0.8
540.2,0.8
540.24,0.8
540.28,0.8
540.32,0.8
540.36,0.8
540.4,0.8
540.44,1.0
540.48,0.8
540.52,0.8
540.5600000000001,0.8
540.6,0.8
540.64,1.0
540.6800000000001,0.8
540.72,0.8
540.76,0.8
540.8,0.8
540.84,0.8
540.88,1.0
540.92,0.8
540.96,1.0
541.0,1.0
541.04,0.8
541.08,0.8
541.12,0.8
541.16,1.0
541.2,0.8
541.24,0.8
541.28,0.8
541.32,0.8
541.36,0.8
541.4,0.8
541.44,0.8
541.48,0.8
541.52,0.8
541.5600000000001,0.8
541.6,0.8
541.64,0.8
541.6800000000001,0.8
541.72,0.8
541.76,0.8
541.8,0.8
541.84,1.0
541.88,0.8
541.92,0.8
541.96,0.8
542.0,0.8
542.04,0.8
542.08,0.8
542.12,0.8
542.16,0.8
542.2,0.8
542.24,0.8
542.28,0.8
542.32,0.8
542.36,1.0
542.4,0.8
542.44,0.8
542.48,0.8
542.52,0.8
542.5600000000001,0.8
542.6,0.8
542.64,0.8
542.6800000000001,1.0
542.72,0.8
542.76,0.8
542.8,0.8
542.84,0.8
542.88,0.8
542.92,0.8
542.96,0.8
543.0,0.8
543.04,0.8
543.08,0.8
543.12,0.8
543.16,0.8
543.2,0.8
543.24,0.8
543.28,0.8
543.32,0.8
543.36,0.8
543.4,0.8
543.44,0.8
543.48,0.8
543.52,0.8
543.5600000000001,0.8
543.6,0.8
543.64,0.8
543.6800000000001,0.8
543.72,0.8
543.76,0.8
543.8,0.8
543.84,0.8
543.88,0.8
543.92,0.8
543.96,0.8
544.0,0.8
544.04,0.8
544.08,0.8
544.12,0.8
544.16,0.8
544.2,0.8
544.24,0.8
544.28,0.8
544.32,0.8
544.36,0.8
544.4,0.8
544.44,0.8
544.48,0.8
544.52,0.8
544.5600000000001,0.8
544.6,0.8
544.64,0.8
544.6800000000001,0.8
544.72,0.8
544.76,0.8
544.8,0.8
544.84,0.8
544.88,0.8
544.92,0.8
544.96,0.8
545.0,0.8
545.04,0.8
545.08,0.8
545.12,0.8
545.16,0.8
545.2,0.8
545.24,0.8
545.28,0.8
545.32,0.8
545.36,0.8
545.4,0.8
545.44,0.8
545.48,0.8
545.52,0.8
545.5600000000001,0.8
545.6,0.8
545.64,0.8
545.6800000000001,0.8
545.72,0.8
545.76,0.8
545.8,0.8
545.84,0.8
545.88,0.8
545.92,0.8
545.96,0.8
546.0,0.8
546.04,0.8
546.08,0.8
546.12,0.8
546.16,0.8
546.2,0.8
546.24,0.8
546.28,0.8
546.32,0.8
546.36,0.8
546.4,0.8
546.44,0.8
546.48,0.8
546.52,0.8
546.5600000000001,0.8
546.6,0.8
546.64,0.8
546.6800000000001,0.8
546.72,0.8
546.76,0.8
546.8000000000001,0.8
546.84,0.8
546.88,0.8
546.92,0.8
546.96,0.8
547.0,0.8
547.04,0.8
547.08,0.8
547.12,0.8
547.16,0.8
547.2,0.8
547.24,0.8
547.28,0.8
547.32,0.8
547.36,0.8
547.4,0.8
547.44,0.8
547.48,0.8
547.52,0.8
547.5600000000001,0.8
547.6,0.8
547.64,0.8
547.6800000000001,0.8
547.72,0.8
547.76,0.8
547.8000000000001,0.8
547.84,0.8
547.88,0.8
547.92,0.8
547.96,0.8
548.0,0.8
548.04,0.8
548.08,0.8
548.12,0.8
548.16,0.8
548.2,0.8
548.24,0.8
548.28,0.8
548.32,0.8
548.36,0.8
548.4,0.8
548.44,0.8
548.48,0.8
548.52,0.8
548.5600000000001,0.8
548.6,0.8
548.64,0.8
548.6800000000001,0.8
548.72,0.8
548.76,0.8
548.8000000000001,0.8
548.84,0.8
548.88,0.8
548.92,0.8
548.96,0.8
549.0,0.8
549.04,0.8
549.08,0.8
549.12,0.8
549.16,0.8
549.2,0.8
549.24,0.8
549.28,0.8
549.32,0.8
549.36,0.8
549.4,0.8
549.44,0.8
549.48,0.8
549.52,0.8
549.5600000000001,0.8
549.6,0.8
549.64,0.8
549.6800000000001,0.8
549.72,0.8
549.76,0.8
549.8000000000001,0.8
549.84,0.8
549.88,0.8
549.92,0.8
549.96,0.8
550.0,0.8
550.04,0.8
550.08,0.8
550.12,0.8
550.16,0.8
550.2,0.8
550.24,0.8
550.28,0.8
550.32,0.8
550.36,0.8
550.4,0.8
550.44,0.8
550.48,0.8
550.52,0.8
550.5600000000001,0.8
550.6,0.8
550.64,0.8
550.6800000000001,0.8
550.72,0.8
550.76,0.8
550.8000000000001,0.8
550.84,0.8
550.88,0.8
550.92,0.8
550.96,0.8
551.0,0.8
551.04,0.8
551.08,0.8
551.12,0.8
551.16,0.8
551.2,0.8
551.24,0.8
551.28,0.8
551.32,0.8
551.36,0.8
551.4,0.8
551.44,0.8
551.48,0.8
551.52,0.8
551.5600000000001,0.8
551.6,0.8
551.64,0.8
551.6800000000001,0.8
551.72,0.8
551.76,0.8
551.8000000000001,0.8
551.84,0.8
551.88,0.8
551.92,0.8
551.96,0.8
552.0,0.8
552.04,0.8
552.08,0.8
552.12,0.8
552.16,0.8
552.2,0.8
552.24,0.8
552.28,0.8
552.32,0.8
552.36,0.8
552.4,0.8
552.44,0.8
552.48,0.8
552.52,0.8
552.5600000000001,0.8
552.6,0.8
552.64,0.8
552.6800000000001,0.8
552.72,0.6000000000000001
552.76,0.8
552.8000000000001,0.8
552.84,0.8
552.88,0.8
552.92,0.8
552.96,0.8
553.0,0.8
553.04,0.8
553.08,0.6000000000000001
553.12,0.8
553.16,0.6000000000000001
553.2,0.8
553.24,0.8
553.28,0.8
553.32,0.8
553.36,0.8
553.4,0.8
553.44,0.6000000000000001
553.48,0.8
553.52,0.8
553.5600000000001,0.8
553.6,0.8
553.64,0.8
553.6800000000001,0.8
553.72,0.8
553.76,0.8
553.8000000000001,0.8
553.84,0.8
553.88,0.8
553.92,0.8
553.96,0.8
554.0,0.8
554.04,0.8
554.08,0.8
554.12,0.8
554.16,0.6000000000000001
554.2,0.6000000000000001
554.24,0.8
554.28,0.8
554.32,0.8
554.36,0.8
554.4,0.8
554.44,0.8
554.48,0.8
554.52,0.8
554.5600000000001,0.8
554.6,0.8
554.64,0.8
554.6800000000001,0.8
554.72,0.8
554.76,0.8
554.8000000000001,0.8
554.84,0.8
554.88,0.8
554.92,0.6000000000000001
554.96,0.6000000000000001
555.0,0.8
555.04,0.8
555.08,0.8
555.12,0.8
555.16,0.8
555.2,0.8
555.24,0.8
555.28,0.8
555.32,0.8
555.36,0.6000000000000001
555.4,0.6000000000000001
555.44,0.6000000000000001
555.48,0.6000000000000001
555.52,0.8
555.5600000000001,0.8
555.6,0.6000000000000001
555.64,0.6000000000000001
555.6800000000001,0.8
555.72,0.8
555.76,0.6000000000000001
555.8000000000001,0.8
555.84,0.8
555.88,0.8
555.92,0.6000000000000001
555.96,0.8
556.0,0.8
556.04,0.8
556.08,0.8
556.12,0.8
556.16,0.8
556.2,0.8
556.24,0.8
556.28,0.8
556.32,0.8
556.36,0.8
556.4,0.8
556.44,0.8
556.48,0.8
556.52,0.8
556.5600000000001,0.8
556.6,0.6000000000000001
556.64,0.8
556.6800000000001,0.6000000000000001
556.72,0.6000000000000001
556.76,0.8
556.8000000000001,0.8
556.84,0.8
556.88,0.8
556.92,0.6000000000000001
556.96,0.8
557.0,0.6000000000000001
557.04,0.8
557.08,0.8
557.12,0.6000000000000001
557.16,0.8
557.2,0.8
557.24,0.6000000000000001
557.28,0.6000000000000001
557.32,0.6000000000000001
557.36,0.8
557.4,0.8
557.44,0.6000000000000001
557.48,0.8
557.52,0.6000000000000001
557.5600000000001,0.6000000000000001
557.6,0.8
557.64,0.8
557.6800000000001,0.8
557.72,0.8
557.76,0.8
557.8000000000001,0.8
557.84,0.6000000000000001
557.88,0.8
557.92,0.8
557.96,0.6000000000000001
558.0,0.8
558.04,0.8
558.08,0.8
558.12,0.8
558.16,0.8
558.2,0.6000000000000001
558.24,0.6000000000000001
558.28,0.6000000000000001
558.32,0.6000000000000001
558.36,0.6000000000000001
558.4,0.8
558.44,0.8
558.48,0.8
558.52,0.8
558.5600000000001,0.6000000000000001
558.6,0.6000000000000001
558.64,0.6000000000000001
558.6800000000001,0.6000000000000001
558.72,0.8
558.76,0.8
558.8000000000001,0.6000000000000001
558.84,0.8
558.88,0.8
558.92,0.8
558.96,0.6000000000000001
559.0,0.8
559.04,0.8
559.08,0.8
559.12,0.8
559.16,0.6000000000000001
559.2,0.6000000000000001
559.24,0.6000000000000001
559.28,0.6000000000000001
559.32,0.8
559.36,0.6000000000000001
559.4,0.6000000000000001
559.44,0.6000000000000001
559.48,0.4
559.52,0.6000000000000001
559.5600000000001,0.6000000000000001
559.6,0.8
559.64,0.6000000000000001
559.6800000000001,0.4
559.72,0.8
559.76,0.6000000000000001
559.8000000000001,0.8
559.84,0.8
559.88,0.6000000000000001
559.92,0.8
559.96,0.6000000000000001
560.0,0.6000000000000001
560.04,0.8
560.08,0.6000000000000001
560.12,0.6000000000000001
560.16,0.8
560.2,0.8
560.24,0.8
560.28,0.6000000000000001
560.32,0.6000000000000001
560.36,0.6000000000000001
560.4,0.6000000000000001
560.44,0.6000000000000001
560.48,0.6000000000000001
560.52,0.8
560.5600000000001,0.6000000000000001
560.6,0.6000000000000001
560.64,0.6000000000000001
560.6800000000001,0.8
560.72,0.8
560.76,0.8
560.8000000000001,0.6000000000000001
560.84,0.6000000000000001
560.88,0.6000000000000001
560.92,0.6000000000000001
560.96,0.6000000000000001
561.0,0.6000000000000001
561.04,0.8
561.08,0.6000000000000001
561.12,0.6000000000000001
561.16,0.6000000000000001
561.2,0.6000000000000001
561.24,0.6000000000000001
561.28,0.8
561.32,0.6000000000000001
561.36,0.6000000000000001
561.4,0.6000000000000001
561.44,0.8
561.48,0.6000000000000001
561.52,0.8
561.5600000000001,0.6000000000000001
561.6,0.4
561.64,0.8
561.6800000000001,0.6000000000000001
561.72,0.6000000000000001
561.76,0.6000000000000001
561.8000000000001,0.6000000000000001
561.84,0.6000000000000001
561.88,0.8
561.92,0.6000000000000001
561.96,0.8
562.0,0.6000000000000001
562.04,0.6000000000000001
562.08,0.6000000000000001
562.12,0.8
562.16,0.8
562.2,0.6000000000000001
562.24,0.8
562.28,0.6000000000000001
562.32,0.6000000000000001
562.36,0.6000000000000001
562.4,0.6000000000000001
562.44,0.6000000000000001
562.48,0.6000000000000001
562.52,0.6000000000000001
562.5600000000001,0.6000000000000001
562.6,0.8
562.64,0.6000000000000001
562.6800000000001,0.8
562.72,0.6000000000000001
562.76,0.6000000000000001
562.8000000000001,0.8
562.84,0.6000000000000001
562.88,0.6000000000000001
562.92,0.6000000000000001
562.96,0.6000000000000001
563.0,0.6000000000000001
563.04,0.6000000000000001
563.08,0.6000000000000001
563.12,0.6000000000000001
563.16,0.6000000000000001
563.2,0.6000000000000001
563.24,0.8
563.28,0.6000000000000001
563.32,0.6000000000000001
563.36,0.6000000000000001
563.4,0.6000000000000001
563.44,0.6000000000000001
563.48,0.6000000000000001
563.52,0.8
563.5600000000001,0.6000000000000001
563.6,0.6000000000000001
563.64,0.8
563.6800000000001,0.8
563.72,0.6000000000000001
563.76,0.6000000000000001
563.8000000000001,0.6000000000000001
563.84,0.6000000000000001
563.88,0.6000000000000001
563.92,0.8
563.96,0.8
564.0,0.8
564.04,0.8
564.08,0.6000000000000001
564.12,0.6000000000000001
564.16,0.6000000000000001
564.2,0.6000000000000001
564.24,0.8
564.28,0.6000000000000001
564.32,0.6000000000000001
564.36,0.6000000000000001
564.4,0.6000000000000001
564.44,0.6000000000000001
564.48,0.8
564.52,0.8
564.5600000000001,0.6000000000000001
564.6,0.6000000000000001
564.64,0.8
564.6800000000001,0.6000000000000001
564.72,0.6000000000000001
564.76,0.6000000000000001
564.8000000000001,0.6000000000000001
564.84,0.6000000000000001
564.88,0.6000000000000001
564.92,0.6000000000000001
564.96,0.6000000000000001
565.0,0.8
565.04,0.8
565.08,0.6000000000000001
565.12,0.6000000000000001
565.16,0.6000000000000001
565.2,0.6000000000000001
565.24,0.6000000000000001
565.28,0.6000000000000001
565.32,0.6000000000000001
565.36,0.6000000000000001
565.4,0.6000000000000001
565.44,0.6000000000000001
565.48,0.6000000000000001
565.52,0.6000000000000001
565.5600000000001,0.6000000000000001
565.6,0.6000000000000001
565.64,0.8
565.6800000000001,0.6000000000000001
565.72,0.6000000000000001
565.76,0.8
565.8000000000001,0.6000000000000001
565.84,0.8
565.88,0.6000000000000001
565.92,0.6000000000000001
565.96,0.6000000000000001
566.0,0.8
566.04,0.8
566.08,0.8
566.12,0.6000000000000001
566.16,0.4
566.2,0.6000000000000001
566.24,0.8
566.28,0.6000000000000001
566.32,0.6000000000000001
566.36,0.6000000000000001
566.4,0.6000000000000001
566.44,0.6000000000000001
566.48,0.6000000000000001
566.52,0.6000000000000001
566.5600000000001,0.6000000000000001
566.6,0.6000000000000001
566.64,0.6000000000000001
566.6800000000001,0.6000000000000001
566.72,0.6000000000000001
566.76,0.6000000000000001
566.8000000000001,0.6000000000000001
566.84,0.4
566.88,0.6000000000000001
566.92,0.6000000000000001
566.96,0.6000000000000001
567.0,0.8
567.04,0.4
567.08,0.6000000000000001
567.12,0.8
567.16,0.6000000000000001
567.2,0.6000000000000001
567.24,0.6000000000000001
567.28,0.6000000000000001
567.32,0.4
567.36,0.6000000000000001
567.4,0.6000000000000001
567.44,0.6000000000000001
567.48,0.6000000000000001
567.52,0.6000000000000001
567.5600000000001,0.6000000000000001
567.6,0.6000000000000001
567.64,0.6000000000000001
567.6800000000001,0.6000000000000001
567.72,0.6000000000000001
567.76,0.6000000000000001
567.8000000000001,0.6000000000000001
567.84,0.6000000000000001
567.88,0.6000000000000001
567.92,0.6000000000000001
567.96,0.6000000000000001
568.0,0.6000000000000001
568.04,0.6000000000000001
568.08,0.6000000000000001
568.12,0.6000000000000001
568.16,0.6000000000000001
568.2,0.8
568.24,0.6000000000000001
568.28,0.6000000000000001
568.32,0.6000000000000001
568.36,0.6000000000000001
568.4,0.6000000000000001
568.44,0.6000000000000001
568.48,0.6000000000000001
568.52,0.6000000000000001
568.5600000000001,0.6000000000000001
568.6,0.6000000000000001
568.64,0.6000000000000001
568.6800000000001,0.6000000000000001
568.72,0.6000000000000001
568.76,0.6000000000000001
568.8000000000001,0.4
568.84,0.4
568.88,0.6000000000000001
568.92,0.4
568.96,0.6000000000000001
569.0,0.6000000000000001
569.04,0.6000000000000001
569.08,0.6000000000000001
569.12,0.4
569.16,0.8
569.2,0.8
569.24,0.6000000000000001
569.28,0.6000000000000001
569.32,0.6000000000000001
569.36,0.4
569.4,0.6000000000000001
569.44,0.4
569.48,0.4
569.52,0.6000000000000001
569.5600000000001,0.8
569.6,0.6000000000000001
569.64,0.6000000000000001
569.6800000000001,0.6000000000000001
569.72,0.6000000000000001
569.76,0.6000000000000001
569.8000000000001,0.6000000000000001
569.84,0.4
569.88,0.6000000000000001
569.92,0.6000000000000001
569.96,0.6000000000000001
570.0,0.6000000000000001
570.04,0.4
570.08,0.6000000000000001
570.12,0.6000000000000001
570.16,0.4
570.2,0.6000000000000001
570.24,0.6000000000000001
570.28,0.6000000000000001
570.32,0.4
570.36,0.6000000000000001
570.4,0.6000000000000001
570.44,0.4
570.48,0.6000000000000001
570.52,0.6000000000000001
570.5600000000001,0.4
570.6,0.4
570.64,0.4
570.6800000000001,0.6000000000000001
570.72,0.4
570.76,0.6000000000000001
570.8000000000001,0.6000000000000001
570.84,0.6000000000000001
570.88,0.6000000000000001
570.92,0.6000000000000001
570.96,0.6000000000000001
571.0,0.6000000000000001
571.04,0.6000000000000001
571.08,0.8
571.12,0.4
571.16,0.6000000000000001
571.2,0.6000000000000001
571.24,0.4
571.28,0.4
571.32,0.6000000000000001
571.36,0.6000000000000001
571.4,0.6000000000000001
571.44,0.6000000000000001
571.48,0.6000000000000001
571.52,0.6000000000000001
571.5600000000001,0.6000000000000001
571.6,0.4
571.64,0.4
571.6800000000001,0.4
571.72,0.4
571.76,0.6000000000000001
571.8000000000001,0.4
571.84,0.6000000000000001
571.88,0.6000000000000001
571.92,0.6000000000000001
571.96,0.6000000000000001
572.0,0.4
572.04,0.4
572.08,0.6000000000000001
572.12,0.6000000000000001
572.16,0.6000000000000001
572.2,0.4
572.24,0.4
572.28,0.4
572.32,0.4
572.36,0.4
572.4,0.6000000000000001
572.44,0.6000000000000001
572.48,0.4
572.52,0.6000000000000001
572.5600000000001,0.6000000000000001
572.6,0.6000000000000001
572.64,0.4
572.6800000000001,0.4
572.72,0.6000000000000001
572.76,0.4
572.8000000000001,0.4
572.84,0.6000000000000001
572.88,0.6000000000000001
572.92,0.6000000000000001
572.96,0.6000000000000001
573.0,0.6000000000000001
573.04,0.6000000000000001
573.08,0.4
573.12,0.6000000000000001
573.16,0.6000000000000001
573.2,0.4
573.24,0.6000000000000001
573.28,0.6000000000000001
573.32,0.6000000000000001
573.36,0.4
573.4,0.6000000000000001
573.44,0.6000000000000001
573.48,0.4
573.52,0.4
573.5600000000001,0.6000000000000001
573.6,0.4
573.64,0.6000000000000001
573.6800000000001,0.4
573.72,0.4
573.76,0.4
573.8000000000001,0.4
573.84,0.6000000000000001
573.88,0.4
573.92,0.4
573.96,0.4
574.0,0.6000000000000001
574.04,0.4
574.08,0.4
574.12,0.4
574.16,0.4
574.2,0.6000000000000001
574.24,0.4
574.28,0.4
574.32,0.4
574.36,0.6000000000000001
574.4,0.4
574.44,0.6000000000000001
574.48,0.4
574.52,0.6000000000000001
574.5600000000001,0.6000000000000001
574.6,0.4
574.64,0.6000000000000001
574.6800000000001,0.6000000000000001
574.72,0.6000000000000001
574.76,0.4
574.8000000000001,0.6000000000000001
574.84,0.6000000000000001
574.88,0.4
574.92,0.6000000000000001
574.96,0.4
575.0,0.6000000000000001
575.04,0.6000000000000001
575.08,0.4
575.12,0.4
575.16,0.4
575.2,0.4
575.24,0.4
575.28,0.6000000000000001
575.32,0.4
575.36,0.6000000000000001
575.4,0.6000000000000001
575.44,0.6000000000000001
575.48,0.4
575.52,0.6000000000000001
575.5600000000001,0.6000000000000001
575.6,0.4
575.64,0.4
575.6800000000001,0.6000000000000001
575.72,0.6000000000000001
575.76,0.4
575.8000000000001,0.4
575.84,0.6000000000000001
575.88,0.4
575.92,0.4
575.96,0.4
576.0,0.4
576.04,0.4
576.08,0.4
576.12,0.4
576.16,0.4
576.2,0.6000000000000001
576.24,0.4
576.28,0.6000000000000001
576.32,0.4
576.36,0.4
576.4,0.4
576.44,0.4
576.48,0.4
576.52,0.6000000000000001
576.5600000000001,0.4
576.6,0.4
576.64,0.4
576.6800000000001,0.4
576.72,0.4
576.76,0.4
576.8000000000001,0.4
576.84,0.4
576.88,0.6000000000000001
576.92,0.4
576.96,0.4
577.0,0.4
577.04,0.4
577.08,0.4
577.12,0.4
577.16,0.6000000000000001
577.2,0.6000000000000001
577.24,0.4
577.28,0.4
577.32,0.4
577.36,0.4
577.4,0.6000000000000001
577.44,0.6000000000000001
577.48,0.4
577.52,0.4
577.5600000000001,0.4
577.6,0.4
577.64,0.4
577.6800000000001,0.4
577.72,0.4
577.76,0.4
577.8000000000001,0.4
577.84,0.4
577.88,0.4
577.92,0.4
577.96,0.4
578.0,0.4
578.04,0.4
578.08,0.4
578.12,0.4
578.16,0.4
578.2,0.4
578.24,0.4
578.28,0.4
578.32,0.4
578.36,0.4
578.4,0.4
578.44,0.4
578.48,0.4
578.52,0.4
578.5600000000001,0.4
578.6,0.4
578.64,0.4
578.6800000000001,0.4
578.72,0.4
578.76,0.4
578.8000000000001,0.4
578.84,0.6000000000000001
578.88,0.6000000000000001
578.92,0.4
578.96,0.4
579.0,0.4
579.04,0.4
579.08,0.4
579.12,0.6000000000000001
579.16,0.4
579.2,0.4
579.24,0.4
579.28,0.6000000000000001
579.32,0.4
579.36,0.4
579.4,0.4
579.44,0.4
579.48,0.4
579.52,0.4
579.5600000000001,0.4
579.6,0.4
579.64,0.4
579.6800000000001,0.4
579.72,0.4
579.76,0.4
579.8000000000001,0.4
579.84,0.4
579.88,0.4
579.92,0.4
579.96,0.6000000000000001
580.0,0.4
580.04,0.4
580.08,0.4
580.12,0.4
580.16,0.6000000000000001
580.2,0.6000000000000001
580.24,0.4
580.28,0.6000000000000001
580.32,0.4
580.36,0.4
580.4,0.4
580.44,0.4
580.48,0.4
580.52,0.4
580.5600000000001,0.4
580.6,0.4
580.64,0.4
580.6800000000001,0.4
580.72,0.4
580.76,0.4
580.8000000000001,0.4
580.84,0.4
580.88,0.4
580.92,0.4
580.96,0.4
581.0,0.4
581.04,0.4
581.08,0.4
581.12,0.4
581.16,0.4
581.2,0.6000000000000001
581.24,0.4
581.28,0.4
581.32,0.4
581.36,0.4
581.4,0.4
581.44,0.4
581.48,0.4
581.52,0.4
581.5600000000001,0.4
581.6,0.4
581.64,0.6000000000000001
581.6800000000001,0.4
581.72,0.4
581.76,0.4
581.8000000000001,0.4
581.84,0.4
581.88,0.4
581.92,0.4
581.96,0.4
582.0,0.4
582.04,0.4
582.08,0.4
582.12,0.4
582.16,0.4
582.2,0.4
582.24,0.4
582.28,0.4
582.32,0.4
582.36,0.4
582.4,0.4
582.44,0.4
582.48,0.6000000000000001
582.52,0.4
582.5600000000001,0.4
582.6,0.4
582.64,0.4
582.6800000000001,0.4
582.72,0.4
582.76,0.4
582.8000000000001,0.4
582.84,0.4
582.88,0.4
582.92,0.4
582.96,0.4
583.0,0.4
583.04,0.4
583.08,0.4
583.12,0.4
583.16,0.4
583.2,0.4
583.24,0.4
583.28,0.4
583.32,0.4
583.36,0.4
583.4,0.4
583.44,0.4
583.48,0.4
583.52,0.4
583.5600000000001,0.4
583.6,0.4
583.64,0.4
583.6800000000001,0.4
583.72,0.4
583.76,0.4
583.8000000000001,0.4
583.84,0.4
583.88,0.4
583.92,0.4
583.96,0.4
584.0,0.4
584.04,0.4
584.08,0.4
584.12,0.4
584.16,0.4
584.2,0.4
584.24,0.4
584.28,0.4
584.32,0.4
584.36,0.4
584.4,0.4
584.44,0.4
584.48,0.4
584.52,0.4
584.5600000000001,0.4
584.6,0.4
584.64,0.4
584.6800000000001,0.4
584.72,0.4
584.76,0.4
584.8000000000001,0.4
584.84,0.4
584.88,0.4
584.92,0.4
584.96,0.4
585.0,0.4
585.04,0.4
585.08,0.4
585.12,0.4
585.16,0.4
585.2,0.4
585.24,0.4
585.28,0.4
585.32,0.4
585.36,0.4
585.4,0.4
585.44,0.4
585.48,0.4
585.52,0.4
585.5600000000001,0.4
585.6,0.4
585.64,0.4
585.6800000000001,0.4
585.72,0.4
585.76,0.4
585.8000000000001,0.4
585.84,0.4
585.88,0.4
585.92,0.4
585.96,0.4
586.0,0.4
586.04,0.4
586.08,0.4
586.12,0.4
586.16,0.4
586.2,0.4
586.24,0.4
586.28,0.4
586.32,0.4
586.36,0.4
586.4,0.4
586.44,0.4
586.48,0.4
586.52,0.4
586.5600000000001,0.4
586.6,0.4
586.64,0.4
586.6800000000001,0.4
586.72,0.4
586.76,0.4
586.8000000000001,0.4
586.84,0.4
586.88,0.4
586.92,0.4
586.96,0.4
587.0,0.4
587.04,0.4
587.08,0.4
587.12,0.4
587.16,0.4
587.2,0.4
587.24,0.4
587.28,0.4
587.32,0.4
587.36,0.4
587.4,0.4
587.44,0.4
587.48,0.4
587.52,0.4
587.5600000000001,0.4
587.6,0.4
587.64,0.4
587.6800000000001,0.4
587.72,0.4
587.76,0.4
587.8000000000001,0.4
587.84,0.4
587.88,0.4
587.92,0.4
587.96,0.4
588.0,0.4
588.04,0.4
588.08,0.4
588.12,0.4
588.16,0.4
588.2,0.4
588.24,0.4
588.28,0.4
588.32,0.4
588.36,0.4
588.4,0.4
588.44,0.4
588.48,0.4
588.52,0.4
588.5600000000001,0.4
588.6,0.4
588.64,0.4
588.6800000000001,0.4
588.72,0.4
588.76,0.4
588.8000000000001,0.4
588.84,0.4
588.88,0.4
588.92,0.4
588.96,0.4
589.0,0.4
589.04,0.4
589.08,0.4
589.12,0.4
589.16,0.4
589.2,0.4
589.24,0.4
589.28,0.4
589.32,0.4
589.36,0.4
589.4,0.4
589.44,0.4
589.48,0.4
589.52,0.4
589.5600000000001,0.4
589.6,0.4
589.64,0.4
589.6800000000001,0.4
589.72,0.4
589.76,0.4
589.8000000000001,0.4
589.84,0.4
589.88,0.4
589.92,0.4
589.96,0.4
590.0,0.4
590.04,0.4
590.08,0.4
590.12,0.4
590.16,0.4
590.2,0.4
590.24,0.4
590.28,0.4
590.32,0.4
590.36,0.4
590.4,0.4
590.44,0.4
590.48,0.4
590.52,0.4
590.5600000000001,0.4
590.6,0.4
590.64,0.4
590.6800000000001,0.4
590.72,0.4
590.76,0.4
590.8000000000001,0.4
590.84,0.4
590.88,0.4
590.92,0.4
590.96,0.4
591.0,0.4
591.04,0.4
591.08,0.4
591.12,0.4
591.16,0.4
591.2,0.4
591.24,0.4
591.28,0.4
591.32,0.4
591.36,0.4
591.4,0.4
591.44,0.4
591.48,0.4
591.52,0.4
591.5600000000001,0.4
591.6,0.4
591.64,0.4
591.6800000000001,0.4
591.72,0.4
591.76,0.4
591.8000000000001,0.4
591.84,0.4
591.88,0.4
591.92,0.4
591.96,0.4
592.0,0.4
592.04,0.4
592.08,0.4
592.12,0.4
592.16,0.4
592.2,0.4
592.24,0.4
592.28,0.4
592.32,0.4
592.36,0.4
592.4,0.4
592.44,0.4
592.48,0.4
592.52,0.4
592.5600000000001,0.4
592.6,0.4
592.64,0.4
592.6800000000001,0.4
592.72,0.4
592.76,0.4
592.8000000000001,0.4
592.84,0.4
592.88,0.4
592.92,0.4
592.96,0.4
593.0,0.4
593.04,0.4
593.08,0.4
593.12,0.4
593.16,0.4
593.2,0.4
593.24,0.4
593.28,0.4
593.32,0.4
593.36,0.4
593.4,0.4
593.44,0.2
593.48,0.4
593.52,0.4
593.5600000000001,0.4
593.6,0.4
593.64,0.4
593.6800000000001,0.4
593.72,0.4
593.76,0.4
593.8000000000001,0.4
593.84,0.4
593.88,0.4
593.92,0.4
593.96,0.4
594.0,0.4
594.04,0.4
594.08,0.4
594.12,0.4
594.16,0.4
594.2,0.4
594.24,0.4
594.28,0.4
594.32,0.4
594.36,0.4
594.4,0.4
594.44,0.4
594.48,0.4
594.52,0.4
594.5600000000001,0.4
594.6,0.4
594.64,0.4
594.6800000000001,0.4
594.72,0.4
594.76,0.4
594.8000000000001,0.4
594.84,0.4
594.88,0.4
594.92,0.4
594.96,0.4
595.0,0.4
595.04,0.4
595.08,0.4
595.12,0.4
595.16,0.4
595.2,0.4
595.24,0.4
595.28,0.4
595.32,0.4
595.36,0.4
595.4,0.4
595.44,0.4
595.48,0.4
595.52,0.4
595.5600000000001,0.4
595.6,0.4
595.64,0.4
595.6800000000001,0.4
595.72,0.2
595.76,0.4
595.8000000000001,0.4
595.84,0.4
595.88,0.4
595.92,0.4
595.96,0.4
596.0,0.4
596.04,0.4
596.08,0.4
596.12,0.2
596.16,0.4
596.2,0.4
596.24,0.4
596.28,0.4
596.32,0.4
596.36,0.4
596.4,0.4
596.44,0.4
596.48,0.2
596.52,0.4
596.5600000000001,0.4
596.6,0.4
596.64,0.4
596.6800000000001,0.4
596.72,0.4
596.76,0.4
596.8000000000001,0.4
596.84,0.4
596.88,0.4
596.92,0.4
596.96,0.4
597.0,0.4
597.04,0.2
597.08,0.4
597.12,0.4
597.16,0.4
597.2,0.4
597.24,0.2
597.28,0.4
597.32,0.4
597.36,0.4
597.4,0.4
597.44,0.4
597.48,0.4
597.52,0.4
597.5600000000001,0.4
597.6,0.4
597.64,0.2
597.6800000000001,0.4
597.72,0.4
597.76,0.4
597.8000000000001,0.4
597.84,0.4
597.88,0.4
597.92,0.4
597.96,0.4
598.0,0.4
598.04,0.4
598.08,0.4
598.12,0.4
598.16,0.4
598.2,0.2
598.24,0.4
598.28,0.4
598.32,0.4
598.36,0.4
598.4,0.4
598.44,0.4
598.48,0.4
598.52,0.4
598.5600000000001,0.4
598.6,0.4
598.64,0.4
598.6800000000001,0.4
598.72,0.4
598.76,0.4
598.8000000000001,0.4
598.84,0.4
598.88,0.4
598.92,0.4
598.96,0.4
599.0,0.4
599.04,0.4
599.08,0.4
599.12,0.4
599.16,0.4
599.2,0.4
599.24,0.4
599.28,0.4
599.32,0.4
599.36,0.4
599.4,0.4
599.44,0.4
599.48,0.4
599.52,0.2
599.5600000000001,0.4
599.6,0.4
599.64,0.4
599.6800000000001,0.4
599.72,0.2
599.76,0.2
599.8000000000001,0.4
599.84,0.4
599.88,0.4
599.92,0.4
599.96,0.4
600.0,0.4
600.04,0.4
600.08,0.4
600.12,0.4
600.16,0.4
600.2,0.4
600.24,0.4
600.28,0.4
600.32,0.2
600.36,0.4
600.4,0.4
600.44,0.4
600.48,0.4
600.52,0.4
600.5600000000001,0.4
600.6,0.4
600.64,0.4
600.6800000000001,0.4
600.72,0.2
600.76,0.4
600.8000000000001,0.2
600.84,0.2
600.88,0.2
600.92,0.2
600.96,0.4
601.0,0.4
601.04,0.4
601.08,0.4
601.12,0.4
601.16,0.4
601.2,0.4
601.24,0.2
601.28,0.4
601.32,0.4
601.36,0.2
601.4,0.4
601.44,0.4
601.48,0.4
601.52,0.4
601.5600000000001,0.4
601.6,0.4
601.64,0.4
601.6800000000001,0.2
601.72,0.4
601.76,0.4
601.8000000000001,0.4
601.84,0.4
601.88,0.4
601.92,0.4
601.96,0.2
602.0,0.4
602.04,0.2
602.08,0.4
602.12,0.4
602.16,0.4
602.2,0.2
602.24,0.4
602.28,0.4
602.32,0.4
602.36,0.4
602.4,0.2
602.44,0.4
602.48,0.4
602.52,0.4
602.5600000000001,0.4
602.6,0.4
602.64,0.4
602.6800000000001,0.4
602.72,0.4
602.76,0.4
602.8000000000001,0.4
602.84,0.4
602.88,0.2
602.92,0.4
602.96,0.4
603.0,0.4
603.04,0.4
603.08,0.4
603.12,0.2
603.16,0.4
603.2,0.4
603.24,0.4
603.28,0.4
603.32,0.2
603.36,0.4
603.4,0.4
603.44,0.4
603.48,0.4
603.52,0.2
603.5600000000001,0.2
603.6,0.4
603.64,0.2
603.6800000000001,0.2
603.72,0.4
603.76,0.4
603.8000000000001,0.4
603.84,0.4
603.88,0.2
603.92,0.2
603.96,0.4
604.0,0.4
604.04,0.4
604.08,0.4
604.12,0.4
604.16,0.4
604.2,0.2
604.24,0.4
604.28,0.4
604.32,0.2
604.36,0.4
604.4,0.2
604.44,0.4
604.48,0.4
604.52,0.4
604.5600000000001,0.2
604.6,0.4
604.64,0.4
604.6800000000001,0.2
604.72,0.4
604.76,0.4
604.8000000000001,0.2
604.84,0.4
604.88,0.4
604.92,0.4
604.96,0.4
605.0,0.4
605.04,0.2
605.08,0.2
605.12,0.4
605.16,0.4
605.2,0.4
605.24,0.4
605.28,0.2
605.32,0.4
605.36,0.2
605.4,0.4
605.44,0.4
605.48,0.2
605.52,0.2
605.5600000000001,0.2
605.6,0.4
605.64,0.4
605.6800000000001,0.2
605.72,0.4
605.76,0.2
605.8000000000001,0.4
605.84,0.2
605.88,0.2
605.92,0.4
605.96,0.4
606.0,0.4
606.04,0.4
606.08,0.2
606.12,0.4
606.16,0.2
606.2,0.2
606.24,0.2
606.28,0.4
606.32,0.4
606.36,0.4
606.4,0.2
606.44,0.2
606.48,0.4
606.52,0.4
606.5600000000001,0.2
606.6,0.2
606.64,0.2
606.6800000000001,0.4
606.72,0.2
606.76,0.4
606.8000000000001,0.2
606.84,0.4
606.88,0.4
606.92,0.2
606.96,0.4
607.0,0.2
607.04,0.2
607.08,0.2
607.12,0.4
607.16,0.2
607.2,0.4
607.24,0.4
607.28,0.2
607.32,0.4
607.36,0.2
607.4,0.4
607.44,0.2
607.48,0.2
607.52,0.4
607.5600000000001,0.2
607.6,0.2
607.64,0.4
607.6800000000001,0.4
607.72,0.2
607.76,0.4
607.8000000000001,0.2
607.84,0.2
607.88,0.4
607.92,0.2
607.96,0.2
608.0,0.4
608.04,0.2
608.08,0.4
608.12,0.2
608.16,0.4
608.2,0.4
608.24,0.4
608.28,0.4
608.32,0.4
608.36,0.2
608.4,0.4
608.44,0.4
608.48,0.2
608.52,0.4
608.5600000000001,0.2
608.6,0.2
608.64,0.2
608.6800000000001,0.2
608.72,0.4
608.76,0.2
608.8000000000001,0.4
608.84,0.4
608.88,0.2
608.92,0.4
608.96,0.4
609.0,0.2
609.04,0.2
609.08,0.4
609.12,0.2
609.16,0.2
609.2,0.2
609.24,0.4
609.28,0.2
609.32,0.4
609.36,0.4
609.4,0.2
609.44,0.2
609.48,0.2
609.52,0.4
609.5600000000001,0.2
609.6,0.4
609.64,0.2
609.6800000000001,0.4
609.72,0.2
609.76,0.2
609.8000000000001,0.4
609.84,0.4
609.88,0.4
609.92,0.2
609.96,0.2
610.0,0.4
610.04,0.2
610.08,0.4
610.12,0.2
610.16,0.2
610.2,0.2
610.24,0.2
610.28,0.2
610.32,0.2
610.36,0.4
610.4,0.4
610.44,0.2
610.48,0.2
610.52,0.2
610.5600000000001,0.2
610.6,0.2
610.64,0.4
610.6800000000001,0.4
610.72,0.4
610.76,0.2
610.8000000000001,0.2
610.84,0.4
610.88,0.4
610.92,0.4
610.96,0.4
611.0,0.4
611.04,0.4
611.08,0.4
611.12,0.2
611.16,0.2
611.2,0.4
611.24,0.4
611.28,0.4
611.32,0.4
611.36,0.2
611.4,0.4
611.44,0.4
611.48,0.4
611.52,0.2
611.5600000000001,0.2
611.6,0.2
611.64,0.4
611.6800000000001,0.4
611.72,0.4
611.76,0.4
611.8000000000001,0.4
611.84,0.2
611.88,0.4
611.92,0.2
611.96,0.4
612.0,0.4
612.04,0.4
612.08,0.2
612.12,0.2
612.16,0.4
612.2,0.4
612.24,0.2
612.28,0.2
612.32,0.4
612.36,0.2
612.4,0.2
612.44,0.2
612.48,0.4
612.52,0.4
612.5600000000001,0.2
612.6,0.2
612.64,0.4
612.6800000000001,0.4
612.72,0.2
612.76,0.4
612.8000000000001,0.2
612.84,0.4
612.88,0.4
612.92,0.2
612.96,0.2
613.0,0.2
613.04,0.2
613.08,0.2
613.12,0.4
613.16,0.2
613.2,0.4
613.24,0.2
613.28,0.2
613.32,0.4
613.36,0.2
613.4,0.4
613.44,0.2
613.48,0.2
613.52,0.2
613.5600000000001,0.4
613.6,0.4
613.64,0.4
613.6800000000001,0.4
613.72,0.4
613.76,0.4
613.8000000000001,0.4
613.84,0.2
613.88,0.4
613.92,0.4
613.96,0.4
614.0,0.2
614.04,0.4
614.08,0.2
614.12,0.2
614.16,0.2
614.2,0.2
614.24,0.2
614.28,0.2
614.32,0.2
614.36,0.2
614.4,0.4
614.44,0.2
614.48,0.2
614.52,0.4
614.5600000000001,0.2
614.6,0.2
614.64,0.2
614.6800000000001,0.2
614.72,0.2
614.76,0.2
614.8000000000001,0.2
614.84,0.2
614.88,0.2
614.92,0.4
614.96,0.2
615.0,0.2
615.04,0.2
615.08,0.2
615.12,0.2
615.16,0.2
615.2,0.4
615.24,0.2
615.28,0.2
615.32,0.2
615.36,0.2
615.4,0.2
615.44,0.2
615.48,0.4
615.52,0.4
615.5600000000001,0.2
615.6,0.2
615.64,0.2
615.6800000000001,0.4
615.72,0.4
615.76,0.2
615.8000000000001,0.2
615.84,0.4
615.88,0.4
615.92,0.4
615.96,0.4
616.0,0.2
616.04,0.2
616.08,0.4
616.12,0.2
616.16,0.4
616.2,0.4
616.24,0.4
616.28,0.4
616.32,0.2
616.36,0.2
616.4,0.4
616.44,0.2
616.48,0.2
616.52,0.2
616.5600000000001,0.2
616.6,0.2
616.64,0.4
616.6800000000001,0.2
616.72,0.2
616.76,0.4
616.8000000000001,0.2
616.84,0.4
616.88,0.2
616.92,0.2
616.96,0.2
617.0,0.2
617.04,0.2
617.08,0.2
617.12,0.2
617.16,0.4
617.2,0.2
617.24,0.4
617.28,0.4
617.32,0.4
617.36,0.2
617.4,0.4
617.44,0.2
617.48,0.4
617.52,0.2
617.5600000000001,0.4
617.6,0.4
617.64,0.2
617.6800000000001,0.4
617.72,0.4
617.76,0.4
617.8000000000001,0.4
617.84,0.2
617.88,0.2
617.92,0.4
617.96,0.2
618.0,0.4
618.04,0.2
618.08,0.2
618.12,0.2
618.16,0.4
618.2,0.2
618.24,0.4
618.28,0.2
618.32,0.2
618.36,0.2
618.4,0.4
618.44,0.2
618.48,0.2
618.52,0.2
618.5600000000001,0.4
618.6,0.2
618.64,0.2
618.6800000000001,0.2
618.72,0.4
618.76,0.4
618.8000000000001,0.2
618.84,0.2
618.88,0.4
618.92,0.4
618.96,0.4
619.0,0.4
619.04,0.4
619.08,0.2
619.12,0.2
619.16,0.4
619.2,0.2
619.24,0.4
619.28,0.4
619.32,0.4
619.36,0.4
619.4,0.2
619.44,0.4
619.48,0.2
619.52,0.2
619.5600000000001,0.4
619.6,0.2
619.64,0.2
619.6800000000001,0.4
619.72,0.4
619.76,0.4
619.8000000000001,0.2
619.84,0.2
619.88,0.4
619.92,0.2
619.96,0.2
620.0,0.2
620.04,0.2
620.08,0.4
620.12,0.2
620.16,0.2
620.2,0.4
620.24,0.2
620.28,0.2
620.32,0.2
620.36,0.2
620.4,0.2
620.44,0.2
620.48,0.4
620.52,0.2
620.5600000000001,0.2
620.6,0.2
620.64,0.4
620.6800000000001,0.4
620.72,0.4
620.76,0.2
620.8000000000001,0.2
620.84,0.4
620.88,0.2
620.92,0.2
620.96,0.2
621.0,0.4
621.04,0.4
621.08,0.2
621.12,0.2
621.16,0.2
621.2,0.2
621.24,0.4
621.28,0.2
621.32,0.4
621.36,0.2
621.4,0.2
621.44,0.4
621.48,0.2
621.52,0.2
621.5600000000001,0.2
621.6,0.4
621.64,0.2
621.6800000000001,0.2
621.72,0.4
621.76,0.2
621.8000000000001,0.4
621.84,0.4
621.88,0.2
621.92,0.2
621.96,0.4
622.0,0.2
622.04,0.2
622.08,0.4
622.12,0.4
622.16,0.4
622.2,0.2
622.24,0.2
622.28,0.4
622.32,0.2
622.36,0.2
622.4,0.2
622.44,0.4
622.48,0.2
622.52,0.2
622.5600000000001,0.2
622.6,0.2
622.64,0.2
622.6800000000001,0.2
622.72,0.4
622.76,0.2
622.8000000000001,0.2
622.84,0.4
622.88,0.2
622.92,0.2
622.96,0.2
623.0,0.2
623.04,0.4
623.08,0.2
623.12,0.2
623.16,0.2
623.2,0.4
623.24,0.2
623.28,0.4
623.32,0.2
623.36,0.4
623.4,0.2
623.44,0.2
623.48,0.2
623.52,0.4
623.5600000000001,0.2
623.6,0.4
623.64,0.4
623.6800000000001,0.4
623.72,0.2
623.76,0.2
623.8000000000001,0.4
623.84,0.2
623.88,0.4
623.92,0.2
623.96,0.4
624.0,0.2
624.04,0.4
624.08,0.2
624.12,0.4
624.16,0.2
624.2,0.2
624.24,0.2
624.28,0.4
624.32,0.2
624.36,0.2
624.4,0.2
624.44,0.2
624.48,0.2
624.52,0.4
624.5600000000001,0.2
624.6,0.2
624.64,0.2
624.6800000000001,0.4
624.72,0.2
624.76,0.2
624.8000000000001,0.4
624.84,0.4
624.88,0.4
624.92,0.4
624.96,0.4
625.0,0.2
625.04,0.2
625.08,0.2
625.12,0.4
625.16,0.4
625.2,0.4
625.24,0.2
625.28,0.2
625.32,0.4
625.36,0.4
625.4,0.4
625.44,0.2
625.48,0.2
625.52,0.2
625.5600000000001,0.4
625.6,0.2
625.64,0.2
625.6800000000001,0.4
625.72,0.2
625.76,0.2
625.8000000000001,0.4
625.84,0.4
625.88,0.2
625.92,0.4
625.96,0.2
626.0,0.2
626.04,0.2
626.08,0.2
626.12,0.4
626.16,0.2
626.2,0.2
626.24,0.4
626.28,0.4
626.32,0.2
626.36,0.2
626.4,0.4
626.44,0.4
626.48,0.2
626.52,0.4
626.5600000000001,0.2
626.6,0.2
626.64,0.4
626.6800000000001,0.2
626.72,0.4
626.76,0.2
626.8000000000001,0.4
626.84,0.2
626.88,0.4
626.92,0.4
626.96,0.2
627.0,0.4
627.04,0.2
627.08,0.2
627.12,0.2
627.16,0.4
627.2,0.4
627.24,0.4
627.28,0.2
627.32,0.2
627.36,0.4
627.4,0.2
627.44,0.2
627.48,0.2
627.52,0.2
627.5600000000001,0.2
627.6,0.2
627.64,0.4
627.6800000000001,0.2
627.72,0.2
627.76,0.2
627.8000000000001,0.2
627.84,0.4
627.88,0.2
627.92,0.2
627.96,0.2
628.0,0.2
628.04,0.2
628.08,0.2
628.12,0.2
628.16,0.2
628.2,0.4
628.24,0.2
628.28,0.2
628.32,0.2
628.36,0.4
628.4,0.2
628.44,0.4
628.48,0.2
628.52,0.4
628.5600000000001,0.2
628.6,0.2
628.64,0.2
628.6800000000001,0.4
628.72,0.2
628.76,0.2
628.8000000000001,0.2
628.84,0.2
628.88,0.2
628.92,0.4
628.96,0.4
629.0,0.2
629.04,0.4
629.08,0.2
629.12,0.4
629.16,0.2
629.2,0.2
629.24,0.2
629.28,0.4
629.32,0.2
629.36,0.2
629.4,0.4
629.44,0.4
629.48,0.2
629.52,0.4
629.5600000000001,0.2
629.6,0.2
629.64,0.2
629.6800000000001,0.2
629.72,0.2
629.76,0.2
629.8000000000001,0.4
629.84,0.4
629.88,0.2
629.92,0.2
629.96,0.2
630.0,0.4
630.04,0.4
630.08,0.2
630.12,0.4
630.16,0.2
630.2,0.2
630.24,0.2
630.28,0.2
630.32,0.2
630.36,0.4
630.4,0.2
630.44,0.2
630.48,0.4
630.52,0.4
630.5600000000001,0.4
630.6,0.2
630.64,0.2
630.6800000000001,0.2
630.72,0.2
630.76,0.2
630.8000000000001,0.2
630.84,0.2
630.88,0.4
630.92,0.2
630.96,0.4
631.0,0.4
631.04,0.2
631.08,0.2
631.12,0.2
631.16,0.2
631.2,0.4
631.24,0.4
631.28,0.2
631.32,0.4
631.36,0.4
631.4,0.2
631.44,0.4
631.48,0.2
631.52,0.2
631.5600000000001,0.4
631.6,0.2
631.64,0.2
631.6800000000001,0.2
631.72,0.2
631.76,0.2
631.8000000000001,0.2
631.84,0.2
631.88,0.2
631.92,0.2
631.96,0.2
632.0,0.2
632.04,0.2
632.08,0.2
632.12,0.4
632.16,0.2
632.2,0.4
632.24,0.4
632.28,0.2
632.32,0.2
632.36,0.4
632.4,0.4
632.44,0.2
632.48,0.2
632.52,0.2
632.5600000000001,0.4
632.6,0.2
632.64,0.2
632.6800000000001,0.2
632.72,0.2
632.76,0.2
632.8000000000001,0.2
632.84,0.2
632.88,0.4
632.92,0.2
632.96,0.2
633.0,0.2
633.04,0.4
633.08,0.2
633.12,0.2
633.16,0.4
633.2,0.4
633.24,0.2
633.28,0.2
633.32,0.2
633.36,0.4
633.4,0.2
633.44,0.4
633.48,0.2
633.52,0.2
633.5600000000001,0.2
633.6,0.2
633.64,0.2
633.6800000000001,0.2
633.72,0.2
633.76,0.2
633.8000000000001,0.2
633.84,0.2
633.88,0.2
633.92,0.2
633.96,0.2
634.0,0.2
634.04,0.2
634.08,0.2
634.12,0.2
634.16,0.2
634.2,0.2
634.24,0.2
634.28,0.2
634.32,0.2
634.36,0.4
634.4,0.2
634.44,0.2
634.48,0.2
634.52,0.2
634.5600000000001,0.4
634.6,0.2
634.64,0.4
634.6800000000001,0.2
634.72,0.2
634.76,0.4
634.8000000000001,0.4
634.84,0.2
634.88,0.2
634.92,0.2
634.96,0.2
635.0,0.4
635.04,0.2
635.08,0.2
635.12,0.2
635.16,0.2
635.2,0.2
635.24,0.2
635.28,0.2
635.32,0.2
635.36,0.2
635.4,0.4
635.44,0.2
635.48,0.4
635.52,0.4
635.5600000000001,0.2
635.6,0.2
635.64,0.4
635.6800000000001,0.4
635.72,0.2
635.76,0.4
635.8000000000001,0.4
635.84,0.2
635.88,0.2
635.92,0.2
635.96,0.2
636.0,0.2
636.04,0.4
636.08,0.4
636.12,0.2
636.16,0.2
636.2,0.2
636.24,0.2
636.28,0.4
636.32,0.2
636.36,0.4
636.4,0.2
636.44,0.2
636.48,0.2
636.52,0.2
636.5600000000001,0.2
636.6,0.4
636.64,0.2
636.6800000000001,0.2
636.72,0.2
636.76,0.2
636.8000000000001,0.4
636.84,0.2
636.88,0.2
636.92,0.2
636.96,0.4
637.0,0.2
637.04,0.2
637.08,0.2
637.12,0.2
637.16,0.2
637.2,0.4
637.24,0.4
637.28,0.2
637.32,0.2
637.36,0.2
637.4,0.2
637.44,0.4
637.48,0.4
637.52,0.2
637.5600000000001,0.2
637.6,0.2
637.64,0.4
637.6800000000001,0.4
637.72,0.4
637.76,0.2
637.8000000000001,0.4
637.84,0.2
637.88,0.2
637.92,0.2
637.96,0.2
638.0,0.2
638.04,0.2
638.08,0.2
638.12,0.2
638.16,0.4
638.2,0.2
638.24,0.4
638.28,0.4
638.32,0.4
638.36,0.2
638.4,0.2
638.44,0.2
638.48,0.4
638.52,0.2
638.5600000000001,0.2
638.6,0.4
638.64,0.4
638.6800000000001,0.2
638.72,0.2
638.76,0.2
638.8000000000001,0.2
638.84,0.2
638.88,0.2
638.92,0.2
638.96,0.2
639.0,0.2
639.04,0.2
639.08,0.2
639.12,0.2
639.16,0.4
639.2,0.2
639.24,0.2
639.28,0.2
639.32,0.2
639.36,0.2
639.4,0.2
639.44,0.2
639.48,0.2
639.52,0.2
639.5600000000001,0.2
639.6,0.2
639.64,0.2
639.6800000000001,0.2
639.72,0.2
639.76,0.2
639.8000000000001,0.4
639.84,0.2
639.88,0.2
639.92,0.4
639.96,0.4
640.0,0.2
640.04,0.2
640.08,0.2
640.12,0.4
640.16,0.2
640.2,0.2
640.24,0.2
640.28,0.2
640.32,0.2
640.36,0.4
640.4,0.2
640.44,0.4
640.48,0.2
640.52,0.2
640.5600000000001,0.2
640.6,0.2
640.64,0.2
640.6800000000001,0.4
640.72,0.2
640.76,0.2
640.8000000000001,0.4
640.84,0.4
640.88,0.2
640.92,0.2
640.96,0.4
641.0,0.4
641.04,0.4
641.08,0.2
641.12,0.2
641.16,0.2
641.2,0.2
641.24,0.2
641.28,0.4
641.32,0.2
641.36,0.4
641.4,0.4
641.44,0.2
641.48,0.2
641.52,0.2
641.5600000000001,0.2
641.6,0.2
641.64,0.2
641.6800000000001,0.4
641.72,0.2
641.76,0.2
641.8000000000001,0.2
641.84,0.0
641.88,0.4
641.92,0.4
641.96,0.2
642.0,0.2
642.04,0.2
642.08,0.4
642.12,0.2
642.16,0.2
642.2,0.2
642.24,0.2
642.28,0.2
642.32,0.2
642.36,0.2
642.4,0.2
642.44,0.4
642.48,0.4
642.52,0.2
642.5600000000001,0.4
642.6,0.2
642.64,0.2
642.6800000000001,0.2
642.72,0.2
642.76,0.4
642.8000000000001,0.2
642.84,0.2
642.88,0.2
642.92,0.4
642.96,0.2
643.0,0.2
643.04,0.2
643.08,0.4
643.12,0.2
643.16,0.2
643.2,0.2
643.24,0.2
643.28,0.4
643.32,0.2
643.36,0.2
643.4,0.2
643.44,0.4
643.48,0.2
643.52,0.2
643.5600000000001,0.2
643.6,0.2
643.64,0.2
643.6800000000001,0.2
643.72,0.2
643.76,0.2
643.8000000000001,0.4
643.84,0.2
643.88,0.2
643.92,0.2
643.96,0.4
644.0,0.2
644.04,0.2
644.08,0.2
644.12,0.2
644.16,0.2
644.2,0.2
644.24,0.2
644.28,0.2
644.32,0.2
644.36,0.2
644.4,0.2
644.44,0.2
644.48,0.2
644.52,0.2
644.5600000000001,0.2
644.6,0.2
644.64,0.0
644.6800000000001,0.4
644.72,0.2
644.76,0.2
644.8000000000001,0.2
644.84,0.2
644.88,0.2
644.92,0.2
644.96,0.2
645.0,0.2
645.04,0.2
645.08,0.2
645.12,0.2
645.16,0.2
645.2,0.2
645.24,0.2
645.28,0.2
645.32,0.2
645.36,0.2
645.4,0.2
645.44,0.4
645.48,0.2
645.52,0.2
645.5600000000001,0.2
645.6,0.2
645.64,0.4
645.6800000000001,0.4
645.72,0.2
645.76,0.2
645.8000000000001,0.2
645.84,0.4
645.88,0.2
645.92,0.2
645.96,0.4
646.0,0.2
646.04,0.2
646.08,0.2
646.12,0.2
646.16,0.4
646.2,0.2
646.24,0.4
646.28,0.2
646.32,0.2
646.36,0.2
646.4,0.2
646.44,0.2
646.48,0.2
646.52,0.2
646.5600000000001,0.2
646.6,0.2
646.64,0.2
646.6800000000001,0.2
646.72,0.2
646.76,0.4
646.8000000000001,0.2
646.84,0.2
646.88,0.2
646.92,0.2
646.96,0.4
647.0,0.2
647.04,0.2
647.08,0.2
647.12,0.2
647.16,0.2
647.2,0.2
647.24,0.2
647.28,0.0
647.32,0.2
647.36,0.2
647.4,0.2
647.44,0.2
647.48,0.2
647.52,0.2
647.5600000000001,0.2
647.6,0.0
647.64,0.2
647.6800000000001,0.4
647.72,0.2
647.76,0.2
647.8000000000001,0.2
647.84,0.2
647.88,0.2
647.92,0.2
647.96,0.2
648.0,0.0
648.04,0.2
648.08,0.2
648.12,0.2
648.16,0.2
648.2,0.2
648.24,0.2
648.28,0.2
648.32,0.2
648.36,0.2
648.4,0.2
648.44,0.2
648.48,0.2
648.52,0.2
648.5600000000001,0.2
648.6,0.2
648.64,0.2
648.6800000000001,0.0
648.72,0.2
648.76,0.4
648.8000000000001,0.2
648.84,0.4
648.88,0.2
648.92,0.2
648.96,0.2
649.0,0.4
649.04,0.2
649.08,0.0
649.12,0.2
649.16,0.2
649.2,0.2
649.24,0.2
649.28,0.4
649.32,0.2
649.36,0.2
649.4,0.2
649.44,0.2
649.48,0.2
649.52,0.2
649.5600000000001,0.2
649.6,0.2
649.64,0.2
649.6800000000001,0.2
649.72,0.4
649.76,0.4
649.8000000000001,0.4
649.84,0.2
649.88,0.2
649.92,0.2
649.96,0.2
650.0,0.2
650.04,0.2
650.08,0.4
650.12,0.2
650.16,0.2
650.2,0.2
650.24,0.4
650.28,0.2
650.32,0.2
650.36,0.0
650.4,0.4
650.44,0.2
650.48,0.4
650.52,0.2
650.5600000000001,0.2
650.6,0.2
650.64,0.2
650.6800000000001,0.2
650.72,0.2
650.76,0.4
650.8000000000001,0.2
650.84,0.2
650.88,0.2
650.92,0.2
650.96,0.2
651.0,0.2
651.04,0.2
651.08,0.2
651.12,0.2
651.16,0.2
651.2,0.2
651.24,0.2
651.28,0.2
651.32,0.2
651.36,0.0
651.4,0.2
651.44,0.2
651.48,0.2
651.52,0.4
651.5600000000001,0.2
651.6,0.2
651.64,0.2
651.6800000000001,0.2
651.72,0.2
651.76,0.0
651.8000000000001,0.0
651.84,0.2
651.88,0.2
651.92,0.0
651.96,0.2
652.0,0.2
652.04,0.2
652.08,0.2
652.12,0.2
652.16,0.2
652.2,0.2
652.24,0.0
652.28,0.2
652.32,0.2
652.36,0.2
652.4,0.4
652.44,0.2
652.48,0.2
652.52,0.2
652.5600000000001,0.2
652.6,0.4
652.64,0.2
652.6800000000001,0.4
652.72,0.2
652.76,0.2
652.8000000000001,0.4
652.84,0.4
652.88,0.2
652.92,0.2
652.96,0.4
653.0,0.2
653.04,0.2
653.08,0.2
653.12,0.2
653.16,0.2
653.2,0.2
653.24,0.2
653.28,0.4
653.32,0.2
653.36,0.0
653.4,0.0
653.44,0.2
653.48,0.2
653.52,0.2
653.5600000000001,0.2
653.6,0.2
653.64,0.4
653.6800000000001,0.2
653.72,0.2
653.76,0.2
653.8000000000001,0.2
653.84,0.2
653.88,0.2
653.92,0.0
653.96,0.4
654.0,0.2
654.04,0.2
654.08,0.0
654.12,0.2
654.16,0.2
654.2,0.2
654.24,0.2
654.28,0.2
654.32,0.2
654.36,0.2
654.4,0.0
654.44,0.2
654.48,0.2
654.52,0.2
654.5600000000001,0.2
654.6,0.2
654.64,0.2
654.6800000000001,0.2
654.72,0.2
654.76,0.4
654.8000000000001,0.2
654.84,0.2
654.88,0.2
654.92,0.2
654.96,0.2
655.0,0.2
655.04,0.0
655.08,0.2
655.12,0.2
655.16,0.2
655.2,0.2
655.24,0.2
655.28,0.0
655.32,0.2
655.36,0.2
655.4,0.2
655.44,0.2
655.48,0.2
655.52,0.2
