Time (s),Voltage (V)
0.0,0.14800000000000002
0.04,0.158
0.08,0.15200000000000002
0.12,0.162
0.16,0.15400000000000003
0.2,0.0
0.24,0.0
0.28,-0.003999999999999997
0.32,-0.003999999999999997
0.36,-0.003999999999999997
0.4,-0.003999999999999997
0.44,0.0
0.48,0.006000000000000005
0.52,0.0020000000000000018
0.56,0.0
0.6,0.0040000000000000036
0.64,0.0020000000000000018
0.68,-0.003999999999999997
0.72,-0.0020000000000000018
0.76,0.0040000000000000036
0.8,0.0
0.84,-0.0020000000000000018
0.88,-0.0020000000000000018
0.92,-0.0020000000000000018
0.96,-0.003999999999999997
1.0,-0.003999999999999997
1.04,-0.003999999999999997
1.08,-0.003999999999999997
1.12,-0.003999999999999997
1.16,0.0
1.2,0.0
1.24,-0.0020000000000000018
1.28,0.006000000000000005
1.32,0.0020000000000000018
1.36,-0.003999999999999997
1.4000000000000001,-0.0020000000000000018
1.44,0.0040000000000000036
1.48,0.0040000000000000036
1.52,-0.0020000000000000018
1.56,-0.0020000000000000018
1.6,-0.003999999999999997
1.6400000000000001,-0.005999999999999998
1.68,-0.0020000000000000018
1.72,-0.0020000000000000018
1.76,-0.0020000000000000018
1.8,0.0020000000000000018
1.84,0.006000000000000005
1.8800000000000001,0.0040000000000000036
1.92,-0.0020000000000000018
1.96,0.0
2.0,0.0040000000000000036
2.04,0.0020000000000000018
2.08,-0.0020000000000000018
2.12,0.0040000000000000036
2.16,0.0020000000000000018
2.2,-0.0020000000000000018
2.24,-0.0020000000000000018
2.2800000000000002,-0.003999999999999997
2.32,-0.003999999999999997
2.36,-0.005999999999999998
2.4,-0.003999999999999997
2.44,-0.003999999999999997
2.48,-0.0020000000000000018
2.52,0.0020000000000000018
2.56,-0.0020000000000000018
2.6,-0.003999999999999997
2.64,-0.0020000000000000018
2.68,0.0020000000000000018
2.72,0.0020000000000000018
2.7600000000000002,0.0
2.8000000000000003,0.0020000000000000018
2.84,-0.0020000000000000018
2.88,-0.003999999999999997
2.92,-0.0020000000000000018
2.96,-0.003999999999999997
3.0,-0.005999999999999998
3.04,-0.0020000000000000018
3.08,0.0020000000000000018
3.12,-0.0020000000000000018
3.16,-0.0020000000000000018
3.2,0.0040000000000000036
3.24,0.0020000000000000018
3.2800000000000002,-0.0020000000000000018
3.3200000000000003,0.0
3.36,0.0040000000000000036
3.4,0.0040000000000000036
3.44,0.0020000000000000018
3.48,0.0040000000000000036
3.52,0.0020000000000000018
3.56,0.0020000000000000018
3.6,0.0
3.64,-0.0020000000000000018
3.68,-0.003999999999999997
3.72,-0.0020000000000000018
3.7600000000000002,0.0
3.8000000000000003,-0.0020000000000000018
3.84,-0.005999999999999998
3.88,-0.0020000000000000018
3.92,0.0020000000000000018
3.96,0.0
4.0,-0.0020000000000000018
4.04,0.0020000000000000018
4.08,0.0
4.12,0.0020000000000000018
4.16,0.0020000000000000018
4.2,-0.0020000000000000018
4.24,-0.003999999999999997
4.28,-0.0020000000000000018
4.32,-0.003999999999999997
4.36,-0.005999999999999998
4.4,-0.003999999999999997
4.44,0.0020000000000000018
4.48,0.0
4.5200000000000005,-0.003999999999999997
4.5600000000000005,-0.003999999999999997
4.6000000000000005,0.0020000000000000018
4.64,0.0
4.68,0.0
4.72,0.0040000000000000036
4.76,0.006000000000000005
4.8,0.0040000000000000036
4.84,0.0020000000000000018
4.88,0.0
4.92,-0.0020000000000000018
4.96,0.0
5.0,0.0020000000000000018
5.04,-0.003999999999999997
5.08,-0.003999999999999997
5.12,0.0020000000000000018
5.16,0.0020000000000000018
5.2,-0.0020000000000000018
5.24,-0.003999999999999997
5.28,-0.0020000000000000018
5.32,0.0020000000000000018
5.36,0.0040000000000000036
5.4,0.0020000000000000018
5.44,0.0040000000000000036
5.48,-0.0020000000000000018
5.5200000000000005,0.0020000000000000018
5.5600000000000005,-0.0020000000000000018
5.6000000000000005,-0.003999999999999997
5.64,-0.003999999999999997
5.68,0.0020000000000000018
5.72,-0.0020000000000000018
5.76,-0.003999999999999997
5.8,-0.0020000000000000018
5.84,-0.0020000000000000018
5.88,-0.005999999999999998
5.92,-0.005999999999999998
5.96,-0.0020000000000000018
6.0,0.0020000000000000018
6.04,0.0020000000000000018
6.08,0.0020000000000000018
6.12,0.0040000000000000036
6.16,0.0020000000000000018
6.2,0.0020000000000000018
6.24,0.0020000000000000018
6.28,-0.003999999999999997
6.32,-0.0020000000000000018
6.36,0.0020000000000000018
6.4,0.0020000000000000018
6.44,-0.003999999999999997
6.48,-0.003999999999999997
6.5200000000000005,-0.003999999999999997
6.5600000000000005,-0.003999999999999997
6.6000000000000005,-0.0020000000000000018
6.640000000000001,0.0020000000000000018
6.68,0.0020000000000000018
6.72,0.0
6.76,0.0040000000000000036
6.8,0.0020000000000000018
6.84,-0.0020000000000000018
6.88,-0.0020000000000000018
6.92,0.0020000000000000018
6.96,-0.0020000000000000018
7.0,-0.003999999999999997
7.04,0.0020000000000000018
7.08,0.0
7.12,-0.005999999999999998
7.16,-0.003999999999999997
7.2,-0.0020000000000000018
7.24,-0.0020000000000000018
7.28,-0.0020000000000000018
7.32,-0.0020000000000000018
7.36,0.0020000000000000018
7.4,0.0020000000000000018
7.44,0.0040000000000000036
7.48,0.0020000000000000018
7.5200000000000005,-0.0020000000000000018
7.5600000000000005,0.0020000000000000018
7.6000000000000005,0.0040000000000000036
7.640000000000001,0.0020000000000000018
7.68,-0.0020000000000000018
7.72,0.0
7.76,0.0020000000000000018
7.8,-0.003999999999999997
7.84,-0.003999999999999997
7.88,-0.0020000000000000018
7.92,-0.003999999999999997
7.96,-0.0020000000000000018
8.0,0.0020000000000000018
8.040000000000001,0.0020000000000000018
8.08,0.0
8.120000000000001,0.0020000000000000018
8.16,0.0020000000000000018
8.2,-0.0020000000000000018
8.24,-0.003999999999999997
8.28,0.0020000000000000018
8.32,0.0020000000000000018
8.36,-0.003999999999999997
8.4,-0.0020000000000000018
8.44,0.0020000000000000018
8.48,-0.003999999999999997
8.52,-0.009999999999999995
8.56,-0.005999999999999998
8.6,-0.003999999999999997
8.64,-0.0020000000000000018
8.68,0.0020000000000000018
8.72,0.0
8.76,-0.0020000000000000018
8.8,0.0040000000000000036
8.84,0.006000000000000005
8.88,0.0020000000000000018
8.92,0.0
8.96,0.0040000000000000036
9.0,0.0040000000000000036
9.040000000000001,-0.0020000000000000018
9.08,0.0020000000000000018
9.120000000000001,0.0020000000000000018
9.16,-0.003999999999999997
9.200000000000001,-0.003999999999999997
9.24,-0.0020000000000000018
9.28,-0.0020000000000000018
9.32,-0.0020000000000000018
9.36,0.0040000000000000036
9.4,0.0020000000000000018
9.44,-0.0020000000000000018
9.48,0.0
9.52,0.0020000000000000018
9.56,-0.0020000000000000018
9.6,-0.003999999999999997
9.64,0.0020000000000000018
9.68,0.0040000000000000036
9.72,0.0
9.76,-0.003999999999999997
9.8,-0.003999999999999997
9.84,-0.005999999999999998
9.88,-0.003999999999999997
9.92,-0.003999999999999997
9.96,-0.005999999999999998
10.0,-0.003999999999999997
10.040000000000001,0.0020000000000000018
10.08,-0.0020000000000000018
10.120000000000001,-0.003999999999999997
10.16,-0.0020000000000000018
10.200000000000001,0.0020000000000000018
10.24,0.0
10.28,0.0020000000000000018
10.32,0.006000000000000005
10.36,0.0040000000000000036
10.4,0.0
10.44,-0.003999999999999997
10.48,-0.0020000000000000018
10.52,-0.003999999999999997
10.56,0.0
10.6,0.0
10.64,-0.0020000000000000018
10.68,-0.0020000000000000018
10.72,0.0020000000000000018
10.76,0.0020000000000000018
10.8,-0.003999999999999997
10.84,-0.0020000000000000018
10.88,0.0020000000000000018
10.92,0.0040000000000000036
10.96,0.0040000000000000036
11.0,0.0020000000000000018
11.040000000000001,0.0020000000000000018
11.08,0.0
11.120000000000001,-0.0020000000000000018
11.16,-0.003999999999999997
11.200000000000001,-0.005999999999999998
11.24,-0.003999999999999997
11.28,0.0
11.32,-0.0020000000000000018
11.36,-0.003999999999999997
11.4,-0.0020000000000000018
11.44,-0.0020000000000000018
11.48,-0.003999999999999997
11.52,0.0
11.56,0.0040000000000000036
11.6,0.0040000000000000036
11.64,0.0020000000000000018
11.68,0.0020000000000000018
11.72,-0.0020000000000000018
11.76,-0.0020000000000000018
11.8,0.0
11.84,-0.0020000000000000018
11.88,-0.003999999999999997
11.92,-0.0020000000000000018
11.96,0.0020000000000000018
12.0,0.0
12.040000000000001,-0.005999999999999998
12.08,-0.0020000000000000018
12.120000000000001,0.0020000000000000018
12.16,-0.0020000000000000018
12.200000000000001,-0.0020000000000000018
12.24,0.0040000000000000036
12.280000000000001,0.006000000000000005
12.32,0.0040000000000000036
12.36,0.0020000000000000018
12.4,-0.0020000000000000018
12.44,-0.0020000000000000018
12.48,-0.0020000000000000018
12.52,0.0
12.56,-0.003999999999999997
12.6,-0.003999999999999997
12.64,-0.0020000000000000018
12.68,-0.0020000000000000018
12.72,-0.005999999999999998
12.76,-0.003999999999999997
12.8,0.0020000000000000018
12.84,-0.0020000000000000018
12.88,-0.0020000000000000018
12.92,0.0020000000000000018
12.96,0.0040000000000000036
13.0,0.0020000000000000018
13.040000000000001,0.0020000000000000018
13.08,0.0020000000000000018
13.120000000000001,-0.003999999999999997
13.16,-0.0020000000000000018
13.200000000000001,0.0040000000000000036
13.24,0.0
13.280000000000001,-0.003999999999999997
13.32,0.0
13.36,0.0020000000000000018
13.4,-0.003999999999999997
13.44,-0.005999999999999998
13.48,0.0
13.52,0.0020000000000000018
13.56,0.0
13.6,0.0020000000000000018
13.64,0.0040000000000000036
13.68,0.0020000000000000018
13.72,0.0
13.76,0.0020000000000000018
13.8,-0.0020000000000000018
13.84,-0.003999999999999997
13.88,-0.0020000000000000018
13.92,0.0
13.96,-0.003999999999999997
14.0,-0.005999999999999998
14.040000000000001,-0.0020000000000000018
14.08,-0.003999999999999997
14.120000000000001,-0.008
14.16,-0.003999999999999997
14.200000000000001,0.0020000000000000018
14.24,0.0020000000000000018
14.280000000000001,0.0020000000000000018
14.32,0.0020000000000000018
14.36,-0.0020000000000000018
14.4,-0.0020000000000000018
14.44,0.0020000000000000018
14.48,0.0
14.52,-0.0020000000000000018
14.56,0.0040000000000000036
14.6,0.006000000000000005
14.64,-0.0020000000000000018
14.68,-0.005999999999999998
14.72,-0.0020000000000000018
14.76,-0.0020000000000000018
14.8,-0.003999999999999997
14.84,-0.0020000000000000018
14.88,0.0020000000000000018
14.92,0.0020000000000000018
14.96,0.0020000000000000018
15.0,0.006000000000000005
15.040000000000001,0.0020000000000000018
15.08,0.0
15.120000000000001,0.0020000000000000018
15.16,0.0020000000000000018
15.200000000000001,-0.0020000000000000018
15.24,0.0020000000000000018
15.280000000000001,0.0020000000000000018
15.32,-0.005999999999999998
15.36,-0.009999999999999995
15.4,-0.003999999999999997
15.44,-0.0020000000000000018
15.48,-0.003999999999999997
15.52,-0.0020000000000000018
15.56,-0.0020000000000000018
15.6,-0.0020000000000000018
15.64,-0.0020000000000000018
15.68,0.0
15.72,-0.0020000000000000018
15.76,-0.003999999999999997
15.8,0.0040000000000000036
15.84,0.0040000000000000036
15.88,-0.0020000000000000018
15.92,-0.0020000000000000018
15.96,0.0020000000000000018
16.0,-0.0020000000000000018
16.04,-0.003999999999999997
16.080000000000002,-0.003999999999999997
16.12,-0.0020000000000000018
16.16,-0.0020000000000000018
16.2,0.0
16.240000000000002,0.0020000000000000018
16.28,0.0
16.32,0.0020000000000000018
16.36,0.0020000000000000018
16.4,0.0
16.44,0.0020000000000000018
16.48,0.008
16.52,0.006000000000000005
16.56,-0.0020000000000000018
16.6,0.0
16.64,0.0040000000000000036
16.68,0.0
16.72,-0.003999999999999997
16.76,-0.003999999999999997
16.8,-0.003999999999999997
16.84,-0.0020000000000000018
16.88,0.0
16.92,-0.0020000000000000018
16.96,-0.003999999999999997
17.0,-0.0020000000000000018
17.04,0.0020000000000000018
17.080000000000002,-0.0020000000000000018
17.12,-0.0020000000000000018
17.16,0.0040000000000000036
17.2,0.0040000000000000036
17.240000000000002,0.0
17.28,-0.0020000000000000018
17.32,-0.0020000000000000018
17.36,-0.003999999999999997
17.400000000000002,-0.005999999999999998
17.44,-0.003999999999999997
17.48,-0.003999999999999997
17.52,-0.0020000000000000018
17.56,0.0020000000000000018
17.6,-0.003999999999999997
17.64,-0.003999999999999997
17.68,0.0
17.72,0.0040000000000000036
17.76,0.0
17.8,-0.003999999999999997
17.84,0.0040000000000000036
17.88,0.006000000000000005
17.92,0.0020000000000000018
17.96,0.0
18.0,0.0
18.04,-0.0020000000000000018
18.080000000000002,-0.0020000000000000018
18.12,0.0
18.16,-0.0020000000000000018
18.2,-0.003999999999999997
18.240000000000002,-0.0020000000000000018
18.28,-0.0020000000000000018
18.32,-0.005999999999999998
18.36,-0.003999999999999997
18.400000000000002,0.0020000000000000018
18.44,0.0
18.48,0.0
18.52,0.0040000000000000036
18.56,0.0040000000000000036
18.6,0.0
18.64,-0.0020000000000000018
18.68,-0.0020000000000000018
18.72,-0.0020000000000000018
18.76,-0.0020000000000000018
18.8,0.0
18.84,-0.0020000000000000018
18.88,-0.0020000000000000018
18.92,0.0020000000000000018
18.96,0.0020000000000000018
19.0,-0.005999999999999998
19.04,-0.005999999999999998
19.080000000000002,0.0020000000000000018
19.12,0.006000000000000005
19.16,0.0020000000000000018
19.2,0.0020000000000000018
19.240000000000002,0.0040000000000000036
19.28,0.0020000000000000018
19.32,0.0
19.36,0.0020000000000000018
19.400000000000002,0.0020000000000000018
19.44,0.0
19.48,0.0020000000000000018
19.52,0.0
19.56,-0.005999999999999998
19.6,-0.003999999999999997
19.64,-0.0020000000000000018
19.68,-0.003999999999999997
19.72,-0.005999999999999998
19.76,0.0
19.8,0.0040000000000000036
19.84,0.0
19.88,-0.0020000000000000018
19.92,0.0020000000000000018
19.96,0.0
20.0,-0.0020000000000000018
20.04,-0.0020000000000000018
20.080000000000002,-0.0020000000000000018
20.12,-0.0020000000000000018
20.16,0.0
20.2,0.0
20.240000000000002,-0.005999999999999998
20.28,-0.005999999999999998
20.32,-0.0020000000000000018
20.36,0.0020000000000000018
20.400000000000002,-0.003999999999999997
20.44,-0.0020000000000000018
20.48,0.0040000000000000036
20.52,0.0
20.56,-0.0020000000000000018
20.6,0.0020000000000000018
20.64,0.0020000000000000018
20.68,0.0020000000000000018
20.72,0.0020000000000000018
20.76,0.006000000000000005
20.8,0.0020000000000000018
20.84,-0.0020000000000000018
20.88,0.0020000000000000018
20.92,-0.0020000000000000018
20.96,-0.005999999999999998
21.0,-0.0020000000000000018
21.04,0.0020000000000000018
21.080000000000002,-0.0020000000000000018
21.12,-0.003999999999999997
21.16,0.0020000000000000018
21.2,0.0040000000000000036
21.240000000000002,-0.0020000000000000018
21.28,-0.0020000000000000018
21.32,0.0
21.36,0.0
21.400000000000002,0.0
21.44,0.0020000000000000018
21.48,-0.003999999999999997
21.52,-0.005999999999999998
21.56,-0.0020000000000000018
21.6,-0.003999999999999997
21.64,-0.008
21.68,-0.005999999999999998
21.72,-0.0020000000000000018
21.76,-0.003999999999999997
21.8,-0.003999999999999997
21.84,-0.0020000000000000018
21.88,0.0020000000000000018
21.92,-0.0020000000000000018
21.96,0.0020000000000000018
22.0,0.0020000000000000018
22.04,0.0020000000000000018
22.080000000000002,0.0040000000000000036
22.12,0.006000000000000005
22.16,0.0020000000000000018
22.2,-0.0020000000000000018
22.240000000000002,0.0020000000000000018
22.28,0.0020000000000000018
22.32,-0.003999999999999997
22.36,-0.0020000000000000018
22.400000000000002,0.0040000000000000036
22.44,0.0020000000000000018
22.48,-0.0020000000000000018
22.52,-0.0020000000000000018
22.56,0.0020000000000000018
22.6,0.0
22.64,0.0020000000000000018
22.68,0.0020000000000000018
22.72,-0.0020000000000000018
22.76,0.0020000000000000018
22.8,0.006000000000000005
22.84,0.0
22.88,-0.0020000000000000018
22.92,0.0
22.96,-0.0020000000000000018
23.0,-0.005999999999999998
23.04,-0.005999999999999998
23.080000000000002,0.0020000000000000018
23.12,-0.0020000000000000018
23.16,-0.005999999999999998
23.2,-0.003999999999999997
23.240000000000002,-0.003999999999999997
23.28,-0.0020000000000000018
23.32,0.0020000000000000018
23.36,0.0020000000000000018
23.400000000000002,0.0020000000000000018
23.44,0.0020000000000000018
23.48,0.006000000000000005
23.52,-0.0020000000000000018
23.56,-0.005999999999999998
23.6,0.0
23.64,0.0020000000000000018
23.68,-0.0020000000000000018
23.72,-0.0020000000000000018
23.76,0.0020000000000000018
23.8,-0.0020000000000000018
23.84,0.0
23.88,-0.0020000000000000018
23.92,-0.003999999999999997
23.96,-0.0020000000000000018
24.0,0.0040000000000000036
24.04,0.0040000000000000036
24.080000000000002,0.0
24.12,0.0040000000000000036
24.16,0.006000000000000005
24.2,0.0020000000000000018
24.240000000000002,-0.003999999999999997
24.28,0.0020000000000000018
24.32,0.0040000000000000036
24.36,-0.0020000000000000018
24.400000000000002,-0.003999999999999997
24.44,-0.0020000000000000018
24.48,-0.003999999999999997
24.52,-0.005999999999999998
24.560000000000002,-0.0020000000000000018
24.6,-0.003999999999999997
24.64,-0.003999999999999997
24.68,0.0020000000000000018
24.72,0.006000000000000005
24.76,-0.0020000000000000018
24.8,-0.0020000000000000018
24.84,0.0020000000000000018
24.88,0.0020000000000000018
24.92,-0.0020000000000000018
24.96,-0.0020000000000000018
25.0,0.0020000000000000018
25.04,0.0020000000000000018
25.080000000000002,-0.0020000000000000018
25.12,-0.0020000000000000018
25.16,-0.003999999999999997
25.2,-0.005999999999999998
25.240000000000002,-0.0020000000000000018
25.28,-0.0020000000000000018
25.32,-0.003999999999999997
25.36,0.0020000000000000018
25.400000000000002,0.0040000000000000036
25.44,-0.0020000000000000018
25.48,-0.0020000000000000018
25.52,0.0040000000000000036
25.560000000000002,0.0040000000000000036
25.6,0.0
25.64,-0.0020000000000000018
25.68,0.0020000000000000018
25.72,0.0020000000000000018
25.76,-0.0020000000000000018
25.8,-0.003999999999999997
25.84,-0.003999999999999997
25.88,-0.003999999999999997
25.92,-0.0020000000000000018
25.96,-0.0020000000000000018
26.0,-0.003999999999999997
26.04,-0.003999999999999997
26.080000000000002,0.0040000000000000036
26.12,0.0020000000000000018
26.16,-0.003999999999999997
26.2,-0.0020000000000000018
26.240000000000002,0.0020000000000000018
26.28,0.0020000000000000018
26.32,0.0020000000000000018
26.36,0.0020000000000000018
26.400000000000002,0.0020000000000000018
26.44,-0.0020000000000000018
26.48,-0.0020000000000000018
26.52,0.0
26.560000000000002,-0.003999999999999997
26.6,-0.003999999999999997
26.64,0.0
26.68,-0.0020000000000000018
26.72,-0.0020000000000000018
26.76,0.006000000000000005
26.8,0.0040000000000000036
26.84,-0.0020000000000000018
26.88,0.0
26.92,0.006000000000000005
26.96,0.006000000000000005
27.0,0.0020000000000000018
27.04,0.0020000000000000018
27.080000000000002,0.0020000000000000018
27.12,-0.003999999999999997
27.16,-0.003999999999999997
27.2,-0.003999999999999997
27.240000000000002,-0.005999999999999998
27.28,-0.003999999999999997
27.32,0.0
27.36,-0.0020000000000000018
27.400000000000002,-0.005999999999999998
27.44,-0.003999999999999997
27.48,-0.0020000000000000018
27.52,-0.003999999999999997
27.560000000000002,-0.003999999999999997
27.6,0.0020000000000000018
27.64,0.0020000000000000018
27.68,0.0020000000000000018
27.72,0.0020000000000000018
27.76,0.0020000000000000018
27.8,-0.003999999999999997
27.84,-0.003999999999999997
27.88,-0.003999999999999997
27.92,-0.003999999999999997
27.96,-0.0020000000000000018
28.0,0.0040000000000000036
28.04,0.0
28.080000000000002,-0.005999999999999998
28.12,-0.0020000000000000018
28.16,0.0040000000000000036
28.2,0.0020000000000000018
28.240000000000002,0.0020000000000000018
28.28,0.006000000000000005
28.32,0.0040000000000000036
28.36,0.0020000000000000018
28.400000000000002,0.0040000000000000036
28.44,0.0020000000000000018
28.48,-0.003999999999999997
28.52,-0.0020000000000000018
28.560000000000002,0.0020000000000000018
28.6,-0.0020000000000000018
28.64,-0.0020000000000000018
28.68,0.0
28.72,-0.0020000000000000018
28.76,-0.005999999999999998
28.8,-0.005999999999999998
28.84,-0.0020000000000000018
28.88,-0.003999999999999997
28.92,-0.0020000000000000018
28.96,0.0040000000000000036
29.0,0.0020000000000000018
29.04,0.0020000000000000018
29.080000000000002,0.0020000000000000018
29.12,-0.003999999999999997
29.16,-0.003999999999999997
29.2,-0.0020000000000000018
29.240000000000002,0.0020000000000000018
29.28,-0.003999999999999997
29.32,-0.008
29.36,-0.003999999999999997
29.400000000000002,-0.0020000000000000018
29.44,-0.003999999999999997
29.48,-0.003999999999999997
29.52,0.0
29.560000000000002,0.0020000000000000018
29.6,0.0020000000000000018
29.64,0.0040000000000000036
29.68,0.0020000000000000018
29.72,-0.0020000000000000018
29.76,0.0020000000000000018
29.8,0.0020000000000000018
29.84,-0.0020000000000000018
29.88,0.0020000000000000018
29.92,0.0040000000000000036
29.96,0.0020000000000000018
30.0,-0.003999999999999997
30.04,-0.003999999999999997
30.080000000000002,-0.0020000000000000018
30.12,-0.003999999999999997
30.16,-0.005999999999999998
30.2,-0.0020000000000000018
30.240000000000002,-0.0020000000000000018
30.28,0.0020000000000000018
30.32,0.0020000000000000018
30.36,0.0
30.400000000000002,-0.0020000000000000018
30.44,0.0040000000000000036
30.48,0.0020000000000000018
30.52,-0.0020000000000000018
30.560000000000002,-0.0020000000000000018
30.6,0.0
30.64,0.0
30.68,-0.003999999999999997
30.72,-0.003999999999999997
30.76,-0.003999999999999997
30.8,-0.003999999999999997
30.84,-0.003999999999999997
30.88,-0.0020000000000000018
30.92,0.0020000000000000018
30.96,0.0
31.0,0.0020000000000000018
31.04,0.0
31.080000000000002,-0.0020000000000000018
31.12,0.0
31.16,0.006000000000000005
31.2,0.0020000000000000018
31.240000000000002,0.0020000000000000018
31.28,0.0020000000000000018
31.32,0.0020000000000000018
31.36,-0.003999999999999997
31.400000000000002,-0.005999999999999998
31.44,-0.003999999999999997
31.48,-0.003999999999999997
31.52,-0.003999999999999997
31.560000000000002,-0.0020000000000000018
31.6,-0.0020000000000000018
31.64,-0.0020000000000000018
31.68,0.0020000000000000018
31.720000000000002,0.0020000000000000018
31.76,-0.0020000000000000018
31.8,-0.003999999999999997
31.84,0.0040000000000000036
31.88,0.0040000000000000036
31.92,0.0
31.96,0.0
32.0,0.0020000000000000018
32.04,-0.003999999999999997
32.08,-0.005999999999999998
32.12,-0.0020000000000000018
32.160000000000004,0.0
32.2,-0.0020000000000000018
32.24,-0.0020000000000000018
32.28,0.0020000000000000018
32.32,-0.003999999999999997
32.36,-0.0020000000000000018
32.4,0.0020000000000000018
32.44,0.0
32.480000000000004,0.0
32.52,0.006000000000000005
32.56,0.008
32.6,0.0020000000000000018
32.64,0.0020000000000000018
32.68,0.0020000000000000018
32.72,-0.003999999999999997
32.76,-0.005999999999999998
32.8,-0.0020000000000000018
32.84,-0.003999999999999997
32.88,-0.0020000000000000018
32.92,0.0
32.96,-0.0020000000000000018
33.0,-0.008
33.04,-0.005999999999999998
33.08,0.0020000000000000018
33.12,0.0
33.160000000000004,-0.0020000000000000018
33.2,0.0020000000000000018
33.24,0.0040000000000000036
33.28,-0.0020000000000000018
33.32,-0.0020000000000000018
33.36,0.0020000000000000018
33.4,-0.0020000000000000018
33.44,-0.003999999999999997
33.480000000000004,0.0
33.52,-0.0020000000000000018
33.56,-0.003999999999999997
33.6,-0.0020000000000000018
33.64,-0.003999999999999997
33.68,-0.005999999999999998
33.72,-0.003999999999999997
33.76,0.0040000000000000036
33.8,0.0040000000000000036
33.84,0.0020000000000000018
33.88,0.006000000000000005
33.92,0.006000000000000005
33.96,0.0020000000000000018
34.0,0.0
34.04,0.0
34.08,-0.0020000000000000018
34.12,0.0020000000000000018
34.160000000000004,0.0040000000000000036
34.2,-0.0020000000000000018
34.24,-0.003999999999999997
34.28,-0.0020000000000000018
34.32,-0.0020000000000000018
34.36,-0.003999999999999997
34.4,-0.0020000000000000018
34.44,0.0020000000000000018
34.480000000000004,0.0
34.52,-0.0020000000000000018
34.56,0.0020000000000000018
34.6,0.0020000000000000018
34.64,-0.0020000000000000018
34.68,-0.0020000000000000018
34.72,0.0020000000000000018
34.76,-0.0020000000000000018
34.800000000000004,0.0
34.84,0.0020000000000000018
34.88,-0.0020000000000000018
34.92,-0.005999999999999998
34.96,-0.005999999999999998
35.0,-0.003999999999999997
35.04,-0.003999999999999997
35.08,-0.003999999999999997
35.12,0.0020000000000000018
35.160000000000004,0.0020000000000000018
35.2,0.0020000000000000018
35.24,0.0020000000000000018
35.28,0.0
35.32,0.0
35.36,0.0020000000000000018
35.4,0.0020000000000000018
35.44,-0.0020000000000000018
35.480000000000004,-0.0020000000000000018
35.52,0.0020000000000000018
35.56,0.0020000000000000018
35.6,-0.0020000000000000018
35.64,-0.0020000000000000018
35.68,-0.0020000000000000018
35.72,-0.003999999999999997
35.76,-0.003999999999999997
35.800000000000004,-0.0020000000000000018
35.84,0.0020000000000000018
35.88,0.0020000000000000018
35.92,-0.0020000000000000018
35.96,-0.0020000000000000018
36.0,0.0020000000000000018
36.04,0.0020000000000000018
36.08,0.0040000000000000036
36.12,0.0020000000000000018
36.160000000000004,0.0
36.2,0.0
36.24,0.0020000000000000018
36.28,-0.003999999999999997
36.32,-0.005999999999999998
36.36,-0.003999999999999997
36.4,-0.0020000000000000018
36.44,-0.0020000000000000018
36.480000000000004,-0.0020000000000000018
36.52,0.0
36.56,0.0020000000000000018
36.6,-0.0020000000000000018
36.64,0.0
36.68,-0.0020000000000000018
36.72,-0.0020000000000000018
36.76,0.0020000000000000018
36.800000000000004,0.006000000000000005
36.84,0.0
36.88,0.0
36.92,0.0
36.96,-0.0020000000000000018
37.0,-0.005999999999999998
37.04,-0.0020000000000000018
37.08,0.0020000000000000018
37.12,-0.003999999999999997
37.160000000000004,-0.003999999999999997
37.2,0.0
37.24,-0.0020000000000000018
37.28,-0.003999999999999997
37.32,0.0
37.36,0.0020000000000000018
37.4,0.0
37.44,0.0040000000000000036
37.480000000000004,0.006000000000000005
37.52,-0.0020000000000000018
37.56,-0.003999999999999997
37.6,0.0
37.64,-0.0020000000000000018
37.68,-0.005999999999999998
37.72,-0.0020000000000000018
37.76,0.0020000000000000018
37.800000000000004,-0.0020000000000000018
37.84,-0.0020000000000000018
37.88,0.0
37.92,-0.0020000000000000018
37.96,-0.0020000000000000018
38.0,0.0020000000000000018
38.04,0.0040000000000000036
38.08,0.0020000000000000018
38.12,0.0020000000000000018
38.160000000000004,0.006000000000000005
38.2,0.0020000000000000018
38.24,-0.003999999999999997
38.28,0.0020000000000000018
38.32,0.0020000000000000018
38.36,-0.0020000000000000018
38.4,-0.0020000000000000018
38.44,-0.0020000000000000018
38.480000000000004,-0.003999999999999997
38.52,-0.0020000000000000018
38.56,0.0
38.6,-0.003999999999999997
38.64,-0.005999999999999998
38.68,0.0
38.72,0.006000000000000005
38.76,0.0
38.800000000000004,0.0020000000000000018
38.84,0.0040000000000000036
38.88,-0.003999999999999997
38.92,-0.003999999999999997
38.96,-0.0020000000000000018
39.0,-0.0020000000000000018
39.04,-0.0020000000000000018
39.08,-0.0020000000000000018
39.12,-0.0020000000000000018
39.160000000000004,-0.003999999999999997
39.2,-0.003999999999999997
39.24,-0.0020000000000000018
39.28,-0.0020000000000000018
39.32,-0.003999999999999997
39.36,0.0020000000000000018
39.4,0.0040000000000000036
39.44,0.0
39.480000000000004,0.0020000000000000018
39.52,0.006000000000000005
39.56,0.0040000000000000036
39.6,-0.0020000000000000018
39.64,0.0020000000000000018
39.68,0.0020000000000000018
39.72,0.0
39.76,0.0020000000000000018
39.800000000000004,-0.0020000000000000018
39.84,-0.003999999999999997
39.88,-0.003999999999999997
39.92,-0.0020000000000000018
39.96,-0.0020000000000000018
40.0,-0.0020000000000000018
40.04,0.0020000000000000018
40.08,0.006000000000000005
40.12,0.0020000000000000018
40.160000000000004,-0.0020000000000000018
40.2,0.0
40.24,-0.0020000000000000018
40.28,-0.0020000000000000018
40.32,0.0
40.36,0.0
40.4,-0.0020000000000000018
40.44,-0.0020000000000000018
40.480000000000004,-0.0020000000000000018
40.52,-0.003999999999999997
40.56,-0.005999999999999998
40.6,-0.003999999999999997
40.64,-0.003999999999999997
40.68,-0.003999999999999997
40.72,0.0
40.76,0.0020000000000000018
40.800000000000004,0.0020000000000000018
40.84,-0.0020000000000000018
40.88,0.0020000000000000018
40.92,0.0020000000000000018
40.96,0.0020000000000000018
41.0,0.0040000000000000036
41.04,0.0020000000000000018
41.08,0.0020000000000000018
41.12,-0.0020000000000000018
41.160000000000004,-0.0020000000000000018
41.2,-0.003999999999999997
41.24,-0.005999999999999998
41.28,-0.0020000000000000018
41.32,0.0020000000000000018
41.36,0.0
41.4,-0.0020000000000000018
41.44,0.0020000000000000018
41.480000000000004,0.0
41.52,-0.0020000000000000018
41.56,0.0
41.6,0.0020000000000000018
41.64,0.0020000000000000018
41.68,0.0020000000000000018
41.72,0.0040000000000000036
41.76,0.0
41.800000000000004,-0.003999999999999997
41.84,-0.003999999999999997
41.88,-0.003999999999999997
41.92,-0.005999999999999998
41.96,-0.0020000000000000018
42.0,0.0020000000000000018
42.04,-0.0020000000000000018
42.08,-0.003999999999999997
42.12,-0.0020000000000000018
42.160000000000004,0.0
42.2,0.0
42.24,0.0020000000000000018
42.28,0.0040000000000000036
42.32,0.0020000000000000018
42.36,0.0020000000000000018
42.4,0.0020000000000000018
42.44,0.0
42.480000000000004,-0.005999999999999998
42.52,-0.003999999999999997
42.56,0.0020000000000000018
42.6,-0.0020000000000000018
42.64,-0.003999999999999997
42.68,0.0020000000000000018
42.72,-0.0020000000000000018
42.76,-0.003999999999999997
42.800000000000004,-0.0020000000000000018
42.84,-0.0020000000000000018
42.88,-0.0020000000000000018
42.92,0.0020000000000000018
42.96,0.0040000000000000036
43.0,0.0020000000000000018
43.04,0.0020000000000000018
43.08,0.0020000000000000018
43.12,-0.0020000000000000018
43.160000000000004,-0.005999999999999998
43.2,-0.0020000000000000018
43.24,0.0020000000000000018
43.28,-0.003999999999999997
43.32,-0.005999999999999998
43.36,-0.0020000000000000018
43.4,-0.0020000000000000018
43.44,-0.003999999999999997
43.480000000000004,-0.0020000000000000018
43.52,0.0020000000000000018
43.56,0.0
43.6,0.0040000000000000036
43.64,0.0040000000000000036
43.68,0.0020000000000000018
43.72,0.0
43.76,0.0020000000000000018
43.800000000000004,0.0020000000000000018
43.84,-0.0020000000000000018
43.88,-0.0020000000000000018
43.92,0.0020000000000000018
43.96,0.0
44.0,-0.0020000000000000018
44.04,-0.0020000000000000018
44.08,-0.003999999999999997
44.12,-0.003999999999999997
44.160000000000004,-0.0020000000000000018
44.2,-0.0020000000000000018
44.24,-0.0020000000000000018
44.28,0.0020000000000000018
44.32,0.0020000000000000018
44.36,0.0
44.4,-0.0020000000000000018
44.44,0.0020000000000000018
44.480000000000004,0.0
44.52,-0.003999999999999997
44.56,-0.0020000000000000018
44.6,-0.0020000000000000018
44.64,-0.0020000000000000018
44.68,-0.003999999999999997
44.72,-0.003999999999999997
44.76,-0.005999999999999998
44.800000000000004,-0.005999999999999998
44.84,-0.0020000000000000018
44.88,-0.0020000000000000018
44.92,-0.0020000000000000018
44.96,0.0020000000000000018
45.0,0.006000000000000005
45.04,0.0020000000000000018
45.08,0.0
45.12,0.0020000000000000018
45.160000000000004,0.0020000000000000018
45.2,0.0020000000000000018
45.24,0.0020000000000000018
45.28,0.0020000000000000018
45.32,0.0
45.36,-0.0020000000000000018
45.4,-0.0020000000000000018
45.44,-0.003999999999999997
45.480000000000004,-0.003999999999999997
45.52,0.0
45.56,0.0020000000000000018
45.6,-0.0020000000000000018
45.64,0.0020000000000000018
45.68,0.006000000000000005
45.72,0.0020000000000000018
45.76,-0.0020000000000000018
45.800000000000004,-0.0020000000000000018
45.84,0.0020000000000000018
45.88,0.0020000000000000018
45.92,0.0020000000000000018
45.96,-0.0020000000000000018
46.0,-0.003999999999999997
46.04,-0.005999999999999998
46.08,-0.003999999999999997
46.12,-0.003999999999999997
46.160000000000004,-0.005999999999999998
46.2,-0.0020000000000000018
46.24,0.0020000000000000018
46.28,-0.0020000000000000018
46.32,-0.003999999999999997
46.36,-0.0020000000000000018
46.4,-0.0020000000000000018
46.44,-0.0020000000000000018
46.480000000000004,0.0
46.52,0.006000000000000005
46.56,0.0020000000000000018
46.6,0.0020000000000000018
46.64,0.0020000000000000018
46.68,-0.0020000000000000018
46.72,-0.003999999999999997
46.76,-0.0020000000000000018
46.800000000000004,-0.0020000000000000018
46.84,-0.003999999999999997
46.88,0.0
46.92,0.006000000000000005
46.96,0.0020000000000000018
47.0,-0.003999999999999997
47.04,0.0020000000000000018
47.08,0.006000000000000005
47.12,0.0020000000000000018
47.160000000000004,0.0020000000000000018
47.2,0.0040000000000000036
47.24,0.0020000000000000018
47.28,-0.0020000000000000018
47.32,-0.0020000000000000018
47.36,-0.003999999999999997
47.4,-0.005999999999999998
47.44,-0.0020000000000000018
47.480000000000004,0.0020000000000000018
47.52,-0.003999999999999997
47.56,-0.005999999999999998
47.6,-0.0020000000000000018
47.64,-0.0020000000000000018
47.68,-0.003999999999999997
47.72,-0.0020000000000000018
47.76,0.0020000000000000018
47.800000000000004,0.0
47.84,0.0020000000000000018
47.88,0.006000000000000005
47.92,0.0020000000000000018
47.96,-0.0020000000000000018
48.0,0.0
48.04,-0.0020000000000000018
48.08,-0.003999999999999997
48.120000000000005,-0.0020000000000000018
48.160000000000004,0.0040000000000000036
48.2,-0.003999999999999997
48.24,-0.005999999999999998
48.28,-0.0020000000000000018
48.32,0.0020000000000000018
48.36,-0.0020000000000000018
48.4,0.0
48.44,0.0020000000000000018
48.480000000000004,0.0020000000000000018
48.52,0.0020000000000000018
48.56,0.0020000000000000018
48.6,0.0
48.64,-0.003999999999999997
48.68,0.0020000000000000018
48.72,0.0020000000000000018
48.76,-0.0020000000000000018
48.800000000000004,-0.0020000000000000018
48.84,-0.0020000000000000018
48.88,-0.0020000000000000018
48.92,-0.005999999999999998
48.96,-0.003999999999999997
49.0,-0.0020000000000000018
49.04,-0.003999999999999997
49.08,-0.0020000000000000018
49.120000000000005,0.0040000000000000036
49.160000000000004,0.0020000000000000018
49.2,0.0020000000000000018
49.24,0.0020000000000000018
49.28,0.0020000000000000018
49.32,0.0
49.36,0.0020000000000000018
49.4,0.0020000000000000018
49.44,-0.0020000000000000018
49.480000000000004,-0.003999999999999997
49.52,-0.0020000000000000018
49.56,0.0020000000000000018
49.6,-0.003999999999999997
49.64,-0.003999999999999997
49.68,-0.0020000000000000018
49.72,-0.0020000000000000018
49.76,0.0020000000000000018
49.800000000000004,0.0020000000000000018
49.84,0.0020000000000000018
49.88,0.0
49.92,0.0020000000000000018
49.96,0.0
50.0,-0.0020000000000000018
50.04,0.0
50.08,0.0
50.120000000000005,0.0
50.160000000000004,-0.0020000000000000018
50.2,-0.003999999999999997
50.24,-0.003999999999999997
50.28,-0.005999999999999998
50.32,-0.005999999999999998
50.36,-0.003999999999999997
50.4,-0.0020000000000000018
50.44,0.0
50.480000000000004,0.0020000000000000018
50.52,0.0
50.56,0.0020000000000000018
50.6,0.0020000000000000018
50.64,0.0020000000000000018
50.68,-0.0020000000000000018
50.72,0.0
50.76,0.0040000000000000036
50.800000000000004,0.0040000000000000036
50.84,-0.0020000000000000018
50.88,-0.0020000000000000018
50.92,-0.0020000000000000018
50.96,-0.003999999999999997
51.0,-0.0020000000000000018
51.04,0.0
51.08,0.0020000000000000018
51.120000000000005,0.0020000000000000018
51.160000000000004,0.0020000000000000018
51.2,0.0
51.24,0.0
51.28,0.0020000000000000018
51.32,0.006000000000000005
51.36,0.0020000000000000018
51.4,0.0020000000000000018
51.44,0.0040000000000000036
51.480000000000004,0.0020000000000000018
51.52,-0.003999999999999997
51.56,-0.003999999999999997
51.6,-0.003999999999999997
51.64,-0.003999999999999997
51.68,-0.003999999999999997
51.72,-0.0020000000000000018
51.76,-0.003999999999999997
51.800000000000004,-0.0020000000000000018
51.84,0.0020000000000000018
51.88,-0.0020000000000000018
51.92,-0.005999999999999998
51.96,0.0
52.0,0.006000000000000005
52.04,0.0020000000000000018
52.08,0.0
52.120000000000005,0.0020000000000000018
52.160000000000004,-0.0020000000000000018
52.2,-0.003999999999999997
52.24,-0.0020000000000000018
52.28,-0.0020000000000000018
52.32,-0.003999999999999997
52.36,0.0
52.4,0.0020000000000000018
52.44,-0.003999999999999997
52.480000000000004,-0.003999999999999997
52.52,0.0020000000000000018
52.56,0.0020000000000000018
52.6,-0.003999999999999997
52.64,0.0040000000000000036
52.68,0.010000000000000002
52.72,0.0020000000000000018
52.76,-0.0020000000000000018
52.800000000000004,0.0040000000000000036
52.84,0.0
52.88,-0.003999999999999997
52.92,-0.0020000000000000018
52.96,-0.0020000000000000018
53.0,-0.005999999999999998
53.04,0.0
53.08,0.0020000000000000018
53.120000000000005,-0.005999999999999998
53.160000000000004,-0.008
53.2,0.0
53.24,0.0020000000000000018
53.28,-0.003999999999999997
53.32,0.0
53.36,0.0040000000000000036
53.4,0.0
53.44,0.0
53.480000000000004,0.0020000000000000018
53.52,0.0
53.56,-0.0020000000000000018
53.6,-0.0020000000000000018
53.64,0.0
53.68,-0.003999999999999997
53.72,-0.0020000000000000018
53.76,0.0
53.800000000000004,-0.003999999999999997
53.84,-0.005999999999999998
53.88,-0.0020000000000000018
53.92,0.0020000000000000018
53.96,0.0
54.0,0.0020000000000000018
54.04,0.0040000000000000036
54.08,0.0020000000000000018
54.120000000000005,0.0
54.160000000000004,0.0020000000000000018
54.2,0.0
54.24,-0.003999999999999997
54.28,0.0020000000000000018
54.32,0.0
54.36,-0.003999999999999997
54.4,-0.003999999999999997
54.44,0.0
54.480000000000004,-0.0020000000000000018
54.52,-0.003999999999999997
54.56,-0.003999999999999997
54.6,0.0
54.64,0.0020000000000000018
54.68,0.0020000000000000018
54.72,0.0020000000000000018
54.76,0.0020000000000000018
54.800000000000004,0.0
54.84,-0.0020000000000000018
54.88,-0.0020000000000000018
54.92,0.0020000000000000018
54.96,0.0020000000000000018
55.0,0.0020000000000000018
55.04,-0.0020000000000000018
55.08,-0.003999999999999997
55.120000000000005,-0.0020000000000000018
55.160000000000004,-0.0020000000000000018
55.2,-0.003999999999999997
55.24,-0.003999999999999997
55.28,0.0020000000000000018
55.32,0.0040000000000000036
55.36,0.0020000000000000018
55.4,0.0020000000000000018
55.44,0.0020000000000000018
55.480000000000004,0.0
55.52,-0.0020000000000000018
55.56,0.0020000000000000018
55.6,-0.0020000000000000018
55.64,-0.0020000000000000018
55.68,0.0020000000000000018
55.72,-0.0020000000000000018
55.76,-0.005999999999999998
55.800000000000004,-0.005999999999999998
55.84,-0.003999999999999997
55.88,-0.003999999999999997
55.92,-0.003999999999999997
55.96,0.0020000000000000018
56.0,0.0020000000000000018
56.04,-0.0020000000000000018
56.08,-0.0020000000000000018
56.120000000000005,0.0
56.160000000000004,0.0
56.2,0.0020000000000000018
56.24,0.0020000000000000018
56.28,0.0020000000000000018
56.32,-0.0020000000000000018
56.36,0.0020000000000000018
56.4,-0.0020000000000000018
56.44,-0.005999999999999998
56.480000000000004,-0.003999999999999997
56.52,0.0
56.56,-0.0020000000000000018
56.6,0.0
56.64,0.0020000000000000018
56.68,0.0020000000000000018
56.72,0.0020000000000000018
56.76,0.0020000000000000018
56.800000000000004,0.0020000000000000018
56.84,-0.0020000000000000018
56.88,0.0020000000000000018
56.92,0.008
56.96,0.0020000000000000018
57.0,-0.003999999999999997
57.04,-0.0020000000000000018
57.08,-0.0020000000000000018
57.120000000000005,-0.005999999999999998
57.160000000000004,-0.003999999999999997
57.2,0.0
57.24,-0.0020000000000000018
57.28,-0.003999999999999997
57.32,-0.0020000000000000018
57.36,-0.0020000000000000018
57.4,-0.003999999999999997
57.44,0.0020000000000000018
57.480000000000004,0.0
57.52,-0.0020000000000000018
57.56,0.0020000000000000018
57.6,0.006000000000000005
57.64,-0.0020000000000000018
57.68,-0.005999999999999998
57.72,-0.0020000000000000018
57.76,-0.0020000000000000018
57.800000000000004,-0.005999999999999998
57.84,-0.003999999999999997
57.88,0.0
57.92,-0.0020000000000000018
57.96,0.0020000000000000018
58.0,0.0020000000000000018
58.04,-0.003999999999999997
58.08,-0.003999999999999997
58.120000000000005,0.0040000000000000036
58.160000000000004,0.006000000000000005
58.2,0.0
58.24,0.0020000000000000018
58.28,0.006000000000000005
58.32,0.0
58.36,-0.0020000000000000018
58.4,0.0020000000000000018
58.44,-0.0020000000000000018
58.480000000000004,-0.003999999999999997
58.52,-0.003999999999999997
58.56,-0.0020000000000000018
58.6,-0.0020000000000000018
58.64,-0.0020000000000000018
58.68,-0.0020000000000000018
58.72,-0.003999999999999997
58.76,-0.0020000000000000018
58.800000000000004,0.0040000000000000036
58.84,0.0040000000000000036
58.88,0.0020000000000000018
58.92,0.0
58.96,0.0040000000000000036
59.0,0.0
59.04,-0.003999999999999997
59.08,-0.003999999999999997
59.120000000000005,-0.0020000000000000018
59.160000000000004,-0.0020000000000000018
59.2,0.0
59.24,-0.0020000000000000018
59.28,-0.003999999999999997
59.32,-0.0020000000000000018
59.36,0.0
59.4,0.0020000000000000018
59.44,-0.0020000000000000018
59.480000000000004,-0.0020000000000000018
59.52,0.0040000000000000036
59.56,0.0020000000000000018
59.6,0.0020000000000000018
59.64,0.0020000000000000018
59.68,0.0
59.72,-0.003999999999999997
59.76,-0.003999999999999997
59.800000000000004,0.0
59.84,0.0
59.88,-0.0020000000000000018
59.92,-0.003999999999999997
59.96,-0.005999999999999998
60.0,-0.005999999999999998
60.04,-0.0020000000000000018
60.08,0.0
60.120000000000005,-0.0020000000000000018
60.160000000000004,0.0
60.2,0.006000000000000005
60.24,0.0040000000000000036
60.28,-0.0020000000000000018
60.32,-0.0020000000000000018
60.36,0.0
60.4,-0.0020000000000000018
60.44,-0.0020000000000000018
60.480000000000004,-0.0020000000000000018
60.52,-0.0020000000000000018
60.56,-0.0020000000000000018
60.6,0.0
60.64,-0.0020000000000000018
60.68,-0.005999999999999998
60.72,-0.0020000000000000018
60.76,0.0020000000000000018
60.800000000000004,0.0020000000000000018
60.84,0.0020000000000000018
60.88,0.006000000000000005
60.92,0.0020000000000000018
60.96,-0.0020000000000000018
61.0,-0.0020000000000000018
61.04,0.0020000000000000018
61.08,0.0
61.120000000000005,0.0
61.160000000000004,-0.0020000000000000018
61.2,-0.003999999999999997
61.24,-0.003999999999999997
61.28,-0.0020000000000000018
61.32,-0.003999999999999997
61.36,-0.008
61.4,-0.0020000000000000018
61.44,0.006000000000000005
61.480000000000004,0.0
61.52,-0.0020000000000000018
61.56,0.006000000000000005
61.6,0.0
61.64,-0.0020000000000000018
61.68,-0.0020000000000000018
61.72,0.0
61.76,-0.0020000000000000018
61.800000000000004,0.0020000000000000018
61.84,0.0020000000000000018
61.88,-0.003999999999999997
61.92,-0.003999999999999997
61.96,-0.0020000000000000018
62.0,-0.0020000000000000018
62.04,-0.003999999999999997
62.08,0.0020000000000000018
62.120000000000005,0.006000000000000005
62.160000000000004,0.0020000000000000018
62.2,-0.0020000000000000018
62.24,0.0020000000000000018
62.28,0.0040000000000000036
62.32,0.0020000000000000018
62.36,0.0020000000000000018
62.4,0.0020000000000000018
62.440000000000005,0.0
62.480000000000004,0.0020000000000000018
62.52,0.0020000000000000018
62.56,-0.005999999999999998
62.6,-0.005999999999999998
62.64,-0.003999999999999997
62.68,-0.0020000000000000018
62.72,-0.003999999999999997
62.76,-0.0020000000000000018
62.800000000000004,0.0040000000000000036
62.84,0.0020000000000000018
62.88,-0.0020000000000000018
62.92,-0.0020000000000000018
62.96,0.0
63.0,-0.0020000000000000018
63.04,0.0
63.08,0.0
63.120000000000005,-0.0020000000000000018
63.160000000000004,-0.003999999999999997
63.2,-0.0020000000000000018
63.24,-0.003999999999999997
63.28,-0.005999999999999998
63.32,-0.003999999999999997
63.36,-0.0020000000000000018
63.4,-0.0020000000000000018
63.440000000000005,-0.003999999999999997
63.480000000000004,0.0020000000000000018
63.52,0.0020000000000000018
63.56,0.0020000000000000018
63.6,-0.0020000000000000018
63.64,0.0020000000000000018
63.68,0.0020000000000000018
63.72,0.0020000000000000018
63.76,0.0040000000000000036
63.800000000000004,-0.0020000000000000018
63.84,-0.0020000000000000018
63.88,-0.0020000000000000018
63.92,-0.003999999999999997
63.96,-0.005999999999999998
64.0,-0.003999999999999997
64.04,0.0020000000000000018
64.08,0.0020000000000000018
64.12,-0.003999999999999997
64.16,0.0
64.2,0.0020000000000000018
64.24,0.0
64.28,-0.0020000000000000018
64.32000000000001,0.0020000000000000018
64.36,0.0
64.4,0.0020000000000000018
64.44,0.006000000000000005
64.48,0.0020000000000000018
64.52,-0.003999999999999997
64.56,-0.003999999999999997
64.6,-0.0020000000000000018
64.64,-0.005999999999999998
64.68,-0.005999999999999998
64.72,0.0020000000000000018
64.76,0.0020000000000000018
64.8,-0.0020000000000000018
64.84,-0.0020000000000000018
64.88,0.0
64.92,0.0
64.96000000000001,0.0020000000000000018
65.0,0.0040000000000000036
65.04,0.0020000000000000018
65.08,0.0020000000000000018
65.12,0.0040000000000000036
65.16,-0.0020000000000000018
65.2,-0.005999999999999998
65.24,-0.003999999999999997
65.28,-0.0020000000000000018
65.32000000000001,-0.005999999999999998
65.36,-0.003999999999999997
65.4,0.0
65.44,0.0
65.48,-0.0020000000000000018
65.52,-0.0020000000000000018
65.56,0.0
65.6,-0.003999999999999997
65.64,0.0020000000000000018
65.68,0.0020000000000000018
65.72,0.0
65.76,-0.0020000000000000018
65.8,0.0020000000000000018
65.84,-0.0020000000000000018
65.88,-0.008
65.92,-0.003999999999999997
65.96000000000001,0.0020000000000000018
66.0,0.0
66.04,-0.0020000000000000018
66.08,-0.0020000000000000018
66.12,-0.003999999999999997
66.16,-0.0020000000000000018
66.2,0.0020000000000000018
66.24,0.0
66.28,0.0
66.32000000000001,0.0040000000000000036
66.36,0.006000000000000005
66.4,0.0020000000000000018
66.44,-0.0020000000000000018
66.48,0.0020000000000000018
66.52,-0.0020000000000000018
66.56,-0.005999999999999998
66.6,-0.0020000000000000018
66.64,-0.0020000000000000018
66.68,-0.0020000000000000018
66.72,-0.003999999999999997
66.76,-0.0020000000000000018
66.8,-0.003999999999999997
66.84,-0.003999999999999997
66.88,0.0
66.92,-0.0020000000000000018
66.96000000000001,-0.0020000000000000018
67.0,0.0020000000000000018
67.04,0.0040000000000000036
67.08,-0.0020000000000000018
67.12,-0.003999999999999997
67.16,-0.0020000000000000018
67.2,-0.0020000000000000018
67.24,-0.0020000000000000018
67.28,-0.003999999999999997
67.32000000000001,-0.0020000000000000018
67.36,-0.003999999999999997
67.4,-0.0020000000000000018
67.44,0.0
67.48,-0.003999999999999997
67.52,-0.0020000000000000018
67.56,0.0020000000000000018
67.6,0.0040000000000000036
67.64,0.0020000000000000018
67.68,0.0040000000000000036
67.72,0.006000000000000005
67.76,0.0020000000000000018
67.8,-0.0020000000000000018
67.84,0.0
67.88,0.0020000000000000018
67.92,-0.0020000000000000018
67.96000000000001,-0.0020000000000000018
68.0,-0.0020000000000000018
68.04,-0.0020000000000000018
68.08,-0.0020000000000000018
68.12,-0.0020000000000000018
68.16,-0.0020000000000000018
68.2,-0.0020000000000000018
68.24,0.0020000000000000018
68.28,0.0020000000000000018
68.32000000000001,0.0
68.36,-0.0020000000000000018
68.4,0.0020000000000000018
68.44,0.0020000000000000018
68.48,-0.003999999999999997
68.52,-0.003999999999999997
68.56,-0.0020000000000000018
68.60000000000001,0.0
68.64,-0.003999999999999997
68.68,-0.0020000000000000018
68.72,-0.0020000000000000018
68.76,-0.003999999999999997
68.8,-0.003999999999999997
68.84,-0.0020000000000000018
68.88,-0.0020000000000000018
68.92,0.0
68.96000000000001,0.006000000000000005
69.0,0.0020000000000000018
69.04,0.0
69.08,0.0020000000000000018
69.12,0.0040000000000000036
69.16,-0.003999999999999997
69.2,-0.003999999999999997
69.24,0.0
69.28,0.0020000000000000018
69.32000000000001,-0.003999999999999997
69.36,-0.0020000000000000018
69.4,-0.0020000000000000018
69.44,-0.005999999999999998
69.48,-0.0020000000000000018
69.52,0.0020000000000000018
69.56,-0.003999999999999997
69.60000000000001,-0.0020000000000000018
69.64,0.006000000000000005
69.68,0.0040000000000000036
69.72,-0.0020000000000000018
69.76,-0.0020000000000000018
69.8,0.0020000000000000018
69.84,-0.0020000000000000018
69.88,-0.0020000000000000018
69.92,0.0040000000000000036
69.96000000000001,0.0020000000000000018
70.0,-0.003999999999999997
70.04,-0.003999999999999997
70.08,-0.003999999999999997
70.12,-0.005999999999999998
70.16,-0.0020000000000000018
70.2,0.0020000000000000018
70.24,-0.0020000000000000018
70.28,-0.0020000000000000018
70.32000000000001,0.006000000000000005
70.36,0.006000000000000005
70.4,-0.003999999999999997
70.44,-0.0020000000000000018
70.48,0.0020000000000000018
70.52,0.0
70.56,-0.0020000000000000018
70.60000000000001,0.0020000000000000018
70.64,-0.0020000000000000018
70.68,-0.003999999999999997
70.72,-0.003999999999999997
70.76,-0.003999999999999997
70.8,-0.008
70.84,-0.0020000000000000018
70.88,0.0040000000000000036
70.92,0.0020000000000000018
70.96000000000001,-0.0020000000000000018
71.0,0.0
71.04,0.0020000000000000018
71.08,-0.0020000000000000018
71.12,0.0
71.16,0.0020000000000000018
71.2,0.0020000000000000018
71.24,0.0020000000000000018
71.28,0.0020000000000000018
71.32000000000001,-0.0020000000000000018
71.36,-0.003999999999999997
71.4,-0.0020000000000000018
71.44,-0.003999999999999997
71.48,-0.005999999999999998
71.52,-0.0020000000000000018
71.56,0.0040000000000000036
71.60000000000001,0.0020000000000000018
71.64,-0.0020000000000000018
71.68,0.0020000000000000018
71.72,0.0020000000000000018
71.76,0.0020000000000000018
71.8,0.0020000000000000018
71.84,0.0
71.88,0.0
71.92,0.0020000000000000018
71.96000000000001,0.0020000000000000018
72.0,-0.003999999999999997
72.04,-0.005999999999999998
72.08,-0.0020000000000000018
72.12,-0.0020000000000000018
72.16,-0.003999999999999997
72.2,-0.003999999999999997
72.24,-0.0020000000000000018
72.28,0.0
72.32000000000001,-0.0020000000000000018
72.36,0.0
72.4,-0.0020000000000000018
72.44,0.0
72.48,0.0
72.52,0.0020000000000000018
72.56,0.0020000000000000018
72.60000000000001,0.0020000000000000018
72.64,0.0
72.68,-0.003999999999999997
72.72,-0.005999999999999998
72.76,-0.003999999999999997
72.8,-0.0020000000000000018
72.84,-0.0020000000000000018
72.88,-0.003999999999999997
72.92,0.0
72.96000000000001,0.0020000000000000018
73.0,0.0
73.04,0.0
73.08,0.0020000000000000018
73.12,0.0020000000000000018
73.16,0.0020000000000000018
73.2,0.0040000000000000036
73.24,0.0020000000000000018
73.28,0.0
73.32000000000001,0.0
73.36,-0.0020000000000000018
73.4,-0.005999999999999998
73.44,-0.003999999999999997
73.48,-0.0020000000000000018
73.52,-0.0020000000000000018
73.56,-0.003999999999999997
73.60000000000001,0.0
73.64,0.0020000000000000018
73.68,-0.0020000000000000018
73.72,-0.003999999999999997
73.76,0.0
73.8,0.0020000000000000018
73.84,0.0020000000000000018
73.88,0.0040000000000000036
73.92,0.0
73.96000000000001,-0.003999999999999997
74.0,-0.0020000000000000018
74.04,0.0
74.08,-0.005999999999999998
74.12,-0.005999999999999998
74.16,0.0
74.2,0.0020000000000000018
74.24,-0.003999999999999997
74.28,-0.003999999999999997
74.32000000000001,0.0020000000000000018
74.36,-0.0020000000000000018
74.4,-0.0020000000000000018
74.44,0.0020000000000000018
74.48,0.0020000000000000018
74.52,0.0020000000000000018
74.56,0.006000000000000005
74.60000000000001,0.0020000000000000018
74.64,-0.003999999999999997
74.68,-0.003999999999999997
74.72,-0.0020000000000000018
74.76,-0.003999999999999997
74.8,-0.003999999999999997
74.84,0.0020000000000000018
74.88,0.0020000000000000018
74.92,-0.003999999999999997
74.96000000000001,-0.003999999999999997
75.0,-0.0020000000000000018
75.04,0.0
75.08,0.0020000000000000018
75.12,0.0020000000000000018
75.16,0.0020000000000000018
75.2,0.0020000000000000018
75.24,0.006000000000000005
75.28,0.0040000000000000036
75.32000000000001,-0.005999999999999998
75.36,-0.003999999999999997
75.4,0.0020000000000000018
75.44,-0.0020000000000000018
75.48,-0.005999999999999998
75.52,-0.0020000000000000018
75.56,0.0
75.60000000000001,-0.0020000000000000018
75.64,-0.003999999999999997
75.68,-0.0020000000000000018
75.72,0.0020000000000000018
75.76,0.0
75.8,0.0020000000000000018
75.84,0.0020000000000000018
75.88,0.0
75.92,0.0020000000000000018
75.96000000000001,0.0020000000000000018
76.0,-0.0020000000000000018
76.04,-0.003999999999999997
76.08,0.0020000000000000018
76.12,0.0
76.16,-0.005999999999999998
76.2,-0.003999999999999997
76.24,-0.0020000000000000018
76.28,-0.0020000000000000018
76.32000000000001,-0.003999999999999997
76.36,-0.003999999999999997
76.4,-0.0020000000000000018
76.44,0.0020000000000000018
76.48,0.006000000000000005
76.52,0.0040000000000000036
76.56,-0.0020000000000000018
76.60000000000001,-0.0020000000000000018
76.64,0.0040000000000000036
76.68,0.0
76.72,-0.003999999999999997
76.76,0.0
76.8,0.0020000000000000018
76.84,-0.003999999999999997
76.88,-0.003999999999999997
76.92,-0.0020000000000000018
76.96000000000001,0.0
77.0,-0.0020000000000000018
77.04,0.0020000000000000018
77.08,0.0
77.12,0.0
77.16,0.0040000000000000036
77.2,0.006000000000000005
77.24,0.0020000000000000018
77.28,0.0
77.32000000000001,0.0040000000000000036
77.36,0.0
77.4,-0.003999999999999997
77.44,-0.0020000000000000018
77.48,0.0020000000000000018
77.52,-0.0020000000000000018
77.56,-0.005999999999999998
77.60000000000001,-0.003999999999999997
77.64,-0.008
77.68,-0.003999999999999997
77.72,0.0020000000000000018
77.76,-0.0020000000000000018
77.8,-0.0020000000000000018
77.84,0.0020000000000000018
77.88,0.006000000000000005
77.92,-0.0020000000000000018
77.96000000000001,-0.003999999999999997
78.0,0.0020000000000000018
78.04,0.0020000000000000018
78.08,-0.0020000000000000018
78.12,0.0
78.16,0.0020000000000000018
78.2,-0.0020000000000000018
78.24,-0.0020000000000000018
78.28,-0.0020000000000000018
78.32000000000001,-0.003999999999999997
78.36,-0.003999999999999997
78.4,0.0040000000000000036
78.44,0.0020000000000000018
78.48,-0.0020000000000000018
78.52,0.0040000000000000036
78.56,0.006000000000000005
78.60000000000001,-0.0020000000000000018
78.64,-0.0020000000000000018
78.68,0.0040000000000000036
78.72,0.0040000000000000036
78.76,0.0020000000000000018
78.8,0.0
78.84,-0.0020000000000000018
78.88,-0.005999999999999998
78.92,-0.003999999999999997
78.96000000000001,-0.0020000000000000018
79.0,-0.005999999999999998
79.04,-0.003999999999999997
79.08,0.0020000000000000018
79.12,0.0020000000000000018
79.16,-0.0020000000000000018
79.2,0.0020000000000000018
79.24,0.0020000000000000018
79.28,-0.0020000000000000018
79.32000000000001,-0.003999999999999997
79.36,0.0020000000000000018
79.4,0.0020000000000000018
79.44,-0.0020000000000000018
79.48,-0.0020000000000000018
79.52,-0.003999999999999997
79.56,-0.003999999999999997
79.60000000000001,-0.003999999999999997
79.64,-0.0020000000000000018
79.68,-0.003999999999999997
79.72,-0.0020000000000000018
79.76,0.0040000000000000036
79.8,0.0020000000000000018
79.84,-0.0020000000000000018
79.88,-0.0020000000000000018
79.92,0.0020000000000000018
79.96000000000001,0.0040000000000000036
80.0,0.0020000000000000018
80.04,0.0020000000000000018
80.08,0.0020000000000000018
80.12,0.0020000000000000018
80.16,0.0020000000000000018
80.2,-0.003999999999999997
80.24,-0.005999999999999998
80.28,-0.003999999999999997
80.32000000000001,-0.0020000000000000018
80.36,-0.0020000000000000018
80.4,-0.0020000000000000018
80.44,0.0020000000000000018
80.48,0.0020000000000000018
80.52,0.0
80.56,-0.0020000000000000018
80.60000000000001,0.0020000000000000018
80.64,0.0040000000000000036
80.68,0.0020000000000000018
80.72,-0.0020000000000000018
80.76,0.0
80.8,0.0020000000000000018
80.84,-0.0020000000000000018
80.88,-0.003999999999999997
80.92,-0.003999999999999997
80.96000000000001,-0.003999999999999997
81.0,-0.0020000000000000018
81.04,0.0
81.08,-0.003999999999999997
81.12,-0.0020000000000000018
81.16,0.0040000000000000036
81.2,0.0020000000000000018
81.24,-0.0020000000000000018
81.28,-0.0020000000000000018
81.32000000000001,0.0040000000000000036
81.36,0.0020000000000000018
81.4,0.0020000000000000018
81.44,0.0020000000000000018
81.48,-0.0020000000000000018
81.52,-0.005999999999999998
81.56,-0.003999999999999997
81.60000000000001,-0.003999999999999997
81.64,-0.005999999999999998
81.68,-0.0020000000000000018
81.72,0.0020000000000000018
81.76,-0.003999999999999997
81.8,-0.003999999999999997
81.84,0.0020000000000000018
81.88,0.0020000000000000018
81.92,-0.0020000000000000018
81.96000000000001,-0.0020000000000000018
82.0,0.0040000000000000036
82.04,0.0020000000000000018
82.08,0.0020000000000000018
82.12,0.0
82.16,-0.0020000000000000018
82.2,-0.003999999999999997
82.24,0.0
82.28,-0.0020000000000000018
82.32000000000001,-0.005999999999999998
82.36,-0.0020000000000000018
82.4,0.0040000000000000036
82.44,0.0
82.48,-0.003999999999999997
82.52,0.0
82.56,0.0020000000000000018
82.60000000000001,0.0
82.64,0.0020000000000000018
82.68,0.006000000000000005
82.72,0.0020000000000000018
82.76,0.0020000000000000018
82.8,0.0020000000000000018
82.84,-0.003999999999999997
82.88,-0.005999999999999998
82.92,-0.0020000000000000018
82.96000000000001,-0.003999999999999997
83.0,-0.005999999999999998
83.04,-0.003999999999999997
83.08,0.0020000000000000018
83.12,-0.0020000000000000018
83.16,-0.005999999999999998
83.2,-0.0020000000000000018
83.24,0.0020000000000000018
83.28,-0.0020000000000000018
83.32000000000001,0.0020000000000000018
83.36,0.0040000000000000036
83.4,0.0
83.44,0.0020000000000000018
83.48,0.0020000000000000018
83.52,-0.003999999999999997
83.56,-0.005999999999999998
83.60000000000001,0.0020000000000000018
83.64,0.0020000000000000018
83.68,-0.003999999999999997
83.72,-0.0020000000000000018
83.76,0.0
83.8,-0.0020000000000000018
83.84,-0.003999999999999997
83.88,0.0020000000000000018
83.92,0.0040000000000000036
83.96000000000001,0.0020000000000000018
84.0,0.006000000000000005
84.04,0.0040000000000000036
84.08,0.0020000000000000018
84.12,0.0
84.16,0.0020000000000000018
84.2,-0.003999999999999997
84.24,-0.003999999999999997
84.28,-0.0020000000000000018
84.32000000000001,0.0020000000000000018
84.36,-0.0020000000000000018
84.4,-0.003999999999999997
84.44,-0.0020000000000000018
84.48,-0.0020000000000000018
84.52,-0.003999999999999997
84.56,-0.0020000000000000018
84.60000000000001,0.0
84.64,0.0
84.68,0.0020000000000000018
84.72,0.0020000000000000018
84.76,-0.0020000000000000018
84.8,-0.0020000000000000018
84.84,0.0020000000000000018
84.88,0.0
84.92,-0.003999999999999997
84.96000000000001,-0.003999999999999997
85.0,-0.0020000000000000018
85.04,0.0
85.08,-0.003999999999999997
85.12,-0.0020000000000000018
85.16,-0.0020000000000000018
85.2,-0.0020000000000000018
85.24,0.0
85.28,0.0040000000000000036
85.32000000000001,0.0040000000000000036
85.36,0.006000000000000005
85.4,0.0040000000000000036
85.44,0.0
85.48,-0.0020000000000000018
85.52,-0.0020000000000000018
85.56,0.0020000000000000018
85.60000000000001,-0.0020000000000000018
85.64,-0.003999999999999997
85.68,0.0
85.72,0.0020000000000000018
85.76,-0.003999999999999997
85.8,-0.003999999999999997
85.84,-0.0020000000000000018
85.88,-0.0020000000000000018
85.92,-0.0020000000000000018
85.96000000000001,0.0020000000000000018
86.0,-0.0020000000000000018
86.04,0.0
86.08,0.0040000000000000036
86.12,0.0020000000000000018
86.16,-0.005999999999999998
86.2,-0.0020000000000000018
86.24,0.0020000000000000018
86.28,-0.0020000000000000018
86.32000000000001,-0.003999999999999997
86.36,-0.0020000000000000018
86.4,-0.0020000000000000018
86.44,-0.005999999999999998
86.48,-0.003999999999999997
86.52,0.0
86.56,-0.0020000000000000018
86.60000000000001,0.0020000000000000018
86.64,0.0020000000000000018
86.68,0.0020000000000000018
86.72,0.0
86.76,0.006000000000000005
86.8,0.0020000000000000018
86.84,-0.005999999999999998
86.88,-0.003999999999999997
86.92,0.0020000000000000018
86.96000000000001,0.0020000000000000018
87.0,-0.0020000000000000018
87.04,-0.0020000000000000018
87.08,-0.0020000000000000018
87.12,-0.003999999999999997
87.16,-0.0020000000000000018
87.2,-0.0020000000000000018
87.24,-0.0020000000000000018
87.28,0.0020000000000000018
87.32000000000001,0.0040000000000000036
87.36,0.0040000000000000036
87.4,-0.0020000000000000018
87.44,-0.0020000000000000018
87.48,0.0020000000000000018
87.52,-0.0020000000000000018
87.56,-0.0020000000000000018
87.60000000000001,0.0020000000000000018
87.64,0.0
87.68,-0.003999999999999997
87.72,-0.003999999999999997
87.76,-0.003999999999999997
87.8,-0.003999999999999997
87.84,-0.0020000000000000018
87.88,-0.0020000000000000018
87.92,-0.0020000000000000018
87.96000000000001,0.0040000000000000036
88.0,0.006000000000000005
88.04,0.0020000000000000018
88.08,-0.003999999999999997
88.12,-0.0020000000000000018
88.16,0.0020000000000000018
88.2,0.0020000000000000018
88.24,-0.0020000000000000018
88.28,-0.0020000000000000018
88.32000000000001,-0.0020000000000000018
88.36,-0.003999999999999997
88.4,-0.003999999999999997
88.44,-0.003999999999999997
88.48,-0.003999999999999997
88.52,-0.0020000000000000018
88.56,0.0020000000000000018
88.60000000000001,-0.0020000000000000018
88.64,0.0
88.68,0.0
88.72,0.0
88.76,0.0
88.8,0.0
88.84,0.0020000000000000018
88.88,0.0020000000000000018
88.92,-0.0020000000000000018
88.96000000000001,-0.0020000000000000018
89.0,-0.0020000000000000018
89.04,-0.003999999999999997
89.08,-0.003999999999999997
89.12,-0.0020000000000000018
89.16,-0.003999999999999997
89.2,0.0
89.24,0.006000000000000005
89.28,0.0040000000000000036
89.32000000000001,0.0020000000000000018
89.36,0.0020000000000000018
89.4,0.0040000000000000036
89.44,0.0020000000000000018
89.48,-0.0020000000000000018
89.52,0.0020000000000000018
89.56,0.0020000000000000018
89.60000000000001,-0.0020000000000000018
89.64,-0.0020000000000000018
89.68,-0.0020000000000000018
89.72,-0.003999999999999997
89.76,-0.003999999999999997
89.8,0.0
89.84,-0.003999999999999997
89.88,-0.0020000000000000018
89.92,0.0020000000000000018
89.96000000000001,0.0020000000000000018
90.0,-0.0020000000000000018
90.04,0.0020000000000000018
90.08,0.0040000000000000036
90.12,-0.0020000000000000018
90.16,-0.0020000000000000018
90.2,0.0020000000000000018
90.24,0.0020000000000000018
90.28,-0.0020000000000000018
90.32000000000001,-0.0020000000000000018
90.36,-0.003999999999999997
90.4,-0.005999999999999998
90.44,-0.003999999999999997
90.48,0.0020000000000000018
90.52,-0.0020000000000000018
90.56,-0.003999999999999997
90.60000000000001,0.006000000000000005
90.64,0.0040000000000000036
90.68,-0.0020000000000000018
90.72,-0.0020000000000000018
90.76,0.0040000000000000036
90.8,0.0040000000000000036
90.84,0.0020000000000000018
90.88,0.0020000000000000018
90.92,0.0020000000000000018
90.96000000000001,-0.003999999999999997
91.0,-0.0020000000000000018
91.04,0.0
91.08,-0.003999999999999997
91.12,-0.005999999999999998
91.16,0.0
91.2,-0.0020000000000000018
91.24,-0.003999999999999997
91.28,0.0020000000000000018
91.32000000000001,0.0020000000000000018
91.36,-0.003999999999999997
91.4,-0.0020000000000000018
91.44,0.0020000000000000018
91.48,0.0020000000000000018
91.52,0.0020000000000000018
91.56,0.0020000000000000018
91.60000000000001,0.0
91.64,-0.003999999999999997
91.68,-0.003999999999999997
91.72,-0.003999999999999997
91.76,-0.005999999999999998
91.8,-0.005999999999999998
91.84,0.0020000000000000018
91.88,0.0020000000000000018
91.92,-0.0020000000000000018
91.96000000000001,0.0
92.0,0.0040000000000000036
92.04,0.0020000000000000018
92.08,-0.0020000000000000018
92.12,0.0020000000000000018
92.16,0.0040000000000000036
92.2,0.0020000000000000018
92.24,0.0020000000000000018
92.28,0.0
92.32000000000001,-0.0020000000000000018
92.36,-0.003999999999999997
92.4,-0.0020000000000000018
92.44,-0.003999999999999997
92.48,-0.0020000000000000018
92.52,0.0
92.56,0.0020000000000000018
92.60000000000001,-0.003999999999999997
92.64,-0.003999999999999997
92.68,0.0020000000000000018
92.72,0.0020000000000000018
92.76,0.0020000000000000018
92.8,0.0020000000000000018
92.84,0.0020000000000000018
92.88,0.0020000000000000018
92.92,0.0
92.96000000000001,-0.003999999999999997
93.0,-0.005999999999999998
93.04,-0.005999999999999998
93.08,-0.0020000000000000018
93.12,0.0
93.16,-0.003999999999999997
93.2,-0.0020000000000000018
93.24,0.0020000000000000018
93.28,0.0020000000000000018
93.32000000000001,-0.0020000000000000018
93.36,0.0
93.4,0.0020000000000000018
93.44,0.0020000000000000018
93.48,0.0020000000000000018
93.52,0.0040000000000000036
93.56,0.0
93.60000000000001,-0.0020000000000000018
93.64,-0.0020000000000000018
93.68,-0.003999999999999997
93.72,-0.003999999999999997
93.76,-0.0020000000000000018
93.8,-0.0020000000000000018
93.84,-0.003999999999999997
93.88,-0.003999999999999997
93.92,0.0020000000000000018
93.96000000000001,0.0020000000000000018
94.0,-0.0020000000000000018
94.04,0.0
94.08,0.0020000000000000018
94.12,0.0020000000000000018
94.16,0.0040000000000000036
94.2,0.006000000000000005
94.24,-0.0020000000000000018
94.28,-0.0020000000000000018
94.32000000000001,0.0020000000000000018
94.36,-0.003999999999999997
94.4,-0.008
94.44,-0.0020000000000000018
94.48,0.0020000000000000018
94.52,0.0
94.56,-0.0020000000000000018
94.60000000000001,0.0020000000000000018
94.64,-0.0020000000000000018
94.68,-0.0020000000000000018
94.72,0.0020000000000000018
94.76,0.0020000000000000018
94.8,0.0020000000000000018
94.84,0.0040000000000000036
94.88,0.0040000000000000036
94.92,-0.0020000000000000018
94.96000000000001,0.0
95.0,0.0020000000000000018
95.04,-0.003999999999999997
95.08,-0.005999999999999998
95.12,-0.0020000000000000018
95.16,0.0
95.2,-0.003999999999999997
95.24,-0.003999999999999997
95.28,-0.0020000000000000018
95.32000000000001,-0.003999999999999997
95.36,-0.0020000000000000018
95.4,0.0040000000000000036
95.44,0.0020000000000000018
95.48,-0.0020000000000000018
95.52,0.006000000000000005
95.56,0.0040000000000000036
95.60000000000001,-0.005999999999999998
95.64,-0.005999999999999998
95.68,-0.0020000000000000018
95.72,-0.0020000000000000018
95.76,-0.003999999999999997
95.8,0.0
95.84,0.0
95.88,-0.0020000000000000018
95.92,-0.0020000000000000018
95.96000000000001,0.0020000000000000018
96.0,-0.0020000000000000018
96.04,0.0
96.08,0.0040000000000000036
96.12,0.0040000000000000036
96.16,0.0020000000000000018
96.2,0.0040000000000000036
96.24000000000001,0.0040000000000000036
96.28,-0.003999999999999997
96.32000000000001,-0.003999999999999997
96.36,0.0020000000000000018
96.4,0.0
96.44,-0.0020000000000000018
96.48,-0.0020000000000000018
96.52,-0.0020000000000000018
96.56,-0.003999999999999997
96.60000000000001,-0.003999999999999997
96.64,-0.0020000000000000018
96.68,-0.0020000000000000018
96.72,0.0
96.76,0.0040000000000000036
96.8,0.006000000000000005
96.84,-0.0020000000000000018
96.88,-0.0020000000000000018
96.92,-0.0020000000000000018
96.96000000000001,-0.0020000000000000018
97.0,-0.003999999999999997
97.04,-0.0020000000000000018
97.08,-0.0020000000000000018
97.12,-0.0020000000000000018
97.16,-0.003999999999999997
97.2,-0.0020000000000000018
97.24000000000001,-0.003999999999999997
97.28,-0.003999999999999997
97.32000000000001,-0.0020000000000000018
97.36,0.0
97.4,0.0020000000000000018
97.44,0.0040000000000000036
97.48,0.0040000000000000036
97.52,0.0
97.56,-0.0020000000000000018
97.60000000000001,0.0020000000000000018
97.64,0.0020000000000000018
97.68,-0.0020000000000000018
97.72,-0.0020000000000000018
97.76,0.0020000000000000018
97.8,-0.0020000000000000018
97.84,-0.003999999999999997
97.88,-0.003999999999999997
97.92,-0.0020000000000000018
97.96000000000001,-0.003999999999999997
98.0,0.0020000000000000018
98.04,0.006000000000000005
98.08,0.0020000000000000018
98.12,0.0
98.16,0.006000000000000005
98.2,0.0020000000000000018
98.24000000000001,-0.0020000000000000018
98.28,-0.0020000000000000018
98.32000000000001,-0.0020000000000000018
98.36,-0.003999999999999997
98.4,-0.003999999999999997
98.44,0.0
98.48,-0.0020000000000000018
98.52,-0.003999999999999997
98.56,-0.003999999999999997
98.60000000000001,-0.003999999999999997
98.64,-0.003999999999999997
98.68,-0.0020000000000000018
98.72,0.0040000000000000036
98.76,-0.0020000000000000018
98.8,0.0
98.84,0.0040000000000000036
98.88,0.0020000000000000018
98.92,-0.0020000000000000018
98.96000000000001,0.0
99.0,0.0020000000000000018
99.04,-0.0020000000000000018
99.08,-0.0020000000000000018
99.12,0.0
99.16,-0.003999999999999997
99.2,-0.005999999999999998
99.24000000000001,-0.0020000000000000018
99.28,-0.0020000000000000018
99.32000000000001,-0.005999999999999998
99.36,0.0020000000000000018
99.4,0.006000000000000005
99.44,0.0040000000000000036
99.48,-0.0020000000000000018
99.52,0.0020000000000000018
99.56,0.0
99.60000000000001,-0.003999999999999997
99.64,0.0
99.68,0.0020000000000000018
99.72,0.0
99.76,-0.0020000000000000018
99.8,-0.0020000000000000018
99.84,-0.003999999999999997
99.88,-0.005999999999999998
99.92,-0.0020000000000000018
99.96000000000001,-0.0020000000000000018
100.0,-0.003999999999999997
100.04,0.0
100.08,0.0040000000000000036
100.12,-0.0020000000000000018
100.16,-0.0020000000000000018
100.2,0.0020000000000000018
100.24000000000001,0.0020000000000000018
100.28,-0.0020000000000000018
100.32000000000001,0.0020000000000000018
100.36,0.0020000000000000018
100.4,-0.0020000000000000018
100.44,-0.0020000000000000018
100.48,0.0020000000000000018
100.52,-0.005999999999999998
100.56,-0.009999999999999995
100.60000000000001,-0.0020000000000000018
100.64,0.0020000000000000018
100.68,0.0
100.72,0.0020000000000000018
100.76,0.0040000000000000036
100.8,-0.0020000000000000018
100.84,0.0
100.88,0.0020000000000000018
100.92,0.0020000000000000018
100.96000000000001,0.0
101.0,0.0020000000000000018
101.04,0.0020000000000000018
101.08,-0.0020000000000000018
101.12,-0.0020000000000000018
101.16,-0.0020000000000000018
101.2,-0.005999999999999998
101.24000000000001,-0.005999999999999998
101.28,-0.0020000000000000018
101.32000000000001,0.0020000000000000018
101.36,-0.0020000000000000018
101.4,-0.0020000000000000018
101.44,0.0020000000000000018
101.48,0.0020000000000000018
101.52,0.0020000000000000018
101.56,0.0040000000000000036
101.60000000000001,0.0020000000000000018
101.64,0.0020000000000000018
101.68,0.006000000000000005
101.72,0.0020000000000000018
101.76,-0.003999999999999997
101.8,-0.005999999999999998
101.84,-0.003999999999999997
101.88,-0.0020000000000000018
101.92,-0.0020000000000000018
101.96000000000001,0.0
102.0,0.0020000000000000018
102.04,-0.0020000000000000018
102.08,-0.0020000000000000018
102.12,0.0
102.16,0.0020000000000000018
102.2,0.0020000000000000018
102.24000000000001,0.0
102.28,0.0
102.32000000000001,0.0020000000000000018
102.36,0.0020000000000000018
102.4,0.0
102.44,-0.003999999999999997
102.48,-0.003999999999999997
102.52,-0.0020000000000000018
102.56,-0.0020000000000000018
102.60000000000001,-0.003999999999999997
102.64,-0.003999999999999997
102.68,-0.0020000000000000018
102.72,0.0020000000000000018
102.76,-0.0020000000000000018
102.8,-0.0020000000000000018
102.84,0.0020000000000000018
102.88,0.0020000000000000018
102.92,0.0040000000000000036
102.96000000000001,0.0040000000000000036
103.0,0.0020000000000000018
103.04,-0.0020000000000000018
103.08,0.0020000000000000018
103.12,0.0
103.16,-0.003999999999999997
103.2,-0.0020000000000000018
103.24000000000001,0.0
103.28,-0.0020000000000000018
103.32000000000001,-0.0020000000000000018
103.36,0.0020000000000000018
103.4,0.0020000000000000018
103.44,-0.0020000000000000018
103.48,-0.0020000000000000018
103.52,-0.0020000000000000018
103.56,0.0
103.60000000000001,0.0040000000000000036
103.64,0.006000000000000005
103.68,0.0
103.72,-0.0020000000000000018
103.76,0.0020000000000000018
103.8,-0.0020000000000000018
103.84,-0.005999999999999998
103.88,-0.003999999999999997
103.92,-0.0020000000000000018
103.96000000000001,-0.003999999999999997
104.0,-0.003999999999999997
104.04,-0.0020000000000000018
104.08,-0.003999999999999997
104.12,-0.005999999999999998
104.16,0.0
104.2,0.0020000000000000018
104.24000000000001,-0.0020000000000000018
104.28,0.0020000000000000018
104.32000000000001,0.006000000000000005
104.36,0.0
104.4,-0.003999999999999997
104.44,0.0020000000000000018
104.48,-0.0020000000000000018
104.52,-0.003999999999999997
104.56,-0.0020000000000000018
104.60000000000001,0.0020000000000000018
104.64,0.0
104.68,-0.0020000000000000018
104.72,0.0
104.76,-0.0020000000000000018
104.8,-0.003999999999999997
104.84,0.0020000000000000018
104.88,0.0040000000000000036
104.92,0.0
104.96000000000001,0.0040000000000000036
105.0,0.008
105.04,0.0020000000000000018
105.08,-0.003999999999999997
105.12,0.0
105.16,0.0020000000000000018
105.2,-0.0020000000000000018
105.24000000000001,-0.0020000000000000018
105.28,-0.0020000000000000018
105.32000000000001,-0.005999999999999998
105.36,-0.003999999999999997
105.4,-0.0020000000000000018
105.44,-0.003999999999999997
105.48,-0.005999999999999998
105.52,0.0020000000000000018
105.56,0.0040000000000000036
105.60000000000001,0.0020000000000000018
105.64,0.0020000000000000018
105.68,0.0020000000000000018
105.72,0.0
105.76,-0.003999999999999997
105.8,-0.003999999999999997
105.84,-0.0020000000000000018
105.88,-0.0020000000000000018
105.92,-0.0020000000000000018
105.96000000000001,-0.0020000000000000018
106.0,-0.003999999999999997
106.04,-0.003999999999999997
106.08,-0.0020000000000000018
106.12,-0.0020000000000000018
106.16,-0.0020000000000000018
106.2,0.0020000000000000018
106.24000000000001,0.0040000000000000036
106.28,0.0020000000000000018
106.32000000000001,-0.0020000000000000018
106.36,0.0020000000000000018
106.4,0.0040000000000000036
106.44,0.0020000000000000018
106.48,-0.0020000000000000018
106.52,0.0
106.56,0.0
106.60000000000001,-0.0020000000000000018
106.64,-0.0020000000000000018
106.68,-0.003999999999999997
106.72,-0.003999999999999997
106.76,-0.003999999999999997
106.8,-0.0020000000000000018
106.84,0.0
106.88,0.0020000000000000018
106.92,0.0040000000000000036
106.96000000000001,0.0040000000000000036
107.0,-0.0020000000000000018
107.04,-0.0020000000000000018
107.08,0.0020000000000000018
107.12,0.0020000000000000018
107.16,-0.0020000000000000018
107.2,0.0
107.24000000000001,-0.0020000000000000018
107.28,-0.0020000000000000018
107.32000000000001,-0.0020000000000000018
107.36,-0.003999999999999997
107.4,-0.005999999999999998
107.44,-0.0020000000000000018
107.48,0.0020000000000000018
107.52,-0.0020000000000000018
107.56,-0.0020000000000000018
107.60000000000001,0.0040000000000000036
107.64,0.006000000000000005
107.68,0.0
107.72,-0.0020000000000000018
107.76,0.0020000000000000018
107.8,0.0
107.84,0.0
107.88,0.0020000000000000018
107.92,-0.0020000000000000018
107.96000000000001,-0.005999999999999998
108.0,-0.003999999999999997
108.04,-0.003999999999999997
108.08,-0.005999999999999998
108.12,-0.0020000000000000018
108.16,0.0020000000000000018
108.2,0.0
108.24000000000001,-0.0020000000000000018
108.28,0.0040000000000000036
108.32000000000001,0.0040000000000000036
108.36,-0.0020000000000000018
108.4,-0.0020000000000000018
108.44,0.0020000000000000018
108.48,0.0020000000000000018
108.52,0.0020000000000000018
108.56,0.0020000000000000018
108.60000000000001,-0.0020000000000000018
108.64,-0.003999999999999997
108.68,0.0
108.72,-0.0020000000000000018
108.76,-0.005999999999999998
108.8,-0.003999999999999997
108.84,0.0040000000000000036
108.88,0.0020000000000000018
108.92,0.0020000000000000018
108.96000000000001,0.0020000000000000018
109.0,0.0020000000000000018
109.04,-0.0020000000000000018
109.08,0.0020000000000000018
109.12,0.006000000000000005
109.16,0.0020000000000000018
109.2,-0.0020000000000000018
109.24000000000001,0.0
109.28,-0.003999999999999997
109.32000000000001,-0.005999999999999998
109.36,-0.0020000000000000018
109.4,-0.0020000000000000018
109.44,-0.005999999999999998
109.48,-0.0020000000000000018
109.52,0.0020000000000000018
109.56,0.0
109.60000000000001,-0.0020000000000000018
109.64,0.0
109.68,-0.0020000000000000018
109.72,0.0
109.76,0.0020000000000000018
109.8,0.0020000000000000018
109.84,-0.0020000000000000018
109.88,0.0020000000000000018
109.92,0.0040000000000000036
109.96000000000001,-0.0020000000000000018
110.0,-0.005999999999999998
110.04,-0.0020000000000000018
110.08,0.0020000000000000018
110.12,-0.0020000000000000018
110.16,-0.0020000000000000018
110.2,0.0
110.24000000000001,-0.0020000000000000018
110.28,-0.0020000000000000018
110.32000000000001,0.0020000000000000018
110.36,0.0020000000000000018
110.4,0.0020000000000000018
110.44,0.0020000000000000018
110.48,0.0020000000000000018
110.52,-0.0020000000000000018
110.56,0.0
110.60000000000001,0.0020000000000000018
110.64,-0.003999999999999997
110.68,-0.005999999999999998
110.72,-0.003999999999999997
110.76,-0.0020000000000000018
110.8,-0.0020000000000000018
110.84,-0.0020000000000000018
110.88,-0.0020000000000000018
110.92,0.0
110.96000000000001,-0.0020000000000000018
111.0,0.0
111.04,-0.0020000000000000018
111.08,0.0
111.12,0.0040000000000000036
111.16,0.0040000000000000036
111.2,-0.0020000000000000018
111.24000000000001,-0.003999999999999997
111.28,0.0
111.32000000000001,-0.0020000000000000018
111.36,-0.003999999999999997
111.4,-0.003999999999999997
111.44,0.0
111.48,-0.003999999999999997
111.52,-0.003999999999999997
111.56,-0.0020000000000000018
111.60000000000001,-0.0020000000000000018
111.64,-0.0020000000000000018
111.68,0.0020000000000000018
111.72,0.0020000000000000018
111.76,0.0020000000000000018
111.8,0.0020000000000000018
111.84,0.006000000000000005
111.88,0.0020000000000000018
111.92,-0.003999999999999997
111.96000000000001,-0.003999999999999997
112.0,0.0
112.04,-0.0020000000000000018
112.08,-0.003999999999999997
112.12,0.0
112.16,0.0020000000000000018
112.2,-0.0020000000000000018
112.24000000000001,-0.0020000000000000018
112.28,-0.0020000000000000018
112.32000000000001,-0.003999999999999997
112.36,0.0020000000000000018
112.4,0.0040000000000000036
112.44,0.0020000000000000018
112.48,-0.0020000000000000018
112.52,0.0040000000000000036
112.56,0.0040000000000000036
112.60000000000001,-0.003999999999999997
112.64,-0.0020000000000000018
112.68,0.0020000000000000018
112.72,-0.0020000000000000018
112.76,-0.003999999999999997
112.8,0.0
112.84,-0.0020000000000000018
112.88,-0.005999999999999998
112.92,-0.003999999999999997
112.96000000000001,-0.0020000000000000018
113.0,-0.0020000000000000018
113.04,0.0020000000000000018
113.08,0.008
113.12,0.0020000000000000018
113.16,-0.0020000000000000018
113.2,0.0
113.24000000000001,-0.0020000000000000018
113.28,-0.003999999999999997
113.32000000000001,-0.003999999999999997
113.36,0.0020000000000000018
113.4,0.0
113.44,-0.0020000000000000018
113.48,-0.0020000000000000018
113.52,-0.003999999999999997
113.56,-0.005999999999999998
113.60000000000001,-0.0020000000000000018
113.64,0.0
113.68,-0.0020000000000000018
113.72,0.0020000000000000018
113.76,0.006000000000000005
113.8,0.0040000000000000036
113.84,0.0
113.88,0.0020000000000000018
113.92,0.0020000000000000018
113.96000000000001,-0.0020000000000000018
114.0,0.0
114.04,0.0020000000000000018
114.08,-0.0020000000000000018
114.12,-0.0020000000000000018
114.16,-0.003999999999999997
114.2,-0.003999999999999997
114.24000000000001,-0.003999999999999997
114.28,0.0020000000000000018
114.32000000000001,0.0020000000000000018
114.36,0.0
114.4,0.0020000000000000018
114.44,0.0040000000000000036
114.48,0.0
114.52,-0.0020000000000000018
114.56,-0.0020000000000000018
114.60000000000001,0.0
114.64,0.0
114.68,-0.0020000000000000018
114.72,-0.0020000000000000018
114.76,-0.003999999999999997
114.8,-0.003999999999999997
114.84,-0.003999999999999997
114.88,-0.005999999999999998
114.92,-0.005999999999999998
114.96000000000001,-0.003999999999999997
115.0,0.0020000000000000018
115.04,-0.0020000000000000018
115.08,0.0020000000000000018
115.12,0.0020000000000000018
115.16,0.0020000000000000018
115.2,-0.0020000000000000018
115.24000000000001,0.0020000000000000018
115.28,0.0020000000000000018
115.32000000000001,0.0020000000000000018
115.36,0.0
115.4,-0.0020000000000000018
115.44,-0.003999999999999997
115.48,-0.0020000000000000018
115.52,-0.0020000000000000018
115.56,-0.0020000000000000018
115.60000000000001,-0.0020000000000000018
115.64,0.0020000000000000018
115.68,0.0040000000000000036
115.72,0.0020000000000000018
115.76,0.0
115.8,0.0020000000000000018
115.84,0.0020000000000000018
115.88,0.0
115.92,-0.0020000000000000018
115.96000000000001,0.0
116.0,-0.0020000000000000018
116.04,0.0020000000000000018
116.08,0.0020000000000000018
116.12,-0.0020000000000000018
116.16,-0.005999999999999998
116.2,-0.003999999999999997
116.24000000000001,-0.0020000000000000018
116.28,-0.003999999999999997
116.32000000000001,-0.003999999999999997
116.36,0.0020000000000000018
116.4,0.0
116.44,-0.003999999999999997
116.48,0.0020000000000000018
116.52,0.0020000000000000018
116.56,0.0
116.60000000000001,-0.0020000000000000018
116.64,0.0020000000000000018
116.68,0.0020000000000000018
116.72,0.0020000000000000018
116.76,0.0020000000000000018
116.8,-0.003999999999999997
116.84,-0.005999999999999998
116.88,-0.003999999999999997
116.92,0.0020000000000000018
116.96000000000001,-0.0020000000000000018
117.0,-0.0020000000000000018
117.04,0.0020000000000000018
117.08,0.0020000000000000018
117.12,-0.0020000000000000018
117.16,-0.0020000000000000018
117.2,0.0020000000000000018
117.24000000000001,-0.0020000000000000018
117.28,0.0020000000000000018
117.32000000000001,0.006000000000000005
117.36,0.0020000000000000018
117.4,-0.003999999999999997
117.44,0.0
117.48,-0.0020000000000000018
117.52,-0.005999999999999998
117.56,-0.003999999999999997
117.60000000000001,0.0020000000000000018
117.64,-0.003999999999999997
117.68,-0.005999999999999998
117.72,-0.0020000000000000018
117.76,0.0020000000000000018
117.8,-0.0020000000000000018
117.84,0.0
117.88,0.006000000000000005
117.92,0.0020000000000000018
117.96000000000001,0.0040000000000000036
118.0,0.006000000000000005
118.04,0.0
118.08,-0.005999999999999998
118.12,0.0
118.16,-0.0020000000000000018
118.2,-0.005999999999999998
118.24000000000001,-0.003999999999999997
118.28,0.0020000000000000018
118.32000000000001,0.0020000000000000018
118.36,-0.0020000000000000018
118.4,-0.0020000000000000018
118.44,-0.0020000000000000018
118.48,-0.003999999999999997
118.52,0.0
118.56,0.0020000000000000018
118.60000000000001,0.0020000000000000018
118.64,0.0020000000000000018
118.68,0.0020000000000000018
118.72,-0.0020000000000000018
118.76,-0.003999999999999997
118.8,-0.0020000000000000018
118.84,0.0
118.88,-0.003999999999999997
118.92,-0.005999999999999998
118.96000000000001,-0.0020000000000000018
119.0,-0.0020000000000000018
119.04,-0.003999999999999997
119.08,-0.003999999999999997
119.12,-0.0020000000000000018
119.16,0.0
119.2,0.0020000000000000018
119.24000000000001,0.0040000000000000036
119.28,0.0020000000000000018
119.32000000000001,0.0020000000000000018
119.36,0.0020000000000000018
119.4,0.0
119.44,-0.003999999999999997
119.48,-0.0020000000000000018
119.52,0.0020000000000000018
119.56,0.0
119.60000000000001,-0.0020000000000000018
119.64,-0.0020000000000000018
119.68,-0.0020000000000000018
119.72,-0.0020000000000000018
119.76,-0.0020000000000000018
119.8,0.0
119.84,0.0020000000000000018
119.88,0.0020000000000000018
119.92,0.0020000000000000018
119.96000000000001,0.0040000000000000036
120.0,0.0020000000000000018
120.04,0.0020000000000000018
120.08,0.0020000000000000018
120.12,-0.0020000000000000018
120.16,-0.003999999999999997
120.2,-0.0020000000000000018
120.24000000000001,-0.0020000000000000018
120.28,-0.003999999999999997
120.32000000000001,-0.005999999999999998
120.36,-0.003999999999999997
120.4,-0.003999999999999997
120.44,-0.003999999999999997
120.48,-0.0020000000000000018
120.52,0.0
120.56,0.0020000000000000018
120.60000000000001,0.0020000000000000018
120.64,0.0020000000000000018
120.68,-0.0020000000000000018
120.72,-0.0020000000000000018
120.76,0.0020000000000000018
120.8,-0.0020000000000000018
120.84,-0.003999999999999997
120.88,-0.0020000000000000018
120.92,0.0
120.96000000000001,-0.0020000000000000018
121.0,0.0
121.04,-0.0020000000000000018
121.08,-0.0020000000000000018
121.12,-0.0020000000000000018
121.16,0.0020000000000000018
121.2,0.0020000000000000018
121.24000000000001,0.0040000000000000036
121.28,0.008
121.32000000000001,0.0040000000000000036
121.36,-0.0020000000000000018
121.4,0.0
121.44,0.0040000000000000036
121.48,0.0020000000000000018
121.52,-0.0020000000000000018
121.56,0.0
121.60000000000001,0.0
121.64,-0.005999999999999998
121.68,-0.003999999999999997
121.72,-0.003999999999999997
121.76,-0.005999999999999998
121.8,-0.0020000000000000018
121.84,0.0040000000000000036
121.88,-0.0020000000000000018
121.92,-0.0020000000000000018
121.96000000000001,0.0040000000000000036
122.0,0.0020000000000000018
122.04,-0.003999999999999997
122.08,0.0
122.12,0.0020000000000000018
122.16,-0.0020000000000000018
122.2,-0.0020000000000000018
122.24000000000001,0.0020000000000000018
122.28,0.0
122.32000000000001,-0.005999999999999998
122.36,-0.003999999999999997
122.4,-0.003999999999999997
122.44,-0.003999999999999997
122.48,0.0
122.52,0.006000000000000005
122.56,-0.0020000000000000018
122.60000000000001,-0.003999999999999997
122.64,0.0040000000000000036
122.68,0.0040000000000000036
122.72,0.0
122.76,0.0
122.8,0.0040000000000000036
122.84,0.0040000000000000036
122.88,0.0
122.92,-0.0020000000000000018
122.96000000000001,-0.0020000000000000018
123.0,-0.003999999999999997
123.04,-0.0020000000000000018
123.08,-0.0020000000000000018
123.12,-0.003999999999999997
123.16,-0.0020000000000000018
123.2,0.0020000000000000018
123.24000000000001,0.0020000000000000018
123.28,-0.003999999999999997
123.32000000000001,0.0
123.36,0.0020000000000000018
123.4,-0.0020000000000000018
123.44,0.0020000000000000018
123.48,0.0020000000000000018
123.52,0.0040000000000000036
123.56,0.0020000000000000018
123.60000000000001,-0.0020000000000000018
123.64,-0.003999999999999997
123.68,-0.003999999999999997
123.72,-0.0020000000000000018
123.76,0.0
123.8,-0.003999999999999997
123.84,-0.003999999999999997
123.88000000000001,0.0020000000000000018
123.92,0.0020000000000000018
123.96000000000001,-0.0020000000000000018
124.0,-0.003999999999999997
124.04,0.0040000000000000036
124.08,0.0040000000000000036
124.12,0.0020000000000000018
124.16,0.0020000000000000018
124.2,0.0020000000000000018
124.24000000000001,-0.0020000000000000018
124.28,-0.0020000000000000018
124.32000000000001,-0.003999999999999997
124.36,-0.003999999999999997
124.4,-0.003999999999999997
124.44,-0.0020000000000000018
124.48,-0.0020000000000000018
124.52,-0.005999999999999998
124.56,-0.0020000000000000018
124.60000000000001,0.0
124.64,-0.005999999999999998
124.68,-0.003999999999999997
124.72,0.0020000000000000018
124.76,0.0040000000000000036
124.8,0.0
124.84,0.0020000000000000018
124.88000000000001,0.0020000000000000018
124.92,0.0020000000000000018
124.96000000000001,0.0
125.0,0.0020000000000000018
125.04,-0.003999999999999997
125.08,-0.003999999999999997
125.12,0.0020000000000000018
125.16,0.0020000000000000018
125.2,-0.005999999999999998
125.24000000000001,-0.003999999999999997
125.28,0.0020000000000000018
125.32000000000001,0.0
125.36,-0.003999999999999997
125.4,0.0040000000000000036
125.44,0.006000000000000005
125.48,0.0020000000000000018
125.52,0.0020000000000000018
125.56,0.0020000000000000018
125.60000000000001,-0.0020000000000000018
125.64,-0.0020000000000000018
125.68,0.0
125.72,-0.003999999999999997
125.76,-0.003999999999999997
125.8,0.0020000000000000018
125.84,-0.0020000000000000018
125.88000000000001,-0.005999999999999998
125.92,-0.005999999999999998
125.96000000000001,0.0
126.0,-0.003999999999999997
126.04,-0.003999999999999997
126.08,0.0
126.12,0.0020000000000000018
126.16,0.0020000000000000018
126.2,0.0040000000000000036
126.24000000000001,0.0020000000000000018
126.28,-0.003999999999999997
126.32000000000001,-0.0020000000000000018
126.36,0.0040000000000000036
126.4,0.0
126.44,-0.003999999999999997
126.48,0.0
126.52,0.0
126.56,-0.005999999999999998
126.60000000000001,-0.005999999999999998
126.64,0.0
126.68,0.0
126.72,0.0
126.76,0.0040000000000000036
126.8,0.0040000000000000036
126.84,0.0020000000000000018
126.88000000000001,0.0020000000000000018
126.92,0.0020000000000000018
126.96000000000001,-0.0020000000000000018
127.0,0.0
127.04,0.0040000000000000036
127.08,0.0
127.12,-0.003999999999999997
127.16,0.0
127.2,0.0
127.24000000000001,-0.003999999999999997
127.28,-0.005999999999999998
127.32000000000001,-0.003999999999999997
127.36,-0.0020000000000000018
127.4,0.0020000000000000018
127.44,0.0020000000000000018
127.48,0.0
127.52,-0.0020000000000000018
127.56,0.0020000000000000018
127.60000000000001,0.0020000000000000018
127.64,0.0
127.68,0.0020000000000000018
127.72,0.0040000000000000036
127.76,0.0020000000000000018
127.8,-0.003999999999999997
127.84,-0.005999999999999998
127.88000000000001,-0.003999999999999997
127.92,-0.003999999999999997
127.96000000000001,-0.003999999999999997
128.0,-0.0020000000000000018
128.04,0.0020000000000000018
128.08,0.0020000000000000018
128.12,0.0
128.16,-0.0020000000000000018
128.2,-0.0020000000000000018
128.24,0.0020000000000000018
128.28,0.0020000000000000018
128.32,0.0
128.36,-0.0020000000000000018
128.4,0.0020000000000000018
128.44,0.006000000000000005
128.48,-0.0020000000000000018
128.52,-0.005999999999999998
128.56,-0.003999999999999997
128.6,-0.0020000000000000018
128.64000000000001,-0.0020000000000000018
128.68,-0.0020000000000000018
128.72,-0.0020000000000000018
128.76,-0.003999999999999997
128.8,0.0
128.84,0.0020000000000000018
128.88,-0.0020000000000000018
128.92000000000002,0.0
128.96,0.006000000000000005
129.0,0.0040000000000000036
129.04,0.0
129.08,0.0020000000000000018
129.12,0.0040000000000000036
129.16,-0.0020000000000000018
129.2,-0.003999999999999997
129.24,-0.0020000000000000018
129.28,-0.0020000000000000018
129.32,-0.0020000000000000018
129.36,-0.0020000000000000018
129.4,-0.0020000000000000018
129.44,-0.0020000000000000018
129.48,0.0020000000000000018
129.52,0.0020000000000000018
129.56,-0.003999999999999997
129.6,-0.003999999999999997
129.64000000000001,0.0040000000000000036
129.68,0.006000000000000005
129.72,-0.0020000000000000018
129.76,-0.0020000000000000018
129.8,0.0020000000000000018
129.84,-0.0020000000000000018
129.88,-0.003999999999999997
129.92000000000002,-0.0020000000000000018
129.96,-0.005999999999999998
130.0,-0.005999999999999998
130.04,0.0
130.08,-0.0020000000000000018
130.12,-0.005999999999999998
130.16,-0.003999999999999997
130.2,0.0020000000000000018
130.24,-0.0020000000000000018
130.28,-0.003999999999999997
130.32,0.0040000000000000036
130.36,0.006000000000000005
130.4,0.0020000000000000018
130.44,-0.0020000000000000018
130.48,0.0020000000000000018
130.52,-0.0020000000000000018
130.56,-0.0020000000000000018
130.6,-0.0020000000000000018
130.64000000000001,-0.0020000000000000018
130.68,-0.0020000000000000018
130.72,0.0040000000000000036
130.76,0.0
130.8,-0.005999999999999998
130.84,-0.003999999999999997
130.88,0.0020000000000000018
130.92000000000002,0.0020000000000000018
130.96,-0.0020000000000000018
131.0,0.0020000000000000018
131.04,0.006000000000000005
131.08,0.0020000000000000018
131.12,0.0020000000000000018
131.16,0.0
131.2,-0.0020000000000000018
131.24,-0.0020000000000000018
131.28,0.0
131.32,-0.0020000000000000018
131.36,-0.003999999999999997
131.4,-0.0020000000000000018
131.44,-0.0020000000000000018
131.48,-0.005999999999999998
131.52,-0.005999999999999998
131.56,0.0020000000000000018
131.6,0.0020000000000000018
131.64000000000001,-0.0020000000000000018
131.68,0.0020000000000000018
131.72,0.0040000000000000036
131.76,0.0020000000000000018
131.8,-0.0020000000000000018
131.84,-0.0020000000000000018
131.88,-0.0020000000000000018
131.92000000000002,0.0020000000000000018
131.96,0.0040000000000000036
132.0,-0.0020000000000000018
132.04,-0.005999999999999998
132.08,-0.0020000000000000018
132.12,-0.0020000000000000018
132.16,-0.003999999999999997
132.2,-0.005999999999999998
132.24,-0.0020000000000000018
132.28,0.0020000000000000018
132.32,0.0020000000000000018
132.36,0.0
132.4,0.0020000000000000018
132.44,0.0020000000000000018
132.48,-0.0020000000000000018
132.52,0.0020000000000000018
132.56,0.0020000000000000018
132.6,0.0
132.64000000000001,0.0020000000000000018
132.68,0.0
132.72,-0.005999999999999998
132.76,-0.005999999999999998
132.8,-0.0020000000000000018
132.84,-0.0020000000000000018
132.88,-0.005999999999999998
132.92000000000002,-0.003999999999999997
132.96,0.0040000000000000036
133.0,0.0020000000000000018
133.04,-0.003999999999999997
133.08,0.0
133.12,0.0020000000000000018
133.16,0.0
133.2,0.0020000000000000018
133.24,0.0020000000000000018
133.28,-0.0020000000000000018
133.32,0.0
133.36,0.0020000000000000018
133.4,-0.0020000000000000018
133.44,-0.005999999999999998
133.48,-0.003999999999999997
133.52,-0.0020000000000000018
133.56,-0.003999999999999997
133.6,-0.0020000000000000018
133.64000000000001,0.0020000000000000018
133.68,-0.0020000000000000018
133.72,-0.0020000000000000018
133.76,0.0020000000000000018
133.8,0.0020000000000000018
133.84,0.0
133.88,0.0020000000000000018
133.92000000000002,0.0020000000000000018
133.96,-0.0020000000000000018
134.0,-0.0020000000000000018
134.04,0.0020000000000000018
134.08,-0.003999999999999997
134.12,-0.009999999999999995
134.16,-0.0020000000000000018
134.2,0.0020000000000000018
134.24,-0.003999999999999997
134.28,-0.003999999999999997
134.32,0.0020000000000000018
134.36,-0.0020000000000000018
134.4,-0.003999999999999997
134.44,0.0
134.48,-0.0020000000000000018
134.52,0.0
134.56,0.006000000000000005
134.6,0.006000000000000005
134.64000000000001,0.0020000000000000018
134.68,-0.0020000000000000018
134.72,0.0020000000000000018
134.76,-0.0020000000000000018
134.8,-0.003999999999999997
134.84,-0.0020000000000000018
134.88,0.0020000000000000018
134.92000000000002,-0.0020000000000000018
134.96,-0.0020000000000000018
135.0,0.0020000000000000018
135.04,-0.0020000000000000018
135.08,-0.0020000000000000018
135.12,0.0020000000000000018
135.16,0.0020000000000000018
135.2,0.0020000000000000018
135.24,0.006000000000000005
135.28,0.006000000000000005
135.32,-0.0020000000000000018
135.36,-0.003999999999999997
135.4,-0.0020000000000000018
135.44,-0.0020000000000000018
135.48,-0.003999999999999997
135.52,-0.003999999999999997
135.56,-0.0020000000000000018
135.6,-0.0020000000000000018
135.64000000000001,-0.003999999999999997
135.68,-0.005999999999999998
135.72,-0.008
135.76,-0.003999999999999997
135.8,0.0020000000000000018
135.84,0.0
135.88,0.0020000000000000018
135.92000000000002,0.0040000000000000036
135.96,0.0020000000000000018
136.0,0.0
136.04,-0.0020000000000000018
136.08,0.0
136.12,0.0020000000000000018
136.16,-0.0020000000000000018
136.2,-0.0020000000000000018
136.24,0.0
136.28,0.0
136.32,-0.0020000000000000018
136.36,-0.0020000000000000018
136.4,-0.003999999999999997
136.44,0.0020000000000000018
136.48,0.006000000000000005
136.52,0.006000000000000005
136.56,0.0020000000000000018
136.6,-0.0020000000000000018
136.64000000000001,0.0040000000000000036
136.68,0.0020000000000000018
136.72,-0.0020000000000000018
136.76,-0.0020000000000000018
136.8,0.0020000000000000018
136.84,0.0020000000000000018
136.88,-0.0020000000000000018
136.92000000000002,-0.0020000000000000018
136.96,-0.003999999999999997
137.0,-0.003999999999999997
137.04,-0.0020000000000000018
137.08,-0.003999999999999997
137.12,-0.003999999999999997
137.16,-0.0020000000000000018
137.20000000000002,0.0020000000000000018
137.24,-0.0020000000000000018
137.28,-0.0020000000000000018
137.32,0.0020000000000000018
137.36,0.0020000000000000018
137.4,-0.0020000000000000018
137.44,-0.0020000000000000018
137.48,0.0020000000000000018
137.52,0.0
137.56,-0.0020000000000000018
137.6,-0.003999999999999997
137.64000000000001,-0.005999999999999998
137.68,-0.003999999999999997
137.72,0.0
137.76,0.0020000000000000018
137.8,-0.003999999999999997
137.84,-0.0020000000000000018
137.88,0.006000000000000005
137.92000000000002,0.0020000000000000018
137.96,-0.0020000000000000018
138.0,0.0020000000000000018
138.04,0.006000000000000005
138.08,0.0020000000000000018
138.12,0.0020000000000000018
138.16,0.0040000000000000036
138.20000000000002,0.0020000000000000018
138.24,-0.0020000000000000018
138.28,0.0
138.32,-0.003999999999999997
138.36,-0.005999999999999998
138.4,-0.0020000000000000018
138.44,-0.0020000000000000018
138.48,-0.003999999999999997
138.52,-0.0020000000000000018
138.56,0.0040000000000000036
138.6,0.0
138.64000000000001,-0.003999999999999997
138.68,-0.0020000000000000018
138.72,0.0040000000000000036
138.76,0.0020000000000000018
138.8,0.0020000000000000018
138.84,0.0020000000000000018
138.88,-0.0020000000000000018
138.92000000000002,-0.0020000000000000018
138.96,0.0
139.0,-0.003999999999999997
139.04,-0.005999999999999998
139.08,-0.0020000000000000018
139.12,0.0020000000000000018
139.16,-0.0020000000000000018
139.20000000000002,-0.003999999999999997
139.24,-0.0020000000000000018
139.28,0.0020000000000000018
139.32,-0.0020000000000000018
139.36,0.0
139.4,0.0020000000000000018
139.44,0.0040000000000000036
139.48,0.0040000000000000036
139.52,0.0040000000000000036
139.56,0.0
139.6,-0.0020000000000000018
139.64000000000001,-0.003999999999999997
139.68,-0.0020000000000000018
139.72,-0.003999999999999997
139.76,-0.003999999999999997
139.8,0.0020000000000000018
139.84,-0.0020000000000000018
139.88,-0.005999999999999998
139.92000000000002,-0.003999999999999997
139.96,0.0020000000000000018
140.0,0.0
140.04,-0.0020000000000000018
140.08,0.0020000000000000018
140.12,0.0020000000000000018
140.16,0.0020000000000000018
140.20000000000002,0.0020000000000000018
140.24,0.0
140.28,-0.003999999999999997
140.32,-0.0020000000000000018
140.36,0.0020000000000000018
140.4,-0.0020000000000000018
140.44,-0.003999999999999997
140.48,0.0020000000000000018
140.52,0.0020000000000000018
140.56,-0.003999999999999997
140.6,-0.005999999999999998
140.64000000000001,0.0
140.68,0.0020000000000000018
140.72,0.0020000000000000018
140.76,0.006000000000000005
140.8,0.006000000000000005
140.84,0.0020000000000000018
140.88,0.0020000000000000018
140.92000000000002,0.0020000000000000018
140.96,-0.0020000000000000018
141.0,-0.0020000000000000018
141.04,0.0040000000000000036
141.08,-0.0020000000000000018
141.12,-0.005999999999999998
141.16,-0.0020000000000000018
141.20000000000002,-0.0020000000000000018
141.24,-0.003999999999999997
141.28,-0.005999999999999998
141.32,-0.0020000000000000018
141.36,-0.0020000000000000018
141.4,-0.0020000000000000018
141.44,0.0020000000000000018
141.48,-0.0020000000000000018
141.52,-0.003999999999999997
141.56,-0.0020000000000000018
141.6,0.0020000000000000018
141.64000000000001,-0.003999999999999997
141.68,-0.0020000000000000018
141.72,0.0020000000000000018
141.76,0.0020000000000000018
141.8,-0.005999999999999998
141.84,-0.003999999999999997
141.88,-0.0020000000000000018
141.92000000000002,-0.005999999999999998
141.96,-0.003999999999999997
142.0,0.0020000000000000018
142.04,0.0020000000000000018
142.08,0.0020000000000000018
142.12,0.0040000000000000036
142.16,0.0020000000000000018
142.20000000000002,0.0
142.24,0.0040000000000000036
142.28,0.006000000000000005
142.32,-0.0020000000000000018
142.36,0.0
142.4,0.006000000000000005
142.44,0.0020000000000000018
142.48,-0.003999999999999997
142.52,-0.003999999999999997
142.56,-0.0020000000000000018
142.6,-0.003999999999999997
142.64000000000001,0.0
142.68,0.0020000000000000018
142.72,-0.0020000000000000018
142.76,-0.003999999999999997
142.8,0.0020000000000000018
142.84,-0.003999999999999997
142.88,-0.003999999999999997
142.92000000000002,0.0020000000000000018
142.96,0.0040000000000000036
143.0,0.0020000000000000018
143.04,-0.003999999999999997
143.08,-0.0020000000000000018
143.12,-0.0020000000000000018
143.16,-0.003999999999999997
143.20000000000002,-0.005999999999999998
143.24,-0.005999999999999998
143.28,-0.005999999999999998
143.32,-0.003999999999999997
143.36,-0.0020000000000000018
143.4,-0.0020000000000000018
143.44,-0.0020000000000000018
143.48,0.0040000000000000036
143.52,0.0
143.56,-0.003999999999999997
143.6,0.0
143.64000000000001,0.0040000000000000036
143.68,0.0040000000000000036
143.72,0.0020000000000000018
143.76,0.0020000000000000018
143.8,0.0
143.84,-0.0020000000000000018
143.88,-0.0020000000000000018
143.92000000000002,-0.0020000000000000018
143.96,-0.0020000000000000018
144.0,0.0020000000000000018
144.04,0.0020000000000000018
144.08,-0.0020000000000000018
144.12,-0.003999999999999997
144.16,-0.0020000000000000018
144.20000000000002,0.0020000000000000018
144.24,-0.0020000000000000018
144.28,0.0
144.32,0.0020000000000000018
144.36,0.0040000000000000036
144.4,0.0020000000000000018
144.44,-0.003999999999999997
144.48,-0.0020000000000000018
144.52,-0.0020000000000000018
144.56,-0.005999999999999998
144.6,-0.005999999999999998
144.64000000000001,-0.003999999999999997
144.68,-0.0020000000000000018
144.72,-0.0020000000000000018
144.76,-0.0020000000000000018
144.8,-0.005999999999999998
144.84,-0.005999999999999998
144.88,0.0020000000000000018
144.92000000000002,0.0020000000000000018
144.96,0.0
145.0,0.0020000000000000018
145.04,0.0040000000000000036
145.08,0.0
145.12,0.0
145.16,0.0020000000000000018
145.20000000000002,0.0
145.24,-0.0020000000000000018
145.28,0.0020000000000000018
145.32,0.0
145.36,-0.003999999999999997
145.4,-0.0020000000000000018
145.44,0.0
145.48,-0.003999999999999997
145.52,-0.003999999999999997
145.56,0.0020000000000000018
145.6,0.0040000000000000036
145.64000000000001,0.0
145.68,0.0020000000000000018
145.72,0.0040000000000000036
145.76,0.0020000000000000018
145.8,-0.0020000000000000018
145.84,-0.0020000000000000018
145.88,-0.0020000000000000018
145.92000000000002,-0.0020000000000000018
145.96,0.0020000000000000018
146.0,-0.0020000000000000018
146.04,-0.008
146.08,-0.005999999999999998
146.12,0.0
146.16,-0.003999999999999997
146.20000000000002,-0.003999999999999997
146.24,0.0
146.28,0.0020000000000000018
146.32,-0.0020000000000000018
146.36,0.0020000000000000018
146.4,0.0020000000000000018
146.44,-0.0020000000000000018
146.48,0.0020000000000000018
146.52,0.0040000000000000036
146.56,0.0
146.6,-0.0020000000000000018
146.64000000000001,0.0040000000000000036
146.68,-0.0020000000000000018
146.72,-0.005999999999999998
146.76,-0.005999999999999998
146.8,0.0
146.84,-0.003999999999999997
146.88,-0.003999999999999997
146.92000000000002,0.0020000000000000018
146.96,0.0040000000000000036
147.0,-0.0020000000000000018
147.04,0.0020000000000000018
147.08,0.0020000000000000018
147.12,-0.0020000000000000018
147.16,0.0020000000000000018
147.20000000000002,0.0040000000000000036
147.24,-0.0020000000000000018
147.28,-0.003999999999999997
147.32,0.0020000000000000018
147.36,-0.0020000000000000018
147.4,-0.005999999999999998
147.44,-0.003999999999999997
147.48,-0.0020000000000000018
147.52,-0.003999999999999997
147.56,-0.003999999999999997
147.6,0.0020000000000000018
147.64000000000001,0.0
147.68,-0.0020000000000000018
147.72,0.0020000000000000018
147.76,0.0020000000000000018
147.8,0.0
147.84,0.0020000000000000018
147.88,0.006000000000000005
147.92000000000002,0.0020000000000000018
147.96,-0.0020000000000000018
148.0,0.0020000000000000018
148.04,0.0020000000000000018
148.08,-0.003999999999999997
148.12,-0.003999999999999997
148.16,-0.0020000000000000018
148.20000000000002,0.0
148.24,-0.0020000000000000018
148.28,0.0
148.32,-0.0020000000000000018
148.36,0.0
148.4,0.0020000000000000018
148.44,0.0020000000000000018
148.48,-0.0020000000000000018
148.52,0.0
148.56,0.0040000000000000036
148.6,0.0020000000000000018
148.64000000000001,-0.0020000000000000018
148.68,-0.003999999999999997
148.72,-0.003999999999999997
148.76,-0.003999999999999997
148.8,-0.003999999999999997
148.84,-0.0020000000000000018
148.88,-0.0020000000000000018
148.92000000000002,-0.0020000000000000018
148.96,-0.0020000000000000018
149.0,-0.0020000000000000018
149.04,-0.003999999999999997
149.08,0.0
149.12,0.0020000000000000018
149.16,0.0020000000000000018
149.20000000000002,0.0020000000000000018
149.24,0.006000000000000005
149.28,0.0040000000000000036
149.32,-0.0020000000000000018
149.36,-0.003999999999999997
149.4,-0.0020000000000000018
149.44,0.0
149.48,-0.0020000000000000018
149.52,-0.0020000000000000018
149.56,0.0
149.6,0.0
149.64000000000001,-0.0020000000000000018
149.68,-0.0020000000000000018
149.72,-0.003999999999999997
149.76,-0.0020000000000000018
149.8,0.006000000000000005
149.84,0.0040000000000000036
149.88,0.0020000000000000018
149.92000000000002,0.0
149.96,0.0
150.0,-0.0020000000000000018
150.04,-0.003999999999999997
150.08,-0.0020000000000000018
150.12,-0.0020000000000000018
150.16,-0.003999999999999997
150.20000000000002,-0.0020000000000000018
150.24,-0.003999999999999997
150.28,-0.005999999999999998
150.32,-0.005999999999999998
150.36,-0.0020000000000000018
150.4,-0.0020000000000000018
150.44,0.0
150.48,0.0040000000000000036
150.52,0.0040000000000000036
150.56,-0.0020000000000000018
150.6,0.0
150.64000000000001,0.0020000000000000018
150.68,-0.0020000000000000018
150.72,-0.003999999999999997
150.76,-0.0020000000000000018
150.8,0.0
150.84,-0.0020000000000000018
150.88,0.0
150.92000000000002,-0.0020000000000000018
150.96,-0.005999999999999998
151.0,-0.003999999999999997
151.04,0.0020000000000000018
151.08,0.0020000000000000018
151.12,-0.0020000000000000018
151.16,0.0020000000000000018
151.20000000000002,0.0040000000000000036
151.24,-0.0020000000000000018
151.28,0.0
151.32,0.0020000000000000018
151.36,0.0
151.4,-0.0020000000000000018
151.44,0.0
151.48,-0.0020000000000000018
151.52,-0.003999999999999997
151.56,-0.0020000000000000018
151.6,-0.003999999999999997
151.64000000000001,-0.005999999999999998
151.68,-0.003999999999999997
151.72,0.0020000000000000018
151.76,0.0020000000000000018
151.8,-0.0020000000000000018
151.84,0.0020000000000000018
151.88,0.0040000000000000036
151.92000000000002,0.0020000000000000018
151.96,-0.0020000000000000018
152.0,0.0
152.04,0.0
152.08,0.0020000000000000018
152.12,0.0020000000000000018
152.16,-0.0020000000000000018
152.20000000000002,-0.005999999999999998
152.24,-0.0020000000000000018
152.28,-0.0020000000000000018
152.32,-0.003999999999999997
152.36,-0.003999999999999997
152.4,0.0
152.44,-0.0020000000000000018
152.48,-0.0020000000000000018
152.52,0.0
152.56,0.0020000000000000018
152.6,0.0
152.64000000000001,0.0
152.68,0.0
152.72,0.0020000000000000018
152.76,0.0020000000000000018
152.8,0.0020000000000000018
152.84,-0.0020000000000000018
152.88,-0.005999999999999998
152.92000000000002,-0.003999999999999997
152.96,-0.0020000000000000018
153.0,-0.003999999999999997
153.04,-0.003999999999999997
153.08,0.0020000000000000018
153.12,0.0040000000000000036
153.16,0.0020000000000000018
153.20000000000002,0.0
153.24,0.0020000000000000018
153.28,0.0020000000000000018
153.32,0.0040000000000000036
153.36,0.0040000000000000036
153.4,0.0020000000000000018
153.44,-0.0020000000000000018
153.48,0.0020000000000000018
153.52,0.0020000000000000018
153.56,-0.003999999999999997
153.6,-0.005999999999999998
153.64000000000001,-0.0020000000000000018
153.68,-0.0020000000000000018
153.72,-0.003999999999999997
153.76,0.0
153.8,0.0020000000000000018
153.84,-0.0020000000000000018
153.88,-0.003999999999999997
153.92000000000002,0.0
153.96,0.0
154.0,0.0020000000000000018
154.04,0.0040000000000000036
154.08,0.0020000000000000018
154.12,-0.003999999999999997
154.16,-0.0020000000000000018
154.20000000000002,-0.0020000000000000018
154.24,-0.005999999999999998
154.28,-0.008
154.32,-0.0020000000000000018
154.36,0.0020000000000000018
154.4,-0.003999999999999997
154.44,-0.0020000000000000018
154.48,-0.0020000000000000018
154.52,-0.0020000000000000018
154.56,0.0020000000000000018
154.6,0.0020000000000000018
154.64000000000001,0.0
154.68,0.0
154.72,0.006000000000000005
154.76,0.006000000000000005
154.8,-0.0020000000000000018
154.84,-0.0020000000000000018
154.88,0.0020000000000000018
154.92000000000002,-0.003999999999999997
154.96,-0.003999999999999997
155.0,0.0020000000000000018
155.04,0.0
155.08,-0.003999999999999997
155.12,-0.0020000000000000018
155.16,-0.0020000000000000018
155.20000000000002,-0.003999999999999997
155.24,0.0020000000000000018
155.28,0.0040000000000000036
155.32,0.0040000000000000036
155.36,0.0
155.4,0.0040000000000000036
155.44,0.0020000000000000018
155.48,-0.005999999999999998
155.52,-0.003999999999999997
155.56,-0.0020000000000000018
155.6,-0.0020000000000000018
155.64000000000001,-0.003999999999999997
155.68,-0.0020000000000000018
155.72,-0.0020000000000000018
155.76,-0.003999999999999997
155.8,0.0
155.84,0.0020000000000000018
155.88,-0.003999999999999997
155.92000000000002,0.0
155.96,0.0040000000000000036
156.0,0.0020000000000000018
156.04,-0.0020000000000000018
156.08,0.0020000000000000018
156.12,0.0020000000000000018
156.16,-0.003999999999999997
156.20000000000002,-0.0020000000000000018
156.24,0.0020000000000000018
156.28,-0.0020000000000000018
156.32,-0.003999999999999997
156.36,-0.0020000000000000018
156.4,-0.0020000000000000018
156.44,-0.003999999999999997
156.48,-0.0020000000000000018
156.52,0.0
156.56,-0.0020000000000000018
156.6,0.0020000000000000018
156.64000000000001,0.006000000000000005
156.68,0.0020000000000000018
156.72,0.0
156.76,0.0020000000000000018
156.8,0.0020000000000000018
156.84,-0.003999999999999997
156.88,-0.003999999999999997
156.92000000000002,-0.003999999999999997
156.96,-0.0020000000000000018
157.0,-0.0020000000000000018
157.04,0.0020000000000000018
157.08,-0.0020000000000000018
157.12,-0.003999999999999997
157.16,-0.0020000000000000018
157.20000000000002,0.0020000000000000018
157.24,0.0
157.28,0.0020000000000000018
157.32,0.0040000000000000036
157.36,0.0020000000000000018
157.4,-0.0020000000000000018
157.44,0.0
157.48,0.0020000000000000018
157.52,0.0
157.56,-0.0020000000000000018
157.6,-0.0020000000000000018
157.64000000000001,0.0
157.68,-0.003999999999999997
157.72,-0.003999999999999997
157.76,-0.003999999999999997
157.8,-0.003999999999999997
157.84,-0.003999999999999997
157.88,0.0
157.92000000000002,0.0020000000000000018
157.96,0.0
158.0,0.0040000000000000036
158.04,0.0040000000000000036
158.08,-0.0020000000000000018
158.12,-0.003999999999999997
158.16,-0.0020000000000000018
158.20000000000002,-0.0020000000000000018
158.24,0.0
158.28,-0.0020000000000000018
158.32,-0.0020000000000000018
158.36,-0.003999999999999997
158.4,-0.003999999999999997
158.44,-0.0020000000000000018
158.48,-0.0020000000000000018
158.52,-0.0020000000000000018
158.56,0.0020000000000000018
158.6,0.0040000000000000036
158.64000000000001,0.0
158.68,0.0020000000000000018
158.72,0.0040000000000000036
158.76,0.0020000000000000018
158.8,-0.0020000000000000018
158.84,0.0020000000000000018
158.88,0.0040000000000000036
158.92000000000002,0.0
158.96,0.0
159.0,-0.0020000000000000018
159.04,-0.005999999999999998
159.08,-0.005999999999999998
159.12,-0.0020000000000000018
159.16,-0.0020000000000000018
159.20000000000002,-0.003999999999999997
159.24,0.0020000000000000018
159.28,0.006000000000000005
159.32,-0.0020000000000000018
159.36,-0.003999999999999997
159.4,0.0020000000000000018
159.44,0.0
159.48,-0.0020000000000000018
159.52,0.0020000000000000018
159.56,0.0
159.6,-0.003999999999999997
159.64000000000001,-0.003999999999999997
159.68,-0.0020000000000000018
159.72,-0.005999999999999998
159.76,-0.005999999999999998
159.8,-0.0020000000000000018
159.84,-0.0020000000000000018
159.88,-0.003999999999999997
159.92000000000002,0.0020000000000000018
159.96,0.0040000000000000036
160.0,-0.0020000000000000018
160.04,-0.0020000000000000018
160.08,0.0040000000000000036
160.12,0.0040000000000000036
160.16,0.0020000000000000018
160.20000000000002,0.006000000000000005
160.24,0.0020000000000000018
160.28,-0.0020000000000000018
160.32,-0.0020000000000000018
160.36,0.0
160.4,-0.005999999999999998
160.44,-0.005999999999999998
160.48,0.0020000000000000018
160.52,0.0020000000000000018
160.56,-0.0020000000000000018
160.6,0.0
160.64000000000001,0.0
160.68,-0.0020000000000000018
160.72,0.0020000000000000018
160.76,0.0020000000000000018
160.8,-0.0020000000000000018
160.84,-0.0020000000000000018
160.88,0.0020000000000000018
160.92000000000002,-0.0020000000000000018
160.96,-0.003999999999999997
161.0,-0.0020000000000000018
161.04,-0.0020000000000000018
161.08,-0.005999999999999998
161.12,-0.003999999999999997
161.16,0.0
161.20000000000002,-0.0020000000000000018
161.24,-0.003999999999999997
161.28,-0.0020000000000000018
161.32,0.0
161.36,0.0
161.4,0.006000000000000005
161.44,0.006000000000000005
161.48,0.0020000000000000018
161.52,0.0020000000000000018
161.56,0.0040000000000000036
161.6,0.0
161.64000000000001,-0.005999999999999998
161.68,-0.0020000000000000018
161.72,-0.0020000000000000018
161.76,-0.003999999999999997
161.8,-0.003999999999999997
161.84,0.0020000000000000018
161.88,0.0020000000000000018
161.92000000000002,0.0020000000000000018
161.96,0.0020000000000000018
162.0,0.0
162.04,-0.0020000000000000018
162.08,0.0020000000000000018
162.12,0.0040000000000000036
162.16,0.0020000000000000018
162.20000000000002,0.0
162.24,0.0020000000000000018
162.28,-0.0020000000000000018
162.32,-0.005999999999999998
162.36,-0.003999999999999997
162.4,-0.0020000000000000018
162.44,-0.0020000000000000018
162.48,-0.005999999999999998
162.52,-0.003999999999999997
162.56,-0.0020000000000000018
162.6,-0.0020000000000000018
162.64000000000001,-0.0020000000000000018
162.68,-0.0020000000000000018
162.72,0.0
162.76,0.0020000000000000018
162.8,0.006000000000000005
162.84,0.0040000000000000036
162.88,0.0
162.92000000000002,0.0
162.96,-0.0020000000000000018
163.0,-0.003999999999999997
163.04,-0.003999999999999997
163.08,-0.0020000000000000018
163.12,0.0
163.16,-0.0020000000000000018
163.20000000000002,-0.0020000000000000018
163.24,-0.0020000000000000018
163.28,-0.003999999999999997
163.32,-0.0020000000000000018
163.36,0.0020000000000000018
163.4,0.0020000000000000018
163.44,0.0020000000000000018
163.48,0.0040000000000000036
163.52,0.0020000000000000018
163.56,-0.003999999999999997
163.6,-0.0020000000000000018
163.64000000000001,0.0020000000000000018
163.68,-0.0020000000000000018
163.72,-0.005999999999999998
163.76,-0.0020000000000000018
163.8,0.0
163.84,-0.005999999999999998
163.88,-0.003999999999999997
163.92000000000002,-0.0020000000000000018
163.96,-0.003999999999999997
164.0,-0.0020000000000000018
164.04,0.0040000000000000036
164.08,0.0040000000000000036
164.12,0.0020000000000000018
164.16,0.0040000000000000036
164.20000000000002,0.0040000000000000036
164.24,-0.003999999999999997
164.28,-0.003999999999999997
164.32,0.0020000000000000018
164.36,0.0
164.4,-0.0020000000000000018
164.44,0.0
164.48,0.0
164.52,-0.003999999999999997
164.56,-0.003999999999999997
164.6,0.0
164.64000000000001,-0.0020000000000000018
164.68,-0.0020000000000000018
164.72,0.006000000000000005
164.76,0.0
164.8,-0.0020000000000000018
164.84,0.0020000000000000018
164.88,0.0040000000000000036
164.92000000000002,-0.0020000000000000018
164.96,-0.003999999999999997
165.0,0.0020000000000000018
165.04,0.0020000000000000018
165.08,-0.003999999999999997
165.12,-0.0020000000000000018
165.16,-0.003999999999999997
165.20000000000002,-0.005999999999999998
165.24,-0.005999999999999998
165.28,-0.0020000000000000018
165.32,-0.003999999999999997
165.36,-0.0020000000000000018
165.4,0.0040000000000000036
165.44,0.0020000000000000018
165.48,-0.0020000000000000018
165.52,0.0020000000000000018
165.56,0.0020000000000000018
165.6,-0.0020000000000000018
165.64000000000001,-0.0020000000000000018
165.68,0.0020000000000000018
165.72,0.0020000000000000018
165.76,-0.0020000000000000018
165.8,-0.0020000000000000018
165.84,0.0
165.88,-0.003999999999999997
165.92000000000002,-0.0020000000000000018
165.96,0.0
166.0,-0.0020000000000000018
166.04,-0.0020000000000000018
166.08,0.006000000000000005
166.12,0.0020000000000000018
166.16,-0.0020000000000000018
166.20000000000002,0.0
166.24,0.0040000000000000036
166.28,0.0020000000000000018
166.32,0.0020000000000000018
166.36,0.0020000000000000018
166.4,-0.0020000000000000018
166.44,-0.003999999999999997
166.48,-0.0020000000000000018
166.52,-0.005999999999999998
166.56,-0.005999999999999998
166.6,-0.003999999999999997
166.64000000000001,-0.0020000000000000018
166.68,-0.0020000000000000018
166.72,-0.0020000000000000018
166.76,0.0
166.8,0.0020000000000000018
166.84,-0.0020000000000000018
166.88,0.0
166.92000000000002,0.0
166.96,0.0
167.0,-0.0020000000000000018
167.04,0.0020000000000000018
167.08,-0.0020000000000000018
167.12,-0.0020000000000000018
167.16,-0.0020000000000000018
167.20000000000002,-0.003999999999999997
167.24,-0.003999999999999997
167.28,-0.0020000000000000018
167.32,0.0040000000000000036
167.36,0.0020000000000000018
167.4,-0.0020000000000000018
167.44,-0.0020000000000000018
167.48,0.0020000000000000018
167.52,0.0020000000000000018
167.56,0.0020000000000000018
167.6,0.0040000000000000036
167.64000000000001,0.0040000000000000036
167.68,0.006000000000000005
167.72,0.0020000000000000018
167.76,0.0
167.8,-0.003999999999999997
167.84,-0.003999999999999997
167.88,-0.0020000000000000018
167.92000000000002,-0.003999999999999997
167.96,-0.003999999999999997
168.0,0.0
168.04,-0.0020000000000000018
168.08,-0.003999999999999997
168.12,-0.0020000000000000018
168.16,-0.0020000000000000018
168.20000000000002,-0.0020000000000000018
168.24,-0.0020000000000000018
168.28,0.0020000000000000018
168.32,0.0020000000000000018
168.36,0.0
168.4,0.0
168.44,-0.003999999999999997
168.48,-0.005999999999999998
168.52,-0.003999999999999997
168.56,0.0
168.6,-0.0020000000000000018
168.64000000000001,-0.005999999999999998
168.68,-0.0020000000000000018
168.72,-0.0020000000000000018
168.76,-0.003999999999999997
168.8,-0.003999999999999997
168.84,0.0020000000000000018
168.88,0.0020000000000000018
168.92000000000002,0.006000000000000005
168.96,0.006000000000000005
169.0,0.0040000000000000036
169.04,0.0020000000000000018
169.08,0.0020000000000000018
169.12,0.0020000000000000018
169.16,-0.003999999999999997
169.20000000000002,-0.003999999999999997
169.24,0.0020000000000000018
169.28,-0.0020000000000000018
169.32,-0.003999999999999997
169.36,0.0
169.4,0.0020000000000000018
169.44,-0.003999999999999997
169.48,-0.0020000000000000018
169.52,0.0020000000000000018
169.56,0.0020000000000000018
169.6,0.0020000000000000018
169.64000000000001,0.0040000000000000036
169.68,-0.0020000000000000018
169.72,-0.003999999999999997
169.76,0.0
169.8,0.0020000000000000018
169.84,-0.003999999999999997
169.88,-0.003999999999999997
169.92000000000002,0.0020000000000000018
169.96,-0.003999999999999997
170.0,-0.005999999999999998
170.04,-0.003999999999999997
170.08,-0.0020000000000000018
170.12,-0.005999999999999998
170.16,-0.0020000000000000018
170.20000000000002,0.0040000000000000036
170.24,0.0020000000000000018
170.28,0.0020000000000000018
170.32,0.0040000000000000036
170.36,0.0020000000000000018
170.4,-0.0020000000000000018
170.44,0.0020000000000000018
170.48,0.0020000000000000018
170.52,-0.0020000000000000018
170.56,-0.0020000000000000018
170.6,0.0020000000000000018
170.64000000000001,0.0
170.68,-0.003999999999999997
170.72,-0.0020000000000000018
170.76,-0.0020000000000000018
170.8,-0.0020000000000000018
170.84,-0.0020000000000000018
170.88,0.0020000000000000018
170.92000000000002,-0.0020000000000000018
170.96,-0.0020000000000000018
171.0,0.0040000000000000036
171.04,0.0020000000000000018
171.08,-0.0020000000000000018
171.12,0.0
171.16,0.0020000000000000018
171.20000000000002,-0.0020000000000000018
171.24,-0.0020000000000000018
171.28,0.0
171.32,-0.0020000000000000018
171.36,-0.005999999999999998
171.4,-0.003999999999999997
171.44,-0.003999999999999997
171.48,-0.0020000000000000018
171.52,0.0
171.56,0.0040000000000000036
171.6,0.0020000000000000018
171.64000000000001,0.0020000000000000018
171.68,0.0020000000000000018
171.72,0.0020000000000000018
171.76,-0.0020000000000000018
171.8,0.0
171.84,0.0040000000000000036
171.88,0.0
171.92000000000002,-0.0020000000000000018
171.96,-0.0020000000000000018
172.0,-0.0020000000000000018
172.04,-0.003999999999999997
172.08,-0.003999999999999997
172.12,-0.0020000000000000018
172.16,-0.003999999999999997
172.20000000000002,-0.0020000000000000018
172.24,0.0040000000000000036
172.28,0.0020000000000000018
172.32,-0.0020000000000000018
172.36,-0.0020000000000000018
172.4,0.0020000000000000018
172.44,0.0020000000000000018
172.48,0.0
172.52,0.0020000000000000018
172.56,0.0020000000000000018
172.6,-0.003999999999999997
172.64000000000001,-0.005999999999999998
172.68,-0.003999999999999997
172.72,-0.005999999999999998
172.76,-0.003999999999999997
172.8,-0.0020000000000000018
172.84,0.0020000000000000018
172.88,0.0020000000000000018
172.92000000000002,0.0020000000000000018
172.96,0.0020000000000000018
173.0,-0.0020000000000000018
173.04,-0.0020000000000000018
173.08,0.006000000000000005
173.12,0.0020000000000000018
173.16,-0.0020000000000000018
173.20000000000002,0.0020000000000000018
173.24,0.0020000000000000018
173.28,-0.0020000000000000018
173.32,-0.0020000000000000018
173.36,-0.003999999999999997
173.4,-0.003999999999999997
173.44,-0.003999999999999997
173.48,0.0040000000000000036
173.52,0.0020000000000000018
173.56,-0.003999999999999997
173.6,-0.003999999999999997
173.64000000000001,0.0020000000000000018
173.68,-0.0020000000000000018
173.72,0.0
173.76,0.006000000000000005
173.8,0.0040000000000000036
173.84,-0.0020000000000000018
173.88,0.0
173.92000000000002,-0.0020000000000000018
173.96,-0.005999999999999998
174.0,-0.005999999999999998
174.04,-0.003999999999999997
174.08,-0.003999999999999997
174.12,-0.003999999999999997
174.16,0.0020000000000000018
174.20000000000002,0.0
174.24,-0.003999999999999997
174.28,-0.0020000000000000018
174.32,0.0040000000000000036
174.36,0.0
174.4,0.0
174.44,0.0040000000000000036
174.48,0.0040000000000000036
174.52,0.0020000000000000018
174.56,0.0020000000000000018
174.6,0.0
174.64000000000001,-0.003999999999999997
174.68,-0.0020000000000000018
174.72,0.0040000000000000036
174.76,-0.0020000000000000018
174.8,-0.0020000000000000018
174.84,0.0020000000000000018
174.88,-0.0020000000000000018
174.92000000000002,-0.003999999999999997
174.96,-0.0020000000000000018
175.0,0.0020000000000000018
175.04,0.0020000000000000018
175.08,0.0
175.12,0.0020000000000000018
175.16,0.0020000000000000018
175.20000000000002,-0.0020000000000000018
175.24,-0.0020000000000000018
175.28,-0.003999999999999997
175.32,-0.003999999999999997
175.36,-0.003999999999999997
175.4,-0.0020000000000000018
175.44,-0.003999999999999997
175.48,-0.003999999999999997
175.52,0.0
175.56,-0.0020000000000000018
175.6,-0.003999999999999997
175.64000000000001,-0.0020000000000000018
175.68,0.0
175.72,0.0
175.76,0.0020000000000000018
175.8,0.0040000000000000036
175.84,0.0020000000000000018
175.88,-0.0020000000000000018
175.92000000000002,0.0020000000000000018
175.96,0.0
176.0,-0.0020000000000000018
176.04,-0.0020000000000000018
176.08,0.0020000000000000018
176.12,-0.0020000000000000018
176.16,-0.0020000000000000018
176.20000000000002,-0.0020000000000000018
176.24,-0.0020000000000000018
176.28,-0.003999999999999997
176.32,-0.0020000000000000018
176.36,0.0020000000000000018
176.4,0.0040000000000000036
176.44,0.006000000000000005
176.48,0.0020000000000000018
176.52,0.0020000000000000018
176.56,-0.0020000000000000018
176.6,-0.0020000000000000018
176.64000000000001,-0.003999999999999997
176.68,-0.003999999999999997
176.72,-0.0020000000000000018
176.76,0.0
176.8,-0.0020000000000000018
176.84,-0.003999999999999997
176.88,-0.003999999999999997
176.92000000000002,-0.003999999999999997
176.96,-0.003999999999999997
177.0,0.0020000000000000018
177.04,0.0020000000000000018
177.08,0.0020000000000000018
177.12,0.0020000000000000018
177.16,0.0020000000000000018
177.20000000000002,0.0
177.24,-0.0020000000000000018
177.28,-0.0020000000000000018
177.32,0.0
177.36,-0.0020000000000000018
177.4,-0.0020000000000000018
177.44,0.0020000000000000018
177.48,-0.0020000000000000018
177.52,-0.003999999999999997
177.56,-0.003999999999999997
177.6,-0.0020000000000000018
177.64000000000001,0.0
177.68,0.0020000000000000018
177.72,0.0020000000000000018
177.76,0.0020000000000000018
177.8,0.0020000000000000018
177.84,0.0020000000000000018
177.88,-0.0020000000000000018
177.92000000000002,-0.003999999999999997
177.96,-0.0020000000000000018
178.0,0.0020000000000000018
178.04,0.0
178.08,-0.003999999999999997
178.12,-0.003999999999999997
178.16,-0.0020000000000000018
178.20000000000002,-0.003999999999999997
178.24,-0.003999999999999997
178.28,0.0
178.32,0.0
178.36,-0.0020000000000000018
178.4,0.0020000000000000018
178.44,0.0020000000000000018
178.48,-0.0020000000000000018
178.52,0.0
178.56,0.0020000000000000018
178.6,-0.0020000000000000018
178.64000000000001,0.0
178.68,0.0040000000000000036
178.72,0.0020000000000000018
178.76,-0.005999999999999998
178.8,-0.005999999999999998
178.84,-0.0020000000000000018
178.88,-0.003999999999999997
178.92000000000002,-0.003999999999999997
178.96,0.0
179.0,0.0020000000000000018
179.04,0.0020000000000000018
179.08,0.0020000000000000018
179.12,0.0020000000000000018
179.16,-0.003999999999999997
179.20000000000002,0.0020000000000000018
179.24,0.0040000000000000036
179.28,-0.0020000000000000018
179.32,-0.003999999999999997
179.36,0.0
179.4,0.0
179.44,-0.005999999999999998
179.48,-0.003999999999999997
179.52,-0.0020000000000000018
179.56,-0.003999999999999997
179.6,-0.003999999999999997
179.64000000000001,0.0020000000000000018
179.68,0.0020000000000000018
179.72,-0.0020000000000000018
179.76,0.0020000000000000018
179.8,0.0020000000000000018
179.84,-0.0020000000000000018
179.88,0.0020000000000000018
179.92000000000002,0.006000000000000005
179.96,0.0040000000000000036
180.0,-0.0020000000000000018
180.04,-0.0020000000000000018
180.08,0.0020000000000000018
180.12,-0.003999999999999997
180.16,-0.005999999999999998
180.20000000000002,-0.0020000000000000018
180.24,-0.0020000000000000018
180.28,-0.0020000000000000018
180.32,0.0020000000000000018
180.36,0.0020000000000000018
180.4,0.0
180.44,0.0020000000000000018
180.48,0.0020000000000000018
180.52,-0.0020000000000000018
180.56,-0.003999999999999997
180.6,0.0020000000000000018
180.64000000000001,0.0020000000000000018
180.68,-0.0020000000000000018
180.72,-0.0020000000000000018
180.76,-0.003999999999999997
180.8,-0.005999999999999998
180.84,-0.005999999999999998
180.88,-0.003999999999999997
180.92000000000002,-0.0020000000000000018
180.96,-0.0020000000000000018
181.0,-0.0020000000000000018
181.04,0.0
181.08,-0.0020000000000000018
181.12,0.0
181.16,0.0020000000000000018
181.20000000000002,0.0020000000000000018
181.24,-0.0020000000000000018
181.28,0.0020000000000000018
181.32,0.006000000000000005
181.36,0.0020000000000000018
181.4,-0.003999999999999997
181.44,-0.003999999999999997
181.48,-0.003999999999999997
181.52,-0.003999999999999997
181.56,-0.0020000000000000018
181.6,-0.0020000000000000018
181.64000000000001,0.0020000000000000018
181.68,0.0020000000000000018
181.72,0.0020000000000000018
181.76,0.0
181.8,-0.0020000000000000018
181.84,0.0020000000000000018
181.88,0.0020000000000000018
181.92000000000002,0.0
181.96,0.0020000000000000018
182.0,0.0020000000000000018
182.04,-0.0020000000000000018
182.08,-0.005999999999999998
182.12,-0.003999999999999997
182.16,-0.0020000000000000018
182.20000000000002,-0.003999999999999997
182.24,-0.003999999999999997
182.28,-0.003999999999999997
182.32,-0.0020000000000000018
182.36,-0.0020000000000000018
182.4,0.0
182.44,-0.003999999999999997
182.48,-0.003999999999999997
182.52,0.006000000000000005
182.56,0.006000000000000005
182.6,0.0020000000000000018
182.64000000000001,0.0020000000000000018
182.68,0.0020000000000000018
182.72,-0.003999999999999997
182.76,-0.003999999999999997
182.8,-0.0020000000000000018
182.84,-0.003999999999999997
182.88,-0.0020000000000000018
182.92000000000002,0.0020000000000000018
182.96,0.0020000000000000018
183.0,-0.0020000000000000018
183.04,0.0
183.08,0.0020000000000000018
183.12,-0.0020000000000000018
183.16,-0.0020000000000000018
183.20000000000002,0.006000000000000005
183.24,0.006000000000000005
183.28,0.0
183.32,-0.0020000000000000018
183.36,0.0
183.4,-0.0020000000000000018
183.44,-0.0020000000000000018
183.48,0.0
183.52,-0.003999999999999997
183.56,-0.003999999999999997
183.6,0.0020000000000000018
183.64000000000001,-0.0020000000000000018
183.68,-0.005999999999999998
183.72,-0.003999999999999997
183.76,0.0020000000000000018
183.8,0.0020000000000000018
183.84,0.0020000000000000018
183.88,0.0040000000000000036
183.92000000000002,0.0040000000000000036
183.96,0.0020000000000000018
184.0,0.0
184.04,-0.0020000000000000018
184.08,-0.003999999999999997
184.12,-0.0020000000000000018
184.16,0.0020000000000000018
184.20000000000002,-0.003999999999999997
184.24,-0.003999999999999997
184.28,0.0
184.32,-0.0020000000000000018
184.36,-0.005999999999999998
184.4,0.0
184.44,0.0040000000000000036
184.48,0.0020000000000000018
184.52,0.0
184.56,0.0020000000000000018
184.6,0.0020000000000000018
184.64000000000001,0.0020000000000000018
184.68,0.0
184.72,-0.0020000000000000018
184.76,-0.003999999999999997
184.8,-0.0020000000000000018
184.84,0.0020000000000000018
184.88,-0.0020000000000000018
184.92000000000002,-0.005999999999999998
184.96,-0.003999999999999997
185.0,-0.0020000000000000018
185.04,-0.003999999999999997
185.08,-0.003999999999999997
185.12,0.0020000000000000018
185.16,0.006000000000000005
185.20000000000002,0.0040000000000000036
185.24,0.0020000000000000018
185.28,0.0020000000000000018
185.32,0.0
185.36,0.0
185.4,0.0
185.44,-0.003999999999999997
185.48,-0.0020000000000000018
185.52,0.0
185.56,0.0020000000000000018
185.6,-0.003999999999999997
185.64000000000001,-0.0020000000000000018
185.68,0.0
185.72,-0.0020000000000000018
185.76,-0.003999999999999997
185.8,0.0020000000000000018
185.84,0.0020000000000000018
185.88,0.0040000000000000036
185.92000000000002,0.0020000000000000018
185.96,0.0020000000000000018
186.0,-0.0020000000000000018
186.04,-0.0020000000000000018
186.08,0.0020000000000000018
186.12,0.0
186.16,-0.003999999999999997
186.20000000000002,-0.0020000000000000018
186.24,-0.0020000000000000018
186.28,-0.005999999999999998
186.32,-0.008
186.36,-0.003999999999999997
186.4,0.0
186.44,0.0
186.48,0.0
186.52,0.0040000000000000036
186.56,0.0040000000000000036
186.6,-0.0020000000000000018
186.64000000000001,0.0020000000000000018
186.68,-0.0020000000000000018
186.72,-0.0020000000000000018
186.76,0.0020000000000000018
186.8,0.0020000000000000018
186.84,-0.0020000000000000018
186.88,-0.0020000000000000018
186.92000000000002,0.0020000000000000018
186.96,-0.003999999999999997
187.0,-0.008
187.04,-0.0020000000000000018
187.08,0.0020000000000000018
187.12,0.0020000000000000018
187.16,0.0020000000000000018
187.20000000000002,0.0020000000000000018
187.24,0.0020000000000000018
187.28,0.0020000000000000018
187.32,0.0040000000000000036
187.36,0.0020000000000000018
187.4,-0.0020000000000000018
187.44,0.0020000000000000018
187.48,0.0040000000000000036
187.52,-0.003999999999999997
187.56,-0.005999999999999998
187.6,-0.0020000000000000018
187.64000000000001,-0.003999999999999997
187.68,-0.005999999999999998
187.72,-0.0020000000000000018
187.76,0.0020000000000000018
187.8,0.0
187.84,0.0020000000000000018
187.88,0.0020000000000000018
187.92000000000002,-0.0020000000000000018
187.96,-0.0020000000000000018
188.0,0.0020000000000000018
188.04,-0.0020000000000000018
188.08,-0.0020000000000000018
188.12,0.0020000000000000018
188.16,0.0040000000000000036
188.20000000000002,-0.003999999999999997
188.24,-0.005999999999999998
188.28,-0.0020000000000000018
188.32,0.0
188.36,-0.003999999999999997
188.4,0.0
188.44,0.0020000000000000018
188.48,0.0
188.52,0.0040000000000000036
188.56,0.006000000000000005
188.6,0.0020000000000000018
188.64000000000001,0.0020000000000000018
188.68,0.006000000000000005
188.72,0.006000000000000005
188.76,-0.0020000000000000018
188.8,0.0
188.84,0.0020000000000000018
188.88,-0.0020000000000000018
188.92000000000002,-0.003999999999999997
188.96,-0.003999999999999997
189.0,-0.003999999999999997
189.04,-0.0020000000000000018
189.08,0.0
189.12,0.0020000000000000018
189.16,-0.0020000000000000018
189.20000000000002,0.0020000000000000018
189.24,0.0
189.28,-0.003999999999999997
189.32,-0.003999999999999997
189.36,0.0040000000000000036
189.4,0.0020000000000000018
189.44,-0.003999999999999997
189.48,-0.003999999999999997
189.52,0.0
189.56,-0.0020000000000000018
189.6,-0.003999999999999997
189.64000000000001,-0.003999999999999997
189.68,-0.003999999999999997
189.72,-0.0020000000000000018
189.76,0.0020000000000000018
189.8,0.0
189.84,-0.0020000000000000018
189.88,0.0020000000000000018
189.92000000000002,0.0020000000000000018
189.96,0.0020000000000000018
190.0,0.0020000000000000018
190.04,0.0040000000000000036
190.08,0.006000000000000005
190.12,0.0020000000000000018
190.16,0.0
190.20000000000002,-0.0020000000000000018
190.24,-0.0020000000000000018
190.28,-0.003999999999999997
190.32,-0.003999999999999997
190.36,-0.0020000000000000018
190.4,0.0020000000000000018
190.44,0.0020000000000000018
190.48,0.0
190.52,-0.0020000000000000018
190.56,-0.0020000000000000018
190.6,0.0020000000000000018
190.64000000000001,0.0020000000000000018
190.68,-0.0020000000000000018
190.72,0.0
190.76,0.006000000000000005
190.8,0.0020000000000000018
190.84,-0.0020000000000000018
190.88,-0.003999999999999997
190.92000000000002,-0.003999999999999997
190.96,-0.003999999999999997
191.0,-0.003999999999999997
191.04,-0.003999999999999997
191.08,-0.003999999999999997
191.12,-0.0020000000000000018
191.16,0.0
191.20000000000002,-0.0020000000000000018
191.24,-0.003999999999999997
191.28,0.0020000000000000018
191.32,0.006000000000000005
191.36,0.0040000000000000036
191.4,0.0
191.44,0.0020000000000000018
191.48000000000002,0.0020000000000000018
191.52,-0.0020000000000000018
191.56,-0.0020000000000000018
191.6,-0.0020000000000000018
191.64000000000001,0.0
191.68,-0.0020000000000000018
191.72,-0.0020000000000000018
191.76,-0.0020000000000000018
191.8,-0.003999999999999997
191.84,-0.0020000000000000018
191.88,-0.0020000000000000018
191.92000000000002,-0.005999999999999998
191.96,0.0
192.0,0.006000000000000005
192.04,0.0040000000000000036
192.08,0.0
192.12,0.0020000000000000018
192.16,0.0020000000000000018
192.20000000000002,-0.003999999999999997
192.24,-0.0020000000000000018
192.28,-0.0020000000000000018
192.32,-0.0020000000000000018
192.36,-0.0020000000000000018
192.4,0.0
192.44,-0.005999999999999998
192.48000000000002,-0.005999999999999998
192.52,0.0
192.56,0.0020000000000000018
192.6,-0.0020000000000000018
192.64000000000001,0.0020000000000000018
192.68,0.006000000000000005
192.72,0.0040000000000000036
192.76,-0.0020000000000000018
192.8,0.0020000000000000018
192.84,0.0020000000000000018
192.88,-0.0020000000000000018
192.92000000000002,0.0
192.96,0.0
193.0,-0.003999999999999997
193.04,0.0020000000000000018
193.08,0.0020000000000000018
193.12,-0.005999999999999998
193.16,-0.009999999999999995
193.20000000000002,-0.0020000000000000018
193.24,0.0020000000000000018
193.28,-0.003999999999999997
193.32,0.0
193.36,0.006000000000000005
193.4,0.0020000000000000018
193.44,0.0
193.48000000000002,0.0020000000000000018
193.52,0.0
193.56,-0.003999999999999997
193.6,0.0020000000000000018
193.64000000000001,0.0020000000000000018
193.68,-0.005999999999999998
193.72,-0.003999999999999997
193.76,0.0020000000000000018
193.8,-0.003999999999999997
193.84,-0.005999999999999998
193.88,0.0
193.92000000000002,0.0020000000000000018
193.96,-0.0020000000000000018
194.0,0.0020000000000000018
194.04,0.006000000000000005
194.08,0.0040000000000000036
194.12,0.0020000000000000018
194.16,0.0020000000000000018
194.20000000000002,-0.0020000000000000018
194.24,-0.0020000000000000018
194.28,0.006000000000000005
194.32,0.006000000000000005
194.36,-0.003999999999999997
194.4,-0.003999999999999997
194.44,-0.0020000000000000018
194.48000000000002,-0.003999999999999997
194.52,-0.005999999999999998
194.56,-0.003999999999999997
194.6,0.0
194.64000000000001,-0.0020000000000000018
194.68,0.0
194.72,0.0020000000000000018
194.76,0.0
194.8,-0.0020000000000000018
194.84,0.0020000000000000018
194.88,-0.0020000000000000018
194.92000000000002,-0.0020000000000000018
194.96,0.0
195.0,0.0020000000000000018
195.04,-0.0020000000000000018
195.08,-0.003999999999999997
195.12,-0.0020000000000000018
195.16,-0.003999999999999997
195.20000000000002,-0.005999999999999998
195.24,-0.003999999999999997
195.28,0.0020000000000000018
195.32,0.0020000000000000018
195.36,0.0020000000000000018
195.4,-0.0020000000000000018
195.44,-0.0020000000000000018
195.48000000000002,0.0020000000000000018
195.52,0.0020000000000000018
195.56,0.006000000000000005
195.6,0.0020000000000000018
195.64000000000001,0.0020000000000000018
195.68,0.0040000000000000036
195.72,0.0020000000000000018
195.76,-0.005999999999999998
195.8,-0.005999999999999998
195.84,-0.0020000000000000018
195.88,-0.0020000000000000018
195.92000000000002,-0.003999999999999997
195.96,0.0
196.0,0.0020000000000000018
196.04,0.0
196.08,0.0
196.12,0.0020000000000000018
196.16,-0.0020000000000000018
196.20000000000002,0.0
196.24,0.0040000000000000036
196.28,0.0020000000000000018
196.32,-0.0020000000000000018
196.36,-0.003999999999999997
196.4,-0.0020000000000000018
196.44,-0.005999999999999998
196.48000000000002,-0.005999999999999998
196.52,0.0
196.56,0.0
196.6,-0.003999999999999997
196.64000000000001,-0.003999999999999997
196.68,-0.0020000000000000018
196.72,-0.0020000000000000018
196.76,0.0
196.8,0.0020000000000000018
196.84,-0.0020000000000000018
196.88,0.0020000000000000018
196.92000000000002,0.008
196.96,0.006000000000000005
197.0,-0.0020000000000000018
197.04,0.0020000000000000018
197.08,0.0020000000000000018
197.12,-0.0020000000000000018
197.16,-0.005999999999999998
197.20000000000002,-0.0020000000000000018
197.24,0.0
197.28,-0.0020000000000000018
197.32,-0.0020000000000000018
197.36,-0.0020000000000000018
197.4,-0.003999999999999997
197.44,-0.0020000000000000018
197.48000000000002,0.0020000000000000018
197.52,0.0020000000000000018
197.56,0.0
197.6,0.006000000000000005
197.64000000000001,0.0020000000000000018
197.68,-0.003999999999999997
197.72,-0.0020000000000000018
197.76,0.0020000000000000018
197.8,-0.0020000000000000018
197.84,-0.003999999999999997
197.88,-0.003999999999999997
197.92000000000002,-0.0020000000000000018
197.96,-0.0020000000000000018
198.0,0.0
198.04,-0.003999999999999997
198.08,-0.005999999999999998
198.12,0.0
198.16,0.0040000000000000036
198.20000000000002,0.0
198.24,0.0
198.28,0.006000000000000005
198.32,0.006000000000000005
198.36,-0.0020000000000000018
198.4,-0.0020000000000000018
198.44,-0.0020000000000000018
198.48000000000002,-0.0020000000000000018
198.52,-0.0020000000000000018
198.56,0.0020000000000000018
198.6,-0.0020000000000000018
198.64000000000001,-0.003999999999999997
198.68,-0.0020000000000000018
198.72,-0.003999999999999997
198.76,-0.003999999999999997
198.8,0.0020000000000000018
198.84,0.006000000000000005
198.88,0.0
198.92000000000002,0.0
198.96,0.0020000000000000018
199.0,0.006000000000000005
199.04,0.0
199.08,-0.0020000000000000018
199.12,-0.0020000000000000018
199.16,-0.0020000000000000018
199.20000000000002,0.0020000000000000018
199.24,0.0020000000000000018
199.28,-0.003999999999999997
199.32,-0.005999999999999998
199.36,-0.003999999999999997
199.4,-0.0020000000000000018
199.44,-0.003999999999999997
199.48000000000002,-0.0020000000000000018
199.52,0.006000000000000005
199.56,0.0040000000000000036
199.6,0.0020000000000000018
199.64000000000001,0.0020000000000000018
199.68,0.0020000000000000018
199.72,-0.0020000000000000018
199.76,0.0
199.8,0.0020000000000000018
199.84,-0.0020000000000000018
199.88,0.0020000000000000018
199.92000000000002,-0.0020000000000000018
199.96,-0.003999999999999997
200.0,-0.005999999999999998
200.04,-0.0020000000000000018
200.08,-0.0020000000000000018
200.12,-0.005999999999999998
200.16,-0.0020000000000000018
200.20000000000002,0.0040000000000000036
200.24,0.006000000000000005
200.28,-0.0020000000000000018
200.32,-0.0020000000000000018
200.36,-0.0020000000000000018
200.4,0.0
200.44,0.0020000000000000018
200.48000000000002,0.0020000000000000018
200.52,-0.0020000000000000018
200.56,-0.003999999999999997
200.6,-0.0020000000000000018
200.64000000000001,-0.003999999999999997
200.68,-0.008
200.72,-0.003999999999999997
200.76,0.0020000000000000018
200.8,0.0020000000000000018
200.84,-0.0020000000000000018
200.88,0.0020000000000000018
200.92000000000002,0.0020000000000000018
200.96,-0.0020000000000000018
201.0,0.0
201.04,0.0020000000000000018
201.08,0.0020000000000000018
201.12,0.0020000000000000018
201.16,0.0020000000000000018
201.20000000000002,0.0020000000000000018
201.24,-0.0020000000000000018
201.28,0.0
201.32,-0.0020000000000000018
201.36,-0.005999999999999998
201.4,-0.005999999999999998
201.44,0.0020000000000000018
201.48000000000002,0.0020000000000000018
201.52,-0.003999999999999997
201.56,-0.0020000000000000018
201.6,0.0
201.64000000000001,0.0
201.68,0.0020000000000000018
201.72,0.0040000000000000036
201.76,-0.0020000000000000018
201.8,-0.0020000000000000018
201.84,0.0020000000000000018
201.88,-0.0020000000000000018
201.92000000000002,-0.008
201.96,-0.005999999999999998
202.0,0.0
202.04,-0.003999999999999997
202.08,-0.005999999999999998
202.12,0.0
202.16,0.0020000000000000018
202.20000000000002,-0.0020000000000000018
202.24,0.0
202.28,0.0020000000000000018
202.32,-0.0020000000000000018
202.36,0.0
202.4,0.0040000000000000036
202.44,0.0020000000000000018
202.48000000000002,0.0020000000000000018
202.52,0.006000000000000005
202.56,0.0020000000000000018
202.6,-0.003999999999999997
202.64000000000001,-0.003999999999999997
202.68,0.0020000000000000018
202.72,0.0
202.76,-0.003999999999999997
202.8,-0.0020000000000000018
202.84,0.0020000000000000018
202.88,0.0
202.92000000000002,0.0020000000000000018
202.96,0.0020000000000000018
203.0,-0.0020000000000000018
203.04,0.0020000000000000018
203.08,0.006000000000000005
203.12,0.0
203.16,-0.003999999999999997
203.20000000000002,0.0020000000000000018
203.24,0.0
203.28,-0.005999999999999998
203.32,-0.009999999999999995
203.36,-0.003999999999999997
203.4,-0.0020000000000000018
203.44,-0.003999999999999997
203.48000000000002,-0.0020000000000000018
203.52,-0.0020000000000000018
203.56,-0.0020000000000000018
203.6,-0.0020000000000000018
203.64000000000001,-0.0020000000000000018
203.68,-0.0020000000000000018
203.72,0.0020000000000000018
203.76,0.006000000000000005
203.8,0.0020000000000000018
203.84,-0.0020000000000000018
203.88,0.0020000000000000018
203.92000000000002,0.0020000000000000018
203.96,-0.0020000000000000018
204.0,-0.003999999999999997
204.04,-0.0020000000000000018
204.08,-0.0020000000000000018
204.12,-0.0020000000000000018
204.16,-0.0020000000000000018
204.20000000000002,-0.003999999999999997
204.24,-0.0020000000000000018
204.28,0.0020000000000000018
204.32,0.0020000000000000018
204.36,0.0020000000000000018
204.4,0.0020000000000000018
204.44,0.006000000000000005
204.48000000000002,0.0040000000000000036
204.52,-0.0020000000000000018
204.56,-0.003999999999999997
204.6,-0.0020000000000000018
204.64000000000001,-0.0020000000000000018
204.68,-0.0020000000000000018
204.72,0.0
204.76,0.0
204.8,-0.003999999999999997
204.84,-0.003999999999999997
204.88,-0.005999999999999998
204.92000000000002,-0.003999999999999997
204.96,0.0
205.0,0.0020000000000000018
205.04,0.0
205.08,0.0
205.12,0.0020000000000000018
205.16,0.0020000000000000018
205.20000000000002,-0.0020000000000000018
205.24,-0.0020000000000000018
205.28,0.0020000000000000018
205.32,0.0020000000000000018
205.36,-0.0020000000000000018
205.4,-0.003999999999999997
205.44,-0.003999999999999997
205.48000000000002,-0.003999999999999997
205.52,-0.0020000000000000018
205.56,-0.0020000000000000018
205.6,-0.0020000000000000018
205.64000000000001,0.0
205.68,0.0040000000000000036
205.72,0.006000000000000005
205.76,-0.0020000000000000018
205.8,0.0
205.84,0.0020000000000000018
205.88,-0.0020000000000000018
205.92000000000002,-0.0020000000000000018
205.96,0.0040000000000000036
206.0,0.0020000000000000018
206.04,-0.0020000000000000018
206.08,-0.0020000000000000018
206.12,-0.003999999999999997
206.16,-0.003999999999999997
206.20000000000002,-0.0020000000000000018
206.24,-0.0020000000000000018
206.28,-0.003999999999999997
206.32,-0.003999999999999997
206.36,0.0040000000000000036
206.4,0.006000000000000005
206.44,-0.0020000000000000018
206.48000000000002,-0.0020000000000000018
206.52,0.0040000000000000036
206.56,0.0020000000000000018
206.6,0.0
206.64000000000001,0.0020000000000000018
206.68,0.0
206.72,-0.003999999999999997
206.76,0.0
206.8,-0.0020000000000000018
206.84,-0.005999999999999998
206.88,-0.003999999999999997
206.92000000000002,0.0040000000000000036
206.96,0.0020000000000000018
207.0,-0.0020000000000000018
207.04,0.0040000000000000036
207.08,0.0040000000000000036
207.12,-0.0020000000000000018
207.16,-0.0020000000000000018
207.20000000000002,0.0040000000000000036
207.24,0.0020000000000000018
207.28,0.0
207.32,0.0020000000000000018
207.36,0.0
207.4,-0.003999999999999997
207.44,0.0020000000000000018
207.48000000000002,-0.003999999999999997
207.52,-0.009999999999999995
207.56,-0.005999999999999998
207.6,0.0020000000000000018
207.64000000000001,0.0
207.68,-0.003999999999999997
207.72,0.0020000000000000018
207.76,0.0020000000000000018
207.8,0.0
207.84,0.0
207.88,0.0020000000000000018
207.92000000000002,0.0020000000000000018
207.96,0.0020000000000000018
208.0,0.0040000000000000036
208.04,0.0
208.08,-0.005999999999999998
208.12,-0.0020000000000000018
208.16,0.0020000000000000018
208.20000000000002,-0.005999999999999998
208.24,-0.003999999999999997
208.28,0.0040000000000000036
208.32,0.0020000000000000018
208.36,-0.0020000000000000018
208.4,0.0020000000000000018
208.44,0.0
208.48000000000002,0.0020000000000000018
208.52,0.0020000000000000018
208.56,0.0020000000000000018
208.6,0.0020000000000000018
208.64000000000001,0.0040000000000000036
208.68,0.006000000000000005
208.72,-0.0020000000000000018
208.76,-0.005999999999999998
208.8,-0.003999999999999997
208.84,-0.0020000000000000018
208.88,-0.003999999999999997
208.92000000000002,-0.005999999999999998
208.96,-0.0020000000000000018
209.0,-0.0020000000000000018
209.04,-0.003999999999999997
209.08,-0.0020000000000000018
209.12,-0.0020000000000000018
209.16,-0.0020000000000000018
209.20000000000002,0.0020000000000000018
209.24,0.0020000000000000018
209.28,0.0
209.32,-0.0020000000000000018
209.36,0.0
209.4,-0.0020000000000000018
209.44,-0.005999999999999998
209.48000000000002,-0.003999999999999997
209.52,0.0020000000000000018
209.56,0.0
209.6,-0.0020000000000000018
209.64000000000001,-0.0020000000000000018
209.68,0.0
209.72,-0.0020000000000000018
209.76,-0.0020000000000000018
209.8,-0.0020000000000000018
209.84,0.0040000000000000036
209.88,0.008
209.92000000000002,0.006000000000000005
209.96,0.0020000000000000018
210.0,0.0020000000000000018
210.04,0.0020000000000000018
210.08,0.0020000000000000018
210.12,-0.003999999999999997
210.16,-0.003999999999999997
210.20000000000002,-0.0020000000000000018
210.24,0.0
210.28,-0.005999999999999998
210.32,-0.003999999999999997
210.36,-0.003999999999999997
210.4,-0.0020000000000000018
210.44,-0.0020000000000000018
210.48000000000002,-0.0020000000000000018
210.52,0.0
210.56,0.0020000000000000018
210.6,0.0020000000000000018
210.64000000000001,0.0020000000000000018
210.68,-0.003999999999999997
210.72,-0.003999999999999997
210.76,0.0
210.8,-0.0020000000000000018
210.84,-0.003999999999999997
210.88,-0.0020000000000000018
210.92000000000002,0.0020000000000000018
210.96,-0.003999999999999997
211.0,-0.005999999999999998
211.04,-0.0020000000000000018
211.08,-0.0020000000000000018
211.12,-0.0020000000000000018
211.16,0.0
211.20000000000002,0.0020000000000000018
211.24,0.0020000000000000018
211.28,0.006000000000000005
211.32,0.0040000000000000036
211.36,-0.0020000000000000018
211.4,-0.0020000000000000018
211.44,0.0040000000000000036
211.48000000000002,0.0020000000000000018
211.52,-0.003999999999999997
211.56,0.0
211.6,0.0020000000000000018
211.64000000000001,-0.0020000000000000018
211.68,-0.003999999999999997
211.72,-0.0020000000000000018
211.76,-0.003999999999999997
211.8,-0.0020000000000000018
211.84,0.0040000000000000036
211.88,0.0020000000000000018
211.92000000000002,-0.0020000000000000018
211.96,0.0020000000000000018
212.0,0.0020000000000000018
212.04,-0.0020000000000000018
212.08,-0.003999999999999997
212.12,0.0020000000000000018
212.16,0.0020000000000000018
212.20000000000002,-0.003999999999999997
212.24,-0.003999999999999997
212.28,0.0
212.32,-0.0020000000000000018
212.36,-0.005999999999999998
212.4,-0.003999999999999997
212.44,-0.003999999999999997
212.48000000000002,-0.0020000000000000018
212.52,0.0040000000000000036
212.56,0.0040000000000000036
212.6,-0.0020000000000000018
212.64000000000001,0.0020000000000000018
212.68,0.006000000000000005
212.72,0.0020000000000000018
212.76,-0.0020000000000000018
212.8,0.0020000000000000018
212.84,0.0020000000000000018
212.88,-0.0020000000000000018
212.92000000000002,-0.0020000000000000018
212.96,-0.003999999999999997
213.0,-0.005999999999999998
213.04,-0.003999999999999997
213.08,0.0020000000000000018
213.12,0.0
213.16,-0.0020000000000000018
213.20000000000002,0.0040000000000000036
213.24,0.0020000000000000018
213.28,-0.003999999999999997
213.32,-0.0020000000000000018
213.36,0.0040000000000000036
213.4,0.0020000000000000018
213.44,0.0
213.48000000000002,0.0020000000000000018
213.52,0.0020000000000000018
213.56,0.0020000000000000018
213.6,-0.0020000000000000018
213.64000000000001,-0.003999999999999997
213.68,-0.008
213.72,-0.0020000000000000018
213.76,0.0020000000000000018
213.8,-0.0020000000000000018
213.84,-0.003999999999999997
213.88,0.0020000000000000018
213.92000000000002,0.0020000000000000018
213.96,-0.0020000000000000018
214.0,-0.0020000000000000018
214.04,0.0040000000000000036
214.08,0.0020000000000000018
214.12,0.0020000000000000018
214.16,0.0020000000000000018
214.20000000000002,-0.0020000000000000018
214.24,-0.003999999999999997
214.28,-0.0020000000000000018
214.32,-0.0020000000000000018
214.36,-0.003999999999999997
214.4,-0.0020000000000000018
214.44,0.0020000000000000018
214.48000000000002,-0.0020000000000000018
214.52,-0.005999999999999998
214.56,-0.0020000000000000018
214.6,0.0020000000000000018
214.64000000000001,-0.0020000000000000018
214.68,-0.0020000000000000018
214.72,0.0020000000000000018
214.76,0.0040000000000000036
214.8,0.006000000000000005
214.84,0.0020000000000000018
214.88,-0.0020000000000000018
214.92000000000002,-0.003999999999999997
214.96,0.0
215.0,-0.0020000000000000018
215.04,-0.005999999999999998
215.08,-0.003999999999999997
215.12,0.0020000000000000018
215.16,0.0
215.20000000000002,-0.003999999999999997
215.24,0.0
215.28,0.0020000000000000018
215.32,0.0020000000000000018
215.36,0.0
215.4,0.0040000000000000036
215.44,0.0040000000000000036
215.48000000000002,0.0020000000000000018
215.52,0.0020000000000000018
215.56,-0.0020000000000000018
215.6,-0.003999999999999997
215.64000000000001,-0.0020000000000000018
215.68,0.0
215.72,-0.0020000000000000018
215.76,-0.003999999999999997
215.8,0.0020000000000000018
215.84,-0.0020000000000000018
215.88,-0.005999999999999998
215.92000000000002,-0.005999999999999998
215.96,-0.0020000000000000018
216.0,0.0020000000000000018
216.04,0.0
216.08,0.0020000000000000018
216.12,0.0020000000000000018
216.16,0.0
216.20000000000002,0.0020000000000000018
216.24,0.0
216.28,-0.005999999999999998
216.32,-0.003999999999999997
216.36,0.0
216.4,-0.0020000000000000018
216.44,-0.005999999999999998
216.48000000000002,-0.0020000000000000018
216.52,0.0
216.56,-0.0020000000000000018
216.6,-0.003999999999999997
216.64000000000001,0.0
216.68,0.0020000000000000018
216.72,0.0020000000000000018
216.76,0.0040000000000000036
216.8,0.0040000000000000036
216.84,0.0020000000000000018
216.88,0.0
216.92000000000002,0.0020000000000000018
216.96,-0.0020000000000000018
217.0,-0.0020000000000000018
217.04,0.0020000000000000018
217.08,0.0020000000000000018
217.12,-0.003999999999999997
217.16,-0.003999999999999997
217.20000000000002,-0.0020000000000000018
217.24,-0.0020000000000000018
217.28,-0.003999999999999997
217.32,-0.0020000000000000018
217.36,0.0020000000000000018
217.4,0.0020000000000000018
217.44,0.0040000000000000036
217.48000000000002,0.0020000000000000018
217.52,-0.0020000000000000018
217.56,-0.0020000000000000018
217.6,0.0020000000000000018
217.64000000000001,-0.0020000000000000018
217.68,-0.003999999999999997
217.72,0.0
217.76,0.0020000000000000018
217.8,-0.003999999999999997
217.84,-0.003999999999999997
217.88,-0.003999999999999997
217.92000000000002,-0.003999999999999997
217.96,-0.0020000000000000018
218.0,0.0020000000000000018
218.04,0.0020000000000000018
218.08,0.0020000000000000018
218.12,0.0020000000000000018
218.16,0.0020000000000000018
218.20000000000002,-0.0020000000000000018
218.24,0.0
218.28,0.006000000000000005
218.32,0.0020000000000000018
218.36,-0.0020000000000000018
218.4,-0.0020000000000000018
218.44,0.0
218.48000000000002,-0.003999999999999997
218.52,-0.005999999999999998
218.56,-0.003999999999999997
218.6,-0.003999999999999997
218.64000000000001,0.0
218.68,0.0040000000000000036
218.72,0.0
218.76,-0.0020000000000000018
218.8,0.0020000000000000018
218.84,0.0020000000000000018
218.88,-0.0020000000000000018
218.92000000000002,0.0020000000000000018
218.96,0.006000000000000005
219.0,0.0020000000000000018
219.04,-0.0020000000000000018
219.08,0.0
219.12,-0.0020000000000000018
219.16,-0.003999999999999997
219.20000000000002,-0.003999999999999997
219.24,-0.0020000000000000018
219.28,-0.003999999999999997
219.32,0.0
219.36,0.0020000000000000018
219.4,-0.0020000000000000018
219.44,-0.003999999999999997
219.48000000000002,0.0
219.52,0.0040000000000000036
219.56,0.0
219.6,-0.0020000000000000018
219.64000000000001,0.0040000000000000036
219.68,0.0040000000000000036
219.72,0.0020000000000000018
219.76,-0.0020000000000000018
219.8,-0.005999999999999998
219.84,-0.005999999999999998
219.88,-0.0020000000000000018
219.92000000000002,-0.0020000000000000018
219.96,-0.003999999999999997
220.0,-0.003999999999999997
220.04,0.0020000000000000018
220.08,-0.0020000000000000018
220.12,-0.0020000000000000018
220.16,-0.0020000000000000018
220.20000000000002,0.0020000000000000018
220.24,0.0020000000000000018
220.28,0.0
220.32,0.0020000000000000018
220.36,0.0020000000000000018
220.4,0.0020000000000000018
220.44,0.0020000000000000018
220.48000000000002,-0.0020000000000000018
220.52,-0.003999999999999997
220.56,0.0
220.6,0.0020000000000000018
220.64000000000001,-0.0020000000000000018
220.68,-0.0020000000000000018
220.72,0.0020000000000000018
220.76,0.0020000000000000018
220.8,-0.0020000000000000018
220.84,-0.0020000000000000018
220.88,0.0020000000000000018
220.92000000000002,0.006000000000000005
220.96,0.0040000000000000036
221.0,0.0020000000000000018
221.04,0.0020000000000000018
221.08,-0.0020000000000000018
221.12,-0.0020000000000000018
221.16,-0.003999999999999997
221.20000000000002,-0.008
221.24,-0.005999999999999998
221.28,0.0020000000000000018
221.32,-0.0020000000000000018
221.36,-0.003999999999999997
221.4,-0.0020000000000000018
221.44,0.0
221.48000000000002,-0.0020000000000000018
221.52,-0.003999999999999997
221.56,0.0020000000000000018
221.6,0.0040000000000000036
221.64000000000001,0.0020000000000000018
221.68,0.0020000000000000018
221.72,0.0020000000000000018
221.76,-0.0020000000000000018
221.8,-0.0020000000000000018
221.84,0.0
221.88,-0.0020000000000000018
221.92000000000002,-0.003999999999999997
221.96,0.0020000000000000018
222.0,0.0
222.04,-0.005999999999999998
222.08,-0.005999999999999998
222.12,0.0020000000000000018
222.16,0.0020000000000000018
222.20000000000002,0.0
222.24,0.0020000000000000018
222.28,0.0040000000000000036
222.32,0.0020000000000000018
222.36,0.0020000000000000018
222.4,0.0020000000000000018
222.44,-0.003999999999999997
222.48000000000002,-0.003999999999999997
222.52,0.0020000000000000018
222.56,-0.0020000000000000018
222.6,-0.003999999999999997
222.64000000000001,0.0
222.68,0.0020000000000000018
222.72,-0.005999999999999998
222.76,-0.005999999999999998
222.8,0.0020000000000000018
222.84,0.0
222.88,-0.0020000000000000018
222.92000000000002,0.0020000000000000018
222.96,0.0020000000000000018
223.0,-0.0020000000000000018
223.04,-0.0020000000000000018
223.08,0.0020000000000000018
223.12,-0.0020000000000000018
223.16,0.0
223.20000000000002,0.006000000000000005
223.24,0.0
223.28,-0.005999999999999998
223.32,-0.0020000000000000018
223.36,0.0020000000000000018
223.4,-0.003999999999999997
223.44,-0.005999999999999998
223.48000000000002,-0.0020000000000000018
223.52,0.0020000000000000018
223.56,0.0020000000000000018
223.6,0.0040000000000000036
223.64000000000001,0.0020000000000000018
223.68,-0.0020000000000000018
223.72,0.0
223.76,0.0020000000000000018
223.8,-0.0020000000000000018
223.84,-0.0020000000000000018
223.88,0.0020000000000000018
223.92000000000002,-0.0020000000000000018
223.96,-0.005999999999999998
224.0,-0.003999999999999997
224.04,0.0
224.08,-0.003999999999999997
224.12,-0.003999999999999997
224.16,0.0020000000000000018
224.20000000000002,0.0
224.24,-0.0020000000000000018
224.28,0.0020000000000000018
224.32,0.0020000000000000018
224.36,0.0
224.4,0.0040000000000000036
224.44,0.006000000000000005
224.48000000000002,0.0020000000000000018
224.52,-0.0020000000000000018
224.56,0.0040000000000000036
224.6,0.0020000000000000018
224.64000000000001,-0.003999999999999997
224.68,-0.005999999999999998
224.72,-0.005999999999999998
224.76,-0.003999999999999997
224.8,-0.0020000000000000018
224.84,0.0020000000000000018
224.88,-0.0020000000000000018
224.92000000000002,-0.0020000000000000018
224.96,0.0040000000000000036
225.0,0.0020000000000000018
225.04,-0.0020000000000000018
225.08,0.0
225.12,0.0020000000000000018
225.16,-0.0020000000000000018
225.20000000000002,-0.0020000000000000018
225.24,0.0
225.28,0.0
225.32,-0.003999999999999997
225.36,-0.005999999999999998
225.4,-0.005999999999999998
225.44,-0.003999999999999997
225.48000000000002,-0.003999999999999997
225.52,-0.0020000000000000018
225.56,-0.0020000000000000018
225.6,-0.0020000000000000018
225.64000000000001,0.0020000000000000018
225.68,0.0020000000000000018
225.72,-0.003999999999999997
225.76,0.0
225.8,0.0040000000000000036
225.84,0.006000000000000005
225.88,0.0020000000000000018
225.92000000000002,-0.0020000000000000018
225.96,-0.0020000000000000018
226.0,-0.0020000000000000018
226.04,-0.003999999999999997
226.08,-0.0020000000000000018
226.12,-0.003999999999999997
226.16,-0.0020000000000000018
226.20000000000002,0.0020000000000000018
226.24,0.0020000000000000018
226.28,-0.0020000000000000018
226.32,0.0
226.36,0.0
226.4,0.0
226.44,-0.0020000000000000018
226.48000000000002,0.0040000000000000036
226.52,0.0040000000000000036
226.56,0.0
226.6,-0.003999999999999997
226.64000000000001,-0.0020000000000000018
226.68,-0.003999999999999997
226.72,-0.003999999999999997
226.76,-0.003999999999999997
226.8,-0.0020000000000000018
226.84,-0.0020000000000000018
226.88,-0.0020000000000000018
226.92000000000002,-0.0020000000000000018
226.96,-0.005999999999999998
227.0,-0.003999999999999997
227.04,0.0040000000000000036
227.08,0.0040000000000000036
227.12,0.0
227.16,0.0040000000000000036
227.20000000000002,0.0040000000000000036
227.24,0.0
227.28,-0.0020000000000000018
227.32,-0.0020000000000000018
227.36,-0.0020000000000000018
227.4,-0.0020000000000000018
227.44,0.0
227.48000000000002,-0.0020000000000000018
227.52,-0.003999999999999997
227.56,0.0
227.6,0.0020000000000000018
227.64000000000001,-0.003999999999999997
227.68,-0.003999999999999997
227.72,0.0040000000000000036
227.76,0.006000000000000005
227.8,0.0020000000000000018
227.84,0.0020000000000000018
227.88,0.0020000000000000018
227.92000000000002,0.0
227.96,-0.0020000000000000018
228.0,0.0
228.04,-0.0020000000000000018
228.08,-0.0020000000000000018
228.12,0.0
228.16,-0.003999999999999997
228.20000000000002,-0.008
228.24,-0.003999999999999997
228.28,0.0
228.32,-0.003999999999999997
228.36,-0.003999999999999997
228.4,0.0020000000000000018
228.44,0.0040000000000000036
228.48000000000002,0.0020000000000000018
228.52,0.0020000000000000018
228.56,0.0020000000000000018
228.6,-0.0020000000000000018
228.64000000000001,-0.0020000000000000018
228.68,0.0020000000000000018
228.72,-0.0020000000000000018
228.76,-0.0020000000000000018
228.8,0.0020000000000000018
228.84,-0.0020000000000000018
228.88,-0.005999999999999998
228.92000000000002,-0.003999999999999997
228.96,0.0020000000000000018
229.0,0.0
229.04,-0.003999999999999997
229.08,0.0020000000000000018
229.12,0.0040000000000000036
229.16,0.0020000000000000018
229.20000000000002,0.0
229.24,0.0
229.28,0.0
229.32,0.0020000000000000018
229.36,0.0020000000000000018
229.4,-0.0020000000000000018
229.44,-0.003999999999999997
229.48000000000002,0.0
229.52,-0.0020000000000000018
229.56,-0.005999999999999998
229.6,-0.009999999999999995
229.64000000000001,-0.003999999999999997
229.68,0.0020000000000000018
229.72,0.0020000000000000018
229.76,0.0020000000000000018
229.8,0.0020000000000000018
229.84,0.0
229.88,0.0
229.92000000000002,0.0
229.96,0.0
230.0,0.0020000000000000018
230.04,0.0020000000000000018
230.08,-0.0020000000000000018
230.12,-0.003999999999999997
230.16,-0.0020000000000000018
230.20000000000002,-0.0020000000000000018
230.24,-0.005999999999999998
230.28,-0.009999999999999995
230.32,-0.003999999999999997
230.36,-0.0020000000000000018
230.4,-0.0020000000000000018
230.44,-0.0020000000000000018
230.48000000000002,0.0
230.52,0.0
230.56,-0.0020000000000000018
230.6,0.0
230.64000000000001,-0.0020000000000000018
230.68,-0.0020000000000000018
230.72,0.0020000000000000018
230.76,0.0020000000000000018
230.8,-0.003999999999999997
230.84,-0.005999999999999998
230.88,-0.003999999999999997
230.92000000000002,-0.003999999999999997
230.96,-0.005999999999999998
231.0,-0.003999999999999997
231.04,-0.0020000000000000018
231.08,-0.003999999999999997
231.12,-0.003999999999999997
231.16,0.0
231.20000000000002,0.0
231.24,-0.0020000000000000018
231.28,0.0
231.32,0.0020000000000000018
231.36,-0.0020000000000000018
231.4,0.0040000000000000036
231.44,0.0040000000000000036
231.48000000000002,-0.003999999999999997
231.52,-0.005999999999999998
231.56,-0.0020000000000000018
231.6,-0.0020000000000000018
231.64000000000001,-0.003999999999999997
231.68,-0.003999999999999997
231.72,-0.0020000000000000018
231.76,-0.0020000000000000018
231.8,-0.005999999999999998
231.84,-0.0020000000000000018
231.88,-0.003999999999999997
231.92000000000002,-0.0020000000000000018
231.96,0.0040000000000000036
232.0,0.0020000000000000018
232.04,-0.0020000000000000018
232.08,-0.0020000000000000018
232.12,0.0020000000000000018
232.16,-0.003999999999999997
232.20000000000002,-0.005999999999999998
232.24,-0.003999999999999997
232.28,-0.003999999999999997
232.32,-0.005999999999999998
232.36,-0.003999999999999997
232.4,-0.0020000000000000018
232.44,-0.003999999999999997
232.48000000000002,-0.003999999999999997
232.52,-0.003999999999999997
232.56,-0.003999999999999997
232.6,-0.0020000000000000018
232.64000000000001,0.0040000000000000036
232.68,0.0040000000000000036
232.72,-0.003999999999999997
232.76,-0.0020000000000000018
232.8,0.0040000000000000036
232.84,0.0
232.88,-0.003999999999999997
232.92000000000002,-0.0020000000000000018
232.96,0.0
233.0,-0.0020000000000000018
233.04,-0.003999999999999997
233.08,-0.003999999999999997
233.12,-0.003999999999999997
233.16,-0.0020000000000000018
233.20000000000002,0.0
233.24,-0.0020000000000000018
233.28,-0.0020000000000000018
233.32,0.0040000000000000036
233.36,0.0040000000000000036
233.4,0.0
233.44,-0.0020000000000000018
233.48000000000002,-0.0020000000000000018
233.52,-0.0020000000000000018
233.56,-0.003999999999999997
233.6,-0.003999999999999997
233.64000000000001,-0.0020000000000000018
233.68,-0.003999999999999997
233.72,-0.0020000000000000018
233.76,-0.005999999999999998
233.8,-0.005999999999999998
233.84,-0.003999999999999997
233.88,-0.0020000000000000018
233.92000000000002,-0.0020000000000000018
233.96,-0.003999999999999997
234.0,0.0
234.04,0.0040000000000000036
234.08,0.0020000000000000018
234.12,-0.003999999999999997
234.16,-0.0020000000000000018
234.20000000000002,0.0020000000000000018
234.24,0.0
234.28,-0.0020000000000000018
234.32,0.0020000000000000018
234.36,0.0
234.4,0.0020000000000000018
234.44,-0.003999999999999997
234.48000000000002,-0.003999999999999997
234.52,-0.003999999999999997
234.56,-0.0020000000000000018
234.6,0.0020000000000000018
234.64000000000001,0.0
234.68,0.0
234.72,0.0020000000000000018
234.76,0.0020000000000000018
234.8,-0.003999999999999997
234.84,-0.003999999999999997
234.88,0.0020000000000000018
234.92000000000002,0.0
234.96,-0.003999999999999997
235.0,-0.0020000000000000018
235.04,-0.0020000000000000018
235.08,-0.003999999999999997
235.12,-0.003999999999999997
235.16,-0.005999999999999998
235.20000000000002,-0.005999999999999998
235.24,-0.0020000000000000018
235.28,0.0020000000000000018
235.32,0.0
235.36,-0.003999999999999997
235.4,-0.0020000000000000018
235.44,0.0020000000000000018
235.48000000000002,-0.0020000000000000018
235.52,-0.0020000000000000018
235.56,0.0020000000000000018
235.6,0.0020000000000000018
235.64000000000001,0.0
235.68,-0.0020000000000000018
235.72,-0.005999999999999998
235.76,-0.005999999999999998
235.8,-0.003999999999999997
235.84,-0.003999999999999997
235.88,-0.005999999999999998
235.92000000000002,-0.0020000000000000018
235.96,0.0020000000000000018
236.0,-0.0020000000000000018
236.04,-0.003999999999999997
236.08,0.0
236.12,0.0020000000000000018
236.16,-0.0020000000000000018
236.20000000000002,0.0
236.24,0.0020000000000000018
236.28,0.0
236.32,-0.0020000000000000018
236.36,-0.0020000000000000018
236.4,-0.005999999999999998
236.44,-0.005999999999999998
236.48000000000002,-0.0020000000000000018
236.52,0.0
236.56,-0.005999999999999998
236.6,-0.005999999999999998
236.64000000000001,-0.0020000000000000018
236.68,-0.0020000000000000018
236.72,-0.003999999999999997
236.76,0.0
236.8,0.0020000000000000018
236.84,0.0
236.88,0.0040000000000000036
236.92000000000002,0.0040000000000000036
236.96,-0.0020000000000000018
237.0,0.0
237.04,0.0020000000000000018
237.08,-0.003999999999999997
237.12,-0.008
237.16,-0.0020000000000000018
237.20000000000002,0.0
237.24,-0.005999999999999998
237.28,-0.003999999999999997
237.32,0.0
237.36,-0.003999999999999997
237.4,-0.003999999999999997
237.44,-0.0020000000000000018
237.48000000000002,0.0
237.52,0.0
237.56,0.0020000000000000018
237.6,0.0020000000000000018
237.64000000000001,-0.005999999999999998
237.68,-0.003999999999999997
237.72,0.0020000000000000018
237.76,-0.0020000000000000018
237.8,-0.009999999999999995
237.84,-0.003999999999999997
237.88,-0.0020000000000000018
237.92000000000002,-0.005999999999999998
237.96,-0.003999999999999997
238.0,-0.0020000000000000018
238.04,-0.003999999999999997
238.08,-0.005999999999999998
238.12,0.0
238.16,0.0020000000000000018
238.20000000000002,0.0020000000000000018
238.24,0.0040000000000000036
238.28,0.006000000000000005
238.32,-0.0020000000000000018
238.36,-0.0020000000000000018
238.4,0.0020000000000000018
238.44,-0.0020000000000000018
238.48000000000002,-0.003999999999999997
238.52,-0.0020000000000000018
238.56,0.0
238.6,-0.0020000000000000018
238.64000000000001,-0.0020000000000000018
238.68,-0.003999999999999997
238.72,-0.003999999999999997
238.76,-0.0020000000000000018
238.8,0.0
238.84,-0.0020000000000000018
238.88,-0.0020000000000000018
238.92000000000002,0.0020000000000000018
238.96,0.0020000000000000018
239.0,-0.0020000000000000018
239.04,-0.003999999999999997
239.08,-0.003999999999999997
239.12,-0.0020000000000000018
239.16,-0.0020000000000000018
239.20000000000002,-0.003999999999999997
239.24,-0.003999999999999997
239.28,-0.005999999999999998
239.32,-0.005999999999999998
239.36,-0.005999999999999998
239.4,-0.003999999999999997
239.44,-0.0020000000000000018
239.48000000000002,0.0
239.52,0.0020000000000000018
239.56,-0.0020000000000000018
239.6,0.0
239.64000000000001,0.0020000000000000018
239.68,0.0020000000000000018
239.72,-0.0020000000000000018
239.76,-0.0020000000000000018
239.8,0.0020000000000000018
239.84,0.0020000000000000018
239.88,-0.0020000000000000018
239.92000000000002,-0.0020000000000000018
239.96,-0.0020000000000000018
240.0,-0.005999999999999998
240.04,-0.005999999999999998
240.08,-0.0020000000000000018
240.12,-0.0020000000000000018
240.16,0.0
240.20000000000002,0.0040000000000000036
240.24,0.0
240.28,-0.005999999999999998
240.32,-0.0020000000000000018
240.36,0.0040000000000000036
240.4,0.0020000000000000018
240.44,-0.0020000000000000018
240.48000000000002,0.0
240.52,0.0
240.56,-0.005999999999999998
240.6,-0.005999999999999998
240.64000000000001,-0.003999999999999997
240.68,-0.008
240.72,-0.005999999999999998
240.76,-0.0020000000000000018
240.8,-0.0020000000000000018
240.84,-0.0020000000000000018
240.88,0.0020000000000000018
240.92000000000002,0.0
240.96,-0.003999999999999997
241.0,-0.0020000000000000018
241.04,0.0020000000000000018
241.08,0.0020000000000000018
241.12,-0.0020000000000000018
241.16,0.0
241.20000000000002,-0.0020000000000000018
241.24,-0.003999999999999997
241.28,-0.003999999999999997
241.32,-0.003999999999999997
241.36,-0.005999999999999998
241.4,-0.0020000000000000018
241.44,0.0
241.48000000000002,-0.003999999999999997
241.52,-0.005999999999999998
241.56,0.0020000000000000018
241.6,0.0020000000000000018
241.64000000000001,-0.0020000000000000018
241.68,-0.0020000000000000018
241.72,0.0020000000000000018
241.76,0.0020000000000000018
241.8,0.0
241.84,0.0020000000000000018
241.88,-0.0020000000000000018
241.92000000000002,-0.005999999999999998
241.96,-0.003999999999999997
242.0,-0.003999999999999997
242.04,-0.005999999999999998
242.08,-0.0020000000000000018
242.12,0.0020000000000000018
242.16,-0.003999999999999997
242.20000000000002,-0.005999999999999998
242.24,0.0020000000000000018
242.28,0.0020000000000000018
242.32,-0.003999999999999997
242.36,0.0
242.4,0.0020000000000000018
242.44,0.0
242.48000000000002,0.0020000000000000018
242.52,0.0020000000000000018
242.56,-0.003999999999999997
242.6,-0.003999999999999997
242.64000000000001,0.0020000000000000018
242.68,-0.003999999999999997
242.72,-0.005999999999999998
242.76,-0.003999999999999997
242.8,0.0020000000000000018
242.84,-0.0020000000000000018
242.88,-0.005999999999999998
242.92000000000002,-0.003999999999999997
242.96,-0.0020000000000000018
243.0,-0.003999999999999997
243.04,0.0
243.08,0.0020000000000000018
243.12,0.0020000000000000018
243.16,0.0
243.20000000000002,-0.0020000000000000018
243.24,-0.003999999999999997
243.28,-0.003999999999999997
243.32,-0.0020000000000000018
243.36,-0.003999999999999997
243.4,-0.005999999999999998
243.44,-0.003999999999999997
243.48000000000002,0.0
243.52,-0.0020000000000000018
243.56,-0.005999999999999998
243.6,-0.003999999999999997
243.64000000000001,-0.0020000000000000018
243.68,0.0
243.72,0.0020000000000000018
243.76,0.0020000000000000018
243.8,0.0020000000000000018
243.84,0.0020000000000000018
243.88,0.0020000000000000018
243.92000000000002,-0.0020000000000000018
243.96,-0.003999999999999997
244.0,-0.0020000000000000018
244.04,0.0020000000000000018
244.08,-0.0020000000000000018
244.12,-0.003999999999999997
244.16,-0.003999999999999997
244.20000000000002,-0.003999999999999997
244.24,-0.005999999999999998
244.28,-0.003999999999999997
244.32,0.0
244.36,0.0020000000000000018
244.4,0.0020000000000000018
244.44,0.0020000000000000018
244.48000000000002,0.0020000000000000018
244.52,-0.0020000000000000018
244.56,-0.0020000000000000018
244.6,-0.0020000000000000018
244.64000000000001,-0.005999999999999998
244.68,-0.003999999999999997
244.72,0.0020000000000000018
244.76,-0.0020000000000000018
244.8,-0.005999999999999998
244.84,-0.005999999999999998
244.88,-0.003999999999999997
244.92000000000002,-0.0020000000000000018
244.96,-0.003999999999999997
245.0,0.0
245.04,0.0
245.08,0.0
245.12,0.0020000000000000018
245.16,0.0020000000000000018
245.20000000000002,-0.003999999999999997
245.24,0.0020000000000000018
245.28,0.0040000000000000036
245.32,0.0020000000000000018
245.36,-0.003999999999999997
245.4,0.0
245.44,0.0020000000000000018
245.48000000000002,-0.005999999999999998
245.52,-0.005999999999999998
245.56,-0.0020000000000000018
245.6,-0.003999999999999997
245.64000000000001,-0.003999999999999997
245.68,0.0020000000000000018
245.72,0.0020000000000000018
245.76,0.0020000000000000018
245.8,0.0020000000000000018
245.84,0.0020000000000000018
245.88,-0.003999999999999997
245.92000000000002,-0.0020000000000000018
245.96,0.0040000000000000036
246.0,0.0020000000000000018
246.04,-0.005999999999999998
246.08,-0.003999999999999997
246.12,-0.0020000000000000018
246.16,-0.005999999999999998
246.20000000000002,-0.005999999999999998
246.24,-0.003999999999999997
246.28,-0.003999999999999997
246.32,-0.003999999999999997
246.36,0.0020000000000000018
246.4,-0.0020000000000000018
246.44,-0.003999999999999997
246.48000000000002,0.0
246.52,0.0040000000000000036
246.56,-0.0020000000000000018
246.6,-0.003999999999999997
246.64000000000001,0.0040000000000000036
246.68,0.0020000000000000018
246.72,-0.003999999999999997
246.76000000000002,-0.003999999999999997
246.8,-0.0020000000000000018
246.84,-0.003999999999999997
246.88,-0.005999999999999998
246.92000000000002,-0.003999999999999997
246.96,-0.0020000000000000018
247.0,0.0
247.04,0.0020000000000000018
247.08,0.0
247.12,-0.003999999999999997
247.16,0.0020000000000000018
247.20000000000002,0.0040000000000000036
247.24,-0.003999999999999997
247.28,-0.005999999999999998
247.32,0.0
247.36,0.0020000000000000018
247.4,0.0020000000000000018
247.44,-0.0020000000000000018
247.48000000000002,-0.003999999999999997
247.52,-0.003999999999999997
247.56,-0.003999999999999997
247.6,-0.0020000000000000018
247.64000000000001,-0.003999999999999997
247.68,-0.0020000000000000018
247.72,0.0020000000000000018
247.76000000000002,0.0
247.8,-0.003999999999999997
247.84,-0.0020000000000000018
247.88,0.0020000000000000018
247.92000000000002,0.0020000000000000018
247.96,0.0020000000000000018
248.0,0.0020000000000000018
248.04,0.0020000000000000018
248.08,-0.0020000000000000018
248.12,-0.005999999999999998
248.16,-0.005999999999999998
248.20000000000002,-0.003999999999999997
248.24,-0.003999999999999997
248.28,-0.0020000000000000018
248.32,-0.0020000000000000018
248.36,-0.0020000000000000018
248.4,0.0020000000000000018
248.44,0.0020000000000000018
248.48000000000002,-0.003999999999999997
248.52,-0.003999999999999997
248.56,0.0
248.6,0.006000000000000005
248.64000000000001,0.0
248.68,-0.0020000000000000018
248.72,-0.0020000000000000018
248.76000000000002,-0.0020000000000000018
248.8,-0.003999999999999997
248.84,-0.003999999999999997
248.88,-0.003999999999999997
248.92000000000002,-0.003999999999999997
248.96,0.0
249.0,-0.0020000000000000018
249.04,-0.005999999999999998
249.08,-0.003999999999999997
249.12,-0.0020000000000000018
249.16,0.0
249.20000000000002,0.0
249.24,0.0040000000000000036
249.28,0.006000000000000005
249.32,0.0020000000000000018
249.36,-0.0020000000000000018
249.4,0.0020000000000000018
249.44,-0.0020000000000000018
249.48000000000002,-0.003999999999999997
249.52,-0.003999999999999997
249.56,-0.0020000000000000018
249.6,-0.0020000000000000018
249.64000000000001,0.0020000000000000018
249.68,0.0
249.72,-0.005999999999999998
249.76000000000002,-0.005999999999999998
249.8,0.0
249.84,0.0020000000000000018
249.88,-0.0020000000000000018
249.92000000000002,0.0
249.96,0.0020000000000000018
250.0,-0.0020000000000000018
250.04,-0.0020000000000000018
250.08,-0.0020000000000000018
250.12,-0.003999999999999997
250.16,-0.003999999999999997
250.20000000000002,0.0
250.24,-0.0020000000000000018
250.28,-0.009999999999999995
250.32,-0.005999999999999998
250.36,-0.0020000000000000018
250.4,-0.005999999999999998
250.44,-0.005999999999999998
250.48000000000002,-0.0020000000000000018
250.52,0.0020000000000000018
250.56,-0.0020000000000000018
250.6,0.0020000000000000018
250.64000000000001,0.0020000000000000018
250.68,0.0
250.72,0.0
250.76000000000002,-0.0020000000000000018
250.8,-0.003999999999999997
250.84,-0.0020000000000000018
250.88,0.0040000000000000036
250.92000000000002,-0.0020000000000000018
250.96,-0.005999999999999998
251.0,-0.0020000000000000018
251.04,0.0
251.08,-0.0020000000000000018
251.12,-0.003999999999999997
251.16,0.0
251.20000000000002,0.0
251.24,0.0020000000000000018
251.28,0.0020000000000000018
251.32,0.0020000000000000018
251.36,-0.0020000000000000018
251.4,0.0020000000000000018
251.44,0.0020000000000000018
251.48000000000002,-0.003999999999999997
251.52,-0.005999999999999998
251.56,0.0
251.6,-0.0020000000000000018
251.64000000000001,-0.005999999999999998
251.68,-0.005999999999999998
251.72,-0.003999999999999997
251.76000000000002,-0.005999999999999998
251.8,-0.005999999999999998
251.84,0.0
251.88,0.0020000000000000018
251.92000000000002,0.0020000000000000018
251.96,0.0020000000000000018
252.0,-0.0020000000000000018
252.04,-0.003999999999999997
252.08,0.0
252.12,0.0020000000000000018
252.16,-0.003999999999999997
252.20000000000002,-0.003999999999999997
252.24,0.0
252.28,0.0020000000000000018
252.32,-0.003999999999999997
252.36,-0.005999999999999998
252.4,-0.003999999999999997
252.44,-0.0020000000000000018
252.48000000000002,-0.0020000000000000018
252.52,0.0
252.56,-0.0020000000000000018
252.6,0.0
252.64000000000001,0.0020000000000000018
252.68,0.0020000000000000018
252.72,-0.0020000000000000018
252.76000000000002,-0.0020000000000000018
252.8,0.0020000000000000018
252.84,0.0020000000000000018
252.88,-0.0020000000000000018
252.92000000000002,-0.0020000000000000018
252.96,-0.0020000000000000018
253.0,-0.003999999999999997
253.04,-0.008
253.08,-0.005999999999999998
253.12,-0.0020000000000000018
253.16,0.0
253.20000000000002,-0.0020000000000000018
253.24,-0.0020000000000000018
253.28,-0.0020000000000000018
253.32,0.0020000000000000018
253.36,0.0020000000000000018
253.4,-0.003999999999999997
253.44,-0.003999999999999997
253.48000000000002,0.0020000000000000018
253.52,0.006000000000000005
253.56,-0.0020000000000000018
253.6,-0.005999999999999998
253.64000000000001,-0.003999999999999997
253.68,-0.0020000000000000018
253.72,-0.003999999999999997
253.76000000000002,-0.003999999999999997
253.8,-0.0020000000000000018
253.84,-0.0020000000000000018
253.88,0.0
253.92000000000002,0.0
253.96,-0.003999999999999997
254.0,-0.003999999999999997
254.04,0.0040000000000000036
254.08,0.0020000000000000018
254.12,-0.0020000000000000018
254.16,0.0
254.20000000000002,0.0020000000000000018
254.24,-0.003999999999999997
254.28,-0.008
254.32,-0.003999999999999997
254.36,-0.0020000000000000018
254.4,-0.005999999999999998
254.44,-0.003999999999999997
254.48000000000002,-0.0020000000000000018
254.52,-0.0020000000000000018
254.56,0.0020000000000000018
254.6,0.0020000000000000018
254.64000000000001,-0.0020000000000000018
254.68,-0.003999999999999997
254.72,0.0040000000000000036
254.76000000000002,0.006000000000000005
254.8,0.0
254.84,0.0
254.88,0.0020000000000000018
254.92000000000002,-0.0020000000000000018
254.96,-0.003999999999999997
255.0,-0.0020000000000000018
255.04,-0.0020000000000000018
255.08,-0.003999999999999997
255.12,0.0
255.16,-0.0020000000000000018
255.20000000000002,-0.005999999999999998
255.24,-0.0020000000000000018
255.28,0.0020000000000000018
255.32,0.0
255.36,-0.003999999999999997
255.4,0.0040000000000000036
255.44,0.006000000000000005
255.48000000000002,-0.0020000000000000018
255.52,-0.0020000000000000018
255.56,0.0
255.6,-0.003999999999999997
255.64000000000001,-0.005999999999999998
255.68,-0.005999999999999998
255.72,-0.005999999999999998
255.76000000000002,-0.003999999999999997
255.8,-0.0020000000000000018
255.84,-0.0020000000000000018
255.88,-0.005999999999999998
255.92000000000002,-0.003999999999999997
255.96,0.0020000000000000018
256.0,-0.0020000000000000018
256.04,-0.003999999999999997
256.08,0.0020000000000000018
256.12,0.0020000000000000018
256.16,0.0
256.2,0.0
256.24,-0.0020000000000000018
256.28000000000003,-0.003999999999999997
256.32,-0.0020000000000000018
256.36,0.0
256.4,-0.0020000000000000018
256.44,-0.003999999999999997
256.48,0.0
256.52,0.0020000000000000018
256.56,-0.003999999999999997
256.6,-0.003999999999999997
256.64,0.0
256.68,0.0020000000000000018
256.72,0.0020000000000000018
256.76,0.0040000000000000036
256.8,0.006000000000000005
256.84000000000003,-0.0020000000000000018
256.88,-0.003999999999999997
256.92,-0.003999999999999997
256.96,-0.005999999999999998
257.0,-0.003999999999999997
257.04,-0.0020000000000000018
257.08,-0.003999999999999997
257.12,-0.005999999999999998
257.16,-0.0020000000000000018
257.2,-0.0020000000000000018
257.24,-0.005999999999999998
257.28000000000003,-0.005999999999999998
257.32,-0.0020000000000000018
257.36,0.0020000000000000018
257.4,-0.0020000000000000018
257.44,0.0020000000000000018
257.48,0.0
257.52,-0.0020000000000000018
257.56,-0.0020000000000000018
257.6,-0.0020000000000000018
257.64,-0.003999999999999997
257.68,-0.003999999999999997
257.72,0.0
257.76,-0.0020000000000000018
257.8,-0.005999999999999998
257.84000000000003,-0.003999999999999997
257.88,-0.003999999999999997
257.92,-0.0020000000000000018
257.96,-0.003999999999999997
258.0,0.0020000000000000018
258.04,0.006000000000000005
258.08,0.0020000000000000018
258.12,0.0
258.16,0.0
258.2,0.0
258.24,0.0
258.28000000000003,0.0020000000000000018
258.32,-0.0020000000000000018
258.36,-0.003999999999999997
258.4,0.0
258.44,0.0
258.48,-0.003999999999999997
258.52,-0.008
258.56,-0.003999999999999997
258.6,-0.0020000000000000018
258.64,-0.003999999999999997
258.68,-0.0020000000000000018
258.72,0.0020000000000000018
258.76,0.0
258.8,0.0020000000000000018
258.84000000000003,0.0020000000000000018
258.88,-0.003999999999999997
258.92,-0.0020000000000000018
258.96,0.0020000000000000018
259.0,0.0020000000000000018
259.04,-0.003999999999999997
259.08,-0.0020000000000000018
259.12,-0.0020000000000000018
259.16,-0.005999999999999998
259.2,-0.005999999999999998
259.24,-0.0020000000000000018
259.28000000000003,-0.0020000000000000018
259.32,-0.0020000000000000018
259.36,-0.0020000000000000018
259.4,0.0020000000000000018
259.44,0.0020000000000000018
259.48,0.0020000000000000018
259.52,0.0020000000000000018
259.56,-0.003999999999999997
259.6,-0.003999999999999997
259.64,0.0020000000000000018
259.68,0.0020000000000000018
259.72,-0.005999999999999998
259.76,-0.005999999999999998
259.8,-0.0020000000000000018
259.84000000000003,-0.003999999999999997
259.88,-0.005999999999999998
259.92,-0.0020000000000000018
259.96,-0.003999999999999997
260.0,-0.003999999999999997
260.04,0.0020000000000000018
260.08,0.0020000000000000018
260.12,-0.003999999999999997
260.16,-0.0020000000000000018
260.2,0.0020000000000000018
260.24,0.0020000000000000018
260.28000000000003,-0.0020000000000000018
260.32,0.0020000000000000018
260.36,0.0020000000000000018
260.4,-0.003999999999999997
260.44,-0.003999999999999997
260.48,-0.0020000000000000018
260.52,-0.003999999999999997
260.56,-0.005999999999999998
260.6,-0.003999999999999997
260.64,0.0
260.68,0.0020000000000000018
260.72,0.0040000000000000036
260.76,0.0
260.8,-0.003999999999999997
260.84000000000003,-0.0020000000000000018
260.88,0.0040000000000000036
260.92,0.0020000000000000018
260.96,-0.003999999999999997
261.0,-0.0020000000000000018
261.04,0.0020000000000000018
261.08,-0.0020000000000000018
261.12,-0.005999999999999998
261.16,-0.003999999999999997
261.2,-0.005999999999999998
261.24,-0.003999999999999997
261.28000000000003,-0.0020000000000000018
261.32,-0.0020000000000000018
261.36,-0.003999999999999997
261.4,-0.0020000000000000018
261.44,-0.0020000000000000018
261.48,-0.0020000000000000018
261.52,-0.003999999999999997
261.56,0.0020000000000000018
261.6,0.0020000000000000018
261.64,-0.0020000000000000018
261.68,0.0
261.72,0.0
261.76,-0.0020000000000000018
261.8,-0.005999999999999998
261.84000000000003,-0.003999999999999997
261.88,-0.0020000000000000018
261.92,-0.0020000000000000018
261.96,0.0
262.0,0.0
262.04,-0.0020000000000000018
262.08,-0.0020000000000000018
262.12,0.0020000000000000018
262.16,0.0020000000000000018
262.2,-0.0020000000000000018
262.24,0.0040000000000000036
262.28000000000003,0.006000000000000005
262.32,0.0
262.36,-0.003999999999999997
262.4,-0.0020000000000000018
262.44,-0.0020000000000000018
262.48,-0.005999999999999998
262.52,-0.003999999999999997
262.56,-0.0020000000000000018
262.6,-0.003999999999999997
262.64,-0.003999999999999997
262.68,0.0
262.72,-0.003999999999999997
262.76,-0.005999999999999998
262.8,-0.0020000000000000018
262.84000000000003,0.0020000000000000018
262.88,-0.0020000000000000018
262.92,0.0020000000000000018
262.96,0.006000000000000005
263.0,-0.0020000000000000018
263.04,-0.005999999999999998
263.08,-0.003999999999999997
263.12,-0.0020000000000000018
263.16,-0.005999999999999998
263.2,-0.003999999999999997
263.24,-0.0020000000000000018
263.28000000000003,-0.003999999999999997
263.32,-0.0020000000000000018
263.36,0.0020000000000000018
263.4,-0.0020000000000000018
263.44,-0.003999999999999997
263.48,0.0020000000000000018
263.52,0.0040000000000000036
263.56,-0.0020000000000000018
263.6,0.0020000000000000018
263.64,0.0020000000000000018
263.68,-0.0020000000000000018
263.72,-0.003999999999999997
263.76,0.0
263.8,-0.0020000000000000018
263.84000000000003,-0.003999999999999997
263.88,-0.0020000000000000018
263.92,0.0020000000000000018
263.96,-0.005999999999999998
264.0,-0.003999999999999997
264.04,-0.0020000000000000018
264.08,-0.003999999999999997
264.12,-0.003999999999999997
264.16,0.0020000000000000018
264.2,0.0020000000000000018
264.24,-0.0020000000000000018
264.28000000000003,0.0020000000000000018
264.32,0.0020000000000000018
264.36,-0.0020000000000000018
264.4,-0.0020000000000000018
264.44,-0.003999999999999997
264.48,-0.005999999999999998
264.52,-0.005999999999999998
264.56,0.0
264.6,-0.0020000000000000018
264.64,-0.003999999999999997
264.68,-0.005999999999999998
264.72,0.0020000000000000018
264.76,-0.0020000000000000018
264.8,-0.0020000000000000018
264.84000000000003,0.0020000000000000018
264.88,0.0020000000000000018
264.92,0.0020000000000000018
264.96,0.0020000000000000018
265.0,-0.0020000000000000018
265.04,-0.003999999999999997
265.08,-0.0020000000000000018
265.12,0.0020000000000000018
265.16,-0.0020000000000000018
265.2,-0.003999999999999997
265.24,-0.0020000000000000018
265.28000000000003,-0.003999999999999997
265.32,-0.005999999999999998
265.36,-0.005999999999999998
265.4,-0.003999999999999997
265.44,-0.003999999999999997
265.48,-0.0020000000000000018
265.52,0.0020000000000000018
265.56,0.0040000000000000036
265.6,0.0040000000000000036
265.64,0.0020000000000000018
265.68,-0.0020000000000000018
265.72,-0.005999999999999998
265.76,0.0
265.8,0.0020000000000000018
265.84000000000003,-0.0020000000000000018
265.88,-0.003999999999999997
265.92,-0.0020000000000000018
265.96,-0.0020000000000000018
266.0,-0.0020000000000000018
266.04,-0.005999999999999998
266.08,-0.0020000000000000018
266.12,0.0020000000000000018
266.16,0.0020000000000000018
266.2,0.0020000000000000018
266.24,0.0020000000000000018
266.28000000000003,0.0
266.32,0.0
266.36,0.0020000000000000018
266.4,-0.0020000000000000018
266.44,-0.0020000000000000018
266.48,0.0020000000000000018
266.52,0.0
266.56,-0.003999999999999997
266.6,-0.003999999999999997
266.64,-0.003999999999999997
266.68,-0.003999999999999997
266.72,-0.005999999999999998
266.76,-0.005999999999999998
266.8,0.0020000000000000018
266.84000000000003,0.0020000000000000018
266.88,-0.0020000000000000018
266.92,-0.0020000000000000018
266.96,-0.0020000000000000018
267.0,-0.0020000000000000018
267.04,0.0
267.08,-0.0020000000000000018
267.12,-0.003999999999999997
267.16,-0.0020000000000000018
267.2,0.0020000000000000018
267.24,-0.003999999999999997
267.28000000000003,-0.008
267.32,-0.003999999999999997
267.36,0.0
267.4,-0.003999999999999997
267.44,-0.0020000000000000018
267.48,0.0020000000000000018
267.52,0.0020000000000000018
267.56,-0.0020000000000000018
267.6,0.0020000000000000018
267.64,0.0020000000000000018
267.68,-0.0020000000000000018
267.72,0.0020000000000000018
267.76,0.0040000000000000036
267.8,0.0
267.84000000000003,0.0
267.88,0.0020000000000000018
267.92,-0.003999999999999997
267.96,-0.008
268.0,-0.003999999999999997
268.04,0.0
268.08,-0.003999999999999997
268.12,-0.003999999999999997
268.16,0.0
268.2,-0.0020000000000000018
268.24,0.0
268.28000000000003,0.0020000000000000018
268.32,-0.0020000000000000018
268.36,-0.003999999999999997
268.4,0.0020000000000000018
268.44,0.0040000000000000036
268.48,-0.005999999999999998
268.52,-0.005999999999999998
268.56,0.0
268.6,-0.003999999999999997
268.64,-0.008
268.68,-0.0020000000000000018
268.72,-0.0020000000000000018
268.76,-0.003999999999999997
268.8,-0.0020000000000000018
268.84000000000003,0.0020000000000000018
268.88,-0.0020000000000000018
268.92,-0.003999999999999997
268.96,0.0020000000000000018
269.0,0.0020000000000000018
269.04,-0.0020000000000000018
269.08,0.0040000000000000036
269.12,0.0040000000000000036
269.16,-0.0020000000000000018
269.2,-0.003999999999999997
269.24,0.0
269.28000000000003,-0.003999999999999997
269.32,-0.005999999999999998
269.36,-0.003999999999999997
269.4,-0.003999999999999997
269.44,-0.003999999999999997
269.48,0.0020000000000000018
269.52,0.0020000000000000018
269.56,-0.003999999999999997
269.6,-0.003999999999999997
269.64,0.0040000000000000036
269.68,0.0040000000000000036
269.72,-0.0020000000000000018
269.76,0.0020000000000000018
269.8,0.0040000000000000036
269.84000000000003,-0.003999999999999997
269.88,-0.003999999999999997
269.92,-0.0020000000000000018
269.96,-0.005999999999999998
270.0,-0.005999999999999998
270.04,0.0
270.08,0.0
270.12,-0.003999999999999997
270.16,-0.0020000000000000018
270.2,0.0
270.24,-0.003999999999999997
270.28000000000003,-0.0020000000000000018
270.32,0.0040000000000000036
270.36,0.0020000000000000018
270.4,0.0020000000000000018
270.44,0.0040000000000000036
270.48,0.0040000000000000036
270.52,0.0
270.56,-0.003999999999999997
270.6,-0.003999999999999997
270.64,-0.005999999999999998
270.68,-0.003999999999999997
270.72,0.0020000000000000018
270.76,-0.0020000000000000018
270.8,-0.005999999999999998
270.84000000000003,-0.0020000000000000018
270.88,0.0020000000000000018
270.92,-0.0020000000000000018
270.96,-0.0020000000000000018
271.0,0.0020000000000000018
271.04,0.0040000000000000036
271.08,0.0020000000000000018
271.12,-0.0020000000000000018
271.16,-0.003999999999999997
271.2,-0.0020000000000000018
271.24,-0.0020000000000000018
271.28000000000003,-0.0020000000000000018
271.32,-0.0020000000000000018
271.36,-0.003999999999999997
271.4,0.0
271.44,-0.0020000000000000018
271.48,-0.003999999999999997
271.52,-0.003999999999999997
271.56,-0.0020000000000000018
271.6,0.0020000000000000018
271.64,0.0
271.68,0.0040000000000000036
271.72,0.006000000000000005
271.76,0.0040000000000000036
271.8,0.0
271.84000000000003,-0.0020000000000000018
271.88,-0.0020000000000000018
271.92,0.0
271.96,0.0
272.0,-0.003999999999999997
272.04,-0.003999999999999997
272.08,-0.0020000000000000018
272.12,-0.0020000000000000018
272.16,-0.003999999999999997
272.2,-0.005999999999999998
272.24,-0.0020000000000000018
272.28000000000003,0.0040000000000000036
272.32,0.0
272.36,-0.0020000000000000018
272.4,0.0
272.44,0.0020000000000000018
272.48,-0.003999999999999997
272.52,-0.003999999999999997
272.56,-0.0020000000000000018
272.6,-0.003999999999999997
272.64,-0.0020000000000000018
272.68,-0.0020000000000000018
272.72,-0.003999999999999997
272.76,-0.003999999999999997
272.8,-0.0020000000000000018
272.84000000000003,-0.003999999999999997
272.88,-0.005999999999999998
272.92,0.0
272.96,0.006000000000000005
273.0,0.0020000000000000018
273.04,0.0020000000000000018
273.08,0.0040000000000000036
273.12,0.006000000000000005
273.16,0.0020000000000000018
273.2,0.0020000000000000018
273.24,-0.0020000000000000018
273.28000000000003,-0.003999999999999997
273.32,0.0020000000000000018
273.36,0.0020000000000000018
273.40000000000003,-0.003999999999999997
273.44,-0.005999999999999998
273.48,0.0040000000000000036
273.52,0.0020000000000000018
273.56,-0.003999999999999997
273.6,0.0020000000000000018
273.64,0.0040000000000000036
273.68,0.0020000000000000018
273.72,0.0020000000000000018
273.76,0.0020000000000000018
273.8,-0.0020000000000000018
273.84000000000003,-0.003999999999999997
273.88,0.0
273.92,-0.0020000000000000018
273.96,-0.003999999999999997
274.0,0.0
274.04,0.0
274.08,-0.005999999999999998
274.12,-0.009999999999999995
274.16,-0.0020000000000000018
274.2,-0.0020000000000000018
274.24,-0.005999999999999998
274.28000000000003,-0.0020000000000000018
274.32,0.0020000000000000018
274.36,0.0020000000000000018
274.40000000000003,0.0020000000000000018
274.44,0.0020000000000000018
274.48,-0.003999999999999997
274.52,-0.003999999999999997
274.56,0.0020000000000000018
274.6,0.0
274.64,-0.003999999999999997
274.68,-0.0020000000000000018
274.72,0.0020000000000000018
274.76,-0.005999999999999998
274.8,-0.005999999999999998
274.84000000000003,-0.0020000000000000018
274.88,0.0020000000000000018
274.92,0.0
274.96,0.0020000000000000018
275.0,0.0020000000000000018
275.04,-0.0020000000000000018
275.08,0.0
275.12,0.0020000000000000018
275.16,-0.0020000000000000018
275.2,-0.0020000000000000018
275.24,0.0040000000000000036
275.28000000000003,0.0
275.32,-0.003999999999999997
275.36,-0.003999999999999997
275.40000000000003,-0.0020000000000000018
275.44,-0.003999999999999997
275.48,-0.008
275.52,-0.005999999999999998
275.56,-0.0020000000000000018
275.6,-0.0020000000000000018
275.64,0.0020000000000000018
275.68,0.0
275.72,-0.003999999999999997
275.76,-0.0020000000000000018
275.8,0.0040000000000000036
275.84000000000003,0.0020000000000000018
275.88,-0.0020000000000000018
275.92,0.0020000000000000018
275.96,0.0020000000000000018
276.0,-0.0020000000000000018
276.04,-0.005999999999999998
276.08,-0.003999999999999997
276.12,-0.0020000000000000018
276.16,-0.0020000000000000018
276.2,-0.0020000000000000018
276.24,0.0
276.28000000000003,0.0
276.32,-0.0020000000000000018
276.36,0.0
276.40000000000003,-0.0020000000000000018
276.44,-0.0020000000000000018
276.48,0.0020000000000000018
276.52,0.0020000000000000018
276.56,-0.0020000000000000018
276.6,0.0
276.64,0.0020000000000000018
276.68,-0.0020000000000000018
276.72,-0.005999999999999998
276.76,-0.005999999999999998
276.8,-0.003999999999999997
276.84000000000003,-0.003999999999999997
276.88,-0.0020000000000000018
276.92,-0.003999999999999997
276.96,-0.003999999999999997
277.0,-0.0020000000000000018
277.04,0.0020000000000000018
277.08,0.0
277.12,-0.0020000000000000018
277.16,0.0020000000000000018
277.2,0.006000000000000005
277.24,0.0
277.28000000000003,-0.003999999999999997
277.32,0.0020000000000000018
277.36,-0.0020000000000000018
277.40000000000003,-0.003999999999999997
277.44,-0.003999999999999997
277.48,-0.0020000000000000018
277.52,-0.0020000000000000018
277.56,-0.0020000000000000018
277.6,-0.0020000000000000018
277.64,-0.0020000000000000018
277.68,0.0
277.72,0.0040000000000000036
277.76,-0.0020000000000000018
277.8,-0.003999999999999997
277.84000000000003,0.0020000000000000018
277.88,0.006000000000000005
277.92,0.0
277.96,-0.003999999999999997
278.0,0.0
278.04,-0.0020000000000000018
278.08,-0.005999999999999998
278.12,-0.005999999999999998
278.16,-0.003999999999999997
278.2,-0.005999999999999998
278.24,-0.0020000000000000018
278.28000000000003,-0.0020000000000000018
278.32,-0.005999999999999998
278.36,-0.005999999999999998
278.40000000000003,0.0020000000000000018
278.44,0.0020000000000000018
278.48,-0.003999999999999997
278.52,0.0
278.56,0.006000000000000005
278.6,0.0020000000000000018
278.64,-0.003999999999999997
278.68,0.0
278.72,-0.003999999999999997
278.76,-0.003999999999999997
278.8,-0.0020000000000000018
278.84000000000003,0.0
278.88,-0.0020000000000000018
278.92,0.0
278.96,0.0020000000000000018
279.0,-0.003999999999999997
279.04,-0.003999999999999997
279.08,0.0040000000000000036
279.12,0.006000000000000005
279.16,0.0020000000000000018
279.2,0.0020000000000000018
279.24,0.0040000000000000036
279.28000000000003,0.0020000000000000018
279.32,-0.003999999999999997
279.36,-0.0020000000000000018
279.40000000000003,-0.0020000000000000018
279.44,-0.0020000000000000018
279.48,-0.0020000000000000018
279.52,-0.003999999999999997
279.56,-0.005999999999999998
279.6,-0.003999999999999997
279.64,-0.0020000000000000018
279.68,-0.003999999999999997
279.72,-0.005999999999999998
279.76,-0.0020000000000000018
279.8,0.0020000000000000018
279.84000000000003,0.0020000000000000018
279.88,-0.0020000000000000018
279.92,0.0
279.96,-0.0020000000000000018
280.0,-0.003999999999999997
280.04,-0.003999999999999997
280.08,-0.0020000000000000018
280.12,-0.0020000000000000018
280.16,-0.0020000000000000018
280.2,-0.0020000000000000018
280.24,-0.005999999999999998
280.28000000000003,-0.003999999999999997
280.32,0.0
280.36,-0.0020000000000000018
280.40000000000003,-0.0020000000000000018
280.44,0.0
280.48,0.0040000000000000036
280.52,0.0040000000000000036
280.56,0.0
280.6,0.0020000000000000018
280.64,0.0020000000000000018
280.68,0.0020000000000000018
280.72,0.0020000000000000018
280.76,-0.0020000000000000018
280.8,-0.0020000000000000018
280.84000000000003,-0.0020000000000000018
280.88,-0.0020000000000000018
280.92,-0.003999999999999997
280.96,-0.005999999999999998
281.0,-0.003999999999999997
281.04,0.0
281.08,-0.0020000000000000018
281.12,0.0
281.16,0.0040000000000000036
281.2,0.0020000000000000018
281.24,-0.0020000000000000018
281.28000000000003,-0.0020000000000000018
281.32,0.0
281.36,0.0
281.40000000000003,-0.0020000000000000018
281.44,-0.0020000000000000018
281.48,-0.003999999999999997
281.52,-0.0020000000000000018
281.56,0.0
281.6,-0.003999999999999997
281.64,-0.005999999999999998
281.68,-0.003999999999999997
281.72,0.0
281.76,0.0
281.8,0.0
281.84000000000003,0.0020000000000000018
281.88,0.0020000000000000018
281.92,0.0020000000000000018
281.96,0.0020000000000000018
282.0,-0.0020000000000000018
282.04,-0.003999999999999997
282.08,0.0020000000000000018
282.12,0.0040000000000000036
282.16,-0.003999999999999997
282.2,-0.005999999999999998
282.24,-0.0020000000000000018
282.28000000000003,-0.003999999999999997
282.32,-0.005999999999999998
282.36,-0.0020000000000000018
282.40000000000003,0.0020000000000000018
282.44,-0.0020000000000000018
282.48,0.0
282.52,0.0020000000000000018
282.56,0.0020000000000000018
282.6,0.0
282.64,0.0020000000000000018
282.68,-0.0020000000000000018
282.72,-0.003999999999999997
282.76,0.0020000000000000018
282.8,0.0040000000000000036
282.84000000000003,-0.003999999999999997
282.88,-0.005999999999999998
282.92,-0.0020000000000000018
282.96,-0.0020000000000000018
283.0,-0.005999999999999998
283.04,-0.0020000000000000018
283.08,0.0020000000000000018
283.12,0.0
283.16,0.0020000000000000018
283.2,0.0020000000000000018
283.24,-0.0020000000000000018
283.28000000000003,-0.0020000000000000018
283.32,0.0020000000000000018
283.36,0.0020000000000000018
283.40000000000003,-0.0020000000000000018
283.44,-0.0020000000000000018
283.48,0.0020000000000000018
283.52,-0.003999999999999997
283.56,-0.008
283.6,-0.003999999999999997
283.64,-0.0020000000000000018
283.68,-0.003999999999999997
283.72,-0.003999999999999997
283.76,0.0020000000000000018
283.8,0.0
283.84000000000003,0.0
283.88,-0.0020000000000000018
283.92,-0.003999999999999997
283.96,-0.0020000000000000018
284.0,0.0040000000000000036
284.04,0.0040000000000000036
284.08,-0.0020000000000000018
284.12,-0.0020000000000000018
284.16,0.0
284.2,-0.0020000000000000018
284.24,-0.005999999999999998
284.28000000000003,-0.003999999999999997
284.32,-0.0020000000000000018
284.36,-0.0020000000000000018
284.40000000000003,-0.0020000000000000018
284.44,0.0
284.48,-0.0020000000000000018
284.52,-0.0020000000000000018
284.56,0.0020000000000000018
284.6,0.0020000000000000018
284.64,0.0
284.68,0.0040000000000000036
284.72,0.0040000000000000036
284.76,0.0020000000000000018
284.8,-0.003999999999999997
284.84000000000003,0.0
284.88,0.0
284.92,-0.005999999999999998
284.96,-0.005999999999999998
285.0,-0.0020000000000000018
285.04,0.0020000000000000018
285.08,-0.003999999999999997
285.12,-0.0020000000000000018
285.16,-0.0020000000000000018
285.2,-0.003999999999999997
285.24,0.0
285.28000000000003,0.0
285.32,-0.0020000000000000018
285.36,-0.0020000000000000018
285.40000000000003,0.006000000000000005
285.44,0.0020000000000000018
285.48,-0.003999999999999997
285.52,-0.0020000000000000018
285.56,0.0
285.6,-0.003999999999999997
285.64,-0.003999999999999997
285.68,-0.0020000000000000018
285.72,-0.0020000000000000018
285.76,-0.003999999999999997
285.8,0.0020000000000000018
285.84000000000003,0.0
285.88,-0.003999999999999997
285.92,0.0020000000000000018
285.96,0.006000000000000005
286.0,0.0020000000000000018
286.04,0.0020000000000000018
286.08,0.006000000000000005
286.12,0.0020000000000000018
286.16,-0.003999999999999997
286.2,-0.003999999999999997
286.24,0.0
286.28000000000003,-0.0020000000000000018
286.32,-0.003999999999999997
286.36,-0.0020000000000000018
286.40000000000003,-0.0020000000000000018
286.44,-0.003999999999999997
286.48,0.0020000000000000018
286.52,-0.0020000000000000018
286.56,-0.005999999999999998
286.6,-0.0020000000000000018
286.64,0.0040000000000000036
286.68,0.0020000000000000018
286.72,0.0
286.76,0.0040000000000000036
286.8,0.0020000000000000018
286.84000000000003,-0.003999999999999997
286.88,-0.003999999999999997
286.92,-0.0020000000000000018
286.96,-0.003999999999999997
287.0,-0.0020000000000000018
287.04,0.0
287.08,-0.003999999999999997
287.12,-0.003999999999999997
287.16,-0.0020000000000000018
287.2,-0.0020000000000000018
287.24,-0.003999999999999997
287.28000000000003,0.0020000000000000018
287.32,0.006000000000000005
287.36,0.0020000000000000018
287.40000000000003,-0.0020000000000000018
287.44,0.0020000000000000018
287.48,0.0020000000000000018
287.52,-0.0020000000000000018
287.56,-0.003999999999999997
287.6,-0.003999999999999997
287.64,-0.0020000000000000018
287.68,0.0020000000000000018
287.72,0.0
287.76,-0.005999999999999998
287.8,-0.005999999999999998
287.84000000000003,-0.003999999999999997
287.88,-0.0020000000000000018
287.92,-0.003999999999999997
287.96,0.0020000000000000018
288.0,0.006000000000000005
288.04,0.0020000000000000018
288.08,0.0020000000000000018
288.12,0.0020000000000000018
288.16,-0.0020000000000000018
288.2,-0.0020000000000000018
288.24,0.0
288.28000000000003,-0.0020000000000000018
288.32,-0.0020000000000000018
288.36,-0.0020000000000000018
288.40000000000003,-0.0020000000000000018
288.44,-0.003999999999999997
288.48,-0.003999999999999997
288.52,-0.0020000000000000018
288.56,0.0020000000000000018
288.6,0.0020000000000000018
288.64,0.0
288.68,0.0040000000000000036
288.72,0.0040000000000000036
288.76,0.0
288.8,-0.003999999999999997
288.84000000000003,-0.0020000000000000018
288.88,0.0
288.92,0.0020000000000000018
288.96,0.0
289.0,-0.003999999999999997
289.04,-0.003999999999999997
289.08,-0.003999999999999997
289.12,-0.003999999999999997
289.16,-0.005999999999999998
289.2,-0.005999999999999998
289.24,0.0
289.28000000000003,0.0
289.32,-0.0020000000000000018
289.36,-0.0020000000000000018
289.40000000000003,0.0020000000000000018
289.44,0.0
289.48,-0.0020000000000000018
289.52,0.0
289.56,-0.0020000000000000018
289.6,-0.0020000000000000018
289.64,0.0020000000000000018
289.68,-0.0020000000000000018
289.72,-0.003999999999999997
289.76,-0.0020000000000000018
289.8,-0.0020000000000000018
289.84000000000003,-0.003999999999999997
289.88,-0.003999999999999997
289.92,0.0040000000000000036
289.96,0.0040000000000000036
290.0,0.0
290.04,-0.0020000000000000018
290.08,0.0020000000000000018
290.12,0.0020000000000000018
290.16,0.0020000000000000018
290.2,0.0020000000000000018
290.24,0.0
290.28000000000003,0.0
290.32,0.0040000000000000036
290.36,0.0
290.40000000000003,-0.005999999999999998
290.44,-0.003999999999999997
290.48,-0.0020000000000000018
290.52,-0.003999999999999997
290.56,-0.003999999999999997
290.6,0.0
290.64,0.0020000000000000018
290.68,-0.0020000000000000018
290.72,0.0020000000000000018
290.76,0.0020000000000000018
290.8,-0.003999999999999997
290.84000000000003,-0.0020000000000000018
290.88,0.0020000000000000018
290.92,-0.0020000000000000018
290.96,-0.003999999999999997
291.0,0.0
291.04,-0.0020000000000000018
291.08,-0.009999999999999995
291.12,-0.003999999999999997
291.16,0.0
291.2,-0.003999999999999997
291.24,-0.003999999999999997
291.28000000000003,0.0
291.32,0.0020000000000000018
291.36,0.0
291.40000000000003,0.0020000000000000018
291.44,0.0020000000000000018
291.48,-0.0020000000000000018
291.52,0.0020000000000000018
291.56,0.008
291.6,0.0020000000000000018
291.64,-0.0020000000000000018
291.68,0.0020000000000000018
291.72,0.0
291.76,-0.005999999999999998
291.8,-0.003999999999999997
291.84000000000003,0.0
291.88,-0.0020000000000000018
291.92,-0.0020000000000000018
291.96,0.0020000000000000018
292.0,-0.0020000000000000018
292.04,-0.003999999999999997
292.08,0.0020000000000000018
292.12,0.0020000000000000018
292.16,0.0
292.2,0.0
292.24,0.006000000000000005
292.28000000000003,0.0
292.32,-0.005999999999999998
292.36,-0.003999999999999997
292.40000000000003,-0.0020000000000000018
292.44,-0.005999999999999998
292.48,-0.005999999999999998
292.52,-0.0020000000000000018
292.56,0.0
292.6,0.0
292.64,-0.0020000000000000018
292.68,-0.003999999999999997
292.72,-0.005999999999999998
292.76,0.0
292.8,0.0040000000000000036
292.84000000000003,0.0020000000000000018
292.88,0.0020000000000000018
292.92,0.0040000000000000036
292.96,0.0040000000000000036
293.0,-0.0020000000000000018
293.04,-0.0020000000000000018
293.08,-0.0020000000000000018
293.12,-0.0020000000000000018
293.16,-0.0020000000000000018
293.2,-0.0020000000000000018
293.24,0.0
293.28000000000003,-0.0020000000000000018
293.32,-0.0020000000000000018
293.36,0.0
293.40000000000003,-0.0020000000000000018
293.44,0.0
293.48,0.0020000000000000018
293.52,0.0020000000000000018
293.56,0.0
293.6,0.0020000000000000018
293.64,0.0020000000000000018
293.68,-0.0020000000000000018
293.72,-0.005999999999999998
293.76,-0.0020000000000000018
293.8,0.0
293.84000000000003,-0.0020000000000000018
293.88,-0.0020000000000000018
293.92,-0.003999999999999997
293.96,-0.003999999999999997
294.0,-0.003999999999999997
294.04,-0.0020000000000000018
294.08,-0.0020000000000000018
294.12,-0.0020000000000000018
294.16,0.0020000000000000018
294.2,0.0040000000000000036
294.24,0.0020000000000000018
294.28000000000003,0.0020000000000000018
294.32,0.0020000000000000018
294.36,0.0
294.40000000000003,-0.003999999999999997
294.44,-0.0020000000000000018
294.48,0.0
294.52,-0.0020000000000000018
294.56,-0.0020000000000000018
294.6,0.0
294.64,-0.003999999999999997
294.68,-0.003999999999999997
294.72,0.0020000000000000018
294.76,-0.0020000000000000018
294.8,-0.0020000000000000018
294.84000000000003,0.006000000000000005
294.88,0.006000000000000005
294.92,-0.0020000000000000018
294.96,-0.0020000000000000018
295.0,0.0020000000000000018
295.04,0.0020000000000000018
295.08,-0.003999999999999997
295.12,-0.003999999999999997
295.16,-0.0020000000000000018
295.2,-0.0020000000000000018
295.24,-0.0020000000000000018
295.28000000000003,-0.0020000000000000018
295.32,-0.005999999999999998
295.36,-0.005999999999999998
295.40000000000003,0.0
295.44,-0.0020000000000000018
295.48,-0.003999999999999997
295.52,0.0020000000000000018
295.56,0.006000000000000005
295.6,0.0020000000000000018
295.64,0.0
295.68,-0.0020000000000000018
295.72,0.0
295.76,0.0
295.8,0.0020000000000000018
295.84000000000003,0.0020000000000000018
295.88,-0.003999999999999997
295.92,-0.0020000000000000018
295.96,-0.0020000000000000018
296.0,-0.003999999999999997
296.04,-0.003999999999999997
296.08,0.0020000000000000018
296.12,0.0020000000000000018
296.16,-0.0020000000000000018
296.2,0.0020000000000000018
296.24,0.0040000000000000036
296.28000000000003,0.0020000000000000018
296.32,-0.003999999999999997
296.36,-0.0020000000000000018
296.40000000000003,0.0
296.44,0.0020000000000000018
296.48,0.0040000000000000036
296.52,-0.0020000000000000018
296.56,-0.005999999999999998
296.6,-0.005999999999999998
296.64,-0.003999999999999997
296.68,-0.005999999999999998
296.72,-0.008
296.76,0.0
296.8,0.0020000000000000018
296.84000000000003,0.0
296.88,0.0
296.92,0.0
296.96,-0.0020000000000000018
297.0,0.0020000000000000018
297.04,0.0020000000000000018
297.08,0.0020000000000000018
297.12,0.0
297.16,0.0020000000000000018
297.2,0.0020000000000000018
297.24,-0.003999999999999997
297.28000000000003,-0.0020000000000000018
297.32,0.0020000000000000018
297.36,-0.003999999999999997
297.40000000000003,-0.003999999999999997
297.44,0.0
297.48,0.0040000000000000036
297.52,0.0020000000000000018
297.56,-0.0020000000000000018
297.6,0.0
297.64,0.0
297.68,0.0040000000000000036
297.72,0.0040000000000000036
297.76,0.0020000000000000018
297.8,0.0
297.84000000000003,0.0020000000000000018
297.88,0.0020000000000000018
297.92,-0.003999999999999997
297.96,-0.008
298.0,-0.003999999999999997
298.04,-0.003999999999999997
298.08,-0.003999999999999997
298.12,-0.003999999999999997
298.16,-0.0020000000000000018
298.2,-0.0020000000000000018
298.24,-0.003999999999999997
298.28000000000003,-0.0020000000000000018
298.32,-0.0020000000000000018
298.36,-0.0020000000000000018
298.40000000000003,0.0020000000000000018
298.44,0.0020000000000000018
298.48,-0.0020000000000000018
298.52,0.0
298.56,0.0
298.6,-0.003999999999999997
298.64,-0.005999999999999998
298.68,-0.0020000000000000018
298.72,0.0020000000000000018
298.76,-0.0020000000000000018
298.8,-0.003999999999999997
298.84000000000003,-0.0020000000000000018
298.88,0.0020000000000000018
298.92,-0.0020000000000000018
298.96,0.0020000000000000018
299.0,0.0
299.04,0.0020000000000000018
299.08,0.006000000000000005
299.12,0.008
299.16,0.0020000000000000018
299.2,-0.0020000000000000018
299.24,0.0020000000000000018
299.28000000000003,0.0
299.32,-0.003999999999999997
299.36,-0.0020000000000000018
299.40000000000003,-0.0020000000000000018
299.44,-0.003999999999999997
299.48,-0.005999999999999998
299.52,-0.0020000000000000018
299.56,-0.0020000000000000018
299.6,-0.005999999999999998
299.64,-0.0020000000000000018
299.68,0.0
299.72,-0.003999999999999997
299.76,0.0020000000000000018
299.8,0.006000000000000005
299.84000000000003,-0.0020000000000000018
299.88,-0.005999999999999998
299.92,0.0
299.96,0.0
300.0,-0.003999999999999997
300.04,-0.003999999999999997
300.08,-0.0020000000000000018
300.12,-0.0020000000000000018
300.16,-0.003999999999999997
300.2,-0.0020000000000000018
300.24,-0.003999999999999997
300.28000000000003,-0.003999999999999997
300.32,0.0020000000000000018
300.36,0.006000000000000005
300.40000000000003,0.0020000000000000018
300.44,0.0040000000000000036
300.48,0.008
300.52,0.0020000000000000018
300.56,-0.003999999999999997
300.6,0.0
300.64,0.0020000000000000018
300.68,0.0
300.72,0.0
300.76,0.0020000000000000018
300.8,-0.0020000000000000018
300.84000000000003,-0.003999999999999997
300.88,-0.0020000000000000018
300.92,-0.0020000000000000018
300.96,-0.003999999999999997
301.0,-0.0020000000000000018
301.04,0.0020000000000000018
301.08,-0.0020000000000000018
301.12,-0.0020000000000000018
301.16,0.0020000000000000018
301.2,0.0020000000000000018
301.24,-0.005999999999999998
301.28000000000003,-0.0020000000000000018
301.32,0.0020000000000000018
301.36,0.0020000000000000018
301.40000000000003,-0.0020000000000000018
301.44,-0.003999999999999997
301.48,-0.005999999999999998
301.52,-0.005999999999999998
301.56,-0.003999999999999997
301.6,-0.003999999999999997
301.64,-0.003999999999999997
301.68,0.0
301.72,0.006000000000000005
301.76,0.0020000000000000018
301.8,-0.0020000000000000018
301.84000000000003,0.0020000000000000018
301.88,0.0020000000000000018
301.92,0.0020000000000000018
301.96,0.0
302.0,0.0020000000000000018
302.04,-0.0020000000000000018
302.08,0.0020000000000000018
302.12,0.0020000000000000018
302.16,-0.0020000000000000018
302.2,-0.003999999999999997
302.24,-0.0020000000000000018
302.28000000000003,-0.003999999999999997
302.32,-0.003999999999999997
302.36,0.0
302.40000000000003,0.0020000000000000018
302.44,0.0020000000000000018
302.48,-0.003999999999999997
302.52,-0.0020000000000000018
302.56,0.0040000000000000036
302.6,0.0020000000000000018
302.64,0.0
302.68,0.0
302.72,-0.0020000000000000018
302.76,0.0
302.8,-0.0020000000000000018
302.84000000000003,-0.003999999999999997
302.88,-0.005999999999999998
302.92,-0.003999999999999997
302.96,-0.0020000000000000018
303.0,-0.0020000000000000018
303.04,-0.003999999999999997
303.08,0.0
303.12,0.0020000000000000018
303.16,-0.0020000000000000018
303.2,0.0
303.24,0.0020000000000000018
303.28000000000003,0.0
303.32,0.0020000000000000018
303.36,0.006000000000000005
303.40000000000003,0.0020000000000000018
303.44,-0.0020000000000000018
303.48,-0.0020000000000000018
303.52,-0.0020000000000000018
303.56,-0.003999999999999997
303.6,-0.0020000000000000018
303.64,0.0020000000000000018
303.68,-0.0020000000000000018
303.72,-0.005999999999999998
303.76,-0.0020000000000000018
303.8,0.0020000000000000018
303.84000000000003,-0.0020000000000000018
303.88,-0.0020000000000000018
303.92,0.0020000000000000018
303.96,0.0020000000000000018
304.0,0.0020000000000000018
304.04,0.0040000000000000036
304.08,-0.0020000000000000018
304.12,-0.003999999999999997
304.16,-0.0020000000000000018
304.2,-0.0020000000000000018
304.24,-0.005999999999999998
304.28000000000003,-0.003999999999999997
304.32,0.0020000000000000018
304.36,0.0
304.40000000000003,-0.003999999999999997
304.44,-0.0020000000000000018
304.48,-0.0020000000000000018
304.52,-0.003999999999999997
304.56,0.0
304.6,0.0040000000000000036
304.64,0.0040000000000000036
304.68,0.0040000000000000036
304.72,0.006000000000000005
304.76,0.0020000000000000018
304.8,-0.0020000000000000018
304.84000000000003,0.0020000000000000018
304.88,0.0020000000000000018
304.92,-0.003999999999999997
304.96,-0.003999999999999997
305.0,0.0
305.04,-0.0020000000000000018
305.08,-0.0020000000000000018
305.12,-0.003999999999999997
305.16,-0.003999999999999997
305.2,-0.0020000000000000018
305.24,0.0020000000000000018
305.28000000000003,0.0040000000000000036
305.32,-0.0020000000000000018
305.36,0.0
305.40000000000003,0.0020000000000000018
305.44,-0.0020000000000000018
305.48,-0.005999999999999998
305.52,-0.0020000000000000018
305.56,0.0020000000000000018
305.6,-0.0020000000000000018
305.64,-0.003999999999999997
305.68,-0.003999999999999997
305.72,-0.005999999999999998
305.76,-0.005999999999999998
305.8,-0.0020000000000000018
305.84000000000003,-0.003999999999999997
305.88,-0.003999999999999997
305.92,0.0
305.96,0.0040000000000000036
306.0,0.0020000000000000018
306.04,0.0020000000000000018
306.08,0.006000000000000005
306.12,0.0040000000000000036
306.16,-0.0020000000000000018
306.2,-0.0020000000000000018
306.24,0.0040000000000000036
306.28000000000003,0.0020000000000000018
306.32,-0.0020000000000000018
306.36,-0.0020000000000000018
306.40000000000003,-0.003999999999999997
306.44,-0.0020000000000000018
306.48,0.0020000000000000018
306.52,0.0020000000000000018
306.56,0.0
306.6,0.0020000000000000018
306.64,0.006000000000000005
306.68,0.0020000000000000018
306.72,-0.0020000000000000018
306.76,0.0020000000000000018
306.8,0.0020000000000000018
306.84000000000003,-0.0020000000000000018
306.88,-0.0020000000000000018
306.92,0.0
306.96,0.0
307.0,-0.003999999999999997
307.04,-0.003999999999999997
307.08,-0.005999999999999998
307.12,-0.005999999999999998
307.16,-0.003999999999999997
307.2,-0.0020000000000000018
307.24,-0.0020000000000000018
307.28000000000003,-0.0020000000000000018
307.32,0.0020000000000000018
307.36,0.0020000000000000018
307.40000000000003,-0.0020000000000000018
307.44,-0.0020000000000000018
307.48,0.0040000000000000036
307.52,0.0020000000000000018
307.56,-0.0020000000000000018
307.6,-0.0020000000000000018
307.64,-0.0020000000000000018
307.68,-0.0020000000000000018
307.72,-0.0020000000000000018
307.76,-0.0020000000000000018
307.8,-0.003999999999999997
307.84000000000003,0.0
307.88,0.006000000000000005
307.92,0.0020000000000000018
307.96,0.0
308.0,0.0020000000000000018
308.04,0.0040000000000000036
308.08,0.0020000000000000018
308.12,-0.0020000000000000018
308.16,0.0020000000000000018
308.2,0.0040000000000000036
308.24,0.0020000000000000018
308.28000000000003,0.0020000000000000018
308.32,0.0
308.36,-0.005999999999999998
308.40000000000003,-0.003999999999999997
308.44,-0.003999999999999997
308.48,-0.005999999999999998
308.52,-0.003999999999999997
308.56,0.0
308.6,-0.0020000000000000018
308.64,-0.003999999999999997
308.68,-0.0020000000000000018
308.72,0.0020000000000000018
308.76,-0.0020000000000000018
308.8,-0.003999999999999997
308.84000000000003,0.0020000000000000018
308.88,0.0020000000000000018
308.92,-0.0020000000000000018
308.96,0.0
309.0,-0.003999999999999997
309.04,-0.005999999999999998
309.08,-0.003999999999999997
309.12,0.0020000000000000018
309.16,-0.003999999999999997
309.2,-0.003999999999999997
309.24,0.0040000000000000036
309.28000000000003,0.0020000000000000018
309.32,-0.003999999999999997
309.36,-0.0020000000000000018
309.40000000000003,0.0020000000000000018
309.44,0.0020000000000000018
309.48,0.0040000000000000036
309.52,0.008
309.56,0.0040000000000000036
309.6,-0.0020000000000000018
309.64,0.0020000000000000018
309.68,0.0020000000000000018
309.72,-0.003999999999999997
309.76,-0.003999999999999997
309.8,0.0020000000000000018
309.84000000000003,-0.003999999999999997
309.88,-0.005999999999999998
309.92,0.0020000000000000018
309.96,0.0020000000000000018
310.0,-0.003999999999999997
310.04,-0.0020000000000000018
310.08,0.0020000000000000018
310.12,0.0
310.16,0.0040000000000000036
310.2,0.0020000000000000018
310.24,-0.0020000000000000018
310.28000000000003,-0.003999999999999997
310.32,0.0
310.36,-0.0020000000000000018
310.40000000000003,-0.005999999999999998
310.44,-0.003999999999999997
310.48,0.0020000000000000018
310.52,-0.0020000000000000018
310.56,-0.005999999999999998
310.6,-0.0020000000000000018
310.64,-0.0020000000000000018
310.68,-0.0020000000000000018
310.72,0.0020000000000000018
310.76,0.0040000000000000036
310.8,0.0020000000000000018
310.84000000000003,0.006000000000000005
310.88,0.006000000000000005
310.92,0.0020000000000000018
310.96,-0.0020000000000000018
311.0,0.0020000000000000018
311.04,-0.0020000000000000018
311.08,-0.003999999999999997
311.12,-0.0020000000000000018
311.16,0.0
311.2,0.0
311.24,-0.003999999999999997
311.28000000000003,-0.003999999999999997
311.32,-0.0020000000000000018
311.36,-0.0020000000000000018
311.40000000000003,0.0040000000000000036
311.44,0.0020000000000000018
311.48,-0.0020000000000000018
311.52,0.0
311.56,0.0020000000000000018
311.6,-0.0020000000000000018
311.64,-0.003999999999999997
311.68,-0.0020000000000000018
311.72,0.0020000000000000018
311.76,-0.0020000000000000018
311.8,-0.0020000000000000018
311.84000000000003,-0.0020000000000000018
311.88,-0.0020000000000000018
311.92,-0.003999999999999997
311.96,-0.003999999999999997
312.0,-0.003999999999999997
312.04,-0.003999999999999997
312.08,0.0020000000000000018
312.12,0.0040000000000000036
312.16,0.0040000000000000036
312.2,0.0040000000000000036
312.24,0.0040000000000000036
312.28000000000003,0.0020000000000000018
312.32,-0.0020000000000000018
312.36,0.0
312.40000000000003,0.0020000000000000018
312.44,0.0
312.48,-0.0020000000000000018
312.52,-0.0020000000000000018
312.56,-0.0020000000000000018
312.6,-0.0020000000000000018
312.64,-0.0020000000000000018
312.68,-0.003999999999999997
312.72,-0.0020000000000000018
312.76,0.0020000000000000018
312.8,0.0040000000000000036
312.84000000000003,0.0020000000000000018
312.88,-0.003999999999999997
312.92,-0.0020000000000000018
312.96,0.0
313.0,-0.0020000000000000018
313.04,-0.003999999999999997
313.08,-0.0020000000000000018
313.12,0.0
313.16,-0.0020000000000000018
313.2,-0.005999999999999998
313.24,-0.005999999999999998
313.28000000000003,-0.008
313.32,-0.003999999999999997
313.36,0.0020000000000000018
313.40000000000003,0.0020000000000000018
313.44,0.0020000000000000018
313.48,0.0040000000000000036
313.52,0.0020000000000000018
313.56,-0.0020000000000000018
313.6,0.0020000000000000018
313.64,0.0040000000000000036
313.68,0.0
313.72,-0.0020000000000000018
313.76,0.0020000000000000018
313.8,0.0020000000000000018
313.84000000000003,0.0
313.88,-0.003999999999999997
313.92,-0.0020000000000000018
313.96,-0.003999999999999997
314.0,0.0
314.04,0.0040000000000000036
314.08,0.0020000000000000018
314.12,-0.0020000000000000018
314.16,0.0020000000000000018
314.2,0.0020000000000000018
314.24,-0.003999999999999997
314.28000000000003,-0.003999999999999997
314.32,0.0040000000000000036
314.36,0.0020000000000000018
314.40000000000003,-0.0020000000000000018
314.44,0.0
314.48,-0.003999999999999997
314.52,-0.008
314.56,-0.005999999999999998
314.6,-0.0020000000000000018
314.64,-0.005999999999999998
314.68,-0.005999999999999998
314.72,0.0020000000000000018
314.76,0.0020000000000000018
314.8,-0.0020000000000000018
314.84000000000003,0.0020000000000000018
314.88,0.0040000000000000036
314.92,-0.003999999999999997
314.96,-0.003999999999999997
315.0,0.006000000000000005
315.04,0.0020000000000000018
315.08,-0.003999999999999997
315.12,0.0
315.16,-0.0020000000000000018
315.2,-0.003999999999999997
315.24,-0.0020000000000000018
315.28000000000003,0.0020000000000000018
315.32,-0.0020000000000000018
315.36,0.0
315.40000000000003,0.006000000000000005
315.44,0.006000000000000005
315.48,-0.0020000000000000018
315.52,0.0020000000000000018
315.56,0.006000000000000005
315.6,0.0020000000000000018
315.64,0.0020000000000000018
315.68,0.0040000000000000036
315.72,0.0020000000000000018
315.76,0.0
315.8,0.0020000000000000018
315.84000000000003,0.0
315.88,-0.005999999999999998
315.92,-0.005999999999999998
315.96,-0.0020000000000000018
316.0,-0.0020000000000000018
316.04,-0.0020000000000000018
316.08,0.0020000000000000018
316.12,0.0
316.16,-0.003999999999999997
316.2,-0.0020000000000000018
316.24,0.0040000000000000036
316.28000000000003,-0.0020000000000000018
316.32,-0.0020000000000000018
316.36,0.0
316.40000000000003,-0.0020000000000000018
316.44,-0.003999999999999997
316.48,-0.0020000000000000018
316.52,-0.0020000000000000018
316.56,-0.008
316.6,-0.003999999999999997
316.64,0.0020000000000000018
316.68,-0.0020000000000000018
316.72,-0.003999999999999997
316.76,0.0020000000000000018
316.8,0.0020000000000000018
316.84000000000003,0.0
316.88,0.0
316.92,0.0020000000000000018
316.96,0.0040000000000000036
317.0,0.0040000000000000036
317.04,0.006000000000000005
317.08,0.0020000000000000018
317.12,-0.003999999999999997
317.16,-0.0020000000000000018
317.2,-0.0020000000000000018
317.24,-0.003999999999999997
317.28000000000003,-0.0020000000000000018
317.32,0.0
317.36,-0.0020000000000000018
317.40000000000003,-0.0020000000000000018
317.44,0.0
317.48,0.0
317.52,-0.0020000000000000018
317.56,0.0
317.6,0.0020000000000000018
317.64,0.0020000000000000018
317.68,0.0020000000000000018
317.72,0.0020000000000000018
317.76,-0.003999999999999997
317.8,-0.005999999999999998
317.84000000000003,-0.0020000000000000018
317.88,0.0
317.92,-0.003999999999999997
317.96,-0.003999999999999997
318.0,0.0020000000000000018
318.04,-0.0020000000000000018
318.08,-0.0020000000000000018
318.12,-0.003999999999999997
318.16,-0.003999999999999997
318.2,0.0
318.24,0.0040000000000000036
318.28000000000003,0.0040000000000000036
318.32,0.0020000000000000018
318.36,0.0020000000000000018
318.40000000000003,0.0020000000000000018
318.44,0.0
318.48,-0.003999999999999997
318.52,-0.003999999999999997
318.56,-0.0020000000000000018
318.6,-0.0020000000000000018
318.64,-0.003999999999999997
318.68,-0.0020000000000000018
318.72,-0.0020000000000000018
318.76,-0.003999999999999997
318.8,-0.003999999999999997
318.84000000000003,-0.0020000000000000018
318.88,0.0020000000000000018
318.92,0.0040000000000000036
318.96,0.0020000000000000018
319.0,-0.0020000000000000018
319.04,-0.0020000000000000018
319.08,0.0
319.12,0.0
319.16,-0.003999999999999997
319.2,-0.003999999999999997
319.24,0.0020000000000000018
319.28000000000003,0.0020000000000000018
319.32,-0.003999999999999997
319.36,-0.003999999999999997
319.40000000000003,-0.003999999999999997
319.44,-0.003999999999999997
319.48,0.0
319.52,0.0020000000000000018
319.56,0.0020000000000000018
319.6,0.0020000000000000018
319.64,0.006000000000000005
319.68,0.006000000000000005
319.72,0.0020000000000000018
319.76,0.0020000000000000018
319.8,0.0020000000000000018
319.84000000000003,-0.0020000000000000018
319.88,-0.0020000000000000018
319.92,0.0020000000000000018
319.96,0.0
320.0,-0.003999999999999997
320.04,-0.003999999999999997
320.08,-0.0020000000000000018
320.12,-0.003999999999999997
320.16,0.0
320.2,0.0
320.24,-0.0020000000000000018
320.28000000000003,-0.0020000000000000018
320.32,0.0040000000000000036
320.36,0.0020000000000000018
320.40000000000003,-0.0020000000000000018
320.44,-0.0020000000000000018
320.48,0.0020000000000000018
320.52,-0.0020000000000000018
320.56,-0.003999999999999997
320.6,-0.0020000000000000018
320.64,0.0
320.68,-0.003999999999999997
320.72,-0.005999999999999998
320.76,-0.003999999999999997
320.8,-0.005999999999999998
320.84000000000003,-0.003999999999999997
320.88,0.0020000000000000018
320.92,0.0020000000000000018
320.96,0.0
321.0,0.0040000000000000036
321.04,0.0040000000000000036
321.08,0.0
321.12,0.0
321.16,0.006000000000000005
321.2,0.0020000000000000018
321.24,-0.0020000000000000018
321.28000000000003,0.0020000000000000018
321.32,0.0020000000000000018
321.36,-0.003999999999999997
321.40000000000003,-0.0020000000000000018
321.44,-0.0020000000000000018
321.48,-0.003999999999999997
321.52,0.0
321.56,0.006000000000000005
321.6,0.0020000000000000018
321.64,-0.0020000000000000018
321.68,0.0020000000000000018
321.72,0.006000000000000005
321.76,-0.0020000000000000018
321.8,0.0
321.84000000000003,0.0040000000000000036
321.88,0.0040000000000000036
321.92,-0.0020000000000000018
321.96,-0.0020000000000000018
322.0,-0.003999999999999997
322.04,-0.008
322.08,-0.003999999999999997
322.12,0.0
322.16,-0.0020000000000000018
322.2,-0.003999999999999997
322.24,0.0020000000000000018
322.28000000000003,0.0
322.32,-0.0020000000000000018
322.36,0.0020000000000000018
322.40000000000003,0.0020000000000000018
322.44,-0.0020000000000000018
322.48,0.0
322.52,0.0040000000000000036
322.56,0.0020000000000000018
322.6,-0.0020000000000000018
322.64,-0.0020000000000000018
322.68,-0.003999999999999997
322.72,-0.005999999999999998
322.76,-0.0020000000000000018
322.8,0.0020000000000000018
322.84000000000003,-0.0020000000000000018
322.88,-0.003999999999999997
322.92,-0.0020000000000000018
322.96,0.0
323.0,-0.003999999999999997
323.04,-0.0020000000000000018
323.08,0.0040000000000000036
323.12,0.0040000000000000036
323.16,0.0040000000000000036
323.2,0.0020000000000000018
323.24,0.0
323.28000000000003,-0.0020000000000000018
323.32,0.0
323.36,-0.0020000000000000018
323.40000000000003,-0.005999999999999998
323.44,-0.003999999999999997
323.48,0.0020000000000000018
323.52,-0.0020000000000000018
323.56,-0.0020000000000000018
323.6,0.0020000000000000018
323.64,0.0
323.68,-0.0020000000000000018
323.72,0.0020000000000000018
323.76,0.0040000000000000036
323.8,0.0040000000000000036
323.84000000000003,0.0020000000000000018
323.88,0.0020000000000000018
323.92,-0.0020000000000000018
323.96,-0.0020000000000000018
324.0,0.0020000000000000018
324.04,0.0020000000000000018
324.08,-0.003999999999999997
324.12,-0.0020000000000000018
324.16,0.0
324.2,-0.0020000000000000018
324.24,-0.005999999999999998
324.28000000000003,-0.005999999999999998
324.32,-0.0020000000000000018
324.36,0.0
324.40000000000003,0.0020000000000000018
324.44,0.0020000000000000018
324.48,0.0020000000000000018
324.52,0.0020000000000000018
324.56,0.0020000000000000018
324.6,0.0
324.64,-0.003999999999999997
324.68,-0.003999999999999997
324.72,-0.0020000000000000018
324.76,-0.0020000000000000018
324.8,-0.0020000000000000018
324.84000000000003,0.0
324.88,-0.0020000000000000018
324.92,-0.003999999999999997
324.96,-0.0020000000000000018
325.0,0.0020000000000000018
325.04,0.0020000000000000018
325.08,0.0020000000000000018
325.12,0.0040000000000000036
325.16,0.0020000000000000018
325.2,0.0020000000000000018
325.24,0.008
325.28000000000003,0.0040000000000000036
325.32,-0.0020000000000000018
325.36,-0.0020000000000000018
325.40000000000003,0.0020000000000000018
325.44,0.0020000000000000018
325.48,-0.003999999999999997
325.52,-0.0020000000000000018
325.56,-0.0020000000000000018
325.6,-0.003999999999999997
325.64,-0.003999999999999997
325.68,-0.0020000000000000018
325.72,0.0
325.76,0.0020000000000000018
325.8,0.006000000000000005
325.84000000000003,0.0040000000000000036
325.88,-0.0020000000000000018
325.92,0.0020000000000000018
325.96,0.0020000000000000018
326.0,-0.0020000000000000018
326.04,-0.0020000000000000018
326.08,0.0020000000000000018
326.12,0.0
326.16,-0.003999999999999997
326.2,-0.0020000000000000018
326.24,-0.0020000000000000018
326.28000000000003,-0.003999999999999997
326.32,-0.0020000000000000018
326.36,-0.0020000000000000018
326.40000000000003,0.0020000000000000018
326.44,0.0020000000000000018
326.48,0.0040000000000000036
326.52,0.0020000000000000018
326.56,-0.003999999999999997
326.6,0.0
326.64,0.006000000000000005
326.68,0.0020000000000000018
326.72,-0.0020000000000000018
326.76,0.0020000000000000018
326.8,0.0020000000000000018
326.84000000000003,-0.003999999999999997
326.88,-0.005999999999999998
326.92,-0.005999999999999998
326.96,-0.003999999999999997
327.0,-0.0020000000000000018
327.04,0.0020000000000000018
327.08,0.0
327.12,-0.0020000000000000018
327.16,0.0020000000000000018
327.2,0.0020000000000000018
327.24,-0.0020000000000000018
327.28000000000003,0.0
327.32,0.0040000000000000036
327.36,0.0020000000000000018
327.40000000000003,-0.0020000000000000018
327.44,0.0020000000000000018
327.48,0.0020000000000000018
327.52,-0.003999999999999997
327.56,-0.003999999999999997
327.6,-0.0020000000000000018
327.64,-0.0020000000000000018
327.68,0.0020000000000000018
327.72,0.0020000000000000018
327.76,-0.0020000000000000018
327.8,-0.003999999999999997
327.84000000000003,0.0
327.88,0.0020000000000000018
327.92,-0.0020000000000000018
327.96,0.0020000000000000018
328.0,0.008
328.04,0.006000000000000005
328.08,0.0
328.12,-0.0020000000000000018
328.16,-0.003999999999999997
328.2,-0.003999999999999997
328.24,-0.003999999999999997
328.28000000000003,-0.0020000000000000018
328.32,-0.005999999999999998
328.36,-0.003999999999999997
328.40000000000003,0.0020000000000000018
328.44,-0.0020000000000000018
328.48,-0.003999999999999997
328.52,-0.0020000000000000018
328.56,0.0020000000000000018
328.6,-0.0020000000000000018
328.64,0.0020000000000000018
328.68,0.006000000000000005
328.72,0.0020000000000000018
328.76,-0.0020000000000000018
328.8,0.0
328.84000000000003,-0.0020000000000000018
328.88,-0.003999999999999997
328.92,0.0020000000000000018
328.96,0.0020000000000000018
329.0,-0.003999999999999997
329.04,-0.0020000000000000018
329.08,0.0020000000000000018
329.12,-0.0020000000000000018
329.16,-0.003999999999999997
329.2,0.0020000000000000018
329.24,0.0040000000000000036
329.28000000000003,0.0040000000000000036
329.32,0.0020000000000000018
329.36,0.0020000000000000018
329.40000000000003,0.0040000000000000036
329.44,0.0020000000000000018
329.48,0.0020000000000000018
329.52,-0.0020000000000000018
329.56,-0.003999999999999997
329.6,0.0
329.64,0.0020000000000000018
329.68,-0.003999999999999997
329.72,-0.003999999999999997
329.76,-0.0020000000000000018
329.8,-0.003999999999999997
329.84000000000003,-0.003999999999999997
329.88,-0.0020000000000000018
329.92,0.0020000000000000018
329.96,0.0020000000000000018
330.0,-0.0020000000000000018
330.04,0.0020000000000000018
330.08,0.0020000000000000018
330.12,0.0020000000000000018
330.16,0.0
330.2,-0.0020000000000000018
330.24,-0.003999999999999997
330.28000000000003,-0.0020000000000000018
330.32,0.0040000000000000036
330.36,-0.0020000000000000018
330.40000000000003,-0.005999999999999998
330.44,-0.003999999999999997
330.48,0.0
330.52,-0.0020000000000000018
330.56,-0.0020000000000000018
330.6,0.0020000000000000018
330.64,0.006000000000000005
330.68,0.006000000000000005
330.72,0.0020000000000000018
330.76,0.0020000000000000018
330.8,-0.0020000000000000018
330.84000000000003,-0.0020000000000000018
330.88,0.0020000000000000018
330.92,-0.0020000000000000018
330.96,-0.0020000000000000018
331.0,0.0
331.04,-0.0020000000000000018
331.08,-0.005999999999999998
331.12,-0.003999999999999997
331.16,-0.0020000000000000018
331.2,-0.0020000000000000018
331.24,-0.0020000000000000018
331.28000000000003,0.0020000000000000018
331.32,0.0020000000000000018
331.36,0.0020000000000000018
331.40000000000003,0.0020000000000000018
331.44,0.0020000000000000018
331.48,-0.0020000000000000018
331.52,0.0040000000000000036
331.56,0.006000000000000005
331.6,0.0020000000000000018
331.64,-0.003999999999999997
331.68,0.0
331.72,0.0020000000000000018
331.76,-0.005999999999999998
331.8,-0.005999999999999998
331.84000000000003,0.0
331.88,0.0020000000000000018
331.92,0.0020000000000000018
331.96,0.0020000000000000018
332.0,0.0020000000000000018
332.04,0.0
332.08,0.0020000000000000018
332.12,0.0040000000000000036
332.16,-0.0020000000000000018
332.2,0.0
332.24,0.0040000000000000036
332.28000000000003,0.0020000000000000018
332.32,-0.005999999999999998
332.36,-0.003999999999999997
332.40000000000003,-0.0020000000000000018
332.44,-0.005999999999999998
332.48,-0.005999999999999998
332.52,-0.0020000000000000018
332.56,0.0020000000000000018
332.6,-0.0020000000000000018
332.64,-0.0020000000000000018
332.68,-0.0020000000000000018
332.72,-0.003999999999999997
332.76,0.0
332.8,0.006000000000000005
332.84000000000003,0.0020000000000000018
332.88,-0.0020000000000000018
332.92,0.0020000000000000018
332.96,0.0020000000000000018
333.0,-0.005999999999999998
333.04,-0.005999999999999998
333.08,-0.0020000000000000018
333.12,-0.0020000000000000018
333.16,-0.0020000000000000018
333.2,0.0
333.24,0.0
333.28000000000003,0.0020000000000000018
333.32,0.0040000000000000036
333.36,0.006000000000000005
333.40000000000003,-0.0020000000000000018
333.44,0.0020000000000000018
333.48,0.006000000000000005
333.52,0.0040000000000000036
333.56,0.0020000000000000018
333.6,0.0020000000000000018
333.64,0.0020000000000000018
333.68,-0.003999999999999997
333.72,-0.003999999999999997
333.76,0.0
333.8,0.0
333.84000000000003,-0.0020000000000000018
333.88,-0.0020000000000000018
333.92,-0.003999999999999997
333.96,-0.003999999999999997
334.0,0.0020000000000000018
334.04,0.0020000000000000018
334.08,-0.003999999999999997
334.12,0.0020000000000000018
334.16,0.006000000000000005
334.2,0.0020000000000000018
334.24,-0.0020000000000000018
334.28000000000003,0.0020000000000000018
334.32,-0.0020000000000000018
334.36,-0.003999999999999997
334.40000000000003,-0.003999999999999997
334.44,-0.003999999999999997
334.48,-0.003999999999999997
334.52,-0.0020000000000000018
334.56,0.0020000000000000018
334.6,-0.0020000000000000018
334.64,-0.003999999999999997
334.68,-0.0020000000000000018
334.72,0.0020000000000000018
334.76,0.0
334.8,0.0020000000000000018
334.84000000000003,0.006000000000000005
334.88,0.0020000000000000018
334.92,-0.0020000000000000018
334.96,0.0020000000000000018
335.0,0.0020000000000000018
335.04,-0.0020000000000000018
335.08,-0.0020000000000000018
335.12,-0.0020000000000000018
335.16,-0.0020000000000000018
335.2,-0.0020000000000000018
335.24,0.0
335.28000000000003,-0.0020000000000000018
335.32,-0.003999999999999997
335.36,-0.0020000000000000018
335.40000000000003,0.0020000000000000018
335.44,0.0020000000000000018
335.48,0.0020000000000000018
335.52,0.006000000000000005
335.56,0.0040000000000000036
335.6,0.0020000000000000018
335.64,-0.0020000000000000018
335.68,-0.003999999999999997
335.72,-0.003999999999999997
335.76,-0.0020000000000000018
335.8,0.0
335.84000000000003,-0.0020000000000000018
335.88,-0.0020000000000000018
335.92,-0.0020000000000000018
335.96,-0.0020000000000000018
336.0,-0.0020000000000000018
336.04,0.0020000000000000018
336.08,0.0020000000000000018
336.12,0.0020000000000000018
336.16,0.0020000000000000018
336.2,0.006000000000000005
336.24,0.0040000000000000036
336.28000000000003,0.0020000000000000018
336.32,-0.0020000000000000018
336.36,-0.0020000000000000018
336.40000000000003,0.0
336.44,0.0020000000000000018
336.48,0.0020000000000000018
336.52,-0.0020000000000000018
336.56,-0.005999999999999998
336.6,-0.0020000000000000018
336.64,-0.0020000000000000018
336.68,-0.003999999999999997
336.72,-0.003999999999999997
336.76,0.0020000000000000018
336.8,0.0040000000000000036
336.84000000000003,0.0020000000000000018
336.88,0.0
336.92,0.0
336.96,0.0
337.0,-0.0020000000000000018
337.04,-0.0020000000000000018
337.08,-0.0020000000000000018
337.12,-0.003999999999999997
337.16,-0.0020000000000000018
337.2,-0.0020000000000000018
337.24,-0.003999999999999997
337.28000000000003,-0.003999999999999997
337.32,-0.0020000000000000018
337.36,-0.0020000000000000018
337.40000000000003,-0.0020000000000000018
337.44,0.0040000000000000036
337.48,0.0040000000000000036
337.52,0.0
337.56,0.0
337.6,0.0020000000000000018
337.64,0.0020000000000000018
337.68,0.0020000000000000018
337.72,0.0040000000000000036
337.76,0.0020000000000000018
337.8,-0.0020000000000000018
337.84000000000003,0.0
337.88,0.0020000000000000018
337.92,-0.003999999999999997
337.96,-0.005999999999999998
338.0,0.0020000000000000018
338.04,0.0020000000000000018
338.08,0.0
338.12,0.0020000000000000018
338.16,0.006000000000000005
338.2,0.0
338.24,0.0
338.28000000000003,0.0020000000000000018
338.32,-0.0020000000000000018
338.36,-0.003999999999999997
338.40000000000003,0.0020000000000000018
338.44,0.0020000000000000018
338.48,-0.005999999999999998
338.52,-0.003999999999999997
338.56,-0.0020000000000000018
338.6,-0.005999999999999998
338.64,-0.005999999999999998
338.68,0.0
338.72,0.0020000000000000018
338.76,-0.003999999999999997
338.8,0.0
338.84000000000003,0.0040000000000000036
338.88,-0.0020000000000000018
338.92,0.0
338.96,0.006000000000000005
339.0,-0.0020000000000000018
339.04,-0.0020000000000000018
339.08,0.006000000000000005
339.12,0.0040000000000000036
339.16,-0.003999999999999997
339.2,-0.003999999999999997
339.24,0.0
339.28000000000003,-0.003999999999999997
339.32,-0.003999999999999997
339.36,0.0
339.40000000000003,0.0040000000000000036
339.44,0.0020000000000000018
339.48,0.0040000000000000036
339.52,0.0040000000000000036
339.56,-0.0020000000000000018
339.6,0.0020000000000000018
339.64,0.006000000000000005
339.68,0.0020000000000000018
339.72,-0.0020000000000000018
339.76,0.0020000000000000018
339.8,0.0
339.84000000000003,-0.005999999999999998
339.88,-0.003999999999999997
339.92,0.0
339.96,-0.003999999999999997
340.0,-0.003999999999999997
340.04,-0.0020000000000000018
340.08,0.0
340.12,0.0
340.16,0.0020000000000000018
340.2,0.0020000000000000018
340.24,-0.003999999999999997
340.28000000000003,-0.0020000000000000018
340.32,0.006000000000000005
340.36,0.0040000000000000036
340.40000000000003,-0.0020000000000000018
340.44,0.0020000000000000018
340.48,0.0020000000000000018
340.52,-0.003999999999999997
340.56,-0.005999999999999998
340.6,-0.0020000000000000018
340.64,-0.0020000000000000018
340.68,0.0020000000000000018
340.72,0.0020000000000000018
340.76,0.0
340.8,-0.0020000000000000018
340.84000000000003,0.0020000000000000018
340.88,0.0040000000000000036
340.92,0.0020000000000000018
340.96,0.0020000000000000018
341.0,0.0040000000000000036
341.04,0.0020000000000000018
341.08,-0.0020000000000000018
341.12,-0.0020000000000000018
341.16,-0.0020000000000000018
341.2,-0.003999999999999997
341.24,-0.003999999999999997
341.28000000000003,-0.0020000000000000018
341.32,0.0
341.36,0.0020000000000000018
341.40000000000003,-0.0020000000000000018
341.44,-0.003999999999999997
341.48,-0.003999999999999997
341.52,0.0020000000000000018
341.56,0.0020000000000000018
341.6,0.0020000000000000018
341.64,0.0020000000000000018
341.68,0.0040000000000000036
341.72,0.0040000000000000036
341.76,0.0
341.8,-0.0020000000000000018
341.84000000000003,-0.0020000000000000018
341.88,-0.0020000000000000018
341.92,-0.0020000000000000018
341.96,-0.0020000000000000018
342.0,-0.0020000000000000018
342.04,-0.0020000000000000018
342.08,0.0020000000000000018
342.12,0.0020000000000000018
342.16,0.0
342.2,0.0020000000000000018
342.24,0.0020000000000000018
342.28000000000003,0.0020000000000000018
342.32,0.0020000000000000018
342.36,0.0020000000000000018
342.40000000000003,0.0020000000000000018
342.44,-0.003999999999999997
342.48,-0.003999999999999997
342.52,-0.0020000000000000018
342.56,0.0
342.6,-0.0020000000000000018
342.64,-0.003999999999999997
342.68,-0.0020000000000000018
342.72,-0.003999999999999997
342.76,-0.0020000000000000018
342.8,-0.0020000000000000018
342.84000000000003,-0.003999999999999997
342.88,-0.003999999999999997
342.92,0.0020000000000000018
342.96,0.0040000000000000036
343.0,0.0020000000000000018
343.04,0.0020000000000000018
343.08,0.0020000000000000018
343.12,0.0020000000000000018
343.16,-0.0020000000000000018
343.2,-0.0020000000000000018
343.24,-0.0020000000000000018
343.28000000000003,-0.0020000000000000018
343.32,0.0
343.36,0.0
343.40000000000003,-0.0020000000000000018
343.44,-0.0020000000000000018
343.48,0.0020000000000000018
343.52,0.0020000000000000018
343.56,0.0020000000000000018
343.6,0.006000000000000005
343.64,0.006000000000000005
343.68,0.0
343.72,0.0
343.76,0.0020000000000000018
343.8,0.0
343.84000000000003,-0.0020000000000000018
343.88,-0.0020000000000000018
343.92,-0.0020000000000000018
343.96,-0.0020000000000000018
344.0,0.0
344.04,0.0
344.08,-0.005999999999999998
344.12,-0.005999999999999998
344.16,0.0020000000000000018
344.2,0.0020000000000000018
344.24,-0.0020000000000000018
344.28000000000003,0.0020000000000000018
344.32,0.006000000000000005
344.36,0.0020000000000000018
344.40000000000003,0.0
344.44,0.0
344.48,-0.0020000000000000018
344.52,-0.003999999999999997
344.56,-0.0020000000000000018
344.6,0.0
344.64,-0.005999999999999998
344.68,-0.003999999999999997
344.72,0.0
344.76,-0.003999999999999997
344.8,-0.003999999999999997
344.84000000000003,0.0040000000000000036
344.88,0.0020000000000000018
344.92,-0.0020000000000000018
344.96,0.0020000000000000018
345.0,0.006000000000000005
345.04,0.0020000000000000018
345.08,-0.0020000000000000018
345.12,-0.0020000000000000018
345.16,-0.0020000000000000018
345.2,-0.0020000000000000018
345.24,0.0040000000000000036
345.28000000000003,0.0020000000000000018
345.32,-0.005999999999999998
345.36,-0.003999999999999997
345.40000000000003,0.0020000000000000018
345.44,-0.003999999999999997
345.48,-0.003999999999999997
345.52,0.0020000000000000018
345.56,0.006000000000000005
345.6,0.0020000000000000018
345.64,0.0
345.68,0.0040000000000000036
345.72,0.0
345.76,-0.0020000000000000018
345.8,0.0040000000000000036
345.84000000000003,0.0020000000000000018
345.88,-0.0020000000000000018
345.92,0.0020000000000000018
345.96,0.0
346.0,-0.005999999999999998
346.04,-0.003999999999999997
346.08,0.0020000000000000018
346.12,-0.0020000000000000018
346.16,-0.0020000000000000018
346.2,0.0040000000000000036
346.24,0.008
346.28000000000003,0.0020000000000000018
346.32,0.0
346.36,0.0
346.40000000000003,-0.0020000000000000018
346.44,0.0020000000000000018
346.48,0.0040000000000000036
346.52,0.0020000000000000018
346.56,-0.003999999999999997
346.6,0.0
346.64,-0.003999999999999997
346.68,-0.003999999999999997
346.72,-0.005999999999999998
346.76,-0.003999999999999997
346.8,0.0
346.84000000000003,-0.0020000000000000018
346.88,-0.0020000000000000018
346.92,0.0020000000000000018
346.96,0.0020000000000000018
347.0,0.0020000000000000018
347.04,0.0020000000000000018
347.08,0.0
347.12,0.0
347.16,0.0020000000000000018
347.2,0.0
347.24,-0.0020000000000000018
347.28000000000003,-0.0020000000000000018
347.32,-0.0020000000000000018
347.36,-0.003999999999999997
347.40000000000003,-0.003999999999999997
347.44,0.0
347.48,0.0020000000000000018
347.52,0.0020000000000000018
347.56,0.0
347.6,0.0040000000000000036
347.64,0.0020000000000000018
347.68,0.0020000000000000018
347.72,0.0020000000000000018
347.76,0.0020000000000000018
347.8,0.0020000000000000018
347.84000000000003,0.0020000000000000018
347.88,0.0020000000000000018
347.92,-0.0020000000000000018
347.96,-0.0020000000000000018
348.0,-0.003999999999999997
348.04,-0.0020000000000000018
348.08,-0.003999999999999997
348.12,-0.003999999999999997
348.16,0.0
348.2,0.0
348.24,0.0020000000000000018
348.28000000000003,0.0020000000000000018
348.32,0.0020000000000000018
348.36,0.0
348.40000000000003,0.0020000000000000018
348.44,0.0020000000000000018
348.48,0.0020000000000000018
348.52,0.0020000000000000018
348.56,-0.0020000000000000018
348.6,-0.0020000000000000018
348.64,-0.003999999999999997
348.68,-0.0020000000000000018
348.72,-0.0020000000000000018
348.76,-0.0020000000000000018
348.8,-0.0020000000000000018
348.84000000000003,0.0
348.88,0.0020000000000000018
348.92,0.0020000000000000018
348.96,0.0020000000000000018
349.0,-0.0020000000000000018
349.04,-0.0020000000000000018
349.08,0.0020000000000000018
349.12,0.006000000000000005
349.16,0.0020000000000000018
349.2,0.0
349.24,0.0020000000000000018
349.28000000000003,-0.0020000000000000018
349.32,-0.005999999999999998
349.36,-0.003999999999999997
349.40000000000003,-0.0020000000000000018
349.44,-0.0020000000000000018
349.48,0.0020000000000000018
349.52,0.0020000000000000018
349.56,0.0
349.6,-0.0020000000000000018
349.64,0.0020000000000000018
349.68,0.0020000000000000018
349.72,0.0020000000000000018
349.76,0.0040000000000000036
349.8,0.006000000000000005
349.84000000000003,0.0
349.88,-0.0020000000000000018
349.92,0.0020000000000000018
349.96,-0.0020000000000000018
350.0,-0.003999999999999997
350.04,-0.0020000000000000018
350.08,0.0020000000000000018
350.12,0.0
350.16,0.0020000000000000018
350.2,0.0020000000000000018
350.24,-0.0020000000000000018
350.28000000000003,-0.003999999999999997
350.32,0.0040000000000000036
350.36,0.0040000000000000036
350.40000000000003,-0.0020000000000000018
350.44,0.0020000000000000018
350.48,0.008
350.52,0.0020000000000000018
350.56,-0.003999999999999997
350.6,-0.0020000000000000018
350.64,-0.0020000000000000018
350.68,-0.003999999999999997
350.72,-0.0020000000000000018
350.76,-0.0020000000000000018
350.8,-0.003999999999999997
350.84000000000003,-0.0020000000000000018
350.88,0.0
350.92,-0.0020000000000000018
350.96,-0.003999999999999997
351.0,0.0020000000000000018
351.04,0.0040000000000000036
351.08,0.0020000000000000018
351.12,0.0020000000000000018
351.16,0.0040000000000000036
351.2,0.0
351.24,-0.005999999999999998
351.28000000000003,-0.0020000000000000018
351.32,0.0
351.36,-0.0020000000000000018
351.40000000000003,0.0
351.44,0.0020000000000000018
351.48,-0.0020000000000000018
351.52,-0.0020000000000000018
351.56,0.006000000000000005
351.6,0.0020000000000000018
351.64,-0.003999999999999997
351.68,0.0020000000000000018
351.72,0.008
351.76,0.0040000000000000036
351.8,0.0020000000000000018
351.84000000000003,0.0040000000000000036
351.88,0.0020000000000000018
351.92,-0.003999999999999997
351.96,0.0
352.0,-0.0020000000000000018
352.04,-0.0020000000000000018
352.08,-0.003999999999999997
352.12,0.0020000000000000018
352.16,-0.003999999999999997
352.2,-0.003999999999999997
352.24,0.0
352.28000000000003,0.0
352.32,-0.0020000000000000018
352.36,0.0020000000000000018
352.40000000000003,0.006000000000000005
352.44,0.0020000000000000018
352.48,-0.0020000000000000018
352.52,0.0020000000000000018
352.56,0.0020000000000000018
352.6,-0.0020000000000000018
352.64,-0.0020000000000000018
352.68,-0.0020000000000000018
352.72,-0.0020000000000000018
352.76,-0.0020000000000000018
352.8,0.0020000000000000018
352.84000000000003,-0.0020000000000000018
352.88,-0.005999999999999998
352.92,0.0020000000000000018
352.96,0.0040000000000000036
353.0,-0.0020000000000000018
353.04,0.0
353.08,0.0040000000000000036
353.12,0.0040000000000000036
353.16,0.0020000000000000018
353.2,0.0
353.24,-0.0020000000000000018
353.28000000000003,-0.0020000000000000018
353.32,-0.0020000000000000018
353.36,0.0020000000000000018
353.40000000000003,-0.0020000000000000018
353.44,-0.0020000000000000018
353.48,-0.0020000000000000018
353.52,-0.003999999999999997
353.56,-0.003999999999999997
353.6,0.0
353.64,0.0020000000000000018
353.68,0.0020000000000000018
353.72,0.0020000000000000018
353.76,0.0040000000000000036
353.8,0.006000000000000005
353.84000000000003,0.0
353.88,-0.0020000000000000018
353.92,0.0
353.96,-0.0020000000000000018
354.0,0.0020000000000000018
354.04,0.0020000000000000018
354.08,-0.0020000000000000018
354.12,-0.003999999999999997
354.16,-0.0020000000000000018
354.2,0.0
354.24,-0.003999999999999997
354.28000000000003,-0.0020000000000000018
354.32,0.0040000000000000036
354.36,0.006000000000000005
354.40000000000003,0.0020000000000000018
354.44,0.0020000000000000018
354.48,0.0020000000000000018
354.52,-0.0020000000000000018
354.56,0.0
354.6,0.0
354.64,0.0
354.68,-0.0020000000000000018
354.72,-0.0020000000000000018
354.76,-0.003999999999999997
354.8,-0.005999999999999998
354.84000000000003,-0.003999999999999997
354.88,-0.0020000000000000018
354.92,-0.0020000000000000018
354.96,-0.0020000000000000018
355.0,0.0020000000000000018
355.04,0.0040000000000000036
355.08,-0.0020000000000000018
355.12,0.0020000000000000018
355.16,-0.0020000000000000018
355.2,0.0
355.24,0.0020000000000000018
355.28000000000003,0.0020000000000000018
355.32,-0.0020000000000000018
355.36,-0.0020000000000000018
355.40000000000003,0.0020000000000000018
355.44,-0.0020000000000000018
355.48,-0.003999999999999997
355.52,-0.0020000000000000018
355.56,0.0020000000000000018
355.6,0.0020000000000000018
355.64,0.0020000000000000018
355.68,0.0020000000000000018
355.72,0.0020000000000000018
355.76,0.0020000000000000018
355.8,0.0020000000000000018
355.84000000000003,0.0040000000000000036
355.88,0.0020000000000000018
355.92,0.0
355.96,0.0020000000000000018
356.0,-0.0020000000000000018
356.04,-0.003999999999999997
356.08,-0.0020000000000000018
356.12,-0.003999999999999997
356.16,-0.005999999999999998
356.2,-0.003999999999999997
356.24,0.0020000000000000018
356.28000000000003,0.0020000000000000018
356.32,0.0
356.36,0.0020000000000000018
356.40000000000003,0.0
356.44,-0.0020000000000000018
356.48,0.0020000000000000018
356.52,0.0020000000000000018
356.56,-0.003999999999999997
356.6,0.0
356.64,0.006000000000000005
356.68,-0.0020000000000000018
356.72,-0.005999999999999998
356.76,-0.0020000000000000018
356.8,0.0
356.84000000000003,-0.0020000000000000018
356.88,-0.0020000000000000018
356.92,0.0020000000000000018
356.96,0.0
357.0,0.0020000000000000018
357.04,0.0040000000000000036
357.08,0.0020000000000000018
357.12,-0.0020000000000000018
357.16,0.0040000000000000036
357.2,0.0040000000000000036
357.24,0.0
357.28000000000003,0.0020000000000000018
357.32,0.0020000000000000018
357.36,-0.0020000000000000018
357.40000000000003,-0.003999999999999997
357.44,-0.0020000000000000018
357.48,-0.0020000000000000018
357.52,-0.0020000000000000018
357.56,-0.0020000000000000018
357.6,0.0040000000000000036
357.64,0.0020000000000000018
357.68,0.0
357.72,0.0020000000000000018
357.76,0.0
357.8,-0.0020000000000000018
357.84000000000003,0.0020000000000000018
357.88,0.006000000000000005
357.92,0.0
357.96,-0.003999999999999997
358.0,0.0020000000000000018
358.04,0.0
358.08,-0.003999999999999997
358.12,-0.003999999999999997
358.16,-0.0020000000000000018
358.2,-0.0020000000000000018
358.24,0.0
358.28000000000003,0.0020000000000000018
358.32,0.0020000000000000018
358.36,-0.0020000000000000018
358.40000000000003,0.0020000000000000018
358.44,0.0020000000000000018
358.48,0.0020000000000000018
358.52,0.0020000000000000018
358.56,0.006000000000000005
358.6,0.0020000000000000018
358.64,-0.0020000000000000018
358.68,-0.0020000000000000018
358.72,-0.0020000000000000018
358.76,-0.005999999999999998
358.8,-0.003999999999999997
358.84000000000003,-0.0020000000000000018
358.88,0.0
358.92,0.0
358.96,0.0020000000000000018
359.0,-0.0020000000000000018
359.04,-0.003999999999999997
359.08,0.0020000000000000018
359.12,0.0020000000000000018
359.16,0.0
359.2,-0.0020000000000000018
359.24,0.0040000000000000036
359.28000000000003,0.0020000000000000018
359.32,-0.003999999999999997
359.36,-0.0020000000000000018
359.40000000000003,-0.0020000000000000018
359.44,-0.003999999999999997
359.48,0.0
359.52,0.0020000000000000018
359.56,0.0
359.6,-0.0020000000000000018
359.64,0.0020000000000000018
359.68,0.0020000000000000018
359.72,0.0
359.76,0.0020000000000000018
359.8,0.006000000000000005
359.84000000000003,0.0040000000000000036
359.88,0.0020000000000000018
359.92,0.0020000000000000018
359.96,0.0020000000000000018
360.0,-0.003999999999999997
360.04,-0.003999999999999997
360.08,-0.0020000000000000018
360.12,-0.0020000000000000018
360.16,0.0
360.2,0.0020000000000000018
360.24,-0.0020000000000000018
360.28000000000003,-0.003999999999999997
360.32,0.0020000000000000018
360.36,0.0
360.40000000000003,-0.0020000000000000018
360.44,-0.0020000000000000018
360.48,0.0040000000000000036
360.52,0.0020000000000000018
360.56,-0.0020000000000000018
360.6,-0.0020000000000000018
360.64,-0.003999999999999997
360.68,-0.003999999999999997
360.72,-0.003999999999999997
360.76,-0.0020000000000000018
360.8,-0.003999999999999997
360.84000000000003,-0.0020000000000000018
360.88,0.0
360.92,-0.0020000000000000018
360.96,-0.003999999999999997
361.0,0.0020000000000000018
361.04,0.0040000000000000036
361.08,0.0020000000000000018
361.12,0.0020000000000000018
361.16,0.006000000000000005
361.2,0.006000000000000005
361.24,0.0
361.28000000000003,0.0020000000000000018
361.32,0.0020000000000000018
361.36,-0.0020000000000000018
361.40000000000003,0.0
361.44,0.0
361.48,-0.0020000000000000018
361.52,0.0
361.56,0.0040000000000000036
361.6,0.0020000000000000018
361.64,-0.003999999999999997
361.68,-0.0020000000000000018
361.72,0.006000000000000005
361.76,0.006000000000000005
361.8,0.0
361.84000000000003,0.0020000000000000018
361.88,0.0020000000000000018
361.92,-0.0020000000000000018
361.96,-0.0020000000000000018
362.0,-0.0020000000000000018
362.04,-0.0020000000000000018
362.08,-0.003999999999999997
362.12,0.0
362.16,-0.003999999999999997
362.2,-0.003999999999999997
362.24,-0.0020000000000000018
362.28000000000003,-0.0020000000000000018
362.32,-0.003999999999999997
362.36,-0.0020000000000000018
362.40000000000003,0.0040000000000000036
362.44,0.0040000000000000036
362.48,0.0020000000000000018
362.52,0.0020000000000000018
362.56,0.0020000000000000018
362.6,-0.0020000000000000018
362.64,-0.0020000000000000018
362.68,-0.0020000000000000018
362.72,-0.0020000000000000018
362.76,-0.0020000000000000018
362.8,0.0020000000000000018
362.84000000000003,0.0
362.88,-0.003999999999999997
362.92,-0.0020000000000000018
362.96,0.0040000000000000036
363.0,0.0
363.04,0.0
363.08,0.0040000000000000036
363.12,0.0020000000000000018
363.16,0.0020000000000000018
363.2,0.0040000000000000036
363.24,0.0020000000000000018
363.28000000000003,-0.003999999999999997
363.32,-0.0020000000000000018
363.36,0.0020000000000000018
363.40000000000003,-0.0020000000000000018
363.44,-0.0020000000000000018
363.48,0.0020000000000000018
363.52,-0.0020000000000000018
363.56,-0.005999999999999998
363.6,-0.0020000000000000018
363.64,0.0020000000000000018
363.68,0.0
363.72,0.0020000000000000018
363.76,0.006000000000000005
363.8,0.006000000000000005
363.84000000000003,0.0
363.88,0.0020000000000000018
363.92,-0.0020000000000000018
363.96,-0.003999999999999997
364.0,0.0
364.04,0.0020000000000000018
364.08,-0.0020000000000000018
364.12,-0.003999999999999997
364.16,0.0
364.2,0.0020000000000000018
364.24,-0.003999999999999997
364.28000000000003,-0.003999999999999997
364.32,0.0020000000000000018
364.36,0.0020000000000000018
364.40000000000003,0.0040000000000000036
364.44,0.0040000000000000036
364.48,0.0
364.52,-0.0020000000000000018
364.56,0.0020000000000000018
364.6,0.0
364.64,-0.003999999999999997
364.68,0.0
364.72,0.0020000000000000018
364.76,-0.0020000000000000018
364.8,-0.005999999999999998
364.84000000000003,-0.003999999999999997
364.88,-0.003999999999999997
364.92,-0.003999999999999997
364.96,-0.0020000000000000018
365.0,0.0040000000000000036
365.04,0.0020000000000000018
365.08,0.0020000000000000018
365.12,0.0020000000000000018
365.16,0.0020000000000000018
365.2,-0.0020000000000000018
365.24,0.0040000000000000036
365.28000000000003,0.0020000000000000018
365.32,-0.0020000000000000018
365.36,-0.0020000000000000018
365.40000000000003,0.0040000000000000036
365.44,0.0
365.48,-0.003999999999999997
365.52,-0.0020000000000000018
365.56,0.0020000000000000018
365.6,0.0020000000000000018
365.64,0.0040000000000000036
365.68,0.0040000000000000036
365.72,0.0020000000000000018
365.76,0.0
365.8,0.006000000000000005
365.84000000000003,0.0020000000000000018
365.88,-0.0020000000000000018
365.92,0.0020000000000000018
365.96,0.0040000000000000036
366.0,-0.0020000000000000018
366.04,-0.0020000000000000018
366.08,-0.0020000000000000018
366.12,-0.0020000000000000018
366.16,-0.005999999999999998
366.2,-0.003999999999999997
366.24,-0.0020000000000000018
366.28000000000003,-0.0020000000000000018
366.32,-0.0020000000000000018
366.36,0.0020000000000000018
366.40000000000003,0.0020000000000000018
366.44,0.0020000000000000018
366.48,0.0040000000000000036
366.52,0.0020000000000000018
366.56,-0.003999999999999997
366.6,-0.0020000000000000018
366.64,0.0040000000000000036
366.68,0.0
366.72,-0.005999999999999998
366.76,-0.0020000000000000018
366.8,-0.0020000000000000018
366.84000000000003,-0.0020000000000000018
366.88,-0.0020000000000000018
366.92,0.0
366.96,0.0
367.0,0.0040000000000000036
367.04,0.0040000000000000036
367.08,0.0020000000000000018
367.12,0.0020000000000000018
367.16,0.0020000000000000018
367.2,0.0040000000000000036
367.24,0.0020000000000000018
367.28000000000003,0.0
367.32,0.0040000000000000036
367.36,0.0020000000000000018
367.40000000000003,-0.003999999999999997
367.44,-0.0020000000000000018
367.48,-0.0020000000000000018
367.52,-0.005999999999999998
367.56,-0.003999999999999997
367.6,-0.0020000000000000018
367.64,0.0
367.68,0.0020000000000000018
367.72,0.0040000000000000036
367.76,0.0
367.8,-0.0020000000000000018
367.84000000000003,0.0
367.88,0.0040000000000000036
367.92,0.0
367.96,-0.0020000000000000018
368.0,-0.0020000000000000018
368.04,-0.0020000000000000018
368.08,-0.003999999999999997
368.12,-0.003999999999999997
368.16,-0.003999999999999997
368.2,-0.003999999999999997
368.24,0.0
368.28000000000003,0.0020000000000000018
368.32,0.0020000000000000018
368.36,-0.0020000000000000018
368.40000000000003,0.0020000000000000018
368.44,0.0040000000000000036
368.48,0.0
368.52,0.0
368.56,0.0040000000000000036
368.6,0.0040000000000000036
368.64,0.0020000000000000018
368.68,0.0020000000000000018
368.72,0.0
368.76,-0.003999999999999997
368.8,-0.003999999999999997
368.84000000000003,-0.0020000000000000018
368.88,-0.0020000000000000018
368.92,0.0020000000000000018
368.96,0.0020000000000000018
369.0,0.0
369.04,-0.0020000000000000018
369.08,0.0020000000000000018
369.12,0.0040000000000000036
369.16,0.0020000000000000018
369.2,-0.0020000000000000018
369.24,0.0020000000000000018
369.28000000000003,0.0040000000000000036
369.32,-0.0020000000000000018
369.36,-0.0020000000000000018
369.40000000000003,-0.003999999999999997
369.44,-0.003999999999999997
369.48,-0.0020000000000000018
369.52,0.0020000000000000018
369.56,-0.0020000000000000018
369.6,0.0
369.64,0.0020000000000000018
369.68,0.0020000000000000018
369.72,-0.003999999999999997
369.76,0.0
369.8,0.0040000000000000036
369.84000000000003,0.0040000000000000036
369.88,0.0020000000000000018
369.92,0.0040000000000000036
369.96,0.0020000000000000018
370.0,-0.0020000000000000018
370.04,0.0
370.08,-0.0020000000000000018
370.12,-0.003999999999999997
370.16,-0.0020000000000000018
370.2,0.0020000000000000018
370.24,-0.0020000000000000018
370.28000000000003,-0.003999999999999997
370.32,0.0020000000000000018
370.36,0.0020000000000000018
370.40000000000003,-0.0020000000000000018
370.44,-0.0020000000000000018
370.48,0.006000000000000005
370.52,0.0020000000000000018
370.56,0.0
370.6,-0.0020000000000000018
370.64,-0.0020000000000000018
370.68,-0.003999999999999997
370.72,-0.0020000000000000018
370.76,-0.0020000000000000018
370.8,-0.003999999999999997
370.84000000000003,-0.0020000000000000018
370.88,0.0040000000000000036
370.92,-0.0020000000000000018
370.96,-0.005999999999999998
371.0,0.0020000000000000018
371.04,0.0020000000000000018
371.08,-0.0020000000000000018
371.12,0.0020000000000000018
371.16,0.0040000000000000036
371.2,0.0020000000000000018
371.24,0.0020000000000000018
371.28000000000003,0.006000000000000005
371.32,0.0020000000000000018
371.36,-0.0020000000000000018
371.40000000000003,-0.0020000000000000018
371.44,0.0
371.48,-0.003999999999999997
371.52,-0.0020000000000000018
371.56,0.0020000000000000018
371.6,0.0020000000000000018
371.64,-0.003999999999999997
371.68,-0.0020000000000000018
371.72,0.0040000000000000036
371.76,0.0020000000000000018
371.8,0.0020000000000000018
371.84000000000003,0.0020000000000000018
371.88,0.0020000000000000018
371.92,0.0
371.96,0.0
372.0,-0.003999999999999997
372.04,-0.005999999999999998
372.08,-0.0020000000000000018
372.12,0.0
372.16,-0.003999999999999997
372.2,-0.003999999999999997
372.24,0.0020000000000000018
372.28000000000003,-0.0020000000000000018
372.32,-0.003999999999999997
372.36,-0.0020000000000000018
372.40000000000003,0.0020000000000000018
372.44,-0.0020000000000000018
372.48,0.0020000000000000018
372.52,0.0040000000000000036
372.56,0.0020000000000000018
372.6,0.0
372.64,0.0020000000000000018
372.68,0.0
372.72,-0.003999999999999997
372.76,0.0
372.8,0.0040000000000000036
372.84000000000003,-0.0020000000000000018
372.88,-0.003999999999999997
372.92,0.0020000000000000018
372.96,0.0020000000000000018
373.0,0.0
373.04,0.0
373.08,0.0040000000000000036
373.12,0.0040000000000000036
373.16,0.006000000000000005
373.2,0.0040000000000000036
373.24,-0.0020000000000000018
373.28000000000003,-0.003999999999999997
373.32,0.0020000000000000018
373.36,-0.0020000000000000018
373.40000000000003,-0.003999999999999997
373.44,-0.0020000000000000018
373.48,0.0020000000000000018
373.52,0.0
373.56,-0.003999999999999997
373.6,-0.0020000000000000018
373.64,-0.0020000000000000018
373.68,-0.003999999999999997
373.72,-0.0020000000000000018
373.76,0.0040000000000000036
373.8,0.0020000000000000018
373.84000000000003,0.0020000000000000018
373.88,0.0
373.92,-0.0020000000000000018
373.96,-0.003999999999999997
374.0,0.0
374.04,0.0020000000000000018
374.08,-0.003999999999999997
374.12,-0.003999999999999997
374.16,0.0
374.2,0.0020000000000000018
374.24,-0.0020000000000000018
374.28000000000003,-0.003999999999999997
374.32,0.0020000000000000018
374.36,0.0020000000000000018
374.40000000000003,0.006000000000000005
374.44,0.0040000000000000036
374.48,0.0020000000000000018
374.52,0.0
374.56,0.0
374.6,0.0020000000000000018
374.64,-0.003999999999999997
374.68,-0.0020000000000000018
374.72,0.0020000000000000018
374.76,0.0
374.8,-0.0020000000000000018
374.84000000000003,-0.0020000000000000018
374.88,-0.0020000000000000018
374.92,-0.0020000000000000018
374.96,-0.0020000000000000018
375.0,0.0020000000000000018
375.04,0.0020000000000000018
375.08,0.0020000000000000018
375.12,0.0020000000000000018
375.16,0.0
375.2,-0.0020000000000000018
375.24,0.0020000000000000018
375.28000000000003,0.0020000000000000018
375.32,-0.003999999999999997
375.36,-0.003999999999999997
375.40000000000003,0.0020000000000000018
375.44,0.0020000000000000018
375.48,-0.003999999999999997
375.52,-0.003999999999999997
375.56,-0.0020000000000000018
375.6,0.0
375.64,0.0020000000000000018
375.68,0.0040000000000000036
375.72,0.0040000000000000036
375.76,0.0020000000000000018
375.8,0.0040000000000000036
375.84000000000003,0.0020000000000000018
375.88,-0.003999999999999997
375.92,-0.0020000000000000018
375.96,0.0020000000000000018
376.0,-0.0020000000000000018
376.04,-0.003999999999999997
376.08,0.0
376.12,0.0
376.16,-0.0020000000000000018
376.2,0.0
376.24,0.0
376.28000000000003,-0.0020000000000000018
376.32,0.0
376.36,0.0020000000000000018
376.40000000000003,0.0
376.44,0.0020000000000000018
376.48,0.0020000000000000018
376.52,-0.0020000000000000018
376.56,-0.005999999999999998
376.6,-0.003999999999999997
376.64,0.0020000000000000018
376.68,-0.0020000000000000018
376.72,-0.003999999999999997
376.76,-0.0020000000000000018
376.8,-0.0020000000000000018
376.84000000000003,-0.003999999999999997
376.88,-0.0020000000000000018
376.92,0.0
376.96,-0.0020000000000000018
377.0,0.0040000000000000036
377.04,0.006000000000000005
377.08,0.0020000000000000018
377.12,-0.0020000000000000018
377.16,0.0040000000000000036
377.2,0.0020000000000000018
377.24,-0.003999999999999997
377.28000000000003,-0.0020000000000000018
377.32,0.0020000000000000018
377.36,0.0020000000000000018
377.40000000000003,-0.0020000000000000018
377.44,0.0040000000000000036
377.48,0.0020000000000000018
377.52,-0.0020000000000000018
377.56,0.0020000000000000018
377.6,0.0020000000000000018
377.64,-0.0020000000000000018
377.68,0.0020000000000000018
377.72,0.006000000000000005
377.76,-0.0020000000000000018
377.8,-0.005999999999999998
377.84000000000003,0.0
377.88,0.0020000000000000018
377.92,-0.005999999999999998
377.96,-0.003999999999999997
378.0,-0.0020000000000000018
378.04,-0.0020000000000000018
378.08,-0.003999999999999997
378.12,-0.0020000000000000018
378.16,-0.005999999999999998
378.2,-0.005999999999999998
378.24,0.0020000000000000018
378.28000000000003,0.0040000000000000036
378.32,0.0
378.36,0.0020000000000000018
378.40000000000003,0.006000000000000005
378.44,0.0020000000000000018
378.48,-0.005999999999999998
378.52,-0.0020000000000000018
378.56,0.0020000000000000018
378.6,-0.0020000000000000018
378.64,0.0
378.68,0.0020000000000000018
378.72,0.0020000000000000018
378.76,-0.0020000000000000018
378.8,0.0
378.84000000000003,0.0020000000000000018
378.88,0.0020000000000000018
378.92,0.006000000000000005
378.96,0.006000000000000005
379.0,0.0
379.04,0.0
379.08,0.0040000000000000036
379.12,0.0020000000000000018
379.16,-0.003999999999999997
379.2,-0.0020000000000000018
379.24,0.0
379.28000000000003,-0.0020000000000000018
379.32,0.0
379.36,-0.0020000000000000018
379.40000000000003,-0.003999999999999997
379.44,-0.003999999999999997
379.48,-0.0020000000000000018
379.52,-0.0020000000000000018
379.56,-0.0020000000000000018
379.6,0.0
379.64,0.0040000000000000036
379.68,0.0020000000000000018
379.72,-0.003999999999999997
379.76,-0.0020000000000000018
379.8,-0.0020000000000000018
379.84000000000003,-0.003999999999999997
379.88,-0.003999999999999997
379.92,-0.0020000000000000018
379.96,-0.0020000000000000018
380.0,-0.003999999999999997
380.04,-0.0020000000000000018
380.08,-0.0020000000000000018
380.12,0.0
380.16,0.0020000000000000018
380.2,0.0020000000000000018
380.24,0.0020000000000000018
380.28000000000003,0.0020000000000000018
380.32,0.0040000000000000036
380.36,0.0040000000000000036
380.40000000000003,-0.0020000000000000018
380.44,-0.0020000000000000018
380.48,0.0020000000000000018
380.52,0.0
380.56,0.0
380.6,0.0020000000000000018
380.64,-0.0020000000000000018
380.68,-0.0020000000000000018
380.72,0.0020000000000000018
380.76,0.0
380.8,-0.003999999999999997
380.84000000000003,0.0020000000000000018
380.88,0.0040000000000000036
380.92,0.0020000000000000018
380.96,-0.0020000000000000018
381.0,0.0020000000000000018
381.04,0.0020000000000000018
381.08,-0.0020000000000000018
381.12,-0.003999999999999997
381.16,0.0
381.2,-0.0020000000000000018
381.24,-0.003999999999999997
381.28000000000003,-0.0020000000000000018
381.32,-0.0020000000000000018
381.36,-0.003999999999999997
381.40000000000003,-0.0020000000000000018
381.44,0.0
381.48,-0.0020000000000000018
381.52,0.0020000000000000018
381.56,0.006000000000000005
381.6,0.0040000000000000036
381.64,-0.0020000000000000018
381.68,0.0
381.72,0.0020000000000000018
381.76,-0.0020000000000000018
381.8,-0.0020000000000000018
381.84000000000003,0.0
381.88,-0.0020000000000000018
381.92,0.0020000000000000018
381.96,0.0020000000000000018
382.0,-0.0020000000000000018
382.04,-0.003999999999999997
382.08,0.0020000000000000018
382.12,0.006000000000000005
382.16,-0.0020000000000000018
382.2,0.0020000000000000018
382.24,0.0040000000000000036
382.28000000000003,0.0040000000000000036
382.32,-0.0020000000000000018
382.36,-0.0020000000000000018
382.40000000000003,0.0
382.44,-0.003999999999999997
382.48,-0.003999999999999997
382.52,-0.0020000000000000018
382.56,0.0
382.6,-0.0020000000000000018
382.64,0.0
382.68,-0.003999999999999997
382.72,-0.005999999999999998
382.76,0.0020000000000000018
382.8,0.006000000000000005
382.84000000000003,0.0020000000000000018
382.88,0.0
382.92,0.0040000000000000036
382.96000000000004,0.0020000000000000018
383.0,-0.0020000000000000018
383.04,-0.0020000000000000018
383.08,-0.0020000000000000018
383.12,-0.0020000000000000018
383.16,0.0020000000000000018
383.2,0.0040000000000000036
383.24,-0.0020000000000000018
383.28000000000003,-0.0020000000000000018
383.32,0.0040000000000000036
383.36,0.0020000000000000018
383.40000000000003,-0.003999999999999997
383.44,0.0020000000000000018
383.48,0.008
383.52,0.0040000000000000036
383.56,0.0020000000000000018
383.6,0.0040000000000000036
383.64,-0.0020000000000000018
383.68,-0.003999999999999997
383.72,-0.0020000000000000018
383.76,-0.0020000000000000018
383.8,-0.0020000000000000018
383.84000000000003,-0.0020000000000000018
383.88,0.0
383.92,-0.005999999999999998
383.96000000000004,-0.005999999999999998
384.0,-0.0020000000000000018
384.04,0.0020000000000000018
384.08,-0.003999999999999997
384.12,0.0
384.16,0.0040000000000000036
384.2,0.0020000000000000018
384.24,0.0
384.28000000000003,0.0
384.32,-0.0020000000000000018
384.36,-0.003999999999999997
384.40000000000003,0.0020000000000000018
384.44,-0.0020000000000000018
384.48,-0.003999999999999997
384.52,0.0020000000000000018
384.56,0.0040000000000000036
384.6,-0.0020000000000000018
384.64,-0.003999999999999997
384.68,0.0020000000000000018
384.72,0.006000000000000005
384.76,0.0020000000000000018
384.8,0.0040000000000000036
384.84000000000003,0.006000000000000005
384.88,0.0020000000000000018
384.92,0.0020000000000000018
384.96000000000004,0.0020000000000000018
385.0,0.0020000000000000018
385.04,0.0
385.08,0.0020000000000000018
385.12,-0.0020000000000000018
385.16,-0.003999999999999997
385.2,-0.0020000000000000018
385.24,0.0
385.28000000000003,-0.0020000000000000018
385.32,-0.005999999999999998
385.36,-0.0020000000000000018
385.40000000000003,0.0020000000000000018
385.44,0.0020000000000000018
385.48,0.0
385.52,0.0
385.56,0.0
385.6,-0.0020000000000000018
385.64,-0.0020000000000000018
385.68,-0.003999999999999997
385.72,-0.003999999999999997
385.76,-0.0020000000000000018
385.8,0.0
385.84000000000003,-0.003999999999999997
385.88,-0.003999999999999997
385.92,-0.0020000000000000018
385.96000000000004,0.0020000000000000018
386.0,-0.0020000000000000018
386.04,-0.0020000000000000018
386.08,0.0020000000000000018
386.12,0.0040000000000000036
386.16,0.0020000000000000018
386.2,0.0020000000000000018
386.24,0.0040000000000000036
386.28000000000003,0.0020000000000000018
386.32,0.0020000000000000018
386.36,0.0020000000000000018
386.40000000000003,0.0
386.44,0.0020000000000000018
386.48,0.0020000000000000018
386.52,-0.0020000000000000018
386.56,-0.003999999999999997
386.6,-0.0020000000000000018
386.64,0.0020000000000000018
386.68,-0.0020000000000000018
386.72,-0.0020000000000000018
386.76,0.0020000000000000018
386.8,0.006000000000000005
386.84000000000003,0.0020000000000000018
386.88,0.0
386.92,-0.0020000000000000018
386.96000000000004,-0.0020000000000000018
387.0,0.0
387.04,0.0
387.08,-0.003999999999999997
387.12,-0.003999999999999997
387.16,0.0
387.2,-0.0020000000000000018
387.24,-0.005999999999999998
387.28000000000003,-0.003999999999999997
387.32,-0.0020000000000000018
387.36,-0.0020000000000000018
387.40000000000003,0.0
387.44,0.0040000000000000036
387.48,0.006000000000000005
387.52,0.0020000000000000018
387.56,-0.0020000000000000018
387.6,0.0020000000000000018
387.64,-0.0020000000000000018
387.68,0.0020000000000000018
387.72,0.006000000000000005
387.76,-0.0020000000000000018
387.8,-0.003999999999999997
387.84000000000003,-0.0020000000000000018
387.88,0.0
387.92,-0.003999999999999997
387.96000000000004,-0.003999999999999997
388.0,0.0020000000000000018
388.04,0.0020000000000000018
388.08,0.0020000000000000018
388.12,0.0020000000000000018
388.16,0.0020000000000000018
388.2,0.0020000000000000018
388.24,0.0020000000000000018
388.28000000000003,0.0020000000000000018
388.32,-0.003999999999999997
388.36,-0.0020000000000000018
388.40000000000003,0.006000000000000005
388.44,0.0
388.48,-0.005999999999999998
388.52,-0.003999999999999997
388.56,-0.0020000000000000018
388.6,-0.003999999999999997
388.64,-0.0020000000000000018
388.68,0.0020000000000000018
388.72,0.0020000000000000018
388.76,0.0020000000000000018
388.8,0.0020000000000000018
388.84000000000003,0.0020000000000000018
388.88,0.0
388.92,0.0040000000000000036
388.96000000000004,0.0040000000000000036
389.0,0.0
389.04,0.0
389.08,0.0040000000000000036
389.12,0.0020000000000000018
389.16,-0.003999999999999997
389.2,-0.005999999999999998
389.24,-0.0020000000000000018
389.28000000000003,-0.0020000000000000018
389.32,0.0
389.36,0.0020000000000000018
389.40000000000003,0.0
389.44,0.0020000000000000018
389.48,0.0040000000000000036
389.52,0.0
389.56,-0.0020000000000000018
389.6,0.0020000000000000018
389.64,0.006000000000000005
389.68,0.0020000000000000018
389.72,-0.003999999999999997
389.76,-0.0020000000000000018
389.8,-0.0020000000000000018
389.84000000000003,-0.005999999999999998
389.88,-0.003999999999999997
389.92,-0.0020000000000000018
389.96000000000004,-0.0020000000000000018
390.0,-0.003999999999999997
390.04,-0.0020000000000000018
390.08,-0.0020000000000000018
390.12,0.0
390.16,0.0020000000000000018
390.2,0.0020000000000000018
390.24,-0.0020000000000000018
390.28000000000003,0.0020000000000000018
390.32,0.008
390.36,0.0040000000000000036
390.40000000000003,-0.0020000000000000018
390.44,-0.0020000000000000018
390.48,0.0020000000000000018
390.52,-0.0020000000000000018
390.56,-0.0020000000000000018
390.6,-0.0020000000000000018
390.64,0.0
390.68,0.0020000000000000018
390.72,0.0040000000000000036
390.76,0.0020000000000000018
390.8,0.0
390.84000000000003,0.0040000000000000036
390.88,0.0040000000000000036
390.92,0.0020000000000000018
390.96000000000004,0.0
391.0,0.0040000000000000036
391.04,0.0020000000000000018
391.08,-0.003999999999999997
391.12,-0.003999999999999997
391.16,0.0
391.2,-0.003999999999999997
391.24,-0.003999999999999997
391.28000000000003,-0.0020000000000000018
391.32,-0.0020000000000000018
391.36,-0.003999999999999997
391.40000000000003,-0.0020000000000000018
391.44,-0.0020000000000000018
391.48,-0.005999999999999998
391.52,0.0
391.56,0.006000000000000005
391.6,0.0020000000000000018
391.64,-0.0020000000000000018
391.68,0.0040000000000000036
391.72,0.0040000000000000036
391.76,-0.0020000000000000018
391.8,-0.003999999999999997
391.84000000000003,-0.0020000000000000018
391.88,-0.0020000000000000018
391.92,-0.0020000000000000018
391.96000000000004,0.0020000000000000018
392.0,-0.0020000000000000018
392.04,-0.0020000000000000018
392.08,0.0020000000000000018
392.12,0.0040000000000000036
392.16,-0.0020000000000000018
392.2,0.0
392.24,0.008
392.28000000000003,0.006000000000000005
392.32,0.0020000000000000018
392.36,0.0040000000000000036
392.40000000000003,0.006000000000000005
392.44,-0.0020000000000000018
392.48,-0.0020000000000000018
392.52,0.0
392.56,0.0
392.6,-0.0020000000000000018
392.64,0.0020000000000000018
392.68,-0.003999999999999997
392.72,-0.005999999999999998
392.76,-0.0020000000000000018
392.8,0.0020000000000000018
392.84000000000003,-0.0020000000000000018
392.88,-0.0020000000000000018
392.92,0.0040000000000000036
392.96000000000004,0.006000000000000005
393.0,0.0
393.04,-0.0020000000000000018
393.08,-0.0020000000000000018
393.12,-0.003999999999999997
393.16,-0.0020000000000000018
393.2,-0.0020000000000000018
393.24,-0.003999999999999997
393.28000000000003,-0.0020000000000000018
393.32,0.0020000000000000018
393.36,-0.0020000000000000018
393.40000000000003,-0.005999999999999998
393.44,-0.0020000000000000018
393.48,0.0040000000000000036
393.52,0.0040000000000000036
393.56,0.0
393.6,0.0040000000000000036
393.64,0.0040000000000000036
393.68,-0.0020000000000000018
393.72,-0.0020000000000000018
393.76,0.0020000000000000018
393.8,0.0020000000000000018
393.84000000000003,0.0020000000000000018
393.88,0.0020000000000000018
393.92,-0.003999999999999997
393.96000000000004,-0.0020000000000000018
394.0,0.0
394.04,-0.0020000000000000018
394.08,-0.005999999999999998
394.12,-0.003999999999999997
394.16,0.0020000000000000018
394.2,0.0020000000000000018
394.24,0.0020000000000000018
394.28000000000003,0.0020000000000000018
394.32,0.0040000000000000036
394.36,0.0
394.40000000000003,0.0020000000000000018
394.44,-0.0020000000000000018
394.48,-0.0020000000000000018
394.52,0.0020000000000000018
394.56,0.0020000000000000018
394.6,-0.0020000000000000018
394.64,-0.003999999999999997
394.68,-0.0020000000000000018
394.72,-0.0020000000000000018
394.76,-0.0020000000000000018
394.8,-0.0020000000000000018
394.84000000000003,0.0020000000000000018
394.88,0.0020000000000000018
394.92,0.0
394.96000000000004,0.0
395.0,0.0020000000000000018
395.04,0.0020000000000000018
395.08,0.0020000000000000018
395.12,0.0
395.16,0.0
395.2,0.0020000000000000018
395.24,0.0020000000000000018
395.28000000000003,-0.0020000000000000018
395.32,-0.005999999999999998
395.36,-0.003999999999999997
395.40000000000003,-0.0020000000000000018
395.44,-0.0020000000000000018
395.48,-0.003999999999999997
395.52,0.0
395.56,0.0020000000000000018
395.6,0.0020000000000000018
395.64,0.0
395.68,0.0020000000000000018
395.72,0.0
395.76,0.0
395.8,0.0020000000000000018
395.84000000000003,-0.0020000000000000018
395.88,-0.003999999999999997
395.92,-0.0020000000000000018
395.96000000000004,-0.0020000000000000018
396.0,-0.005999999999999998
396.04,-0.003999999999999997
396.08,0.0
396.12,0.0
396.16,-0.003999999999999997
396.2,0.0020000000000000018
396.24,0.006000000000000005
396.28000000000003,0.0020000000000000018
396.32,0.0
396.36,0.0020000000000000018
396.40000000000003,0.0020000000000000018
396.44,0.0040000000000000036
396.48,0.008
396.52,0.006000000000000005
396.56,-0.003999999999999997
396.6,-0.0020000000000000018
396.64,0.0020000000000000018
396.68,-0.003999999999999997
396.72,-0.003999999999999997
396.76,0.0
396.8,0.0020000000000000018
396.84000000000003,0.0
396.88,0.0020000000000000018
396.92,0.0020000000000000018
396.96000000000004,0.0
397.0,0.0020000000000000018
397.04,0.0020000000000000018
397.08,0.0
397.12,-0.0020000000000000018
397.16,0.0040000000000000036
397.2,0.0020000000000000018
397.24,-0.005999999999999998
397.28000000000003,-0.005999999999999998
397.32,-0.0020000000000000018
397.36,-0.003999999999999997
397.40000000000003,-0.005999999999999998
397.44,0.0020000000000000018
397.48,0.0020000000000000018
397.52,-0.0020000000000000018
397.56,-0.0020000000000000018
397.6,-0.0020000000000000018
397.64,-0.003999999999999997
397.68,0.0020000000000000018
397.72,0.006000000000000005
397.76,0.0020000000000000018
397.8,0.0
397.84000000000003,0.0040000000000000036
397.88,0.006000000000000005
397.92,-0.0020000000000000018
397.96000000000004,-0.003999999999999997
398.0,-0.0020000000000000018
398.04,0.0
398.08,-0.0020000000000000018
398.12,0.0020000000000000018
398.16,0.0020000000000000018
398.2,-0.0020000000000000018
398.24,0.0020000000000000018
398.28000000000003,0.0020000000000000018
398.32,-0.0020000000000000018
398.36,0.0020000000000000018
398.40000000000003,0.008
398.44,0.0040000000000000036
398.48,-0.0020000000000000018
398.52,-0.0020000000000000018
398.56,0.0020000000000000018
398.6,-0.003999999999999997
398.64,-0.003999999999999997
398.68,0.0
398.72,0.0
398.76,-0.003999999999999997
398.8,-0.0020000000000000018
398.84000000000003,-0.003999999999999997
398.88,-0.003999999999999997
398.92,0.0
398.96000000000004,0.0020000000000000018
399.0,-0.003999999999999997
399.04,0.0
399.08,0.006000000000000005
399.12,0.006000000000000005
399.16,-0.0020000000000000018
399.2,-0.0020000000000000018
399.24,-0.0020000000000000018
399.28000000000003,-0.0020000000000000018
399.32,-0.0020000000000000018
399.36,0.0
399.40000000000003,-0.0020000000000000018
399.44,-0.0020000000000000018
399.48,0.0020000000000000018
399.52,-0.0020000000000000018
399.56,-0.0020000000000000018
399.6,0.0020000000000000018
399.64,0.006000000000000005
399.68,0.0020000000000000018
399.72,0.0020000000000000018
399.76,0.0040000000000000036
399.8,0.0020000000000000018
399.84000000000003,-0.0020000000000000018
399.88,-0.0020000000000000018
399.92,0.0
399.96000000000004,0.0
400.0,-0.0020000000000000018
400.04,-0.0020000000000000018
400.08,-0.0020000000000000018
400.12,-0.0020000000000000018
400.16,0.0
400.2,-0.003999999999999997
400.24,-0.003999999999999997
400.28000000000003,-0.0020000000000000018
400.32,0.006000000000000005
400.36,0.0040000000000000036
400.40000000000003,0.0020000000000000018
400.44,0.0
400.48,0.0040000000000000036
400.52,0.0020000000000000018
400.56,-0.0020000000000000018
400.6,-0.0020000000000000018
400.64,0.0
400.68,-0.0020000000000000018
400.72,-0.0020000000000000018
400.76,-0.0020000000000000018
400.8,-0.0020000000000000018
400.84000000000003,0.0
400.88,0.0040000000000000036
400.92,0.0
400.96000000000004,0.0
401.0,0.006000000000000005
401.04,0.006000000000000005
401.08,0.0020000000000000018
401.12,0.0
401.16,0.0020000000000000018
401.2,-0.0020000000000000018
401.24,-0.0020000000000000018
401.28000000000003,-0.0020000000000000018
401.32,0.0
401.36,-0.0020000000000000018
401.40000000000003,-0.0020000000000000018
401.44,-0.0020000000000000018
401.48,-0.003999999999999997
401.52,-0.003999999999999997
401.56,0.0
401.6,0.0
401.64,-0.0020000000000000018
401.68,0.0020000000000000018
401.72,0.0040000000000000036
401.76,0.0020000000000000018
401.8,-0.0020000000000000018
401.84000000000003,-0.0020000000000000018
401.88,-0.003999999999999997
401.92,-0.003999999999999997
401.96000000000004,-0.0020000000000000018
402.0,-0.0020000000000000018
402.04,-0.003999999999999997
402.08,-0.0020000000000000018
402.12,0.0020000000000000018
402.16,-0.003999999999999997
402.2,-0.0020000000000000018
402.24,0.0020000000000000018
402.28000000000003,0.006000000000000005
402.32,0.0020000000000000018
402.36,0.006000000000000005
402.40000000000003,0.006000000000000005
402.44,-0.0020000000000000018
402.48,-0.0020000000000000018
402.52,0.0020000000000000018
402.56,0.0020000000000000018
402.6,0.0
402.64,0.0020000000000000018
402.68,0.0020000000000000018
402.72,-0.0020000000000000018
402.76,0.0
402.8,0.0
402.84000000000003,-0.003999999999999997
402.88,-0.003999999999999997
402.92,0.0020000000000000018
402.96000000000004,0.0040000000000000036
403.0,0.0020000000000000018
403.04,0.0020000000000000018
403.08,0.0020000000000000018
403.12,-0.003999999999999997
403.16,-0.0020000000000000018
403.2,-0.0020000000000000018
403.24,-0.003999999999999997
403.28000000000003,-0.003999999999999997
403.32,-0.0020000000000000018
403.36,-0.0020000000000000018
403.40000000000003,-0.005999999999999998
403.44,-0.005999999999999998
403.48,-0.0020000000000000018
403.52,0.0
403.56,0.0
403.6,0.0040000000000000036
403.64,0.0040000000000000036
403.68,-0.0020000000000000018
403.72,-0.0020000000000000018
403.76,0.0020000000000000018
403.8,0.0020000000000000018
403.84000000000003,-0.0020000000000000018
403.88,0.0
403.92,-0.0020000000000000018
403.96000000000004,0.0
404.0,0.0040000000000000036
404.04,0.0040000000000000036
404.08,-0.003999999999999997
404.12,-0.003999999999999997
404.16,0.0
404.2,0.0040000000000000036
404.24,0.0020000000000000018
404.28000000000003,0.0020000000000000018
404.32,0.0040000000000000036
404.36,0.0020000000000000018
404.40000000000003,0.0020000000000000018
404.44,0.0020000000000000018
404.48,-0.0020000000000000018
404.52,-0.003999999999999997
404.56,0.0020000000000000018
404.6,-0.0020000000000000018
404.64,-0.005999999999999998
404.68,-0.005999999999999998
404.72,-0.0020000000000000018
404.76,-0.003999999999999997
404.8,-0.003999999999999997
404.84000000000003,0.0
404.88,0.0020000000000000018
404.92,0.0
404.96000000000004,-0.0020000000000000018
405.0,0.0020000000000000018
405.04,0.0
405.08,-0.0020000000000000018
405.12,-0.0020000000000000018
405.16,-0.0020000000000000018
405.2,-0.0020000000000000018
405.24,0.0020000000000000018
405.28000000000003,0.0020000000000000018
405.32,-0.003999999999999997
405.36,-0.003999999999999997
405.40000000000003,0.0
405.44,0.0020000000000000018
405.48,-0.0020000000000000018
405.52,0.0
405.56,0.0020000000000000018
405.6,0.0040000000000000036
405.64,0.0020000000000000018
405.68,0.0040000000000000036
405.72,0.0020000000000000018
405.76,-0.0020000000000000018
405.8,0.0020000000000000018
405.84000000000003,0.0020000000000000018
405.88,-0.003999999999999997
405.92,-0.003999999999999997
405.96000000000004,0.0020000000000000018
406.0,-0.003999999999999997
406.04,-0.005999999999999998
406.08,-0.0020000000000000018
406.12,0.0020000000000000018
406.16,-0.0020000000000000018
406.2,0.0
406.24,0.0040000000000000036
406.28000000000003,0.0020000000000000018
406.32,-0.0020000000000000018
406.36,0.0
406.40000000000003,-0.0020000000000000018
406.44,-0.0020000000000000018
406.48,0.0020000000000000018
406.52,0.0020000000000000018
406.56,-0.0020000000000000018
406.6,-0.0020000000000000018
406.64,0.0020000000000000018
406.68,-0.0020000000000000018
406.72,-0.003999999999999997
406.76,-0.0020000000000000018
406.8,0.0020000000000000018
406.84000000000003,0.0
406.88,0.0020000000000000018
406.92,0.0040000000000000036
406.96000000000004,0.0
407.0,0.0020000000000000018
407.04,0.0040000000000000036
407.08,-0.0020000000000000018
407.12,-0.003999999999999997
407.16,0.0
407.2,0.0020000000000000018
407.24,-0.0020000000000000018
407.28000000000003,-0.003999999999999997
407.32,-0.0020000000000000018
407.36,-0.003999999999999997
407.40000000000003,-0.005999999999999998
407.44,0.0020000000000000018
407.48,0.0020000000000000018
407.52,0.0
407.56,0.0020000000000000018
407.6,0.0020000000000000018
407.64,-0.003999999999999997
407.68,-0.0020000000000000018
407.72,0.0
407.76,-0.0020000000000000018
407.8,-0.003999999999999997
407.84000000000003,0.0
407.88,0.0020000000000000018
407.92,-0.003999999999999997
407.96000000000004,-0.003999999999999997
408.0,-0.0020000000000000018
408.04,-0.0020000000000000018
408.08,0.0
408.12,0.0020000000000000018
408.16,0.0020000000000000018
408.2,0.0020000000000000018
408.24,0.0040000000000000036
408.28000000000003,0.006000000000000005
408.32,0.0
408.36,-0.0020000000000000018
408.40000000000003,0.0040000000000000036
408.44,0.006000000000000005
408.48,0.0020000000000000018
408.52,-0.0020000000000000018
408.56,-0.0020000000000000018
408.6,-0.003999999999999997
408.64,-0.003999999999999997
408.68,-0.0020000000000000018
408.72,0.0020000000000000018
408.76,0.0020000000000000018
408.8,0.0020000000000000018
408.84000000000003,0.0020000000000000018
408.88,-0.0020000000000000018
408.92,0.0
408.96000000000004,0.0020000000000000018
409.0,-0.0020000000000000018
409.04,-0.003999999999999997
409.08,0.0020000000000000018
409.12,0.0020000000000000018
409.16,-0.0020000000000000018
409.2,-0.003999999999999997
409.24,-0.003999999999999997
409.28000000000003,-0.003999999999999997
409.32,-0.003999999999999997
409.36,-0.0020000000000000018
409.40000000000003,-0.003999999999999997
409.44,-0.0020000000000000018
409.48,0.0020000000000000018
409.52,0.0040000000000000036
409.56,-0.0020000000000000018
409.6,-0.0020000000000000018
409.64,0.0020000000000000018
409.68,0.006000000000000005
409.72,0.0020000000000000018
409.76,0.0
409.8,0.0
409.84000000000003,-0.0020000000000000018
409.88,-0.003999999999999997
409.92,-0.0020000000000000018
409.96000000000004,0.0
410.0,0.0
410.04,0.0020000000000000018
410.08,0.0040000000000000036
410.12,0.0020000000000000018
410.16,0.0020000000000000018
410.2,0.0040000000000000036
410.24,0.0020000000000000018
410.28000000000003,-0.0020000000000000018
410.32,0.0020000000000000018
410.36,0.006000000000000005
410.40000000000003,-0.0020000000000000018
410.44,-0.0020000000000000018
410.48,0.0
410.52,-0.0020000000000000018
410.56,-0.003999999999999997
410.6,-0.003999999999999997
410.64,-0.003999999999999997
410.68,-0.003999999999999997
410.72,0.0
410.76,0.0040000000000000036
410.8,-0.0020000000000000018
410.84000000000003,-0.003999999999999997
410.88,0.0040000000000000036
410.92,0.0040000000000000036
410.96000000000004,-0.0020000000000000018
411.0,0.0
411.04,0.0020000000000000018
411.08,-0.0020000000000000018
411.12,-0.003999999999999997
411.16,0.0
411.2,-0.0020000000000000018
411.24,-0.005999999999999998
411.28000000000003,-0.0020000000000000018
411.32,-0.0020000000000000018
411.36,-0.0020000000000000018
411.40000000000003,0.0020000000000000018
411.44,0.006000000000000005
411.48,0.0
411.52,-0.003999999999999997
411.56,0.0020000000000000018
411.6,0.0020000000000000018
411.64,-0.0020000000000000018
411.68,-0.0020000000000000018
411.72,0.0020000000000000018
411.76,0.0
411.8,-0.0020000000000000018
411.84000000000003,-0.0020000000000000018
411.88,-0.005999999999999998
411.92,-0.003999999999999997
411.96000000000004,0.0
412.0,-0.0020000000000000018
412.04,-0.003999999999999997
412.08,0.0
412.12,0.006000000000000005
412.16,0.0020000000000000018
412.2,-0.0020000000000000018
412.24,0.0020000000000000018
412.28000000000003,0.0020000000000000018
412.32,0.0020000000000000018
412.36,0.0020000000000000018
412.40000000000003,0.0040000000000000036
412.44,-0.0020000000000000018
412.48,-0.0020000000000000018
412.52,-0.0020000000000000018
412.56,-0.003999999999999997
412.6,-0.0020000000000000018
412.64,0.0040000000000000036
412.68,0.0040000000000000036
412.72,-0.0020000000000000018
412.76,0.0
412.8,0.0020000000000000018
412.84000000000003,0.0
412.88,-0.0020000000000000018
412.92,0.0020000000000000018
412.96000000000004,0.0020000000000000018
413.0,0.0020000000000000018
413.04,0.0020000000000000018
413.08,-0.003999999999999997
413.12,-0.003999999999999997
413.16,-0.0020000000000000018
413.2,-0.0020000000000000018
413.24,-0.003999999999999997
413.28000000000003,-0.005999999999999998
413.32,0.0
413.36,0.0020000000000000018
413.40000000000003,-0.003999999999999997
413.44,-0.003999999999999997
413.48,-0.0020000000000000018
413.52,0.0020000000000000018
413.56,0.0020000000000000018
413.6,0.0040000000000000036
413.64,0.0020000000000000018
413.68,0.0020000000000000018
413.72,0.0020000000000000018
413.76,-0.0020000000000000018
413.8,-0.005999999999999998
413.84000000000003,-0.0020000000000000018
413.88,0.0
413.92,0.0
413.96000000000004,-0.0020000000000000018
414.0,0.0020000000000000018
414.04,0.0040000000000000036
414.08,0.0
414.12,-0.0020000000000000018
414.16,0.0020000000000000018
414.2,0.006000000000000005
414.24,0.0040000000000000036
414.28000000000003,0.0020000000000000018
414.32,0.0020000000000000018
414.36,0.0020000000000000018
414.40000000000003,0.0020000000000000018
414.44,0.0020000000000000018
414.48,-0.0020000000000000018
414.52,-0.005999999999999998
414.56,0.0
414.6,0.0040000000000000036
414.64,-0.003999999999999997
414.68,-0.005999999999999998
414.72,-0.0020000000000000018
414.76,0.0
414.8,-0.0020000000000000018
414.84000000000003,0.0020000000000000018
414.88,0.0040000000000000036
414.92,0.0040000000000000036
414.96000000000004,0.0020000000000000018
415.0,0.0020000000000000018
415.04,-0.0020000000000000018
415.08,-0.003999999999999997
415.12,-0.0020000000000000018
415.16,-0.0020000000000000018
415.2,-0.005999999999999998
415.24,-0.0020000000000000018
415.28000000000003,0.0020000000000000018
415.32,-0.0020000000000000018
415.36,-0.003999999999999997
415.40000000000003,0.0020000000000000018
415.44,0.0040000000000000036
415.48,-0.0020000000000000018
415.52,0.0020000000000000018
415.56,0.0040000000000000036
415.6,0.0020000000000000018
415.64,0.0020000000000000018
415.68,0.0020000000000000018
415.72,-0.003999999999999997
415.76,-0.003999999999999997
415.8,0.0020000000000000018
415.84000000000003,0.0020000000000000018
415.88,-0.005999999999999998
415.92,-0.003999999999999997
415.96000000000004,0.0020000000000000018
416.0,-0.0020000000000000018
416.04,-0.005999999999999998
416.08,-0.0020000000000000018
416.12,0.0020000000000000018
416.16,0.0020000000000000018
416.2,0.006000000000000005
416.24,0.006000000000000005
416.28000000000003,-0.0020000000000000018
416.32,0.0020000000000000018
416.36,0.0040000000000000036
416.40000000000003,-0.003999999999999997
416.44,-0.003999999999999997
416.48,0.0
416.52,0.0
416.56,-0.003999999999999997
416.6,-0.0020000000000000018
416.64,0.0020000000000000018
416.68,0.0
416.72,-0.003999999999999997
416.76,-0.0020000000000000018
416.8,0.0
416.84000000000003,0.0020000000000000018
416.88,0.006000000000000005
416.92,0.0020000000000000018
416.96000000000004,-0.0020000000000000018
417.0,0.0
417.04,0.0040000000000000036
417.08,0.0
417.12,-0.003999999999999997
417.16,-0.0020000000000000018
417.2,0.0
417.24,-0.0020000000000000018
417.28000000000003,-0.003999999999999997
417.32,-0.003999999999999997
417.36,-0.003999999999999997
417.40000000000003,-0.0020000000000000018
417.44,0.0
417.48,-0.0020000000000000018
417.52,0.0
417.56,0.0040000000000000036
417.6,0.0020000000000000018
417.64,-0.0020000000000000018
417.68,-0.0020000000000000018
417.72,-0.0020000000000000018
417.76,-0.0020000000000000018
417.8,-0.003999999999999997
417.84000000000003,-0.0020000000000000018
417.88,0.0020000000000000018
417.92,-0.0020000000000000018
417.96000000000004,-0.003999999999999997
418.0,-0.003999999999999997
418.04,-0.0020000000000000018
418.08,0.0020000000000000018
418.12,0.006000000000000005
418.16,0.0020000000000000018
418.2,0.0
418.24,0.0040000000000000036
418.28000000000003,0.006000000000000005
418.32,0.0
418.36,-0.0020000000000000018
418.40000000000003,0.0020000000000000018
418.44,0.0040000000000000036
418.48,0.0020000000000000018
418.52,-0.003999999999999997
418.56,-0.003999999999999997
418.6,-0.003999999999999997
418.64,-0.003999999999999997
418.68,-0.003999999999999997
418.72,-0.0020000000000000018
418.76,0.0
418.8,0.0040000000000000036
418.84000000000003,0.0040000000000000036
418.88,0.0
418.92,-0.0020000000000000018
418.96000000000004,0.0
419.0,0.0
419.04,-0.0020000000000000018
419.08,0.0
419.12,0.0040000000000000036
419.16,-0.0020000000000000018
419.2,-0.005999999999999998
419.24,-0.005999999999999998
419.28000000000003,-0.0020000000000000018
419.32,-0.0020000000000000018
419.36,0.0
419.40000000000003,-0.003999999999999997
419.44,-0.0020000000000000018
419.48,0.0020000000000000018
419.52,0.0040000000000000036
419.56,-0.0020000000000000018
419.6,-0.003999999999999997
419.64,0.0020000000000000018
419.68,0.006000000000000005
419.72,0.0
419.76,-0.0020000000000000018
419.8,0.0020000000000000018
419.84000000000003,-0.0020000000000000018
419.88,-0.003999999999999997
419.92,-0.003999999999999997
419.96000000000004,-0.005999999999999998
420.0,-0.003999999999999997
420.04,0.0
420.08,0.0020000000000000018
420.12,-0.0020000000000000018
420.16,0.0020000000000000018
420.2,0.0040000000000000036
420.24,0.0020000000000000018
420.28000000000003,-0.0020000000000000018
420.32,0.006000000000000005
420.36,0.008
420.40000000000003,-0.0020000000000000018
420.44,-0.0020000000000000018
420.48,0.0020000000000000018
420.52,-0.0020000000000000018
420.56,-0.0020000000000000018
420.6,-0.0020000000000000018
420.64,-0.003999999999999997
420.68,-0.003999999999999997
420.72,0.0040000000000000036
420.76,0.0040000000000000036
420.8,-0.003999999999999997
420.84000000000003,-0.0020000000000000018
420.88,0.006000000000000005
420.92,0.0020000000000000018
420.96000000000004,-0.0020000000000000018
421.0,0.0020000000000000018
421.04,0.006000000000000005
421.08,0.0020000000000000018
421.12,-0.0020000000000000018
421.16,0.0
421.2,-0.005999999999999998
421.24,-0.005999999999999998
421.28000000000003,-0.0020000000000000018
421.32,-0.003999999999999997
421.36,-0.005999999999999998
421.40000000000003,0.0
421.44,0.0020000000000000018
421.48,-0.003999999999999997
421.52,-0.0020000000000000018
421.56,0.0020000000000000018
421.6,0.0020000000000000018
421.64,-0.0020000000000000018
421.68,0.0
421.72,0.0020000000000000018
421.76,0.0020000000000000018
421.8,0.0
421.84000000000003,-0.0020000000000000018
421.88,-0.005999999999999998
421.92,-0.003999999999999997
421.96000000000004,0.0020000000000000018
422.0,0.0
422.04,-0.003999999999999997
422.08,0.0020000000000000018
422.12,0.0040000000000000036
422.16,0.0
422.2,-0.003999999999999997
422.24,0.0020000000000000018
422.28000000000003,0.006000000000000005
422.32,0.006000000000000005
422.36,0.0020000000000000018
422.40000000000003,0.0020000000000000018
422.44,-0.0020000000000000018
422.48,0.0
422.52,0.0
422.56,-0.003999999999999997
422.6,-0.003999999999999997
422.64,-0.0020000000000000018
422.68,0.0
422.72,-0.0020000000000000018
422.76,-0.0020000000000000018
422.8,0.0020000000000000018
422.84000000000003,-0.0020000000000000018
422.88,-0.0020000000000000018
422.92,0.0020000000000000018
422.96000000000004,0.0020000000000000018
423.0,0.0020000000000000018
423.04,0.0020000000000000018
423.08,-0.0020000000000000018
423.12,-0.003999999999999997
423.16,-0.0020000000000000018
423.2,0.0
423.24,-0.0020000000000000018
423.28000000000003,-0.003999999999999997
423.32,0.0
423.36,0.0020000000000000018
423.40000000000003,-0.003999999999999997
423.44,-0.005999999999999998
423.48,-0.0020000000000000018
423.52,0.0020000000000000018
423.56,0.0020000000000000018
423.6,0.0020000000000000018
423.64,0.0020000000000000018
423.68,0.0020000000000000018
423.72,0.0020000000000000018
423.76,0.0020000000000000018
423.8,-0.0020000000000000018
423.84000000000003,-0.003999999999999997
423.88,-0.0020000000000000018
423.92,-0.0020000000000000018
423.96000000000004,-0.003999999999999997
424.0,-0.0020000000000000018
424.04,0.0020000000000000018
424.08,-0.0020000000000000018
424.12,-0.003999999999999997
424.16,0.0
424.2,0.0020000000000000018
424.24,0.0020000000000000018
424.28000000000003,0.0040000000000000036
424.32,0.0020000000000000018
424.36,-0.0020000000000000018
424.40000000000003,-0.0020000000000000018
424.44,0.0
424.48,-0.003999999999999997
424.52,-0.003999999999999997
424.56,0.0
424.6,0.0040000000000000036
424.64,-0.003999999999999997
424.68,-0.005999999999999998
424.72,-0.0020000000000000018
424.76,0.0020000000000000018
424.8,-0.0020000000000000018
424.84000000000003,0.0020000000000000018
424.88,0.0040000000000000036
424.92,0.0020000000000000018
424.96000000000004,0.006000000000000005
425.0,0.0040000000000000036
425.04,-0.0020000000000000018
425.08,-0.0020000000000000018
425.12,0.0
425.16,-0.0020000000000000018
425.2,-0.003999999999999997
425.24,0.0
425.28000000000003,0.0
425.32,-0.003999999999999997
425.36,-0.009999999999999995
425.40000000000003,0.0
425.44,-0.0020000000000000018
425.48,-0.0020000000000000018
425.52,0.0020000000000000018
425.56,0.0
425.6,0.0
425.64,0.0
425.68,0.0020000000000000018
425.72,-0.005999999999999998
425.76,-0.003999999999999997
425.8,0.0020000000000000018
425.84000000000003,-0.0020000000000000018
425.88,-0.003999999999999997
425.92,-0.005999999999999998
425.96000000000004,0.0
426.0,-0.0020000000000000018
426.04,-0.0020000000000000018
426.08,-0.003999999999999997
426.12,-0.0020000000000000018
426.16,0.0020000000000000018
426.2,0.0040000000000000036
426.24,0.0040000000000000036
426.28000000000003,0.0
426.32,0.0020000000000000018
426.36,0.0020000000000000018
426.40000000000003,-0.0020000000000000018
426.44,-0.0020000000000000018
426.48,0.0020000000000000018
426.52,0.0
426.56,-0.003999999999999997
426.6,-0.0020000000000000018
426.64,-0.0020000000000000018
426.68,-0.0020000000000000018
426.72,0.0
426.76,0.0
426.8,0.0020000000000000018
426.84000000000003,0.0020000000000000018
426.88,0.0040000000000000036
426.92,0.0020000000000000018
426.96000000000004,-0.0020000000000000018
427.0,0.0
427.04,0.0020000000000000018
427.08,-0.0020000000000000018
427.12,-0.003999999999999997
427.16,-0.0020000000000000018
427.2,0.0020000000000000018
427.24,-0.0020000000000000018
427.28000000000003,-0.0020000000000000018
427.32,-0.003999999999999997
427.36,-0.0020000000000000018
427.40000000000003,-0.0020000000000000018
427.44,0.0020000000000000018
427.48,0.0020000000000000018
427.52,0.0020000000000000018
427.56,0.0020000000000000018
427.6,0.0020000000000000018
427.64,-0.0020000000000000018
427.68,-0.0020000000000000018
427.72,0.0020000000000000018
427.76,0.0
427.8,-0.003999999999999997
427.84000000000003,-0.0020000000000000018
427.88,0.0
427.92,-0.003999999999999997
427.96000000000004,-0.005999999999999998
428.0,-0.003999999999999997
428.04,-0.003999999999999997
428.08,-0.0020000000000000018
428.12,0.0020000000000000018
428.16,0.0020000000000000018
428.2,-0.0020000000000000018
428.24,0.0020000000000000018
428.28000000000003,0.0020000000000000018
428.32,-0.0020000000000000018
428.36,-0.005999999999999998
428.40000000000003,0.0
428.44,0.0040000000000000036
428.48,-0.0020000000000000018
428.52,-0.0020000000000000018
428.56,-0.0020000000000000018
428.6,-0.003999999999999997
428.64,-0.003999999999999997
428.68,0.0020000000000000018
428.72,0.0020000000000000018
428.76,-0.0020000000000000018
428.8,0.0040000000000000036
428.84000000000003,0.0040000000000000036
428.88,0.0
428.92,0.0
428.96000000000004,0.0040000000000000036
429.0,0.0020000000000000018
429.04,-0.0020000000000000018
429.08,0.0020000000000000018
429.12,0.0020000000000000018
429.16,-0.0020000000000000018
429.2,-0.003999999999999997
429.24,-0.0020000000000000018
429.28000000000003,-0.003999999999999997
429.32,-0.003999999999999997
429.36,0.0020000000000000018
429.40000000000003,0.0020000000000000018
429.44,-0.0020000000000000018
429.48,0.0040000000000000036
429.52,0.0040000000000000036
429.56,-0.003999999999999997
429.6,-0.005999999999999998
429.64,0.0020000000000000018
429.68,0.0020000000000000018
429.72,-0.003999999999999997
429.76,-0.003999999999999997
429.8,-0.0020000000000000018
429.84000000000003,-0.005999999999999998
429.88,-0.003999999999999997
429.92,-0.0020000000000000018
429.96000000000004,-0.003999999999999997
430.0,-0.0020000000000000018
430.04,0.0040000000000000036
430.08,0.0
430.12,-0.0020000000000000018
430.16,0.0
430.2,0.0040000000000000036
430.24,-0.0020000000000000018
430.28000000000003,-0.0020000000000000018
430.32,0.0020000000000000018
430.36,0.0020000000000000018
430.40000000000003,-0.0020000000000000018
430.44,-0.0020000000000000018
430.48,-0.0020000000000000018
430.52,-0.005999999999999998
430.56,-0.003999999999999997
430.6,-0.0020000000000000018
430.64,-0.0020000000000000018
430.68,0.0
430.72,0.008
430.76,0.0020000000000000018
430.8,-0.0020000000000000018
430.84000000000003,-0.0020000000000000018
430.88,0.0020000000000000018
430.92,0.0020000000000000018
430.96000000000004,0.0
431.0,0.0
431.04,-0.0020000000000000018
431.08,0.0
431.12,-0.0020000000000000018
431.16,-0.003999999999999997
431.2,-0.003999999999999997
431.24,-0.0020000000000000018
431.28000000000003,0.0020000000000000018
431.32,0.0020000000000000018
431.36,0.0020000000000000018
431.40000000000003,0.0040000000000000036
431.44,0.0020000000000000018
431.48,-0.0020000000000000018
431.52,0.0020000000000000018
431.56,0.0020000000000000018
431.6,0.0020000000000000018
431.64,0.0020000000000000018
431.68,0.0020000000000000018
431.72,-0.0020000000000000018
431.76,-0.0020000000000000018
431.8,-0.003999999999999997
431.84000000000003,-0.003999999999999997
431.88,-0.003999999999999997
431.92,-0.0020000000000000018
431.96000000000004,0.0020000000000000018
432.0,0.0020000000000000018
432.04,-0.0020000000000000018
432.08,-0.0020000000000000018
432.12,0.0020000000000000018
432.16,0.0020000000000000018
432.2,-0.0020000000000000018
432.24,0.0
432.28000000000003,-0.0020000000000000018
432.32,-0.0020000000000000018
432.36,-0.0020000000000000018
432.40000000000003,-0.0020000000000000018
432.44,-0.005999999999999998
432.48,-0.0020000000000000018
432.52,-0.0020000000000000018
432.56,-0.0020000000000000018
432.6,0.0
432.64,0.0020000000000000018
432.68,0.0020000000000000018
432.72,0.0
432.76,0.0020000000000000018
432.8,0.0040000000000000036
432.84000000000003,0.0
432.88,0.0
432.92,0.0020000000000000018
432.96000000000004,0.0020000000000000018
433.0,0.0
433.04,-0.0020000000000000018
433.08,-0.0020000000000000018
433.12,-0.003999999999999997
433.16,-0.0020000000000000018
433.2,0.0020000000000000018
433.24,0.0
433.28000000000003,-0.003999999999999997
433.32,0.0020000000000000018
433.36,0.006000000000000005
433.40000000000003,0.0020000000000000018
433.44,-0.0020000000000000018
433.48,0.0
433.52,0.0
433.56,-0.0020000000000000018
433.6,0.0020000000000000018
433.64,-0.0020000000000000018
433.68,-0.003999999999999997
433.72,-0.0020000000000000018
433.76,-0.0020000000000000018
433.8,-0.005999999999999998
433.84000000000003,-0.003999999999999997
433.88,0.0020000000000000018
433.92,0.0020000000000000018
433.96000000000004,-0.0020000000000000018
434.0,0.0020000000000000018
434.04,0.0020000000000000018
434.08,-0.003999999999999997
434.12,-0.0020000000000000018
434.16,0.0020000000000000018
434.2,0.0020000000000000018
434.24,0.0
434.28000000000003,0.0040000000000000036
434.32,0.0
434.36,-0.003999999999999997
434.40000000000003,-0.0020000000000000018
434.44,0.0020000000000000018
434.48,-0.003999999999999997
434.52,-0.003999999999999997
434.56,0.0020000000000000018
434.6,0.0020000000000000018
434.64,0.0
434.68,0.0020000000000000018
434.72,0.0020000000000000018
434.76,-0.0020000000000000018
434.8,0.0
434.84000000000003,0.0020000000000000018
434.88,0.0
434.92,-0.0020000000000000018
434.96000000000004,0.0020000000000000018
435.0,-0.003999999999999997
435.04,-0.008
435.08,-0.003999999999999997
435.12,0.0020000000000000018
435.16,-0.0020000000000000018
435.2,-0.0020000000000000018
435.24,0.0040000000000000036
435.28000000000003,0.0020000000000000018
435.32,-0.0020000000000000018
435.36,0.0020000000000000018
435.40000000000003,0.0020000000000000018
435.44,0.0020000000000000018
435.48,0.0020000000000000018
435.52,0.0040000000000000036
435.56,0.0
435.6,0.0
435.64,0.0020000000000000018
435.68,0.0020000000000000018
435.72,-0.005999999999999998
435.76,-0.003999999999999997
435.8,0.0020000000000000018
435.84000000000003,0.0020000000000000018
435.88,-0.0020000000000000018
435.92,-0.0020000000000000018
435.96000000000004,0.0020000000000000018
436.0,0.0
436.04,0.0
436.08,0.0020000000000000018
436.12,0.0
436.16,0.0
436.2,0.0020000000000000018
436.24,-0.0020000000000000018
436.28000000000003,-0.005999999999999998
436.32,-0.005999999999999998
436.36,-0.0020000000000000018
436.40000000000003,-0.003999999999999997
436.44,-0.003999999999999997
436.48,0.0
436.52,0.0
436.56,-0.0020000000000000018
436.6,-0.0020000000000000018
436.64,0.0020000000000000018
436.68,0.0
436.72,0.0
436.76,0.0020000000000000018
436.8,0.0020000000000000018
436.84000000000003,0.0
436.88,0.0020000000000000018
436.92,0.0
436.96000000000004,-0.003999999999999997
437.0,-0.003999999999999997
437.04,0.0020000000000000018
437.08,0.0020000000000000018
437.12,-0.0020000000000000018
437.16,0.0
437.2,0.0020000000000000018
437.24,0.0
437.28000000000003,0.0020000000000000018
437.32,0.0020000000000000018
437.36,0.0020000000000000018
437.40000000000003,0.0020000000000000018
437.44,0.006000000000000005
437.48,0.0020000000000000018
437.52,-0.003999999999999997
437.56,-0.0020000000000000018
437.6,0.0
437.64,-0.003999999999999997
437.68,-0.003999999999999997
437.72,-0.0020000000000000018
437.76,0.0
437.8,-0.0020000000000000018
437.84000000000003,0.0020000000000000018
437.88,0.0020000000000000018
437.92,-0.0020000000000000018
437.96000000000004,0.0
438.0,0.0020000000000000018
438.04,0.0
438.08,0.0020000000000000018
438.12,0.0040000000000000036
438.16,0.0
438.2,-0.003999999999999997
438.24,-0.0020000000000000018
438.28000000000003,0.0
438.32,-0.0020000000000000018
438.36,-0.003999999999999997
438.40000000000003,-0.0020000000000000018
438.44,0.0
438.48,0.0
438.52,0.0
438.56,0.0
438.6,-0.0020000000000000018
438.64,0.0020000000000000018
438.68,0.006000000000000005
438.72,0.0
438.76,0.0020000000000000018
438.8,0.0040000000000000036
438.84000000000003,0.0020000000000000018
438.88,-0.0020000000000000018
438.92,-0.0020000000000000018
438.96000000000004,-0.0020000000000000018
439.0,-0.003999999999999997
439.04,-0.0020000000000000018
439.08,0.0020000000000000018
439.12,0.0
439.16,-0.0020000000000000018
439.2,0.0020000000000000018
439.24,0.0
439.28000000000003,-0.0020000000000000018
439.32,0.0020000000000000018
439.36,0.006000000000000005
439.40000000000003,0.0020000000000000018
439.44,0.0
439.48,0.0040000000000000036
439.52,0.0020000000000000018
439.56,-0.0020000000000000018
439.6,-0.003999999999999997
439.64,-0.0020000000000000018
439.68,-0.0020000000000000018
439.72,-0.0020000000000000018
439.76,0.0
439.8,-0.0020000000000000018
439.84000000000003,-0.0020000000000000018
439.88,0.0020000000000000018
439.92,0.0020000000000000018
439.96000000000004,0.0
440.0,0.0020000000000000018
440.04,0.006000000000000005
440.08,0.0040000000000000036
440.12,0.0
440.16,-0.0020000000000000018
440.2,-0.0020000000000000018
440.24,-0.005999999999999998
440.28000000000003,-0.005999999999999998
440.32,-0.0020000000000000018
440.36,-0.0020000000000000018
440.40000000000003,-0.0020000000000000018
440.44,-0.0020000000000000018
440.48,-0.0020000000000000018
440.52,-0.003999999999999997
440.56,-0.0020000000000000018
440.6,0.0020000000000000018
440.64,0.0020000000000000018
440.68,-0.0020000000000000018
440.72,0.0040000000000000036
440.76,0.0040000000000000036
440.8,-0.003999999999999997
440.84000000000003,-0.003999999999999997
440.88,0.0
440.92,-0.0020000000000000018
440.96000000000004,-0.0020000000000000018
441.0,0.0
441.04,-0.0020000000000000018
441.08,-0.0020000000000000018
441.12,0.0020000000000000018
441.16,0.0
441.2,-0.003999999999999997
441.24,0.0
441.28000000000003,0.008
441.32,0.006000000000000005
441.36,0.0020000000000000018
441.40000000000003,0.0040000000000000036
441.44,0.0020000000000000018
441.48,-0.003999999999999997
441.52,-0.003999999999999997
441.56,0.0
441.6,-0.0020000000000000018
441.64,-0.003999999999999997
441.68,0.0
441.72,-0.0020000000000000018
441.76,-0.003999999999999997
441.8,-0.0020000000000000018
441.84000000000003,0.0020000000000000018
441.88,-0.003999999999999997
441.92,-0.0020000000000000018
441.96000000000004,0.006000000000000005
442.0,0.0040000000000000036
442.04,0.0
442.08,0.0
442.12,0.0020000000000000018
442.16,-0.0020000000000000018
442.2,-0.0020000000000000018
442.24,0.0
442.28000000000003,-0.0020000000000000018
442.32,-0.0020000000000000018
442.36,0.0020000000000000018
442.40000000000003,-0.003999999999999997
442.44,-0.005999999999999998
442.48,-0.0020000000000000018
442.52,0.0040000000000000036
442.56,0.0020000000000000018
442.6,0.0020000000000000018
442.64,0.0040000000000000036
442.68,0.0040000000000000036
442.72,-0.0020000000000000018
442.76,0.0
442.8,0.0
442.84000000000003,-0.0020000000000000018
442.88,-0.0020000000000000018
442.92,-0.0020000000000000018
442.96000000000004,-0.003999999999999997
443.0,-0.0020000000000000018
443.04,0.0020000000000000018
443.08,-0.0020000000000000018
443.12,-0.003999999999999997
443.16,0.0
443.2,0.0040000000000000036
443.24,0.0020000000000000018
443.28000000000003,0.0
443.32,0.0020000000000000018
443.36,0.0040000000000000036
443.40000000000003,0.0020000000000000018
443.44,-0.0020000000000000018
443.48,-0.0020000000000000018
443.52,0.0
443.56,0.0020000000000000018
443.6,0.0020000000000000018
443.64,-0.0020000000000000018
443.68,-0.003999999999999997
443.72,-0.0020000000000000018
443.76,0.0
443.8,-0.0020000000000000018
443.84000000000003,0.0
443.88,0.006000000000000005
443.92,0.0040000000000000036
443.96000000000004,0.0020000000000000018
444.0,0.0020000000000000018
444.04,0.0020000000000000018
444.08,0.0
444.12,-0.0020000000000000018
444.16,-0.0020000000000000018
444.2,-0.0020000000000000018
444.24,-0.0020000000000000018
444.28000000000003,-0.0020000000000000018
444.32,-0.003999999999999997
444.36,-0.005999999999999998
444.40000000000003,-0.003999999999999997
444.44,0.0
444.48,-0.0020000000000000018
444.52,-0.003999999999999997
444.56,0.0020000000000000018
444.6,0.0040000000000000036
444.64,0.0
444.68,-0.003999999999999997
444.72,-0.0020000000000000018
444.76,-0.0020000000000000018
444.8,0.0020000000000000018
444.84000000000003,0.0
444.88,-0.0020000000000000018
444.92,-0.003999999999999997
444.96000000000004,0.0
445.0,-0.0020000000000000018
445.04,-0.003999999999999997
445.08,-0.003999999999999997
445.12,0.0020000000000000018
445.16,0.0020000000000000018
445.2,0.0
445.24,0.006000000000000005
445.28000000000003,0.006000000000000005
445.32,0.0020000000000000018
445.36,0.0020000000000000018
445.40000000000003,0.0020000000000000018
445.44,0.0
445.48,0.0
445.52,0.0040000000000000036
445.56,0.0
445.6,-0.003999999999999997
445.64,-0.0020000000000000018
445.68,0.0
445.72,-0.003999999999999997
445.76,-0.003999999999999997
445.8,0.0040000000000000036
445.84000000000003,0.0040000000000000036
445.88,0.0
445.92,0.0020000000000000018
445.96000000000004,0.0020000000000000018
446.0,-0.003999999999999997
446.04,0.0020000000000000018
446.08,0.0020000000000000018
446.12,-0.0020000000000000018
446.16,-0.0020000000000000018
446.2,0.0040000000000000036
446.24,0.0
446.28000000000003,-0.005999999999999998
446.32,-0.0020000000000000018
446.36,-0.0020000000000000018
446.40000000000003,-0.003999999999999997
446.44,-0.003999999999999997
446.48,0.0020000000000000018
446.52,0.0040000000000000036
446.56,0.0020000000000000018
446.6,0.0
446.64,0.0020000000000000018
446.68,0.0
446.72,0.0020000000000000018
446.76,0.0020000000000000018
446.8,-0.0020000000000000018
446.84000000000003,-0.0020000000000000018
446.88,0.0020000000000000018
446.92,-0.0020000000000000018
446.96000000000004,-0.008
447.0,-0.005999999999999998
447.04,0.0
447.08,0.0020000000000000018
447.12,-0.0020000000000000018
447.16,0.0
447.2,0.0020000000000000018
447.24,0.0020000000000000018
447.28000000000003,0.0020000000000000018
447.32,0.0
447.36,-0.003999999999999997
447.40000000000003,0.0020000000000000018
447.44,0.0040000000000000036
447.48,0.0020000000000000018
447.52,-0.0020000000000000018
447.56,-0.0020000000000000018
447.6,0.0
447.64,-0.005999999999999998
447.68,-0.003999999999999997
447.72,0.0020000000000000018
447.76,0.0020000000000000018
447.8,0.0
447.84000000000003,0.0
447.88,0.0040000000000000036
447.92,0.0020000000000000018
447.96000000000004,0.0020000000000000018
448.0,0.0020000000000000018
448.04,0.0020000000000000018
448.08,0.0020000000000000018
448.12,0.0040000000000000036
448.16,0.0
448.2,-0.005999999999999998
448.24,-0.003999999999999997
448.28000000000003,0.0020000000000000018
448.32,-0.0020000000000000018
448.36,-0.005999999999999998
448.40000000000003,-0.0020000000000000018
448.44,0.0020000000000000018
448.48,0.0
448.52,0.0
448.56,-0.0020000000000000018
448.6,-0.003999999999999997
448.64,0.0
448.68,0.0020000000000000018
448.72,0.0020000000000000018
448.76,-0.0020000000000000018
448.8,0.0020000000000000018
448.84000000000003,0.0
448.88,-0.005999999999999998
448.92,-0.005999999999999998
448.96000000000004,-0.0020000000000000018
449.0,-0.003999999999999997
449.04,-0.003999999999999997
449.08,-0.0020000000000000018
449.12,0.0
449.16,0.0020000000000000018
449.2,0.0020000000000000018
449.24,0.0020000000000000018
449.28000000000003,0.0
449.32,0.0020000000000000018
449.36,0.006000000000000005
449.40000000000003,0.0020000000000000018
449.44,-0.003999999999999997
449.48,0.0020000000000000018
449.52,0.0020000000000000018
449.56,-0.003999999999999997
449.6,-0.005999999999999998
449.64,0.0
449.68,0.0
449.72,0.0020000000000000018
449.76,0.0020000000000000018
449.8,-0.0020000000000000018
449.84000000000003,-0.0020000000000000018
449.88,0.0020000000000000018
449.92,0.0020000000000000018
449.96000000000004,-0.0020000000000000018
450.0,0.0
450.04,0.006000000000000005
450.08,0.0020000000000000018
450.12,-0.003999999999999997
450.16,0.0
450.2,-0.0020000000000000018
450.24,-0.005999999999999998
450.28000000000003,-0.005999999999999998
450.32,-0.0020000000000000018
450.36,-0.0020000000000000018
450.40000000000003,-0.0020000000000000018
450.44,0.0020000000000000018
450.48,0.0
450.52,-0.0020000000000000018
450.56,0.0020000000000000018
450.6,0.0040000000000000036
450.64,-0.0020000000000000018
450.68,0.0
450.72,0.0040000000000000036
450.76,0.0020000000000000018
450.8,-0.003999999999999997
450.84000000000003,-0.005999999999999998
450.88,-0.0020000000000000018
450.92,-0.0020000000000000018
450.96000000000004,-0.0020000000000000018
451.0,-0.0020000000000000018
451.04,-0.003999999999999997
451.08,0.0
451.12,0.0
451.16,-0.0020000000000000018
451.2,-0.003999999999999997
451.24,0.0
451.28000000000003,0.0020000000000000018
451.32,0.0020000000000000018
451.36,0.0020000000000000018
451.40000000000003,0.0020000000000000018
451.44,0.0020000000000000018
451.48,-0.0020000000000000018
451.52,-0.005999999999999998
451.56,-0.005999999999999998
451.6,-0.0020000000000000018
451.64,-0.0020000000000000018
451.68,-0.0020000000000000018
451.72,-0.0020000000000000018
451.76,-0.0020000000000000018
451.8,0.0020000000000000018
451.84000000000003,0.0020000000000000018
451.88,0.0
451.92,0.0020000000000000018
451.96000000000004,0.008
452.0,0.006000000000000005
452.04,0.0
452.08,-0.003999999999999997
452.12,0.0020000000000000018
452.16,-0.0020000000000000018
452.2,-0.0020000000000000018
452.24,-0.0020000000000000018
452.28000000000003,0.0020000000000000018
452.32,-0.0020000000000000018
452.36,0.0020000000000000018
452.40000000000003,0.0
452.44,-0.003999999999999997
452.48,-0.003999999999999997
452.52,0.0
452.56,0.0
452.6,-0.0020000000000000018
452.64,0.0040000000000000036
452.68,0.0040000000000000036
452.72,-0.003999999999999997
452.76,-0.003999999999999997
452.8,-0.0020000000000000018
452.84000000000003,-0.0020000000000000018
452.88,-0.003999999999999997
452.92,-0.0020000000000000018
452.96000000000004,-0.0020000000000000018
453.0,-0.003999999999999997
453.04,-0.0020000000000000018
453.08,-0.0020000000000000018
453.12,-0.005999999999999998
453.16,-0.0020000000000000018
453.2,0.006000000000000005
453.24,0.006000000000000005
453.28000000000003,-0.0020000000000000018
453.32,0.0020000000000000018
453.36,0.0040000000000000036
453.40000000000003,-0.0020000000000000018
453.44,-0.0020000000000000018
453.48,-0.0020000000000000018
453.52,-0.003999999999999997
453.56,-0.0020000000000000018
453.6,0.0020000000000000018
453.64,0.0
453.68,-0.003999999999999997
453.72,0.0
453.76,0.0020000000000000018
453.8,-0.003999999999999997
453.84000000000003,-0.003999999999999997
453.88,0.006000000000000005
453.92,0.006000000000000005
453.96000000000004,-0.0020000000000000018
454.0,0.0020000000000000018
454.04,0.0020000000000000018
454.08,0.0
454.12,-0.0020000000000000018
454.16,-0.0020000000000000018
454.2,-0.003999999999999997
454.24,-0.003999999999999997
454.28000000000003,0.0
454.32,-0.003999999999999997
454.36,-0.005999999999999998
454.40000000000003,-0.0020000000000000018
454.44,0.0020000000000000018
454.48,-0.0020000000000000018
454.52,-0.0020000000000000018
454.56,0.0040000000000000036
454.6,0.006000000000000005
454.64,0.0020000000000000018
454.68,-0.0020000000000000018
454.72,-0.0020000000000000018
454.76,-0.003999999999999997
454.8,0.0
454.84000000000003,0.0
454.88,-0.0020000000000000018
454.92,-0.003999999999999997
454.96000000000004,-0.0020000000000000018
455.0,-0.003999999999999997
455.04,-0.005999999999999998
455.08,-0.0020000000000000018
455.12,0.0020000000000000018
455.16,0.0
455.2,-0.0020000000000000018
455.24,0.0020000000000000018
455.28000000000003,0.0020000000000000018
455.32,0.0040000000000000036
455.36,-0.0020000000000000018
455.40000000000003,-0.0020000000000000018
455.44,-0.0020000000000000018
455.48,-0.0020000000000000018
455.52,0.0
455.56,-0.003999999999999997
455.6,-0.005999999999999998
455.64,-0.0020000000000000018
455.68,0.0
455.72,-0.003999999999999997
455.76,-0.003999999999999997
455.8,0.0020000000000000018
455.84000000000003,0.006000000000000005
455.88,0.0020000000000000018
455.92,0.0020000000000000018
455.96000000000004,0.0020000000000000018
456.0,-0.0020000000000000018
456.04,-0.0020000000000000018
456.08,0.0020000000000000018
456.12,0.0020000000000000018
456.16,0.0
456.2,0.0
456.24,0.0
456.28000000000003,-0.003999999999999997
456.32,0.0
456.36,0.0
456.40000000000003,-0.0020000000000000018
456.44,-0.003999999999999997
456.48,0.0
456.52,0.006000000000000005
456.56,0.0020000000000000018
456.6,-0.0020000000000000018
456.64,0.0020000000000000018
456.68,0.0
456.72,-0.0020000000000000018
456.76,0.0
456.8,-0.0020000000000000018
456.84000000000003,-0.003999999999999997
456.88,0.0
456.92,-0.0020000000000000018
456.96000000000004,-0.008
457.0,-0.009999999999999995
457.04,-0.0020000000000000018
457.08,0.0020000000000000018
457.12,-0.0020000000000000018
457.16,0.0020000000000000018
457.2,0.0020000000000000018
457.24,0.0
457.28000000000003,0.0
457.32,0.0020000000000000018
457.36,-0.0020000000000000018
457.40000000000003,-0.0020000000000000018
457.44,0.0020000000000000018
457.48,0.0020000000000000018
457.52,-0.003999999999999997
457.56,0.0
457.6,0.0020000000000000018
457.64,-0.003999999999999997
457.68,-0.005999999999999998
457.72,0.0020000000000000018
457.76,0.0040000000000000036
457.8,0.0
457.84000000000003,0.0020000000000000018
457.88,0.0040000000000000036
457.92,0.0020000000000000018
457.96000000000004,0.0020000000000000018
458.0,0.0020000000000000018
458.04,0.0020000000000000018
458.08,-0.0020000000000000018
458.12,0.0040000000000000036
458.16,0.0020000000000000018
458.2,-0.005999999999999998
458.24,-0.005999999999999998
458.28000000000003,-0.0020000000000000018
458.32,-0.003999999999999997
458.36,-0.003999999999999997
458.40000000000003,-0.0020000000000000018
458.44,0.0020000000000000018
458.48,0.0020000000000000018
458.52,0.0020000000000000018
458.56,0.0020000000000000018
458.6,-0.003999999999999997
458.64,-0.0020000000000000018
458.68,0.0020000000000000018
458.72,0.0
458.76,-0.0020000000000000018
458.8,0.0020000000000000018
458.84000000000003,0.0
458.88,-0.003999999999999997
458.92,-0.003999999999999997
458.96000000000004,-0.0020000000000000018
459.0,0.0
459.04,-0.0020000000000000018
459.08,-0.0020000000000000018
459.12,0.0
459.16,0.0
459.2,0.0
459.24,0.0020000000000000018
459.28000000000003,0.0020000000000000018
459.32,0.0020000000000000018
459.36,0.0040000000000000036
459.40000000000003,0.0040000000000000036
459.44,-0.0020000000000000018
459.48,-0.0020000000000000018
459.52,0.0
459.56,-0.0020000000000000018
459.6,-0.005999999999999998
459.64,-0.003999999999999997
459.68,0.0
459.72,0.0
459.76,0.0
459.8,-0.0020000000000000018
459.84000000000003,-0.0020000000000000018
459.88,-0.0020000000000000018
459.92,0.0020000000000000018
459.96000000000004,0.0
460.0,0.0
460.04,0.0020000000000000018
460.08,0.0040000000000000036
460.12,-0.0020000000000000018
460.16,-0.0020000000000000018
460.2,-0.0020000000000000018
460.24,0.0
460.28000000000003,-0.003999999999999997
460.32,-0.0020000000000000018
460.36,0.0020000000000000018
460.40000000000003,-0.0020000000000000018
460.44,-0.0020000000000000018
460.48,0.0020000000000000018
460.52,-0.0020000000000000018
460.56,0.0020000000000000018
460.6,0.0040000000000000036
460.64,0.0040000000000000036
460.68,-0.0020000000000000018
460.72,0.0020000000000000018
460.76,0.006000000000000005
460.8,-0.0020000000000000018
460.84000000000003,-0.005999999999999998
460.88,-0.003999999999999997
460.92,-0.003999999999999997
460.96000000000004,-0.003999999999999997
461.0,-0.0020000000000000018
461.04,-0.0020000000000000018
461.08,-0.003999999999999997
461.12,-0.0020000000000000018
461.16,0.0
461.2,-0.003999999999999997
461.24,-0.003999999999999997
461.28000000000003,0.0020000000000000018
461.32,0.0020000000000000018
461.36,-0.0020000000000000018
461.40000000000003,0.0
461.44,0.0040000000000000036
461.48,-0.0020000000000000018
461.52,-0.003999999999999997
461.56,0.0
461.6,-0.0020000000000000018
461.64,-0.003999999999999997
461.68,-0.0020000000000000018
461.72,0.0
461.76,-0.003999999999999997
461.8,0.0
461.84000000000003,0.0040000000000000036
461.88,-0.0020000000000000018
461.92,-0.0020000000000000018
461.96000000000004,0.006000000000000005
462.0,0.010000000000000002
462.04,0.0040000000000000036
462.08,0.0
462.12,0.0
462.16,-0.0020000000000000018
462.2,-0.0020000000000000018
462.24,0.0
462.28000000000003,-0.0020000000000000018
462.32,-0.0020000000000000018
462.36,0.0
462.40000000000003,0.0
462.44,-0.003999999999999997
462.48,-0.0020000000000000018
462.52,0.0
462.56,0.0
462.6,-0.0020000000000000018
462.64,0.0020000000000000018
462.68,0.0040000000000000036
462.72,0.0
462.76,-0.0020000000000000018
462.8,-0.0020000000000000018
462.84000000000003,-0.0020000000000000018
462.88,-0.003999999999999997
462.92,-0.0020000000000000018
462.96000000000004,-0.0020000000000000018
463.0,-0.003999999999999997
463.04,-0.0020000000000000018
463.08,-0.0020000000000000018
463.12,-0.005999999999999998
463.16,-0.003999999999999997
463.2,0.0020000000000000018
463.24,0.006000000000000005
463.28000000000003,0.0040000000000000036
463.32,0.0020000000000000018
463.36,0.0020000000000000018
463.40000000000003,0.0020000000000000018
463.44,0.0
463.48,-0.0020000000000000018
463.52,-0.0020000000000000018
463.56,-0.0020000000000000018
463.6,0.0
463.64,0.0020000000000000018
463.68,-0.003999999999999997
463.72,-0.0020000000000000018
463.76,0.0
463.8,-0.0020000000000000018
463.84000000000003,-0.0020000000000000018
463.88,0.0020000000000000018
463.92,0.0040000000000000036
463.96000000000004,0.0020000000000000018
464.0,-0.0020000000000000018
464.04,0.0020000000000000018
464.08,-0.0020000000000000018
464.12,-0.0020000000000000018
464.16,0.0
464.2,0.0020000000000000018
464.24,-0.0020000000000000018
464.28000000000003,-0.0020000000000000018
464.32,-0.0020000000000000018
464.36,-0.005999999999999998
464.40000000000003,-0.005999999999999998
464.44,0.0
464.48,0.0020000000000000018
464.52,0.0
464.56,0.0020000000000000018
464.6,0.0040000000000000036
464.64,0.0040000000000000036
464.68,0.0
464.72,0.0020000000000000018
464.76,-0.0020000000000000018
464.8,-0.0020000000000000018
464.84000000000003,0.0020000000000000018
464.88,0.0020000000000000018
464.92,-0.003999999999999997
464.96000000000004,-0.0020000000000000018
465.0,0.0
465.04,-0.003999999999999997
465.08,-0.003999999999999997
465.12,0.0020000000000000018
465.16,0.0020000000000000018
465.2,-0.0020000000000000018
465.24,0.0020000000000000018
465.28000000000003,0.0020000000000000018
465.32,0.0
465.36,-0.0020000000000000018
465.40000000000003,0.0020000000000000018
465.44,0.0020000000000000018
465.48,0.0
465.52,0.0020000000000000018
465.56,0.0
465.6,-0.005999999999999998
465.64,-0.003999999999999997
465.68,-0.0020000000000000018
465.72,-0.003999999999999997
465.76,-0.005999999999999998
465.8,-0.0020000000000000018
465.84000000000003,0.0020000000000000018
465.88,0.0020000000000000018
465.92,0.0040000000000000036
465.96000000000004,0.0040000000000000036
466.0,-0.0020000000000000018
466.04,0.0
466.08,0.0020000000000000018
466.12,0.0
466.16,-0.0020000000000000018
466.2,0.0020000000000000018
466.24,0.0020000000000000018
466.28000000000003,-0.003999999999999997
466.32,-0.0020000000000000018
466.36,-0.0020000000000000018
466.40000000000003,-0.0020000000000000018
466.44,-0.0020000000000000018
466.48,0.0020000000000000018
466.52,0.0020000000000000018
466.56,0.0
466.6,0.0020000000000000018
466.64,0.0020000000000000018
466.68,0.0
466.72,0.0020000000000000018
466.76,0.0020000000000000018
466.8,-0.0020000000000000018
466.84000000000003,-0.0020000000000000018
466.88,0.0
466.92,0.0
466.96000000000004,-0.005999999999999998
467.0,-0.009999999999999995
467.04,-0.005999999999999998
467.08,-0.003999999999999997
467.12,-0.0020000000000000018
467.16,0.0
467.2,-0.0020000000000000018
467.24,-0.0020000000000000018
467.28000000000003,0.0020000000000000018
467.32,0.0020000000000000018
467.36,-0.0020000000000000018
467.40000000000003,-0.0020000000000000018
467.44,0.0020000000000000018
467.48,0.0020000000000000018
467.52,-0.0020000000000000018
467.56,-0.0020000000000000018
467.6,0.0
467.64,-0.0020000000000000018
467.68,-0.0020000000000000018
467.72,-0.0020000000000000018
467.76,0.0020000000000000018
467.8,0.0020000000000000018
467.84000000000003,0.0020000000000000018
467.88,0.0020000000000000018
467.92,0.0020000000000000018
467.96000000000004,0.0020000000000000018
468.0,0.0040000000000000036
468.04,0.0020000000000000018
468.08,0.0020000000000000018
468.12,0.006000000000000005
468.16,0.006000000000000005
468.2,-0.0020000000000000018
468.24,-0.005999999999999998
468.28000000000003,-0.003999999999999997
468.32,-0.0020000000000000018
468.36,-0.003999999999999997
468.40000000000003,-0.0020000000000000018
468.44,-0.0020000000000000018
468.48,-0.0020000000000000018
468.52,0.0
468.56,0.0020000000000000018
468.6,-0.003999999999999997
468.64,-0.003999999999999997
468.68,0.0020000000000000018
468.72,0.0020000000000000018
468.76,-0.003999999999999997
468.8,-0.0020000000000000018
468.84000000000003,0.0
468.88,-0.003999999999999997
468.92,-0.005999999999999998
468.96000000000004,-0.0020000000000000018
469.0,-0.0020000000000000018
469.04,-0.003999999999999997
469.08,-0.0020000000000000018
469.12,0.0020000000000000018
469.16,-0.003999999999999997
469.2,-0.0020000000000000018
469.24,0.0020000000000000018
469.28000000000003,-0.0020000000000000018
469.32,-0.0020000000000000018
469.36,0.006000000000000005
469.40000000000003,0.008
469.44,0.0
469.48,-0.0020000000000000018
469.52,0.0020000000000000018
469.56,-0.0020000000000000018
469.6,-0.003999999999999997
469.64,-0.0020000000000000018
469.68,-0.003999999999999997
469.72,-0.003999999999999997
469.76,0.0020000000000000018
469.8,0.0020000000000000018
469.84000000000003,-0.003999999999999997
469.88,-0.0020000000000000018
469.92,0.0040000000000000036
469.96000000000004,0.0
470.0,-0.0020000000000000018
470.04,0.0020000000000000018
470.08,0.0020000000000000018
470.12,-0.0020000000000000018
470.16,-0.0020000000000000018
470.2,-0.0020000000000000018
470.24,-0.003999999999999997
470.28000000000003,-0.003999999999999997
470.32,0.0
470.36,-0.0020000000000000018
470.40000000000003,-0.0020000000000000018
470.44,-0.0020000000000000018
470.48,-0.0020000000000000018
470.52,-0.003999999999999997
470.56,-0.0020000000000000018
470.6,0.006000000000000005
470.64,0.006000000000000005
470.68,0.0
470.72,0.0020000000000000018
470.76,0.0040000000000000036
470.8,0.0
470.84000000000003,0.0
470.88,-0.0020000000000000018
470.92,-0.003999999999999997
470.96000000000004,-0.0020000000000000018
471.0,0.0020000000000000018
471.04,-0.0020000000000000018
471.08,-0.003999999999999997
471.12,0.0
471.16,0.0020000000000000018
471.2,-0.0020000000000000018
471.24,-0.0020000000000000018
471.28000000000003,0.0020000000000000018
471.32,0.0020000000000000018
471.36,0.0020000000000000018
471.40000000000003,0.0020000000000000018
471.44,-0.0020000000000000018
471.48,-0.003999999999999997
471.52,-0.003999999999999997
471.56,-0.0020000000000000018
471.6,-0.003999999999999997
471.64,-0.0020000000000000018
471.68,-0.0020000000000000018
471.72,-0.003999999999999997
471.76,-0.003999999999999997
471.8,-0.003999999999999997
471.84000000000003,0.0020000000000000018
471.88,0.0
471.92,-0.0020000000000000018
471.96000000000004,0.0020000000000000018
472.0,0.006000000000000005
472.04,0.006000000000000005
472.08,0.0020000000000000018
472.12,0.0
472.16,-0.0020000000000000018
472.2,0.0
472.24,0.0020000000000000018
472.28000000000003,-0.0020000000000000018
472.32,-0.003999999999999997
472.36,0.0020000000000000018
472.40000000000003,0.0020000000000000018
472.44,-0.003999999999999997
472.48,-0.003999999999999997
472.52,0.0020000000000000018
472.56,0.0020000000000000018
472.6,0.0
472.64,0.0020000000000000018
472.68,0.0020000000000000018
472.72,-0.0020000000000000018
472.76,-0.0020000000000000018
472.8,-0.0020000000000000018
472.84000000000003,-0.0020000000000000018
472.88,-0.003999999999999997
472.92,-0.0020000000000000018
472.96000000000004,-0.0020000000000000018
473.0,-0.005999999999999998
473.04,-0.003999999999999997
473.08,-0.0020000000000000018
473.12,-0.005999999999999998
473.16,-0.005999999999999998
473.2,-0.0020000000000000018
473.24,0.0040000000000000036
473.28000000000003,0.0020000000000000018
473.32,0.0020000000000000018
473.36,0.0020000000000000018
473.40000000000003,0.0020000000000000018
473.44,0.0020000000000000018
473.48,0.0020000000000000018
473.52,-0.0020000000000000018
473.56,-0.0020000000000000018
473.6,0.0020000000000000018
473.64,0.0020000000000000018
473.68,-0.003999999999999997
473.72,-0.003999999999999997
473.76,0.0020000000000000018
473.8,0.0
473.84000000000003,-0.0020000000000000018
473.88,0.0040000000000000036
473.92,0.006000000000000005
473.96000000000004,0.0020000000000000018
474.0,0.0040000000000000036
474.04,0.0040000000000000036
474.08,-0.0020000000000000018
474.12,-0.0020000000000000018
474.16,0.0020000000000000018
474.2,0.0
474.24,-0.003999999999999997
474.28000000000003,0.0020000000000000018
474.32,0.0
474.36,-0.008
474.40000000000003,-0.008
474.44,-0.0020000000000000018
474.48,-0.0020000000000000018
474.52,-0.0020000000000000018
474.56,0.0020000000000000018
474.6,0.0020000000000000018
474.64,-0.0020000000000000018
474.68,0.0020000000000000018
474.72,0.0
474.76,-0.003999999999999997
474.8,-0.0020000000000000018
474.84000000000003,0.0040000000000000036
474.88,0.0
474.92,-0.003999999999999997
474.96000000000004,-0.0020000000000000018
475.0,0.0
475.04,-0.003999999999999997
475.08,-0.0020000000000000018
475.12,0.0
475.16,0.0
475.2,0.0020000000000000018
475.24,0.0040000000000000036
475.28000000000003,0.0020000000000000018
475.32,-0.003999999999999997
475.36,0.0
475.40000000000003,0.0020000000000000018
475.44,0.0020000000000000018
475.48,0.0020000000000000018
475.52,0.0040000000000000036
475.56,0.0020000000000000018
475.6,-0.003999999999999997
475.64,-0.003999999999999997
475.68,-0.003999999999999997
475.72,-0.003999999999999997
475.76,-0.003999999999999997
475.8,-0.0020000000000000018
475.84000000000003,-0.0020000000000000018
475.88,0.0020000000000000018
475.92,0.0020000000000000018
475.96000000000004,0.0
476.0,-0.0020000000000000018
476.04,0.0
476.08,0.006000000000000005
476.12,0.0020000000000000018
476.16,-0.003999999999999997
476.2,-0.0020000000000000018
476.24,0.0
476.28000000000003,-0.0020000000000000018
476.32,-0.003999999999999997
476.36,-0.0020000000000000018
476.40000000000003,-0.0020000000000000018
476.44,0.0
476.48,0.0020000000000000018
476.52,0.0020000000000000018
476.56,-0.0020000000000000018
476.6,0.0020000000000000018
476.64,0.0
476.68,0.0020000000000000018
476.72,0.0
476.76,0.006000000000000005
476.8,0.0040000000000000036
476.84000000000003,-0.0020000000000000018
476.88,-0.0020000000000000018
476.92,0.0020000000000000018
476.96000000000004,-0.0020000000000000018
477.0,-0.005999999999999998
477.04,-0.005999999999999998
477.08,-0.003999999999999997
477.12,-0.003999999999999997
477.16,-0.0020000000000000018
477.2,-0.0020000000000000018
477.24,-0.003999999999999997
477.28000000000003,0.0
477.32,0.0040000000000000036
477.36,0.0040000000000000036
477.40000000000003,-0.003999999999999997
477.44,0.0040000000000000036
477.48,0.0040000000000000036
477.52,-0.0020000000000000018
477.56,-0.003999999999999997
477.6,-0.0020000000000000018
477.64,-0.0020000000000000018
477.68,-0.0020000000000000018
477.72,0.0020000000000000018
477.76,-0.0020000000000000018
477.8,-0.0020000000000000018
477.84000000000003,0.0020000000000000018
477.88,0.0020000000000000018
477.92,-0.0020000000000000018
477.96000000000004,0.0
478.0,0.006000000000000005
478.04,0.0040000000000000036
478.08,0.0
478.12,0.006000000000000005
478.16,0.006000000000000005
478.2,0.0020000000000000018
478.24,-0.0020000000000000018
478.28000000000003,-0.0020000000000000018
478.32,-0.003999999999999997
478.36,-0.0020000000000000018
478.40000000000003,-0.0020000000000000018
478.44,-0.003999999999999997
478.48,-0.003999999999999997
478.52,-0.0020000000000000018
478.56,0.0020000000000000018
478.6,-0.003999999999999997
478.64,-0.003999999999999997
478.68,0.0040000000000000036
478.72,0.0020000000000000018
478.76,-0.0020000000000000018
478.8,0.0020000000000000018
478.84000000000003,-0.0020000000000000018
478.88,-0.003999999999999997
478.92,-0.0020000000000000018
478.96000000000004,-0.0020000000000000018
479.0,-0.003999999999999997
479.04,-0.003999999999999997
479.08,0.0020000000000000018
479.12,-0.0020000000000000018
479.16,-0.003999999999999997
479.2,-0.003999999999999997
479.24,0.0
479.28000000000003,-0.003999999999999997
479.32,-0.0020000000000000018
479.36,0.006000000000000005
479.40000000000003,0.008
479.44,0.0020000000000000018
479.48,0.0020000000000000018
479.52,0.0020000000000000018
479.56,-0.0020000000000000018
479.6,0.0
479.64,-0.0020000000000000018
479.68,-0.003999999999999997
479.72,-0.0020000000000000018
479.76,0.0020000000000000018
479.8,-0.003999999999999997
479.84000000000003,-0.005999999999999998
479.88,-0.003999999999999997
479.92,0.0020000000000000018
479.96000000000004,0.0020000000000000018
480.0,-0.0020000000000000018
480.04,0.0040000000000000036
480.08,0.0020000000000000018
480.12,0.0
480.16,0.0
480.2,-0.0020000000000000018
480.24,-0.003999999999999997
480.28000000000003,-0.0020000000000000018
480.32,0.0020000000000000018
480.36,-0.0020000000000000018
480.40000000000003,-0.003999999999999997
480.44,-0.0020000000000000018
480.48,-0.003999999999999997
480.52,-0.005999999999999998
480.56,-0.003999999999999997
480.6,0.0020000000000000018
480.64,0.0020000000000000018
480.68,0.0020000000000000018
480.72,0.0020000000000000018
480.76,0.0020000000000000018
480.8,0.0020000000000000018
480.84000000000003,0.0020000000000000018
480.88,0.0020000000000000018
480.92,-0.003999999999999997
480.96000000000004,0.0020000000000000018
481.0,0.0040000000000000036
481.04,-0.003999999999999997
481.08,-0.005999999999999998
481.12,-0.003999999999999997
481.16,-0.0020000000000000018
481.2,-0.0020000000000000018
481.24,-0.003999999999999997
481.28000000000003,-0.0020000000000000018
481.32,0.006000000000000005
481.36,-0.0020000000000000018
481.40000000000003,0.0
481.44,-0.0020000000000000018
481.48,-0.0020000000000000018
481.52,0.0
481.56,0.0020000000000000018
481.6,0.0020000000000000018
481.64,0.0
481.68,0.0020000000000000018
481.72,-0.0020000000000000018
481.76,-0.005999999999999998
481.8,-0.0020000000000000018
481.84000000000003,0.0020000000000000018
481.88,-0.0020000000000000018
481.92,-0.003999999999999997
481.96000000000004,-0.0020000000000000018
482.0,0.0020000000000000018
482.04,0.0
482.08,0.0020000000000000018
482.12,0.0020000000000000018
482.16,0.0020000000000000018
482.2,0.006000000000000005
482.24,0.006000000000000005
482.28000000000003,0.0020000000000000018
482.32,-0.003999999999999997
482.36,0.0020000000000000018
482.40000000000003,0.0020000000000000018
482.44,-0.003999999999999997
482.48,-0.005999999999999998
482.52,-0.0020000000000000018
482.56,0.0
482.6,-0.0020000000000000018
482.64,0.0020000000000000018
482.68,-0.003999999999999997
482.72,-0.003999999999999997
482.76,-0.0020000000000000018
482.8,0.0020000000000000018
482.84000000000003,-0.0020000000000000018
482.88,0.0020000000000000018
482.92,0.0020000000000000018
482.96000000000004,0.0020000000000000018
483.0,-0.003999999999999997
483.04,-0.0020000000000000018
483.08,0.0
483.12,-0.005999999999999998
483.16,-0.005999999999999998
483.2,-0.003999999999999997
483.24,-0.0020000000000000018
483.28000000000003,-0.0020000000000000018
483.32,0.0
483.36,-0.0020000000000000018
483.40000000000003,-0.0020000000000000018
483.44,0.0020000000000000018
483.48,0.006000000000000005
483.52,0.0
483.56,0.0
483.6,0.006000000000000005
483.64,0.006000000000000005
483.68,-0.003999999999999997
483.72,-0.0020000000000000018
483.76,0.0020000000000000018
483.8,-0.0020000000000000018
483.84000000000003,-0.0020000000000000018
483.88,0.0
483.92,-0.0020000000000000018
483.96000000000004,-0.003999999999999997
484.0,0.0020000000000000018
484.04,0.0
484.08,-0.003999999999999997
484.12,0.0
484.16,0.0040000000000000036
484.2,0.0
484.24,0.0020000000000000018
484.28000000000003,0.0040000000000000036
484.32,0.0020000000000000018
484.36,-0.003999999999999997
484.40000000000003,-0.003999999999999997
484.44,-0.0020000000000000018
484.48,-0.003999999999999997
484.52,-0.003999999999999997
484.56,-0.0020000000000000018
484.6,-0.005999999999999998
484.64,-0.003999999999999997
484.68,0.0020000000000000018
484.72,-0.0020000000000000018
484.76,-0.003999999999999997
484.8,0.0020000000000000018
484.84000000000003,0.006000000000000005
484.88,0.0040000000000000036
484.92,-0.0020000000000000018
484.96000000000004,0.0
485.0,0.0
485.04,0.0
485.08,0.0
485.12,-0.0020000000000000018
485.16,0.0
485.2,0.0020000000000000018
485.24,0.0020000000000000018
485.28000000000003,-0.003999999999999997
485.32,-0.003999999999999997
485.36,-0.0020000000000000018
485.40000000000003,0.0020000000000000018
485.44,-0.0020000000000000018
485.48,0.0020000000000000018
485.52,0.006000000000000005
485.56,0.0040000000000000036
485.6,-0.0020000000000000018
485.64,-0.0020000000000000018
485.68,0.0020000000000000018
485.72,0.0020000000000000018
485.76,0.0
485.8,-0.0020000000000000018
485.84000000000003,-0.003999999999999997
485.88,-0.0020000000000000018
485.92,-0.0020000000000000018
485.96000000000004,-0.005999999999999998
486.0,-0.008
486.04,-0.0020000000000000018
486.08,0.0040000000000000036
486.12,0.0020000000000000018
486.16,0.0
486.2,0.0020000000000000018
486.24,0.006000000000000005
486.28000000000003,0.0020000000000000018
486.32,-0.0020000000000000018
486.36,-0.0020000000000000018
486.40000000000003,0.0020000000000000018
486.44,0.0020000000000000018
486.48,0.0
486.52,0.0
486.56,-0.003999999999999997
486.6,-0.003999999999999997
486.64,-0.0020000000000000018
486.68,-0.005999999999999998
486.72,-0.0020000000000000018
486.76,0.0040000000000000036
486.8,0.0020000000000000018
486.84000000000003,0.0
486.88,-0.0020000000000000018
486.92,0.0020000000000000018
486.96000000000004,0.0
487.0,0.0
487.04,-0.0020000000000000018
487.08,0.0020000000000000018
487.12,0.0020000000000000018
487.16,-0.0020000000000000018
487.2,-0.003999999999999997
487.24,-0.009999999999999995
487.28000000000003,-0.003999999999999997
487.32,0.0020000000000000018
487.36,-0.003999999999999997
487.40000000000003,-0.003999999999999997
487.44,0.0020000000000000018
487.48,0.0020000000000000018
487.52,-0.0020000000000000018
487.56,0.0020000000000000018
487.6,0.0020000000000000018
487.64,-0.0020000000000000018
487.68,0.0040000000000000036
487.72,0.006000000000000005
487.76,0.0020000000000000018
487.8,0.0
487.84000000000003,0.0040000000000000036
487.88,-0.0020000000000000018
487.92,-0.003999999999999997
487.96000000000004,-0.0020000000000000018
488.0,0.0020000000000000018
488.04,-0.003999999999999997
488.08,-0.003999999999999997
488.12,0.0
488.16,0.0020000000000000018
488.2,0.0
488.24,0.0020000000000000018
488.28000000000003,0.0020000000000000018
488.32,0.0020000000000000018
488.36,0.0040000000000000036
488.40000000000003,0.0020000000000000018
488.44,-0.0020000000000000018
488.48,-0.003999999999999997
488.52,0.0
488.56,-0.0020000000000000018
488.6,-0.005999999999999998
488.64,-0.005999999999999998
488.68,-0.0020000000000000018
488.72,-0.0020000000000000018
488.76,-0.003999999999999997
488.8,-0.0020000000000000018
488.84000000000003,-0.0020000000000000018
488.88,-0.003999999999999997
488.92,0.0020000000000000018
488.96000000000004,0.0020000000000000018
489.0,-0.0020000000000000018
489.04,0.0020000000000000018
489.08,0.006000000000000005
489.12,0.0020000000000000018
489.16,-0.0020000000000000018
489.2,0.0020000000000000018
489.24,-0.0020000000000000018
489.28000000000003,-0.005999999999999998
489.32,-0.003999999999999997
489.36,0.0
489.40000000000003,-0.0020000000000000018
489.44,-0.0020000000000000018
489.48,0.0
489.52,0.0
489.56,-0.0020000000000000018
489.6,0.006000000000000005
489.64,0.0020000000000000018
489.68,-0.0020000000000000018
489.72,0.0020000000000000018
489.76,0.008
489.8,0.0
489.84000000000003,-0.005999999999999998
489.88,-0.003999999999999997
489.92,-0.0020000000000000018
489.96000000000004,-0.0020000000000000018
490.0,-0.0020000000000000018
490.04,-0.003999999999999997
490.08,-0.0020000000000000018
490.12,-0.003999999999999997
490.16,-0.0020000000000000018
490.2,-0.0020000000000000018
490.24,-0.003999999999999997
490.28000000000003,0.0
490.32,0.0020000000000000018
490.36,0.0
490.40000000000003,0.0
490.44,0.0020000000000000018
490.48,0.0020000000000000018
490.52,-0.003999999999999997
490.56,-0.0020000000000000018
490.6,-0.0020000000000000018
490.64,0.0
490.68,-0.003999999999999997
490.72,-0.0020000000000000018
490.76,-0.0020000000000000018
490.8,-0.0020000000000000018
490.84000000000003,-0.003999999999999997
490.88,-0.0020000000000000018
490.92,-0.0020000000000000018
490.96000000000004,0.006000000000000005
491.0,0.008
491.04,0.0040000000000000036
491.08,-0.003999999999999997
491.12,0.0020000000000000018
491.16,0.0040000000000000036
491.2,-0.0020000000000000018
491.24,-0.0020000000000000018
491.28000000000003,0.0
491.32,0.0
491.36,-0.0020000000000000018
491.40000000000003,-0.0020000000000000018
491.44,-0.003999999999999997
491.48,-0.005999999999999998
491.52,-0.0020000000000000018
491.56,0.0
491.6,-0.0020000000000000018
491.64,0.0
491.68,0.006000000000000005
491.72,0.0040000000000000036
491.76,-0.003999999999999997
491.8,0.0
491.84000000000003,0.0040000000000000036
491.88,0.0020000000000000018
491.92,0.0
491.96000000000004,0.0
492.0,-0.0020000000000000018
492.04,-0.0020000000000000018
492.08,-0.003999999999999997
492.12,-0.005999999999999998
492.16,-0.005999999999999998
492.2,0.0
492.24,0.006000000000000005
492.28000000000003,-0.0020000000000000018
492.32,-0.0020000000000000018
492.36,0.0020000000000000018
492.40000000000003,0.0040000000000000036
492.44,-0.0020000000000000018
492.48,-0.0020000000000000018
492.52000000000004,0.0
492.56,0.0020000000000000018
492.6,-0.0020000000000000018
492.64,0.0020000000000000018
492.68,-0.003999999999999997
492.72,-0.005999999999999998
492.76,-0.003999999999999997
492.8,-0.003999999999999997
492.84000000000003,-0.008
492.88,-0.0020000000000000018
492.92,0.0020000000000000018
492.96000000000004,-0.0020000000000000018
493.0,-0.003999999999999997
493.04,0.0020000000000000018
493.08,0.0040000000000000036
493.12,0.0
493.16,0.0020000000000000018
493.2,0.006000000000000005
493.24,0.0020000000000000018
493.28000000000003,0.0020000000000000018
493.32,0.0
493.36,-0.003999999999999997
493.40000000000003,-0.003999999999999997
493.44,0.0020000000000000018
493.48,-0.0020000000000000018
493.52000000000004,-0.005999999999999998
493.56,-0.0020000000000000018
493.6,0.0040000000000000036
493.64,0.0020000000000000018
493.68,-0.0020000000000000018
493.72,0.0
493.76,0.0020000000000000018
493.8,0.0020000000000000018
493.84000000000003,0.0040000000000000036
493.88,0.0020000000000000018
493.92,0.0020000000000000018
493.96000000000004,0.0
494.0,0.0020000000000000018
494.04,-0.0020000000000000018
494.08,-0.005999999999999998
494.12,-0.003999999999999997
494.16,0.0
494.2,-0.005999999999999998
494.24,-0.003999999999999997
494.28000000000003,-0.0020000000000000018
494.32,0.0
494.36,-0.003999999999999997
494.40000000000003,-0.0020000000000000018
494.44,0.0020000000000000018
494.48,0.0020000000000000018
494.52000000000004,0.0020000000000000018
494.56,0.0020000000000000018
494.6,-0.0020000000000000018
494.64,-0.0020000000000000018
494.68,0.0020000000000000018
494.72,-0.0020000000000000018
494.76,-0.005999999999999998
494.8,-0.003999999999999997
494.84000000000003,0.0020000000000000018
494.88,-0.0020000000000000018
494.92,-0.0020000000000000018
494.96000000000004,-0.0020000000000000018
495.0,-0.0020000000000000018
495.04,0.0
495.08,-0.0020000000000000018
495.12,0.0020000000000000018
495.16,0.0020000000000000018
495.2,0.0020000000000000018
495.24,0.0040000000000000036
495.28000000000003,0.0020000000000000018
495.32,-0.0020000000000000018
495.36,0.0
495.40000000000003,0.0
495.44,-0.003999999999999997
495.48,-0.003999999999999997
495.52000000000004,-0.0020000000000000018
495.56,-0.0020000000000000018
495.6,-0.003999999999999997
495.64,-0.003999999999999997
495.68,-0.0020000000000000018
495.72,0.0
495.76,0.0
495.8,0.0
495.84000000000003,0.0020000000000000018
495.88,0.0040000000000000036
495.92,0.006000000000000005
495.96000000000004,-0.0020000000000000018
496.0,-0.005999999999999998
496.04,-0.003999999999999997
496.08,0.0020000000000000018
496.12,0.0
496.16,-0.003999999999999997
496.2,0.0
496.24,0.0
496.28000000000003,-0.003999999999999997
496.32,-0.003999999999999997
496.36,-0.0020000000000000018
496.40000000000003,-0.0020000000000000018
496.44,-0.0020000000000000018
496.48,0.0040000000000000036
496.52000000000004,0.0020000000000000018
496.56,0.0020000000000000018
496.6,0.0040000000000000036
496.64,0.0020000000000000018
496.68,-0.003999999999999997
496.72,-0.003999999999999997
496.76,0.0020000000000000018
496.8,0.0
496.84000000000003,-0.005999999999999998
496.88,-0.003999999999999997
496.92,-0.003999999999999997
496.96000000000004,-0.005999999999999998
497.0,-0.003999999999999997
497.04,-0.0020000000000000018
497.08,-0.0020000000000000018
497.12,0.0040000000000000036
497.16,0.006000000000000005
497.2,0.0020000000000000018
497.24,-0.003999999999999997
497.28000000000003,0.0020000000000000018
497.32,0.0040000000000000036
497.36,0.0
497.40000000000003,-0.0020000000000000018
497.44,0.0040000000000000036
497.48,0.0040000000000000036
497.52000000000004,-0.0020000000000000018
497.56,-0.0020000000000000018
497.6,-0.0020000000000000018
497.64,-0.003999999999999997
497.68,-0.0020000000000000018
497.72,0.0020000000000000018
497.76,-0.0020000000000000018
497.8,0.0
497.84000000000003,0.006000000000000005
497.88,0.0020000000000000018
497.92,-0.003999999999999997
497.96000000000004,0.0020000000000000018
498.0,0.0020000000000000018
498.04,-0.0020000000000000018
498.08,-0.0020000000000000018
498.12,0.0
498.16,0.0
498.2,-0.005999999999999998
498.24,-0.008
498.28000000000003,-0.005999999999999998
498.32,-0.005999999999999998
498.36,0.0
498.40000000000003,0.0020000000000000018
498.44,-0.003999999999999997
498.48,-0.003999999999999997
498.52000000000004,0.0040000000000000036
498.56,0.0020000000000000018
498.6,-0.003999999999999997
498.64,-0.0020000000000000018
498.68,0.0020000000000000018
498.72,0.0020000000000000018
498.76,0.0020000000000000018
498.8,0.0020000000000000018
498.84000000000003,-0.0020000000000000018
498.88,-0.003999999999999997
498.92,-0.0020000000000000018
498.96000000000004,-0.003999999999999997
499.0,-0.003999999999999997
499.04,-0.0020000000000000018
499.08,0.0020000000000000018
499.12,-0.0020000000000000018
499.16,-0.0020000000000000018
499.2,0.0020000000000000018
499.24,0.0040000000000000036
499.28000000000003,0.0
499.32,0.0020000000000000018
499.36,0.0040000000000000036
499.40000000000003,0.0020000000000000018
499.44,0.0
499.48,-0.0020000000000000018
499.52000000000004,-0.003999999999999997
499.56,-0.0020000000000000018
499.6,-0.0020000000000000018
499.64,-0.003999999999999997
499.68,-0.005999999999999998
499.72,-0.003999999999999997
499.76,0.0020000000000000018
499.8,0.0
499.84000000000003,-0.005999999999999998
499.88,-0.003999999999999997
499.92,0.0
499.96000000000004,-0.0020000000000000018
500.0,0.0
500.04,0.0020000000000000018
500.08,0.0040000000000000036
500.12,0.0020000000000000018
500.16,-0.0020000000000000018
500.2,-0.0020000000000000018
500.24,-0.003999999999999997
500.28000000000003,-0.003999999999999997
500.32,-0.0020000000000000018
500.36,-0.0020000000000000018
500.40000000000003,-0.003999999999999997
500.44,0.0
500.48,0.0
500.52000000000004,-0.003999999999999997
500.56,-0.0020000000000000018
500.6,0.0040000000000000036
500.64,0.0040000000000000036
500.68,0.0020000000000000018
500.72,0.0020000000000000018
500.76,0.0020000000000000018
500.8,0.0020000000000000018
500.84000000000003,0.0
500.88,-0.0020000000000000018
500.92,-0.005999999999999998
500.96000000000004,-0.0020000000000000018
501.0,0.0020000000000000018
501.04,0.0
501.08,-0.003999999999999997
501.12,-0.003999999999999997
501.16,0.0
501.2,-0.003999999999999997
501.24,-0.003999999999999997
501.28000000000003,0.0020000000000000018
501.32,0.0020000000000000018
501.36,0.0020000000000000018
501.40000000000003,0.0040000000000000036
501.44,0.0020000000000000018
501.48,-0.0020000000000000018
501.52000000000004,-0.0020000000000000018
501.56,0.0
501.6,-0.003999999999999997
501.64,-0.003999999999999997
501.68,0.0
501.72,0.0
501.76,-0.005999999999999998
501.8,-0.003999999999999997
501.84000000000003,0.0020000000000000018
501.88,-0.0020000000000000018
501.92,-0.003999999999999997
501.96000000000004,0.0020000000000000018
502.0,0.0040000000000000036
502.04,0.0040000000000000036
502.08,0.0040000000000000036
502.12,0.0
502.16,-0.003999999999999997
502.2,-0.0020000000000000018
502.24,0.0020000000000000018
502.28000000000003,-0.0020000000000000018
502.32,-0.003999999999999997
502.36,0.0020000000000000018
502.40000000000003,0.0
502.44,-0.005999999999999998
502.48,-0.005999999999999998
502.52000000000004,-0.003999999999999997
502.56,-0.003999999999999997
502.6,-0.0020000000000000018
502.64,0.0020000000000000018
502.68,0.0020000000000000018
502.72,-0.0020000000000000018
502.76,0.0020000000000000018
502.8,0.0020000000000000018
502.84000000000003,-0.0020000000000000018
502.88,-0.0020000000000000018
502.92,0.0040000000000000036
502.96000000000004,0.0
503.0,-0.003999999999999997
503.04,-0.0020000000000000018
503.08,0.0
503.12,-0.003999999999999997
503.16,-0.003999999999999997
503.2,0.0
503.24,0.0020000000000000018
503.28000000000003,0.0040000000000000036
503.32,0.0040000000000000036
503.36,0.0020000000000000018
503.40000000000003,-0.0020000000000000018
503.44,0.0020000000000000018
503.48,0.006000000000000005
503.52000000000004,-0.0020000000000000018
503.56,-0.0020000000000000018
503.6,0.006000000000000005
503.64,0.0020000000000000018
503.68,-0.003999999999999997
503.72,-0.003999999999999997
503.76,-0.003999999999999997
503.8,-0.005999999999999998
503.84000000000003,-0.003999999999999997
503.88,-0.003999999999999997
503.92,-0.003999999999999997
503.96000000000004,-0.0020000000000000018
504.0,0.0020000000000000018
504.04,-0.0020000000000000018
504.08,-0.0020000000000000018
504.12,-0.0020000000000000018
504.16,0.0020000000000000018
504.2,0.0
504.24,-0.0020000000000000018
504.28000000000003,0.0020000000000000018
504.32,0.0020000000000000018
504.36,-0.003999999999999997
504.40000000000003,-0.003999999999999997
504.44,-0.003999999999999997
504.48,-0.0020000000000000018
504.52000000000004,0.0
504.56,-0.0020000000000000018
504.6,-0.0020000000000000018
504.64,-0.0020000000000000018
504.68,0.0020000000000000018
504.72,0.0020000000000000018
504.76,-0.0020000000000000018
504.8,0.0020000000000000018
504.84000000000003,0.006000000000000005
504.88,0.0040000000000000036
504.92,0.0020000000000000018
504.96000000000004,0.0020000000000000018
505.0,0.0020000000000000018
505.04,-0.0020000000000000018
505.08,-0.0020000000000000018
505.12,-0.003999999999999997
505.16,-0.003999999999999997
505.2,-0.003999999999999997
505.24,-0.0020000000000000018
505.28000000000003,-0.0020000000000000018
505.32,-0.003999999999999997
505.36,-0.0020000000000000018
505.40000000000003,0.0
505.44,-0.0020000000000000018
505.48,0.0
505.52000000000004,0.0040000000000000036
505.56,0.0020000000000000018
505.6,-0.0020000000000000018
505.64,-0.0020000000000000018
505.68,0.0
505.72,-0.0020000000000000018
505.76,-0.003999999999999997
505.8,-0.003999999999999997
505.84000000000003,-0.003999999999999997
505.88,-0.0020000000000000018
505.92,0.0
505.96000000000004,-0.0020000000000000018
506.0,-0.005999999999999998
506.04,-0.003999999999999997
506.08,0.0020000000000000018
506.12,0.0
506.16,-0.0020000000000000018
506.2,0.0020000000000000018
506.24,0.006000000000000005
506.28000000000003,0.0040000000000000036
506.32,0.0
506.36,0.0
506.40000000000003,-0.0020000000000000018
506.44,-0.003999999999999997
506.48,-0.0020000000000000018
506.52000000000004,-0.0020000000000000018
506.56,-0.003999999999999997
506.6,-0.0020000000000000018
506.64,-0.0020000000000000018
506.68,-0.003999999999999997
506.72,-0.0020000000000000018
506.76,0.0020000000000000018
506.8,0.0020000000000000018
506.84000000000003,-0.0020000000000000018
506.88,0.0
506.92,0.0040000000000000036
506.96000000000004,0.0020000000000000018
507.0,-0.0020000000000000018
507.04,-0.0020000000000000018
507.08,-0.0020000000000000018
507.12,-0.0020000000000000018
507.16,0.0020000000000000018
507.2,0.0
507.24,-0.005999999999999998
507.28000000000003,-0.0020000000000000018
507.32,0.0020000000000000018
507.36,-0.005999999999999998
507.40000000000003,-0.005999999999999998
507.44,0.0020000000000000018
507.48,0.006000000000000005
507.52000000000004,0.0020000000000000018
507.56,0.0020000000000000018
507.6,0.0040000000000000036
507.64,-0.0020000000000000018
507.68,-0.0020000000000000018
507.72,0.0040000000000000036
507.76,0.0020000000000000018
507.8,-0.003999999999999997
507.84000000000003,0.0
507.88,-0.0020000000000000018
507.92,-0.005999999999999998
507.96000000000004,-0.003999999999999997
508.0,0.0
508.04,-0.003999999999999997
508.08,-0.003999999999999997
508.12,0.0020000000000000018
508.16,0.0020000000000000018
508.2,-0.0020000000000000018
508.24,-0.003999999999999997
508.28000000000003,-0.0020000000000000018
508.32,-0.003999999999999997
508.36,0.0
508.40000000000003,0.0040000000000000036
508.44,0.0020000000000000018
508.48,-0.0020000000000000018
508.52000000000004,0.0
508.56,0.0
508.6,-0.008
508.64,-0.005999999999999998
508.68,-0.0020000000000000018
508.72,-0.0020000000000000018
508.76,-0.0020000000000000018
508.8,0.0020000000000000018
508.84000000000003,0.0020000000000000018
508.88,0.0
508.92,0.0020000000000000018
508.96000000000004,0.0040000000000000036
509.0,0.0020000000000000018
509.04,0.0020000000000000018
509.08,0.006000000000000005
509.12,0.0040000000000000036
509.16,-0.0020000000000000018
509.2,0.0020000000000000018
509.24,-0.0020000000000000018
509.28000000000003,-0.003999999999999997
509.32,-0.003999999999999997
509.36,0.0
509.40000000000003,-0.0020000000000000018
509.44,0.0
509.48,-0.0020000000000000018
509.52000000000004,-0.0020000000000000018
509.56,-0.003999999999999997
509.6,-0.0020000000000000018
509.64,0.0020000000000000018
509.68,-0.0020000000000000018
509.72,0.0
509.76,0.0020000000000000018
509.8,0.0020000000000000018
509.84000000000003,-0.003999999999999997
509.88,-0.003999999999999997
509.92,-0.0020000000000000018
509.96000000000004,-0.0020000000000000018
510.0,-0.003999999999999997
510.04,-0.0020000000000000018
510.08,-0.003999999999999997
510.12,-0.003999999999999997
510.16,-0.0020000000000000018
510.2,-0.0020000000000000018
510.24,-0.0020000000000000018
510.28000000000003,0.0
510.32,0.006000000000000005
510.36,0.0020000000000000018
510.40000000000003,0.0020000000000000018
510.44,0.0020000000000000018
510.48,0.0040000000000000036
510.52000000000004,0.0
510.56,-0.0020000000000000018
510.6,0.0
510.64,0.0020000000000000018
510.68,-0.0020000000000000018
510.72,-0.0020000000000000018
510.76,-0.003999999999999997
510.8,-0.0020000000000000018
510.84000000000003,-0.003999999999999997
510.88,-0.0020000000000000018
510.92,-0.003999999999999997
510.96000000000004,0.0
511.0,0.0040000000000000036
511.04,0.006000000000000005
511.08,-0.003999999999999997
511.12,0.0020000000000000018
511.16,0.006000000000000005
511.2,0.0020000000000000018
511.24,-0.0020000000000000018
511.28000000000003,-0.003999999999999997
511.32,-0.0020000000000000018
511.36,-0.003999999999999997
511.40000000000003,-0.0020000000000000018
511.44,-0.0020000000000000018
511.48,-0.003999999999999997
511.52000000000004,-0.003999999999999997
511.56,-0.0020000000000000018
511.6,0.0020000000000000018
511.64,-0.0020000000000000018
511.68,0.0020000000000000018
511.72,0.0040000000000000036
511.76,-0.0020000000000000018
511.8,0.0020000000000000018
511.84000000000003,0.0020000000000000018
511.88,0.0020000000000000018
511.92,-0.0020000000000000018
511.96000000000004,0.0
512.0,0.0020000000000000018
512.04,-0.0020000000000000018
512.08,-0.0020000000000000018
512.12,-0.0020000000000000018
512.16,-0.005999999999999998
512.2,-0.003999999999999997
512.24,0.0
512.28,0.0
512.32,-0.003999999999999997
512.36,0.0020000000000000018
512.4,0.0040000000000000036
512.44,0.0020000000000000018
512.48,-0.0020000000000000018
512.52,0.0
512.5600000000001,0.0
512.6,-0.0020000000000000018
512.64,0.0020000000000000018
512.6800000000001,0.0020000000000000018
512.72,-0.003999999999999997
512.76,-0.003999999999999997
512.8,0.0
512.84,-0.003999999999999997
512.88,-0.005999999999999998
512.92,0.0
512.96,0.0020000000000000018
513.0,-0.0020000000000000018
513.04,0.0020000000000000018
513.08,0.0020000000000000018
513.12,-0.0020000000000000018
513.16,-0.0020000000000000018
513.2,0.0020000000000000018
513.24,0.0040000000000000036
513.28,0.0020000000000000018
513.32,0.006000000000000005
513.36,0.0020000000000000018
513.4,-0.0020000000000000018
513.44,-0.003999999999999997
513.48,-0.0020000000000000018
513.52,-0.005999999999999998
513.5600000000001,-0.003999999999999997
513.6,0.0020000000000000018
513.64,0.0020000000000000018
513.6800000000001,0.0
513.72,0.0
513.76,-0.0020000000000000018
513.8,-0.0020000000000000018
513.84,-0.0020000000000000018
513.88,0.0020000000000000018
513.92,0.0020000000000000018
513.96,-0.0020000000000000018
514.0,0.0020000000000000018
514.04,-0.0020000000000000018
514.08,-0.003999999999999997
514.12,-0.008
514.16,-0.0020000000000000018
514.2,-0.0020000000000000018
514.24,-0.003999999999999997
514.28,-0.0020000000000000018
514.32,-0.003999999999999997
514.36,-0.003999999999999997
514.4,-0.0020000000000000018
514.44,0.0
514.48,0.0020000000000000018
514.52,0.0
514.5600000000001,0.006000000000000005
514.6,0.0020000000000000018
514.64,0.0020000000000000018
514.6800000000001,0.0040000000000000036
514.72,0.0020000000000000018
514.76,-0.0020000000000000018
514.8,-0.003999999999999997
514.84,0.0020000000000000018
514.88,0.0020000000000000018
514.92,-0.0020000000000000018
514.96,0.0
515.0,0.0
515.04,-0.0020000000000000018
515.08,-0.0020000000000000018
515.12,0.0020000000000000018
515.16,0.0
515.2,0.0020000000000000018
515.24,0.006000000000000005
515.28,0.0040000000000000036
515.32,-0.0020000000000000018
515.36,-0.0020000000000000018
515.4,0.0
515.44,-0.0020000000000000018
515.48,-0.003999999999999997
515.52,-0.003999999999999997
515.5600000000001,-0.0020000000000000018
515.6,-0.005999999999999998
515.64,-0.003999999999999997
515.6800000000001,-0.003999999999999997
515.72,-0.003999999999999997
515.76,-0.0020000000000000018
515.8,-0.0020000000000000018
515.84,0.0020000000000000018
515.88,0.0020000000000000018
515.92,0.0040000000000000036
515.96,0.0040000000000000036
516.0,-0.0020000000000000018
516.04,-0.0020000000000000018
516.08,0.0020000000000000018
516.12,0.0020000000000000018
516.16,-0.0020000000000000018
516.2,-0.0020000000000000018
516.24,-0.0020000000000000018
516.28,-0.0020000000000000018
516.32,-0.003999999999999997
516.36,-0.003999999999999997
516.4,-0.003999999999999997
516.44,-0.0020000000000000018
516.48,0.0020000000000000018
516.52,0.0040000000000000036
516.5600000000001,-0.0020000000000000018
516.6,0.0
516.64,0.0040000000000000036
516.6800000000001,0.0040000000000000036
516.72,-0.0020000000000000018
516.76,0.0
516.8,0.0020000000000000018
516.84,-0.0020000000000000018
516.88,-0.0020000000000000018
516.92,-0.0020000000000000018
516.96,-0.003999999999999997
517.0,-0.003999999999999997
517.04,-0.005999999999999998
517.08,-0.0020000000000000018
517.12,-0.003999999999999997
517.16,0.0020000000000000018
517.2,0.0020000000000000018
517.24,-0.0020000000000000018
517.28,-0.0020000000000000018
517.32,0.006000000000000005
517.36,0.0020000000000000018
517.4,-0.0020000000000000018
517.44,0.0020000000000000018
517.48,0.0020000000000000018
517.52,0.0
517.5600000000001,-0.0020000000000000018
517.6,-0.0020000000000000018
517.64,-0.003999999999999997
517.6800000000001,-0.003999999999999997
517.72,0.0020000000000000018
517.76,0.0
517.8,-0.003999999999999997
517.84,-0.0020000000000000018
517.88,0.006000000000000005
517.92,0.0020000000000000018
517.96,-0.0020000000000000018
518.0,0.0020000000000000018
518.04,0.0020000000000000018
518.08,0.0020000000000000018
518.12,0.0020000000000000018
518.16,0.0040000000000000036
518.2,-0.0020000000000000018
518.24,-0.0020000000000000018
518.28,-0.003999999999999997
518.32,-0.008
518.36,-0.005999999999999998
518.4,-0.0020000000000000018
518.44,-0.0020000000000000018
518.48,-0.003999999999999997
518.52,-0.0020000000000000018
518.5600000000001,0.0
518.6,0.0
518.64,-0.003999999999999997
518.6800000000001,0.0020000000000000018
518.72,0.0020000000000000018
518.76,0.0020000000000000018
518.8,0.0020000000000000018
518.84,0.0
518.88,-0.0020000000000000018
518.92,-0.0020000000000000018
518.96,0.0020000000000000018
519.0,-0.003999999999999997
519.04,-0.005999999999999998
519.08,0.0020000000000000018
519.12,0.0040000000000000036
519.16,-0.0020000000000000018
519.2,-0.0020000000000000018
519.24,0.0020000000000000018
519.28,-0.0020000000000000018
519.32,0.0
519.36,0.006000000000000005
519.4,0.0020000000000000018
519.44,0.0040000000000000036
519.48,0.006000000000000005
519.52,0.0040000000000000036
519.5600000000001,-0.003999999999999997
519.6,-0.0020000000000000018
519.64,-0.0020000000000000018
519.6800000000001,-0.003999999999999997
519.72,-0.005999999999999998
519.76,-0.0020000000000000018
519.8,0.0
519.84,-0.003999999999999997
519.88,-0.003999999999999997
519.92,-0.0020000000000000018
519.96,0.0
520.0,-0.0020000000000000018
520.04,0.0020000000000000018
520.08,0.0020000000000000018
520.12,-0.0020000000000000018
520.16,0.0020000000000000018
520.2,0.0020000000000000018
520.24,-0.005999999999999998
520.28,-0.003999999999999997
520.32,0.0020000000000000018
520.36,0.0020000000000000018
520.4,-0.0020000000000000018
520.44,-0.003999999999999997
520.48,-0.0020000000000000018
520.52,-0.003999999999999997
520.5600000000001,-0.0020000000000000018
520.6,-0.0020000000000000018
520.64,0.0
520.6800000000001,0.0020000000000000018
520.72,0.0040000000000000036
520.76,0.0040000000000000036
520.8,0.0020000000000000018
520.84,0.0020000000000000018
520.88,0.0040000000000000036
520.92,-0.0020000000000000018
520.96,0.0
521.0,0.0020000000000000018
521.04,-0.0020000000000000018
521.08,-0.0020000000000000018
521.12,-0.0020000000000000018
521.16,-0.0020000000000000018
521.2,-0.0020000000000000018
521.24,-0.003999999999999997
521.28,-0.0020000000000000018
521.32,0.0
521.36,0.0020000000000000018
521.4,0.0040000000000000036
521.44,0.0020000000000000018
521.48,-0.0020000000000000018
521.52,-0.0020000000000000018
521.5600000000001,0.0040000000000000036
521.6,0.0020000000000000018
521.64,0.0
521.6800000000001,-0.0020000000000000018
521.72,-0.0020000000000000018
521.76,-0.0020000000000000018
521.8,-0.003999999999999997
521.84,-0.003999999999999997
521.88,-0.003999999999999997
521.92,-0.003999999999999997
521.96,0.0020000000000000018
522.0,-0.0020000000000000018
522.04,0.0
522.08,0.0
522.12,0.006000000000000005
522.16,0.0020000000000000018
522.2,0.0020000000000000018
522.24,0.0020000000000000018
522.28,0.0040000000000000036
522.32,-0.0020000000000000018
522.36,0.0
522.4,0.0020000000000000018
522.44,-0.0020000000000000018
522.48,-0.003999999999999997
522.52,-0.0020000000000000018
522.5600000000001,-0.003999999999999997
522.6,-0.003999999999999997
522.64,0.0020000000000000018
522.6800000000001,0.0020000000000000018
522.72,-0.003999999999999997
522.76,-0.0020000000000000018
522.8,0.0020000000000000018
522.84,0.0
522.88,-0.003999999999999997
522.92,0.0
522.96,0.0040000000000000036
523.0,0.0020000000000000018
523.04,0.0
523.08,0.0
523.12,-0.003999999999999997
523.16,-0.003999999999999997
523.2,-0.0020000000000000018
523.24,-0.003999999999999997
523.28,-0.003999999999999997
523.32,0.0020000000000000018
523.36,0.0040000000000000036
523.4,-0.0020000000000000018
523.44,-0.0020000000000000018
523.48,0.0040000000000000036
523.52,0.0020000000000000018
523.5600000000001,0.0020000000000000018
523.6,0.0020000000000000018
523.64,0.006000000000000005
523.6800000000001,0.0020000000000000018
523.72,-0.0020000000000000018
523.76,0.0020000000000000018
523.8,-0.003999999999999997
523.84,-0.0020000000000000018
523.88,0.0020000000000000018
523.92,-0.0020000000000000018
523.96,-0.003999999999999997
524.0,0.0
524.04,0.0020000000000000018
524.08,-0.0020000000000000018
524.12,-0.003999999999999997
524.16,0.0
524.2,0.0020000000000000018
524.24,0.0
524.28,0.0020000000000000018
524.32,0.0020000000000000018
524.36,-0.0020000000000000018
524.4,-0.003999999999999997
524.44,-0.0020000000000000018
524.48,-0.005999999999999998
524.52,-0.005999999999999998
524.5600000000001,0.0
524.6,0.0
524.64,-0.005999999999999998
524.6800000000001,-0.003999999999999997
524.72,-0.0020000000000000018
524.76,-0.003999999999999997
524.8,-0.0020000000000000018
524.84,0.0020000000000000018
524.88,0.0040000000000000036
524.92,0.0020000000000000018
524.96,0.0040000000000000036
525.0,0.0020000000000000018
525.04,-0.0020000000000000018
525.08,0.0020000000000000018
525.12,0.0020000000000000018
525.16,-0.0020000000000000018
525.2,-0.003999999999999997
525.24,0.0040000000000000036
525.28,0.0020000000000000018
525.32,-0.003999999999999997
525.36,-0.005999999999999998
525.4,0.0
525.44,-0.0020000000000000018
525.48,0.0
525.52,0.0040000000000000036
525.5600000000001,0.0020000000000000018
525.6,0.006000000000000005
525.64,0.006000000000000005
525.6800000000001,0.0020000000000000018
525.72,-0.003999999999999997
525.76,-0.0020000000000000018
525.8,0.0020000000000000018
525.84,0.0020000000000000018
525.88,-0.005999999999999998
525.92,-0.003999999999999997
525.96,-0.0020000000000000018
526.0,-0.003999999999999997
526.04,-0.003999999999999997
526.08,-0.003999999999999997
526.12,-0.0020000000000000018
526.16,0.0
526.2,0.0020000000000000018
526.24,0.0020000000000000018
526.28,-0.0020000000000000018
526.32,0.0
526.36,0.0
526.4,-0.0020000000000000018
526.44,-0.0020000000000000018
526.48,0.0020000000000000018
526.52,0.0020000000000000018
526.5600000000001,-0.0020000000000000018
526.6,-0.003999999999999997
526.64,-0.0020000000000000018
526.6800000000001,-0.0020000000000000018
526.72,-0.003999999999999997
526.76,-0.0020000000000000018
526.8,-0.0020000000000000018
526.84,0.0020000000000000018
526.88,0.0040000000000000036
526.92,0.0040000000000000036
526.96,-0.0020000000000000018
527.0,0.0020000000000000018
527.04,0.0040000000000000036
527.08,0.0040000000000000036
527.12,-0.0020000000000000018
527.16,0.0
527.2,-0.0020000000000000018
527.24,-0.0020000000000000018
527.28,-0.003999999999999997
527.32,-0.0020000000000000018
527.36,-0.0020000000000000018
527.4,-0.003999999999999997
527.44,-0.0020000000000000018
527.48,0.0
527.52,-0.0020000000000000018
527.5600000000001,-0.0020000000000000018
527.6,0.0020000000000000018
527.64,-0.0020000000000000018
527.6800000000001,-0.0020000000000000018
527.72,0.006000000000000005
527.76,0.0040000000000000036
527.8,0.0
527.84,0.0040000000000000036
527.88,0.0040000000000000036
527.92,0.0
527.96,-0.003999999999999997
528.0,-0.003999999999999997
528.04,-0.0020000000000000018
528.08,-0.0020000000000000018
528.12,0.0020000000000000018
528.16,-0.0020000000000000018
528.2,-0.003999999999999997
528.24,0.0
528.28,0.0040000000000000036
528.32,0.0020000000000000018
528.36,-0.0020000000000000018
528.4,0.0040000000000000036
528.44,0.0040000000000000036
528.48,0.0
528.52,0.0
528.5600000000001,-0.0020000000000000018
528.6,-0.003999999999999997
528.64,-0.005999999999999998
528.6800000000001,-0.003999999999999997
528.72,-0.003999999999999997
528.76,-0.003999999999999997
528.8,-0.0020000000000000018
528.84,-0.0020000000000000018
528.88,-0.003999999999999997
528.92,-0.003999999999999997
528.96,-0.0020000000000000018
529.0,-0.0020000000000000018
529.04,-0.0020000000000000018
529.08,0.0020000000000000018
529.12,0.006000000000000005
529.16,0.0020000000000000018
529.2,0.0
529.24,0.0
529.28,-0.0020000000000000018
529.32,-0.0020000000000000018
529.36,-0.0020000000000000018
529.4,-0.003999999999999997
529.44,-0.003999999999999997
529.48,0.0
529.52,0.0020000000000000018
529.5600000000001,-0.0020000000000000018
529.6,-0.003999999999999997
529.64,0.0040000000000000036
529.6800000000001,0.006000000000000005
529.72,0.0020000000000000018
529.76,0.0040000000000000036
529.8,0.006000000000000005
529.84,0.0020000000000000018
529.88,-0.0020000000000000018
529.92,0.0020000000000000018
529.96,-0.0020000000000000018
530.0,-0.0020000000000000018
530.04,0.0020000000000000018
530.08,0.0020000000000000018
530.12,-0.003999999999999997
530.16,-0.003999999999999997
530.2,-0.0020000000000000018
530.24,-0.003999999999999997
530.28,-0.003999999999999997
530.32,0.0020000000000000018
530.36,0.0040000000000000036
530.4,0.0
530.44,0.0020000000000000018
530.48,0.0020000000000000018
530.52,0.0
530.5600000000001,0.0020000000000000018
530.6,0.0
530.64,-0.003999999999999997
530.6800000000001,-0.0020000000000000018
530.72,0.0040000000000000036
530.76,0.0020000000000000018
530.8,-0.005999999999999998
530.84,-0.003999999999999997
530.88,0.0
530.92,-0.0020000000000000018
530.96,-0.0020000000000000018
531.0,0.0020000000000000018
531.04,0.0040000000000000036
531.08,0.0020000000000000018
531.12,0.0020000000000000018
531.16,0.0020000000000000018
531.2,-0.003999999999999997
531.24,0.0
531.28,0.006000000000000005
531.32,0.0020000000000000018
531.36,-0.0020000000000000018
531.4,0.0
531.44,-0.0020000000000000018
531.48,-0.005999999999999998
531.52,-0.003999999999999997
531.5600000000001,-0.0020000000000000018
531.6,-0.0020000000000000018
531.64,-0.003999999999999997
531.6800000000001,0.0
531.72,0.0020000000000000018
531.76,0.0020000000000000018
531.8,0.0020000000000000018
531.84,0.0020000000000000018
531.88,-0.0020000000000000018
531.92,0.0020000000000000018
531.96,0.006000000000000005
532.0,0.0020000000000000018
532.04,-0.003999999999999997
532.08,-0.0020000000000000018
532.12,0.0
532.16,-0.003999999999999997
532.2,-0.003999999999999997
532.24,0.0
532.28,0.0
532.32,0.0020000000000000018
532.36,0.0020000000000000018
532.4,-0.0020000000000000018
532.44,-0.0020000000000000018
532.48,0.0020000000000000018
532.52,0.0040000000000000036
532.5600000000001,0.0020000000000000018
532.6,0.0020000000000000018
532.64,0.006000000000000005
532.6800000000001,0.0020000000000000018
532.72,-0.003999999999999997
532.76,-0.0020000000000000018
532.8,-0.0020000000000000018
532.84,-0.003999999999999997
532.88,-0.003999999999999997
532.92,-0.003999999999999997
532.96,-0.0020000000000000018
533.0,-0.0020000000000000018
533.04,-0.0020000000000000018
533.08,-0.0020000000000000018
533.12,-0.003999999999999997
533.16,0.0020000000000000018
533.2,0.0020000000000000018
533.24,0.0
533.28,-0.0020000000000000018
533.32,0.0020000000000000018
533.36,0.0
533.4,-0.003999999999999997
533.44,-0.005999999999999998
533.48,-0.0020000000000000018
533.52,-0.0020000000000000018
533.5600000000001,-0.0020000000000000018
533.6,-0.0020000000000000018
533.64,-0.0020000000000000018
533.6800000000001,-0.003999999999999997
533.72,-0.0020000000000000018
533.76,0.0020000000000000018
533.8,0.0
533.84,-0.0020000000000000018
533.88,0.0040000000000000036
533.92,0.0040000000000000036
533.96,0.006000000000000005
534.0,0.0040000000000000036
534.04,0.0040000000000000036
534.08,-0.0020000000000000018
534.12,-0.003999999999999997
534.16,0.0
534.2,0.0020000000000000018
534.24,-0.0020000000000000018
534.28,-0.0020000000000000018
534.32,-0.0020000000000000018
534.36,-0.003999999999999997
534.4,-0.0020000000000000018
534.44,0.0020000000000000018
534.48,-0.0020000000000000018
534.52,0.0
534.5600000000001,0.0040000000000000036
534.6,0.0040000000000000036
534.64,-0.0020000000000000018
534.6800000000001,-0.0020000000000000018
534.72,0.0020000000000000018
534.76,0.0
534.8,-0.0020000000000000018
534.84,-0.0020000000000000018
534.88,-0.0020000000000000018
534.92,-0.003999999999999997
534.96,0.0
535.0,-0.0020000000000000018
535.04,-0.005999999999999998
535.08,-0.005999999999999998
535.12,-0.0020000000000000018
535.16,0.0
535.2,0.0020000000000000018
535.24,0.0020000000000000018
535.28,0.0040000000000000036
535.32,0.0
535.36,0.0
535.4,0.0020000000000000018
535.44,0.0
535.48,-0.0020000000000000018
535.52,0.0
535.5600000000001,-0.0020000000000000018
535.6,-0.003999999999999997
535.64,-0.0020000000000000018
535.6800000000001,-0.003999999999999997
535.72,-0.005999999999999998
535.76,-0.003999999999999997
535.8,0.0020000000000000018
535.84,0.0020000000000000018
535.88,-0.0020000000000000018
535.92,0.0
535.96,0.0020000000000000018
536.0,0.0
536.04,0.0
536.08,0.0
536.12,-0.0020000000000000018
536.16,0.0
536.2,0.0040000000000000036
536.24,0.0020000000000000018
536.28,-0.005999999999999998
536.32,-0.003999999999999997
536.36,-0.0020000000000000018
536.4,-0.003999999999999997
536.44,-0.0020000000000000018
536.48,0.0020000000000000018
536.52,0.0020000000000000018
536.5600000000001,0.0
536.6,0.0020000000000000018
536.64,0.0020000000000000018
536.6800000000001,0.0020000000000000018
536.72,0.0020000000000000018
536.76,0.006000000000000005
536.8,0.0020000000000000018
536.84,0.0020000000000000018
536.88,0.0040000000000000036
536.92,-0.0020000000000000018
536.96,-0.005999999999999998
537.0,-0.0020000000000000018
537.04,0.0020000000000000018
537.08,-0.003999999999999997
537.12,-0.003999999999999997
537.16,0.0020000000000000018
537.2,0.0020000000000000018
537.24,-0.0020000000000000018
537.28,-0.0020000000000000018
537.32,-0.0020000000000000018
537.36,-0.003999999999999997
537.4,0.0020000000000000018
537.44,0.006000000000000005
537.48,0.0020000000000000018
537.52,-0.003999999999999997
537.5600000000001,0.0
537.6,-0.003999999999999997
537.64,-0.005999999999999998
537.6800000000001,-0.003999999999999997
537.72,0.0
537.76,-0.003999999999999997
537.8,-0.003999999999999997
537.84,-0.0020000000000000018
537.88,-0.0020000000000000018
537.92,-0.0020000000000000018
537.96,0.0020000000000000018
538.0,0.0020000000000000018
538.04,0.0020000000000000018
538.08,0.006000000000000005
538.12,0.006000000000000005
538.16,0.0
538.2,-0.0020000000000000018
538.24,0.0020000000000000018
538.28,0.0
538.32,-0.003999999999999997
538.36,-0.003999999999999997
538.4,0.0020000000000000018
538.44,0.0020000000000000018
538.48,-0.0020000000000000018
538.52,-0.0020000000000000018
538.5600000000001,-0.003999999999999997
538.6,-0.003999999999999997
538.64,0.0020000000000000018
538.6800000000001,0.0020000000000000018
538.72,0.0
538.76,0.0
538.8,0.006000000000000005
538.84,0.0020000000000000018
538.88,-0.0020000000000000018
538.92,-0.0020000000000000018
538.96,0.0
539.0,-0.0020000000000000018
539.04,-0.003999999999999997
539.08,-0.0020000000000000018
539.12,-0.003999999999999997
539.16,-0.0020000000000000018
539.2,-0.0020000000000000018
539.24,-0.0020000000000000018
539.28,-0.0020000000000000018
539.32,0.0020000000000000018
539.36,0.0040000000000000036
539.4,0.0020000000000000018
539.44,0.0020000000000000018
539.48,0.0040000000000000036
539.52,0.0020000000000000018
539.5600000000001,-0.0020000000000000018
539.6,-0.0020000000000000018
539.64,0.0020000000000000018
539.6800000000001,0.0020000000000000018
539.72,-0.0020000000000000018
539.76,-0.0020000000000000018
539.8,-0.0020000000000000018
539.84,-0.003999999999999997
539.88,-0.0020000000000000018
539.92,-0.0020000000000000018
539.96,-0.005999999999999998
540.0,-0.0020000000000000018
540.04,0.0020000000000000018
540.08,0.0020000000000000018
540.12,-0.0020000000000000018
540.16,0.0
540.2,0.0020000000000000018
540.24,-0.0020000000000000018
540.28,-0.0020000000000000018
540.32,0.0
540.36,0.0
540.4,-0.0020000000000000018
540.44,-0.0020000000000000018
540.48,-0.0020000000000000018
540.52,-0.005999999999999998
540.5600000000001,-0.003999999999999997
540.6,0.0
540.64,-0.0020000000000000018
540.6800000000001,0.0020000000000000018
540.72,0.006000000000000005
540.76,0.0040000000000000036
540.8,-0.0020000000000000018
540.84,0.0020000000000000018
540.88,0.006000000000000005
540.92,0.0020000000000000018
540.96,0.0
541.0,0.0020000000000000018
541.04,0.0020000000000000018
541.08,0.0
541.12,0.0
541.16,-0.0020000000000000018
541.2,-0.005999999999999998
541.24,-0.003999999999999997
541.28,0.0020000000000000018
541.32,-0.0020000000000000018
541.36,-0.0020000000000000018
541.4,0.0
541.44,0.0020000000000000018
541.48,-0.0020000000000000018
541.52,-0.0020000000000000018
541.5600000000001,0.0020000000000000018
541.6,0.0020000000000000018
541.64,0.0
541.6800000000001,0.0020000000000000018
541.72,-0.0020000000000000018
541.76,-0.005999999999999998
541.8,-0.003999999999999997
541.84,-0.003999999999999997
541.88,-0.005999999999999998
541.92,-0.003999999999999997
541.96,0.0020000000000000018
542.0,-0.0020000000000000018
542.04,-0.005999999999999998
542.08,0.0
542.12,0.0020000000000000018
542.16,-0.0020000000000000018
542.2,0.0
542.24,0.0040000000000000036
542.28,0.0040000000000000036
542.32,0.0020000000000000018
542.36,0.006000000000000005
542.4,-0.0020000000000000018
542.44,-0.005999999999999998
542.48,-0.0020000000000000018
542.52,0.0040000000000000036
542.5600000000001,-0.003999999999999997
542.6,-0.003999999999999997
542.64,0.0020000000000000018
542.6800000000001,0.0
542.72,-0.003999999999999997
542.76,-0.0020000000000000018
542.8,0.0020000000000000018
542.84,0.0020000000000000018
542.88,0.0040000000000000036
542.92,0.006000000000000005
542.96,0.0020000000000000018
543.0,0.0020000000000000018
543.04,0.0020000000000000018
543.08,-0.003999999999999997
543.12,-0.003999999999999997
543.16,-0.0020000000000000018
543.2,0.0
543.24,-0.003999999999999997
543.28,-0.003999999999999997
543.32,0.0
543.36,-0.0020000000000000018
543.4,-0.003999999999999997
543.44,-0.003999999999999997
543.48,0.0
543.52,0.0020000000000000018
543.5600000000001,0.0040000000000000036
543.6,0.0020000000000000018
543.64,0.0
543.6800000000001,-0.0020000000000000018
543.72,0.0020000000000000018
543.76,0.0040000000000000036
543.8,-0.003999999999999997
543.84,0.0
543.88,0.0020000000000000018
543.92,-0.0020000000000000018
543.96,-0.003999999999999997
544.0,-0.003999999999999997
544.04,-0.003999999999999997
544.08,-0.0020000000000000018
544.12,-0.0020000000000000018
544.16,0.0
544.2,0.0
544.24,0.0040000000000000036
544.28,0.0040000000000000036
544.32,0.0
544.36,-0.0020000000000000018
544.4,0.0020000000000000018
544.44,0.0
544.48,-0.0020000000000000018
544.52,-0.0020000000000000018
544.5600000000001,0.0
544.6,-0.0020000000000000018
544.64,-0.005999999999999998
544.6800000000001,-0.005999999999999998
544.72,-0.0020000000000000018
544.76,-0.0020000000000000018
544.8,-0.0020000000000000018
544.84,-0.0020000000000000018
544.88,0.0020000000000000018
544.92,0.0
544.96,0.0040000000000000036
545.0,0.0020000000000000018
545.04,-0.0020000000000000018
545.08,0.0020000000000000018
545.12,0.006000000000000005
545.16,0.0040000000000000036
545.2,0.0
545.24,0.0020000000000000018
545.28,0.0020000000000000018
545.32,-0.003999999999999997
545.36,-0.003999999999999997
545.4,-0.003999999999999997
545.44,-0.0020000000000000018
545.48,0.0
545.52,0.0040000000000000036
545.5600000000001,0.0020000000000000018
545.6,-0.0020000000000000018
545.64,0.0020000000000000018
545.6800000000001,0.0020000000000000018
545.72,-0.0020000000000000018
545.76,0.0
545.8,0.006000000000000005
545.84,0.0
545.88,-0.003999999999999997
545.92,-0.003999999999999997
545.96,0.0
546.0,-0.003999999999999997
546.04,-0.003999999999999997
546.08,-0.005999999999999998
546.12,-0.003999999999999997
546.16,-0.003999999999999997
546.2,-0.0020000000000000018
546.24,-0.0020000000000000018
546.28,-0.005999999999999998
546.32,-0.0020000000000000018
546.36,0.0020000000000000018
546.4,0.0
546.44,-0.0020000000000000018
546.48,0.0040000000000000036
546.52,0.0020000000000000018
546.5600000000001,0.0
546.6,0.0020000000000000018
546.64,-0.003999999999999997
546.6800000000001,-0.003999999999999997
546.72,-0.0020000000000000018
546.76,0.0020000000000000018
546.8000000000001,-0.0020000000000000018
546.84,-0.0020000000000000018
546.88,0.0020000000000000018
546.92,0.0020000000000000018
546.96,-0.0020000000000000018
547.0,0.0020000000000000018
547.04,0.0040000000000000036
547.08,0.0040000000000000036
547.12,0.0
547.16,0.006000000000000005
547.2,0.006000000000000005
547.24,0.0020000000000000018
547.28,-0.0020000000000000018
547.32,-0.0020000000000000018
547.36,-0.003999999999999997
547.4,0.0020000000000000018
547.44,0.0020000000000000018
547.48,-0.003999999999999997
547.52,-0.005999999999999998
547.5600000000001,-0.0020000000000000018
547.6,-0.003999999999999997
547.64,-0.003999999999999997
547.6800000000001,-0.003999999999999997
547.72,0.0020000000000000018
547.76,0.0020000000000000018
547.8000000000001,0.0020000000000000018
547.84,0.0020000000000000018
547.88,-0.0020000000000000018
547.92,-0.0020000000000000018
547.96,0.0020000000000000018
548.0,0.0
548.04,-0.003999999999999997
548.08,-0.0020000000000000018
548.12,0.0020000000000000018
548.16,-0.0020000000000000018
548.2,-0.005999999999999998
548.24,-0.0020000000000000018
548.28,0.0
548.32,-0.003999999999999997
548.36,0.0
548.4,0.0020000000000000018
548.44,0.006000000000000005
548.48,0.0020000000000000018
548.52,0.0
548.5600000000001,0.0020000000000000018
548.6,0.0
548.64,0.0040000000000000036
548.6800000000001,0.0020000000000000018
548.72,0.0
548.76,-0.0020000000000000018
548.8000000000001,0.0020000000000000018
548.84,-0.0020000000000000018
548.88,-0.005999999999999998
548.92,-0.005999999999999998
548.96,-0.0020000000000000018
549.0,0.0
549.04,0.0
549.08,0.0020000000000000018
549.12,0.0
549.16,0.0020000000000000018
549.2,0.0
549.24,0.0020000000000000018
549.28,-0.0020000000000000018
549.32,0.0
549.36,0.0040000000000000036
549.4,-0.0020000000000000018
549.44,-0.0020000000000000018
549.48,0.0
549.52,-0.003999999999999997
549.5600000000001,-0.003999999999999997
549.6,-0.005999999999999998
549.64,0.0020000000000000018
549.6800000000001,0.0020000000000000018
549.72,-0.0020000000000000018
549.76,0.0
549.8000000000001,0.0020000000000000018
549.84,0.0
549.88,0.0040000000000000036
549.92,0.006000000000000005
549.96,0.0020000000000000018
550.0,0.0020000000000000018
550.04,0.006000000000000005
550.08,0.0
550.12,-0.003999999999999997
550.16,-0.003999999999999997
550.2,-0.0020000000000000018
550.24,-0.003999999999999997
550.28,-0.003999999999999997
550.32,0.0
550.36,-0.0020000000000000018
550.4,-0.0020000000000000018
550.44,0.0
550.48,-0.0020000000000000018
550.52,-0.0020000000000000018
550.5600000000001,0.0
550.6,0.0040000000000000036
550.64,-0.0020000000000000018
550.6800000000001,-0.0020000000000000018
550.72,0.0020000000000000018
550.76,-0.0020000000000000018
550.8000000000001,-0.003999999999999997
550.84,-0.0020000000000000018
550.88,0.0020000000000000018
550.92,0.0
550.96,-0.003999999999999997
551.0,-0.0020000000000000018
551.04,-0.0020000000000000018
551.08,0.0
551.12,0.0
551.16,-0.0020000000000000018
551.2,-0.0020000000000000018
551.24,0.0020000000000000018
551.28,0.008
551.32,0.0040000000000000036
551.36,0.0020000000000000018
551.4,0.0040000000000000036
551.44,0.0040000000000000036
551.48,-0.0020000000000000018
551.52,-0.003999999999999997
551.5600000000001,0.0020000000000000018
551.6,-0.0020000000000000018
551.64,0.0
551.6800000000001,0.0
551.72,-0.003999999999999997
551.76,-0.003999999999999997
551.8000000000001,0.0
551.84,0.0
551.88,-0.0020000000000000018
551.92,0.0
551.96,0.0020000000000000018
552.0,0.0020000000000000018
552.04,-0.0020000000000000018
552.08,-0.0020000000000000018
552.12,0.0020000000000000018
552.16,-0.003999999999999997
552.2,-0.003999999999999997
552.24,-0.0020000000000000018
552.28,-0.003999999999999997
552.32,-0.0020000000000000018
552.36,-0.0020000000000000018
552.4,-0.005999999999999998
552.44,-0.005999999999999998
552.48,-0.0020000000000000018
552.52,0.0
552.5600000000001,-0.0020000000000000018
552.6,0.0
552.64,0.006000000000000005
552.6800000000001,0.006000000000000005
552.72,0.0020000000000000018
552.76,-0.0020000000000000018
552.8000000000001,0.0020000000000000018
552.84,0.0020000000000000018
552.88,0.0020000000000000018
552.92,0.0020000000000000018
552.96,-0.0020000000000000018
553.0,-0.003999999999999997
553.04,0.0020000000000000018
553.08,-0.0020000000000000018
553.12,-0.005999999999999998
553.16,-0.0020000000000000018
553.2,0.0020000000000000018
553.24,-0.0020000000000000018
553.28,0.0
553.32,0.0040000000000000036
553.36,0.0020000000000000018
553.4,-0.0020000000000000018
553.44,-0.0020000000000000018
553.48,0.0020000000000000018
553.52,0.0020000000000000018
553.5600000000001,0.0020000000000000018
553.6,0.0020000000000000018
553.64,-0.003999999999999997
553.6800000000001,-0.003999999999999997
553.72,-0.0020000000000000018
553.76,-0.003999999999999997
553.8000000000001,-0.005999999999999998
553.84,-0.003999999999999997
553.88,0.0020000000000000018
553.92,0.0020000000000000018
553.96,-0.0020000000000000018
554.0,0.0
554.04,-0.0020000000000000018
554.08,0.006000000000000005
554.12,0.0020000000000000018
554.16,0.0020000000000000018
554.2,0.0
554.24,0.0040000000000000036
554.28,0.0040000000000000036
554.32,0.0020000000000000018
554.36,-0.003999999999999997
554.4,-0.003999999999999997
554.44,-0.0020000000000000018
554.48,-0.0020000000000000018
554.52,-0.003999999999999997
554.5600000000001,0.0020000000000000018
554.6,0.0020000000000000018
554.64,-0.003999999999999997
554.6800000000001,-0.003999999999999997
554.72,0.0
554.76,0.0020000000000000018
554.8000000000001,0.0020000000000000018
554.84,0.0040000000000000036
554.88,0.0020000000000000018
554.92,0.0020000000000000018
554.96,0.0020000000000000018
555.0,-0.0020000000000000018
555.04,-0.005999999999999998
555.08,-0.003999999999999997
555.12,0.0
555.16,-0.0020000000000000018
555.2,-0.003999999999999997
555.24,-0.0020000000000000018
555.28,0.0020000000000000018
555.32,-0.0020000000000000018
555.36,-0.0020000000000000018
555.4,-0.0020000000000000018
555.44,0.0020000000000000018
555.48,0.0040000000000000036
555.52,0.006000000000000005
555.5600000000001,0.0020000000000000018
555.6,0.0020000000000000018
555.64,-0.0020000000000000018
555.6800000000001,0.0020000000000000018
555.72,0.0
555.76,-0.0020000000000000018
555.8000000000001,0.0020000000000000018
555.84,0.0
555.88,-0.005999999999999998
555.92,-0.003999999999999997
555.96,-0.0020000000000000018
556.0,-0.0020000000000000018
556.04,-0.0020000000000000018
556.08,0.0020000000000000018
556.12,0.0
556.16,0.0020000000000000018
556.2,0.006000000000000005
556.24,0.0020000000000000018
556.28,-0.0020000000000000018
556.32,-0.0020000000000000018
556.36,0.0020000000000000018
556.4,-0.003999999999999997
556.44,-0.005999999999999998
556.48,-0.0020000000000000018
556.52,-0.0020000000000000018
556.5600000000001,-0.003999999999999997
556.6,-0.003999999999999997
556.64,-0.003999999999999997
556.6800000000001,-0.003999999999999997
556.72,0.0020000000000000018
556.76,0.0040000000000000036
556.8000000000001,0.0
556.84,0.0020000000000000018
556.88,0.0040000000000000036
556.92,0.006000000000000005
556.96,0.0
557.0,0.0020000000000000018
557.04,0.006000000000000005
557.08,0.0
557.12,-0.0020000000000000018
557.16,0.0020000000000000018
557.2,0.0020000000000000018
557.24,-0.0020000000000000018
557.28,-0.003999999999999997
557.32,-0.0020000000000000018
557.36,-0.003999999999999997
557.4,-0.0020000000000000018
557.44,0.0040000000000000036
557.48,0.0020000000000000018
557.52,-0.0020000000000000018
557.5600000000001,0.0020000000000000018
557.6,0.006000000000000005
557.64,-0.0020000000000000018
557.6800000000001,-0.003999999999999997
557.72,0.0020000000000000018
557.76,0.0020000000000000018
557.8000000000001,-0.0020000000000000018
557.84,-0.003999999999999997
557.88,-0.003999999999999997
557.92,-0.003999999999999997
557.96,-0.0020000000000000018
558.0,-0.0020000000000000018
558.04,-0.005999999999999998
558.08,-0.003999999999999997
558.12,0.0020000000000000018
558.16,0.0
558.2,-0.003999999999999997
558.24,0.0020000000000000018
558.28,0.0040000000000000036
558.32,0.0
558.36,0.0
558.4,0.006000000000000005
558.44,0.0020000000000000018
558.48,0.0
558.52,-0.0020000000000000018
558.5600000000001,-0.003999999999999997
558.6,-0.005999999999999998
558.64,-0.0020000000000000018
558.6800000000001,0.0
558.72,-0.0020000000000000018
558.76,-0.0020000000000000018
558.8000000000001,0.0040000000000000036
558.84,0.0020000000000000018
558.88,-0.0020000000000000018
558.92,-0.0020000000000000018
558.96,0.006000000000000005
559.0,0.0020000000000000018
559.04,0.0020000000000000018
559.08,0.0020000000000000018
559.12,-0.0020000000000000018
559.16,0.0020000000000000018
559.2,0.0020000000000000018
559.24,-0.003999999999999997
559.28,-0.005999999999999998
559.32,-0.003999999999999997
559.36,0.0020000000000000018
559.4,-0.0020000000000000018
559.44,-0.003999999999999997
559.48,-0.0020000000000000018
559.52,0.0
559.5600000000001,-0.003999999999999997
559.6,-0.0020000000000000018
559.64,0.0040000000000000036
559.6800000000001,0.0040000000000000036
559.72,0.0040000000000000036
559.76,0.0020000000000000018
559.8000000000001,0.0020000000000000018
559.84,-0.0020000000000000018
559.88,-0.0020000000000000018
559.92,-0.0020000000000000018
559.96,-0.003999999999999997
560.0,-0.003999999999999997
560.04,0.0020000000000000018
560.08,-0.003999999999999997
560.12,-0.003999999999999997
560.16,-0.005999999999999998
560.2,0.0
560.24,0.0020000000000000018
560.28,0.0020000000000000018
560.32,-0.0020000000000000018
560.36,0.0
560.4,0.0020000000000000018
560.44,0.0040000000000000036
560.48,0.0
560.52,-0.003999999999999997
560.5600000000001,-0.0020000000000000018
560.6,0.0020000000000000018
560.64,0.0
560.6800000000001,-0.0020000000000000018
560.72,-0.0020000000000000018
560.76,-0.0020000000000000018
560.8000000000001,-0.003999999999999997
560.84,-0.005999999999999998
560.88,-0.0020000000000000018
560.92,0.0020000000000000018
560.96,0.0020000000000000018
561.0,0.0040000000000000036
561.04,0.0040000000000000036
561.08,0.0020000000000000018
561.12,0.0020000000000000018
561.16,0.0040000000000000036
561.2,0.0
561.24,0.0
561.28,0.0020000000000000018
561.32,0.0020000000000000018
561.36,-0.003999999999999997
561.4,-0.003999999999999997
561.44,0.0020000000000000018
561.48,-0.003999999999999997
561.52,-0.005999999999999998
561.5600000000001,-0.0020000000000000018
561.6,-0.0020000000000000018
561.64,0.0020000000000000018
561.6800000000001,0.0020000000000000018
561.72,-0.0020000000000000018
561.76,-0.003999999999999997
561.8000000000001,-0.0020000000000000018
561.84,0.006000000000000005
561.88,0.0
561.92,-0.0020000000000000018
561.96,0.0020000000000000018
562.0,0.0020000000000000018
562.04,-0.005999999999999998
562.08,-0.0020000000000000018
562.12,-0.003999999999999997
562.16,-0.003999999999999997
562.2,-0.003999999999999997
562.24,-0.0020000000000000018
562.28,0.0
562.32,-0.0020000000000000018
562.36,0.0020000000000000018
562.4,0.0020000000000000018
562.44,-0.0020000000000000018
562.48,0.0
562.52,0.006000000000000005
562.5600000000001,0.0020000000000000018
562.6,-0.0020000000000000018
562.64,0.0020000000000000018
562.6800000000001,0.0040000000000000036
562.72,-0.003999999999999997
562.76,-0.005999999999999998
562.8000000000001,-0.0020000000000000018
562.84,-0.0020000000000000018
562.88,-0.0020000000000000018
562.92,0.0
562.96,-0.003999999999999997
563.0,-0.003999999999999997
563.04,0.0
563.08,0.0040000000000000036
563.12,-0.003999999999999997
563.16,-0.0020000000000000018
563.2,0.006000000000000005
563.24,0.006000000000000005
563.28,0.0
563.32,0.0020000000000000018
563.36,0.0
563.4,-0.003999999999999997
563.44,-0.003999999999999997
563.48,-0.003999999999999997
563.52,-0.003999999999999997
563.5600000000001,-0.003999999999999997
563.6,0.0020000000000000018
563.64,-0.0020000000000000018
563.6800000000001,-0.003999999999999997
563.72,-0.0020000000000000018
563.76,0.0020000000000000018
563.8000000000001,-0.0020000000000000018
563.84,-0.0020000000000000018
563.88,0.0020000000000000018
563.92,0.0040000000000000036
563.96,-0.0020000000000000018
564.0,-0.0020000000000000018
564.04,0.0020000000000000018
564.08,0.0
564.12,0.0
564.16,-0.0020000000000000018
564.2,-0.003999999999999997
564.24,-0.003999999999999997
564.28,0.0020000000000000018
564.32,-0.0020000000000000018
564.36,-0.005999999999999998
564.4,-0.003999999999999997
564.44,0.0
564.48,0.0020000000000000018
564.52,0.0020000000000000018
564.5600000000001,0.0040000000000000036
564.6,0.0040000000000000036
564.64,0.0020000000000000018
564.6800000000001,-0.0020000000000000018
564.72,-0.0020000000000000018
564.76,-0.0020000000000000018
564.8000000000001,0.0
564.84,0.0020000000000000018
564.88,-0.0020000000000000018
564.92,-0.003999999999999997
564.96,0.0
565.0,-0.0020000000000000018
565.04,-0.0020000000000000018
565.08,-0.0020000000000000018
565.12,0.0020000000000000018
565.16,0.0020000000000000018
565.2,0.0020000000000000018
565.24,0.0020000000000000018
565.28,0.0040000000000000036
565.32,0.0020000000000000018
565.36,0.0
565.4,-0.0020000000000000018
565.44,0.0
565.48,0.0040000000000000036
565.52,0.0040000000000000036
565.5600000000001,-0.0020000000000000018
565.6,-0.005999999999999998
565.64,-0.005999999999999998
565.6800000000001,-0.003999999999999997
565.72,-0.003999999999999997
565.76,-0.003999999999999997
565.8000000000001,0.0
565.84,0.0020000000000000018
565.88,0.0
565.92,-0.0020000000000000018
565.96,0.0
566.0,0.0020000000000000018
566.04,-0.0020000000000000018
566.08,0.0020000000000000018
566.12,-0.0020000000000000018
566.16,-0.0020000000000000018
566.2,0.0
566.24,0.0
566.28,-0.003999999999999997
566.32,-0.005999999999999998
566.36,-0.0020000000000000018
566.4,-0.0020000000000000018
566.44,-0.003999999999999997
566.48,0.0020000000000000018
566.52,0.006000000000000005
566.5600000000001,0.0020000000000000018
566.6,-0.0020000000000000018
566.64,-0.0020000000000000018
566.6800000000001,0.0020000000000000018
566.72,0.006000000000000005
566.76,0.006000000000000005
566.8000000000001,0.0040000000000000036
566.84,-0.003999999999999997
566.88,0.0
566.92,0.0020000000000000018
566.96,-0.003999999999999997
567.0,-0.008
567.04,-0.0020000000000000018
567.08,-0.0020000000000000018
567.12,-0.0020000000000000018
567.16,-0.0020000000000000018
567.2,-0.0020000000000000018
567.24,-0.0020000000000000018
567.28,-0.0020000000000000018
567.32,0.0020000000000000018
567.36,-0.0020000000000000018
567.4,-0.0020000000000000018
567.44,0.0040000000000000036
567.48,0.0020000000000000018
567.52,-0.003999999999999997
567.5600000000001,-0.003999999999999997
567.6,0.0
567.64,-0.003999999999999997
567.6800000000001,-0.005999999999999998
567.72,-0.0020000000000000018
567.76,-0.0020000000000000018
567.8000000000001,-0.003999999999999997
567.84,-0.0020000000000000018
567.88,-0.0020000000000000018
567.92,-0.003999999999999997
567.96,0.0020000000000000018
568.0,0.006000000000000005
568.04,0.0020000000000000018
568.08,-0.0020000000000000018
568.12,0.006000000000000005
568.16,0.008
568.2,-0.003999999999999997
568.24,-0.0020000000000000018
568.28,0.0020000000000000018
568.32,-0.0020000000000000018
568.36,-0.003999999999999997
568.4,0.0
568.44,-0.003999999999999997
568.48,-0.003999999999999997
568.52,0.0
568.5600000000001,0.0020000000000000018
568.6,-0.005999999999999998
568.64,-0.0020000000000000018
568.6800000000001,0.0040000000000000036
568.72,0.0020000000000000018
568.76,-0.0020000000000000018
568.8000000000001,0.0020000000000000018
568.84,0.0020000000000000018
568.88,-0.003999999999999997
568.92,-0.0020000000000000018
568.96,0.0020000000000000018
569.0,-0.0020000000000000018
569.04,-0.003999999999999997
569.08,-0.0020000000000000018
569.12,-0.003999999999999997
569.16,-0.005999999999999998
569.2,-0.0020000000000000018
569.24,-0.0020000000000000018
569.28,-0.005999999999999998
569.32,-0.0020000000000000018
569.36,0.006000000000000005
569.4,0.0040000000000000036
569.44,-0.0020000000000000018
569.48,0.0020000000000000018
569.52,0.0020000000000000018
569.5600000000001,0.0
569.6,-0.0020000000000000018
569.64,-0.0020000000000000018
569.6800000000001,-0.0020000000000000018
569.72,-0.0020000000000000018
569.76,0.0
569.8000000000001,-0.003999999999999997
569.84,-0.005999999999999998
569.88,-0.003999999999999997
569.92,0.0
569.96,-0.0020000000000000018
570.0,-0.0020000000000000018
570.04,0.0
570.08,0.0020000000000000018
570.12,0.0
570.16,-0.0020000000000000018
570.2,0.0020000000000000018
570.24,0.0020000000000000018
570.28,0.0
570.32,0.0
570.36,0.0
570.4,0.0
570.44,-0.0020000000000000018
570.48,-0.003999999999999997
570.52,-0.008
570.5600000000001,-0.005999999999999998
570.6,0.0
570.64,0.0020000000000000018
570.6800000000001,-0.0020000000000000018
570.72,0.0
570.76,0.0040000000000000036
570.8000000000001,0.0020000000000000018
570.84,-0.0020000000000000018
570.88,-0.0020000000000000018
570.92,0.0040000000000000036
570.96,0.0020000000000000018
571.0,0.0020000000000000018
571.04,0.0020000000000000018
571.08,-0.0020000000000000018
571.12,-0.003999999999999997
571.16,-0.0020000000000000018
571.2,-0.003999999999999997
571.24,-0.005999999999999998
571.28,-0.003999999999999997
571.32,0.0
571.36,-0.0020000000000000018
571.4,-0.003999999999999997
571.44,-0.0020000000000000018
571.48,-0.0020000000000000018
571.52,-0.0020000000000000018
571.5600000000001,-0.0020000000000000018
571.6,0.0020000000000000018
571.64,0.0020000000000000018
571.6800000000001,0.0020000000000000018
571.72,-0.0020000000000000018
571.76,-0.003999999999999997
571.8000000000001,-0.005999999999999998
571.84,0.0
571.88,-0.003999999999999997
571.92,-0.005999999999999998
571.96,0.0
572.0,0.0020000000000000018
572.04,-0.0020000000000000018
572.08,-0.003999999999999997
572.12,0.0
572.16,0.0020000000000000018
572.2,0.0020000000000000018
572.24,0.0040000000000000036
572.28,0.0020000000000000018
572.32,0.0
572.36,0.0040000000000000036
572.4,0.0040000000000000036
572.44,-0.003999999999999997
572.48,-0.003999999999999997
572.52,0.0020000000000000018
572.5600000000001,0.0020000000000000018
572.6,-0.0020000000000000018
572.64,-0.0020000000000000018
572.6800000000001,-0.0020000000000000018
572.72,-0.003999999999999997
572.76,-0.003999999999999997
572.8000000000001,-0.0020000000000000018
572.84,-0.0020000000000000018
572.88,0.0020000000000000018
572.92,0.006000000000000005
572.96,0.0020000000000000018
573.0,-0.003999999999999997
573.04,0.0020000000000000018
573.08,0.0020000000000000018
573.12,-0.005999999999999998
573.16,-0.005999999999999998
573.2,0.0020000000000000018
573.24,0.0
573.28,-0.005999999999999998
573.32,-0.003999999999999997
573.36,-0.0020000000000000018
573.4,-0.003999999999999997
573.44,-0.0020000000000000018
573.48,0.0
573.52,-0.0020000000000000018
573.5600000000001,0.0
573.6,0.006000000000000005
573.64,0.0040000000000000036
573.6800000000001,-0.0020000000000000018
573.72,0.0020000000000000018
573.76,0.0040000000000000036
573.8000000000001,0.0020000000000000018
573.84,0.0020000000000000018
573.88,0.0020000000000000018
573.92,0.0
573.96,-0.003999999999999997
574.0,-0.0020000000000000018
574.04,-0.003999999999999997
574.08,-0.003999999999999997
574.12,0.0
574.16,0.0020000000000000018
574.2,-0.0020000000000000018
574.24,0.0
574.28,0.006000000000000005
574.32,0.0040000000000000036
574.36,-0.0020000000000000018
574.4,0.0
574.44,0.0040000000000000036
574.48,0.0
574.52,-0.003999999999999997
574.5600000000001,-0.0020000000000000018
574.6,-0.0020000000000000018
574.64,-0.003999999999999997
574.6800000000001,-0.0020000000000000018
574.72,-0.003999999999999997
574.76,-0.005999999999999998
574.8000000000001,-0.0020000000000000018
574.84,0.0040000000000000036
574.88,0.0
574.92,-0.003999999999999997
574.96,0.0020000000000000018
575.0,0.0040000000000000036
575.04,0.0
575.08,0.0020000000000000018
575.12,0.0020000000000000018
575.16,0.0020000000000000018
575.2,0.0020000000000000018
575.24,0.0020000000000000018
575.28,-0.003999999999999997
575.32,-0.003999999999999997
575.36,-0.003999999999999997
575.4,-0.003999999999999997
575.44,-0.005999999999999998
575.48,-0.003999999999999997
575.52,0.0020000000000000018
575.5600000000001,0.0020000000000000018
575.6,-0.003999999999999997
575.64,-0.0020000000000000018
575.6800000000001,0.0020000000000000018
575.72,0.0020000000000000018
575.76,-0.0020000000000000018
575.8000000000001,0.0020000000000000018
575.84,0.0020000000000000018
575.88,0.0020000000000000018
575.92,-0.0020000000000000018
575.96,-0.0020000000000000018
576.0,-0.003999999999999997
576.04,-0.0020000000000000018
576.08,0.0020000000000000018
576.12,-0.0020000000000000018
576.16,-0.005999999999999998
576.2,-0.0020000000000000018
576.24,0.0020000000000000018
576.28,-0.0020000000000000018
576.32,-0.003999999999999997
576.36,0.0020000000000000018
576.4,0.0040000000000000036
576.44,0.0020000000000000018
576.48,0.0040000000000000036
576.52,0.0020000000000000018
576.5600000000001,0.0
576.6,0.0
576.64,-0.0020000000000000018
576.6800000000001,-0.005999999999999998
576.72,-0.005999999999999998
576.76,-0.0020000000000000018
576.8000000000001,0.0
576.84,-0.003999999999999997
576.88,-0.003999999999999997
576.92,-0.0020000000000000018
576.96,-0.003999999999999997
577.0,-0.003999999999999997
577.04,0.0
577.08,0.0040000000000000036
577.12,0.0020000000000000018
577.16,0.0020000000000000018
577.2,-0.0020000000000000018
577.24,-0.0020000000000000018
577.28,-0.0020000000000000018
577.32,0.0020000000000000018
577.36,-0.0020000000000000018
577.4,-0.003999999999999997
577.44,0.0020000000000000018
577.48,0.0
577.52,-0.005999999999999998
577.5600000000001,-0.005999999999999998
577.6,-0.0020000000000000018
577.64,0.0
577.6800000000001,0.0020000000000000018
577.72,0.0040000000000000036
577.76,0.0020000000000000018
577.8000000000001,0.0040000000000000036
577.84,0.0040000000000000036
577.88,0.0020000000000000018
577.92,-0.0020000000000000018
577.96,0.0
578.0,0.0040000000000000036
578.04,0.0020000000000000018
578.08,-0.003999999999999997
578.12,0.0020000000000000018
578.16,0.0
578.2,-0.005999999999999998
578.24,-0.003999999999999997
578.28,0.0
578.32,-0.0020000000000000018
578.36,0.0
578.4,0.0
578.44,0.0
578.48,0.0
578.52,0.0020000000000000018
578.5600000000001,0.0020000000000000018
578.6,-0.003999999999999997
578.64,-0.0020000000000000018
578.6800000000001,0.0040000000000000036
578.72,0.0020000000000000018
578.76,-0.003999999999999997
578.8000000000001,-0.005999999999999998
578.84,-0.003999999999999997
578.88,-0.005999999999999998
578.92,-0.005999999999999998
578.96,-0.0020000000000000018
579.0,-0.0020000000000000018
579.04,0.0020000000000000018
579.08,0.0040000000000000036
579.12,0.0020000000000000018
579.16,-0.0020000000000000018
579.2,0.0020000000000000018
579.24,0.0040000000000000036
579.28,-0.0020000000000000018
579.32,0.0
579.36,0.0040000000000000036
579.4,-0.0020000000000000018
579.44,-0.003999999999999997
579.48,-0.0020000000000000018
579.52,-0.0020000000000000018
579.5600000000001,-0.0020000000000000018
579.6,-0.0020000000000000018
579.64,-0.003999999999999997
579.6800000000001,-0.0020000000000000018
579.72,-0.0020000000000000018
579.76,0.0020000000000000018
579.8000000000001,-0.0020000000000000018
579.84,-0.003999999999999997
579.88,0.0
579.92,0.006000000000000005
579.96,0.0020000000000000018
580.0,0.0
580.04,0.0020000000000000018
580.08,0.0020000000000000018
580.12,-0.0020000000000000018
580.16,-0.0020000000000000018
580.2,-0.003999999999999997
580.24,-0.005999999999999998
580.28,-0.0020000000000000018
580.32,0.0020000000000000018
580.36,-0.0020000000000000018
580.4,-0.003999999999999997
580.44,0.0020000000000000018
580.48,0.0040000000000000036
580.52,0.0
580.5600000000001,-0.0020000000000000018
580.6,0.0040000000000000036
580.64,0.0040000000000000036
580.6800000000001,-0.0020000000000000018
580.72,0.0020000000000000018
580.76,0.0020000000000000018
580.8000000000001,-0.0020000000000000018
580.84,-0.003999999999999997
580.88,-0.0020000000000000018
580.92,-0.003999999999999997
580.96,0.0
581.0,0.0020000000000000018
581.04,-0.003999999999999997
581.08,-0.005999999999999998
581.12,-0.0020000000000000018
581.16,0.0020000000000000018
581.2,-0.0020000000000000018
581.24,0.0
581.28,0.0020000000000000018
581.32,0.0040000000000000036
581.36,0.0020000000000000018
581.4,0.0
581.44,-0.0020000000000000018
581.48,-0.0020000000000000018
581.52,0.0
581.5600000000001,0.0020000000000000018
581.6,-0.003999999999999997
581.64,-0.003999999999999997
581.6800000000001,0.0020000000000000018
581.72,0.0020000000000000018
581.76,-0.003999999999999997
581.8000000000001,-0.003999999999999997
581.84,0.0020000000000000018
581.88,0.0020000000000000018
581.92,0.0040000000000000036
581.96,0.0020000000000000018
582.0,0.006000000000000005
582.04,0.0020000000000000018
582.08,-0.0020000000000000018
582.12,0.0020000000000000018
582.16,-0.0020000000000000018
582.2,0.0
582.24,0.0020000000000000018
582.28,-0.0020000000000000018
582.32,-0.005999999999999998
582.36,-0.003999999999999997
582.4,-0.0020000000000000018
582.44,-0.005999999999999998
582.48,-0.008
582.52,-0.0020000000000000018
582.5600000000001,0.0020000000000000018
582.6,0.0
582.64,0.0020000000000000018
582.6800000000001,0.0
582.72,0.0
582.76,0.0020000000000000018
582.8000000000001,0.0020000000000000018
582.84,-0.0020000000000000018
582.88,-0.0020000000000000018
582.92,0.0040000000000000036
582.96,-0.0020000000000000018
583.0,-0.005999999999999998
583.04,-0.003999999999999997
583.08,-0.0020000000000000018
583.12,-0.0020000000000000018
583.16,-0.0020000000000000018
583.2,0.0020000000000000018
583.24,0.0040000000000000036
583.28,0.0020000000000000018
583.32,0.0020000000000000018
583.36,0.0
583.4,0.0020000000000000018
583.44,0.0040000000000000036
583.48,0.006000000000000005
583.52,0.0020000000000000018
583.5600000000001,-0.0020000000000000018
583.6,0.0040000000000000036
583.64,-0.0020000000000000018
583.6800000000001,-0.005999999999999998
583.72,-0.003999999999999997
583.76,-0.0020000000000000018
583.8000000000001,-0.0020000000000000018
583.84,-0.0020000000000000018
583.88,0.0
583.92,0.0020000000000000018
583.96,0.0
584.0,0.0020000000000000018
584.04,0.0
584.08,-0.005999999999999998
584.12,0.0040000000000000036
584.16,0.008
584.2,0.0
584.24,-0.003999999999999997
584.28,-0.0020000000000000018
584.32,-0.0020000000000000018
584.36,-0.003999999999999997
584.4,-0.003999999999999997
584.44,-0.0020000000000000018
584.48,-0.003999999999999997
584.52,-0.0020000000000000018
584.5600000000001,0.0
584.6,0.0
584.64,-0.003999999999999997
584.6800000000001,0.0020000000000000018
584.72,0.0020000000000000018
584.76,-0.0020000000000000018
584.8000000000001,0.0020000000000000018
584.84,0.006000000000000005
584.88,0.0020000000000000018
584.92,-0.0020000000000000018
584.96,-0.0020000000000000018
585.0,-0.0020000000000000018
585.04,-0.003999999999999997
585.08,-0.003999999999999997
585.12,-0.0020000000000000018
585.16,-0.003999999999999997
585.2,-0.0020000000000000018
585.24,0.0020000000000000018
585.28,-0.005999999999999998
585.32,-0.003999999999999997
585.36,0.0040000000000000036
585.4,0.006000000000000005
585.44,-0.0020000000000000018
585.48,-0.0020000000000000018
585.52,0.006000000000000005
585.5600000000001,0.0020000000000000018
585.6,-0.0020000000000000018
585.64,0.0
585.6800000000001,-0.0020000000000000018
585.72,-0.0020000000000000018
585.76,-0.0020000000000000018
585.8000000000001,-0.0020000000000000018
585.84,-0.0020000000000000018
585.88,-0.003999999999999997
585.92,0.0
585.96,-0.0020000000000000018
586.0,-0.003999999999999997
586.04,0.0
586.08,0.0040000000000000036
586.12,0.0020000000000000018
586.16,0.0
586.2,0.0020000000000000018
586.24,0.0020000000000000018
586.28,0.0
586.32,-0.003999999999999997
586.36,-0.0020000000000000018
586.4,-0.0020000000000000018
586.44,-0.0020000000000000018
586.48,-0.0020000000000000018
586.52,-0.005999999999999998
586.5600000000001,-0.005999999999999998
586.6,-0.0020000000000000018
586.64,0.0
586.6800000000001,-0.003999999999999997
586.72,-0.003999999999999997
586.76,0.0020000000000000018
586.8000000000001,0.0020000000000000018
586.84,-0.0020000000000000018
586.88,0.0
586.92,0.0020000000000000018
586.96,-0.0020000000000000018
587.0,0.0
587.04,0.0020000000000000018
587.08,-0.0020000000000000018
587.12,0.0020000000000000018
587.16,0.0
587.2,-0.0020000000000000018
587.24,-0.005999999999999998
587.28,-0.003999999999999997
587.32,-0.0020000000000000018
587.36,0.0
587.4,0.0
587.44,0.0040000000000000036
587.48,0.006000000000000005
587.52,0.0020000000000000018
587.5600000000001,0.0
587.6,0.0020000000000000018
587.64,0.0040000000000000036
587.6800000000001,0.0020000000000000018
587.72,0.0
587.76,-0.0020000000000000018
587.8000000000001,-0.0020000000000000018
587.84,0.0020000000000000018
587.88,-0.003999999999999997
587.92,-0.008
587.96,-0.003999999999999997
588.0,0.0020000000000000018
588.04,0.0020000000000000018
588.08,-0.003999999999999997
588.12,0.0
588.16,-0.0020000000000000018
588.2,-0.0020000000000000018
588.24,-0.0020000000000000018
588.28,-0.0020000000000000018
588.32,-0.0020000000000000018
588.36,0.0020000000000000018
588.4,0.0020000000000000018
588.44,-0.0020000000000000018
588.48,-0.003999999999999997
588.52,-0.003999999999999997
588.5600000000001,-0.0020000000000000018
588.6,-0.005999999999999998
588.64,-0.003999999999999997
588.6800000000001,0.0
588.72,0.0
588.76,-0.003999999999999997
588.8000000000001,0.0020000000000000018
588.84,0.0020000000000000018
588.88,0.0020000000000000018
588.92,0.0020000000000000018
588.96,0.0040000000000000036
589.0,0.0020000000000000018
589.04,0.0040000000000000036
589.08,0.006000000000000005
589.12,-0.0020000000000000018
589.16,-0.005999999999999998
589.2,-0.0020000000000000018
589.24,-0.0020000000000000018
589.28,-0.003999999999999997
589.32,-0.003999999999999997
589.36,0.0020000000000000018
589.4,0.0020000000000000018
589.44,-0.003999999999999997
589.48,-0.0020000000000000018
589.52,-0.0020000000000000018
589.5600000000001,-0.0020000000000000018
589.6,0.0020000000000000018
589.64,0.006000000000000005
589.6800000000001,0.0
589.72,-0.0020000000000000018
589.76,0.006000000000000005
589.8000000000001,0.0
589.84,-0.003999999999999997
589.88,-0.0020000000000000018
589.92,-0.0020000000000000018
589.96,-0.003999999999999997
590.0,-0.003999999999999997
590.04,-0.0020000000000000018
590.08,-0.0020000000000000018
590.12,-0.0020000000000000018
590.16,0.0
590.2,-0.0020000000000000018
590.24,-0.0020000000000000018
590.28,0.006000000000000005
590.32,0.008
590.36,0.0
590.4,-0.0020000000000000018
590.44,0.0040000000000000036
590.48,-0.0020000000000000018
590.52,-0.003999999999999997
590.5600000000001,-0.0020000000000000018
590.6,0.0020000000000000018
590.64,-0.0020000000000000018
590.6800000000001,-0.0020000000000000018
590.72,-0.0020000000000000018
590.76,-0.003999999999999997
590.8000000000001,-0.005999999999999998
590.84,0.0020000000000000018
590.88,0.0
590.92,-0.003999999999999997
590.96,0.0
591.0,0.0040000000000000036
591.04,0.0020000000000000018
591.08,0.0
591.12,0.0020000000000000018
591.16,-0.0020000000000000018
591.2,-0.0020000000000000018
591.24,-0.0020000000000000018
591.28,0.0020000000000000018
591.32,-0.0020000000000000018
591.36,-0.0020000000000000018
591.4,-0.003999999999999997
591.44,-0.003999999999999997
591.48,-0.0020000000000000018
591.52,0.0020000000000000018
591.5600000000001,0.0020000000000000018
591.6,-0.0020000000000000018
591.64,0.0020000000000000018
591.6800000000001,0.008
591.72,0.0020000000000000018
591.76,-0.0020000000000000018
591.8000000000001,0.0020000000000000018
591.84,0.0020000000000000018
591.88,0.0020000000000000018
591.92,0.0020000000000000018
591.96,-0.0020000000000000018
592.0,-0.003999999999999997
592.04,-0.0020000000000000018
592.08,-0.0020000000000000018
592.12,-0.003999999999999997
592.16,-0.005999999999999998
592.2,-0.003999999999999997
592.24,0.0020000000000000018
592.28,0.0
592.32,-0.0020000000000000018
592.36,0.0020000000000000018
592.4,0.0
592.44,-0.0020000000000000018
592.48,0.0
592.52,0.0
592.5600000000001,0.0
592.6,0.0020000000000000018
592.64,-0.0020000000000000018
592.6800000000001,-0.003999999999999997
592.72,-0.003999999999999997
592.76,-0.0020000000000000018
592.8000000000001,-0.003999999999999997
592.84,-0.005999999999999998
592.88,0.0
592.92,0.006000000000000005
592.96,0.0020000000000000018
593.0,-0.0020000000000000018
593.04,-0.0020000000000000018
593.08,0.006000000000000005
593.12,-0.0020000000000000018
593.16,0.0020000000000000018
593.2,0.0020000000000000018
593.24,0.0020000000000000018
593.28,0.0020000000000000018
593.32,0.0040000000000000036
593.36,-0.003999999999999997
593.4,-0.005999999999999998
593.44,-0.003999999999999997
593.48,0.0020000000000000018
593.52,-0.0020000000000000018
593.5600000000001,-0.0020000000000000018
593.6,0.0020000000000000018
593.64,0.0
593.6800000000001,-0.003999999999999997
593.72,0.0
593.76,0.0020000000000000018
593.8000000000001,0.0020000000000000018
593.84,0.0020000000000000018
593.88,0.0020000000000000018
593.92,0.0
593.96,-0.003999999999999997
594.0,-0.0020000000000000018
594.04,-0.003999999999999997
594.08,-0.009999999999999995
594.12,-0.003999999999999997
594.16,0.0020000000000000018
594.2,-0.003999999999999997
594.24,-0.003999999999999997
594.28,-0.0020000000000000018
594.32,0.0020000000000000018
594.36,-0.003999999999999997
594.4,-0.0020000000000000018
594.44,0.0020000000000000018
594.48,0.0020000000000000018
594.52,0.0040000000000000036
594.5600000000001,0.006000000000000005
594.6,-0.0020000000000000018
594.64,-0.003999999999999997
594.6800000000001,0.0020000000000000018
594.72,0.0
594.76,-0.0020000000000000018
594.8000000000001,-0.003999999999999997
594.84,0.0
594.88,-0.003999999999999997
594.92,-0.005999999999999998
594.96,-0.0020000000000000018
595.0,-0.0020000000000000018
595.04,-0.0020000000000000018
595.08,0.0020000000000000018
595.12,0.0040000000000000036
595.16,0.0020000000000000018
595.2,0.0020000000000000018
595.24,0.006000000000000005
595.28,-0.0020000000000000018
595.32,-0.003999999999999997
595.36,0.0020000000000000018
595.4,0.0020000000000000018
595.44,-0.003999999999999997
595.48,-0.003999999999999997
595.52,0.0020000000000000018
595.5600000000001,0.0020000000000000018
595.6,-0.005999999999999998
595.64,-0.0020000000000000018
595.6800000000001,-0.0020000000000000018
595.72,0.0
595.76,0.0040000000000000036
595.8000000000001,0.0020000000000000018
595.84,-0.0020000000000000018
595.88,0.0020000000000000018
595.92,0.0040000000000000036
595.96,0.0040000000000000036
596.0,-0.0020000000000000018
596.04,-0.0020000000000000018
596.08,0.0020000000000000018
596.12,0.0
596.16,-0.003999999999999997
596.2,-0.003999999999999997
596.24,-0.003999999999999997
596.28,-0.003999999999999997
596.32,-0.003999999999999997
596.36,-0.003999999999999997
596.4,-0.0020000000000000018
596.44,0.0020000000000000018
596.48,0.0020000000000000018
596.52,0.0
596.5600000000001,-0.0020000000000000018
596.6,0.0020000000000000018
596.64,0.0020000000000000018
596.6800000000001,-0.003999999999999997
596.72,-0.0020000000000000018
596.76,0.0020000000000000018
596.8000000000001,0.0020000000000000018
596.84,-0.003999999999999997
596.88,-0.003999999999999997
596.92,-0.0020000000000000018
596.96,-0.0020000000000000018
597.0,-0.0020000000000000018
597.04,-0.0020000000000000018
597.08,-0.0020000000000000018
597.12,0.0
597.16,0.006000000000000005
597.2,0.006000000000000005
597.24,0.0
597.28,0.0020000000000000018
597.32,0.0040000000000000036
597.36,0.0020000000000000018
597.4,0.0
597.44,0.0040000000000000036
597.48,0.0020000000000000018
597.52,-0.0020000000000000018
597.5600000000001,-0.0020000000000000018
597.6,-0.003999999999999997
597.64,-0.005999999999999998
597.6800000000001,-0.0020000000000000018
597.72,0.0020000000000000018
597.76,-0.0020000000000000018
597.8000000000001,-0.0020000000000000018
597.84,0.0020000000000000018
597.88,0.0
597.92,-0.003999999999999997
597.96,0.0
598.0,0.0040000000000000036
598.04,0.0020000000000000018
598.08,-0.003999999999999997
598.12,0.0020000000000000018
598.16,0.0
598.2,-0.0020000000000000018
598.24,-0.0020000000000000018
598.28,-0.003999999999999997
598.32,-0.008
598.36,-0.0020000000000000018
598.4,0.0040000000000000036
598.44,-0.003999999999999997
598.48,-0.005999999999999998
598.52,0.0
598.5600000000001,0.0020000000000000018
598.6,-0.0020000000000000018
598.64,0.0020000000000000018
598.6800000000001,0.006000000000000005
598.72,0.0040000000000000036
598.76,0.0020000000000000018
598.8000000000001,0.0020000000000000018
598.84,-0.0020000000000000018
598.88,-0.005999999999999998
598.92,-0.0020000000000000018
598.96,-0.0020000000000000018
599.0,-0.003999999999999997
599.04,0.0
599.08,0.0020000000000000018
599.12,-0.003999999999999997
599.16,-0.005999999999999998
599.2,0.0020000000000000018
599.24,0.0020000000000000018
599.28,-0.0020000000000000018
599.32,0.0020000000000000018
599.36,0.0040000000000000036
599.4,0.0020000000000000018
599.44,0.0020000000000000018
599.48,0.0020000000000000018
599.52,-0.003999999999999997
599.5600000000001,-0.003999999999999997
599.6,0.0020000000000000018
599.64,0.0020000000000000018
599.6800000000001,-0.005999999999999998
599.72,-0.003999999999999997
599.76,0.0020000000000000018
599.8000000000001,-0.0020000000000000018
599.84,-0.005999999999999998
599.88,-0.0020000000000000018
599.92,0.0020000000000000018
599.96,0.0020000000000000018
600.0,0.006000000000000005
600.04,0.0040000000000000036
600.08,0.0
600.12,0.0020000000000000018
600.16,0.0020000000000000018
600.2,-0.0020000000000000018
600.24,-0.003999999999999997
600.28,0.0
600.32,0.0020000000000000018
600.36,-0.003999999999999997
600.4,-0.003999999999999997
600.44,-0.0020000000000000018
600.48,-0.003999999999999997
600.52,-0.005999999999999998
600.5600000000001,-0.003999999999999997
600.6,-0.0020000000000000018
600.64,0.0
600.6800000000001,0.0020000000000000018
600.72,0.0
600.76,-0.0020000000000000018
600.8000000000001,-0.0020000000000000018
600.84,0.0020000000000000018
600.88,0.0020000000000000018
600.92,-0.0020000000000000018
600.96,-0.0020000000000000018
601.0,0.0020000000000000018
601.04,-0.0020000000000000018
601.08,-0.005999999999999998
601.12,-0.005999999999999998
601.16,-0.0020000000000000018
601.2,0.0
601.24,-0.0020000000000000018
601.28,0.0
601.32,0.0020000000000000018
601.36,0.0020000000000000018
601.4,0.0040000000000000036
601.44,0.0020000000000000018
601.48,0.0020000000000000018
601.52,0.0020000000000000018
601.5600000000001,0.006000000000000005
601.6,0.0020000000000000018
601.64,-0.0020000000000000018
601.6800000000001,0.0020000000000000018
601.72,0.0020000000000000018
601.76,-0.005999999999999998
601.8000000000001,-0.005999999999999998
601.84,0.0020000000000000018
601.88,-0.0020000000000000018
601.92,-0.003999999999999997
601.96,-0.0020000000000000018
602.0,0.0
602.04,-0.0020000000000000018
602.08,0.0020000000000000018
602.12,0.0020000000000000018
602.16,-0.0020000000000000018
602.2,0.0020000000000000018
602.24,0.006000000000000005
602.28,0.0020000000000000018
602.32,-0.005999999999999998
602.36,-0.003999999999999997
602.4,-0.0020000000000000018
602.44,-0.005999999999999998
602.48,-0.005999999999999998
602.52,-0.003999999999999997
602.5600000000001,-0.0020000000000000018
602.6,-0.0020000000000000018
602.64,0.0020000000000000018
602.6800000000001,-0.0020000000000000018
602.72,-0.0020000000000000018
602.76,0.0
602.8000000000001,0.0020000000000000018
602.84,-0.0020000000000000018
602.88,0.0
602.92,0.008
602.96,0.0040000000000000036
603.0,-0.003999999999999997
603.04,-0.0020000000000000018
603.08,0.0020000000000000018
603.12,-0.0020000000000000018
603.16,-0.003999999999999997
603.2,-0.0020000000000000018
603.24,-0.0020000000000000018
603.28,-0.0020000000000000018
603.32,0.0
603.36,-0.0020000000000000018
603.4,-0.003999999999999997
603.44,0.0020000000000000018
603.48,0.006000000000000005
603.52,0.0020000000000000018
603.5600000000001,-0.0020000000000000018
603.6,0.0040000000000000036
603.64,0.0040000000000000036
603.6800000000001,-0.0020000000000000018
603.72,-0.003999999999999997
603.76,-0.0020000000000000018
603.8000000000001,-0.003999999999999997
603.84,-0.0020000000000000018
603.88,0.0020000000000000018
603.92,-0.0020000000000000018
603.96,-0.003999999999999997
604.0,0.0
604.04,-0.0020000000000000018
604.08,-0.005999999999999998
604.12,0.0
604.16,0.0040000000000000036
604.2,0.0020000000000000018
604.24,0.0
604.28,0.0040000000000000036
604.32,0.0020000000000000018
604.36,0.0020000000000000018
604.4,-0.0020000000000000018
604.44,-0.0020000000000000018
604.48,-0.0020000000000000018
604.52,0.0
604.5600000000001,0.0
604.6,-0.005999999999999998
604.64,-0.005999999999999998
604.6800000000001,-0.0020000000000000018
604.72,-0.0020000000000000018
604.76,-0.005999999999999998
604.8000000000001,0.0
604.84,0.0040000000000000036
604.88,0.0040000000000000036
604.92,0.0020000000000000018
604.96,-0.0020000000000000018
605.0,-0.003999999999999997
605.04,-0.0020000000000000018
605.08,0.0020000000000000018
605.12,0.0
605.16,-0.0020000000000000018
605.2,0.0020000000000000018
605.24,0.0020000000000000018
605.28,-0.003999999999999997
605.32,-0.003999999999999997
605.36,-0.0020000000000000018
605.4,-0.0020000000000000018
605.44,-0.003999999999999997
605.48,-0.0020000000000000018
605.52,0.0020000000000000018
605.5600000000001,0.0020000000000000018
605.6,0.0020000000000000018
605.64,0.0020000000000000018
605.6800000000001,0.0020000000000000018
605.72,0.0040000000000000036
605.76,0.006000000000000005
605.8000000000001,0.0040000000000000036
605.84,-0.0020000000000000018
605.88,0.0
605.92,0.0020000000000000018
605.96,-0.003999999999999997
606.0,-0.005999999999999998
606.04,-0.003999999999999997
606.08,0.0020000000000000018
606.12,0.0020000000000000018
606.16,-0.0020000000000000018
606.2,-0.0020000000000000018
606.24,-0.0020000000000000018
606.28,-0.0020000000000000018
606.32,0.0
606.36,0.0
606.4,-0.0020000000000000018
606.44,0.0020000000000000018
606.48,0.0020000000000000018
606.52,-0.0020000000000000018
606.5600000000001,-0.003999999999999997
606.6,-0.0020000000000000018
606.64,-0.0020000000000000018
606.6800000000001,-0.008
606.72,-0.005999999999999998
606.76,-0.0020000000000000018
606.8000000000001,-0.0020000000000000018
606.84,-0.003999999999999997
606.88,-0.0020000000000000018
606.92,0.0
606.96,-0.0020000000000000018
607.0,0.0020000000000000018
607.04,0.0040000000000000036
607.08,0.0020000000000000018
607.12,0.0040000000000000036
607.16,0.006000000000000005
607.2,0.0
607.24,-0.005999999999999998
607.28,-0.0020000000000000018
607.32,0.0020000000000000018
607.36,0.0
607.4,-0.003999999999999997
607.44,0.0
607.48,0.0
607.52,-0.0020000000000000018
607.5600000000001,0.0
607.6,0.0
607.64,-0.003999999999999997
607.6800000000001,0.0020000000000000018
607.72,0.0040000000000000036
607.76,0.0
607.8000000000001,0.0
607.84,0.006000000000000005
607.88,0.0020000000000000018
607.92,-0.003999999999999997
607.96,-0.0020000000000000018
608.0,0.0
608.04,-0.003999999999999997
608.08,-0.003999999999999997
608.12,-0.0020000000000000018
608.16,-0.0020000000000000018
608.2,-0.005999999999999998
608.24,-0.003999999999999997
608.28,-0.0020000000000000018
608.32,-0.003999999999999997
608.36,0.0020000000000000018
608.4,0.006000000000000005
608.44,0.0
608.48,-0.003999999999999997
608.52,0.0040000000000000036
608.5600000000001,0.0040000000000000036
608.6,-0.003999999999999997
608.64,-0.003999999999999997
608.6800000000001,-0.0020000000000000018
608.72,0.0
608.76,0.0
608.8000000000001,0.0
608.84,-0.003999999999999997
608.88,-0.003999999999999997
608.92,-0.0020000000000000018
608.96,0.0
609.0,-0.003999999999999997
609.04,0.0020000000000000018
609.08,0.006000000000000005
609.12,0.0040000000000000036
609.16,-0.0020000000000000018
609.2,0.0020000000000000018
609.24,0.0020000000000000018
609.28,-0.0020000000000000018
609.32,-0.0020000000000000018
609.36,0.0
609.4,-0.0020000000000000018
609.44,-0.003999999999999997
609.48,-0.003999999999999997
609.52,-0.005999999999999998
609.5600000000001,-0.003999999999999997
609.6,0.0020000000000000018
609.64,0.0
609.6800000000001,-0.0020000000000000018
609.72,0.0
609.76,0.006000000000000005
609.8000000000001,0.006000000000000005
609.84,-0.0020000000000000018
609.88,-0.003999999999999997
609.92,0.0020000000000000018
609.96,0.0020000000000000018
610.0,0.0020000000000000018
610.04,0.0
610.08,-0.0020000000000000018
610.12,-0.0020000000000000018
610.16,-0.0020000000000000018
610.2,-0.003999999999999997
610.24,-0.003999999999999997
610.28,-0.0020000000000000018
610.32,0.0020000000000000018
610.36,0.0020000000000000018
610.4,-0.0020000000000000018
610.44,0.0
610.48,0.0020000000000000018
610.52,0.0020000000000000018
610.5600000000001,0.0
610.6,0.0020000000000000018
610.64,0.0020000000000000018
610.6800000000001,0.0
610.72,-0.0020000000000000018
610.76,-0.003999999999999997
610.8000000000001,-0.005999999999999998
610.84,-0.003999999999999997
610.88,-0.003999999999999997
610.92,-0.005999999999999998
610.96,-0.003999999999999997
611.0,0.0020000000000000018
611.04,0.0020000000000000018
611.08,-0.003999999999999997
611.12,-0.003999999999999997
611.16,0.0
611.2,0.0020000000000000018
611.24,0.0
611.28,0.0020000000000000018
611.32,0.0020000000000000018
611.36,0.0020000000000000018
611.4,0.0020000000000000018
611.44,-0.0020000000000000018
611.48,-0.003999999999999997
611.52,-0.0020000000000000018
611.5600000000001,0.0020000000000000018
611.6,-0.0020000000000000018
611.64,-0.003999999999999997
611.6800000000001,0.0
611.72,0.0020000000000000018
611.76,-0.0020000000000000018
611.8000000000001,0.0
611.84,0.0040000000000000036
611.88,0.0020000000000000018
611.92,0.0040000000000000036
611.96,0.006000000000000005
612.0,0.0020000000000000018
612.04,-0.0020000000000000018
612.08,0.0020000000000000018
612.12,-0.0020000000000000018
612.16,-0.005999999999999998
612.2,-0.003999999999999997
612.24,0.0020000000000000018
612.28,-0.0020000000000000018
612.32,-0.005999999999999998
612.36,-0.0020000000000000018
612.4,0.0020000000000000018
612.44,-0.0020000000000000018
612.48,-0.003999999999999997
612.52,-0.003999999999999997
612.5600000000001,-0.0020000000000000018
612.6,0.0020000000000000018
612.64,0.0040000000000000036
612.6800000000001,-0.0020000000000000018
612.72,-0.003999999999999997
612.76,0.0
612.8000000000001,0.0020000000000000018
612.84,-0.003999999999999997
612.88,-0.003999999999999997
612.92,-0.0020000000000000018
612.96,-0.0020000000000000018
613.0,-0.003999999999999997
613.04,-0.0020000000000000018
613.08,0.0
613.12,-0.0020000000000000018
613.16,0.0020000000000000018
613.2,0.0040000000000000036
613.24,0.0040000000000000036
613.28,0.0040000000000000036
613.32,0.006000000000000005
613.36,0.0020000000000000018
613.4,-0.0020000000000000018
613.44,0.0
613.48,0.0040000000000000036
613.52,-0.0020000000000000018
613.5600000000001,-0.003999999999999997
613.6,0.0
613.64,0.0
613.6800000000001,-0.0020000000000000018
613.72,-0.0020000000000000018
613.76,-0.003999999999999997
613.8000000000001,-0.003999999999999997
613.84,0.0
613.88,0.0020000000000000018
613.92,-0.0020000000000000018
613.96,-0.0020000000000000018
614.0,0.0040000000000000036
614.04,0.0040000000000000036
614.08,-0.0020000000000000018
614.12,-0.003999999999999997
614.16,0.0020000000000000018
614.2,0.0
614.24,-0.003999999999999997
614.28,-0.003999999999999997
614.32,-0.003999999999999997
614.36,-0.003999999999999997
614.4,-0.003999999999999997
614.44,-0.003999999999999997
614.48,-0.0020000000000000018
614.52,0.0020000000000000018
614.5600000000001,0.006000000000000005
614.6,0.0020000000000000018
614.64,0.0
614.6800000000001,0.0020000000000000018
614.72,0.0040000000000000036
614.76,0.0
614.8000000000001,-0.0020000000000000018
614.84,0.0020000000000000018
614.88,0.0040000000000000036
614.92,0.0
614.96,-0.0020000000000000018
615.0,-0.0020000000000000018
615.04,-0.003999999999999997
615.08,-0.003999999999999997
615.12,-0.003999999999999997
615.16,-0.003999999999999997
615.2,-0.0020000000000000018
615.24,0.0040000000000000036
615.28,0.0020000000000000018
615.32,-0.003999999999999997
615.36,-0.0020000000000000018
615.4,0.0020000000000000018
615.44,0.0020000000000000018
615.48,-0.0020000000000000018
615.52,0.0020000000000000018
615.5600000000001,0.0020000000000000018
615.6,-0.0020000000000000018
615.64,-0.003999999999999997
615.6800000000001,-0.0020000000000000018
615.72,-0.003999999999999997
615.76,-0.0020000000000000018
615.8000000000001,0.0020000000000000018
615.84,0.0
615.88,-0.0020000000000000018
615.92,0.0020000000000000018
615.96,0.0020000000000000018
616.0,-0.0020000000000000018
616.04,-0.0020000000000000018
616.08,0.0040000000000000036
616.12,0.006000000000000005
616.16,0.0020000000000000018
616.2,0.0020000000000000018
616.24,0.0020000000000000018
616.28,0.0
616.32,-0.0020000000000000018
616.36,-0.0020000000000000018
616.4,-0.003999999999999997
616.44,-0.003999999999999997
616.48,0.0020000000000000018
616.52,-0.0020000000000000018
616.5600000000001,-0.005999999999999998
616.6,-0.0020000000000000018
616.64,0.0020000000000000018
616.6800000000001,0.0
616.72,-0.0020000000000000018
616.76,0.0020000000000000018
616.8000000000001,0.0040000000000000036
616.84,0.0
616.88,0.0
616.92,-0.0020000000000000018
616.96,-0.005999999999999998
617.0,-0.003999999999999997
617.04,-0.0020000000000000018
617.08,-0.003999999999999997
617.12,-0.003999999999999997
617.16,0.0020000000000000018
617.2,0.0
617.24,-0.005999999999999998
617.28,-0.003999999999999997
617.32,0.0020000000000000018
617.36,0.0
617.4,0.0
617.44,0.0040000000000000036
617.48,0.006000000000000005
617.52,0.0020000000000000018
617.5600000000001,0.0020000000000000018
617.6,0.0
617.64,-0.0020000000000000018
617.6800000000001,0.0020000000000000018
617.72,0.0040000000000000036
617.76,-0.0020000000000000018
617.8000000000001,-0.003999999999999997
617.84,0.0
617.88,0.0020000000000000018
617.92,-0.003999999999999997
617.96,-0.0020000000000000018
618.0,0.0020000000000000018
618.04,0.0020000000000000018
618.08,0.0020000000000000018
618.12,0.0040000000000000036
618.16,0.0
618.2,0.0
618.24,-0.0020000000000000018
618.28,0.0020000000000000018
618.32,-0.003999999999999997
618.36,-0.003999999999999997
618.4,0.0
618.44,-0.0020000000000000018
618.48,-0.005999999999999998
618.52,-0.005999999999999998
618.5600000000001,-0.003999999999999997
618.6,-0.005999999999999998
618.64,-0.005999999999999998
618.6800000000001,-0.0020000000000000018
618.72,0.0020000000000000018
618.76,0.0020000000000000018
618.8000000000001,0.0
618.84,-0.0020000000000000018
618.88,0.0020000000000000018
618.92,0.0040000000000000036
618.96,0.0020000000000000018
619.0,-0.0020000000000000018
619.04,-0.003999999999999997
619.08,0.0
619.12,0.0020000000000000018
619.16,-0.0020000000000000018
619.2,-0.005999999999999998
619.24,-0.003999999999999997
619.28,0.0020000000000000018
619.32,0.0020000000000000018
619.36,0.0020000000000000018
619.4,0.0020000000000000018
619.44,0.0020000000000000018
619.48,0.0040000000000000036
619.52,0.0020000000000000018
619.5600000000001,0.0
619.6,-0.0020000000000000018
619.64,0.0040000000000000036
619.6800000000001,0.0020000000000000018
619.72,-0.0020000000000000018
619.76,-0.0020000000000000018
619.8000000000001,0.0020000000000000018
619.84,-0.003999999999999997
619.88,-0.008
619.92,-0.003999999999999997
619.96,-0.0020000000000000018
620.0,-0.003999999999999997
620.04,-0.0020000000000000018
620.08,0.0
620.12,0.0
620.16,0.0020000000000000018
620.2,0.0020000000000000018
620.24,-0.0020000000000000018
620.28,-0.003999999999999997
620.32,0.0020000000000000018
620.36,0.006000000000000005
620.4,-0.0020000000000000018
620.44,-0.003999999999999997
620.48,-0.0020000000000000018
620.52,-0.0020000000000000018
620.5600000000001,-0.003999999999999997
620.6,-0.0020000000000000018
620.64,0.0
620.6800000000001,-0.0020000000000000018
620.72,0.0040000000000000036
620.76,0.0020000000000000018
620.8000000000001,-0.003999999999999997
620.84,0.0
620.88,0.0040000000000000036
620.92,0.0020000000000000018
620.96,-0.0020000000000000018
621.0,0.0040000000000000036
621.04,0.0040000000000000036
621.08,0.0
621.12,-0.0020000000000000018
621.16,-0.0020000000000000018
621.2,-0.003999999999999997
621.24,-0.003999999999999997
621.28,-0.0020000000000000018
621.32,-0.0020000000000000018
621.36,-0.003999999999999997
621.4,0.0020000000000000018
621.44,0.0
621.48,-0.005999999999999998
621.52,-0.0020000000000000018
621.5600000000001,0.006000000000000005
621.6,0.0040000000000000036
621.64,0.0
621.6800000000001,0.0020000000000000018
621.72,0.0
621.76,-0.0020000000000000018
621.8000000000001,-0.003999999999999997
621.84,-0.0020000000000000018
621.88,-0.0020000000000000018
621.92,0.0
621.96,0.0020000000000000018
622.0,-0.0020000000000000018
622.04,-0.003999999999999997
622.08,0.0
622.12,0.0020000000000000018
622.16,-0.003999999999999997
622.2,-0.0020000000000000018
622.24,0.006000000000000005
622.28,0.0040000000000000036
622.32,0.0040000000000000036
622.36,0.0040000000000000036
622.4,0.0020000000000000018
622.44,-0.003999999999999997
622.48,-0.0020000000000000018
622.52,-0.0020000000000000018
622.5600000000001,-0.003999999999999997
622.6,-0.0020000000000000018
622.64,-0.0020000000000000018
622.6800000000001,-0.003999999999999997
622.72,-0.005999999999999998
622.76,-0.0020000000000000018
622.8000000000001,0.0020000000000000018
622.84,-0.0020000000000000018
622.88,-0.0020000000000000018
622.92,0.0020000000000000018
622.96,0.0020000000000000018
623.0,0.0
623.04,-0.0020000000000000018
623.08,-0.003999999999999997
623.12,-0.003999999999999997
623.16,0.0
623.2,0.0
623.24,-0.003999999999999997
623.28,-0.003999999999999997
623.32,0.0
623.36,-0.0020000000000000018
623.4,-0.005999999999999998
623.44,-0.003999999999999997
623.48,0.0
623.52,0.0020000000000000018
623.5600000000001,0.0020000000000000018
623.6,0.0040000000000000036
623.64,0.006000000000000005
623.6800000000001,0.0020000000000000018
623.72,0.0020000000000000018
623.76,0.0040000000000000036
623.8000000000001,0.0020000000000000018
623.84,0.0020000000000000018
623.88,0.0020000000000000018
623.92,-0.0020000000000000018
623.96,-0.003999999999999997
624.0,0.0
624.04,0.0
624.08,-0.003999999999999997
624.12,-0.003999999999999997
624.16,0.0020000000000000018
624.2,0.0040000000000000036
624.24,-0.0020000000000000018
624.28,0.0
624.32,0.0
624.36,-0.0020000000000000018
624.4,-0.0020000000000000018
624.44,0.0
624.48,-0.003999999999999997
624.52,-0.005999999999999998
624.5600000000001,0.0020000000000000018
624.6,0.0
624.64,-0.005999999999999998
624.6800000000001,-0.005999999999999998
624.72,-0.003999999999999997
624.76,-0.003999999999999997
624.8000000000001,-0.003999999999999997
624.84,-0.0020000000000000018
624.88,0.0020000000000000018
624.92,-0.0020000000000000018
624.96,0.0020000000000000018
625.0,0.006000000000000005
625.04,0.0020000000000000018
625.08,0.0020000000000000018
625.12,0.0020000000000000018
625.16,0.0020000000000000018
625.2,-0.0020000000000000018
625.24,0.0020000000000000018
625.28,0.0020000000000000018
625.32,-0.003999999999999997
625.36,-0.003999999999999997
625.4,0.0020000000000000018
625.44,0.0
625.48,-0.0020000000000000018
625.52,0.0020000000000000018
625.5600000000001,0.0040000000000000036
625.6,0.0020000000000000018
625.64,0.0020000000000000018
625.6800000000001,0.0020000000000000018
625.72,-0.003999999999999997
625.76,0.0
625.8000000000001,0.0040000000000000036
625.84,0.0020000000000000018
625.88,-0.003999999999999997
625.92,-0.0020000000000000018
625.96,0.0
626.0,-0.003999999999999997
626.04,-0.005999999999999998
626.08,-0.003999999999999997
626.12,-0.003999999999999997
626.16,-0.0020000000000000018
626.2,0.0
626.24,-0.0020000000000000018
626.28,-0.0020000000000000018
626.32,0.0
626.36,0.0020000000000000018
626.4,0.0
626.44,0.0020000000000000018
626.48,0.006000000000000005
626.52,0.0020000000000000018
626.5600000000001,-0.0020000000000000018
626.6,-0.003999999999999997
626.64,-0.0020000000000000018
626.6800000000001,-0.003999999999999997
626.72,-0.0020000000000000018
626.76,0.0020000000000000018
626.8000000000001,-0.0020000000000000018
626.84,0.0020000000000000018
626.88,0.0020000000000000018
626.92,-0.003999999999999997
626.96,-0.003999999999999997
627.0,0.0020000000000000018
627.04,0.0040000000000000036
627.08,0.0020000000000000018
627.12,0.0
627.16,0.0020000000000000018
627.2,0.0040000000000000036
627.24,-0.0020000000000000018
627.28,-0.003999999999999997
627.32,-0.003999999999999997
627.36,-0.003999999999999997
627.4,-0.0020000000000000018
627.44,-0.0020000000000000018
627.48,-0.003999999999999997
627.52,-0.003999999999999997
627.5600000000001,0.0
627.6,-0.0020000000000000018
627.64,-0.0020000000000000018
627.6800000000001,0.0020000000000000018
627.72,0.006000000000000005
627.76,0.0040000000000000036
627.8000000000001,0.0020000000000000018
627.84,0.0020000000000000018
627.88,0.0
627.92,-0.0020000000000000018
627.96,-0.0020000000000000018
628.0,0.0020000000000000018
628.04,-0.0020000000000000018
628.08,0.0
628.12,0.0
628.16,-0.003999999999999997
628.2,-0.003999999999999997
628.24,-0.0020000000000000018
628.28,0.0020000000000000018
628.32,-0.0020000000000000018
628.36,-0.0020000000000000018
628.4,0.0040000000000000036
628.44,0.006000000000000005
628.48,0.0020000000000000018
628.52,-0.0020000000000000018
628.5600000000001,-0.0020000000000000018
628.6,-0.0020000000000000018
628.64,-0.0020000000000000018
628.6800000000001,-0.0020000000000000018
628.72,-0.003999999999999997
628.76,-0.003999999999999997
628.8000000000001,-0.003999999999999997
628.84,-0.003999999999999997
628.88,-0.005999999999999998
628.92,-0.003999999999999997
628.96,0.0020000000000000018
629.0,0.0020000000000000018
629.04,-0.0020000000000000018
629.08,0.0020000000000000018
629.12,0.0020000000000000018
629.16,-0.003999999999999997
629.2,-0.0020000000000000018
629.24,0.0020000000000000018
629.28,0.0
629.32,0.0
629.36,0.0020000000000000018
629.4,0.0
629.44,-0.003999999999999997
629.48,0.0
629.52,0.0020000000000000018
629.5600000000001,-0.005999999999999998
629.6,-0.003999999999999997
629.64,0.0040000000000000036
629.6800000000001,0.0040000000000000036
629.72,-0.0020000000000000018
629.76,0.0040000000000000036
629.8000000000001,0.0040000000000000036
629.84,0.0020000000000000018
629.88,0.0020000000000000018
629.92,0.0020000000000000018
629.96,-0.0020000000000000018
630.0,-0.003999999999999997
630.04,0.0020000000000000018
630.08,-0.0020000000000000018
630.12,-0.008
630.16,-0.003999999999999997
630.2,-0.0020000000000000018
630.24,-0.003999999999999997
630.28,-0.003999999999999997
630.32,0.0020000000000000018
630.36,0.0
630.4,-0.0020000000000000018
630.44,0.0020000000000000018
630.48,0.0
630.52,-0.003999999999999997
630.5600000000001,-0.0020000000000000018
630.6,0.0020000000000000018
630.64,-0.0020000000000000018
630.6800000000001,-0.0020000000000000018
630.72,0.0020000000000000018
630.76,0.0
630.8000000000001,-0.005999999999999998
630.84,-0.005999999999999998
630.88,0.0
630.92,-0.0020000000000000018
630.96,-0.0020000000000000018
631.0,0.0020000000000000018
631.04,0.0020000000000000018
631.08,0.0020000000000000018
631.12,0.0040000000000000036
631.16,0.0040000000000000036
631.2,0.0
631.24,0.0040000000000000036
631.28,0.006000000000000005
631.32,0.0020000000000000018
631.36,-0.0020000000000000018
631.4,0.0
631.44,0.0
631.48,-0.003999999999999997
631.52,-0.003999999999999997
631.5600000000001,-0.0020000000000000018
631.6,-0.0020000000000000018
631.64,0.0
631.6800000000001,0.0020000000000000018
631.72,-0.0020000000000000018
631.76,-0.003999999999999997
631.8000000000001,-0.0020000000000000018
631.84,0.0
631.88,-0.0020000000000000018
631.92,0.0020000000000000018
631.96,0.006000000000000005
632.0,0.0
632.04,-0.003999999999999997
632.08,-0.0020000000000000018
632.12,-0.0020000000000000018
632.16,-0.003999999999999997
632.2,-0.005999999999999998
632.24,-0.003999999999999997
632.28,-0.0020000000000000018
632.32,0.0
632.36,0.0
632.4,-0.003999999999999997
632.44,0.0
632.48,0.0020000000000000018
632.52,0.0040000000000000036
632.5600000000001,0.0020000000000000018
632.6,0.0040000000000000036
632.64,0.0040000000000000036
632.6800000000001,0.0020000000000000018
632.72,-0.003999999999999997
632.76,-0.003999999999999997
632.8000000000001,-0.003999999999999997
632.84,-0.0020000000000000018
632.88,-0.0020000000000000018
632.92,0.0
632.96,-0.0020000000000000018
633.0,-0.0020000000000000018
633.04,-0.0020000000000000018
633.08,-0.0020000000000000018
633.12,-0.0020000000000000018
633.16,0.0020000000000000018
633.2,0.0020000000000000018
633.24,0.0020000000000000018
633.28,-0.0020000000000000018
633.32,0.0020000000000000018
633.36,0.0020000000000000018
633.4,-0.003999999999999997
633.44,-0.005999999999999998
633.48,-0.0020000000000000018
633.52,0.0
633.5600000000001,-0.0020000000000000018
633.6,-0.0020000000000000018
633.64,-0.003999999999999997
633.6800000000001,-0.0020000000000000018
633.72,-0.0020000000000000018
633.76,0.0020000000000000018
633.8000000000001,0.0020000000000000018
633.84,0.0020000000000000018
633.88,0.006000000000000005
633.92,0.006000000000000005
633.96,-0.0020000000000000018
634.0,-0.0020000000000000018
634.04,0.0020000000000000018
634.08,0.0
634.12,0.0
634.16,0.0020000000000000018
634.2,-0.0020000000000000018
634.24,-0.0020000000000000018
634.28,0.0
634.32,-0.0020000000000000018
634.36,-0.003999999999999997
634.4,-0.003999999999999997
634.44,0.0020000000000000018
634.48,0.0
634.52,-0.0020000000000000018
634.5600000000001,0.006000000000000005
634.6,0.0020000000000000018
634.64,-0.003999999999999997
634.6800000000001,-0.003999999999999997
634.72,0.0020000000000000018
634.76,-0.003999999999999997
634.8000000000001,-0.003999999999999997
634.84,-0.0020000000000000018
634.88,-0.003999999999999997
634.92,-0.005999999999999998
634.96,-0.0020000000000000018
635.0,-0.003999999999999997
635.04,-0.005999999999999998
635.08,-0.0020000000000000018
635.12,0.006000000000000005
635.16,0.0020000000000000018
635.2,-0.003999999999999997
635.24,0.0040000000000000036
635.28,0.0040000000000000036
635.32,0.0
635.36,0.0020000000000000018
635.4,0.0020000000000000018
635.44,-0.0020000000000000018
635.48,0.0020000000000000018
635.52,0.006000000000000005
635.5600000000001,-0.0020000000000000018
635.6,-0.003999999999999997
635.64,0.0020000000000000018
635.6800000000001,0.0
635.72,-0.003999999999999997
635.76,-0.0020000000000000018
635.8000000000001,0.006000000000000005
635.84,0.0020000000000000018
635.88,-0.0020000000000000018
635.92,0.0040000000000000036
635.96,0.0020000000000000018
636.0,-0.0020000000000000018
636.04,0.0
636.08,0.0020000000000000018
636.12,-0.003999999999999997
636.16,-0.003999999999999997
636.2,-0.0020000000000000018
636.24,-0.005999999999999998
636.28,-0.009999999999999995
636.32,-0.003999999999999997
636.36,-0.0020000000000000018
636.4,-0.003999999999999997
636.44,-0.003999999999999997
636.48,0.0
636.52,0.0020000000000000018
636.5600000000001,0.0
636.6,0.0
636.64,-0.0020000000000000018
636.6800000000001,-0.003999999999999997
636.72,0.0020000000000000018
636.76,0.006000000000000005
636.8000000000001,-0.0020000000000000018
636.84,-0.0020000000000000018
636.88,0.0
636.92,-0.0020000000000000018
636.96,-0.005999999999999998
637.0,-0.0020000000000000018
637.04,0.0020000000000000018
637.08,0.0
637.12,0.0
637.16,0.0020000000000000018
637.2,0.0020000000000000018
637.24,0.0020000000000000018
637.28,0.0020000000000000018
637.32,0.0020000000000000018
637.36,0.0020000000000000018
637.4,0.0020000000000000018
637.44,0.0040000000000000036
637.48,-0.0020000000000000018
637.52,-0.003999999999999997
637.5600000000001,-0.003999999999999997
637.6,-0.0020000000000000018
637.64,-0.005999999999999998
637.6800000000001,-0.003999999999999997
637.72,0.0020000000000000018
637.76,0.0020000000000000018
637.8000000000001,0.0
637.84,-0.0020000000000000018
637.88,-0.0020000000000000018
637.92,0.0
637.96,0.0020000000000000018
638.0,0.0020000000000000018
638.04,0.0020000000000000018
638.08,0.0020000000000000018
638.12,0.0020000000000000018
638.16,0.0020000000000000018
638.2,-0.003999999999999997
638.24,-0.003999999999999997
638.28,-0.0020000000000000018
638.32,-0.003999999999999997
638.36,-0.003999999999999997
638.4,0.0
638.44,0.0020000000000000018
638.48,0.0
638.52,0.0
638.5600000000001,0.0020000000000000018
638.6,0.0040000000000000036
638.64,0.0020000000000000018
638.6800000000001,0.0040000000000000036
638.72,0.0020000000000000018
638.76,0.0020000000000000018
638.8000000000001,0.0020000000000000018
638.84,-0.0020000000000000018
638.88,-0.005999999999999998
638.92,-0.005999999999999998
638.96,0.0
639.0,0.0
639.04,-0.003999999999999997
639.08,-0.0020000000000000018
639.12,-0.0020000000000000018
639.16,-0.003999999999999997
639.2,-0.0020000000000000018
639.24,0.0020000000000000018
639.28,-0.0020000000000000018
639.32,0.0
639.36,0.006000000000000005
639.4,0.0020000000000000018
639.44,-0.0020000000000000018
639.48,0.0
639.52,0.0
639.5600000000001,-0.003999999999999997
639.6,-0.003999999999999997
639.64,0.0
639.6800000000001,-0.0020000000000000018
639.72,-0.003999999999999997
639.76,0.0
639.8000000000001,-0.0020000000000000018
639.84,-0.003999999999999997
639.88,0.0020000000000000018
639.92,0.006000000000000005
639.96,0.0020000000000000018
640.0,0.0040000000000000036
640.04,0.0040000000000000036
640.08,0.0
640.12,-0.003999999999999997
640.16,0.0
640.2,0.0020000000000000018
640.24,-0.0020000000000000018
640.28,-0.003999999999999997
640.32,-0.0020000000000000018
640.36,-0.0020000000000000018
640.4,-0.003999999999999997
640.44,0.0020000000000000018
640.48,-0.003999999999999997
640.52,-0.005999999999999998
640.5600000000001,0.0
640.6,0.0020000000000000018
640.64,-0.0020000000000000018
640.6800000000001,-0.0020000000000000018
640.72,0.0020000000000000018
640.76,0.0020000000000000018
640.8000000000001,-0.0020000000000000018
640.84,-0.0020000000000000018
640.88,-0.0020000000000000018
640.92,-0.003999999999999997
640.96,-0.0020000000000000018
641.0,-0.0020000000000000018
641.04,-0.003999999999999997
641.08,-0.003999999999999997
641.12,0.0
641.16,0.0
641.2,-0.0020000000000000018
641.24,0.006000000000000005
641.28,0.006000000000000005
641.32,0.0020000000000000018
641.36,0.0020000000000000018
641.4,0.006000000000000005
641.44,0.0020000000000000018
641.48,-0.0020000000000000018
641.52,-0.0020000000000000018
641.5600000000001,0.0
641.6,0.0
641.64,0.0020000000000000018
641.6800000000001,0.0020000000000000018
641.72,-0.003999999999999997
641.76,-0.005999999999999998
641.8000000000001,0.0
641.84,-0.0020000000000000018
641.88,-0.003999999999999997
641.92,0.0
641.96,0.0040000000000000036
642.0,0.0020000000000000018
642.04,-0.0020000000000000018
642.08,0.0
642.12,-0.0020000000000000018
642.16,-0.003999999999999997
642.2,-0.0020000000000000018
642.24,-0.003999999999999997
642.28,-0.003999999999999997
642.32,-0.003999999999999997
642.36,-0.003999999999999997
642.4,-0.005999999999999998
642.44,-0.005999999999999998
642.48,-0.0020000000000000018
642.52,0.0
642.5600000000001,0.0020000000000000018
642.6,0.0020000000000000018
642.64,0.006000000000000005
642.6800000000001,0.0020000000000000018
642.72,-0.0020000000000000018
642.76,-0.0020000000000000018
642.8000000000001,0.0
642.84,0.0020000000000000018
642.88,0.0040000000000000036
642.92,0.0020000000000000018
642.96,-0.0020000000000000018
643.0,-0.0020000000000000018
643.04,-0.0020000000000000018
643.08,-0.0020000000000000018
643.12,-0.003999999999999997
643.16,-0.003999999999999997
643.2,0.0020000000000000018
643.24,0.0020000000000000018
643.28,0.0
643.32,0.0020000000000000018
643.36,0.0020000000000000018
643.4,0.0
643.44,0.0
643.48,0.0020000000000000018
643.52,0.0
643.5600000000001,0.0
643.6,-0.0020000000000000018
643.64,-0.003999999999999997
643.6800000000001,-0.005999999999999998
643.72,-0.003999999999999997
643.76,-0.0020000000000000018
643.8000000000001,-0.003999999999999997
643.84,0.0
643.88,0.0040000000000000036
643.92,0.0020000000000000018
643.96,-0.0020000000000000018
644.0,-0.0020000000000000018
644.04,0.0020000000000000018
644.08,0.0020000000000000018
644.12,0.0040000000000000036
644.16,0.0020000000000000018
644.2,-0.0020000000000000018
644.24,0.0
644.28,0.0020000000000000018
644.32,-0.0020000000000000018
644.36,-0.005999999999999998
644.4,-0.003999999999999997
644.44,0.0020000000000000018
644.48,0.0
644.52,-0.0020000000000000018
644.5600000000001,0.0020000000000000018
644.6,0.0020000000000000018
644.64,-0.0020000000000000018
644.6800000000001,0.0
644.72,0.0020000000000000018
644.76,0.0020000000000000018
644.8000000000001,0.0040000000000000036
644.84,0.0040000000000000036
644.88,-0.0020000000000000018
644.92,-0.003999999999999997
644.96,-0.0020000000000000018
645.0,-0.003999999999999997
645.04,-0.005999999999999998
645.08,-0.0020000000000000018
645.12,0.0020000000000000018
645.16,-0.003999999999999997
645.2,-0.0020000000000000018
645.24,0.0
645.28,0.0
645.32,0.0
645.36,0.0020000000000000018
645.4,0.0020000000000000018
645.44,-0.0020000000000000018
645.48,0.006000000000000005
645.52,0.006000000000000005
645.5600000000001,-0.0020000000000000018
645.6,-0.003999999999999997
645.64,0.0
645.6800000000001,-0.0020000000000000018
645.72,-0.003999999999999997
645.76,-0.0020000000000000018
645.8000000000001,0.0
645.84,-0.0020000000000000018
645.88,-0.0020000000000000018
645.92,-0.0020000000000000018
645.96,-0.0020000000000000018
646.0,-0.0020000000000000018
646.04,0.006000000000000005
646.08,0.0020000000000000018
646.12,0.0
646.16,-0.0020000000000000018
646.2,0.0020000000000000018
646.24,-0.003999999999999997
646.28,-0.005999999999999998
646.32,-0.0020000000000000018
646.36,-0.003999999999999997
646.4,-0.005999999999999998
646.44,-0.003999999999999997
646.48,-0.0020000000000000018
646.52,-0.003999999999999997
646.5600000000001,-0.0020000000000000018
646.6,-0.0020000000000000018
646.64,-0.0020000000000000018
646.6800000000001,-0.0020000000000000018
646.72,0.006000000000000005
646.76,0.0040000000000000036
646.8000000000001,0.0
646.84,0.0
646.88,0.0040000000000000036
646.92,0.0020000000000000018
646.96,-0.003999999999999997
647.0,-0.0020000000000000018
647.04,0.0020000000000000018
647.08,-0.0020000000000000018
647.12,-0.0020000000000000018
647.16,0.0
647.2,-0.0020000000000000018
647.24,-0.0020000000000000018
647.28,0.0020000000000000018
647.32,0.0020000000000000018
647.36,-0.0020000000000000018
647.4,0.0020000000000000018
647.44,0.006000000000000005
647.48,0.0040000000000000036
647.52,0.0
647.5600000000001,-0.0020000000000000018
647.6,-0.0020000000000000018
647.64,-0.005999999999999998
647.6800000000001,-0.003999999999999997
647.72,0.0
647.76,-0.0020000000000000018
647.8000000000001,-0.003999999999999997
647.84,-0.003999999999999997
647.88,-0.005999999999999998
647.92,-0.003999999999999997
647.96,-0.0020000000000000018
648.0,0.0
648.04,-0.0020000000000000018
648.08,0.0020000000000000018
648.12,0.006000000000000005
648.16,0.0020000000000000018
648.2,-0.0020000000000000018
648.24,-0.0020000000000000018
648.28,0.0
648.32,-0.0020000000000000018
648.36,-0.0020000000000000018
648.4,0.0
648.44,-0.003999999999999997
648.48,-0.003999999999999997
648.52,-0.0020000000000000018
648.5600000000001,-0.0020000000000000018
648.6,-0.005999999999999998
648.64,0.0020000000000000018
648.6800000000001,0.006000000000000005
648.72,0.0040000000000000036
648.76,0.0020000000000000018
648.8000000000001,0.0040000000000000036
648.84,0.0020000000000000018
648.88,-0.003999999999999997
648.92,0.0
648.96,0.0020000000000000018
649.0,0.0
649.04,-0.0020000000000000018
649.08,0.0
649.12,-0.003999999999999997
649.16,-0.003999999999999997
649.2,-0.0020000000000000018
649.24,-0.003999999999999997
649.28,-0.005999999999999998
649.32,0.0
649.36,0.006000000000000005
649.4,0.0
649.44,-0.0020000000000000018
649.48,0.0020000000000000018
649.52,0.0020000000000000018
649.5600000000001,-0.0020000000000000018
649.6,0.0
649.64,0.0020000000000000018
649.6800000000001,0.0020000000000000018
649.72,0.0
649.76,-0.0020000000000000018
649.8000000000001,-0.005999999999999998
649.84,-0.005999999999999998
649.88,0.0
649.92,0.0020000000000000018
649.96,-0.0020000000000000018
650.0,0.0020000000000000018
650.04,0.0040000000000000036
650.08,-0.0020000000000000018
650.12,0.0020000000000000018
650.16,0.0020000000000000018
650.2,0.0020000000000000018
650.24,0.0
650.28,0.0020000000000000018
650.32,-0.0020000000000000018
650.36,-0.0020000000000000018
650.4,-0.0020000000000000018
650.44,-0.0020000000000000018
650.48,-0.003999999999999997
650.52,-0.005999999999999998
650.5600000000001,-0.0020000000000000018
650.6,0.0020000000000000018
650.64,-0.003999999999999997
650.6800000000001,-0.003999999999999997
650.72,0.0020000000000000018
650.76,0.0020000000000000018
650.8000000000001,-0.0020000000000000018
650.84,0.0
650.88,0.0020000000000000018
650.92,0.0020000000000000018
650.96,0.0020000000000000018
651.0,0.0020000000000000018
651.04,-0.003999999999999997
651.08,-0.003999999999999997
651.12,-0.0020000000000000018
651.16,-0.0020000000000000018
651.2,-0.003999999999999997
651.24,-0.0020000000000000018
651.28,0.0020000000000000018
651.32,0.0
651.36,0.0020000000000000018
651.4,0.0040000000000000036
651.44,0.0020000000000000018
651.48,0.0
651.52,0.0020000000000000018
651.5600000000001,0.0040000000000000036
651.6,0.0020000000000000018
651.64,0.0020000000000000018
651.6800000000001,0.0
651.72,-0.003999999999999997
651.76,-0.003999999999999997
651.8000000000001,-0.0020000000000000018
651.84,0.0
651.88,-0.005999999999999998
651.92,-0.005999999999999998
651.96,0.0
652.0,-0.0020000000000000018
652.04,-0.003999999999999997
652.08,-0.0020000000000000018
652.12,0.0020000000000000018
652.16,0.0
652.2,0.0020000000000000018
652.24,0.0020000000000000018
652.28,-0.0020000000000000018
652.32,-0.0020000000000000018
652.36,0.0020000000000000018
652.4,-0.003999999999999997
652.44,-0.005999999999999998
652.48,-0.003999999999999997
652.52,-0.0020000000000000018
652.5600000000001,-0.0020000000000000018
652.6,-0.0020000000000000018
652.64,0.0020000000000000018
652.6800000000001,0.0020000000000000018
652.72,-0.0020000000000000018
652.76,0.0020000000000000018
652.8000000000001,0.0040000000000000036
652.84,0.0020000000000000018
652.88,0.0040000000000000036
652.92,0.0040000000000000036
652.96,0.0
653.0,0.0
653.04,0.0040000000000000036
653.08,0.0020000000000000018
653.12,-0.005999999999999998
653.16,-0.0020000000000000018
653.2,0.0020000000000000018
653.24,-0.0020000000000000018
653.28,-0.003999999999999997
653.32,-0.0020000000000000018
653.36,-0.0020000000000000018
653.4,-0.003999999999999997
653.44,-0.0020000000000000018
653.48,0.0020000000000000018
653.52,0.0
653.5600000000001,0.0040000000000000036
653.6,0.006000000000000005
653.64,-0.0020000000000000018
653.6800000000001,-0.005999999999999998
653.72,-0.003999999999999997
653.76,-0.003999999999999997
653.8000000000001,-0.003999999999999997
653.84,-0.003999999999999997
653.88,-0.0020000000000000018
653.92,-0.003999999999999997
653.96,-0.003999999999999997
654.0,-0.0020000000000000018
654.04,-0.0020000000000000018
654.08,-0.0020000000000000018
654.12,0.0
654.16,0.0020000000000000018
654.2,0.0020000000000000018
654.24,0.006000000000000005
654.28,0.006000000000000005
654.32,0.0
654.36,-0.003999999999999997
654.4,0.0
654.44,0.0020000000000000018
654.48,0.0
654.52,-0.0020000000000000018
654.5600000000001,-0.0020000000000000018
654.6,-0.0020000000000000018
654.64,-0.0020000000000000018
654.6800000000001,-0.003999999999999997
654.72,-0.0020000000000000018
654.76,0.0
654.8000000000001,0.0040000000000000036
654.84,0.006000000000000005
654.88,0.0020000000000000018
654.92,-0.0020000000000000018
654.96,0.0020000000000000018
655.0,0.0
655.04,-0.003999999999999997
655.08,-0.0020000000000000018
655.12,-0.0020000000000000018
655.16,-0.0020000000000000018
655.2,-0.0020000000000000018
655.24,-0.0020000000000000018
655.28,-0.003999999999999997
655.32,-0.003999999999999997
655.36,-0.003999999999999997
655.4,-0.003999999999999997
655.44,0.0
655.48,0.0020000000000000018
655.52,0.0020000000000000018
