Time (s),Voltage (V)
0.0,0.098
0.04,0.108
0.08,0.10200000000000001
0.12,0.112
0.16,0.10400000000000001
0.2,-0.002
0.24,0.002
0.28,0.002
0.32,0.002
0.36,0.002
0.4,0.004
0.44,0.004
0.48,0.0
0.52,0.0
0.56,0.0
0.6,-0.002
0.64,0.0
0.68,0.0
0.72,-0.002
0.76,0.0
0.8,0.0
0.84,-0.004
0.88,-0.004
0.92,0.002
0.96,0.0
1.0,0.0
1.04,0.002
1.08,0.004
1.12,0.002
1.16,0.0
1.2,0.0
1.24,0.0
1.28,-0.004
1.32,0.0
1.36,0.0
1.4000000000000001,-0.006
1.44,-0.004
1.48,0.004
1.52,0.0
1.56,-0.004
1.6,0.002
1.6400000000000001,0.004
1.68,0.002
1.72,0.002
1.76,0.006
1.8,0.0
1.84,0.0
1.8800000000000001,0.0
1.92,0.0
1.96,-0.002
2.0,0.002
2.04,0.002
2.08,-0.004
2.12,0.0
2.16,0.004
2.2,0.0
2.24,-0.004
2.2800000000000002,0.002
2.32,0.004
2.36,0.004
2.4,0.0
2.44,0.002
2.48,0.0
2.52,0.0
2.56,0.0
2.6,-0.002
2.64,-0.004
2.68,0.0
2.72,0.0
2.7600000000000002,-0.004
2.8000000000000003,-0.004
2.84,0.0
2.88,0.0
2.92,0.0
2.96,0.002
3.0,0.004
3.04,0.0
3.08,0.0
3.12,0.002
3.16,0.0
3.2,0.0
3.24,0.002
3.2800000000000002,0.0
3.3200000000000003,-0.002
3.36,0.002
3.4,0.002
3.44,-0.004
3.48,-0.006
3.52,0.0
3.56,0.002
3.6,0.002
3.64,0.004
3.68,0.004
3.72,0.004
3.7600000000000002,0.002
3.8000000000000003,0.004
3.84,0.0
3.88,0.0
3.92,0.004
3.96,0.0
4.0,-0.004
4.04,-0.004
4.08,-0.002
4.12,-0.002
4.16,0.0
4.2,0.002
4.24,0.002
4.28,0.002
4.32,0.0
4.36,0.0
4.4,0.0
4.44,0.0
4.48,0.002
4.5200000000000005,0.0
4.5600000000000005,0.0
4.6000000000000005,0.004
4.64,0.002
4.68,-0.002
4.72,-0.004
4.76,-0.002
4.8,0.0
4.84,0.0
4.88,0.0
4.92,0.0
4.96,0.002
5.0,0.004
5.04,0.004
5.08,0.0
5.12,0.0
5.16,0.0
5.2,0.0
5.24,0.0
5.28,-0.004
5.32,-0.002
5.36,-0.002
5.4,-0.004
5.44,-0.002
5.48,0.0
5.5200000000000005,0.0
5.5600000000000005,0.002
5.6000000000000005,0.002
5.64,0.0
5.68,0.0
5.72,0.002
5.76,0.0
5.8,0.0
5.84,0.004
5.88,0.004
5.92,0.0
5.96,-0.002
6.0,0.0
6.04,0.0
6.08,-0.002
6.12,-0.002
6.16,0.0
6.2,0.0
6.24,0.004
6.28,0.004
6.32,0.0
6.36,0.0
6.4,0.004
6.44,0.002
6.48,0.0
6.5200000000000005,0.002
6.5600000000000005,0.002
6.6000000000000005,0.0
6.640000000000001,-0.004
6.68,-0.004
6.72,-0.004
6.76,-0.002
6.8,0.0
6.84,0.0
6.88,-0.002
6.92,0.0
6.96,0.002
7.0,-0.002
7.04,-0.002
7.08,0.004
7.12,0.002
7.16,0.0
7.2,0.0
7.24,0.004
7.28,0.0
7.32,-0.004
7.36,-0.002
7.4,-0.004
7.44,-0.002
7.48,0.002
7.5200000000000005,0.004
7.5600000000000005,0.0
7.6000000000000005,0.0
7.640000000000001,0.004
7.68,0.004
7.72,0.0
7.76,0.004
7.8,0.006
7.84,0.0
7.88,0.0
7.92,0.0
7.96,-0.004
8.0,-0.002
8.040000000000001,0.002
8.08,0.0
8.120000000000001,-0.002
8.16,0.002
8.2,0.002
8.24,-0.004
8.28,0.0
8.32,0.0
8.36,0.0
8.4,0.0
8.44,0.004
8.48,0.006
8.52,0.0
8.56,0.0
8.6,-0.004
8.64,-0.004
8.68,-0.004
8.72,0.0
8.76,-0.002
8.8,-0.004
8.84,0.0
8.88,0.002
8.92,-0.002
8.96,0.0
9.0,0.004
9.040000000000001,0.004
9.08,0.002
9.120000000000001,0.002
9.16,0.0
9.200000000000001,0.0
9.24,0.0
9.28,0.0
9.32,-0.002
9.36,0.0
9.4,0.004
9.44,0.0
9.48,-0.002
9.52,-0.002
9.56,0.0
9.6,-0.002
9.64,0.0
9.68,0.004
9.72,0.006
9.76,0.004
9.8,0.0
9.84,0.0
9.88,0.0
9.92,0.0
9.96,0.0
10.0,-0.004
10.040000000000001,-0.004
10.08,0.0
10.120000000000001,0.002
10.16,0.0
10.200000000000001,-0.002
10.24,0.0
10.28,0.004
10.32,0.002
10.36,0.004
10.4,0.002
10.44,0.002
10.48,0.0
10.52,0.0
10.56,-0.002
10.6,0.0
10.64,0.002
10.68,0.0
10.72,-0.004
10.76,-0.004
10.8,0.0
10.84,-0.004
10.88,-0.004
10.92,0.0
10.96,0.002
11.0,0.0
11.040000000000001,0.0
11.08,0.004
11.120000000000001,0.002
11.16,0.0
11.200000000000001,0.0
11.24,-0.006
11.28,-0.004
11.32,0.0
11.36,0.002
11.4,-0.002
11.44,-0.004
11.48,0.0
11.52,0.0
11.56,-0.002
11.6,0.0
11.64,0.002
11.68,0.002
11.72,0.002
11.76,0.002
11.8,0.002
11.84,0.0
11.88,0.004
11.92,0.002
11.96,-0.002
12.0,0.002
12.040000000000001,0.002
12.08,-0.004
12.120000000000001,-0.004
12.16,0.0
12.200000000000001,0.002
12.24,0.0
12.280000000000001,0.002
12.32,0.006
12.36,0.004
12.4,0.002
12.44,0.002
12.48,-0.002
12.52,0.0
12.56,0.004
12.6,0.002
12.64,-0.004
12.68,-0.004
12.72,0.002
12.76,-0.002
12.8,-0.006
12.84,-0.002
12.88,0.0
12.92,0.0
12.96,0.002
13.0,0.002
13.040000000000001,0.0
13.08,0.002
13.120000000000001,0.002
13.16,0.0
13.200000000000001,0.0
13.24,0.004
13.280000000000001,0.004
13.32,-0.004
13.36,-0.004
13.4,0.0
13.44,-0.004
13.48,-0.004
13.52,0.0
13.56,0.002
13.6,0.002
13.64,0.004
13.68,0.002
13.72,-0.002
13.76,0.0
13.8,0.004
13.84,0.0
13.88,-0.002
13.92,0.0
13.96,0.002
14.0,0.0
14.040000000000001,-0.004
14.08,-0.002
14.120000000000001,-0.002
14.16,-0.004
14.200000000000001,0.0
14.24,0.0
14.280000000000001,0.0
14.32,0.002
14.36,0.0
14.4,-0.002
14.44,0.0
14.48,0.006
14.52,0.002
14.56,0.0
14.6,0.0
14.64,0.0
14.68,-0.004
14.72,-0.006
14.76,-0.004
14.8,0.0
14.84,0.0
14.88,0.002
14.92,0.0
14.96,-0.002
15.0,0.002
15.040000000000001,0.002
15.08,-0.002
15.120000000000001,-0.002
15.16,0.002
15.200000000000001,0.004
15.24,0.0
15.280000000000001,-0.002
15.32,-0.004
15.36,-0.002
15.4,-0.002
15.44,-0.002
15.48,0.0
15.52,0.0
15.56,0.0
15.6,0.0
15.64,-0.002
15.68,0.002
15.72,0.004
15.76,0.002
15.8,0.0
15.84,0.004
15.88,0.004
15.92,0.0
15.96,0.0
16.0,0.0
16.04,0.0
16.080000000000002,-0.002
16.12,0.0
16.16,0.0
16.2,0.0
16.240000000000002,0.004
16.28,0.002
16.32,-0.004
16.36,-0.002
16.4,0.004
16.44,0.004
16.48,0.002
16.52,0.0
16.56,0.0
16.6,0.0
16.64,-0.002
16.68,0.0
16.72,0.0
16.76,-0.004
16.8,-0.002
16.84,-0.004
16.88,-0.004
16.92,0.0
16.96,0.002
17.0,0.0
17.04,0.0
17.080000000000002,0.004
17.12,0.004
17.16,0.0
17.2,0.0
17.240000000000002,0.0
17.28,0.0
17.32,-0.004
17.36,0.0
17.400000000000002,0.0
17.44,0.0
17.48,0.002
17.52,0.002
17.56,-0.004
17.6,-0.004
17.64,0.004
17.68,0.004
17.72,0.0
17.76,0.002
17.8,0.004
17.84,0.002
17.88,0.0
17.92,0.002
17.96,0.0
18.0,-0.002
18.04,0.0
18.080000000000002,0.0
18.12,-0.002
18.16,-0.002
18.2,0.0
18.240000000000002,-0.004
18.28,-0.006
18.32,0.002
18.36,0.004
18.400000000000002,0.0
18.44,0.0
18.48,0.004
18.52,0.0
18.56,-0.004
18.6,0.0
18.64,0.0
18.68,0.0
18.72,0.002
18.76,0.0
18.8,-0.004
18.84,-0.004
18.88,0.0
18.92,0.0
18.96,-0.004
19.0,0.0
19.04,0.004
19.080000000000002,0.002
19.12,0.002
19.16,0.004
19.2,0.0
19.240000000000002,0.0
19.28,0.002
19.32,0.0
19.36,0.0
19.400000000000002,-0.002
19.44,-0.002
19.48,-0.004
19.52,-0.002
19.56,0.0
19.6,0.002
19.64,0.0
19.68,0.002
19.72,0.004
19.76,0.0
19.8,0.0
19.84,0.002
19.88,0.0
19.92,0.002
19.96,0.002
20.0,0.0
20.04,-0.002
20.080000000000002,0.0
20.12,0.0
20.16,-0.004
20.2,-0.004
20.240000000000002,0.0
20.28,0.002
20.32,0.002
20.36,0.002
20.400000000000002,0.002
20.44,0.0
20.48,0.002
20.52,0.004
20.56,0.002
20.6,0.0
20.64,0.0
20.68,0.0
20.72,-0.004
20.76,-0.002
20.8,0.0
20.84,-0.004
20.88,-0.002
20.92,0.0
20.96,0.0
21.0,0.0
21.04,0.0
21.080000000000002,0.0
21.12,-0.002
21.16,0.0
21.2,0.002
21.240000000000002,0.0
21.28,0.0
21.32,0.002
21.36,0.002
21.400000000000002,-0.004
21.44,-0.004
21.48,-0.004
21.52,0.0
21.56,0.0
21.6,0.0
21.64,0.0
21.68,0.002
21.72,0.004
21.76,0.002
21.8,0.002
21.84,0.002
21.88,0.004
21.92,0.002
21.96,0.0
22.0,0.002
22.04,0.002
22.080000000000002,-0.004
22.12,-0.002
22.16,0.0
22.2,0.0
22.240000000000002,0.0
22.28,0.0
22.32,0.0
22.36,-0.002
22.400000000000002,0.0
22.44,0.002
22.48,0.0
22.52,0.0
22.56,0.004
22.6,0.002
22.64,0.0
22.68,-0.004
22.72,-0.002
22.76,-0.004
22.8,-0.006
22.84,-0.004
22.88,0.0
22.92,0.0
22.96,0.0
23.0,0.0
23.04,0.0
23.080000000000002,0.0
23.12,0.002
23.16,0.004
23.2,0.0
23.240000000000002,0.004
23.28,0.004
23.32,-0.002
23.36,-0.004
23.400000000000002,0.0
23.44,0.0
23.48,0.0
23.52,0.0
23.56,0.0
23.6,0.0
23.64,0.0
23.68,0.0
23.72,0.0
23.76,0.0
23.8,0.006
23.84,0.004
23.88,0.0
23.92,0.0
23.96,0.002
24.0,0.0
24.04,-0.004
24.080000000000002,0.0
24.12,-0.002
24.16,0.0
24.2,0.0
24.240000000000002,0.0
24.28,-0.004
24.32,-0.002
24.36,0.0
24.400000000000002,0.0
24.44,0.0
24.48,0.004
24.52,0.004
24.560000000000002,0.0
24.6,0.0
24.64,0.002
24.68,0.0
24.72,-0.002
24.76,0.0
24.8,0.0
24.84,0.0
24.88,0.002
24.92,0.0
24.96,-0.004
25.0,-0.004
25.04,0.004
25.080000000000002,0.002
25.12,0.002
25.16,0.002
25.2,0.004
25.240000000000002,0.0
25.28,-0.004
25.32,0.0
25.36,0.0
25.400000000000002,0.0
25.44,0.0
25.48,0.0
25.52,-0.004
25.560000000000002,-0.004
25.6,0.0
25.64,-0.002
25.68,0.0
25.72,0.004
25.76,0.002
25.8,0.0
25.84,0.004
25.88,0.004
25.92,0.002
25.96,0.0
26.0,0.0
26.04,0.0
26.080000000000002,0.0
26.12,0.002
26.16,0.0
26.2,-0.006
26.240000000000002,-0.002
26.28,0.0
26.32,0.0
26.36,0.0
26.400000000000002,0.004
26.44,0.004
26.48,0.0
26.52,0.0
26.560000000000002,0.0
26.6,-0.002
26.64,0.0
26.68,0.002
26.72,-0.004
26.76,-0.004
26.8,0.0
26.84,0.0
26.88,-0.006
26.92,-0.004
26.96,0.0
27.0,-0.004
27.04,-0.004
27.080000000000002,0.004
27.12,0.004
27.16,0.002
27.2,0.0
27.240000000000002,0.002
27.28,0.0
27.32,0.002
27.36,0.002
27.400000000000002,0.0
27.44,-0.002
27.48,0.0
27.52,0.002
27.560000000000002,-0.004
27.6,-0.002
27.64,0.002
27.68,0.004
27.72,0.002
27.76,0.004
27.8,0.004
27.84,0.0
27.88,0.002
27.92,0.002
27.96,0.0
28.0,0.0
28.04,0.004
28.080000000000002,0.0
28.12,-0.002
28.16,-0.004
28.2,-0.004
28.240000000000002,-0.006
28.28,-0.004
28.32,0.0
28.36,0.002
28.400000000000002,0.0
28.44,0.0
28.48,0.0
28.52,0.0
28.560000000000002,0.002
28.6,0.0
28.64,0.0
28.68,-0.002
28.72,0.0
28.76,0.0
28.8,-0.004
28.84,-0.006
28.88,0.0
28.92,0.0
28.96,0.0
29.0,0.0
29.04,0.002
29.080000000000002,0.002
29.12,0.0
29.16,0.0
29.2,0.0
29.240000000000002,0.002
29.28,0.004
29.32,0.002
29.36,0.0
29.400000000000002,0.0
29.44,0.0
29.48,-0.004
29.52,-0.004
29.560000000000002,0.0
29.6,0.0
29.64,0.0
29.68,0.0
29.72,0.002
29.76,0.002
29.8,0.002
29.84,0.0
29.88,0.0
29.92,0.0
29.96,0.004
30.0,0.002
30.04,0.0
30.080000000000002,-0.004
30.12,0.0
30.16,0.0
30.2,-0.004
30.240000000000002,0.0
30.28,0.002
30.32,0.0
30.36,0.0
30.400000000000002,0.0
30.44,0.0
30.48,0.002
30.52,0.004
30.560000000000002,0.004
30.6,0.0
30.64,0.004
30.68,0.002
30.72,-0.002
30.76,-0.004
30.8,-0.004
30.84,-0.002
30.88,-0.004
30.92,-0.002
30.96,0.002
31.0,0.0
31.04,0.0
31.080000000000002,0.0
31.12,0.0
31.16,0.0
31.2,0.004
31.240000000000002,0.002
31.28,-0.002
31.32,0.0
31.36,0.002
31.400000000000002,0.0
31.44,-0.004
31.48,0.0
31.52,0.002
31.560000000000002,0.0
31.6,0.0
31.64,0.0
31.68,0.0
31.720000000000002,0.0
31.76,0.004
31.8,0.0
31.84,0.0
31.88,0.006
31.92,0.006
31.96,0.0
32.0,0.002
32.04,0.0
32.08,-0.004
32.12,-0.006
32.160000000000004,0.0
32.2,0.0
32.24,-0.002
32.28,0.0
32.32,0.0
32.36,-0.004
32.4,0.0
32.44,0.004
32.480000000000004,0.0
32.52,-0.002
32.56,0.002
32.6,0.002
32.64,0.0
32.68,0.0
32.72,0.0
32.76,-0.002
32.8,0.0
32.84,0.0
32.88,-0.004
32.92,-0.002
32.96,0.002
33.0,0.0
33.04,-0.004
33.08,0.0
33.12,0.006
33.160000000000004,0.004
33.2,0.002
33.24,0.004
33.28,0.004
33.32,-0.002
33.36,0.0
33.4,0.0
33.44,0.0
33.480000000000004,-0.002
33.52,0.0
33.56,-0.002
33.6,-0.002
33.64,0.002
33.68,0.002
33.72,-0.004
33.76,-0.004
33.8,0.002
33.84,0.004
33.88,0.002
33.92,0.002
33.96,0.0
34.0,0.0
34.04,0.0
34.08,0.0
34.12,-0.002
34.160000000000004,0.0
34.2,0.0
34.24,-0.004
34.28,-0.006
34.32,-0.002
34.36,0.0
34.4,0.0
34.44,0.0
34.480000000000004,0.004
34.52,0.004
34.56,0.0
34.6,0.0
34.64,0.0
34.68,0.0
34.72,0.0
34.76,0.0
34.800000000000004,-0.002
34.84,0.0
34.88,0.002
34.92,0.0
34.96,-0.008
35.0,-0.004
35.04,0.002
35.08,0.004
35.12,0.0
35.160000000000004,0.002
35.2,0.002
35.24,0.002
35.28,0.002
35.32,0.0
35.36,0.0
35.4,0.0
35.44,0.0
35.480000000000004,-0.002
35.52,-0.004
35.56,0.0
35.6,0.0
35.64,-0.004
35.68,0.0
35.72,0.002
35.76,0.004
35.800000000000004,0.002
35.84,0.002
35.88,0.002
35.92,0.002
35.96,0.0
36.0,0.0
36.04,0.002
36.08,0.004
36.12,0.002
36.160000000000004,0.0
36.2,-0.006
36.24,-0.004
36.28,0.0
36.32,-0.002
36.36,-0.004
36.4,0.0
36.44,0.002
36.480000000000004,0.004
36.52,0.0
36.56,0.0
36.6,0.002
36.64,0.002
36.68,0.0
36.72,-0.002
36.76,-0.002
36.800000000000004,0.0
36.84,-0.002
36.88,-0.006
36.92,-0.004
36.96,0.002
37.0,0.002
37.04,0.0
37.08,0.002
37.12,0.004
37.160000000000004,0.0
37.2,0.0
37.24,0.002
37.28,0.002
37.32,0.004
37.36,0.002
37.4,0.002
37.44,0.0
37.480000000000004,0.0
37.52,0.004
37.56,-0.004
37.6,-0.006
37.64,0.0
37.68,0.0
37.72,0.0
37.76,0.0
37.800000000000004,0.002
37.84,0.0
37.88,0.0
37.92,0.002
37.96,0.0
38.0,0.0
38.04,0.002
38.08,0.0
38.12,-0.006
38.160000000000004,-0.004
38.2,0.002
38.24,-0.002
38.28,-0.004
38.32,0.002
38.36,0.0
38.4,-0.002
38.44,0.0
38.480000000000004,0.004
38.52,0.0
38.56,0.002
38.6,0.004
38.64,0.0
38.68,0.0
38.72,0.004
38.76,0.004
38.800000000000004,-0.004
38.84,-0.006
38.88,0.0
38.92,0.0
38.96,0.0
39.0,0.002
39.04,0.0
39.08,0.0
39.12,0.004
39.160000000000004,0.004
39.2,0.0
39.24,0.002
39.28,0.006
39.32,0.0
39.36,0.0
39.4,0.002
39.44,0.0
39.480000000000004,-0.006
39.52,-0.002
39.56,0.0
39.6,0.0
39.64,0.0
39.68,0.004
39.72,0.0
39.76,-0.004
39.800000000000004,0.0
39.84,0.002
39.88,0.0
39.92,0.004
39.96,0.008
40.0,0.004
40.04,-0.004
40.08,-0.002
40.12,0.0
40.160000000000004,-0.004
40.2,-0.002
40.24,0.0
40.28,-0.004
40.32,0.0
40.36,0.004
40.4,0.0
40.44,-0.004
40.480000000000004,0.002
40.52,0.004
40.56,0.0
40.6,0.0
40.64,0.004
40.68,0.0
40.72,-0.004
40.76,0.0
40.800000000000004,0.0
40.84,-0.002
40.88,0.0
40.92,0.0
40.96,-0.002
41.0,-0.002
41.04,0.0
41.08,0.0
41.12,-0.002
41.160000000000004,0.004
41.2,0.008
41.24,0.002
41.28,0.0
41.32,0.002
41.36,0.0
41.4,0.0
41.44,0.0
41.480000000000004,0.0
41.52,-0.002
41.56,0.002
41.6,0.002
41.64,0.0
41.68,-0.002
41.72,0.0
41.76,0.002
41.800000000000004,0.0
41.84,0.002
41.88,0.004
41.92,0.0
41.96,0.0
42.0,0.0
42.04,0.0
42.08,-0.002
42.12,0.002
42.160000000000004,0.0
42.2,-0.002
42.24,0.0
42.28,-0.004
42.32,-0.004
42.36,-0.004
42.4,0.0
42.44,0.002
42.480000000000004,0.002
42.52,0.002
42.56,0.004
42.6,0.002
42.64,0.0
42.68,0.0
42.72,-0.002
42.76,0.0
42.800000000000004,0.0
42.84,0.0
42.88,0.0
42.92,-0.002
42.96,0.0
43.0,0.0
43.04,0.0
43.08,0.004
43.12,0.002
43.160000000000004,0.002
43.2,0.0
43.24,0.002
43.28,0.002
43.32,0.0
43.36,0.004
43.4,0.004
43.44,0.0
43.480000000000004,-0.002
43.52,0.0
43.56,-0.004
43.6,-0.004
43.64,0.0
43.68,0.0
43.72,-0.002
43.76,0.0
43.800000000000004,0.004
43.84,0.002
43.88,0.0
43.92,0.0
43.96,0.0
44.0,0.0
44.04,0.002
44.08,0.002
44.12,-0.004
44.160000000000004,-0.004
44.2,0.0
44.24,0.0
44.28,-0.004
44.32,0.0
44.36,0.0
44.4,0.0
44.44,0.0
44.480000000000004,0.004
44.52,0.0
44.56,0.0
44.6,0.002
44.64,0.002
44.68,0.0
44.72,0.002
44.76,0.004
44.800000000000004,-0.004
44.84,-0.004
44.88,-0.002
44.92,-0.002
44.96,-0.004
45.0,0.0
45.04,0.004
45.08,0.002
45.12,0.002
45.160000000000004,0.002
45.2,0.0
45.24,0.0
45.28,0.004
45.32,0.002
45.36,-0.004
45.4,0.0
45.44,0.004
45.480000000000004,0.0
45.52,-0.004
45.56,0.0
45.6,0.0
45.64,0.0
45.68,0.002
45.72,0.004
45.76,0.0
45.800000000000004,0.002
45.84,0.004
45.88,0.0
45.92,0.0
45.96,0.004
46.0,0.004
46.04,-0.002
46.08,-0.004
46.12,0.0
46.160000000000004,-0.004
46.2,-0.006
46.24,-0.002
46.28,0.0
46.32,0.0
46.36,0.0
46.4,0.0
46.44,-0.002
46.480000000000004,0.0
46.52,0.004
46.56,0.0
46.6,0.0
46.64,0.002
46.68,0.004
46.72,0.0
46.76,-0.004
46.800000000000004,-0.002
46.84,0.0
46.88,0.0
46.92,0.0
46.96,0.0
47.0,0.0
47.04,0.002
47.08,0.0
47.12,0.0
47.160000000000004,0.002
47.2,0.004
47.24,0.004
47.28,0.002
47.32,0.002
47.36,0.002
47.4,0.0
47.44,-0.004
47.480000000000004,-0.002
47.52,0.002
47.56,0.0
47.6,0.0
47.64,0.0
47.68,0.0
47.72,0.0
47.76,0.0
47.800000000000004,-0.004
47.84,-0.002
47.88,0.002
47.92,0.006
47.96,0.002
48.0,0.0
48.04,0.0
48.08,0.0
48.120000000000005,-0.004
48.160000000000004,0.0
48.2,0.0
48.24,-0.004
48.28,-0.002
48.32,0.0
48.36,-0.002
48.4,0.0
48.44,0.002
48.480000000000004,0.004
48.52,0.0
48.56,0.004
48.6,0.004
48.64,0.002
48.68,-0.002
48.72,0.0
48.76,0.0
48.800000000000004,0.0
48.84,0.0
48.88,0.0
48.92,-0.002
48.96,0.0
49.0,0.0
49.04,-0.004
49.08,-0.002
49.120000000000005,0.004
49.160000000000004,0.004
49.2,0.0
49.24,0.0
49.28,0.002
49.32,0.0
49.36,0.0
49.4,0.0
49.44,-0.002
49.480000000000004,-0.002
49.52,0.0
49.56,-0.002
49.6,-0.006
49.64,-0.002
49.68,0.002
49.72,0.0
49.76,-0.002
49.800000000000004,0.004
49.84,0.004
49.88,0.0
49.92,0.002
49.96,0.0
50.0,0.0
50.04,0.0
50.08,0.002
50.120000000000005,0.0
50.160000000000004,0.0
50.2,0.002
50.24,0.0
50.28,-0.006
50.32,-0.004
50.36,0.002
50.4,0.0
50.44,-0.004
50.480000000000004,0.0
50.52,0.004
50.56,0.004
50.6,0.002
50.64,0.0
50.68,-0.004
50.72,0.0
50.76,0.002
50.800000000000004,-0.004
50.84,-0.004
50.88,0.0
50.92,0.002
50.96,-0.004
51.0,-0.002
51.04,0.002
51.08,0.002
51.120000000000005,0.0
51.160000000000004,0.002
51.2,0.002
51.24,0.0
51.28,0.002
51.32,0.002
51.36,0.0
51.4,0.002
51.44,0.004
51.480000000000004,0.0
51.52,-0.004
51.56,0.0
51.6,0.0
51.64,-0.006
51.68,-0.004
51.72,0.0
51.76,0.002
51.800000000000004,0.004
51.84,0.002
51.88,0.0
51.92,0.0
51.96,0.002
52.0,0.004
52.04,-0.002
52.08,-0.004
52.120000000000005,0.0
52.160000000000004,0.0
52.2,-0.006
52.24,-0.004
52.28,0.0
52.32,0.0
52.36,0.0
52.4,0.0
52.44,0.002
52.480000000000004,0.0
52.52,0.0
52.56,0.0
52.6,0.0
52.64,0.002
52.68,0.004
52.72,0.002
52.76,0.0
52.800000000000004,0.0
52.84,0.0
52.88,-0.004
52.92,-0.004
52.96,0.0
53.0,0.002
53.04,0.004
53.08,0.002
53.120000000000005,0.0
53.160000000000004,0.002
53.2,0.002
53.24,0.002
53.28,0.002
53.32,0.0
53.36,0.0
53.4,0.002
53.44,-0.004
53.480000000000004,-0.002
53.52,0.0
53.56,-0.002
53.6,-0.004
53.64,0.0
53.68,0.002
53.72,0.0
53.76,-0.002
53.800000000000004,0.0
53.84,0.0
53.88,0.0
53.92,0.002
53.96,0.004
54.0,0.002
54.04,0.002
54.08,0.004
54.120000000000005,-0.004
54.160000000000004,-0.004
54.2,-0.002
54.24,0.0
54.28,0.0
54.32,0.0
54.36,0.0
54.4,0.0
54.44,0.002
54.480000000000004,0.002
54.52,0.0
54.56,0.0
54.6,0.004
54.64,0.004
54.68,0.0
54.72,0.002
54.76,0.002
54.800000000000004,-0.002
54.84,-0.004
54.88,0.0
54.92,0.0
54.96,0.0
55.0,0.0
55.04,0.0
55.08,-0.004
55.120000000000005,0.0
55.160000000000004,0.002
55.2,0.002
55.24,0.002
55.28,0.004
55.32,0.002
55.36,-0.002
55.4,0.0
55.44,0.002
55.480000000000004,-0.002
55.52,-0.002
55.56,0.0
55.6,-0.002
55.64,0.0
55.68,0.002
55.72,0.0
55.76,-0.004
55.800000000000004,0.0
55.84,0.004
55.88,0.0
55.92,0.0
55.96,0.002
56.0,0.002
56.04,0.0
56.08,0.0
56.120000000000005,0.0
56.160000000000004,-0.002
56.2,-0.002
56.24,0.0
56.28,-0.004
56.32,-0.004
56.36,0.002
56.4,0.0
56.44,-0.004
56.480000000000004,0.0
56.52,0.006
56.56,0.004
56.6,0.0
56.64,0.004
56.68,0.002
56.72,0.0
56.76,0.0
56.800000000000004,0.0
56.84,-0.002
56.88,0.002
56.92,0.004
56.96,-0.002
57.0,-0.006
57.04,0.002
57.08,0.002
57.120000000000005,0.0
57.160000000000004,0.0
57.2,0.004
57.24,0.004
57.28,0.004
57.32,0.004
57.36,0.0
57.4,0.0
57.44,0.0
57.480000000000004,0.0
57.52,-0.004
57.56,0.0
57.6,0.002
57.64,-0.004
57.68,-0.006
57.72,0.0
57.76,0.002
57.800000000000004,0.0
57.84,0.0
57.88,0.002
57.92,0.002
57.96,0.002
58.0,0.0
58.04,-0.004
58.08,-0.002
58.120000000000005,0.004
58.160000000000004,0.002
58.2,-0.004
58.24,-0.004
58.28,0.0
58.32,0.0
58.36,-0.004
58.4,-0.004
58.44,0.0
58.480000000000004,0.002
58.52,0.004
58.56,0.004
58.6,0.004
58.64,0.0
58.68,0.002
58.72,0.002
58.76,0.0
58.800000000000004,0.002
58.84,0.002
58.88,-0.002
58.92,-0.004
58.96,0.0
59.0,0.0
59.04,-0.002
59.08,0.0
59.120000000000005,0.0
59.160000000000004,0.004
59.2,0.004
59.24,0.0
59.28,-0.002
59.32,0.0
59.36,0.0
59.4,0.002
59.44,0.0
59.480000000000004,0.0
59.52,0.002
59.56,0.0
59.6,-0.006
59.64,-0.006
59.68,-0.002
59.72,0.0
59.76,0.0
59.800000000000004,0.002
59.84,0.002
59.88,0.0
59.92,0.002
59.96,0.002
60.0,0.002
60.04,0.002
60.08,0.002
60.120000000000005,0.0
60.160000000000004,-0.002
60.2,0.0
60.24,0.0
60.28,-0.004
60.32,-0.002
60.36,0.0
60.4,0.002
60.44,0.002
60.480000000000004,0.002
60.52,0.0
60.56,0.0
60.6,0.002
60.64,0.002
60.68,0.0
60.72,0.002
60.76,0.006
60.800000000000004,0.002
60.84,-0.006
60.88,-0.004
60.92,0.0
60.96,-0.002
61.0,-0.004
61.04,0.0
61.08,0.0
61.120000000000005,0.0
61.160000000000004,0.004
61.2,0.002
61.24,0.0
61.28,0.002
61.32,0.004
61.36,0.0
61.4,0.0
61.44,0.004
61.480000000000004,0.002
61.52,-0.004
61.56,-0.004
61.6,0.0
61.64,0.0
61.68,0.0
61.72,0.0
61.76,0.0
61.800000000000004,0.0
61.84,0.002
61.88,0.0
61.92,-0.004
61.96,0.002
62.0,0.008
62.04,0.0
62.08,-0.002
62.120000000000005,0.002
62.160000000000004,0.0
62.2,-0.004
62.24,-0.004
62.28,-0.004
62.32,-0.004
62.36,-0.002
62.4,0.004
62.440000000000005,0.0
62.480000000000004,0.0
62.52,0.002
62.56,0.002
62.6,0.0
62.64,0.002
62.68,0.006
62.72,0.002
62.76,-0.004
62.800000000000004,0.002
62.84,0.002
62.88,0.0
62.92,0.0
62.96,0.0
63.0,0.0
63.04,0.002
63.08,0.002
63.120000000000005,0.0
63.160000000000004,-0.002
63.2,0.002
63.24,0.002
63.28,0.0
63.32,0.002
63.36,0.006
63.4,0.004
63.440000000000005,0.0
63.480000000000004,-0.002
63.52,-0.004
63.56,-0.004
63.6,0.0
63.64,-0.002
63.68,-0.004
63.72,0.0
63.76,0.0
63.800000000000004,0.0
63.84,-0.002
63.88,0.0
63.92,0.002
63.96,0.0
64.0,0.002
64.04,0.004
64.08,0.002
64.12,0.0
64.16,0.0
64.2,-0.002
64.24,0.0
64.28,0.002
64.32000000000001,0.0
64.36,-0.004
64.4,-0.004
64.44,0.0
64.48,0.0
64.52,0.0
64.56,0.002
64.6,0.004
64.64,0.006
64.68,0.002
64.72,0.0
64.76,0.0
64.8,0.0
64.84,0.0
64.88,0.0
64.92,-0.002
64.96000000000001,0.0
65.0,0.0
65.04,-0.002
65.08,-0.002
65.12,0.0
65.16,0.0
65.2,0.0
65.24,0.0
65.28,0.002
65.32000000000001,0.004
65.36,0.0
65.4,0.0
65.44,0.0
65.48,0.002
65.52,0.004
65.56,0.0
65.6,-0.004
65.64,-0.004
65.68,0.0
65.72,-0.002
65.76,-0.004
65.8,0.0
65.84,0.004
65.88,0.004
65.92,0.002
65.96000000000001,0.002
66.0,0.002
66.04,-0.002
66.08,0.0
66.12,0.0
66.16,-0.004
66.2,0.0
66.24,0.002
66.28,0.0
66.32000000000001,-0.004
66.36,-0.002
66.4,0.0
66.44,-0.004
66.48,0.0
66.52,0.002
66.56,0.002
66.6,0.0
66.64,0.0
66.68,0.002
66.72,0.002
66.76,0.004
66.8,0.004
66.84,-0.002
66.88,0.0
66.92,0.002
66.96000000000001,0.0
67.0,-0.006
67.04,-0.004
67.08,0.0
67.12,0.0
67.16,0.002
67.2,0.004
67.24,0.004
67.28,0.0
67.32000000000001,0.002
67.36,0.004
67.4,-0.002
67.44,0.002
67.48,0.004
67.52,0.0
67.56,-0.002
67.6,0.002
67.64,0.0
67.68,-0.006
67.72,-0.004
67.76,0.0
67.8,-0.004
67.84,-0.002
67.88,0.0
67.92,0.002
67.96000000000001,0.0
68.0,0.002
68.04,0.0
68.08,-0.004
68.12,0.002
68.16,0.006
68.2,0.0
68.24,-0.006
68.28,-0.004
68.32000000000001,-0.002
68.36,-0.004
68.4,0.0
68.44,0.002
68.48,0.0
68.52,0.0
68.56,0.004
68.60000000000001,0.0
68.64,0.0
68.68,0.004
68.72,0.004
68.76,0.0
68.8,0.002
68.84,0.006
68.88,0.002
68.92,-0.002
68.96000000000001,0.0
69.0,-0.002
69.04,-0.004
69.08,0.0
69.12,0.002
69.16,0.0
69.2,0.0
69.24,0.004
69.28,0.0
69.32000000000001,0.0
69.36,0.004
69.4,0.006
69.44,0.0
69.48,-0.002
69.52,0.0
69.56,0.0
69.60000000000001,-0.004
69.64,-0.002
69.68,-0.002
69.72,-0.002
69.76,0.0
69.8,0.002
69.84,0.0
69.88,-0.004
69.92,0.0
69.96000000000001,0.0
70.0,0.0
70.04,0.002
70.08,0.004
70.12,0.002
70.16,0.0
70.2,0.0
70.24,0.0
70.28,-0.002
70.32000000000001,-0.002
70.36,-0.002
70.4,0.0
70.44,0.0
70.48,0.0
70.52,0.0
70.56,0.0
70.60000000000001,0.002
70.64,0.004
70.68,0.0
70.72,0.0
70.76,0.004
70.8,0.004
70.84,0.0
70.88,-0.004
70.92,0.0
70.96000000000001,-0.002
71.0,0.002
71.04,0.002
71.08,0.0
71.12,-0.004
71.16,-0.002
71.2,-0.002
71.24,-0.002
71.28,0.0
71.32000000000001,0.004
71.36,0.004
71.4,0.002
71.44,0.002
71.48,0.002
71.52,0.0
71.56,0.0
71.60000000000001,0.0
71.64,0.0
71.68,0.0
71.72,0.0
71.76,-0.004
71.8,-0.004
71.84,0.0
71.88,0.0
71.92,-0.004
71.96000000000001,0.0
72.0,0.004
72.04,0.002
72.08,0.0
72.12,0.0
72.16,0.0
72.2,0.0
72.24,0.004
72.28,0.002
72.32000000000001,-0.002
72.36,-0.004
72.4,0.0
72.44,-0.004
72.48,-0.006
72.52,-0.002
72.56,0.0
72.60000000000001,0.0
72.64,0.002
72.68,0.004
72.72,0.004
72.76,0.002
72.8,0.0
72.84,0.0
72.88,0.0
72.92,0.002
72.96000000000001,0.002
73.0,-0.002
73.04,0.0
73.08,0.002
73.12,-0.002
73.16,-0.004
73.2,0.0
73.24,0.004
73.28,0.0
73.32000000000001,0.0
73.36,0.002
73.4,0.0
73.44,0.002
73.48,0.004
73.52,0.002
73.56,-0.002
73.60000000000001,0.0
73.64,0.002
73.68,-0.004
73.72,-0.004
73.76,-0.004
73.8,-0.004
73.84,-0.004
73.88,0.0
73.92,0.002
73.96000000000001,0.0
74.0,0.002
74.04,0.002
74.08,0.0
74.12,0.0
74.16,0.004
74.2,0.0
74.24,-0.002
74.28,0.0
74.32000000000001,0.002
74.36,0.0
74.4,-0.006
74.44,0.0
74.48,0.0
74.52,-0.004
74.56,0.0
74.60000000000001,0.0
74.64,0.0
74.68,0.002
74.72,0.004
74.76,0.0
74.8,0.0
74.84,0.004
74.88,0.004
74.92,0.0
74.96000000000001,-0.002
75.0,0.0
75.04,-0.004
75.08,-0.004
75.12,-0.002
75.16,0.0
75.2,0.0
75.24,0.0
75.28,0.002
75.32000000000001,0.0
75.36,0.0
75.4,0.002
75.44,0.0
75.48,0.0
75.52,0.002
75.56,0.004
75.60000000000001,0.0
75.64,0.0
75.68,0.002
75.72,0.0
75.76,-0.004
75.8,-0.004
75.84,0.0
75.88,0.0
75.92,0.0
75.96000000000001,0.002
76.0,0.0
76.04,0.0
76.08,0.002
76.12,0.004
76.16,0.0
76.2,0.0
76.24,0.002
76.28,0.0
76.32000000000001,-0.004
76.36,-0.004
76.4,-0.002
76.44,-0.004
76.48,-0.002
76.52,0.002
76.56,0.0
76.60000000000001,0.0
76.64,0.0
76.68,-0.002
76.72,-0.004
76.76,0.002
76.8,0.004
76.84,0.002
76.88,0.002
76.92,0.004
76.96000000000001,0.0
77.0,-0.004
77.04,-0.004
77.08,0.002
77.12,0.0
77.16,-0.002
77.2,0.0
77.24,-0.004
77.28,-0.002
77.32000000000001,0.004
77.36,0.004
77.4,0.0
77.44,0.002
77.48,0.004
77.52,0.004
77.56,0.0
77.60000000000001,0.0
77.64,0.0
77.68,-0.004
77.72,-0.002
77.76,0.002
77.8,0.0
77.84,0.0
77.88,0.0
77.92,-0.004
77.96000000000001,-0.004
78.0,0.0
78.04,0.002
78.08,-0.002
78.12,0.002
78.16,0.006
78.2,0.004
78.24,0.0
78.28,0.0
78.32000000000001,0.0
78.36,-0.002
78.4,-0.002
78.44,-0.002
78.48,0.0
78.52,-0.004
78.56,0.0
78.60000000000001,0.0
78.64,-0.002
78.68,0.0
78.72,0.004
78.76,0.004
78.8,0.004
78.84,0.004
78.88,0.0
78.92,0.0
78.96000000000001,0.0
79.0,0.0
79.04,0.0
79.08,0.0
79.12,-0.002
79.16,-0.004
79.2,0.0
79.24,0.0
79.28,-0.004
79.32000000000001,-0.004
79.36,0.002
79.4,0.006
79.44,0.002
79.48,0.004
79.52,0.004
79.56,0.002
79.60000000000001,0.0
79.64,0.0
79.68,0.0
79.72,-0.002
79.76,0.0
79.8,0.002
79.84,-0.002
79.88,-0.002
79.92,0.0
79.96000000000001,0.0
80.0,0.0
80.04,0.002
80.08,0.002
80.12,0.0
80.16,0.0
80.2,0.002
80.24,0.0
80.28,0.0
80.32000000000001,0.0
80.36,0.0
80.4,0.0
80.44,0.0
80.48,0.0
80.52,-0.006
80.56,-0.006
80.60000000000001,-0.002
80.64,0.0
80.68,0.0
80.72,0.002
80.76,0.004
80.8,0.002
80.84,0.0
80.88,0.0
80.92,-0.002
80.96000000000001,0.0
81.0,0.004
81.04,0.002
81.08,-0.002
81.12,-0.002
81.16,0.0
81.2,0.0
81.24,-0.002
81.28,0.0
81.32000000000001,0.0
81.36,0.004
81.4,0.004
81.44,0.004
81.48,0.002
81.52,0.0
81.56,0.004
81.60000000000001,0.004
81.64,0.002
81.68,0.004
81.72,0.002
81.76,-0.004
81.8,-0.004
81.84,0.0
81.88,0.0
81.92,-0.002
81.96000000000001,0.0
82.0,0.002
82.04,0.002
82.08,0.0
82.12,0.0
82.16,-0.002
82.2,-0.002
82.24,0.002
82.28,0.002
82.32000000000001,0.0
82.36,0.0
82.4,0.002
82.44,0.0
82.48,-0.006
82.52,-0.004
82.56,0.0
82.60000000000001,0.0
82.64,0.0
82.68,0.002
82.72,0.0
82.76,0.0
82.8,0.002
82.84,0.002
82.88,0.002
82.92,0.004
82.96000000000001,0.004
83.0,0.0
83.04,-0.002
83.08,0.002
83.12,0.0
83.16,-0.006
83.2,-0.004
83.24,0.002
83.28,0.0
83.32000000000001,0.0
83.36,0.002
83.4,0.0
83.44,0.0
83.48,0.002
83.52,0.002
83.56,0.0
83.60000000000001,0.002
83.64,0.004
83.68,0.0
83.72,-0.002
83.76,0.0
83.8,0.0
83.84,-0.004
83.88,0.0
83.92,0.0
83.96000000000001,-0.004
84.0,0.0
84.04,0.002
84.08,0.0
84.12,0.0
84.16,0.004
84.2,0.002
84.24,0.0
84.28,0.004
84.32000000000001,0.006
84.36,0.0
84.4,-0.006
84.44,-0.002
84.48,0.002
84.52,-0.002
84.56,0.0
84.60000000000001,0.0
84.64,-0.004
84.68,0.0
84.72,0.002
84.76,-0.002
84.8,-0.004
84.84,0.002
84.88,0.004
84.92,0.002
84.96000000000001,0.0
85.0,0.004
85.04,0.0
85.08,-0.004
85.12,-0.004
85.16,-0.002
85.2,-0.004
85.24,0.0
85.28,0.0
85.32000000000001,0.0
85.36,0.0
85.4,0.002
85.44,0.0
85.48,0.002
85.52,0.004
85.56,0.006
85.60000000000001,0.0
85.64,0.0
85.68,0.002
85.72,0.002
85.76,0.0
85.8,0.0
85.84,0.0
85.88,0.0
85.92,0.002
85.96000000000001,0.002
86.0,-0.002
86.04,-0.004
86.08,0.0
86.12,0.002
86.16,0.002
86.2,0.004
86.24,0.002
86.28,0.002
86.32000000000001,0.0
86.36,-0.002
86.4,0.0
86.44,0.0
86.48,0.0
86.52,-0.002
86.56,-0.004
86.60000000000001,-0.002
86.64,-0.002
86.68,0.0
86.72,0.0
86.76,0.0
86.8,0.002
86.84,0.002
86.88,0.0
86.92,0.002
86.96000000000001,0.0
87.0,0.002
87.04,0.0
87.08,0.0
87.12,0.0
87.16,0.002
87.2,0.0
87.24,-0.004
87.28,-0.004
87.32000000000001,0.0
87.36,0.0
87.4,0.0
87.44,0.002
87.48,0.004
87.52,0.004
87.56,0.004
87.60000000000001,0.002
87.64,0.0
87.68,0.002
87.72,0.002
87.76,0.0
87.8,-0.002
87.84,0.0
87.88,0.0
87.92,-0.004
87.96000000000001,-0.004
88.0,0.0
88.04,0.0
88.08,0.0
88.12,0.002
88.16,0.004
88.2,0.0
88.24,0.0
88.28,0.0
88.32000000000001,0.0
88.36,0.002
88.4,0.004
88.44,0.0
88.48,-0.004
88.52,-0.004
88.56,0.0
88.60000000000001,-0.004
88.64,-0.004
88.68,0.0
88.72,0.002
88.76,0.0
88.8,0.004
88.84,0.002
88.88,0.0
88.92,0.002
88.96000000000001,0.002
89.0,-0.004
89.04,-0.002
89.08,0.002
89.12,0.002
89.16,-0.004
89.2,0.0
89.24,0.0
89.28,-0.004
89.32000000000001,-0.004
89.36,0.0
89.4,0.002
89.44,0.0
89.48,0.0
89.52,0.002
89.56,0.0
89.60000000000001,0.004
89.64,0.006
89.68,0.0
89.72,0.0
89.76,0.004
89.8,0.004
89.84,-0.004
89.88,-0.004
89.92,-0.002
89.96000000000001,-0.002
90.0,0.0
90.04,0.002
90.08,0.004
90.12,0.0
90.16,0.002
90.2,0.002
90.24,-0.002
90.28,0.0
90.32000000000001,0.004
90.36,0.002
90.4,0.0
90.44,0.0
90.48,0.002
90.52,-0.004
90.56,-0.004
90.60000000000001,-0.002
90.64,-0.002
90.68,-0.002
90.72,0.0
90.76,0.0
90.8,-0.002
90.84,0.0
90.88,0.002
90.92,-0.002
90.96000000000001,0.0
91.0,0.004
91.04,0.004
91.08,0.0
91.12,-0.004
91.16,-0.002
91.2,-0.002
91.24,0.0
91.28,0.0
91.32000000000001,0.0
91.36,0.0
91.4,0.002
91.44,0.0
91.48,0.0
91.52,0.0
91.56,0.004
91.60000000000001,0.002
91.64,0.0
91.68,0.004
91.72,0.006
91.76,0.0
91.8,-0.004
91.84,0.0
91.88,0.0
91.92,0.0
91.96000000000001,0.0
92.0,0.0
92.04,0.0
92.08,0.0
92.12,0.0
92.16,0.0
92.2,0.0
92.24,0.004
92.28,0.006
92.32000000000001,0.0
92.36,-0.002
92.4,0.002
92.44,0.0
92.48,0.0
92.52,0.0
92.56,-0.004
92.60000000000001,0.0
92.64,0.0
92.68,0.0
92.72,-0.002
92.76,0.0
92.8,0.0
92.84,0.0
92.88,0.0
92.92,0.004
92.96000000000001,0.004
93.0,0.002
93.04,0.0
93.08,0.0
93.12,0.0
93.16,-0.002
93.2,0.0
93.24,-0.002
93.28,-0.002
93.32000000000001,0.0
93.36,-0.002
93.4,-0.004
93.44,0.0
93.48,0.004
93.52,0.002
93.56,0.0
93.60000000000001,0.0
93.64,0.004
93.68,0.004
93.72,0.0
93.76,-0.002
93.8,-0.002
93.84,0.0
93.88,0.002
93.92,-0.002
93.96000000000001,-0.002
94.0,0.002
94.04,0.0
94.08,-0.004
94.12,0.0
94.16,0.002
94.2,0.002
94.24,0.002
94.28,0.004
94.32000000000001,0.004
94.36,0.002
94.4,0.0
94.44,0.0
94.48,-0.004
94.52,-0.002
94.56,0.002
94.60000000000001,-0.004
94.64,-0.004
94.68,0.002
94.72,0.0
94.76,-0.004
94.8,-0.002
94.84,0.004
94.88,0.002
94.92,0.0
94.96000000000001,0.0
95.0,-0.002
95.04,-0.002
95.08,0.002
95.12,0.002
95.16,-0.004
95.2,-0.002
95.24,0.004
95.28,0.0
95.32000000000001,-0.006
95.36,0.0
95.4,0.0
95.44,-0.002
95.48,0.0
95.52,0.006
95.56,0.004
95.60000000000001,0.004
95.64,0.004
95.68,0.0
95.72,-0.002
95.76,0.002
95.8,0.004
95.84,0.0
95.88,0.0
95.92,0.004
95.96000000000001,0.0
96.0,-0.006
96.04,-0.004
96.08,0.002
96.12,0.002
96.16,0.002
96.2,0.002
96.24000000000001,0.0
96.28,0.0
96.32000000000001,0.002
96.36,0.002
96.4,-0.002
96.44,0.0
96.48,0.002
96.52,0.0
96.56,-0.004
96.60000000000001,-0.004
96.64,-0.002
96.68,-0.006
96.72,-0.004
96.76,0.0
96.8,0.002
96.84,0.002
96.88,0.004
96.92,0.0
96.96000000000001,0.0
97.0,0.002
97.04,0.002
97.08,-0.002
97.12,0.0
97.16,0.002
97.2,0.0
97.24000000000001,-0.004
97.28,-0.004
97.32000000000001,0.0
97.36,0.0
97.4,0.0
97.44,0.0
97.48,0.0
97.52,0.002
97.56,0.004
97.60000000000001,0.0
97.64,-0.002
97.68,0.002
97.72,0.004
97.76,0.004
97.8,0.0
97.84,0.0
97.88,-0.002
97.92,-0.006
97.96000000000001,-0.004
98.0,0.0
98.04,0.0
98.08,0.002
98.12,0.002
98.16,0.0
98.2,0.002
98.24000000000001,0.004
98.28,0.002
98.32000000000001,-0.002
98.36,0.0
98.4,0.004
98.44,0.002
98.48,0.0
98.52,0.0
98.56,0.002
98.60000000000001,0.0
98.64,-0.004
98.68,-0.004
98.72,0.0
98.76,0.002
98.8,0.002
98.84,0.0
98.88,-0.002
98.92,0.0
98.96000000000001,0.004
99.0,0.002
99.04,0.0
99.08,0.002
99.12,0.0
99.16,-0.004
99.2,-0.004
99.24000000000001,-0.004
99.28,-0.004
99.32000000000001,-0.004
99.36,-0.004
99.4,0.0
99.44,0.0
99.48,0.002
99.52,0.0
99.56,-0.002
99.60000000000001,0.002
99.64,0.002
99.68,0.002
99.72,0.0
99.76,0.004
99.8,0.004
99.84,0.0
99.88,0.0
99.92,0.0
99.96000000000001,0.0
100.0,0.0
100.04,0.0
100.08,-0.004
100.12,0.0
100.16,0.002
100.2,0.004
100.24000000000001,0.0
100.28,0.002
100.32000000000001,0.004
100.36,0.004
100.4,0.0
100.44,0.002
100.48,0.0
100.52,-0.004
100.56,-0.004
100.60000000000001,0.0
100.64,-0.002
100.68,0.0
100.72,0.004
100.76,-0.004
100.8,-0.004
100.84,-0.002
100.88,0.0
100.92,0.0
100.96000000000001,0.0
101.0,0.004
101.04,0.002
101.08,0.0
101.12,0.0
101.16,-0.002
101.2,-0.002
101.24000000000001,0.0
101.28,0.0
101.32000000000001,-0.004
101.36,-0.002
101.4,0.002
101.44,0.0
101.48,-0.004
101.52,0.0
101.56,0.004
101.60000000000001,0.004
101.64,0.004
101.68,0.004
101.72,0.0
101.76,-0.002
101.8,0.0
101.84,0.0
101.88,-0.002
101.92,0.0
101.96000000000001,0.002
102.0,-0.004
102.04,-0.004
102.08,0.0
102.12,0.0
102.16,-0.004
102.2,0.0
102.24000000000001,0.004
102.28,0.002
102.32000000000001,0.002
102.36,0.002
102.4,0.0
102.44,0.0
102.48,0.002
102.52,0.0
102.56,-0.004
102.60000000000001,0.0
102.64,0.002
102.68,-0.002
102.72,-0.004
102.76,-0.002
102.8,0.0
102.84,0.002
102.88,0.004
102.92,0.004
102.96000000000001,0.002
103.0,0.0
103.04,0.002
103.08,0.0
103.12,-0.004
103.16,0.0
103.2,0.0
103.24000000000001,-0.002
103.28,0.0
103.32000000000001,0.002
103.36,-0.004
103.4,-0.006
103.44,-0.004
103.48,0.0
103.52,0.0
103.56,0.002
103.60000000000001,0.0
103.64,0.0
103.68,0.002
103.72,0.002
103.76,0.0
103.8,-0.002
103.84,0.004
103.88,0.002
103.92,0.0
103.96000000000001,-0.004
104.0,0.0
104.04,0.0
104.08,0.0
104.12,0.002
104.16,0.0
104.2,0.0
104.24000000000001,0.002
104.28,0.002
104.32000000000001,0.0
104.36,0.0
104.4,0.002
104.44,0.0
104.48,0.0
104.52,0.002
104.56,0.004
104.60000000000001,-0.002
104.64,-0.006
104.68,-0.004
104.72,-0.004
104.76,-0.004
104.8,0.0
104.84,0.0
104.88,0.0
104.92,0.002
104.96000000000001,0.002
105.0,0.0
105.04,-0.002
105.08,0.002
105.12,0.002
105.16,-0.002
105.2,-0.002
105.24000000000001,0.002
105.28,0.0
105.32000000000001,-0.002
105.36,-0.002
105.4,-0.004
105.44,-0.002
105.48,0.004
105.52,0.002
105.56,0.0
105.60000000000001,0.0
105.64,0.004
105.68,0.0
105.72,0.0
105.76,0.006
105.8,0.008
105.84,0.002
105.88,0.0
105.92,0.0
105.96000000000001,-0.004
106.0,-0.004
106.04,-0.002
106.08,-0.002
106.12,0.0
106.16,0.004
106.2,0.002
106.24000000000001,-0.002
106.28,0.0
106.32000000000001,0.004
106.36,0.0
106.4,-0.002
106.44,0.0
106.48,0.004
106.52,0.0
106.56,-0.004
106.60000000000001,-0.002
106.64,-0.006
106.68,-0.004
106.72,0.002
106.76,0.0
106.8,-0.004
106.84,-0.002
106.88,0.0
106.92,-0.002
106.96000000000001,0.0
107.0,0.004
107.04,0.004
107.08,0.0
107.12,0.004
107.16,0.002
107.2,0.0
107.24000000000001,0.0
107.28,-0.002
107.32000000000001,-0.004
107.36,-0.004
107.4,0.002
107.44,0.002
107.48,-0.002
107.52,0.0
107.56,0.004
107.60000000000001,0.0
107.64,-0.002
107.68,0.002
107.72,0.004
107.76,0.002
107.8,0.002
107.84,0.0
107.88,0.0
107.92,0.0
107.96000000000001,0.002
108.0,-0.002
108.04,-0.004
108.08,-0.002
108.12,0.0
108.16,-0.004
108.2,0.0
108.24000000000001,0.0
108.28,0.0
108.32000000000001,0.0
108.36,0.002
108.4,0.004
108.44,0.004
108.48,0.002
108.52,0.0
108.56,-0.002
108.60000000000001,-0.002
108.64,0.0
108.68,0.0
108.72,-0.004
108.76,0.0
108.8,0.002
108.84,-0.002
108.88,-0.004
108.92,-0.002
108.96000000000001,0.0
109.0,0.002
109.04,0.0
109.08,0.0
109.12,0.002
109.16,0.002
109.2,0.002
109.24000000000001,-0.004
109.28,-0.004
109.32000000000001,0.0
109.36,0.0
109.4,-0.004
109.44,-0.004
109.48,-0.002
109.52,-0.002
109.56,-0.004
109.60000000000001,0.002
109.64,0.004
109.68,0.004
109.72,0.002
109.76,0.004
109.8,0.0
109.84,0.0
109.88,0.0
109.92,0.0
109.96000000000001,-0.002
110.0,0.004
110.04,0.004
110.08,-0.002
110.12,-0.004
110.16,0.0
110.2,0.0
110.24000000000001,-0.002
110.28,0.002
110.32000000000001,0.0
110.36,0.002
110.4,0.004
110.44,0.002
110.48,-0.002
110.52,-0.002
110.56,0.004
110.60000000000001,0.0
110.64,-0.004
110.68,0.0
110.72,-0.002
110.76,-0.006
110.8,-0.006
110.84,0.0
110.88,0.0
110.92,0.0
110.96000000000001,0.002
111.0,0.002
111.04,0.0
111.08,0.004
111.12,0.004
111.16,-0.004
111.2,0.0
111.24000000000001,0.004
111.28,0.002
111.32000000000001,0.0
111.36,0.0
111.4,0.0
111.44,-0.004
111.48,-0.002
111.52,0.0
111.56,0.0
111.60000000000001,0.0
111.64,0.004
111.68,0.004
111.72,-0.002
111.76,0.002
111.8,0.006
111.84,0.002
111.88,0.0
111.92,0.002
111.96000000000001,0.0
112.0,-0.006
112.04,-0.002
112.08,0.0
112.12,-0.004
112.16,-0.004
112.2,0.0
112.24000000000001,0.0
112.28,0.0
112.32000000000001,0.002
112.36,0.0
112.4,-0.004
112.44,0.0
112.48,0.004
112.52,0.002
112.56,0.0
112.60000000000001,0.002
112.64,0.0
112.68,-0.002
112.72,-0.002
112.76,-0.002
112.8,-0.006
112.84,-0.004
112.88,0.002
112.92,0.0
112.96000000000001,-0.002
113.0,0.002
113.04,0.004
113.08,0.0
113.12,0.0
113.16,0.002
113.2,0.002
113.24000000000001,0.0
113.28,0.0
113.32000000000001,0.0
113.36,-0.004
113.4,-0.002
113.44,0.0
113.48,0.0
113.52,0.0
113.56,0.002
113.60000000000001,0.0
113.64,-0.004
113.68,0.0
113.72,0.002
113.76,0.002
113.8,0.0
113.84,0.004
113.88,0.002
113.92,0.004
113.96000000000001,0.002
114.0,-0.004
114.04,-0.004
114.08,-0.002
114.12,0.0
114.16,-0.002
114.2,-0.002
114.24000000000001,0.002
114.28,0.004
114.32000000000001,0.0
114.36,0.0
114.4,0.002
114.44,0.002
114.48,0.002
114.52,0.002
114.56,0.0
114.60000000000001,0.0
114.64,0.0
114.68,0.0
114.72,-0.002
114.76,-0.002
114.8,0.0
114.84,-0.002
114.88,-0.004
114.92,0.0
114.96000000000001,0.0
115.0,-0.004
115.04,-0.004
115.08,0.0
115.12,0.004
115.16,0.004
115.2,0.004
115.24000000000001,0.0
115.28,-0.002
115.32000000000001,0.0
115.36,0.0
115.4,-0.004
115.44,-0.002
115.48,0.0
115.52,0.002
115.56,0.0
115.60000000000001,-0.002
115.64,0.002
115.68,0.002
115.72,0.002
115.76,0.004
115.8,0.002
115.84,0.002
115.88,0.002
115.92,0.002
115.96000000000001,0.0
116.0,0.0
116.04,0.002
116.08,-0.002
116.12,-0.004
116.16,0.0
116.2,-0.002
116.24000000000001,-0.006
116.28,-0.006
116.32000000000001,0.0
116.36,0.002
116.4,0.004
116.44,0.002
116.48,0.0
116.52,0.0
116.56,0.004
116.60000000000001,0.002
116.64,-0.004
116.68,-0.004
116.72,0.0
116.76,0.0
116.8,-0.002
116.84,0.0
116.88,0.0
116.92,-0.002
116.96000000000001,0.0
117.0,0.0
117.04,0.0
117.08,0.002
117.12,0.004
117.16,0.004
117.2,0.0
117.24000000000001,0.004
117.28,0.004
117.32000000000001,0.0
117.36,0.0
117.4,0.004
117.44,0.0
117.48,-0.004
117.52,-0.002
117.56,0.0
117.60000000000001,0.0
117.64,0.0
117.68,0.0
117.72,0.0
117.76,0.002
117.8,0.006
117.84,0.0
117.88,-0.006
117.92,-0.002
117.96000000000001,0.002
118.0,0.0
118.04,-0.004
118.08,0.0
118.12,0.0
118.16,-0.004
118.2,-0.004
118.24000000000001,-0.004
118.28,-0.004
118.32000000000001,0.0
118.36,0.002
118.4,0.0
118.44,0.0
118.48,0.004
118.52,0.002
118.56,0.0
118.60000000000001,0.002
118.64,0.004
118.68,0.002
118.72,0.0
118.76,0.0
118.8,0.0
118.84,-0.002
118.88,-0.004
118.92,-0.004
118.96000000000001,-0.002
119.0,0.002
119.04,0.006
119.08,0.002
119.12,-0.002
119.16,0.002
119.2,0.004
119.24000000000001,0.0
119.28,0.0
119.32000000000001,0.002
119.36,0.004
119.4,0.0
119.44,-0.002
119.48,-0.002
119.52,-0.004
119.56,-0.004
119.60000000000001,-0.002
119.64,-0.002
119.68,0.0
119.72,0.002
119.76,0.0
119.8,0.0
119.84,0.002
119.88,0.004
119.92,0.002
119.96000000000001,0.0
120.0,0.002
120.04,0.002
120.08,0.0
120.12,-0.004
120.16,-0.004
120.2,-0.004
120.24000000000001,0.002
120.28,0.002
120.32000000000001,0.0
120.36,-0.002
120.4,0.002
120.44,0.002
120.48,0.0
120.52,-0.004
120.56,0.004
120.60000000000001,0.004
120.64,0.002
120.68,0.002
120.72,0.002
120.76,-0.004
120.8,-0.002
120.84,-0.004
120.88,-0.004
120.92,-0.004
120.96000000000001,0.0
121.0,0.0
121.04,-0.004
121.08,0.0
121.12,0.004
121.16,0.0
121.2,0.0
121.24000000000001,0.004
121.28,0.004
121.32000000000001,0.002
121.36,0.0
121.4,0.0
121.44,0.0
121.48,0.002
121.52,0.004
121.56,-0.002
121.60000000000001,-0.002
121.64,0.004
121.68,0.0
121.72,-0.004
121.76,-0.004
121.8,0.002
121.84,0.004
121.88,0.002
121.92,0.004
121.96000000000001,0.004
122.0,0.0
122.04,0.0
122.08,-0.002
122.12,-0.004
122.16,-0.002
122.2,0.0
122.24000000000001,-0.004
122.28,-0.004
122.32000000000001,0.0
122.36,0.0
122.4,-0.004
122.44,0.0
122.48,0.004
122.52,0.002
122.56,0.0
122.60000000000001,0.002
122.64,0.002
122.68,0.0
122.72,0.002
122.76,0.002
122.8,-0.004
122.84,0.0
122.88,0.004
122.92,0.002
122.96000000000001,-0.004
123.0,-0.004
123.04,0.0
123.08,0.0
123.12,0.0
123.16,0.004
123.2,0.002
123.24000000000001,0.004
123.28,0.004
123.32000000000001,0.002
123.36,0.0
123.4,0.0
123.44,0.0
123.48,-0.002
123.52,-0.004
123.56,0.0
123.60000000000001,0.0
123.64,-0.006
123.68,-0.002
123.72,0.0
123.76,-0.002
123.8,-0.002
123.84,0.002
123.88000000000001,0.002
123.92,0.002
123.96000000000001,0.002
124.0,-0.002
124.04,-0.004
124.08,0.0
124.12,0.004
124.16,0.0
124.2,-0.004
124.24000000000001,-0.002
124.28,0.0
124.32000000000001,-0.004
124.36,-0.004
124.4,0.0
124.44,0.0
124.48,0.002
124.52,0.004
124.56,0.004
124.60000000000001,0.002
124.64,0.002
124.68,0.0
124.72,0.0
124.76,0.0
124.8,0.004
124.84,0.002
124.88000000000001,-0.002
124.92,0.0
124.96000000000001,0.0
125.0,-0.004
125.04,-0.002
125.08,0.0
125.12,0.0
125.16,0.002
125.2,0.002
125.24000000000001,0.0
125.28,-0.002
125.32000000000001,0.004
125.36,0.004
125.4,0.002
125.44,0.0
125.48,0.002
125.52,0.002
125.56,-0.004
125.60000000000001,-0.004
125.64,-0.004
125.68,-0.004
125.72,0.0
125.76,0.0
125.8,0.0
125.84,0.002
125.88000000000001,0.002
125.92,0.0
125.96000000000001,0.0
126.0,0.002
126.04,0.002
126.08,0.002
126.12,0.0
126.16,0.002
126.2,0.0
126.24000000000001,-0.002
126.28,0.0
126.32000000000001,-0.004
126.36,-0.002
126.4,0.0
126.44,0.0
126.48,-0.002
126.52,-0.002
126.56,0.002
126.60000000000001,0.002
126.64,0.0
126.68,0.0
126.72,0.004
126.76,0.002
126.8,0.0
126.84,0.0
126.88000000000001,-0.004
126.92,-0.004
126.96000000000001,-0.002
127.0,0.0
127.04,0.0
127.08,0.0
127.12,0.0
127.16,0.0
127.2,0.0
127.24000000000001,0.002
127.28,0.004
127.32000000000001,0.0
127.36,0.002
127.4,0.004
127.44,0.002
127.48,0.0
127.52,0.0
127.56,-0.002
127.60000000000001,-0.004
127.64,-0.002
127.68,-0.002
127.72,-0.004
127.76,-0.004
127.8,0.002
127.84,0.0
127.88000000000001,-0.004
127.92,0.0
127.96000000000001,0.004
128.0,0.002
128.04,0.0
128.08,0.0
128.12,0.0
128.16,-0.002
128.2,0.0
128.24,0.0
128.28,-0.004
128.32,0.0
128.36,0.002
128.4,0.0
128.44,-0.004
128.48,0.0
128.52,0.0
128.56,-0.002
128.6,0.0
128.64000000000001,0.006
128.68,0.004
128.72,0.004
128.76,0.004
128.8,0.002
128.84,-0.002
128.88,0.0
128.92000000000002,0.0
128.96,-0.004
129.0,0.0
129.04,0.004
129.08,-0.002
129.12,-0.006
129.16,-0.004
129.2,0.004
129.24,0.0
129.28,0.002
129.32,0.004
129.36,0.002
129.4,0.0
129.44,0.002
129.48,0.0
129.52,-0.004
129.56,0.0
129.6,0.002
129.64000000000001,-0.002
129.68,0.0
129.72,0.0
129.76,-0.004
129.8,-0.008
129.84,-0.004
129.88,0.002
129.92000000000002,0.0
129.96,0.002
130.0,0.004
130.04,0.002
130.08,0.002
130.12,0.002
130.16,0.0
130.2,0.0
130.24,0.0
130.28,0.004
130.32,-0.004
130.36,-0.004
130.4,0.0
130.44,0.0
130.48,-0.002
130.52,0.0
130.56,0.0
130.6,0.002
130.64000000000001,0.002
130.68,0.004
130.72,0.0
130.76,0.0
130.8,0.002
130.84,0.002
130.88,0.002
130.92000000000002,0.002
130.96,0.002
131.0,-0.002
131.04,-0.006
131.08,-0.004
131.12,0.0
131.16,0.0
131.2,0.0
131.24,0.002
131.28,0.002
131.32,0.002
131.36,0.002
131.4,0.0
131.44,0.0
131.48,0.002
131.52,0.004
131.56,0.0
131.6,0.0
131.64000000000001,0.0
131.68,0.0
131.72,-0.004
131.76,-0.006
131.8,-0.004
131.84,0.0
131.88,0.0
131.92000000000002,0.0
131.96,0.0
132.0,0.0
132.04,0.0
132.08,0.002
132.12,0.002
132.16,0.002
132.2,0.004
132.24,0.0
132.28,-0.002
132.32,0.0
132.36,-0.004
132.4,-0.004
132.44,-0.004
132.48,-0.002
132.52,0.0
132.56,0.002
132.6,0.004
132.64000000000001,0.0
132.68,0.0
132.72,0.002
132.76,0.002
132.8,0.0
132.84,0.0
132.88,0.006
132.92000000000002,0.004
132.96,0.0
133.0,0.0
133.04,0.0
133.08,-0.002
133.12,0.0
133.16,0.0
133.2,-0.002
133.24,0.0
133.28,0.004
133.32,0.002
133.36,0.0
133.4,0.0
133.44,0.002
133.48,0.0
133.52,0.0
133.56,0.002
133.6,0.0
133.64000000000001,-0.004
133.68,-0.004
133.72,-0.004
133.76,-0.004
133.8,0.0
133.84,0.0
133.88,-0.004
133.92000000000002,0.0
133.96,0.002
134.0,0.0
134.04,-0.004
134.08,0.0
134.12,0.006
134.16,0.004
134.2,0.002
134.24,0.004
134.28,0.0
134.32,-0.004
134.36,0.0
134.4,-0.004
134.44,-0.006
134.48,0.0
134.52,0.004
134.56,0.0
134.6,-0.004
134.64000000000001,0.002
134.68,0.0
134.72,0.0
134.76,0.004
134.8,0.004
134.84,0.002
134.88,0.0
134.92000000000002,0.0
134.96,-0.002
135.0,-0.004
135.04,0.0
135.08,0.0
135.12,-0.004
135.16,0.0
135.2,0.002
135.24,-0.004
135.28,-0.004
135.32,0.0
135.36,0.002
135.4,0.002
135.44,0.002
135.48,0.004
135.52,0.002
135.56,0.0
135.6,0.0
135.64000000000001,-0.004
135.68,-0.004
135.72,0.002
135.76,0.002
135.8,-0.004
135.84,-0.002
135.88,0.0
135.92000000000002,-0.004
135.96,-0.002
136.0,0.0
136.04,0.002
136.08,0.0
136.12,0.002
136.16,0.002
136.2,0.0
136.24,0.0
136.28,0.0
136.32,0.0
136.36,-0.002
136.4,0.002
136.44,0.0
136.48,-0.004
136.52,-0.004
136.56,-0.002
136.6,0.0
136.64000000000001,-0.002
136.68,0.0
136.72,0.004
136.76,0.004
136.8,0.004
136.84,0.002
136.88,0.0
136.92000000000002,0.0
136.96,0.002
137.0,0.0
137.04,0.0
137.08,-0.002
137.12,0.0
137.16,0.0
137.20000000000002,-0.002
137.24,0.0
137.28,0.0
137.32,0.0
137.36,0.0
137.4,0.0
137.44,0.002
137.48,0.004
137.52,0.0
137.56,0.0
137.6,0.0
137.64000000000001,0.002
137.68,0.0
137.72,0.0
137.76,-0.004
137.8,0.0
137.84,-0.004
137.88,-0.004
137.92000000000002,-0.004
137.96,0.0
138.0,0.002
138.04,0.0
138.08,0.0
138.12,0.0
138.16,0.0
138.20000000000002,0.004
138.24,0.002
138.28,0.0
138.32,0.0
138.36,0.004
138.4,0.004
138.44,-0.002
138.48,0.0
138.52,0.0
138.56,-0.004
138.6,-0.004
138.64000000000001,0.002
138.68,0.002
138.72,0.002
138.76,0.004
138.8,0.0
138.84,0.0
138.88,0.004
138.92000000000002,0.002
138.96,0.0
139.0,0.0
139.04,0.002
139.08,0.0
139.12,-0.004
139.16,-0.004
139.20000000000002,0.0
139.24,-0.004
139.28,0.0
139.32,0.002
139.36,0.0
139.4,0.0
139.44,0.002
139.48,0.0
139.52,-0.004
139.56,0.0
139.6,0.004
139.64000000000001,0.002
139.68,0.002
139.72,0.002
139.76,-0.004
139.8,-0.004
139.84,-0.002
139.88,0.0
139.92000000000002,-0.004
139.96,0.0
140.0,0.002
140.04,-0.002
140.08,0.0
140.12,0.004
140.16,0.002
140.20000000000002,0.0
140.24,0.004
140.28,0.004
140.32,0.0
140.36,0.0
140.4,0.0
140.44,-0.004
140.48,-0.004
140.52,0.0
140.56,-0.002
140.6,-0.002
140.64000000000001,0.002
140.68,0.002
140.72,-0.004
140.76,-0.004
140.8,0.002
140.84,0.002
140.88,0.002
140.92000000000002,0.004
140.96,0.004
141.0,0.0
141.04,0.002
141.08,0.0
141.12,-0.004
141.16,-0.004
141.20000000000002,0.0
141.24,0.0
141.28,-0.004
141.32,0.0
141.36,0.004
141.4,-0.002
141.44,0.0
141.48,0.004
141.52,0.004
141.56,0.002
141.6,0.002
141.64000000000001,0.002
141.68,-0.002
141.72,0.0
141.76,0.0
141.8,-0.004
141.84,0.0
141.88,0.002
141.92000000000002,0.0
141.96,-0.006
142.0,-0.004
142.04,0.0
142.08,0.0
142.12,0.0
142.16,0.002
142.20000000000002,0.002
142.24,0.002
142.28,0.004
142.32,0.002
142.36,-0.004
142.4,0.0
142.44,0.0
142.48,-0.004
142.52,-0.004
142.56,0.0
142.6,0.002
142.64000000000001,-0.004
142.68,0.0
142.72,0.002
142.76,0.002
142.8,0.0
142.84,0.002
142.88,0.004
142.92000000000002,0.004
142.96,0.002
143.0,0.002
143.04,0.0
143.08,0.004
143.12,0.004
143.16,0.0
143.20000000000002,-0.004
143.24,0.0
143.28,0.0
143.32,-0.002
143.36,-0.004
143.4,-0.002
143.44,0.0
143.48,0.002
143.52,0.004
143.56,0.004
143.6,0.002
143.64000000000001,0.0
143.68,0.0
143.72,-0.004
143.76,-0.002
143.8,0.002
143.84,0.0
143.88,-0.004
143.92000000000002,-0.002
143.96,0.0
144.0,0.0
144.04,-0.004
144.08,-0.002
144.12,0.0
144.16,0.002
144.20000000000002,0.002
144.24,0.002
144.28,0.0
144.32,0.002
144.36,0.004
144.4,0.0
144.44,-0.004
144.48,0.002
144.52,0.004
144.56,-0.002
144.6,-0.006
144.64000000000001,-0.004
144.68,-0.002
144.72,0.002
144.76,0.004
144.8,0.002
144.84,0.002
144.88,0.002
144.92000000000002,0.002
144.96,0.0
145.0,0.0
145.04,0.002
145.08,0.002
145.12,-0.002
145.16,0.0
145.20000000000002,0.002
145.24,-0.002
145.28,-0.004
145.32,-0.004
145.36,0.0
145.4,0.0
145.44,0.0
145.48,0.0
145.52,0.0
145.56,0.002
145.6,0.004
145.64000000000001,0.0
145.68,0.0
145.72,0.004
145.76,0.004
145.8,-0.002
145.84,-0.004
145.88,-0.004
145.92000000000002,-0.004
145.96,-0.002
146.0,0.0
146.04,-0.002
146.08,0.0
146.12,0.004
146.16,0.0
146.20000000000002,-0.002
146.24,0.0
146.28,0.002
146.32,0.0
146.36,0.0
146.4,0.004
146.44,0.004
146.48,-0.002
146.52,-0.004
146.56,-0.004
146.6,-0.004
146.64000000000001,-0.002
146.68,0.0
146.72,-0.002
146.76,0.0
146.8,0.004
146.84,0.002
146.88,-0.002
146.92000000000002,0.002
146.96,0.008
147.0,0.004
147.04,0.0
147.08,0.002
147.12,0.0
147.16,0.0
147.20000000000002,0.0
147.24,0.0
147.28,-0.004
147.32,0.0
147.36,0.006
147.4,0.0
147.44,-0.002
147.48,0.002
147.52,0.0
147.56,-0.002
147.6,0.0
147.64000000000001,0.004
147.68,0.002
147.72,0.0
147.76,0.0
147.8,0.0
147.84,-0.004
147.88,-0.002
147.92000000000002,-0.004
147.96,-0.006
148.0,-0.004
148.04,0.002
148.08,-0.002
148.12,-0.004
148.16,0.002
148.20000000000002,0.004
148.24,0.0
148.28,0.0
148.32,0.002
148.36,0.002
148.4,0.0
148.44,0.0
148.48,-0.002
148.52,-0.004
148.56,0.0
148.6,0.002
148.64000000000001,-0.004
148.68,-0.002
148.72,0.002
148.76,0.0
148.8,-0.004
148.84,0.0
148.88,0.002
148.92000000000002,0.002
148.96,0.002
149.0,0.004
149.04,0.004
149.08,0.002
149.12,0.0
149.16,0.0
149.20000000000002,-0.002
149.24,0.0
149.28,0.0
149.32,-0.004
149.36,-0.004
149.4,0.002
149.44,0.002
149.48,-0.002
149.52,0.0
149.56,0.0
149.6,0.002
149.64000000000001,0.002
149.68,0.002
149.72,-0.002
149.76,-0.002
149.8,0.002
149.84,0.0
149.88,-0.002
149.92000000000002,0.0
149.96,0.0
150.0,-0.002
150.04,-0.004
150.08,-0.004
150.12,0.0
150.16,0.0
150.20000000000002,0.0
150.24,0.004
150.28,0.004
150.32,0.004
150.36,0.002
150.4,-0.002
150.44,-0.004
150.48,0.0
150.52,0.0
150.56,-0.004
150.6,-0.002
150.64000000000001,0.0
150.68,0.0
150.72,-0.004
150.76,-0.004
150.8,0.0
150.84,0.002
150.88,0.004
150.92000000000002,0.002
150.96,0.0
151.0,0.0
151.04,0.004
151.08,0.004
151.12,0.0
151.16,0.0
151.20000000000002,0.002
151.24,0.0
151.28,-0.002
151.32,0.0
151.36,0.0
151.4,-0.004
151.44,0.0
151.48,0.004
151.52,0.002
151.56,0.004
151.6,0.004
151.64000000000001,0.0
151.68,-0.002
151.72,0.002
151.76,0.002
151.8,-0.002
151.84,0.0
151.88,0.002
151.92000000000002,0.0
151.96,-0.004
152.0,-0.004
152.04,0.0
152.08,-0.004
152.12,0.0
152.16,0.0
152.20000000000002,-0.004
152.24,0.0
152.28,0.006
152.32,0.0
152.36,-0.004
152.4,0.002
152.44,0.004
152.48,0.0
152.52,0.0
152.56,0.0
152.6,-0.004
152.64000000000001,-0.006
152.68,-0.002
152.72,0.0
152.76,0.0
152.8,0.002
152.84,0.004
152.88,0.0
152.92000000000002,0.0
152.96,0.004
153.0,0.004
153.04,0.0
153.08,0.002
153.12,0.004
153.16,0.0
153.20000000000002,0.0
153.24,0.002
153.28,-0.002
153.32,-0.002
153.36,0.0
153.4,0.0
153.44,-0.002
153.48,0.0
153.52,0.004
153.56,0.0
153.6,-0.004
153.64000000000001,0.004
153.68,0.004
153.72,0.0
153.76,0.002
153.8,0.002
153.84,0.0
153.88,0.0
153.92000000000002,0.0
153.96,-0.004
154.0,-0.004
154.04,0.0
154.08,0.0
154.12,0.0
154.16,0.002
154.20000000000002,0.002
154.24,0.0
154.28,0.0
154.32,0.002
154.36,0.004
154.4,0.002
154.44,0.004
154.48,0.002
154.52,0.0
154.56,0.0
154.6,0.0
154.64000000000001,-0.006
154.68,-0.004
154.72,0.002
154.76,0.0
154.8,-0.004
154.84,-0.004
154.88,0.0
154.92000000000002,0.002
154.96,0.002
155.0,0.004
155.04,0.002
155.08,0.0
155.12,0.0
155.16,0.0
155.20000000000002,-0.004
155.24,-0.002
155.28,0.0
155.32,0.0
155.36,0.0
155.4,0.002
155.44,0.002
155.48,-0.002
155.52,0.0
155.56,0.0
155.6,0.0
155.64000000000001,0.002
155.68,0.002
155.72,0.002
155.76,0.002
155.8,0.004
155.84,0.0
155.88,-0.002
155.92000000000002,0.0
155.96,0.0
156.0,0.0
156.04,-0.004
156.08,-0.004
156.12,0.0
156.16,0.0
156.20000000000002,0.0
156.24,0.0
156.28,0.0
156.32,0.002
156.36,0.002
156.4,0.004
156.44,0.0
156.48,-0.004
156.52,0.0
156.56,-0.002
156.6,-0.002
156.64000000000001,0.0
156.68,0.002
156.72,-0.004
156.76,-0.004
156.8,-0.002
156.84,-0.002
156.88,-0.002
156.92000000000002,0.0
156.96,0.002
157.0,0.004
157.04,0.004
157.08,0.004
157.12,0.002
157.16,0.002
157.20000000000002,0.002
157.24,0.0
157.28,-0.004
157.32,0.0
157.36,0.004
157.4,-0.002
157.44,-0.004
157.48,0.0
157.52,0.0
157.56,0.002
157.6,0.004
157.64000000000001,0.002
157.68,0.0
157.72,0.0
157.76,0.002
157.8,0.0
157.84,-0.002
157.88,0.002
157.92000000000002,0.002
157.96,-0.002
158.0,0.0
158.04,0.0
158.08,-0.004
158.12,-0.006
158.16,-0.002
158.20000000000002,0.0
158.24,0.0
158.28,0.004
158.32,0.002
158.36,0.0
158.4,0.0
158.44,0.004
158.48,0.0
158.52,-0.002
158.56,0.004
158.6,0.002
158.64000000000001,-0.004
158.68,-0.004
158.72,0.0
158.76,-0.004
158.8,0.0
158.84,0.002
158.88,0.0
158.92000000000002,-0.004
158.96,0.002
159.0,0.004
159.04,-0.002
159.08,0.0
159.12,0.004
159.16,0.002
159.20000000000002,0.0
159.24,0.004
159.28,0.002
159.32,-0.002
159.36,-0.002
159.4,-0.002
159.44,-0.006
159.48,-0.004
159.52,0.002
159.56,0.0
159.6,0.0
159.64000000000001,0.002
159.68,0.002
159.72,0.0
159.76,0.002
159.8,0.004
159.84,0.002
159.88,0.0
159.92000000000002,0.002
159.96,0.0
160.0,0.0
160.04,0.0
160.08,0.0
160.12,-0.004
160.16,0.0
160.20000000000002,0.004
160.24,0.0
160.28,-0.004
160.32,0.0
160.36,0.002
160.4,0.0
160.44,0.002
160.48,0.004
160.52,0.002
160.56,0.002
160.6,0.0
160.64000000000001,-0.004
160.68,-0.004
160.72,-0.002
160.76,-0.002
160.8,-0.004
160.84,-0.002
160.88,0.0
160.92000000000002,0.0
160.96,-0.002
161.0,0.0
161.04,0.004
161.08,0.002
161.12,0.002
161.16,0.002
161.20000000000002,0.0
161.24,0.004
161.28,0.004
161.32,0.0
161.36,-0.004
161.4,0.0
161.44,0.002
161.48,0.002
161.52,-0.002
161.56,0.0
161.6,0.0
161.64000000000001,0.0
161.68,0.0
161.72,0.002
161.76,0.004
161.8,0.002
161.84,0.004
161.88,0.0
161.92000000000002,0.0
161.96,0.0
162.0,-0.002
162.04,-0.004
162.08,-0.004
162.12,0.0
162.16,0.0
162.20000000000002,-0.004
162.24,-0.002
162.28,0.0
162.32,0.0
162.36,-0.002
162.4,0.0
162.44,0.0
162.48,0.002
162.52,0.004
162.56,0.0
162.6,-0.004
162.64000000000001,0.0
162.68,0.004
162.72,0.0
162.76,-0.004
162.8,-0.002
162.84,0.0
162.88,-0.004
162.92000000000002,-0.002
162.96,0.0
163.0,0.0
163.04,0.004
163.08,0.004
163.12,0.004
163.16,0.002
163.20000000000002,0.002
163.24,0.0
163.28,-0.004
163.32,0.0
163.36,0.004
163.4,0.0
163.44,-0.002
163.48,0.0
163.52,0.0
163.56,-0.004
163.6,-0.002
163.64000000000001,0.0
163.68,0.0
163.72,0.002
163.76,0.004
163.8,0.002
163.84,-0.002
163.88,0.004
163.92000000000002,0.004
163.96,0.0
164.0,-0.004
164.04,0.002
164.08,0.002
164.12,-0.002
164.16,-0.004
164.20000000000002,-0.004
164.24,-0.004
164.28,0.0
164.32,0.004
164.36,0.0
164.4,0.002
164.44,0.004
164.48,0.0
164.52,-0.004
164.56,0.0
164.6,0.004
164.64000000000001,0.0
164.68,0.0
164.72,0.002
164.76,0.0
164.8,-0.004
164.84,-0.002
164.88,-0.004
164.92000000000002,-0.006
164.96,0.0
165.0,0.0
165.04,-0.002
165.08,0.0
165.12,0.004
165.16,0.002
165.20000000000002,-0.002
165.24,0.0
165.28,0.004
165.32,0.002
165.36,0.0
165.4,0.0
165.44,-0.004
165.48,-0.004
165.52,0.0
165.56,0.0
165.6,-0.002
165.64000000000001,0.004
165.68,0.004
165.72,0.0
165.76,0.0
165.8,0.004
165.84,0.002
165.88,0.0
165.92000000000002,0.0
165.96,0.004
166.0,0.002
166.04,0.002
166.08,0.0
166.12,-0.004
166.16,-0.006
166.20000000000002,0.0
166.24,-0.004
166.28,-0.004
166.32,0.0
166.36,0.002
166.4,0.0
166.44,-0.004
166.48,0.0
166.52,0.004
166.56,0.0
166.6,0.0
166.64000000000001,0.0
166.68,0.0
166.72,0.0
166.76,0.0
166.8,-0.004
166.84,-0.004
166.88,-0.002
166.92000000000002,0.0
166.96,0.0
167.0,0.0
167.04,0.002
167.08,0.0
167.12,0.0
167.16,0.0
167.20000000000002,0.004
167.24,0.006
167.28,0.004
167.32,0.002
167.36,0.004
167.4,0.0
167.44,0.0
167.48,-0.002
167.52,-0.004
167.56,0.0
167.6,0.002
167.64000000000001,0.0
167.68,-0.004
167.72,0.0
167.76,0.004
167.8,0.002
167.84,0.0
167.88,0.0
167.92000000000002,0.002
167.96,0.002
168.0,0.002
168.04,0.0
168.08,-0.004
168.12,-0.004
168.16,0.0
168.20000000000002,0.0
168.24,0.0
168.28,0.0
168.32,-0.002
168.36,-0.006
168.4,-0.004
168.44,0.002
168.48,0.002
168.52,0.0
168.56,0.002
168.6,0.004
168.64000000000001,0.002
168.68,0.004
168.72,-0.002
168.76,-0.004
168.8,0.0
168.84,0.002
168.88,0.0
168.92000000000002,-0.004
168.96,0.0
169.0,0.002
169.04,0.0
169.08,0.0
169.12,0.002
169.16,0.002
169.20000000000002,0.004
169.24,0.002
169.28,0.0
169.32,0.0
169.36,0.0
169.4,0.002
169.44,-0.002
169.48,0.0
169.52,0.004
169.56,-0.004
169.6,-0.004
169.64000000000001,0.0
169.68,0.0
169.72,-0.004
169.76,0.0
169.8,0.002
169.84,0.002
169.88,0.004
169.92000000000002,0.004
169.96,0.0
170.0,-0.004
170.04,0.002
170.08,0.004
170.12,-0.002
170.16,0.0
170.20000000000002,0.004
170.24,0.0
170.28,-0.004
170.32,0.0
170.36,-0.002
170.4,-0.002
170.44,0.002
170.48,0.002
170.52,-0.002
170.56,0.0
170.6,0.004
170.64000000000001,0.002
170.68,0.0
170.72,0.002
170.76,0.002
170.8,-0.004
170.84,-0.002
170.88,0.0
170.92000000000002,-0.004
170.96,-0.006
171.0,-0.004
171.04,0.0
171.08,0.0
171.12,0.004
171.16,0.002
171.20000000000002,0.0
171.24,0.0
171.28,0.004
171.32,0.004
171.36,0.0
171.4,0.002
171.44,0.002
171.48,0.0
171.52,0.0
171.56,0.0
171.6,0.0
171.64000000000001,-0.004
171.68,0.0
171.72,0.0
171.76,-0.004
171.8,0.002
171.84,0.004
171.88,0.0
171.92000000000002,0.0
171.96,0.002
172.0,0.004
172.04,0.002
172.08,0.002
172.12,0.002
172.16,-0.002
172.20000000000002,-0.004
172.24,-0.002
172.28,-0.004
172.32,-0.004
172.36,0.0
172.4,0.0
172.44,-0.004
172.48,0.0
172.52,0.004
172.56,0.0
172.6,-0.004
172.64000000000001,0.0
172.68,0.002
172.72,0.004
172.76,0.002
172.8,0.0
172.84,0.0
172.88,0.0
172.92000000000002,0.0
172.96,-0.004
173.0,-0.004
173.04,0.0
173.08,0.002
173.12,0.002
173.16,0.0
173.20000000000002,0.002
173.24,0.002
173.28,0.002
173.32,0.004
173.36,0.004
173.4,0.002
173.44,0.002
173.48,0.0
173.52,0.0
173.56,-0.004
173.6,0.0
173.64000000000001,0.0
173.68,-0.002
173.72,0.0
173.76,0.002
173.8,0.0
173.84,-0.006
173.88,-0.004
173.92000000000002,0.0
173.96,0.002
174.0,0.002
174.04,0.002
174.08,0.002
174.12,0.004
174.16,0.0
174.20000000000002,-0.004
174.24,-0.004
174.28,0.0
174.32,0.0
174.36,-0.004
174.4,-0.004
174.44,0.0
174.48,0.0
174.52,-0.002
174.56,0.0
174.6,0.002
174.64000000000001,0.002
174.68,0.002
174.72,0.004
174.76,0.0
174.8,-0.002
174.84,0.0
174.88,0.0
174.92000000000002,-0.002
174.96,0.0
175.0,0.004
175.04,-0.002
175.08,-0.006
175.12,-0.004
175.16,0.0
175.20000000000002,-0.004
175.24,0.0
175.28,0.002
175.32,0.002
175.36,0.004
175.4,0.004
175.44,0.0
175.48,0.0
175.52,0.002
175.56,0.0
175.6,-0.004
175.64000000000001,-0.002
175.68,0.004
175.72,-0.002
175.76,-0.004
175.8,0.0
175.84,0.0
175.88,0.0
175.92000000000002,0.002
175.96,0.002
176.0,0.0
176.04,0.002
176.08,0.002
176.12,0.0
176.16,0.0
176.20000000000002,0.006
176.24,0.002
176.28,-0.004
176.32,-0.004
176.36,0.0
176.4,-0.002
176.44,-0.004
176.48,-0.006
176.52,-0.004
176.56,-0.002
176.6,0.004
176.64000000000001,0.002
176.68,-0.002
176.72,0.002
176.76,0.004
176.8,0.0
176.84,-0.004
176.88,0.0
176.92000000000002,0.002
176.96,-0.002
177.0,-0.004
177.04,-0.002
177.08,-0.004
177.12,-0.002
177.16,0.0
177.20000000000002,0.0
177.24,0.0
177.28,0.004
177.32,0.002
177.36,0.0
177.4,0.0
177.44,0.006
177.48,0.004
177.52,0.0
177.56,0.004
177.6,0.006
177.64000000000001,0.002
177.68,-0.002
177.72,-0.004
177.76,-0.004
177.8,0.0
177.84,0.0
177.88,0.0
177.92000000000002,-0.002
177.96,0.002
178.0,0.004
178.04,-0.002
178.08,-0.002
178.12,0.004
178.16,0.002
178.20000000000002,0.0
178.24,0.0
178.28,0.0
178.32,-0.002
178.36,-0.004
178.4,-0.004
178.44,-0.004
178.48,-0.004
178.52,0.0
178.56,0.0
178.6,-0.004
178.64000000000001,0.0
178.68,0.004
178.72,0.0
178.76,0.0
178.8,0.002
178.84,0.006
178.88,0.004
178.92000000000002,0.0
178.96,-0.002
179.0,0.0
179.04,0.0
179.08,0.0
179.12,0.0
179.16,0.0
179.20000000000002,0.0
179.24,0.002
179.28,0.0
179.32,0.0
179.36,0.002
179.4,0.0
179.44,0.0
179.48,0.002
179.52,0.004
179.56,0.004
179.6,0.0
179.64000000000001,0.0
179.68,-0.002
179.72,-0.002
179.76,0.0
179.8,0.0
179.84,-0.004
179.88,-0.002
179.92000000000002,0.0
179.96,-0.002
180.0,-0.004
180.04,0.002
180.08,0.004
180.12,0.002
180.16,0.0
180.20000000000002,0.002
180.24,0.002
180.28,0.0
180.32,0.0
180.36,-0.004
180.4,-0.004
180.44,0.0
180.48,0.002
180.52,-0.002
180.56,-0.004
180.6,0.0
180.64000000000001,-0.002
180.68,-0.004
180.72,0.0
180.76,0.004
180.8,0.002
180.84,0.002
180.88,0.002
180.92000000000002,0.0
180.96,0.0
181.0,0.002
181.04,0.0
181.08,-0.002
181.12,0.0
181.16,0.0
181.20000000000002,-0.006
181.24,-0.004
181.28,0.0
181.32,0.0
181.36,-0.004
181.4,0.002
181.44,0.008
181.48,0.004
181.52,0.002
181.56,0.0
181.6,-0.002
181.64000000000001,0.0
181.68,0.004
181.72,0.002
181.76,-0.002
181.8,0.0
181.84,0.002
181.88,-0.004
181.92000000000002,-0.004
181.96,0.0
182.0,0.0
182.04,-0.002
182.08,0.0
182.12,0.002
182.16,0.0
182.20000000000002,0.0
182.24,0.004
182.28,0.0
182.32,-0.002
182.36,0.002
182.4,0.0
182.44,-0.004
182.48,-0.004
182.52,0.0
182.56,-0.006
182.6,-0.006
182.64000000000001,0.0
182.68,0.002
182.72,0.002
182.76,0.004
182.8,0.002
182.84,-0.002
182.88,0.002
182.92000000000002,0.004
182.96,0.0
183.0,0.0
183.04,0.002
183.08,0.004
183.12,0.0
183.16,0.0
183.20000000000002,0.0
183.24,-0.004
183.28,-0.004
183.32,0.0
183.36,0.0
183.4,0.0
183.44,0.004
183.48,0.002
183.52,0.0
183.56,0.0
183.6,0.004
183.64000000000001,0.002
183.68,0.0
183.72,0.002
183.76,0.0
183.8,-0.004
183.84,-0.006
183.88,-0.004
183.92000000000002,-0.002
183.96,0.0
184.0,0.0
184.04,0.0
184.08,0.0
184.12,0.002
184.16,0.002
184.20000000000002,-0.002
184.24,-0.002
184.28,0.002
184.32,0.004
184.36,0.002
184.4,0.002
184.44,0.0
184.48,-0.004
184.52,-0.004
184.56,-0.002
184.6,-0.002
184.64000000000001,0.0
184.68,0.002
184.72,0.0
184.76,0.0
184.8,0.002
184.84,0.002
184.88,0.004
184.92000000000002,0.002
184.96,0.004
185.0,0.004
185.04,0.0
185.08,0.0
185.12,0.0
185.16,0.0
185.20000000000002,0.0
185.24,0.0
185.28,0.0
185.32,0.0
185.36,0.004
185.4,0.0
185.44,-0.002
185.48,-0.004
185.52,0.002
185.56,0.002
185.6,0.004
185.64000000000001,0.004
185.68,0.004
185.72,0.0
185.76,0.0
185.8,0.0
185.84,0.0
185.88,-0.002
185.92000000000002,0.0
185.96,0.0
186.0,-0.002
186.04,0.0
186.08,0.002
186.12,0.0
186.16,0.0
186.20000000000002,0.002
186.24,0.004
186.28,0.002
186.32,0.0
186.36,0.0
186.4,0.0
186.44,-0.002
186.48,0.0
186.52,0.0
186.56,-0.002
186.6,0.002
186.64000000000001,0.0
186.68,-0.004
186.72,-0.004
186.76,0.0
186.8,0.0
186.84,-0.002
186.88,0.002
186.92000000000002,0.004
186.96,0.004
187.0,0.004
187.04,0.004
187.08,0.0
187.12,-0.002
187.16,0.0
187.20000000000002,0.0
187.24,-0.004
187.28,0.0
187.32,0.002
187.36,-0.002
187.4,-0.004
187.44,0.0
187.48,0.002
187.52,0.0
187.56,0.0
187.6,0.002
187.64000000000001,0.004
187.68,0.0
187.72,0.002
187.76,0.0
187.8,0.0
187.84,0.002
187.88,0.0
187.92000000000002,-0.006
187.96,-0.004
188.0,0.002
188.04,-0.004
188.08,-0.006
188.12,-0.004
188.16,0.0
188.20000000000002,0.0
188.24,0.004
188.28,0.002
188.32,0.0
188.36,0.0
188.4,0.002
188.44,-0.002
188.48,-0.004
188.52,0.0
188.56,0.004
188.6,-0.004
188.64000000000001,-0.002
188.68,0.0
188.72,0.0
188.76,-0.002
188.8,0.0
188.84,0.002
188.88,0.002
188.92000000000002,0.002
188.96,0.002
189.0,0.0
189.04,0.004
189.08,0.004
189.12,0.0
189.16,0.0
189.20000000000002,0.004
189.24,0.004
189.28,-0.004
189.32,-0.006
189.36,-0.004
189.4,-0.002
189.44,0.0
189.48,0.002
189.52,0.0
189.56,0.0
189.6,0.004
189.64000000000001,0.002
189.68,-0.002
189.72,-0.002
189.76,0.002
189.8,0.0
189.84,-0.004
189.88,0.0
189.92000000000002,0.002
189.96,-0.004
190.0,-0.004
190.04,-0.002
190.08,0.0
190.12,0.0
190.16,0.002
190.20000000000002,0.0
190.24,0.0
190.28,0.002
190.32,0.004
190.36,-0.002
190.4,0.0
190.44,0.008
190.48,0.004
190.52,-0.002
190.56,-0.004
190.6,-0.002
190.64000000000001,-0.004
190.68,-0.002
190.72,-0.002
190.76,-0.004
190.8,0.0
190.84,0.004
190.88,0.002
190.92000000000002,0.0
190.96,0.0
191.0,0.004
191.04,0.0
191.08,0.0
191.12,0.004
191.16,0.002
191.20000000000002,0.0
191.24,0.0
191.28,0.0
191.32,0.0
191.36,0.0
191.4,0.0
191.44,-0.002
191.48000000000002,0.0
191.52,0.004
191.56,0.0
191.6,-0.002
191.64000000000001,0.004
191.68,0.004
191.72,0.004
191.76,0.0
191.8,0.002
191.84,0.0
191.88,0.0
191.92000000000002,-0.002
191.96,-0.004
192.0,-0.006
192.04,-0.002
192.08,0.0
192.12,0.0
192.16,-0.004
192.20000000000002,0.0
192.24,0.0
192.28,-0.002
192.32,0.0
192.36,0.002
192.4,0.004
192.44,0.002
192.48000000000002,0.002
192.52,0.002
192.56,0.002
192.6,0.0
192.64000000000001,-0.004
192.68,-0.002
192.72,-0.002
192.76,0.0
192.8,0.0
192.84,-0.002
192.88,0.0
192.92000000000002,0.004
192.96,0.0
193.0,0.002
193.04,0.004
193.08,0.004
193.12,0.002
193.16,0.002
193.20000000000002,0.0
193.24,0.0
193.28,0.0
193.32,0.0
193.36,-0.002
193.4,-0.002
193.44,0.0
193.48000000000002,0.0
193.52,-0.004
193.56,-0.002
193.6,0.0
193.64000000000001,0.0
193.68,0.0
193.72,0.004
193.76,0.004
193.8,0.002
193.84,0.0
193.88,0.0
193.92000000000002,-0.004
193.96,-0.002
194.0,0.0
194.04,-0.002
194.08,-0.004
194.12,-0.002
194.16,0.0
194.20000000000002,-0.004
194.24,-0.004
194.28,0.004
194.32,0.004
194.36,0.002
194.4,0.002
194.44,0.002
194.48000000000002,0.002
194.52,0.002
194.56,0.002
194.6,-0.002
194.64000000000001,0.0
194.68,0.002
194.72,0.004
194.76,0.0
194.8,-0.004
194.84,0.0
194.88,-0.004
194.92000000000002,-0.004
194.96,0.002
195.0,0.004
195.04,0.004
195.08,0.002
195.12,0.002
195.16,0.0
195.20000000000002,0.002
195.24,0.0
195.28,-0.002
195.32,-0.004
195.36,0.002
195.4,0.0
195.44,-0.004
195.48000000000002,-0.004
195.52,0.0
195.56,0.0
195.6,0.0
195.64000000000001,0.002
195.68,0.0
195.72,0.0
195.76,0.004
195.8,0.002
195.84,-0.004
195.88,0.0
195.92000000000002,0.004
195.96,0.002
196.0,0.0
196.04,0.0
196.08,0.0
196.12,-0.006
196.16,-0.004
196.20000000000002,0.0
196.24,0.0
196.28,0.0
196.32,0.002
196.36,0.004
196.4,0.002
196.44,0.004
196.48000000000002,0.004
196.52,-0.002
196.56,-0.002
196.6,0.004
196.64000000000001,0.0
196.68,-0.004
196.72,0.0
196.76,0.0
196.8,-0.002
196.84,-0.002
196.88,0.0
196.92000000000002,0.0
196.96,0.0
197.0,0.002
197.04,0.002
197.08,-0.002
197.12,0.002
197.16,0.004
197.20000000000002,0.002
197.24,0.002
197.28,0.002
197.32,0.0
197.36,-0.002
197.4,0.0
197.44,-0.004
197.48000000000002,-0.006
197.52,-0.002
197.56,0.0
197.6,0.0
197.64000000000001,0.0
197.68,0.004
197.72,0.002
197.76,-0.002
197.8,0.002
197.84,0.004
197.88,0.0
197.92000000000002,0.0
197.96,0.0
198.0,0.0
198.04,-0.004
198.08,0.0
198.12,-0.004
198.16,-0.004
198.20000000000002,0.0
198.24,0.002
198.28,-0.004
198.32,-0.002
198.36,0.002
198.4,0.002
198.44,0.0
198.48000000000002,0.0
198.52,0.002
198.56,0.004
198.6,0.002
198.64000000000001,0.004
198.68,0.0
198.72,-0.004
198.76,0.0
198.8,0.0
198.84,-0.002
198.88,0.0
198.92000000000002,0.004
198.96,0.0
199.0,0.0
199.04,0.004
199.08,0.002
199.12,0.0
199.16,0.0
199.20000000000002,0.002
199.24,0.002
199.28,0.002
199.32,0.002
199.36,-0.002
199.4,-0.004
199.44,-0.002
199.48000000000002,0.0
199.52,-0.004
199.56,-0.004
199.6,0.0
199.64000000000001,0.0
199.68,-0.004
199.72,-0.004
199.76,0.0
199.8,0.002
199.84,0.002
199.88,0.002
199.92000000000002,0.002
199.96,-0.002
200.0,0.0
200.04,0.0
200.08,-0.004
200.12,-0.002
200.16,0.002
200.20000000000002,0.0
200.24,-0.002
200.28,0.002
200.32,0.0
200.36,-0.004
200.4,0.0
200.44,0.004
200.48000000000002,0.004
200.52,0.004
200.56,0.004
200.6,0.002
200.64000000000001,0.0
200.68,0.002
200.72,0.002
200.76,-0.004
200.8,-0.002
200.84,0.002
200.88,0.0
200.92000000000002,-0.006
200.96,-0.002
201.0,0.002
201.04,0.002
201.08,0.002
201.12,0.004
201.16,0.002
201.20000000000002,0.004
201.24,0.002
201.28,0.0
201.32,-0.004
201.36,-0.002
201.4,0.002
201.44,-0.002
201.48000000000002,-0.002
201.52,0.002
201.56,0.0
201.6,-0.004
201.64000000000001,-0.002
201.68,-0.002
201.72,0.0
201.76,0.002
201.8,0.002
201.84,0.0
201.88,0.002
201.92000000000002,0.004
201.96,0.0
202.0,-0.004
202.04,0.0
202.08,0.002
202.12,-0.004
202.16,-0.004
202.20000000000002,0.0
202.24,0.0
202.28,0.0
202.32,0.0
202.36,0.0
202.4,0.0
202.44,0.004
202.48000000000002,0.004
202.52,0.0
202.56,0.0
202.6,0.002
202.64000000000001,0.0
202.68,-0.002
202.72,0.0
202.76,0.002
202.8,0.0
202.84,0.0
202.88,0.0
202.92000000000002,-0.002
202.96,-0.002
203.0,0.0
203.04,0.0
203.08,0.0
203.12,0.004
203.16,0.008
203.20000000000002,0.002
203.24,0.0
203.28,0.004
203.32,0.002
203.36,0.0
203.4,-0.004
203.44,0.0
203.48000000000002,0.0
203.52,0.0
203.56,-0.004
203.6,-0.006
203.64000000000001,-0.004
203.68,0.002
203.72,0.0
203.76,-0.002
203.8,0.0
203.84,0.002
203.88,0.0
203.92000000000002,-0.002
203.96,0.0
204.0,0.002
204.04,0.0
204.08,0.0
204.12,0.0
204.16,0.0
204.20000000000002,0.0
204.24,-0.004
204.28,-0.006
204.32,-0.002
204.36,0.004
204.4,0.004
204.44,0.0
204.48000000000002,0.002
204.52,0.004
204.56,0.004
204.6,0.0
204.64000000000001,0.002
204.68,0.004
204.72,0.004
204.76,0.0
204.8,-0.002
204.84,-0.004
204.88,-0.002
204.92000000000002,0.002
204.96,0.0
205.0,-0.002
205.04,0.0
205.08,0.002
205.12,0.0
205.16,-0.002
205.20000000000002,0.0
205.24,0.002
205.28,0.0
205.32,0.002
205.36,0.004
205.4,0.002
205.44,0.0
205.48000000000002,-0.004
205.52,-0.006
205.56,-0.006
205.6,0.0
205.64000000000001,0.0
205.68,-0.004
205.72,-0.002
205.76,0.004
205.8,0.002
205.84,0.0
205.88,0.0
205.92000000000002,0.004
205.96,0.002
206.0,0.0
206.04,0.002
206.08,0.0
206.12,0.0
206.16,0.002
206.20000000000002,0.0
206.24,-0.006
206.28,0.0
206.32,0.004
206.36,0.0
206.4,-0.002
206.44,0.0
206.48000000000002,0.002
206.52,-0.002
206.56,0.002
206.6,0.004
206.64000000000001,0.002
206.68,0.002
206.72,0.004
206.76,-0.002
206.8,-0.004
206.84,0.0
206.88,0.0
206.92000000000002,-0.006
206.96,-0.002
207.0,0.004
207.04,0.0
207.08,-0.002
207.12,0.002
207.16,0.004
207.20000000000002,0.0
207.24,0.0
207.28,0.002
207.32,0.0
207.36,0.002
207.4,0.004
207.44,-0.004
207.48000000000002,-0.004
207.52,0.002
207.56,0.002
207.6,-0.004
207.64000000000001,0.0
207.68,0.0
207.72,-0.004
207.76,-0.004
207.8,0.0
207.84,0.0
207.88,0.0
207.92000000000002,0.002
207.96,0.004
208.0,0.0
208.04,0.002
208.08,0.002
208.12,-0.004
208.16,-0.008
208.20000000000002,0.0
208.24,0.0
208.28,-0.002
208.32,-0.002
208.36,0.0
208.4,0.0
208.44,0.0
208.48000000000002,0.0
208.52,0.0
208.56,0.002
208.6,0.004
208.64000000000001,0.004
208.68,-0.002
208.72,0.0
208.76,0.004
208.8,0.002
208.84,0.0
208.88,0.002
208.92000000000002,0.0
208.96,0.0
209.0,0.0
209.04,0.0
209.08,-0.004
209.12,0.0
209.16,0.002
209.20000000000002,0.0
209.24,0.002
209.28,0.006
209.32,0.004
209.36,-0.004
209.4,0.0
209.44,0.002
209.48000000000002,-0.002
209.52,-0.004
209.56,0.0
209.6,0.0
209.64000000000001,-0.002
209.68,-0.004
209.72,-0.004
209.76,-0.004
209.8,0.0
209.84,0.004
209.88,0.0
209.92000000000002,0.0
209.96,0.004
210.0,0.004
210.04,0.0
210.08,0.0
210.12,0.004
210.16,0.002
210.20000000000002,0.0
210.24,0.0
210.28,0.0
210.32,-0.004
210.36,-0.004
210.4,-0.002
210.44,0.0
210.48000000000002,0.0
210.52,0.004
210.56,0.002
210.6,0.0
210.64000000000001,0.002
210.68,0.002
210.72,0.0
210.76,0.0
210.8,0.0
210.84,0.0
210.88,0.0
210.92000000000002,0.0
210.96,-0.002
211.0,-0.004
211.04,-0.002
211.08,0.0
211.12,-0.002
211.16,-0.002
211.20000000000002,0.002
211.24,0.004
211.28,0.0
211.32,0.0
211.36,0.0
211.4,0.002
211.44,0.002
211.48000000000002,0.004
211.52,0.0
211.56,-0.004
211.6,0.0
211.64000000000001,0.0
211.68,-0.004
211.72,-0.004
211.76,0.0
211.8,0.0
211.84,0.0
211.88,0.002
211.92000000000002,0.004
211.96,0.002
212.0,0.0
212.04,0.0
212.08,0.0
212.12,0.0
212.16,0.002
212.20000000000002,0.0
212.24,0.0
212.28,0.0
212.32,-0.002
212.36,-0.004
212.4,-0.006
212.44,0.0
212.48000000000002,0.002
212.52,0.0
212.56,-0.002
212.6,0.0
212.64000000000001,0.002
212.68,0.002
212.72,0.004
212.76,0.002
212.8,0.0
212.84,0.004
212.88,0.002
212.92000000000002,-0.002
212.96,-0.004
213.0,0.0
213.04,0.0
213.08,-0.002
213.12,0.002
213.16,0.004
213.20000000000002,0.0
213.24,0.0
213.28,0.0
213.32,0.0
213.36,0.0
213.4,0.002
213.44,0.004
213.48000000000002,0.0
213.52,0.002
213.56,0.0
213.6,-0.004
213.64000000000001,-0.006
213.68,-0.002
213.72,0.0
213.76,-0.004
213.8,-0.004
213.84,0.0
213.88,0.0
213.92000000000002,0.0
213.96,0.0
214.0,0.0
214.04,0.002
214.08,0.006
214.12,0.004
214.16,-0.002
214.20000000000002,-0.004
214.24,0.0
214.28,-0.002
214.32,-0.004
214.36,0.002
214.4,0.002
214.44,-0.002
214.48000000000002,0.0
214.52,0.0
214.56,0.0
214.6,0.0
214.64000000000001,0.002
214.68,0.004
214.72,0.004
214.76,0.006
214.8,0.004
214.84,0.0
214.88,0.0
214.92000000000002,0.002
214.96,-0.002
215.0,-0.004
215.04,-0.002
215.08,0.0
215.12,-0.002
215.16,0.0
215.20000000000002,0.0
215.24,-0.004
215.28,0.0
215.32,0.006
215.36,0.002
215.4,0.0
215.44,0.002
215.48000000000002,0.002
215.52,-0.002
215.56,-0.004
215.6,0.0
215.64000000000001,0.0
215.68,-0.002
215.72,0.0
215.76,0.0
215.8,-0.004
215.84,0.0
215.88,0.0
215.92000000000002,-0.004
215.96,0.0
216.0,0.002
216.04,0.002
216.08,0.002
216.12,0.004
216.16,0.004
216.20000000000002,0.0
216.24,0.0
216.28,0.0
216.32,0.0
216.36,0.0
216.4,0.0
216.44,-0.002
216.48000000000002,-0.006
216.52,0.0
216.56,0.004
216.6,0.0
216.64000000000001,0.0
216.68,0.004
216.72,0.004
216.76,0.0
216.8,0.002
216.84,0.0
216.88,0.0
216.92000000000002,0.0
216.96,0.002
217.0,0.0
217.04,0.0
217.08,0.0
217.12,-0.002
217.16,-0.006
217.20000000000002,-0.004
217.24,0.002
217.28,0.0
217.32,0.0
217.36,0.004
217.4,0.004
217.44,0.0
217.48000000000002,0.002
217.52,0.002
217.56,0.0
217.6,0.002
217.64000000000001,0.0
217.68,-0.004
217.72,-0.004
217.76,0.0
217.8,0.0
217.84,-0.006
217.88,-0.006
217.92000000000002,0.002
217.96,0.002
218.0,0.0
218.04,0.0
218.08,0.0
218.12,0.0
218.16,0.0
218.20000000000002,0.0
218.24,0.002
218.28,0.002
218.32,0.002
218.36,-0.002
218.4,-0.004
218.44,-0.004
218.48000000000002,-0.002
218.52,-0.004
218.56,-0.002
218.6,0.002
218.64000000000001,0.004
218.68,0.002
218.72,0.0
218.76,0.004
218.8,0.002
218.84,0.002
218.88,0.004
218.92000000000002,0.0
218.96,0.002
219.0,0.004
219.04,0.0
219.08,-0.006
219.12,-0.004
219.16,0.002
219.20000000000002,0.0
219.24,-0.002
219.28,0.0
219.32,0.0
219.36,0.0
219.4,-0.002
219.44,0.002
219.48000000000002,0.002
219.52,0.002
219.56,0.004
219.6,0.0
219.64000000000001,-0.002
219.68,0.0
219.72,-0.002
219.76,-0.006
219.8,-0.006
219.84,0.0
219.88,0.0
219.92000000000002,-0.004
219.96,0.0
220.0,0.002
220.04,0.0
220.08,0.0
220.12,0.0
220.16,0.0
220.20000000000002,0.002
220.24,0.006
220.28,0.002
220.32,-0.004
220.36,0.0
220.4,0.004
220.44,0.0
220.48000000000002,-0.004
220.52,0.0
220.56,0.0
220.6,-0.002
220.64000000000001,0.0
220.68,0.0
220.72,0.0
220.76,0.002
220.8,0.004
220.84,0.002
220.88,0.002
220.92000000000002,0.006
220.96,0.004
221.0,-0.004
221.04,-0.002
221.08,0.0
221.12,-0.004
221.16,-0.004
221.20000000000002,0.0
221.24,0.002
221.28,0.0
221.32,0.0
221.36,0.0
221.4,0.0
221.44,0.0
221.48000000000002,0.004
221.52,0.0
221.56,0.0
221.6,0.004
221.64000000000001,0.006
221.68,0.0
221.72,-0.004
221.76,0.0
221.8,0.0
221.84,-0.002
221.88,0.0
221.92000000000002,0.0
221.96,-0.004
222.0,-0.004
222.04,0.0
222.08,0.0
222.12,0.002
222.16,0.006
222.20000000000002,0.002
222.24,0.0
222.28,0.0
222.32,0.0
222.36,-0.004
222.4,-0.004
222.44,0.0
222.48000000000002,0.0
222.52,0.0
222.56,0.0
222.6,-0.004
222.64000000000001,-0.004
222.68,0.0
222.72,0.0
222.76,-0.002
222.8,0.0
222.84,0.006
222.88,0.006
222.92000000000002,0.0
222.96,0.0
223.0,0.002
223.04,0.0
223.08,0.0
223.12,0.004
223.16,0.0
223.20000000000002,-0.002
223.24,0.0
223.28,0.0
223.32,-0.002
223.36,0.0
223.4,0.002
223.44,0.002
223.48000000000002,0.002
223.52,0.002
223.56,0.002
223.6,-0.002
223.64000000000001,-0.004
223.68,0.0
223.72,0.0
223.76,0.0
223.8,0.0
223.84,-0.002
223.88,-0.004
223.92000000000002,-0.002
223.96,-0.004
224.0,-0.004
224.04,-0.004
224.08,0.004
224.12,0.002
224.16,0.0
224.20000000000002,0.0
224.24,0.002
224.28,0.002
224.32,0.002
224.36,0.002
224.4,0.002
224.44,-0.002
224.48000000000002,0.0
224.52,-0.002
224.56,-0.004
224.6,-0.002
224.64000000000001,0.0
224.68,0.0
224.72,0.0
224.76,0.002
224.8,0.004
224.84,0.0
224.88,0.0
224.92000000000002,0.002
224.96,0.002
225.0,0.002
225.04,0.004
225.08,0.004
225.12,0.002
225.16,0.002
225.20000000000002,0.0
225.24,-0.006
225.28,-0.004
225.32,0.0
225.36,0.0
225.4,-0.004
225.44,0.0
225.48000000000002,0.002
225.52,0.0
225.56,0.002
225.6,0.004
225.64000000000001,0.0
225.68,0.0
225.72,0.004
225.76,0.0
225.8,-0.002
225.84,0.0
225.88,0.0
225.92000000000002,-0.004
225.96,-0.002
226.0,0.002
226.04,0.0
226.08,0.0
226.12,0.0
226.16,0.0
226.20000000000002,-0.002
226.24,0.0
226.28,0.004
226.32,0.002
226.36,0.002
226.4,0.006
226.44,0.0
226.48000000000002,-0.004
226.52,0.0
226.56,0.0
226.6,-0.006
226.64000000000001,-0.006
226.68,0.0
226.72,0.0
226.76,0.0
226.8,0.0
226.84,-0.002
226.88,-0.004
226.92000000000002,0.002
226.96,0.004
227.0,0.002
227.04,0.002
227.08,0.004
227.12,0.0
227.16,-0.004
227.20000000000002,0.0
227.24,0.004
227.28,0.0
227.32,0.0
227.36,0.002
227.4,-0.002
227.44,-0.002
227.48000000000002,0.0
227.52,0.0
227.56,0.0
227.6,0.004
227.64000000000001,0.008
227.68,0.002
227.72,0.0
227.76,0.004
227.8,0.002
227.84,-0.004
227.88,-0.004
227.92000000000002,0.0
227.96,0.0
228.0,0.0
228.04,0.0
228.08,-0.002
228.12,-0.004
228.16,0.0
228.20000000000002,0.0
228.24,-0.002
228.28,0.0
228.32,0.002
228.36,0.0
228.4,0.0
228.44,0.0
228.48000000000002,0.0
228.52,0.0
228.56,0.0
228.6,0.0
228.64000000000001,-0.002
228.68,-0.002
228.72,-0.004
228.76,-0.004
228.8,-0.004
228.84,0.002
228.88,0.002
228.92000000000002,0.002
228.96,0.004
229.0,0.006
229.04,0.004
229.08,0.0
229.12,0.0
229.16,0.004
229.20000000000002,0.002
229.24,0.002
229.28,0.0
229.32,-0.002
229.36,-0.002
229.4,0.0
229.44,-0.004
229.48000000000002,-0.006
229.52,-0.002
229.56,0.0
229.6,0.002
229.64000000000001,0.0
229.68,0.02
229.72,0.048
229.76,0.068
229.8,0.084
229.84,0.09
229.88,0.09
229.92000000000002,0.088
229.96,0.084
230.0,0.08
230.04,0.078
230.08,0.08
230.12,0.082
230.16,0.082
230.20000000000002,0.08600000000000001
230.24,0.09
230.28,0.092
230.32,0.09
230.36,0.092
230.4,0.094
230.44,0.096
230.48000000000002,0.094
230.52,0.094
230.56,0.096
230.6,0.098
230.64000000000001,0.1
230.68,0.098
230.72,0.092
230.76,0.094
230.8,0.098
230.84,0.1
230.88,0.1
230.92000000000002,0.10400000000000001
230.96,0.10400000000000001
231.0,0.10200000000000001
231.04,0.10400000000000001
231.08,0.10400000000000001
231.12,0.106
231.16,0.106
231.20000000000002,0.106
231.24,0.10400000000000001
231.28,0.10400000000000001
231.32,0.106
231.36,0.10400000000000001
231.4,0.1
231.44,0.10400000000000001
231.48000000000002,0.108
231.52,0.108
231.56,0.106
231.6,0.108
231.64000000000001,0.112
231.68,0.108
231.72,0.106
231.76,0.108
231.8,0.11
231.84,0.114
231.88,0.114
231.92000000000002,0.11
231.96,0.106
232.0,0.108
232.04,0.11
232.08,0.106
232.12,0.106
232.16,0.112
232.20000000000002,0.108
232.24,0.106
232.28,0.108
232.32,0.112
232.36,0.112
232.4,0.112
232.44,0.114
232.48000000000002,0.112
232.52,0.112
232.56,0.114
232.6,0.108
232.64000000000001,0.10400000000000001
232.68,0.108
232.72,0.112
232.76,0.108
232.8,0.106
232.84,0.112
232.88,0.112
232.92000000000002,0.108
232.96,0.108
233.0,0.11
233.04,0.11
233.08,0.116
233.12,0.116
233.16,0.112
233.20000000000002,0.112
233.24,0.116
233.28,0.114
233.32,0.108
233.36,0.112
233.4,0.114
233.44,0.11
233.48000000000002,0.108
233.52,0.114
233.56,0.114
233.6,0.112
233.64000000000001,0.112
233.68,0.112
233.72,0.112
233.76,0.116
233.8,0.12
233.84,0.112
233.88,0.108
233.92000000000002,0.114
233.96,0.114
234.0,0.108
234.04,0.108
234.08,0.116
234.12,0.112
234.16,0.108
234.20000000000002,0.108
234.24,0.108
234.28,0.108
234.32,0.112
234.36,0.11
234.4,0.108
234.44,0.112
234.48000000000002,0.12
234.52,0.11800000000000001
234.56,0.116
234.6,0.11
234.64000000000001,0.11
234.68,0.108
234.72,0.11
234.76,0.112
234.8,0.112
234.84,0.108
234.88,0.11
234.92000000000002,0.11
234.96,0.11
235.0,0.112
235.04,0.114
235.08,0.112
235.12,0.112
235.16,0.116
235.20000000000002,0.114
235.24,0.11
235.28,0.112
235.32,0.114
235.36,0.114
235.4,0.112
235.44,0.11
235.48000000000002,0.112
235.52,0.112
235.56,0.108
235.6,0.106
235.64000000000001,0.106
235.68,0.112
235.72,0.116
235.76,0.114
235.8,0.114
235.84,0.114
235.88,0.112
235.92000000000002,0.112
235.96,0.112
236.0,0.112
236.04,0.112
236.08,0.112
236.12,0.11
236.16,0.108
236.20000000000002,0.108
236.24,0.11
236.28,0.108
236.32,0.108
236.36,0.112
236.4,0.116
236.44,0.112
236.48000000000002,0.108
236.52,0.112
236.56,0.112
236.6,0.112
236.64000000000001,0.112
236.68,0.112
236.72,0.114
236.76,0.112
236.8,0.108
236.84,0.10400000000000001
236.88,0.10400000000000001
236.92000000000002,0.108
236.96,0.112
237.0,0.11
237.04,0.108
237.08,0.114
237.12,0.114
237.16,0.112
237.20000000000002,0.112
237.24,0.112
237.28,0.112
237.32,0.112
237.36,0.114
237.4,0.112
237.44,0.112
237.48000000000002,0.11
237.52,0.108
237.56,0.106
237.6,0.11
237.64000000000001,0.114
237.68,0.112
237.72,0.108
237.76,0.112
237.8,0.114
237.84,0.11
237.88,0.112
237.92000000000002,0.116
237.96,0.116
238.0,0.116
238.04,0.114
238.08,0.108
238.12,0.106
238.16,0.112
238.20000000000002,0.108
238.24,0.10400000000000001
238.28,0.106
238.32,0.112
238.36,0.112
238.4,0.108
238.44,0.112
238.48000000000002,0.112
238.52,0.108
238.56,0.112
238.6,0.114
238.64000000000001,0.112
238.68,0.112
238.72,0.112
238.76,0.108
238.8,0.106
238.84,0.112
238.88,0.112
238.92000000000002,0.106
238.96,0.106
239.0,0.112
239.04,0.108
239.08,0.106
239.12,0.108
239.16,0.114
239.20000000000002,0.112
239.24,0.114
239.28,0.116
239.32,0.112
239.36,0.112
239.4,0.114
239.44,0.108
239.48000000000002,0.10400000000000001
239.52,0.108
239.56,0.11
239.6,0.108
239.64000000000001,0.11
239.68,0.112
239.72,0.108
239.76,0.106
239.8,0.11
239.84,0.112
239.88,0.11
239.92000000000002,0.112
239.96,0.114
240.0,0.112
240.04,0.112
240.08,0.114
240.12,0.112
240.16,0.106
240.20000000000002,0.108
240.24,0.11
240.28,0.106
240.32,0.106
240.36,0.11
240.4,0.108
240.44,0.108
240.48000000000002,0.11
240.52,0.112
240.56,0.112
240.6,0.112
240.64000000000001,0.116
240.68,0.112
240.72,0.106
240.76,0.108
240.8,0.108
240.84,0.108
240.88,0.11
240.92000000000002,0.108
240.96,0.106
241.0,0.106
241.04,0.108
241.08,0.106
241.12,0.106
241.16,0.108
241.20000000000002,0.11
241.24,0.11
241.28,0.112
241.32,0.112
241.36,0.11
241.4,0.106
241.44,0.108
241.48000000000002,0.11
241.52,0.108
241.56,0.108
241.6,0.108
241.64000000000001,0.108
241.68,0.106
241.72,0.106
241.76,0.106
241.8,0.108
241.84,0.114
241.88,0.116
241.92000000000002,0.112
241.96,0.108
242.0,0.112
242.04,0.112
242.08,0.108
242.12,0.108
242.16,0.11
242.20000000000002,0.108
242.24,0.108
242.28,0.11
242.32,0.106
242.36,0.10400000000000001
242.4,0.10400000000000001
242.44,0.106
242.48000000000002,0.106
242.52,0.11
242.56,0.112
242.6,0.112
242.64000000000001,0.106
242.68,0.11
242.72,0.112
242.76,0.108
242.8,0.108
242.84,0.11
242.88,0.108
242.92000000000002,0.106
242.96,0.106
243.0,0.10400000000000001
243.04,0.10400000000000001
243.08,0.108
243.12,0.11
243.16,0.106
243.20000000000002,0.106
243.24,0.112
243.28,0.112
243.32,0.106
243.36,0.106
243.4,0.108
243.44,0.108
243.48000000000002,0.112
243.52,0.114
243.56,0.108
243.6,0.10400000000000001
243.64000000000001,0.108
243.68,0.106
243.72,0.10200000000000001
243.76,0.108
243.8,0.112
243.84,0.106
243.88,0.106
243.92000000000002,0.112
243.96,0.11
244.0,0.108
244.04,0.11
244.08,0.112
244.12,0.108
244.16,0.108
244.20000000000002,0.11
244.24,0.106
244.28,0.10400000000000001
244.32,0.11
244.36,0.106
244.4,0.10200000000000001
244.44,0.106
244.48000000000002,0.112
244.52,0.108
244.56,0.106
244.6,0.108
244.64000000000001,0.106
244.68,0.108
244.72,0.112
244.76,0.112
244.8,0.108
244.84,0.108
244.88,0.11
244.92000000000002,0.10400000000000001
244.96,0.10200000000000001
245.0,0.106
245.04,0.106
245.08,0.10400000000000001
245.12,0.10400000000000001
245.16,0.108
245.20000000000002,0.106
245.24,0.106
245.28,0.106
245.32,0.106
245.36,0.106
245.4,0.108
245.44,0.108
245.48000000000002,0.106
245.52,0.108
245.56,0.108
245.6,0.10400000000000001
245.64000000000001,0.1
245.68,0.106
245.72,0.108
245.76,0.106
245.8,0.106
245.84,0.106
245.88,0.106
245.92000000000002,0.108
245.96,0.11
246.0,0.106
246.04,0.108
246.08,0.114
246.12,0.114
246.16,0.108
246.20000000000002,0.108
246.24,0.108
246.28,0.106
246.32,0.10400000000000001
246.36,0.106
246.4,0.106
246.44,0.106
246.48000000000002,0.106
246.52,0.106
246.56,0.10400000000000001
246.6,0.106
246.64000000000001,0.106
246.68,0.106
246.72,0.106
246.76000000000002,0.11
246.8,0.108
246.84,0.10400000000000001
246.88,0.10400000000000001
246.92000000000002,0.106
246.96,0.106
247.0,0.10400000000000001
247.04,0.10400000000000001
247.08,0.10400000000000001
247.12,0.10400000000000001
247.16,0.106
247.20000000000002,0.10400000000000001
247.24,0.1
247.28,0.10400000000000001
247.32,0.108
247.36,0.112
247.4,0.108
247.44,0.11
247.48000000000002,0.108
247.52,0.106
247.56,0.10400000000000001
247.6,0.106
247.64000000000001,0.106
247.68,0.106
247.72,0.10400000000000001
247.76000000000002,0.106
247.8,0.10400000000000001
247.84,0.10400000000000001
247.88,0.10400000000000001
247.92000000000002,0.10400000000000001
247.96,0.10400000000000001
248.0,0.108
248.04,0.11
248.08,0.10400000000000001
248.12,0.106
248.16,0.108
248.20000000000002,0.108
248.24,0.10400000000000001
248.28,0.10400000000000001
248.32,0.106
248.36,0.106
248.4,0.10400000000000001
248.44,0.10400000000000001
248.48000000000002,0.1
248.52,0.1
248.56,0.106
248.6,0.108
248.64000000000001,0.10400000000000001
248.68,0.106
248.72,0.112
248.76000000000002,0.106
248.8,0.10200000000000001
248.84,0.106
248.88,0.108
248.92000000000002,0.10400000000000001
248.96,0.10400000000000001
249.0,0.106
249.04,0.10400000000000001
249.08,0.10400000000000001
249.12,0.10400000000000001
249.16,0.10200000000000001
249.20000000000002,0.1
249.24,0.10400000000000001
249.28,0.106
249.32,0.10400000000000001
249.36,0.10400000000000001
249.4,0.11
249.44,0.106
249.48000000000002,0.10200000000000001
249.52,0.10400000000000001
249.56,0.108
249.6,0.106
249.64000000000001,0.106
249.68,0.10400000000000001
249.72,0.098
249.76000000000002,0.1
249.8,0.10400000000000001
249.84,0.10200000000000001
249.88,0.1
249.92000000000002,0.106
249.96,0.108
250.0,0.10400000000000001
250.04,0.10400000000000001
250.08,0.108
250.12,0.106
250.16,0.10400000000000001
250.20000000000002,0.106
250.24,0.106
250.28,0.106
250.32,0.106
250.36,0.106
250.4,0.10400000000000001
250.44,0.10200000000000001
250.48000000000002,0.10400000000000001
250.52,0.1
250.56,0.1
250.6,0.10400000000000001
250.64000000000001,0.108
250.68,0.10200000000000001
250.72,0.10200000000000001
250.76000000000002,0.106
250.8,0.106
250.84,0.106
250.88,0.106
250.92000000000002,0.10400000000000001
250.96,0.1
251.0,0.10400000000000001
251.04,0.10400000000000001
251.08,0.096
251.12,0.096
251.16,0.10200000000000001
251.20000000000002,0.1
251.24,0.098
251.28,0.10400000000000001
251.32,0.10400000000000001
251.36,0.1
251.4,0.1
251.44,0.10200000000000001
251.48000000000002,0.10200000000000001
251.52,0.10400000000000001
251.56,0.108
251.6,0.10400000000000001
251.64000000000001,0.10200000000000001
251.68,0.10400000000000001
251.72,0.10200000000000001
251.76000000000002,0.096
251.8,0.098
251.84,0.106
251.88,0.10400000000000001
251.92000000000002,0.1
251.96,0.10400000000000001
252.0,0.10400000000000001
252.04,0.10400000000000001
252.08,0.106
252.12,0.106
252.16,0.10200000000000001
252.20000000000002,0.10400000000000001
252.24,0.112
252.28,0.106
252.32,0.1
252.36,0.1
252.4,0.10400000000000001
252.44,0.1
252.48000000000002,0.1
252.52,0.10400000000000001
252.56,0.10200000000000001
252.6,0.1
252.64000000000001,0.1
252.68,0.1
252.72,0.098
252.76000000000002,0.10400000000000001
252.8,0.10400000000000001
252.84,0.10400000000000001
252.88,0.10400000000000001
252.92000000000002,0.106
252.96,0.10400000000000001
253.0,0.098
253.04,0.1
253.08,0.10400000000000001
253.12,0.098
253.16,0.098
253.20000000000002,0.1
253.24,0.1
253.28,0.10200000000000001
253.32,0.10200000000000001
253.36,0.1
253.4,0.1
253.44,0.10400000000000001
253.48000000000002,0.108
253.52,0.10400000000000001
253.56,0.1
253.6,0.10400000000000001
253.64000000000001,0.10400000000000001
253.68,0.1
253.72,0.1
253.76000000000002,0.10200000000000001
253.8,0.10200000000000001
253.84,0.1
253.88,0.1
253.92000000000002,0.1
253.96,0.1
254.0,0.1
254.04,0.1
254.08,0.1
254.12,0.10400000000000001
254.16,0.10400000000000001
254.20000000000002,0.106
254.24,0.1
254.28,0.1
254.32,0.10400000000000001
254.36,0.1
254.4,0.098
254.44,0.1
254.48000000000002,0.10200000000000001
254.52,0.1
254.56,0.098
254.6,0.098
254.64000000000001,0.098
254.68,0.098
254.72,0.10400000000000001
254.76000000000002,0.10200000000000001
254.8,0.1
254.84,0.10200000000000001
254.88,0.10400000000000001
254.92000000000002,0.1
254.96,0.1
255.0,0.1
255.04,0.1
255.08,0.098
255.12,0.098
255.16,0.1
255.20000000000002,0.096
255.24,0.098
255.28,0.098
255.32,0.096
255.36,0.096
255.4,0.1
255.44,0.10200000000000001
255.48000000000002,0.1
255.52,0.10200000000000001
255.56,0.10200000000000001
255.6,0.1
255.64000000000001,0.098
255.68,0.1
255.72,0.1
255.76000000000002,0.098
255.8,0.1
255.84,0.098
255.88,0.096
255.92000000000002,0.098
255.96,0.1
256.0,0.096
256.04,0.098
256.08,0.10200000000000001
256.12,0.10400000000000001
256.16,0.1
256.2,0.1
256.24,0.10400000000000001
256.28000000000003,0.1
256.32,0.1
256.36,0.10200000000000001
256.4,0.1
256.44,0.1
256.48,0.1
256.52,0.098
256.56,0.092
256.6,0.096
256.64,0.096
256.68,0.098
256.72,0.098
256.76,0.1
256.8,0.1
256.84000000000003,0.098
256.88,0.098
256.92,0.098
256.96,0.096
257.0,0.098
257.04,0.1
257.08,0.096
257.12,0.096
257.16,0.1
257.2,0.096
257.24,0.088
257.28000000000003,0.094
257.32,0.1
257.36,0.096
257.4,0.098
257.44,0.1
257.48,0.096
257.52,0.096
257.56,0.098
257.6,0.1
257.64,0.098
257.68,0.10200000000000001
257.72,0.10400000000000001
257.76,0.098
257.8,0.092
257.84000000000003,0.098
257.88,0.096
257.92,0.094
257.96,0.096
258.0,0.1
258.04,0.096
258.08,0.096
258.12,0.1
258.16,0.098
258.2,0.096
258.24,0.1
258.28000000000003,0.1
258.32,0.096
258.36,0.098
258.4,0.10200000000000001
258.44,0.096
258.48,0.09
258.52,0.092
258.56,0.098
258.6,0.094
258.64,0.092
258.68,0.096
258.72,0.096
258.76,0.096
258.8,0.096
258.84000000000003,0.096
258.88,0.096
258.92,0.1
258.96,0.10200000000000001
259.0,0.098
259.04,0.096
259.08,0.098
259.12,0.096
259.16,0.092
259.2,0.094
259.24,0.094
259.28000000000003,0.094
259.32,0.094
259.36,0.096
259.4,0.094
259.44,0.094
259.48,0.096
259.52,0.096
259.56,0.096
259.6,0.1
259.64,0.1
259.68,0.096
259.72,0.094
259.76,0.096
259.8,0.096
259.84000000000003,0.096
259.88,0.094
259.92,0.092
259.96,0.096
260.0,0.094
260.04,0.094
260.08,0.09
260.12,0.092
260.16,0.096
260.2,0.098
260.24,0.096
260.28000000000003,0.096
260.32,0.1
260.36,0.098
260.4,0.096
260.44,0.092
260.48,0.092
260.52,0.092
260.56,0.094
260.6,0.092
260.64,0.094
260.68,0.094
260.72,0.096
260.76,0.09
260.8,0.09
260.84000000000003,0.094
260.88,0.098
260.92,0.092
260.96,0.092
261.0,0.096
261.04,0.1
261.08,0.092
261.12,0.092
261.16,0.092
261.2,0.092
261.24,0.092
261.28000000000003,0.092
261.32,0.088
261.36,0.09
261.4,0.092
261.44,0.092
261.48,0.088
261.52,0.092
261.56,0.1
261.6,0.098
261.64,0.096
261.68,0.096
261.72,0.096
261.76,0.092
261.8,0.094
261.84000000000003,0.094
261.88,0.092
261.92,0.094
261.96,0.096
262.0,0.092
262.04,0.088
262.08,0.092
262.12,0.094
262.16,0.09
262.2,0.092
262.24,0.098
262.28000000000003,0.096
262.32,0.092
262.36,0.094
262.4,0.092
262.44,0.092
262.48,0.096
262.52,0.092
262.56,0.088
262.6,0.09
262.64,0.092
262.68,0.084
262.72,0.082
262.76,0.09
262.8,0.096
262.84000000000003,0.09
262.88,0.092
262.92,0.094
262.96,0.09
263.0,0.09
263.04,0.096
263.08,0.09
263.12,0.09
263.16,0.096
263.2,0.096
263.24,0.09
263.28000000000003,0.092
263.32,0.092
263.36,0.088
263.4,0.084
263.44,0.09
263.48,0.094
263.52,0.092
263.56,0.092
263.6,0.096
263.64,0.092
263.68,0.092
263.72,0.096
263.76,0.09
263.8,0.092
263.84000000000003,0.096
263.88,0.092
263.92,0.084
263.96,0.084
264.0,0.088
264.04,0.09
264.08,0.08600000000000001
264.12,0.088
264.16,0.09
264.2,0.09
264.24,0.092
264.28000000000003,0.09
264.32,0.088
264.36,0.088
264.4,0.092
264.44,0.09
264.48,0.09
264.52,0.094
264.56,0.092
264.6,0.084
264.64,0.084
264.68,0.09
264.72,0.09
264.76,0.08600000000000001
264.8,0.08600000000000001
264.84000000000003,0.088
264.88,0.09
264.92,0.09
264.96,0.088
265.0,0.088
265.04,0.092
265.08,0.092
265.12,0.092
265.16,0.088
265.2,0.09
265.24,0.09
265.28000000000003,0.088
265.32,0.084
265.36,0.084
265.4,0.088
265.44,0.09
265.48,0.09
265.52,0.088
265.56,0.088
265.6,0.088
265.64,0.09
265.68,0.09
265.72,0.09
265.76,0.094
265.8,0.092
265.84000000000003,0.088
265.88,0.088
265.92,0.09
265.96,0.088
266.0,0.084
266.04,0.084
266.08,0.088
266.12,0.088
266.16,0.088
266.2,0.08600000000000001
266.24,0.084
266.28000000000003,0.088
266.32,0.09
266.36,0.09
266.4,0.088
266.44,0.09
266.48,0.094
266.52,0.088
266.56,0.084
266.6,0.084
266.64,0.088
266.68,0.084
266.72,0.08600000000000001
266.76,0.08600000000000001
266.8,0.082
266.84000000000003,0.084
266.88,0.08600000000000001
266.92,0.084
266.96,0.082
267.0,0.088
267.04,0.09
267.08,0.088
267.12,0.088
267.16,0.094
267.2,0.088
267.24,0.082
267.28000000000003,0.084
267.32,0.08600000000000001
267.36,0.08600000000000001
267.4,0.08600000000000001
267.44,0.088
267.48,0.082
267.52,0.084
267.56,0.088
267.6,0.08600000000000001
267.64,0.084
267.68,0.09
267.72,0.092
267.76,0.088
267.8,0.084
267.84000000000003,0.088
267.88,0.088
267.92,0.08600000000000001
267.96,0.088
268.0,0.08600000000000001
268.04,0.082
268.08,0.088
268.12,0.08600000000000001
268.16,0.08
268.2,0.08
268.24,0.084
268.28000000000003,0.084
268.32,0.082
268.36,0.088
268.4,0.09
268.44,0.084
268.48,0.082
268.52,0.084
268.56,0.084
268.6,0.082
268.64,0.08600000000000001
268.68,0.082
268.72,0.08
268.76,0.082
268.8,0.084
268.84000000000003,0.08
268.88,0.08
268.92,0.084
268.96,0.08600000000000001
269.0,0.084
269.04,0.088
269.08,0.088
269.12,0.084
269.16,0.084
269.2,0.08600000000000001
269.24,0.084
269.28000000000003,0.084
269.32,0.088
269.36,0.08600000000000001
269.4,0.082
269.44,0.08
269.48,0.082
269.52,0.078
269.56,0.08
269.6,0.084
269.64,0.084
269.68,0.082
269.72,0.084
269.76,0.084
269.8,0.084
269.84000000000003,0.084
269.88,0.084
269.92,0.082
269.96,0.084
270.0,0.082
270.04,0.082
270.08,0.078
270.12,0.08
270.16,0.082
270.2,0.082
270.24,0.08
270.28000000000003,0.082
270.32,0.082
270.36,0.082
270.4,0.084
270.44,0.08
270.48,0.082
270.52,0.084
270.56,0.08600000000000001
270.6,0.084
270.64,0.082
270.68,0.084
270.72,0.084
270.76,0.08
270.8,0.078
270.84000000000003,0.08
270.88,0.08
270.92,0.08
270.96,0.082
271.0,0.084
271.04,0.084
271.08,0.082
271.12,0.082
271.16,0.08
271.2,0.082
271.24,0.084
271.28000000000003,0.084
271.32,0.08
271.36,0.08
271.4,0.08
271.44,0.08
271.48,0.076
271.52,0.078
271.56,0.08
271.6,0.08
271.64,0.08
271.68,0.08
271.72,0.08
271.76,0.08
271.8,0.084
271.84000000000003,0.082
271.88,0.08
271.92,0.084
271.96,0.08600000000000001
272.0,0.08
272.04,0.076
272.08,0.078
272.12,0.076
272.16,0.076
272.2,0.08
272.24,0.082
272.28000000000003,0.078
272.32,0.08
272.36,0.08
272.4,0.076
272.44,0.076
272.48,0.082
272.52,0.08
272.56,0.078
272.6,0.082
272.64,0.084
272.68,0.078
272.72,0.074
272.76,0.078
272.8,0.078
272.84000000000003,0.076
272.88,0.076
272.92,0.08
272.96,0.074
273.0,0.076
273.04,0.08
273.08,0.076
273.12,0.076
273.16,0.084
273.2,0.08600000000000001
273.24,0.08
273.28000000000003,0.082
273.32,0.08
273.36,0.076
273.40000000000003,0.076
273.44,0.08
273.48,0.08
273.52,0.076
273.56,0.078
273.6,0.08
273.64,0.074
273.68,0.078
273.72,0.08
273.76,0.074
273.8,0.076
273.84000000000003,0.084
273.88,0.082
273.92,0.078
273.96,0.076
274.0,0.078
274.04,0.076
274.08,0.076
274.12,0.078
274.16,0.074
274.2,0.07200000000000001
274.24,0.076
274.28000000000003,0.074
274.32,0.07200000000000001
274.36,0.07200000000000001
274.40000000000003,0.08
274.44,0.078
274.48,0.076
274.52,0.08
274.56,0.08
274.6,0.076
274.64,0.076
274.68,0.076
274.72,0.076
274.76,0.076
274.8,0.078
274.84000000000003,0.078
274.88,0.076
274.92,0.076
274.96,0.076
275.0,0.07200000000000001
275.04,0.07200000000000001
275.08,0.08
275.12,0.08
275.16,0.076
275.2,0.076
275.24,0.076
275.28000000000003,0.076
275.32,0.08
275.36,0.076
275.40000000000003,0.074
275.44,0.074
275.48,0.076
275.52,0.07200000000000001
275.56,0.068
275.6,0.07200000000000001
275.64,0.074
275.68,0.07200000000000001
275.72,0.07200000000000001
275.76,0.074
275.8,0.076
275.84000000000003,0.076
275.88,0.076
275.92,0.074
275.96,0.07200000000000001
276.0,0.076
276.04,0.076
276.08,0.074
276.12,0.074
276.16,0.076
276.2,0.074
276.24,0.07
276.28000000000003,0.07
276.32,0.074
276.36,0.074
276.40000000000003,0.07200000000000001
276.44,0.07200000000000001
276.48,0.076
276.52,0.078
276.56,0.076
276.6,0.074
276.64,0.074
276.68,0.076
276.72,0.078
276.76,0.074
276.8,0.074
276.84000000000003,0.074
276.88,0.074
276.92,0.07
276.96,0.068
277.0,0.07
277.04,0.074
277.08,0.074
277.12,0.07200000000000001
277.16,0.07200000000000001
277.2,0.07200000000000001
277.24,0.07200000000000001
277.28000000000003,0.07200000000000001
277.32,0.07200000000000001
277.36,0.074
277.40000000000003,0.076
277.44,0.074
277.48,0.07200000000000001
277.52,0.07200000000000001
277.56,0.07200000000000001
277.6,0.068
277.64,0.066
277.68,0.068
277.72,0.07200000000000001
277.76,0.074
277.8,0.07200000000000001
277.84000000000003,0.07200000000000001
277.88,0.07
277.92,0.07200000000000001
277.96,0.074
278.0,0.07200000000000001
278.04,0.07200000000000001
278.08,0.076
278.12,0.074
278.16,0.07
278.2,0.068
278.24,0.07200000000000001
278.28000000000003,0.07200000000000001
278.32,0.068
278.36,0.07200000000000001
278.40000000000003,0.07200000000000001
278.44,0.068
278.48,0.07
278.52,0.07200000000000001
278.56,0.068
278.6,0.07
278.64,0.074
278.68,0.07200000000000001
278.72,0.07200000000000001
278.76,0.076
278.8,0.074
278.84000000000003,0.068
278.88,0.064
278.92,0.068
278.96,0.07
279.0,0.068
279.04,0.068
279.08,0.068
279.12,0.068
279.16,0.07200000000000001
279.2,0.07200000000000001
279.24,0.066
279.28000000000003,0.068
279.32,0.074
279.36,0.074
279.40000000000003,0.07
279.44,0.07200000000000001
279.48,0.07200000000000001
279.52,0.068
279.56,0.068
279.6,0.068
279.64,0.066
279.68,0.066
279.72,0.07
279.76,0.068
279.8,0.064
279.84000000000003,0.066
279.88,0.068
279.92,0.066
279.96,0.068
280.0,0.074
280.04,0.074
280.08,0.066
280.12,0.068
280.16,0.07
280.2,0.068
280.24,0.068
280.28000000000003,0.066
280.32,0.066
280.36,0.066
280.40000000000003,0.07
280.44,0.068
280.48,0.062
280.52,0.066
280.56,0.07
280.6,0.068
280.64,0.066
280.68,0.07200000000000001
280.72,0.07200000000000001
280.76,0.068
280.8,0.068
280.84000000000003,0.07
280.88,0.068
280.92,0.068
280.96,0.07200000000000001
281.0,0.068
281.04,0.064
281.08,0.066
281.12,0.066
281.16,0.062
281.2,0.064
281.24,0.068
281.28000000000003,0.068
281.32,0.064
281.36,0.068
281.40000000000003,0.07200000000000001
281.44,0.068
281.48,0.064
281.52,0.064
281.56,0.064
281.6,0.066
281.64,0.068
281.68,0.064
281.72,0.062
281.76,0.064
281.8,0.066
281.84000000000003,0.06
281.88,0.062
281.92,0.068
281.96,0.068
282.0,0.066
282.04,0.066
282.08,0.068
282.12,0.068
282.16,0.068
282.2,0.068
282.24,0.068
282.28000000000003,0.068
282.32,0.068
282.36,0.066
282.40000000000003,0.062
282.44,0.064
282.48,0.066
282.52,0.064
282.56,0.064
282.6,0.066
282.64,0.07
282.68,0.068
282.72,0.064
282.76,0.064
282.8,0.064
282.84000000000003,0.066
282.88,0.066
282.92,0.064
282.96,0.064
283.0,0.068
283.04,0.064
283.08,0.058
283.12,0.058
283.16,0.064
283.2,0.06
283.24,0.06
283.28000000000003,0.062
283.32,0.064
283.36,0.066
283.40000000000003,0.064
283.44,0.064
283.48,0.064
283.52,0.064
283.56,0.068
283.6,0.066
283.64,0.064
283.68,0.064
283.72,0.064
283.76,0.058
283.8,0.058
283.84000000000003,0.064
283.88,0.066
283.92,0.064
283.96,0.064
284.0,0.064
284.04,0.064
284.08,0.064
284.12,0.064
284.16,0.064
284.2,0.064
284.24,0.068
284.28000000000003,0.068
284.32,0.06
284.36,0.06
284.40000000000003,0.06
284.44,0.06
284.48,0.058
284.52,0.06
284.56,0.062
284.6,0.064
284.64,0.062
284.68,0.062
284.72,0.06
284.76,0.064
284.8,0.064
284.84000000000003,0.064
284.88,0.062
284.92,0.064
284.96,0.064
285.0,0.058
285.04,0.058
285.08,0.062
285.12,0.06
285.16,0.058
285.2,0.06
285.24,0.06
285.28000000000003,0.06
285.32,0.062
285.36,0.06
285.40000000000003,0.056
285.44,0.06
285.48,0.066
285.52,0.064
285.56,0.06
285.6,0.064
285.64,0.064
285.68,0.06
285.72,0.056
285.76,0.056
285.8,0.056
285.84000000000003,0.056
285.88,0.06
285.92,0.06
285.96,0.056
286.0,0.058
286.04,0.06
286.08,0.058
286.12,0.058
286.16,0.064
286.2,0.062
286.24,0.058
286.28000000000003,0.06
286.32,0.064
286.36,0.06
286.40000000000003,0.058
286.44,0.058
286.48,0.058
286.52,0.06
286.56,0.06
286.6,0.058
286.64,0.054
286.68,0.058
286.72,0.064
286.76,0.058
286.8,0.058
286.84000000000003,0.064
286.88,0.064
286.92,0.058
286.96,0.058
287.0,0.06
287.04,0.056
287.08,0.056
287.12,0.058
287.16,0.056
287.2,0.056
287.24,0.056
287.28000000000003,0.058
287.32,0.052000000000000005
287.36,0.054
287.40000000000003,0.056
287.44,0.056
287.48,0.056
287.52,0.06
287.56,0.062
287.6,0.056
287.64,0.056
287.68,0.058
287.72,0.058
287.76,0.058
287.8,0.058
287.84000000000003,0.056
287.88,0.054
287.92,0.056
287.96,0.056
288.0,0.052000000000000005
288.04,0.054
288.08,0.06
288.12,0.06
288.16,0.058
288.2,0.06
288.24,0.06
288.28000000000003,0.058
288.32,0.056
288.36,0.056
288.40000000000003,0.058
288.44,0.058
288.48,0.058
288.52,0.056
288.56,0.052000000000000005
288.6,0.052000000000000005
288.64,0.054
288.68,0.05
288.72,0.052000000000000005
288.76,0.056
288.8,0.056
288.84000000000003,0.056
288.88,0.056
288.92,0.056
288.96,0.058
289.0,0.056
289.04,0.056
289.08,0.052000000000000005
289.12,0.056
289.16,0.058
289.2,0.054
289.24,0.048
289.28000000000003,0.05
289.32,0.054
289.36,0.054
289.40000000000003,0.054
289.44,0.056
289.48,0.056
289.52,0.054
289.56,0.056
289.6,0.054
289.64,0.056
289.68,0.056
289.72,0.058
289.76,0.056
289.8,0.056
289.84000000000003,0.056
289.88,0.054
289.92,0.05
289.96,0.05
290.0,0.052000000000000005
290.04,0.052000000000000005
290.08,0.05
290.12,0.054
290.16,0.056
290.2,0.056
290.24,0.056
290.28000000000003,0.052000000000000005
290.32,0.052000000000000005
290.36,0.056
290.40000000000003,0.058
290.44,0.056
290.48,0.048
290.52,0.05
290.56,0.054
290.6,0.05
290.64,0.048
290.68,0.052000000000000005
290.72,0.052000000000000005
290.76,0.05
290.8,0.052000000000000005
290.84000000000003,0.052000000000000005
290.88,0.05
290.92,0.052000000000000005
290.96,0.056
291.0,0.052000000000000005
291.04,0.054
291.08,0.056
291.12,0.056
291.16,0.05
291.2,0.048
291.24,0.05
291.28000000000003,0.048
291.32,0.046
291.36,0.05
291.40000000000003,0.052000000000000005
291.44,0.05
291.48,0.052000000000000005
291.52,0.05
291.56,0.048
291.6,0.052000000000000005
291.64,0.056
291.68,0.052000000000000005
291.72,0.048
291.76,0.052000000000000005
291.8,0.054
291.84000000000003,0.05
291.88,0.048
291.92,0.052000000000000005
291.96,0.048
292.0,0.048
292.04,0.05
292.08,0.05
292.12,0.048
292.16,0.05
292.2,0.05
292.24,0.048
292.28000000000003,0.05
292.32,0.056
292.36,0.056
292.40000000000003,0.052000000000000005
292.44,0.052000000000000005
292.48,0.052000000000000005
292.52,0.048
292.56,0.046
292.6,0.048
292.64,0.05
292.68,0.048
292.72,0.05
292.76,0.048
292.8,0.044
292.84000000000003,0.048
292.88,0.05
292.92,0.044
292.96,0.046
293.0,0.052000000000000005
293.04,0.052000000000000005
293.08,0.05
293.12,0.05
293.16,0.048
293.2,0.046
293.24,0.044
293.28000000000003,0.048
293.32,0.046
293.36,0.044
293.40000000000003,0.046
293.44,0.046
293.48,0.042
293.52,0.048
293.56,0.052000000000000005
293.6,0.048
293.64,0.048
293.68,0.052000000000000005
293.72,0.05
293.76,0.048
293.8,0.048
293.84000000000003,0.048
293.88,0.048
293.92,0.048
293.96,0.048
294.0,0.046
294.04,0.046
294.08,0.048
294.12,0.044
294.16,0.04
294.2,0.044
294.24,0.05
294.28000000000003,0.048
294.32,0.048
294.36,0.05
294.40000000000003,0.05
294.44,0.048
294.48,0.05
294.52,0.048
294.56,0.044
294.6,0.044
294.64,0.044
294.68,0.042
294.72,0.042
294.76,0.044
294.8,0.044
294.84000000000003,0.042
294.88,0.044
294.92,0.048
294.96,0.046
295.0,0.046
295.04,0.048
295.08,0.048
295.12,0.044
295.16,0.044
295.2,0.046
295.24,0.046
295.28000000000003,0.048
295.32,0.048
295.36,0.042
295.40000000000003,0.04
295.44,0.042
295.48,0.044
295.52,0.042
295.56,0.042
295.6,0.044
295.64,0.046
295.68,0.048
295.72,0.048
295.76,0.044
295.8,0.042
295.84000000000003,0.044
295.88,0.044
295.92,0.042
295.96,0.042
296.0,0.044
296.04,0.042
296.08,0.04
296.12,0.04
296.16,0.042
296.2,0.042
296.24,0.042
296.28000000000003,0.044
296.32,0.046
296.36,0.044
296.40000000000003,0.044
296.44,0.044
296.48,0.044
296.52,0.048
296.56,0.048
296.6,0.044
296.64,0.042
296.68,0.044
296.72,0.042
296.76,0.036000000000000004
296.8,0.036000000000000004
296.84000000000003,0.04
296.88,0.044
296.92,0.046
296.96,0.042
297.0,0.042
297.04,0.04
297.08,0.042
297.12,0.044
297.16,0.042
297.2,0.042
297.24,0.044
297.28000000000003,0.042
297.32,0.038
297.36,0.04
297.40000000000003,0.042
297.44,0.038
297.48,0.036000000000000004
297.52,0.04
297.56,0.04
297.6,0.04
297.64,0.04
297.68,0.04
297.72,0.04
297.76,0.042
297.8,0.046
297.84000000000003,0.042
297.88,0.04
297.92,0.044
297.96,0.042
298.0,0.034
298.04,0.036000000000000004
298.08,0.04
298.12,0.038
298.16,0.04
298.2,0.04
298.24,0.04
298.28000000000003,0.04
298.32,0.042
298.36,0.042
298.40000000000003,0.038
298.44,0.04
298.48,0.044
298.52,0.04
298.56,0.04
298.6,0.042
298.64,0.042
298.68,0.036000000000000004
298.72,0.036000000000000004
298.76,0.038
298.8,0.036000000000000004
298.84000000000003,0.036000000000000004
298.88,0.04
298.92,0.036000000000000004
298.96,0.034
299.0,0.036000000000000004
299.04,0.04
299.08,0.036000000000000004
299.12,0.04
299.16,0.044
299.2,0.04
299.24,0.034
299.28000000000003,0.038
299.32,0.04
299.36,0.034
299.40000000000003,0.036000000000000004
299.44,0.036000000000000004
299.48,0.034
299.52,0.036000000000000004
299.56,0.04
299.6,0.036000000000000004
299.64,0.032
299.68,0.036000000000000004
299.72,0.038
299.76,0.036000000000000004
299.8,0.038
299.84000000000003,0.042
299.88,0.04
299.92,0.038
299.96,0.04
300.0,0.038
300.04,0.034
300.08,0.034
300.12,0.036000000000000004
300.16,0.032
300.2,0.034
300.24,0.036000000000000004
300.28000000000003,0.034
300.32,0.032
300.36,0.036000000000000004
300.40000000000003,0.04
300.44,0.036000000000000004
300.48,0.036000000000000004
300.52,0.04
300.56,0.04
300.6,0.036000000000000004
300.64,0.034
300.68,0.034
300.72,0.032
300.76,0.038
300.8,0.04
300.84000000000003,0.034
300.88,0.032
300.92,0.034
300.96,0.032
301.0,0.032
301.04,0.036000000000000004
301.08,0.036000000000000004
301.12,0.036000000000000004
301.16,0.038
301.2,0.04
301.24,0.036000000000000004
301.28000000000003,0.032
301.32,0.034
301.36,0.032
301.40000000000003,0.03
301.44,0.034
301.48,0.034
301.52,0.03
301.56,0.03
301.6,0.032
301.64,0.032
301.68,0.028
301.72,0.032
301.76,0.036000000000000004
301.8,0.036000000000000004
301.84000000000003,0.034
301.88,0.032
301.92,0.032
301.96,0.032
302.0,0.036000000000000004
302.04,0.036000000000000004
302.08,0.032
302.12,0.032
302.16,0.034
302.2,0.032
302.24,0.028
302.28000000000003,0.028
302.32,0.032
302.36,0.032
302.40000000000003,0.036000000000000004
302.44,0.036000000000000004
302.48,0.036000000000000004
302.52,0.036000000000000004
302.56,0.036000000000000004
302.6,0.032
302.64,0.032
302.68,0.036000000000000004
302.72,0.034
302.76,0.032
302.8,0.028
302.84000000000003,0.032
302.88,0.032
302.92,0.028
302.96,0.028
303.0,0.032
303.04,0.032
303.08,0.03
303.12,0.032
303.16,0.03
303.2,0.032
303.24,0.032
303.28000000000003,0.032
303.32,0.03
303.36,0.032
303.40000000000003,0.034
303.44,0.032
303.48,0.026000000000000002
303.52,0.026000000000000002
303.56,0.026000000000000002
303.6,0.026000000000000002
303.64,0.028
303.68,0.03
303.72,0.032
303.76,0.032
303.8,0.032
303.84000000000003,0.032
303.88,0.028
303.92,0.032
303.96,0.034
304.0,0.03
304.04,0.028
304.08,0.032
304.12,0.03
304.16,0.026000000000000002
304.2,0.028
304.24,0.03
304.28000000000003,0.026000000000000002
304.32,0.026000000000000002
304.36,0.028
304.40000000000003,0.028
304.44,0.028
304.48,0.032
304.52,0.03
304.56,0.026000000000000002
304.6,0.03
304.64,0.034
304.68,0.032
304.72,0.028
304.76,0.028
304.8,0.028
304.84000000000003,0.026000000000000002
304.88,0.024
304.92,0.026000000000000002
304.96,0.026000000000000002
305.0,0.028
305.04,0.032
305.08,0.028
305.12,0.026000000000000002
305.16,0.028
305.2,0.03
305.24,0.026000000000000002
305.28000000000003,0.028
305.32,0.032
305.36,0.03
305.40000000000003,0.028
305.44,0.03
305.48,0.026000000000000002
305.52,0.022
305.56,0.024
305.6,0.026000000000000002
305.64,0.024
305.68,0.024
305.72,0.028
305.76,0.022
305.8,0.02
305.84000000000003,0.028
305.88,0.03
305.92,0.026000000000000002
305.96,0.026000000000000002
306.0,0.028
306.04,0.026000000000000002
306.08,0.026000000000000002
306.12,0.024
306.16,0.022
306.2,0.02
306.24,0.026000000000000002
306.28000000000003,0.028
306.32,0.024
306.36,0.024
306.40000000000003,0.026000000000000002
306.44,0.024
306.48,0.02
306.52,0.026000000000000002
306.56,0.03
306.6,0.028
306.64,0.028
306.68,0.032
306.72,0.028
306.76,0.024
306.8,0.026000000000000002
306.84000000000003,0.024
306.88,0.024
306.92,0.026000000000000002
306.96,0.024
307.0,0.02
307.04,0.02
307.08,0.028
307.12,0.026000000000000002
307.16,0.022
307.2,0.024
307.24,0.028
307.28000000000003,0.024
307.32,0.026000000000000002
307.36,0.024
307.40000000000003,0.02
307.44,0.02
307.48,0.024
307.52,0.024
307.56,0.02
307.6,0.024
307.64,0.024
307.68,0.018000000000000002
307.72,0.018000000000000002
307.76,0.022
307.8,0.022
307.84000000000003,0.02
307.88,0.024
307.92,0.026000000000000002
307.96,0.024
308.0,0.026000000000000002
308.04,0.026000000000000002
308.08,0.024
308.12,0.02
308.16,0.024
308.2,0.02
308.24,0.018000000000000002
308.28000000000003,0.022
308.32,0.024
308.36,0.02
308.40000000000003,0.018000000000000002
308.44,0.02
308.48,0.024
308.52,0.024
308.56,0.024
308.6,0.022
308.64,0.022
308.68,0.024
308.72,0.024
308.76,0.02
308.8,0.02
308.84000000000003,0.022
308.88,0.024
308.92,0.018000000000000002
308.96,0.018000000000000002
309.0,0.02
309.04,0.016
309.08,0.016
309.12,0.018000000000000002
309.16,0.02
309.2,0.02
309.24,0.024
309.28000000000003,0.026000000000000002
309.32,0.022
309.36,0.02
309.40000000000003,0.022
309.44,0.02
309.48,0.02
309.52,0.022
309.56,0.024
309.6,0.02
309.64,0.016
309.68,0.018000000000000002
309.72,0.018000000000000002
309.76,0.02
309.8,0.018000000000000002
309.84000000000003,0.018000000000000002
309.88,0.02
309.92,0.024
309.96,0.024
310.0,0.018000000000000002
310.04,0.016
310.08,0.02
310.12,0.022
310.16,0.02
310.2,0.018000000000000002
310.24,0.02
310.28000000000003,0.016
310.32,0.012
310.36,0.014
310.40000000000003,0.014
310.44,0.016
310.48,0.02
310.52,0.02
310.56,0.018000000000000002
310.6,0.02
310.64,0.02
310.68,0.018000000000000002
310.72,0.016
310.76,0.022
310.8,0.022
310.84000000000003,0.02
310.88,0.018000000000000002
310.92,0.02
310.96,0.018000000000000002
311.0,0.018000000000000002
311.04,0.016
311.08,0.014
311.12,0.016
311.16,0.022
311.2,0.02
311.24,0.016
311.28000000000003,0.016
311.32,0.02
311.36,0.02
311.40000000000003,0.018000000000000002
311.44,0.02
311.48,0.02
311.52,0.016
311.56,0.014
311.6,0.014
311.64,0.012
311.68,0.012
311.72,0.016
311.76,0.012
311.8,0.012
311.84000000000003,0.018000000000000002
311.88,0.018000000000000002
311.92,0.014
311.96,0.014
312.0,0.016
312.04,0.016
312.08,0.014
312.12,0.016
312.16,0.018000000000000002
312.2,0.016
312.24,0.016
312.28000000000003,0.012
312.32,0.01
312.36,0.012
312.40000000000003,0.016
312.44,0.012
312.48,0.008
312.52,0.014
312.56,0.018000000000000002
312.6,0.014
312.64,0.014
312.68,0.018000000000000002
312.72,0.016
312.76,0.018000000000000002
312.8,0.018000000000000002
312.84000000000003,0.016
312.88,0.012
312.92,0.014
312.96,0.012
313.0,0.01
313.04,0.01
313.08,0.018000000000000002
313.12,0.016
313.16,0.01
313.2,0.012
313.24,0.016
313.28000000000003,0.012
313.32,0.012
313.36,0.016
313.40000000000003,0.018000000000000002
313.44,0.018000000000000002
313.48,0.02
313.52,0.014
313.56,0.012
313.6,0.014
313.64,0.014
313.68,0.01
313.72,0.008
313.76,0.012
313.8,0.014
313.84000000000003,0.01
313.88,0.01
313.92,0.012
313.96,0.012
314.0,0.012
314.04,0.016
314.08,0.016
314.12,0.014
314.16,0.016
314.2,0.012
314.24,0.008
314.28000000000003,0.008
314.32,0.012
314.36,0.012
314.40000000000003,0.008
314.44,0.008
314.48,0.01
314.52,0.008
314.56,0.006
314.6,0.008
314.64,0.012
314.68,0.012
314.72,0.014
314.76,0.012
314.8,0.012
314.84000000000003,0.012
314.88,0.012
314.92,0.008
314.96,0.008
315.0,0.012
315.04,0.012
315.08,0.008
315.12,0.008
315.16,0.008
315.2,0.01
315.24,0.01
315.28000000000003,0.012
315.32,0.012
315.36,0.012
315.40000000000003,0.016
315.44,0.012
315.48,0.01
315.52,0.008
315.56,0.012
315.6,0.012
315.64,0.008
315.68,0.01
315.72,0.012
315.76,0.008
315.8,0.004
315.84000000000003,0.006
315.88,0.006
315.92,0.006
315.96,0.008
316.0,0.008
316.04,0.01
316.08,0.012
316.12,0.01
316.16,0.004
316.2,0.008
316.24,0.012
316.28000000000003,0.01
316.32,0.004
316.36,0.006
316.40000000000003,0.008
316.44,0.006
316.48,0.004
316.52,0.006
316.56,0.006
316.6,0.008
316.64,0.01
316.68,0.01
316.72,0.006
316.76,0.01
316.8,0.012
316.84000000000003,0.008
316.88,0.008
316.92,0.012
316.96,0.012
317.0,0.008
317.04,0.008
317.08,0.008
317.12,0.002
317.16,0.002
317.2,0.004
317.24,0.004
317.28000000000003,0.008
317.32,0.01
317.36,0.006
317.40000000000003,0.004
317.44,0.01
317.48,0.012
317.52,0.006
317.56,0.004
317.6,0.008
317.64,0.008
317.68,0.004
317.72,0.006
317.76,0.004
317.8,0.0
317.84000000000003,0.004
317.88,0.008
317.92,0.002
317.96,0.004
318.0,0.008
318.04,0.008
318.08,0.002
318.12,0.004
318.16,0.008
318.2,0.006
318.24,0.008
318.28000000000003,0.01
318.32,0.006
318.36,0.004
318.40000000000003,0.004
318.44,0.0
318.48,-0.002
318.52,0.002
318.56,0.004
318.6,0.002
318.64,0.002
318.68,0.008
318.72,0.008
318.76,0.0
318.8,0.0
318.84000000000003,0.004
318.88,0.004
318.92,0.006
318.96,0.008
319.0,0.002
319.04,0.002
319.08,0.004
319.12,0.004
319.16,0.0
319.2,0.002
319.24,0.006
319.28000000000003,0.004
319.32,0.0
319.36,0.002
319.40000000000003,0.004
319.44,0.002
319.48,0.004
319.52,0.008
319.56,0.008
319.6,0.006
319.64,0.006
319.68,0.002
319.72,0.0
319.76,0.004
319.8,0.004
319.84000000000003,0.0
319.88,0.002
319.92,0.004
319.96,0.002
320.0,-0.002
320.04,0.0
320.08,0.002
320.12,0.004
320.16,0.004
320.2,0.002
320.24,0.002
320.28000000000003,0.002
320.32,0.004
320.36,0.002
320.40000000000003,0.0
320.44,0.0
320.48,0.002
320.52,0.0
320.56,-0.004
320.6,-0.004
320.64,-0.002
320.68,-0.004
320.72,0.0
320.76,0.0
320.8,0.002
320.84000000000003,0.002
320.88,0.004
320.92,0.002
320.96,0.0
321.0,0.0
321.04,0.0
321.08,-0.002
321.12,0.0
321.16,0.004
321.2,0.002
321.24,-0.004
321.28000000000003,-0.002
321.32,0.0
321.36,0.0
321.40000000000003,0.0
321.44,0.0
321.48,0.0
321.52,0.002
321.56,0.004
321.6,0.002
321.64,0.0
321.68,0.0
321.72,0.002
321.76,0.0
321.8,-0.004
321.84000000000003,-0.002
321.88,-0.004
321.92,-0.006
321.96,-0.006
322.0,-0.004
322.04,-0.004
322.08,-0.002
322.12,0.002
322.16,0.0
322.2,0.0
322.24,0.0
322.28000000000003,0.0
322.32,-0.004
322.36,0.0
322.40000000000003,0.0
322.44,-0.004
322.48,-0.006
322.52,-0.002
322.56,0.0
322.6,-0.006
322.64,-0.006
322.68,-0.008
322.72,-0.008
322.76,-0.002
322.8,0.002
322.84000000000003,0.0
322.88,-0.004
322.92,0.0
322.96,0.002
323.0,-0.004
323.04,-0.004
323.08,0.0
323.12,-0.004
323.16,-0.004
323.2,-0.006
323.24,-0.008
323.28000000000003,-0.008
323.32,-0.006
323.36,-0.004
323.40000000000003,-0.008
323.44,-0.004
323.48,0.0
323.52,-0.004
323.56,-0.006
323.6,-0.002
323.64,-0.002
323.68,-0.006
323.72,-0.004
323.76,0.0
323.8,0.0
323.84000000000003,-0.004
323.88,-0.006
323.92,-0.008
323.96,-0.008
324.0,-0.006
324.04,-0.004
324.08,-0.008
324.12,-0.008
324.16,-0.002
324.2,-0.002
324.24,-0.006
324.28000000000003,-0.004
324.32,-0.004
324.36,-0.004
324.40000000000003,-0.004
324.44,-0.004
324.48,-0.008
324.52,-0.008
324.56,-0.008
324.6,-0.008
324.64,-0.012
324.68,-0.008
324.72,-0.006
324.76,-0.008
324.8,-0.01
324.84000000000003,-0.008
324.88,-0.008
324.92,-0.008
324.96,-0.008
325.0,-0.002
325.04,-0.004
325.08,-0.004
325.12,-0.006
325.16,-0.008
325.2,-0.01
325.24,-0.008
325.28000000000003,-0.008
325.32,-0.012
325.36,-0.012
325.40000000000003,-0.006
325.44,-0.004
325.48,-0.008
325.52,-0.008
325.56,-0.008
325.6,-0.004
325.64,-0.006
325.68,-0.004
325.72,-0.006
325.76,-0.008
325.8,-0.004
325.84000000000003,-0.008
325.88,-0.012
325.92,-0.008
325.96,-0.006
326.0,-0.008
326.04,-0.012
326.08,-0.01
326.12,-0.01
326.16,-0.012
326.2,-0.012
326.24,-0.008
326.28000000000003,-0.008
326.32,-0.006
326.36,-0.006
326.40000000000003,-0.008
326.44,-0.008
326.48,-0.006
326.52,-0.01
326.56,-0.016
326.6,-0.014
326.64,-0.008
326.68,-0.008
326.72,-0.012
326.76,-0.014
326.8,-0.012
326.84000000000003,-0.01
326.88,-0.008
326.92,-0.01
326.96,-0.01
327.0,-0.008
327.04,-0.006
327.08,-0.008
327.12,-0.012
327.16,-0.008
327.2,-0.008
327.24,-0.012
327.28000000000003,-0.012
327.32,-0.008
327.36,-0.012
327.40000000000003,-0.012
327.44,-0.014
327.48,-0.014
327.52,-0.014
327.56,-0.01
327.6,-0.008
327.64,-0.01
327.68,-0.008
327.72,-0.006
327.76,-0.012
327.8,-0.016
327.84000000000003,-0.012
327.88,-0.008
327.92,-0.012
327.96,-0.014
328.0,-0.012
328.04,-0.014
328.08,-0.014
328.12,-0.014
328.16,-0.016
328.2,-0.016
328.24,-0.012
328.28000000000003,-0.008
328.32,-0.014
328.36,-0.012
328.40000000000003,-0.008
328.44,-0.012
328.48,-0.014
328.52,-0.012
328.56,-0.008
328.6,-0.012
328.64,-0.014
328.68,-0.014
328.72,-0.018000000000000002
328.76,-0.02
328.8,-0.016
328.84000000000003,-0.016
328.88,-0.016
328.92,-0.01
328.96,-0.008
329.0,-0.014
329.04,-0.014
329.08,-0.01
329.12,-0.012
329.16,-0.016
329.2,-0.014
329.24,-0.012
329.28000000000003,-0.014
329.32,-0.014
329.36,-0.016
329.40000000000003,-0.02
329.44,-0.018000000000000002
329.48,-0.014
329.52,-0.014
329.56,-0.02
329.6,-0.014
329.64,-0.012
329.68,-0.014
329.72,-0.016
329.76,-0.012
329.8,-0.01
329.84000000000003,-0.012
329.88,-0.012
329.92,-0.012
329.96,-0.014
330.0,-0.016
330.04,-0.016
330.08,-0.018000000000000002
330.12,-0.018000000000000002
330.16,-0.014
330.2,-0.014
330.24,-0.018000000000000002
330.28000000000003,-0.016
330.32,-0.012
330.36,-0.014
330.40000000000003,-0.02
330.44,-0.018000000000000002
330.48,-0.014
330.52,-0.014
330.56,-0.014
330.6,-0.016
330.64,-0.02
330.68,-0.018000000000000002
330.72,-0.018000000000000002
330.76,-0.02
330.8,-0.022
330.84000000000003,-0.02
330.88,-0.016
330.92,-0.02
330.96,-0.02
331.0,-0.016
331.04,-0.016
331.08,-0.018000000000000002
331.12,-0.016
331.16,-0.014
331.2,-0.012
331.24,-0.014
331.28000000000003,-0.016
331.32,-0.018000000000000002
331.36,-0.02
331.40000000000003,-0.018000000000000002
331.44,-0.018000000000000002
331.48,-0.02
331.52,-0.016
331.56,-0.012
331.6,-0.016
331.64,-0.022
331.68,-0.02
331.72,-0.016
331.76,-0.016
331.8,-0.016
331.84000000000003,-0.016
331.88,-0.016
331.92,-0.014
331.96,-0.014
332.0,-0.02
332.04,-0.024
332.08,-0.022
332.12,-0.02
332.16,-0.022
332.2,-0.024
332.24,-0.02
332.28000000000003,-0.022
332.32,-0.022
332.36,-0.022
332.40000000000003,-0.02
332.44,-0.018000000000000002
332.48,-0.016
332.52,-0.016
332.56,-0.02
332.6,-0.022
332.64,-0.02
332.68,-0.022
332.72,-0.024
332.76,-0.02
332.8,-0.016
332.84000000000003,-0.02
332.88,-0.024
332.92,-0.022
332.96,-0.02
333.0,-0.022
333.04,-0.022
333.08,-0.022
333.12,-0.02
333.16,-0.016
333.2,-0.014
333.24,-0.02
333.28000000000003,-0.022
333.32,-0.02
333.36,-0.02
333.40000000000003,-0.024
333.44,-0.022
333.48,-0.02
333.52,-0.024
333.56,-0.024
333.6,-0.024
333.64,-0.022
333.68,-0.022
333.72,-0.02
333.76,-0.02
333.8,-0.022
333.84000000000003,-0.02
333.88,-0.018000000000000002
333.92,-0.024
333.96,-0.024
334.0,-0.02
334.04,-0.02
334.08,-0.022
334.12,-0.022
334.16,-0.02
334.2,-0.024
334.24,-0.024
334.28000000000003,-0.026000000000000002
334.32,-0.026000000000000002
334.36,-0.024
334.40000000000003,-0.02
334.44,-0.02
334.48,-0.024
334.52,-0.022
334.56,-0.02
334.6,-0.022
334.64,-0.024
334.68,-0.022
334.72,-0.022
334.76,-0.024
334.8,-0.026000000000000002
334.84000000000003,-0.024
334.88,-0.026000000000000002
334.92,-0.028
334.96,-0.024
335.0,-0.026000000000000002
335.04,-0.026000000000000002
335.08,-0.024
335.12,-0.022
335.16,-0.024
335.2,-0.024
335.24,-0.022
335.28000000000003,-0.022
335.32,-0.026000000000000002
335.36,-0.022
335.40000000000003,-0.02
335.44,-0.022
335.48,-0.024
335.52,-0.024
335.56,-0.028
335.6,-0.028
335.64,-0.024
335.68,-0.024
335.72,-0.028
335.76,-0.024
335.8,-0.02
335.84000000000003,-0.022
335.88,-0.024
335.92,-0.022
335.96,-0.022
336.0,-0.024
336.04,-0.024
336.08,-0.022
336.12,-0.024
336.16,-0.024
336.2,-0.026000000000000002
336.24,-0.028
336.28000000000003,-0.03
336.32,-0.026000000000000002
336.36,-0.024
336.40000000000003,-0.028
336.44,-0.028
336.48,-0.024
336.52,-0.028
336.56,-0.03
336.6,-0.026000000000000002
336.64,-0.024
336.68,-0.024
336.72,-0.024
336.76,-0.024
336.8,-0.028
336.84000000000003,-0.028
336.88,-0.028
336.92,-0.028
336.96,-0.032
337.0,-0.03
337.04,-0.024
337.08,-0.024
337.12,-0.028
337.16,-0.024
337.2,-0.024
337.24,-0.024
337.28000000000003,-0.024
337.32,-0.024
337.36,-0.024
337.40000000000003,-0.024
337.44,-0.024
337.48,-0.028
337.52,-0.03
337.56,-0.026000000000000002
337.6,-0.028
337.64,-0.03
337.68,-0.028
337.72,-0.024
337.76,-0.028
337.8,-0.032
337.84000000000003,-0.03
337.88,-0.028
337.92,-0.026000000000000002
337.96,-0.024
338.0,-0.024
338.04,-0.024
338.08,-0.024
338.12,-0.028
338.16,-0.032
338.2,-0.034
338.24,-0.03
338.28000000000003,-0.026000000000000002
338.32,-0.03
338.36,-0.032
338.40000000000003,-0.028
338.44,-0.03
338.48,-0.032
338.52,-0.03
338.56,-0.028
338.6,-0.028
338.64,-0.024
338.68,-0.024
338.72,-0.03
338.76,-0.03
338.8,-0.026000000000000002
338.84000000000003,-0.028
338.88,-0.032
338.92,-0.028
338.96,-0.028
339.0,-0.03
339.04,-0.032
339.08,-0.03
339.12,-0.028
339.16,-0.032
339.2,-0.03
339.24,-0.028
339.28000000000003,-0.028
339.32,-0.024
339.36,-0.024
339.40000000000003,-0.032
339.44,-0.03
339.48,-0.028
339.52,-0.028
339.56,-0.032
339.6,-0.032
339.64,-0.03
339.68,-0.03
339.72,-0.032
339.76,-0.03
339.8,-0.032
339.84000000000003,-0.032
339.88,-0.028
339.92,-0.028
339.96,-0.03
340.0,-0.028
340.04,-0.026000000000000002
340.08,-0.028
340.12,-0.03
340.16,-0.028
340.2,-0.028
340.24,-0.032
340.28000000000003,-0.032
340.32,-0.03
340.36,-0.032
340.40000000000003,-0.036000000000000004
340.44,-0.036000000000000004
340.48,-0.032
340.52,-0.032
340.56,-0.028
340.6,-0.03
340.64,-0.032
340.68,-0.03
340.72,-0.028
340.76,-0.03
340.8,-0.034
340.84000000000003,-0.032
340.88,-0.032
340.92,-0.032
340.96,-0.032
341.0,-0.032
341.04,-0.034
341.08,-0.034
341.12,-0.034
341.16,-0.034
341.2,-0.034
341.24,-0.03
341.28000000000003,-0.028
341.32,-0.032
341.36,-0.032
341.40000000000003,-0.028
341.44,-0.028
341.48,-0.032
341.52,-0.03
341.56,-0.028
341.6,-0.03
341.64,-0.032
341.68,-0.036000000000000004
341.72,-0.034
341.76,-0.034
341.8,-0.032
341.84000000000003,-0.032
341.88,-0.032
341.92,-0.03
341.96,-0.026000000000000002
342.0,-0.03
342.04,-0.036000000000000004
342.08,-0.032
342.12,-0.032
342.16,-0.032
342.2,-0.032
342.24,-0.032
342.28000000000003,-0.034
342.32,-0.034
342.36,-0.036000000000000004
342.40000000000003,-0.038
342.44,-0.038
342.48,-0.034
342.52,-0.032
342.56,-0.036000000000000004
342.6,-0.036000000000000004
342.64,-0.032
342.68,-0.034
342.72,-0.036000000000000004
342.76,-0.032
342.8,-0.028
342.84000000000003,-0.03
342.88,-0.032
342.92,-0.032
342.96,-0.036000000000000004
343.0,-0.034
343.04,-0.034
343.08,-0.038
343.12,-0.038
343.16,-0.032
343.2,-0.03
343.24,-0.036000000000000004
343.28000000000003,-0.038
343.32,-0.032
343.36,-0.032
343.40000000000003,-0.036000000000000004
343.44,-0.032
343.48,-0.03
343.52,-0.034
343.56,-0.032
343.6,-0.032
343.64,-0.038
343.68,-0.038
343.72,-0.032
343.76,-0.036000000000000004
343.8,-0.04
343.84000000000003,-0.036000000000000004
343.88,-0.032
343.92,-0.038
343.96,-0.04
344.0,-0.036000000000000004
344.04,-0.032
344.08,-0.036000000000000004
344.12,-0.032
344.16,-0.03
344.2,-0.032
344.24,-0.032
344.28000000000003,-0.034
344.32,-0.04
344.36,-0.038
344.40000000000003,-0.032
344.44,-0.034
344.48,-0.04
344.52,-0.038
344.56,-0.032
344.6,-0.036000000000000004
344.64,-0.038
344.68,-0.036000000000000004
344.72,-0.036000000000000004
344.76,-0.036000000000000004
344.8,-0.032
344.84000000000003,-0.032
344.88,-0.038
344.92,-0.036000000000000004
344.96,-0.032
345.0,-0.038
345.04,-0.04
345.08,-0.036000000000000004
345.12,-0.036000000000000004
345.16,-0.04
345.2,-0.04
345.24,-0.038
345.28000000000003,-0.04
345.32,-0.038
345.36,-0.036000000000000004
345.40000000000003,-0.034
345.44,-0.034
345.48,-0.032
345.52,-0.036000000000000004
345.56,-0.038
345.6,-0.034
345.64,-0.032
345.68,-0.038
345.72,-0.04
345.76,-0.036000000000000004
345.8,-0.034
345.84000000000003,-0.038
345.88,-0.04
345.92,-0.04
345.96,-0.04
346.0,-0.038
346.04,-0.036000000000000004
346.08,-0.036000000000000004
346.12,-0.036000000000000004
346.16,-0.034
346.2,-0.036000000000000004
346.24,-0.038
346.28000000000003,-0.038
346.32,-0.038
346.36,-0.038
346.40000000000003,-0.04
346.44,-0.04
346.48,-0.04
346.52,-0.04
346.56,-0.044
346.6,-0.042
346.64,-0.04
346.68,-0.04
346.72,-0.038
346.76,-0.038
346.8,-0.036000000000000004
346.84000000000003,-0.036000000000000004
346.88,-0.036000000000000004
346.92,-0.038
346.96,-0.04
347.0,-0.036000000000000004
347.04,-0.034
347.08,-0.036000000000000004
347.12,-0.038
347.16,-0.04
347.2,-0.04
347.24,-0.04
347.28000000000003,-0.04
347.32,-0.04
347.36,-0.04
347.40000000000003,-0.036000000000000004
347.44,-0.034
347.48,-0.036000000000000004
347.52,-0.038
347.56,-0.036000000000000004
347.6,-0.036000000000000004
347.64,-0.038
347.68,-0.036000000000000004
347.72,-0.034
347.76,-0.04
347.8,-0.04
347.84000000000003,-0.04
347.88,-0.042
347.92,-0.042
347.96,-0.04
348.0,-0.04
348.04,-0.04
348.08,-0.036000000000000004
348.12,-0.036000000000000004
348.16,-0.04
348.2,-0.044
348.24,-0.038
348.28000000000003,-0.036000000000000004
348.32,-0.038
348.36,-0.04
348.40000000000003,-0.038
348.44,-0.042
348.48,-0.04
348.52,-0.04
348.56,-0.044
348.6,-0.044
348.64,-0.04
348.68,-0.038
348.72,-0.044
348.76,-0.04
348.8,-0.036000000000000004
348.84000000000003,-0.04
348.88,-0.04
348.92,-0.036000000000000004
348.96,-0.034
349.0,-0.038
349.04,-0.038
349.08,-0.04
349.12,-0.044
349.16,-0.042
349.2,-0.04
349.24,-0.044
349.28000000000003,-0.042
349.32,-0.036000000000000004
349.36,-0.04
349.40000000000003,-0.044
349.44,-0.04
349.48,-0.036000000000000004
349.52,-0.04
349.56,-0.042
349.6,-0.036000000000000004
349.64,-0.038
349.68,-0.04
349.72,-0.038
349.76,-0.04
349.8,-0.044
349.84000000000003,-0.044
349.88,-0.04
349.92,-0.044
349.96,-0.044
350.0,-0.04
350.04,-0.04
350.08,-0.044
350.12,-0.042
350.16,-0.04
350.2,-0.04
350.24,-0.04
350.28000000000003,-0.036000000000000004
350.32,-0.04
350.36,-0.044
350.40000000000003,-0.04
350.44,-0.04
350.48,-0.044
350.52,-0.044
350.56,-0.04
350.6,-0.044
350.64,-0.046
350.68,-0.04
350.72,-0.042
350.76,-0.046
350.8,-0.046
350.84000000000003,-0.044
350.88,-0.042
350.92,-0.038
350.96,-0.038
351.0,-0.04
351.04,-0.044
351.08,-0.04
351.12,-0.04
351.16,-0.044
351.2,-0.044
351.24,-0.04
351.28000000000003,-0.044
351.32,-0.044
351.36,-0.044
351.40000000000003,-0.044
351.44,-0.044
351.48,-0.04
351.52,-0.04
351.56,-0.04
351.6,-0.04
351.64,-0.038
351.68,-0.04
351.72,-0.044
351.76,-0.044
351.8,-0.042
351.84000000000003,-0.044
351.88,-0.044
351.92,-0.04
351.96,-0.042
352.0,-0.046
352.04,-0.048
352.08,-0.048
352.12,-0.044
352.16,-0.044
352.2,-0.04
352.24,-0.044
352.28000000000003,-0.044
352.32,-0.04
352.36,-0.04
352.40000000000003,-0.046
352.44,-0.046
352.48,-0.042
352.52,-0.042
352.56,-0.044
352.6,-0.044
352.64,-0.046
352.68,-0.046
352.72,-0.046
352.76,-0.046
352.8,-0.046
352.84000000000003,-0.042
352.88,-0.038
352.92,-0.04
352.96,-0.044
353.0,-0.044
353.04,-0.04
353.08,-0.044
353.12,-0.044
353.16,-0.04
353.2,-0.04
353.24,-0.044
353.28000000000003,-0.046
353.32,-0.046
353.36,-0.048
353.40000000000003,-0.046
353.44,-0.044
353.48,-0.048
353.52,-0.044
353.56,-0.04
353.6,-0.04
353.64,-0.046
353.68,-0.044
353.72,-0.04
353.76,-0.042
353.8,-0.044
353.84000000000003,-0.044
353.88,-0.044
353.92,-0.048
353.96,-0.048
354.0,-0.048
354.04,-0.048
354.08,-0.046
354.12,-0.044
354.16,-0.046
354.2,-0.046
354.24,-0.044
354.28000000000003,-0.044
354.32,-0.048
354.36,-0.046
354.40000000000003,-0.04
354.44,-0.042
354.48,-0.044
354.52,-0.044
354.56,-0.044
354.6,-0.046
354.64,-0.046
354.68,-0.048
354.72,-0.05
354.76,-0.046
354.8,-0.04
354.84000000000003,-0.044
354.88,-0.048
354.92,-0.044
354.96,-0.04
355.0,-0.044
355.04,-0.044
355.08,-0.042
355.12,-0.042
355.16,-0.044
355.2,-0.044
355.24,-0.048
355.28000000000003,-0.05
355.32,-0.044
355.36,-0.046
355.40000000000003,-0.048
355.44,-0.048
355.48,-0.044
355.52,-0.044
355.56,-0.048
355.6,-0.046
355.64,-0.044
355.68,-0.044
355.72,-0.044
355.76,-0.04
355.8,-0.042
355.84000000000003,-0.044
355.88,-0.044
355.92,-0.048
355.96,-0.052000000000000005
356.0,-0.046
356.04,-0.046
356.08,-0.048
356.12,-0.05
356.16,-0.046
356.2,-0.044
356.24,-0.046
356.28000000000003,-0.048
356.32,-0.046
356.36,-0.044
356.40000000000003,-0.04
356.44,-0.044
356.48,-0.048
356.52,-0.046
356.56,-0.046
356.6,-0.048
356.64,-0.052000000000000005
356.68,-0.048
356.72,-0.046
356.76,-0.048
356.8,-0.048
356.84000000000003,-0.048
356.88,-0.048
356.92,-0.048
356.96,-0.046
357.0,-0.044
357.04,-0.044
357.08,-0.04
357.12,-0.042
357.16,-0.046
357.2,-0.048
357.24,-0.044
357.28000000000003,-0.046
357.32,-0.05
357.36,-0.048
357.40000000000003,-0.044
357.44,-0.044
357.48,-0.048
357.52,-0.048
357.56,-0.046
357.6,-0.046
357.64,-0.044
357.68,-0.044
357.72,-0.046
357.76,-0.044
357.8,-0.042
357.84000000000003,-0.046
357.88,-0.052000000000000005
357.92,-0.048
357.96,-0.046
358.0,-0.048
358.04,-0.048
358.08,-0.048
358.12,-0.05
358.16,-0.054
358.2,-0.052000000000000005
358.24,-0.048
358.28000000000003,-0.048
358.32,-0.044
358.36,-0.044
358.40000000000003,-0.046
358.44,-0.046
358.48,-0.042
358.52,-0.044
358.56,-0.052000000000000005
358.6,-0.048
358.64,-0.044
358.68,-0.048
358.72,-0.052000000000000005
358.76,-0.048
358.8,-0.048
358.84000000000003,-0.05
358.88,-0.048
358.92,-0.046
358.96,-0.046
359.0,-0.044
359.04,-0.04
359.08,-0.046
359.12,-0.052000000000000005
359.16,-0.046
359.2,-0.044
359.24,-0.048
359.28000000000003,-0.046
359.32,-0.044
359.36,-0.048
359.40000000000003,-0.052000000000000005
359.44,-0.048
359.48,-0.05
359.52,-0.052000000000000005
359.56,-0.05
359.6,-0.048
359.64,-0.05
359.68,-0.046
359.72,-0.042
359.76,-0.048
359.8,-0.052000000000000005
359.84000000000003,-0.046
359.88,-0.042
359.92,-0.048
359.96,-0.05
360.0,-0.048
360.04,-0.05
360.08,-0.052000000000000005
360.12,-0.05
360.16,-0.05
360.2,-0.052000000000000005
360.24,-0.046
360.28000000000003,-0.044
360.32,-0.052000000000000005
360.36,-0.05
360.40000000000003,-0.046
360.44,-0.046
360.48,-0.048
360.52,-0.046
360.56,-0.044
360.6,-0.046
360.64,-0.044
360.68,-0.046
360.72,-0.05
360.76,-0.052000000000000005
360.8,-0.05
360.84000000000003,-0.052000000000000005
360.88,-0.052000000000000005
360.92,-0.046
360.96,-0.046
361.0,-0.052000000000000005
361.04,-0.048
361.08,-0.044
361.12,-0.044
361.16,-0.046
361.2,-0.046
361.24,-0.044
361.28000000000003,-0.048
361.32,-0.048
361.36,-0.048
361.40000000000003,-0.052000000000000005
361.44,-0.052000000000000005
361.48,-0.046
361.52,-0.048
361.56,-0.052000000000000005
361.6,-0.048
361.64,-0.046
361.68,-0.048
361.72,-0.048
361.76,-0.048
361.8,-0.048
361.84000000000003,-0.046
361.88,-0.044
361.92,-0.046
361.96,-0.048
362.0,-0.048
362.04,-0.048
362.08,-0.054
362.12,-0.052000000000000005
362.16,-0.05
362.2,-0.052000000000000005
362.24,-0.052000000000000005
362.28000000000003,-0.048
362.32,-0.048
362.36,-0.052000000000000005
362.40000000000003,-0.048
362.44,-0.048
362.48,-0.048
362.52,-0.046
362.56,-0.044
362.6,-0.048
362.64,-0.052000000000000005
362.68,-0.05
362.72,-0.05
362.76,-0.052000000000000005
362.8,-0.052000000000000005
362.84000000000003,-0.048
362.88,-0.048
362.92,-0.048
362.96,-0.05
363.0,-0.052000000000000005
363.04,-0.052000000000000005
363.08,-0.048
363.12,-0.044
363.16,-0.044
363.2,-0.046
363.24,-0.044
363.28000000000003,-0.046
363.32,-0.05
363.36,-0.05
363.40000000000003,-0.048
363.44,-0.05
363.48,-0.054
363.52,-0.05
363.56,-0.048
363.6,-0.048
363.64,-0.05
363.68,-0.05
363.72,-0.05
363.76,-0.048
363.8,-0.044
363.84000000000003,-0.048
363.88,-0.05
363.92,-0.048
363.96,-0.048
364.0,-0.052000000000000005
364.04,-0.054
364.08,-0.048
364.12,-0.048
364.16,-0.05
364.2,-0.052000000000000005
364.24,-0.052000000000000005
364.28000000000003,-0.054
364.32,-0.054
364.36,-0.048
364.40000000000003,-0.048
364.44,-0.05
364.48,-0.044
364.52,-0.044
364.56,-0.048
364.6,-0.048
364.64,-0.044
364.68,-0.048
364.72,-0.052000000000000005
364.76,-0.048
364.8,-0.046
364.84000000000003,-0.052000000000000005
364.88,-0.052000000000000005
364.92,-0.05
364.96,-0.052000000000000005
365.0,-0.052000000000000005
365.04,-0.046
365.08,-0.048
365.12,-0.048
365.16,-0.046
365.2,-0.046
365.24,-0.052000000000000005
365.28000000000003,-0.052000000000000005
365.32,-0.046
365.36,-0.046
365.40000000000003,-0.052000000000000005
365.44,-0.05
365.48,-0.052000000000000005
365.52,-0.054
365.56,-0.052000000000000005
365.6,-0.052000000000000005
365.64,-0.056
365.68,-0.054
365.72,-0.048
365.76,-0.048
365.8,-0.05
365.84000000000003,-0.048
365.88,-0.046
365.92,-0.05
365.96,-0.05
366.0,-0.046
366.04,-0.048
366.08,-0.052000000000000005
366.12,-0.05
366.16,-0.052000000000000005
366.2,-0.054
366.24,-0.052000000000000005
366.28000000000003,-0.052000000000000005
366.32,-0.052000000000000005
366.36,-0.052000000000000005
366.40000000000003,-0.046
366.44,-0.048
366.48,-0.052000000000000005
366.52,-0.05
366.56,-0.048
366.6,-0.05
366.64,-0.048
366.68,-0.048
366.72,-0.048
366.76,-0.048
366.8,-0.048
366.84000000000003,-0.052000000000000005
366.88,-0.056
366.92,-0.054
366.96,-0.05
367.0,-0.052000000000000005
367.04,-0.052000000000000005
367.08,-0.048
367.12,-0.048
367.16,-0.052000000000000005
367.2,-0.048
367.24,-0.048
367.28000000000003,-0.048
367.32,-0.048
367.36,-0.048
367.40000000000003,-0.052000000000000005
367.44,-0.05
367.48,-0.052000000000000005
367.52,-0.052000000000000005
367.56,-0.054
367.6,-0.052000000000000005
367.64,-0.05
367.68,-0.05
367.72,-0.052000000000000005
367.76,-0.05
367.8,-0.05
367.84000000000003,-0.052000000000000005
367.88,-0.052000000000000005
367.92,-0.05
367.96,-0.048
368.0,-0.046
368.04,-0.046
368.08,-0.052000000000000005
368.12,-0.054
368.16,-0.052000000000000005
368.2,-0.052000000000000005
368.24,-0.056
368.28000000000003,-0.054
368.32,-0.052000000000000005
368.36,-0.052000000000000005
368.40000000000003,-0.052000000000000005
368.44,-0.05
368.48,-0.05
368.52,-0.052000000000000005
368.56,-0.048
368.6,-0.046
368.64,-0.048
368.68,-0.048
368.72,-0.046
368.76,-0.048
368.8,-0.054
368.84000000000003,-0.052000000000000005
368.88,-0.048
368.92,-0.05
368.96,-0.052000000000000005
369.0,-0.048
369.04,-0.048
369.08,-0.052000000000000005
369.12,-0.052000000000000005
369.16,-0.05
369.2,-0.05
369.24,-0.046
369.28000000000003,-0.044
369.32,-0.048
369.36,-0.052000000000000005
369.40000000000003,-0.046
369.44,-0.046
369.48,-0.054
369.52,-0.054
369.56,-0.05
369.6,-0.052000000000000005
369.64,-0.054
369.68,-0.054
369.72,-0.054
369.76,-0.056
369.8,-0.054
369.84000000000003,-0.048
369.88,-0.05
369.92,-0.05
369.96,-0.046
370.0,-0.048
370.04,-0.054
370.08,-0.052000000000000005
370.12,-0.048
370.16,-0.052000000000000005
370.2,-0.052000000000000005
370.24,-0.048
370.28000000000003,-0.048
370.32,-0.054
370.36,-0.052000000000000005
370.40000000000003,-0.052000000000000005
370.44,-0.052000000000000005
370.48,-0.05
370.52,-0.048
370.56,-0.05
370.6,-0.05
370.64,-0.044
370.68,-0.046
370.72,-0.052000000000000005
370.76,-0.05
370.8,-0.046
370.84000000000003,-0.048
370.88,-0.052000000000000005
370.92,-0.048
370.96,-0.052000000000000005
371.0,-0.054
371.04,-0.052000000000000005
371.08,-0.052000000000000005
371.12,-0.052000000000000005
371.16,-0.052000000000000005
371.2,-0.046
371.24,-0.05
371.28000000000003,-0.052000000000000005
371.32,-0.048
371.36,-0.048
371.40000000000003,-0.052000000000000005
371.44,-0.05
371.48,-0.048
371.52,-0.052000000000000005
371.56,-0.052000000000000005
371.6,-0.052000000000000005
371.64,-0.054
371.68,-0.054
371.72,-0.052000000000000005
371.76,-0.054
371.8,-0.054
371.84000000000003,-0.05
371.88,-0.044
371.92,-0.048
371.96,-0.052000000000000005
372.0,-0.048
372.04,-0.048
372.08,-0.048
372.12,-0.048
372.16,-0.048
372.2,-0.052000000000000005
372.24,-0.052000000000000005
372.28000000000003,-0.05
372.32,-0.054
372.36,-0.056
372.40000000000003,-0.052000000000000005
372.44,-0.052000000000000005
372.48,-0.054
372.52,-0.052000000000000005
372.56,-0.048
372.6,-0.05
372.64,-0.052000000000000005
372.68,-0.052000000000000005
372.72,-0.05
372.76,-0.052000000000000005
372.8,-0.048
372.84000000000003,-0.048
372.88,-0.052000000000000005
372.92,-0.052000000000000005
372.96,-0.05
373.0,-0.054
373.04,-0.056
373.08,-0.048
373.12,-0.048
373.16,-0.052000000000000005
373.2,-0.052000000000000005
373.24,-0.048
373.28000000000003,-0.048
373.32,-0.048
373.36,-0.048
373.40000000000003,-0.05
373.44,-0.05
373.48,-0.046
373.52,-0.048
373.56,-0.052000000000000005
373.6,-0.054
373.64,-0.05
373.68,-0.054
373.72,-0.054
373.76,-0.052000000000000005
373.8,-0.05
373.84000000000003,-0.052000000000000005
373.88,-0.054
373.92,-0.054
373.96,-0.052000000000000005
374.0,-0.052000000000000005
374.04,-0.048
374.08,-0.048
374.12,-0.05
374.16,-0.048
374.2,-0.048
374.24,-0.054
374.28000000000003,-0.056
374.32,-0.052000000000000005
374.36,-0.05
374.40000000000003,-0.054
374.44,-0.054
374.48,-0.05
374.52,-0.05
374.56,-0.052000000000000005
374.6,-0.052000000000000005
374.64,-0.05
374.68,-0.048
374.72,-0.044
374.76,-0.044
374.8,-0.048
374.84000000000003,-0.052000000000000005
374.88,-0.048
374.92,-0.05
374.96,-0.054
375.0,-0.05
375.04,-0.048
375.08,-0.05
375.12,-0.052000000000000005
375.16,-0.052000000000000005
375.2,-0.052000000000000005
375.24,-0.052000000000000005
375.28000000000003,-0.052000000000000005
375.32,-0.05
375.36,-0.05
375.40000000000003,-0.048
375.44,-0.048
375.48,-0.05
375.52,-0.052000000000000005
375.56,-0.05
375.6,-0.05
375.64,-0.056
375.68,-0.054
375.72,-0.048
375.76,-0.052000000000000005
375.8,-0.056
375.84000000000003,-0.054
375.88,-0.054
375.92,-0.052000000000000005
375.96,-0.05
376.0,-0.048
376.04,-0.052000000000000005
376.08,-0.052000000000000005
376.12,-0.048
376.16,-0.048
376.2,-0.052000000000000005
376.24,-0.05
376.28000000000003,-0.048
376.32,-0.052000000000000005
376.36,-0.052000000000000005
376.40000000000003,-0.048
376.44,-0.052000000000000005
376.48,-0.054
376.52,-0.052000000000000005
376.56,-0.052000000000000005
376.6,-0.052000000000000005
376.64,-0.048
376.68,-0.046
376.72,-0.048
376.76,-0.048
376.8,-0.046
376.84000000000003,-0.048
376.88,-0.052000000000000005
376.92,-0.05
376.96,-0.046
377.0,-0.052000000000000005
377.04,-0.054
377.08,-0.052000000000000005
377.12,-0.054
377.16,-0.052000000000000005
377.2,-0.05
377.24,-0.054
377.28000000000003,-0.056
377.32,-0.05
377.36,-0.044
377.40000000000003,-0.052000000000000005
377.44,-0.052000000000000005
377.48,-0.048
377.52,-0.048
377.56,-0.05
377.6,-0.048
377.64,-0.048
377.68,-0.048
377.72,-0.05
377.76,-0.052000000000000005
377.8,-0.056
377.84000000000003,-0.054
377.88,-0.048
377.92,-0.052000000000000005
377.96,-0.054
378.0,-0.048
378.04,-0.046
378.08,-0.05
378.12,-0.052000000000000005
378.16,-0.048
378.2,-0.048
378.24,-0.05
378.28000000000003,-0.048
378.32,-0.05
378.36,-0.052000000000000005
378.40000000000003,-0.05
378.44,-0.052000000000000005
378.48,-0.056
378.52,-0.056
378.56,-0.048
378.6,-0.048
378.64,-0.052000000000000005
378.68,-0.052000000000000005
378.72,-0.05
378.76,-0.052000000000000005
378.8,-0.052000000000000005
378.84000000000003,-0.048
378.88,-0.048
378.92,-0.048
378.96,-0.046
379.0,-0.048
379.04,-0.052000000000000005
379.08,-0.052000000000000005
379.12,-0.048
379.16,-0.054
379.2,-0.054
379.24,-0.048
379.28000000000003,-0.046
379.32,-0.052000000000000005
379.36,-0.052000000000000005
379.40000000000003,-0.048
379.44,-0.048
379.48,-0.048
379.52,-0.048
379.56,-0.048
379.6,-0.048
379.64,-0.048
379.68,-0.05
379.72,-0.056
379.76,-0.054
379.8,-0.048
379.84000000000003,-0.05
379.88,-0.054
379.92,-0.054
379.96,-0.052000000000000005
380.0,-0.052000000000000005
380.04,-0.054
380.08,-0.052000000000000005
380.12,-0.052000000000000005
380.16,-0.048
380.2,-0.046
380.24,-0.048
380.28000000000003,-0.048
380.32,-0.048
380.36,-0.05
380.40000000000003,-0.054
380.44,-0.054
380.48,-0.048
380.52,-0.048
380.56,-0.052000000000000005
380.6,-0.054
380.64,-0.05
380.68,-0.05
380.72,-0.052000000000000005
380.76,-0.048
380.8,-0.046
380.84000000000003,-0.046
380.88,-0.044
380.92,-0.048
380.96,-0.052000000000000005
381.0,-0.048
381.04,-0.046
381.08,-0.048
381.12,-0.052000000000000005
381.16,-0.052000000000000005
381.2,-0.048
381.24,-0.052000000000000005
381.28000000000003,-0.054
381.32,-0.054
381.36,-0.054
381.40000000000003,-0.052000000000000005
381.44,-0.048
381.48,-0.048
381.52,-0.048
381.56,-0.048
381.6,-0.048
381.64,-0.052000000000000005
381.68,-0.052000000000000005
381.72,-0.048
381.76,-0.048
381.8,-0.054
381.84000000000003,-0.052000000000000005
381.88,-0.05
381.92,-0.052000000000000005
381.96,-0.054
382.0,-0.052000000000000005
382.04,-0.052000000000000005
382.08,-0.05
382.12,-0.048
382.16,-0.048
382.2,-0.05
382.24,-0.048
382.28000000000003,-0.044
382.32,-0.048
382.36,-0.052000000000000005
382.40000000000003,-0.048
382.44,-0.046
382.48,-0.048
382.52,-0.05
382.56,-0.052000000000000005
382.6,-0.054
382.64,-0.054
382.68,-0.052000000000000005
382.72,-0.052000000000000005
382.76,-0.052000000000000005
382.8,-0.046
382.84000000000003,-0.048
382.88,-0.052000000000000005
382.92,-0.046
382.96000000000004,-0.046
383.0,-0.05
383.04,-0.052000000000000005
383.08,-0.048
383.12,-0.048
383.16,-0.048
383.2,-0.052000000000000005
383.24,-0.05
383.28000000000003,-0.054
383.32,-0.052000000000000005
383.36,-0.048
383.40000000000003,-0.05
383.44,-0.052000000000000005
383.48,-0.046
383.52,-0.044
383.56,-0.052000000000000005
383.6,-0.052000000000000005
383.64,-0.046
383.68,-0.044
383.72,-0.048
383.76,-0.048
383.8,-0.048
383.84000000000003,-0.05
383.88,-0.05
383.92,-0.052000000000000005
383.96000000000004,-0.056
384.0,-0.054
384.04,-0.048
384.08,-0.05
384.12,-0.052000000000000005
384.16,-0.048
384.2,-0.048
384.24,-0.052000000000000005
384.28000000000003,-0.052000000000000005
384.32,-0.046
384.36,-0.046
384.40000000000003,-0.048
384.44,-0.048
384.48,-0.05
384.52,-0.052000000000000005
384.56,-0.05
384.6,-0.05
384.64,-0.054
384.68,-0.052000000000000005
384.72,-0.048
384.76,-0.048
384.8,-0.054
384.84000000000003,-0.052000000000000005
384.88,-0.046
384.92,-0.046
384.96000000000004,-0.046
385.0,-0.046
385.04,-0.046
385.08,-0.046
385.12,-0.044
385.16,-0.048
385.2,-0.054
385.24,-0.052000000000000005
385.28000000000003,-0.05
385.32,-0.05
385.36,-0.052000000000000005
385.40000000000003,-0.048
385.44,-0.048
385.48,-0.054
385.52,-0.052000000000000005
385.56,-0.046
385.6,-0.046
385.64,-0.048
385.68,-0.048
385.72,-0.048
385.76,-0.048
385.8,-0.048
385.84000000000003,-0.048
385.88,-0.054
385.92,-0.052000000000000005
385.96000000000004,-0.048
386.0,-0.05
386.04,-0.054
386.08,-0.052000000000000005
386.12,-0.05
386.16,-0.052000000000000005
386.2,-0.052000000000000005
386.24,-0.048
386.28000000000003,-0.046
386.32,-0.044
386.36,-0.046
386.40000000000003,-0.046
386.44,-0.05
386.48,-0.048
386.52,-0.046
386.56,-0.048
386.6,-0.048
386.64,-0.048
386.68,-0.048
386.72,-0.052000000000000005
386.76,-0.05
386.8,-0.046
386.84000000000003,-0.05
386.88,-0.05
386.92,-0.048
386.96000000000004,-0.048
387.0,-0.044
387.04,-0.046
387.08,-0.048
387.12,-0.048
387.16,-0.046
387.2,-0.046
387.24,-0.048
387.28000000000003,-0.052000000000000005
387.32,-0.048
387.36,-0.048
387.40000000000003,-0.054
387.44,-0.056
387.48,-0.052000000000000005
387.52,-0.05
387.56,-0.048
387.6,-0.046
387.64,-0.048
387.68,-0.05
387.72,-0.046
387.76,-0.046
387.8,-0.05
387.84000000000003,-0.05
387.88,-0.046
387.92,-0.048
387.96000000000004,-0.052000000000000005
388.0,-0.048
388.04,-0.046
388.08,-0.052000000000000005
388.12,-0.054
388.16,-0.05
388.2,-0.05
388.24,-0.048
388.28000000000003,-0.046
388.32,-0.048
388.36,-0.052000000000000005
388.40000000000003,-0.046
388.44,-0.044
388.48,-0.048
388.52,-0.048
388.56,-0.044
388.6,-0.044
388.64,-0.052000000000000005
388.68,-0.052000000000000005
388.72,-0.052000000000000005
388.76,-0.052000000000000005
388.8,-0.05
388.84000000000003,-0.048
388.88,-0.05
388.92,-0.048
388.96000000000004,-0.044
389.0,-0.046
389.04,-0.052000000000000005
389.08,-0.048
389.12,-0.044
389.16,-0.046
389.2,-0.048
389.24,-0.042
389.28000000000003,-0.044
389.32,-0.05
389.36,-0.048
389.40000000000003,-0.048
389.44,-0.05
389.48,-0.048
389.52,-0.046
389.56,-0.05
389.6,-0.052000000000000005
389.64,-0.046
389.68,-0.046
389.72,-0.052000000000000005
389.76,-0.046
389.8,-0.04
389.84000000000003,-0.042
389.88,-0.048
389.92,-0.044
389.96000000000004,-0.048
390.0,-0.05
390.04,-0.054
390.08,-0.052000000000000005
390.12,-0.052000000000000005
390.16,-0.048
390.2,-0.044
390.24,-0.052000000000000005
390.28000000000003,-0.054
390.32,-0.05
390.36,-0.048
390.40000000000003,-0.048
390.44,-0.048
390.48,-0.044
390.52,-0.046
390.56,-0.048
390.6,-0.046
390.64,-0.046
390.68,-0.048
390.72,-0.048
390.76,-0.048
390.8,-0.05
390.84000000000003,-0.048
390.88,-0.046
390.92,-0.048
390.96000000000004,-0.052000000000000005
391.0,-0.048
391.04,-0.042
391.08,-0.044
391.12,-0.044
391.16,-0.044
391.2,-0.046
391.24,-0.046
391.28000000000003,-0.048
391.32,-0.05
391.36,-0.05
391.40000000000003,-0.046
391.44,-0.048
391.48,-0.052000000000000005
391.52,-0.052000000000000005
391.56,-0.048
391.6,-0.05
391.64,-0.052000000000000005
391.68,-0.048
391.72,-0.048
391.76,-0.048
391.8,-0.048
391.84000000000003,-0.046
391.88,-0.046
391.92,-0.046
391.96000000000004,-0.046
392.0,-0.048
392.04,-0.048
392.08,-0.046
392.12,-0.046
392.16,-0.052000000000000005
392.2,-0.052000000000000005
392.24,-0.052000000000000005
392.28000000000003,-0.048
392.32,-0.048
392.36,-0.046
392.40000000000003,-0.046
392.44,-0.044
392.48,-0.044
392.52,-0.044
392.56,-0.046
392.6,-0.046
392.64,-0.046
392.68,-0.046
392.72,-0.048
392.76,-0.048
392.8,-0.046
392.84000000000003,-0.046
392.88,-0.05
392.92,-0.05
392.96000000000004,-0.048
393.0,-0.05
393.04,-0.048
393.08,-0.046
393.12,-0.046
393.16,-0.046
393.2,-0.046
393.24,-0.046
393.28000000000003,-0.048
393.32,-0.044
393.36,-0.044
393.40000000000003,-0.046
393.44,-0.05
393.48,-0.048
393.52,-0.046
393.56,-0.05
393.6,-0.052000000000000005
393.64,-0.048
393.68,-0.046
393.72,-0.044
393.76,-0.044
393.8,-0.044
393.84000000000003,-0.046
393.88,-0.046
393.92,-0.044
393.96000000000004,-0.048
394.0,-0.046
394.04,-0.04
394.08,-0.044
394.12,-0.05
394.16,-0.048
394.2,-0.048
394.24,-0.052000000000000005
394.28000000000003,-0.05
394.32,-0.046
394.36,-0.048
394.40000000000003,-0.05
394.44,-0.048
394.48,-0.048
394.52,-0.048
394.56,-0.044
394.6,-0.042
394.64,-0.046
394.68,-0.048
394.72,-0.042
394.76,-0.044
394.8,-0.052000000000000005
394.84000000000003,-0.052000000000000005
394.88,-0.048
394.92,-0.048
394.96000000000004,-0.046
395.0,-0.044
395.04,-0.048
395.08,-0.048
395.12,-0.044
395.16,-0.044
395.2,-0.048
395.24,-0.044
395.28000000000003,-0.038
395.32,-0.042
395.36,-0.048
395.40000000000003,-0.042
395.44,-0.044
395.48,-0.048
395.52,-0.046
395.56,-0.046
395.6,-0.048
395.64,-0.048
395.68,-0.046
395.72,-0.048
395.76,-0.048
395.8,-0.044
395.84000000000003,-0.046
395.88,-0.048
395.92,-0.046
395.96000000000004,-0.04
396.0,-0.044
396.04,-0.05
396.08,-0.048
396.12,-0.048
396.16,-0.048
396.2,-0.046
396.24,-0.048
396.28000000000003,-0.05
396.32,-0.048
396.36,-0.044
396.40000000000003,-0.05
396.44,-0.052000000000000005
396.48,-0.044
396.52,-0.046
396.56,-0.048
396.6,-0.044
396.64,-0.04
396.68,-0.044
396.72,-0.044
396.76,-0.042
396.8,-0.046
396.84000000000003,-0.048
396.88,-0.046
396.92,-0.044
396.96000000000004,-0.048
397.0,-0.048
397.04,-0.048
397.08,-0.048
397.12,-0.048
397.16,-0.042
397.2,-0.04
397.24,-0.044
397.28000000000003,-0.044
397.32,-0.044
397.36,-0.044
397.40000000000003,-0.044
397.44,-0.044
397.48,-0.048
397.52,-0.048
397.56,-0.044
397.6,-0.044
397.64,-0.048
397.68,-0.048
397.72,-0.046
397.76,-0.048
397.8,-0.048
397.84000000000003,-0.044
397.88,-0.046
397.92,-0.044
397.96000000000004,-0.04
398.0,-0.042
398.04,-0.046
398.08,-0.046
398.12,-0.042
398.16,-0.044
398.2,-0.048
398.24,-0.046
398.28000000000003,-0.046
398.32,-0.048
398.36,-0.048
398.40000000000003,-0.046
398.44,-0.046
398.48,-0.048
398.52,-0.046
398.56,-0.044
398.6,-0.044
398.64,-0.042
398.68,-0.046
398.72,-0.048
398.76,-0.048
398.8,-0.042
398.84000000000003,-0.042
398.88,-0.046
398.92,-0.046
398.96000000000004,-0.044
399.0,-0.048
399.04,-0.052000000000000005
399.08,-0.048
399.12,-0.046
399.16,-0.046
399.2,-0.044
399.24,-0.042
399.28000000000003,-0.044
399.32,-0.042
399.36,-0.04
399.40000000000003,-0.042
399.44,-0.046
399.48,-0.042
399.52,-0.04
399.56,-0.042
399.6,-0.046
399.64,-0.044
399.68,-0.046
399.72,-0.048
399.76,-0.046
399.8,-0.04
399.84000000000003,-0.044
399.88,-0.044
399.92,-0.046
399.96000000000004,-0.048
400.0,-0.046
400.04,-0.04
400.08,-0.04
400.12,-0.046
400.16,-0.042
400.2,-0.04
400.24,-0.044
400.28000000000003,-0.05
400.32,-0.048
400.36,-0.048
400.40000000000003,-0.05
400.44,-0.048
400.48,-0.046
400.52,-0.046
400.56,-0.046
400.6,-0.044
400.64,-0.044
400.68,-0.046
400.72,-0.042
400.76,-0.04
400.8,-0.044
400.84000000000003,-0.044
400.88,-0.042
400.92,-0.044
400.96000000000004,-0.048
401.0,-0.044
401.04,-0.044
401.08,-0.046
401.12,-0.046
401.16,-0.044
401.2,-0.046
401.24,-0.044
401.28000000000003,-0.04
401.32,-0.044
401.36,-0.044
401.40000000000003,-0.04
401.44,-0.038
401.48,-0.04
401.52,-0.042
401.56,-0.044
401.6,-0.046
401.64,-0.048
401.68,-0.046
401.72,-0.046
401.76,-0.048
401.8,-0.044
401.84000000000003,-0.044
401.88,-0.046
401.92,-0.046
401.96000000000004,-0.042
402.0,-0.042
402.04,-0.046
402.08,-0.04
402.12,-0.04
402.16,-0.044
402.2,-0.044
402.24,-0.042
402.28000000000003,-0.044
402.32,-0.044
402.36,-0.046
402.40000000000003,-0.044
402.44,-0.048
402.48,-0.044
402.52,-0.044
402.56,-0.048
402.6,-0.048
402.64,-0.042
402.68,-0.04
402.72,-0.04
402.76,-0.04
402.8,-0.04
402.84000000000003,-0.042
402.88,-0.042
402.92,-0.044
402.96000000000004,-0.048
403.0,-0.048
403.04,-0.042
403.08,-0.044
403.12,-0.048
403.16,-0.044
403.2,-0.042
403.24,-0.046
403.28000000000003,-0.046
403.32,-0.046
403.36,-0.044
403.40000000000003,-0.044
403.44,-0.04
403.48,-0.04
403.52,-0.044
403.56,-0.044
403.6,-0.042
403.64,-0.044
403.68,-0.044
403.72,-0.04
403.76,-0.042
403.8,-0.048
403.84000000000003,-0.048
403.88,-0.044
403.92,-0.044
403.96000000000004,-0.044
404.0,-0.04
404.04,-0.038
404.08,-0.04
404.12,-0.04
404.16,-0.04
404.2,-0.046
404.24,-0.046
404.28000000000003,-0.042
404.32,-0.044
404.36,-0.046
404.40000000000003,-0.044
404.44,-0.04
404.48,-0.046
404.52,-0.048
404.56,-0.046
404.6,-0.046
404.64,-0.044
404.68,-0.04
404.72,-0.042
404.76,-0.044
404.8,-0.042
404.84000000000003,-0.04
404.88,-0.042
404.92,-0.042
404.96000000000004,-0.04
405.0,-0.042
405.04,-0.046
405.08,-0.044
405.12,-0.042
405.16,-0.046
405.2,-0.048
405.24,-0.046
405.28000000000003,-0.04
405.32,-0.04
405.36,-0.04
405.40000000000003,-0.04
405.44,-0.044
405.48,-0.04
405.52,-0.038
405.56,-0.042
405.6,-0.044
405.64,-0.04
405.68,-0.038
405.72,-0.042
405.76,-0.044
405.8,-0.044
405.84000000000003,-0.044
405.88,-0.046
405.92,-0.044
405.96000000000004,-0.044
406.0,-0.044
406.04,-0.042
406.08,-0.04
406.12,-0.042
406.16,-0.04
406.2,-0.04
406.24,-0.044
406.28000000000003,-0.046
406.32,-0.04
406.36,-0.04
406.40000000000003,-0.046
406.44,-0.048
406.48,-0.046
406.52,-0.044
406.56,-0.044
406.6,-0.04
406.64,-0.042
406.68,-0.046
406.72,-0.04
406.76,-0.04
406.8,-0.044
406.84000000000003,-0.042
406.88,-0.038
406.92,-0.038
406.96000000000004,-0.04
407.0,-0.038
407.04,-0.04
407.08,-0.044
407.12,-0.042
407.16,-0.044
407.2,-0.048
407.24,-0.046
407.28000000000003,-0.04
407.32,-0.04
407.36,-0.044
407.40000000000003,-0.04
407.44,-0.04
407.48,-0.044
407.52,-0.04
407.56,-0.038
407.6,-0.038
407.64,-0.044
407.68,-0.042
407.72,-0.044
407.76,-0.046
407.8,-0.04
407.84000000000003,-0.042
407.88,-0.044
407.92,-0.044
407.96000000000004,-0.038
408.0,-0.04
408.04,-0.046
408.08,-0.044
408.12,-0.04
408.16,-0.04
408.2,-0.04
408.24,-0.036000000000000004
408.28000000000003,-0.038
408.32,-0.04
408.36,-0.04
408.40000000000003,-0.044
408.44,-0.048
408.48,-0.044
408.52,-0.04
408.56,-0.044
408.6,-0.046
408.64,-0.04
408.68,-0.042
408.72,-0.046
408.76,-0.042
408.8,-0.038
408.84000000000003,-0.04
408.88,-0.04
408.92,-0.04
408.96000000000004,-0.04
409.0,-0.044
409.04,-0.042
409.08,-0.044
409.12,-0.046
409.16,-0.044
409.2,-0.038
409.24,-0.04
409.28000000000003,-0.046
409.32,-0.046
409.36,-0.04
409.40000000000003,-0.044
409.44,-0.042
409.48,-0.038
409.52,-0.036000000000000004
409.56,-0.036000000000000004
409.6,-0.038
409.64,-0.04
409.68,-0.042
409.72,-0.04
409.76,-0.038
409.8,-0.04
409.84000000000003,-0.044
409.88,-0.04
409.92,-0.04
409.96000000000004,-0.044
410.0,-0.042
410.04,-0.04
410.08,-0.04
410.12,-0.04
410.16,-0.038
410.2,-0.038
410.24,-0.04
410.28000000000003,-0.04
410.32,-0.04
410.36,-0.044
410.40000000000003,-0.04
410.44,-0.036000000000000004
410.48,-0.04
410.52,-0.046
410.56,-0.044
410.6,-0.044
410.64,-0.046
410.68,-0.046
410.72,-0.044
410.76,-0.04
410.8,-0.038
410.84000000000003,-0.038
410.88,-0.04
410.92,-0.04
410.96000000000004,-0.038
411.0,-0.038
411.04,-0.04
411.08,-0.042
411.12,-0.038
411.16,-0.04
411.2,-0.042
411.24,-0.04
411.28000000000003,-0.04
411.32,-0.044
411.36,-0.04
411.40000000000003,-0.04
411.44,-0.04
411.48,-0.04
411.52,-0.038
411.56,-0.04
411.6,-0.04
411.64,-0.036000000000000004
411.68,-0.036000000000000004
411.72,-0.04
411.76,-0.042
411.8,-0.038
411.84000000000003,-0.038
411.88,-0.044
411.92,-0.044
411.96000000000004,-0.044
412.0,-0.044
412.04,-0.04
412.08,-0.038
412.12,-0.042
412.16,-0.04
412.2,-0.036000000000000004
412.24,-0.038
412.28000000000003,-0.044
412.32,-0.04
412.36,-0.036000000000000004
412.40000000000003,-0.038
412.44,-0.04
412.48,-0.038
412.52,-0.04
412.56,-0.044
412.6,-0.04
412.64,-0.044
412.68,-0.042
412.72,-0.04
412.76,-0.04
412.8,-0.044
412.84000000000003,-0.042
412.88,-0.036000000000000004
412.92,-0.036000000000000004
412.96000000000004,-0.04
413.0,-0.04
413.04,-0.034
413.08,-0.036000000000000004
413.12,-0.04
413.16,-0.04
413.2,-0.044
413.24,-0.044
413.28000000000003,-0.04
413.32,-0.042
413.36,-0.044
413.40000000000003,-0.04
413.44,-0.036000000000000004
413.48,-0.04
413.52,-0.044
413.56,-0.038
413.6,-0.036000000000000004
413.64,-0.04
413.68,-0.038
413.72,-0.036000000000000004
413.76,-0.04
413.8,-0.04
413.84000000000003,-0.038
413.88,-0.04
413.92,-0.044
413.96000000000004,-0.038
414.0,-0.036000000000000004
414.04,-0.044
414.08,-0.04
414.12,-0.036000000000000004
414.16,-0.04
414.2,-0.044
414.24,-0.038
414.28000000000003,-0.032
414.32,-0.036000000000000004
414.36,-0.036000000000000004
414.40000000000003,-0.038
414.44,-0.04
414.48,-0.04
414.52,-0.04
414.56,-0.042
414.6,-0.044
414.64,-0.04
414.68,-0.038
414.72,-0.044
414.76,-0.044
414.8,-0.04
414.84000000000003,-0.04
414.88,-0.042
414.92,-0.04
414.96000000000004,-0.038
415.0,-0.04
415.04,-0.036000000000000004
415.08,-0.036000000000000004
415.12,-0.042
415.16,-0.04
415.2,-0.038
415.24,-0.038
415.28000000000003,-0.04
415.32,-0.04
415.36,-0.038
415.40000000000003,-0.042
415.44,-0.044
415.48,-0.038
415.52,-0.036000000000000004
415.56,-0.038
415.6,-0.036000000000000004
415.64,-0.034
415.68,-0.036000000000000004
415.72,-0.034
415.76,-0.036000000000000004
415.8,-0.04
415.84000000000003,-0.04
415.88,-0.036000000000000004
415.92,-0.036000000000000004
415.96000000000004,-0.04
416.0,-0.04
416.04,-0.04
416.08,-0.04
416.12,-0.042
416.16,-0.04
416.2,-0.04
416.24,-0.04
416.28000000000003,-0.036000000000000004
416.32,-0.036000000000000004
416.36,-0.04
416.40000000000003,-0.038
416.44,-0.036000000000000004
416.48,-0.038
416.52,-0.04
416.56,-0.036000000000000004
416.6,-0.038
416.64,-0.044
416.68,-0.044
416.72,-0.04
416.76,-0.04
416.8,-0.04
416.84000000000003,-0.04
416.88,-0.038
416.92,-0.036000000000000004
416.96000000000004,-0.032
417.0,-0.036000000000000004
417.04,-0.04
417.08,-0.04
417.12,-0.034
417.16,-0.038
417.2,-0.04
417.24,-0.038
417.28000000000003,-0.036000000000000004
417.32,-0.04
417.36,-0.04
417.40000000000003,-0.04
417.44,-0.04
417.48,-0.04
417.52,-0.038
417.56,-0.038
417.6,-0.04
417.64,-0.038
417.68,-0.034
417.72,-0.038
417.76,-0.04
417.8,-0.036000000000000004
417.84000000000003,-0.036000000000000004
417.88,-0.04
417.92,-0.04
417.96000000000004,-0.038
418.0,-0.04
418.04,-0.044
418.08,-0.04
418.12,-0.04
418.16,-0.038
418.2,-0.032
418.24,-0.034
418.28000000000003,-0.04
418.32,-0.038
418.36,-0.032
418.40000000000003,-0.036000000000000004
418.44,-0.04
418.48,-0.036000000000000004
418.52,-0.032
418.56,-0.038
418.6,-0.038
418.64,-0.038
418.68,-0.04
418.72,-0.04
418.76,-0.038
418.8,-0.042
418.84000000000003,-0.044
418.88,-0.036000000000000004
418.92,-0.036000000000000004
418.96000000000004,-0.04
419.0,-0.04
419.04,-0.034
419.08,-0.038
419.12,-0.038
419.16,-0.034
419.2,-0.036000000000000004
419.24,-0.04
419.28000000000003,-0.04
419.32,-0.04
419.36,-0.042
419.40000000000003,-0.04
419.44,-0.036000000000000004
419.48,-0.038
419.52,-0.04
419.56,-0.036000000000000004
419.6,-0.032
419.64,-0.04
419.68,-0.04
419.72,-0.032
419.76,-0.034
419.8,-0.036000000000000004
419.84000000000003,-0.032
419.88,-0.034
419.92,-0.036000000000000004
419.96000000000004,-0.036000000000000004
420.0,-0.036000000000000004
420.04,-0.04
420.08,-0.04
420.12,-0.034
420.16,-0.038
420.2,-0.04
420.24,-0.04
420.28000000000003,-0.036000000000000004
420.32,-0.038
420.36,-0.036000000000000004
420.40000000000003,-0.032
420.44,-0.034
420.48,-0.036000000000000004
420.52,-0.036000000000000004
420.56,-0.038
420.6,-0.04
420.64,-0.038
420.68,-0.038
420.72,-0.042
420.76,-0.04
420.8,-0.036000000000000004
420.84000000000003,-0.038
420.88,-0.04
420.92,-0.04
420.96000000000004,-0.038
421.0,-0.038
421.04,-0.036000000000000004
421.08,-0.032
421.12,-0.036000000000000004
421.16,-0.036000000000000004
421.2,-0.032
421.24,-0.036000000000000004
421.28000000000003,-0.04
421.32,-0.036000000000000004
421.36,-0.032
421.40000000000003,-0.036000000000000004
421.44,-0.04
421.48,-0.038
421.52,-0.038
421.56,-0.038
421.6,-0.036000000000000004
421.64,-0.036000000000000004
421.68,-0.034
421.72,-0.032
421.76,-0.032
421.8,-0.034
421.84000000000003,-0.034
421.88,-0.036000000000000004
421.92,-0.036000000000000004
421.96000000000004,-0.04
422.0,-0.038
422.04,-0.032
422.08,-0.036000000000000004
422.12,-0.04
422.16,-0.04
422.2,-0.036000000000000004
422.24,-0.038
422.28000000000003,-0.038
422.32,-0.038
422.36,-0.036000000000000004
422.40000000000003,-0.036000000000000004
422.44,-0.034
422.48,-0.036000000000000004
422.52,-0.038
422.56,-0.036000000000000004
422.6,-0.032
422.64,-0.036000000000000004
422.68,-0.04
422.72,-0.038
422.76,-0.036000000000000004
422.8,-0.038
422.84000000000003,-0.04
422.88,-0.038
422.92,-0.038
422.96000000000004,-0.036000000000000004
423.0,-0.034
423.04,-0.034
423.08,-0.032
423.12,-0.032
423.16,-0.036000000000000004
423.2,-0.036000000000000004
423.24,-0.036000000000000004
423.28000000000003,-0.032
423.32,-0.034
423.36,-0.038
423.40000000000003,-0.036000000000000004
423.44,-0.036000000000000004
423.48,-0.038
423.52,-0.04
423.56,-0.038
423.6,-0.04
423.64,-0.038
423.68,-0.032
423.72,-0.036000000000000004
423.76,-0.036000000000000004
423.8,-0.032
423.84000000000003,-0.032
423.88,-0.036000000000000004
423.92,-0.038
423.96000000000004,-0.032
424.0,-0.032
424.04,-0.038
424.08,-0.036000000000000004
424.12,-0.038
424.16,-0.04
424.2,-0.036000000000000004
424.24,-0.034
424.28000000000003,-0.036000000000000004
424.32,-0.036000000000000004
424.36,-0.034
424.40000000000003,-0.034
424.44,-0.038
424.48,-0.034
424.52,-0.032
424.56,-0.036000000000000004
424.6,-0.036000000000000004
424.64,-0.032
424.68,-0.032
424.72,-0.036000000000000004
424.76,-0.036000000000000004
424.8,-0.038
424.84000000000003,-0.042
424.88,-0.038
424.92,-0.036000000000000004
424.96000000000004,-0.04
425.0,-0.038
425.04,-0.032
425.08,-0.036000000000000004
425.12,-0.038
425.16,-0.036000000000000004
425.2,-0.032
425.24,-0.032
425.28000000000003,-0.034
425.32,-0.032
425.36,-0.036000000000000004
425.40000000000003,-0.04
425.44,-0.036000000000000004
425.48,-0.036000000000000004
425.52,-0.038
425.56,-0.034
425.6,-0.032
425.64,-0.036000000000000004
425.68,-0.036000000000000004
425.72,-0.032
425.76,-0.036000000000000004
425.8,-0.038
425.84000000000003,-0.032
425.88,-0.028
425.92,-0.032
425.96000000000004,-0.032
426.0,-0.032
426.04,-0.036000000000000004
426.08,-0.038
426.12,-0.034
426.16,-0.036000000000000004
426.2,-0.04
426.24,-0.038
426.28000000000003,-0.032
426.32,-0.038
426.36,-0.04
426.40000000000003,-0.036000000000000004
426.44,-0.034
426.48,-0.034
426.52,-0.032
426.56,-0.034
426.6,-0.036000000000000004
426.64,-0.034
426.68,-0.032
426.72,-0.036000000000000004
426.76,-0.038
426.8,-0.036000000000000004
426.84000000000003,-0.034
426.88,-0.036000000000000004
426.92,-0.036000000000000004
426.96000000000004,-0.036000000000000004
427.0,-0.038
427.04,-0.038
427.08,-0.036000000000000004
427.12,-0.032
427.16,-0.032
427.2,-0.028
427.24,-0.03
427.28000000000003,-0.032
427.32,-0.032
427.36,-0.03
427.40000000000003,-0.032
427.44,-0.036000000000000004
427.48,-0.034
427.52,-0.032
427.56,-0.036000000000000004
427.6,-0.038
427.64,-0.036000000000000004
427.68,-0.034
427.72,-0.034
427.76,-0.034
427.8,-0.034
427.84000000000003,-0.032
427.88,-0.032
427.92,-0.032
427.96000000000004,-0.034
428.0,-0.036000000000000004
428.04,-0.034
428.08,-0.032
428.12,-0.034
428.16,-0.036000000000000004
428.2,-0.034
428.24,-0.036000000000000004
428.28000000000003,-0.04
428.32,-0.038
428.36,-0.036000000000000004
428.40000000000003,-0.036000000000000004
428.44,-0.036000000000000004
428.48,-0.032
428.52,-0.032
428.56,-0.032
428.6,-0.028
428.64,-0.032
428.68,-0.036000000000000004
428.72,-0.034
428.76,-0.03
428.8,-0.034
428.84000000000003,-0.038
428.88,-0.034
428.92,-0.032
428.96000000000004,-0.038
429.0,-0.038
429.04,-0.036000000000000004
429.08,-0.036000000000000004
429.12,-0.032
429.16,-0.03
429.2,-0.034
429.24,-0.036000000000000004
429.28000000000003,-0.032
429.32,-0.032
429.36,-0.032
429.40000000000003,-0.032
429.44,-0.03
429.48,-0.032
429.52,-0.036000000000000004
429.56,-0.034
429.6,-0.038
429.64,-0.04
429.68,-0.036000000000000004
429.72,-0.036000000000000004
429.76,-0.036000000000000004
429.8,-0.032
429.84000000000003,-0.028
429.88,-0.032
429.92,-0.036000000000000004
429.96000000000004,-0.03
430.0,-0.03
430.04,-0.034
430.08,-0.032
430.12,-0.03
430.16,-0.032
430.2,-0.034
430.24,-0.034
430.28000000000003,-0.036000000000000004
430.32,-0.038
430.36,-0.032
430.40000000000003,-0.03
430.44,-0.038
430.48,-0.036000000000000004
430.52,-0.03
430.56,-0.032
430.6,-0.036000000000000004
430.64,-0.032
430.68,-0.032
430.72,-0.032
430.76,-0.03
430.8,-0.03
430.84000000000003,-0.036000000000000004
430.88,-0.036000000000000004
430.92,-0.036000000000000004
430.96000000000004,-0.038
431.0,-0.038
431.04,-0.032
431.08,-0.03
431.12,-0.036000000000000004
431.16,-0.036000000000000004
431.2,-0.032
431.24,-0.034
431.28000000000003,-0.034
431.32,-0.03
431.36,-0.03
431.40000000000003,-0.03
431.44,-0.028
431.48,-0.03
431.52,-0.034
431.56,-0.032
431.6,-0.03
431.64,-0.032
431.68,-0.036000000000000004
431.72,-0.032
431.76,-0.032
431.8,-0.032
431.84000000000003,-0.036000000000000004
431.88,-0.032
431.92,-0.032
431.96000000000004,-0.028
432.0,-0.028
432.04,-0.03
432.08,-0.032
432.12,-0.032
432.16,-0.032
432.2,-0.036000000000000004
432.24,-0.036000000000000004
432.28000000000003,-0.032
432.32,-0.034
432.36,-0.038
432.40000000000003,-0.036000000000000004
432.44,-0.032
432.48,-0.036000000000000004
432.52,-0.038
432.56,-0.034
432.6,-0.034
432.64,-0.032
432.68,-0.03
432.72,-0.032
432.76,-0.032
432.8,-0.032
432.84000000000003,-0.03
432.88,-0.036000000000000004
432.92,-0.036000000000000004
432.96000000000004,-0.032
433.0,-0.03
433.04,-0.034
433.08,-0.036000000000000004
433.12,-0.036000000000000004
433.16,-0.034
433.2,-0.032
433.24,-0.028
433.28000000000003,-0.03
433.32,-0.03
433.36,-0.028
433.40000000000003,-0.03
433.44,-0.032
433.48,-0.032
433.52,-0.03
433.56,-0.032
433.6,-0.034
433.64,-0.032
433.68,-0.032
433.72,-0.032
433.76,-0.036000000000000004
433.8,-0.036000000000000004
433.84000000000003,-0.036000000000000004
433.88,-0.036000000000000004
433.92,-0.032
433.96000000000004,-0.032
434.0,-0.032
434.04,-0.03
434.08,-0.028
434.12,-0.032
434.16,-0.034
434.2,-0.028
434.24,-0.03
434.28000000000003,-0.034
434.32,-0.036000000000000004
434.36,-0.032
434.40000000000003,-0.034
434.44,-0.036000000000000004
434.48,-0.034
434.52,-0.036000000000000004
434.56,-0.032
434.6,-0.028
434.64,-0.028
434.68,-0.032
434.72,-0.032
434.76,-0.03
434.8,-0.032
434.84000000000003,-0.034
434.88,-0.03
434.92,-0.028
434.96000000000004,-0.03
435.0,-0.034
435.04,-0.032
435.08,-0.032
435.12,-0.036000000000000004
435.16,-0.034
435.2,-0.034
435.24,-0.032
435.28000000000003,-0.032
435.32,-0.03
435.36,-0.032
435.40000000000003,-0.032
435.44,-0.028
435.48,-0.028
435.52,-0.032
435.56,-0.032
435.6,-0.03
435.64,-0.032
435.68,-0.032
435.72,-0.032
435.76,-0.036000000000000004
435.8,-0.036000000000000004
435.84000000000003,-0.028
435.88,-0.03
435.92,-0.032
435.96000000000004,-0.03
436.0,-0.028
436.04,-0.032
436.08,-0.034
436.12,-0.028
436.16,-0.028
436.2,-0.03
436.24,-0.028
436.28000000000003,-0.03
436.32,-0.032
436.36,-0.032
436.40000000000003,-0.034
436.44,-0.036000000000000004
436.48,-0.034
436.52,-0.03
436.56,-0.032
436.6,-0.036000000000000004
436.64,-0.032
436.68,-0.028
436.72,-0.032
436.76,-0.034
436.8,-0.03
436.84000000000003,-0.028
436.88,-0.028
436.92,-0.028
436.96000000000004,-0.032
437.0,-0.036000000000000004
437.04,-0.032
437.08,-0.03
437.12,-0.032
437.16,-0.032
437.2,-0.028
437.24,-0.03
437.28000000000003,-0.034
437.32,-0.032
437.36,-0.028
437.40000000000003,-0.028
437.44,-0.03
437.48,-0.028
437.52,-0.026000000000000002
437.56,-0.028
437.6,-0.028
437.64,-0.03
437.68,-0.034
437.72,-0.032
437.76,-0.03
437.8,-0.032
437.84000000000003,-0.036000000000000004
437.88,-0.03
437.92,-0.028
437.96000000000004,-0.032
438.0,-0.036000000000000004
438.04,-0.032
438.08,-0.028
438.12,-0.028
438.16,-0.03
438.2,-0.032
438.24,-0.032
438.28000000000003,-0.03
438.32,-0.03
438.36,-0.034
438.40000000000003,-0.032
438.44,-0.03
438.48,-0.032
438.52,-0.034
438.56,-0.032
438.6,-0.032
438.64,-0.032
438.68,-0.036000000000000004
438.72,-0.03
438.76,-0.028
438.8,-0.026000000000000002
438.84000000000003,-0.026000000000000002
438.88,-0.028
438.92,-0.03
438.96000000000004,-0.03
439.0,-0.028
439.04,-0.032
439.08,-0.032
439.12,-0.028
439.16,-0.028
439.2,-0.032
439.24,-0.032
439.28000000000003,-0.03
439.32,-0.03
439.36,-0.03
439.40000000000003,-0.03
439.44,-0.032
439.48,-0.03
439.52,-0.028
439.56,-0.028
439.6,-0.032
439.64,-0.032
439.68,-0.028
439.72,-0.028
439.76,-0.032
439.8,-0.03
439.84000000000003,-0.03
439.88,-0.036000000000000004
439.92,-0.036000000000000004
439.96000000000004,-0.032
440.0,-0.032
440.04,-0.032
440.08,-0.03
440.12,-0.028
440.16,-0.03
440.2,-0.028
440.24,-0.028
440.28000000000003,-0.032
440.32,-0.032
440.36,-0.028
440.40000000000003,-0.03
440.44,-0.032
440.48,-0.032
440.52,-0.03
440.56,-0.03
440.6,-0.032
440.64,-0.032
440.68,-0.032
440.72,-0.03
440.76,-0.026000000000000002
440.8,-0.028
440.84000000000003,-0.032
440.88,-0.028
440.92,-0.026000000000000002
440.96000000000004,-0.028
441.0,-0.028
441.04,-0.026000000000000002
441.08,-0.026000000000000002
441.12,-0.032
441.16,-0.032
441.2,-0.03
441.24,-0.032
441.28000000000003,-0.034
441.32,-0.032
441.36,-0.03
441.40000000000003,-0.03
441.44,-0.028
441.48,-0.026000000000000002
441.52,-0.03
441.56,-0.03
441.6,-0.028
441.64,-0.03
441.68,-0.03
441.72,-0.028
441.76,-0.024
441.8,-0.028
441.84000000000003,-0.032
441.88,-0.032
441.92,-0.032
441.96000000000004,-0.03
442.0,-0.028
442.04,-0.032
442.08,-0.032
442.12,-0.028
442.16,-0.024
442.2,-0.03
442.24,-0.032
442.28000000000003,-0.028
442.32,-0.026000000000000002
442.36,-0.028
442.40000000000003,-0.028
442.44,-0.028
442.48,-0.032
442.52,-0.032
442.56,-0.034
442.6,-0.034
442.64,-0.03
442.68,-0.028
442.72,-0.028
442.76,-0.032
442.8,-0.03
442.84000000000003,-0.028
442.88,-0.03
442.92,-0.03
442.96000000000004,-0.026000000000000002
443.0,-0.024
443.04,-0.026000000000000002
443.08,-0.028
443.12,-0.028
443.16,-0.03
443.2,-0.028
443.24,-0.028
443.28000000000003,-0.032
443.32,-0.032
443.36,-0.028
443.40000000000003,-0.03
443.44,-0.032
443.48,-0.03
443.52,-0.028
443.56,-0.028
443.6,-0.028
443.64,-0.024
443.68,-0.026000000000000002
443.72,-0.028
443.76,-0.03
443.8,-0.03
443.84000000000003,-0.032
443.88,-0.032
443.92,-0.028
443.96000000000004,-0.032
444.0,-0.032
444.04,-0.03
444.08,-0.03
444.12,-0.032
444.16,-0.034
444.2,-0.03
444.24,-0.028
444.28000000000003,-0.03
444.32,-0.028
444.36,-0.028
444.40000000000003,-0.028
444.44,-0.028
444.48,-0.028
444.52,-0.032
444.56,-0.032
444.6,-0.028
444.64,-0.028
444.68,-0.032
444.72,-0.032
444.76,-0.03
444.8,-0.028
444.84000000000003,-0.03
444.88,-0.026000000000000002
444.92,-0.024
444.96000000000004,-0.028
445.0,-0.026000000000000002
445.04,-0.024
445.08,-0.028
445.12,-0.028
445.16,-0.026000000000000002
445.2,-0.03
445.24,-0.03
445.28000000000003,-0.028
445.32,-0.028
445.36,-0.03
445.40000000000003,-0.032
445.44,-0.03
445.48,-0.03
445.52,-0.032
445.56,-0.03
445.6,-0.028
445.64,-0.026000000000000002
445.68,-0.024
445.72,-0.026000000000000002
445.76,-0.03
445.8,-0.028
445.84000000000003,-0.024
445.88,-0.028
445.92,-0.032
445.96000000000004,-0.03
446.0,-0.028
446.04,-0.032
446.08,-0.032
446.12,-0.028
446.16,-0.028
446.2,-0.028
446.24,-0.026000000000000002
446.28000000000003,-0.024
446.32,-0.028
446.36,-0.028
446.40000000000003,-0.028
446.44,-0.03
446.48,-0.03
446.52,-0.024
446.56,-0.024
446.6,-0.03
446.64,-0.028
446.68,-0.026000000000000002
446.72,-0.032
446.76,-0.032
446.8,-0.03
446.84000000000003,-0.03
446.88,-0.028
446.92,-0.024
446.96000000000004,-0.028
447.0,-0.028
447.04,-0.024
447.08,-0.024
447.12,-0.028
447.16,-0.028
447.2,-0.026000000000000002
447.24,-0.024
447.28000000000003,-0.028
447.32,-0.03
447.36,-0.028
447.40000000000003,-0.032
447.44,-0.032
447.48,-0.028
447.52,-0.028
447.56,-0.028
447.6,-0.026000000000000002
447.64,-0.028
447.68,-0.03
447.72,-0.028
447.76,-0.024
447.8,-0.026000000000000002
447.84000000000003,-0.028
447.88,-0.024
447.92,-0.026000000000000002
447.96000000000004,-0.03
448.0,-0.03
448.04,-0.03
448.08,-0.032
448.12,-0.03
448.16,-0.026000000000000002
448.2,-0.03
448.24,-0.032
448.28000000000003,-0.024
448.32,-0.024
448.36,-0.03
448.40000000000003,-0.028
448.44,-0.024
448.48,-0.024
448.52,-0.026000000000000002
448.56,-0.026000000000000002
448.6,-0.03
448.64,-0.032
448.68,-0.03
448.72,-0.028
448.76,-0.03
448.8,-0.028
448.84000000000003,-0.026000000000000002
448.88,-0.03
448.92,-0.032
448.96000000000004,-0.028
449.0,-0.026000000000000002
449.04,-0.028
449.08,-0.024
449.12,-0.022
449.16,-0.024
449.2,-0.024
449.24,-0.024
449.28000000000003,-0.028
449.32,-0.03
449.36,-0.028
449.40000000000003,-0.028
449.44,-0.028
449.48,-0.03
449.52,-0.024
449.56,-0.028
449.6,-0.032
449.64,-0.028
449.68,-0.024
449.72,-0.026000000000000002
449.76,-0.026000000000000002
449.8,-0.026000000000000002
449.84000000000003,-0.028
449.88,-0.028
449.92,-0.026000000000000002
449.96000000000004,-0.028
450.0,-0.03
450.04,-0.028
450.08,-0.026000000000000002
450.12,-0.03
450.16,-0.03
450.2,-0.028
450.24,-0.03
450.28000000000003,-0.032
450.32,-0.03
450.36,-0.024
450.40000000000003,-0.024
450.44,-0.024
450.48,-0.024
450.52,-0.024
450.56,-0.026000000000000002
450.6,-0.026000000000000002
450.64,-0.028
450.68,-0.03
450.72,-0.028
450.76,-0.024
450.8,-0.026000000000000002
450.84000000000003,-0.03
450.88,-0.028
450.92,-0.024
450.96000000000004,-0.028
451.0,-0.028
451.04,-0.026000000000000002
451.08,-0.024
451.12,-0.024
451.16,-0.024
451.2,-0.024
451.24,-0.028
451.28000000000003,-0.028
451.32,-0.024
451.36,-0.028
451.40000000000003,-0.03
451.44,-0.026000000000000002
451.48,-0.028
451.52,-0.032
451.56,-0.032
451.6,-0.028
451.64,-0.028
451.68,-0.028
451.72,-0.024
451.76,-0.024
451.8,-0.024
451.84000000000003,-0.024
451.88,-0.026000000000000002
451.92,-0.03
451.96000000000004,-0.028
452.0,-0.024
452.04,-0.028
452.08,-0.028
452.12,-0.028
452.16,-0.024
452.2,-0.03
452.24,-0.032
452.28000000000003,-0.03
452.32,-0.028
452.36,-0.026000000000000002
452.40000000000003,-0.024
452.44,-0.024
452.48,-0.028
452.52,-0.026000000000000002
452.56,-0.024
452.6,-0.024
452.64,-0.026000000000000002
452.68,-0.024
452.72,-0.024
452.76,-0.028
452.8,-0.03
452.84000000000003,-0.028
452.88,-0.03
452.92,-0.028
452.96000000000004,-0.026000000000000002
453.0,-0.026000000000000002
453.04,-0.024
453.08,-0.022
453.12,-0.024
453.16,-0.03
453.2,-0.024
453.24,-0.022
453.28000000000003,-0.026000000000000002
453.32,-0.024
453.36,-0.022
453.40000000000003,-0.022
453.44,-0.028
453.48,-0.028
453.52,-0.03
453.56,-0.03
453.6,-0.026000000000000002
453.64,-0.024
453.68,-0.028
453.72,-0.03
453.76,-0.024
453.8,-0.024
453.84000000000003,-0.028
453.88,-0.024
453.92,-0.024
453.96000000000004,-0.024
454.0,-0.024
454.04,-0.024
454.08,-0.028
454.12,-0.03
454.16,-0.028
454.2,-0.03
454.24,-0.03
454.28000000000003,-0.026000000000000002
454.32,-0.024
454.36,-0.028
454.40000000000003,-0.028
454.44,-0.024
454.48,-0.024
454.52,-0.028
454.56,-0.024
454.6,-0.02
454.64,-0.022
454.68,-0.024
454.72,-0.024
454.76,-0.028
454.8,-0.028
454.84000000000003,-0.024
454.88,-0.028
454.92,-0.03
454.96000000000004,-0.028
455.0,-0.022
455.04,-0.026000000000000002
455.08,-0.028
455.12,-0.024
455.16,-0.024
455.2,-0.024
455.24,-0.022
455.28000000000003,-0.022
455.32,-0.024
455.36,-0.024
455.40000000000003,-0.024
455.44,-0.028
455.48,-0.03
455.52,-0.024
455.56,-0.024
455.6,-0.028
455.64,-0.028
455.68,-0.024
455.72,-0.028
455.76,-0.03
455.8,-0.028
455.84000000000003,-0.024
455.88,-0.026000000000000002
455.92,-0.024
455.96000000000004,-0.022
456.0,-0.024
456.04,-0.024
456.08,-0.024
456.12,-0.028
456.16,-0.032
456.2,-0.028
456.24,-0.024
456.28000000000003,-0.028
456.32,-0.028
456.36,-0.026000000000000002
456.40000000000003,-0.024
456.44,-0.024
456.48,-0.024
456.52,-0.024
456.56,-0.024
456.6,-0.024
456.64,-0.022
456.68,-0.024
456.72,-0.024
456.76,-0.022
456.8,-0.024
456.84000000000003,-0.028
456.88,-0.024
456.92,-0.022
456.96000000000004,-0.026000000000000002
457.0,-0.028
457.04,-0.028
457.08,-0.024
457.12,-0.028
457.16,-0.024
457.2,-0.022
457.24,-0.022
457.28000000000003,-0.022
457.32,-0.022
457.36,-0.024
457.40000000000003,-0.03
457.44,-0.024
457.48,-0.022
457.52,-0.028
457.56,-0.03
457.6,-0.024
457.64,-0.024
457.68,-0.028
457.72,-0.026000000000000002
457.76,-0.024
457.8,-0.024
457.84000000000003,-0.024
457.88,-0.022
457.92,-0.022
457.96000000000004,-0.024
458.0,-0.022
458.04,-0.024
458.08,-0.028
458.12,-0.024
458.16,-0.02
458.2,-0.024
458.24,-0.028
458.28000000000003,-0.028
458.32,-0.028
458.36,-0.03
458.40000000000003,-0.03
458.44,-0.024
458.48,-0.024
458.52,-0.022
458.56,-0.022
458.6,-0.024
458.64,-0.028
458.68,-0.022
458.72,-0.022
458.76,-0.028
458.8,-0.024
458.84000000000003,-0.022
458.88,-0.022
458.92,-0.024
458.96000000000004,-0.026000000000000002
459.0,-0.028
459.04,-0.028
459.08,-0.024
459.12,-0.022
459.16,-0.024
459.2,-0.024
459.24,-0.02
459.28000000000003,-0.024
459.32,-0.024
459.36,-0.02
459.40000000000003,-0.02
459.44,-0.024
459.48,-0.024
459.52,-0.022
459.56,-0.024
459.6,-0.03
459.64,-0.028
459.68,-0.028
459.72,-0.026000000000000002
459.76,-0.022
459.8,-0.024
459.84000000000003,-0.028
459.88,-0.024
459.92,-0.022
459.96000000000004,-0.024
460.0,-0.028
460.04,-0.024
460.08,-0.022
460.12,-0.024
460.16,-0.024
460.2,-0.024
460.24,-0.028
460.28000000000003,-0.026000000000000002
460.32,-0.026000000000000002
460.36,-0.028
460.40000000000003,-0.028
460.44,-0.024
460.48,-0.024
460.52,-0.028
460.56,-0.024
460.6,-0.022
460.64,-0.022
460.68,-0.022
460.72,-0.02
460.76,-0.02
460.8,-0.022
460.84000000000003,-0.024
460.88,-0.024
460.92,-0.026000000000000002
460.96000000000004,-0.024
461.0,-0.024
461.04,-0.024
461.08,-0.024
461.12,-0.022
461.16,-0.02
461.2,-0.026000000000000002
461.24,-0.028
461.28000000000003,-0.024
461.32,-0.022
461.36,-0.022
461.40000000000003,-0.022
461.44,-0.022
461.48,-0.024
461.52,-0.022
461.56,-0.024
461.6,-0.028
461.64,-0.028
461.68,-0.024
461.72,-0.026000000000000002
461.76,-0.028
461.8,-0.024
461.84000000000003,-0.022
461.88,-0.024
461.92,-0.024
461.96000000000004,-0.022
462.0,-0.022
462.04,-0.022
462.08,-0.02
462.12,-0.022
462.16,-0.024
462.2,-0.024
462.24,-0.024
462.28000000000003,-0.026000000000000002
462.32,-0.024
462.36,-0.02
462.40000000000003,-0.022
462.44,-0.028
462.48,-0.028
462.52,-0.024
462.56,-0.024
462.6,-0.024
462.64,-0.024
462.68,-0.022
462.72,-0.02
462.76,-0.018000000000000002
462.8,-0.022
462.84000000000003,-0.026000000000000002
462.88,-0.026000000000000002
462.92,-0.022
462.96000000000004,-0.024
463.0,-0.028
463.04,-0.024
463.08,-0.022
463.12,-0.028
463.16,-0.028
463.2,-0.022
463.24,-0.022
463.28000000000003,-0.022
463.32,-0.02
463.36,-0.02
463.40000000000003,-0.024
463.44,-0.022
463.48,-0.022
463.52,-0.024
463.56,-0.024
463.6,-0.02
463.64,-0.02
463.68,-0.026000000000000002
463.72,-0.026000000000000002
463.76,-0.022
463.8,-0.024
463.84000000000003,-0.028
463.88,-0.026000000000000002
463.92,-0.022
463.96000000000004,-0.022
464.0,-0.018000000000000002
464.04,-0.02
464.08,-0.024
464.12,-0.024
464.16,-0.02
464.2,-0.024
464.24,-0.026000000000000002
464.28000000000003,-0.022
464.32,-0.022
464.36,-0.028
464.40000000000003,-0.028
464.44,-0.024
464.48,-0.024
464.52,-0.024
464.56,-0.022
464.6,-0.022
464.64,-0.022
464.68,-0.02
464.72,-0.02
464.76,-0.024
464.8,-0.022
464.84000000000003,-0.018000000000000002
464.88,-0.02
464.92,-0.024
464.96000000000004,-0.022
465.0,-0.02
465.04,-0.024
465.08,-0.028
465.12,-0.024
465.16,-0.024
465.2,-0.022
465.24,-0.02
465.28000000000003,-0.022
465.32,-0.022
465.36,-0.02
465.40000000000003,-0.016
465.44,-0.022
465.48,-0.024
465.52,-0.02
465.56,-0.022
465.6,-0.024
465.64,-0.024
465.68,-0.024
465.72,-0.024
465.76,-0.024
465.8,-0.024
465.84000000000003,-0.026000000000000002
465.88,-0.024
465.92,-0.022
465.96000000000004,-0.024
466.0,-0.024
466.04,-0.024
466.08,-0.022
466.12,-0.024
466.16,-0.024
466.2,-0.018000000000000002
466.24,-0.02
466.28000000000003,-0.022
466.32,-0.026000000000000002
466.36,-0.024
466.40000000000003,-0.026000000000000002
466.44,-0.024
466.48,-0.024
466.52,-0.026000000000000002
466.56,-0.024
466.6,-0.018000000000000002
466.64,-0.02
466.68,-0.024
466.72,-0.022
466.76,-0.018000000000000002
466.8,-0.022
466.84000000000003,-0.022
466.88,-0.02
466.92,-0.02
466.96000000000004,-0.022
467.0,-0.022
467.04,-0.024
467.08,-0.024
467.12,-0.024
467.16,-0.022
467.2,-0.024
467.24,-0.026000000000000002
467.28000000000003,-0.022
467.32,-0.022
467.36,-0.024
467.40000000000003,-0.022
467.44,-0.02
467.48,-0.02
467.52,-0.02
467.56,-0.02
467.6,-0.022
467.64,-0.024
467.68,-0.022
467.72,-0.026000000000000002
467.76,-0.028
467.8,-0.024
467.84000000000003,-0.018000000000000002
467.88,-0.022
467.92,-0.026000000000000002
467.96000000000004,-0.022
468.0,-0.02
468.04,-0.022
468.08,-0.022
468.12,-0.02
468.16,-0.02
468.2,-0.02
468.24,-0.02
468.28000000000003,-0.024
468.32,-0.024
468.36,-0.022
468.40000000000003,-0.022
468.44,-0.026000000000000002
468.48,-0.024
468.52,-0.024
468.56,-0.024
468.6,-0.028
468.64,-0.024
468.68,-0.022
468.72,-0.022
468.76,-0.02
468.8,-0.018000000000000002
468.84000000000003,-0.02
468.88,-0.02
468.92,-0.02
468.96000000000004,-0.024
469.0,-0.028
469.04,-0.022
469.08,-0.018000000000000002
469.12,-0.022
469.16,-0.024
469.2,-0.022
469.24,-0.022
469.28000000000003,-0.024
469.32,-0.024
469.36,-0.022
469.40000000000003,-0.02
469.44,-0.018000000000000002
469.48,-0.018000000000000002
469.52,-0.02
469.56,-0.022
469.6,-0.018000000000000002
469.64,-0.02
469.68,-0.022
469.72,-0.022
469.76,-0.022
469.8,-0.024
469.84000000000003,-0.024
469.88,-0.024
469.92,-0.024
469.96000000000004,-0.026000000000000002
470.0,-0.022
470.04,-0.02
470.08,-0.02
470.12,-0.02
470.16,-0.02
470.2,-0.024
470.24,-0.024
470.28000000000003,-0.022
470.32,-0.02
470.36,-0.024
470.40000000000003,-0.024
470.44,-0.02
470.48,-0.022
470.52,-0.024
470.56,-0.024
470.6,-0.024
470.64,-0.024
470.68,-0.022
470.72,-0.02
470.76,-0.02
470.8,-0.02
470.84000000000003,-0.016
470.88,-0.016
470.92,-0.022
470.96000000000004,-0.02
471.0,-0.016
471.04,-0.02
471.08,-0.022
471.12,-0.02
471.16,-0.022
471.2,-0.024
471.24,-0.024
471.28000000000003,-0.022
471.32,-0.022
471.36,-0.02
471.40000000000003,-0.018000000000000002
471.44,-0.022
471.48,-0.022
471.52,-0.018000000000000002
471.56,-0.02
471.6,-0.024
471.64,-0.022
471.68,-0.018000000000000002
471.72,-0.02
471.76,-0.022
471.8,-0.022
471.84000000000003,-0.024
471.88,-0.026000000000000002
471.92,-0.024
471.96000000000004,-0.024
472.0,-0.024
472.04,-0.022
472.08,-0.016
472.12,-0.02
472.16,-0.024
472.2,-0.02
472.24,-0.018000000000000002
472.28000000000003,-0.022
472.32,-0.02
472.36,-0.02
472.40000000000003,-0.022
472.44,-0.022
472.48,-0.022
472.52,-0.024
472.56,-0.024
472.6,-0.022
472.64,-0.02
472.68,-0.022
472.72,-0.02
472.76,-0.016
472.8,-0.022
472.84000000000003,-0.024
472.88,-0.02
472.92,-0.016
472.96000000000004,-0.018000000000000002
473.0,-0.016
473.04,-0.018000000000000002
473.08,-0.022
473.12,-0.024
473.16,-0.022
473.2,-0.024
473.24,-0.024
473.28000000000003,-0.022
473.32,-0.018000000000000002
473.36,-0.022
473.40000000000003,-0.022
473.44,-0.02
473.48,-0.018000000000000002
473.52,-0.02
473.56,-0.018000000000000002
473.6,-0.018000000000000002
473.64,-0.02
473.68,-0.018000000000000002
473.72,-0.02
473.76,-0.022
473.8,-0.022
473.84000000000003,-0.02
473.88,-0.022
473.92,-0.022
473.96000000000004,-0.02
474.0,-0.02
474.04,-0.024
474.08,-0.024
474.12,-0.02
474.16,-0.02
474.2,-0.02
474.24,-0.018000000000000002
474.28000000000003,-0.018000000000000002
474.32,-0.02
474.36,-0.02
474.40000000000003,-0.02
474.44,-0.024
474.48,-0.024
474.52,-0.022
474.56,-0.022
474.6,-0.024
474.64,-0.024
474.68,-0.022
474.72,-0.02
474.76,-0.02
474.8,-0.02
474.84000000000003,-0.02
474.88,-0.02
474.92,-0.016
474.96000000000004,-0.016
475.0,-0.02
475.04,-0.022
475.08,-0.018000000000000002
475.12,-0.02
475.16,-0.022
475.2,-0.018000000000000002
475.24,-0.02
475.28000000000003,-0.024
475.32,-0.024
475.36,-0.02
475.40000000000003,-0.02
475.44,-0.022
475.48,-0.02
475.52,-0.018000000000000002
475.56,-0.016
475.6,-0.014
475.64,-0.014
475.68,-0.02
475.72,-0.022
475.76,-0.02
475.8,-0.02
475.84000000000003,-0.024
475.88,-0.02
475.92,-0.02
475.96000000000004,-0.022
476.0,-0.024
476.04,-0.022
476.08,-0.024
476.12,-0.022
476.16,-0.02
476.2,-0.02
476.24,-0.022
476.28000000000003,-0.02
476.32,-0.016
476.36,-0.02
476.40000000000003,-0.022
476.44,-0.018000000000000002
476.48,-0.02
476.52,-0.022
476.56,-0.022
476.6,-0.02
476.64,-0.024
476.68,-0.024
476.72,-0.022
476.76,-0.022
476.8,-0.02
476.84000000000003,-0.012
476.88,-0.014
476.92,-0.02
476.96000000000004,-0.018000000000000002
477.0,-0.016
477.04,-0.02
477.08,-0.022
477.12,-0.018000000000000002
477.16,-0.016
477.2,-0.02
477.24,-0.02
477.28000000000003,-0.02
477.32,-0.024
477.36,-0.022
477.40000000000003,-0.02
477.44,-0.022
477.48,-0.022
477.52,-0.016
477.56,-0.016
477.6,-0.022
477.64,-0.02
477.68,-0.016
477.72,-0.02
477.76,-0.02
477.8,-0.018000000000000002
477.84000000000003,-0.018000000000000002
477.88,-0.022
477.92,-0.024
477.96000000000004,-0.024
478.0,-0.024
478.04,-0.022
478.08,-0.016
478.12,-0.02
478.16,-0.022
478.2,-0.018000000000000002
478.24,-0.014
478.28000000000003,-0.02
478.32,-0.022
478.36,-0.016
478.40000000000003,-0.016
478.44,-0.016
478.48,-0.018000000000000002
478.52,-0.02
478.56,-0.022
478.6,-0.02
478.64,-0.022
478.68,-0.024
478.72,-0.022
478.76,-0.02
478.8,-0.02
478.84000000000003,-0.022
478.88,-0.022
478.92,-0.016
478.96000000000004,-0.018000000000000002
479.0,-0.018000000000000002
479.04,-0.016
479.08,-0.016
479.12,-0.02
479.16,-0.02
479.2,-0.02
479.24,-0.022
479.28000000000003,-0.022
479.32,-0.02
479.36,-0.022
479.40000000000003,-0.022
479.44,-0.018000000000000002
479.48,-0.016
479.52,-0.02
479.56,-0.022
479.6,-0.018000000000000002
479.64,-0.016
479.68,-0.016
479.72,-0.016
479.76,-0.016
479.8,-0.016
479.84000000000003,-0.018000000000000002
479.88,-0.02
479.92,-0.024
479.96000000000004,-0.022
480.0,-0.02
480.04,-0.02
480.08,-0.024
480.12,-0.022
480.16,-0.016
480.2,-0.02
480.24,-0.022
480.28000000000003,-0.016
480.32,-0.016
480.36,-0.02
480.40000000000003,-0.018000000000000002
480.44,-0.018000000000000002
480.48,-0.02
480.52,-0.02
480.56,-0.02
480.6,-0.022
480.64,-0.022
480.68,-0.016
480.72,-0.016
480.76,-0.024
480.8,-0.024
480.84000000000003,-0.02
480.88,-0.02
480.92,-0.02
480.96000000000004,-0.018000000000000002
481.0,-0.016
481.04,-0.014
481.08,-0.012
481.12,-0.016
481.16,-0.02
481.2,-0.018000000000000002
481.24,-0.016
481.28000000000003,-0.02
481.32,-0.024
481.36,-0.016
481.40000000000003,-0.016
481.44,-0.022
481.48,-0.02
481.52,-0.02
481.56,-0.02
481.6,-0.018000000000000002
481.64,-0.016
481.68,-0.016
481.72,-0.02
481.76,-0.016
481.8,-0.02
481.84000000000003,-0.022
481.88,-0.02
481.92,-0.016
481.96000000000004,-0.02
482.0,-0.024
482.04,-0.022
482.08,-0.02
482.12,-0.024
482.16,-0.024
482.2,-0.022
482.24,-0.022
482.28000000000003,-0.016
482.32,-0.014
482.36,-0.018000000000000002
482.40000000000003,-0.018000000000000002
482.44,-0.014
482.48,-0.014
482.52,-0.02
482.56,-0.02
482.6,-0.016
482.64,-0.018000000000000002
482.68,-0.02
482.72,-0.02
482.76,-0.02
482.8,-0.022
482.84000000000003,-0.02
482.88,-0.016
482.92,-0.02
482.96000000000004,-0.016
483.0,-0.014
483.04,-0.018000000000000002
483.08,-0.018000000000000002
483.12,-0.014
483.16,-0.012
483.2,-0.016
483.24,-0.018000000000000002
483.28000000000003,-0.016
483.32,-0.016
483.36,-0.02
483.40000000000003,-0.022
483.44,-0.022
483.48,-0.022
483.52,-0.02
483.56,-0.016
483.6,-0.02
483.64,-0.018000000000000002
483.68,-0.014
483.72,-0.016
483.76,-0.02
483.8,-0.018000000000000002
483.84000000000003,-0.014
483.88,-0.016
483.92,-0.018000000000000002
483.96000000000004,-0.02
484.0,-0.016
484.04,-0.02
484.08,-0.02
484.12,-0.02
484.16,-0.022
484.2,-0.02
484.24,-0.018000000000000002
484.28000000000003,-0.018000000000000002
484.32,-0.02
484.36,-0.016
484.40000000000003,-0.016
484.44,-0.02
484.48,-0.016
484.52,-0.014
484.56,-0.012
484.6,-0.02
484.64,-0.02
484.68,-0.02
484.72,-0.02
484.76,-0.02
484.8,-0.02
484.84000000000003,-0.022
484.88,-0.022
484.92,-0.016
484.96000000000004,-0.016
485.0,-0.022
485.04,-0.02
485.08,-0.014
485.12,-0.016
485.16,-0.018000000000000002
485.2,-0.014
485.24,-0.012
485.28000000000003,-0.016
485.32,-0.016
485.36,-0.016
485.40000000000003,-0.02
485.44,-0.02
485.48,-0.016
485.52,-0.016
485.56,-0.02
485.6,-0.016
485.64,-0.016
485.68,-0.02
485.72,-0.016
485.76,-0.014
485.8,-0.014
485.84000000000003,-0.016
485.88,-0.014
485.92,-0.014
485.96000000000004,-0.016
486.0,-0.02
486.04,-0.02
486.08,-0.022
486.12,-0.022
486.16,-0.016
486.2,-0.018000000000000002
486.24,-0.022
486.28000000000003,-0.02
486.32,-0.02
486.36,-0.024
486.40000000000003,-0.022
486.44,-0.014
486.48,-0.016
486.52,-0.016
486.56,-0.014
486.6,-0.016
486.64,-0.02
486.68,-0.018000000000000002
486.72,-0.016
486.76,-0.02
486.8,-0.02
486.84000000000003,-0.016
486.88,-0.02
486.92,-0.022
486.96000000000004,-0.018000000000000002
487.0,-0.014
487.04,-0.016
487.08,-0.016
487.12,-0.012
487.16,-0.012
487.2,-0.014
487.24,-0.014
487.28000000000003,-0.018000000000000002
487.32,-0.02
487.36,-0.016
487.40000000000003,-0.012
487.44,-0.018000000000000002
487.48,-0.02
487.52,-0.016
487.56,-0.018000000000000002
487.6,-0.022
487.64,-0.02
487.68,-0.018000000000000002
487.72,-0.02
487.76,-0.016
487.8,-0.014
487.84000000000003,-0.016
487.88,-0.016
487.92,-0.014
487.96000000000004,-0.016
488.0,-0.02
488.04,-0.02
488.08,-0.016
488.12,-0.02
488.16,-0.02
488.2,-0.018000000000000002
488.24,-0.02
488.28000000000003,-0.022
488.32,-0.02
488.36,-0.018000000000000002
488.40000000000003,-0.016
488.44,-0.014
488.48,-0.014
488.52,-0.018000000000000002
488.56,-0.02
488.6,-0.012
488.64,-0.012
488.68,-0.018000000000000002
488.72,-0.018000000000000002
488.76,-0.014
488.8,-0.016
488.84000000000003,-0.02
488.88,-0.02
488.92,-0.022
488.96000000000004,-0.022
489.0,-0.018000000000000002
489.04,-0.016
489.08,-0.018000000000000002
489.12,-0.014
489.16,-0.012
489.2,-0.014
489.24,-0.018000000000000002
489.28000000000003,-0.016
489.32,-0.014
489.36,-0.016
489.40000000000003,-0.016
489.44,-0.016
489.48,-0.018000000000000002
489.52,-0.018000000000000002
489.56,-0.018000000000000002
489.6,-0.02
489.64,-0.02
489.68,-0.016
489.72,-0.016
489.76,-0.018000000000000002
489.8,-0.016
489.84000000000003,-0.012
489.88,-0.012
489.92,-0.02
489.96000000000004,-0.016
490.0,-0.012
490.04,-0.012
490.08,-0.014
490.12,-0.016
490.16,-0.02
490.2,-0.02
490.24,-0.02
490.28000000000003,-0.02
490.32,-0.02
490.36,-0.016
490.40000000000003,-0.012
490.44,-0.016
490.48,-0.02
490.52,-0.016
490.56,-0.016
490.6,-0.02
490.64,-0.016
490.68,-0.014
490.72,-0.016
490.76,-0.016
490.8,-0.016
490.84000000000003,-0.02
490.88,-0.022
490.92,-0.02
490.96000000000004,-0.02
491.0,-0.02
491.04,-0.016
491.08,-0.014
491.12,-0.018000000000000002
491.16,-0.022
491.2,-0.016
491.24,-0.012
491.28000000000003,-0.012
491.32,-0.014
491.36,-0.012
491.40000000000003,-0.012
491.44,-0.016
491.48,-0.018000000000000002
491.52,-0.02
491.56,-0.02
491.6,-0.016
491.64,-0.014
491.68,-0.016
491.72,-0.018000000000000002
491.76,-0.012
491.8,-0.014
491.84000000000003,-0.02
491.88,-0.018000000000000002
491.92,-0.014
491.96000000000004,-0.012
492.0,-0.014
492.04,-0.014
492.08,-0.014
492.12,-0.018000000000000002
492.16,-0.02
492.2,-0.02
492.24,-0.02
492.28000000000003,-0.02
492.32,-0.016
492.36,-0.02
492.40000000000003,-0.022
492.44,-0.02
492.48,-0.014
492.52000000000004,-0.016
492.56,-0.018000000000000002
492.6,-0.014
492.64,-0.012
492.68,-0.014
492.72,-0.012
492.76,-0.016
492.8,-0.02
492.84000000000003,-0.016
492.88,-0.014
492.92,-0.018000000000000002
492.96000000000004,-0.018000000000000002
493.0,-0.014
493.04,-0.014
493.08,-0.02
493.12,-0.02
493.16,-0.014
493.2,-0.014
493.24,-0.016
493.28000000000003,-0.012
493.32,-0.012
493.36,-0.012
493.40000000000003,-0.014
493.44,-0.014
493.48,-0.018000000000000002
493.52000000000004,-0.016
493.56,-0.016
493.6,-0.02
493.64,-0.022
493.68,-0.014
493.72,-0.016
493.76,-0.022
493.8,-0.022
493.84000000000003,-0.016
493.88,-0.014
493.92,-0.016
493.96000000000004,-0.014
494.0,-0.014
494.04,-0.016
494.08,-0.014
494.12,-0.014
494.16,-0.02
494.2,-0.018000000000000002
494.24,-0.012
494.28000000000003,-0.016
494.32,-0.02
494.36,-0.016
494.40000000000003,-0.016
494.44,-0.02
494.48,-0.02
494.52000000000004,-0.016
494.56,-0.014
494.6,-0.012
494.64,-0.012
494.68,-0.014
494.72,-0.016
494.76,-0.014
494.8,-0.016
494.84000000000003,-0.02
494.88,-0.016
494.92,-0.012
494.96000000000004,-0.016
495.0,-0.022
495.04,-0.02
495.08,-0.016
495.12,-0.018000000000000002
495.16,-0.016
495.2,-0.014
495.24,-0.016
495.28000000000003,-0.016
495.32,-0.012
495.36,-0.014
495.40000000000003,-0.016
495.44,-0.012
495.48,-0.01
495.52000000000004,-0.014
495.56,-0.014
495.6,-0.012
495.64,-0.016
495.68,-0.02
495.72,-0.02
495.76,-0.018000000000000002
495.8,-0.016
495.84000000000003,-0.014
495.88,-0.014
495.92,-0.012
495.96000000000004,-0.012
496.0,-0.012
496.04,-0.014
496.08,-0.018000000000000002
496.12,-0.012
496.16,-0.01
496.2,-0.016
496.24,-0.02
496.28000000000003,-0.016
496.32,-0.018000000000000002
496.36,-0.02
496.40000000000003,-0.018000000000000002
496.44,-0.02
496.48,-0.02
496.52000000000004,-0.016
496.56,-0.014
496.6,-0.018000000000000002
496.64,-0.018000000000000002
496.68,-0.014
496.72,-0.012
496.76,-0.016
496.8,-0.014
496.84000000000003,-0.012
496.88,-0.012
496.92,-0.018000000000000002
496.96000000000004,-0.016
497.0,-0.018000000000000002
497.04,-0.018000000000000002
497.08,-0.018000000000000002
497.12,-0.016
497.16,-0.016
497.2,-0.014
497.24,-0.012
497.28000000000003,-0.016
497.32,-0.016
497.36,-0.012
497.40000000000003,-0.008
497.44,-0.014
497.48,-0.016
497.52000000000004,-0.012
497.56,-0.012
497.6,-0.014
497.64,-0.016
497.68,-0.018000000000000002
497.72,-0.018000000000000002
497.76,-0.016
497.8,-0.012
497.84000000000003,-0.018000000000000002
497.88,-0.02
497.92,-0.016
497.96000000000004,-0.014
498.0,-0.016
498.04,-0.014
498.08,-0.012
498.12,-0.014
498.16,-0.016
498.2,-0.014
498.24,-0.012
498.28000000000003,-0.018000000000000002
498.32,-0.018000000000000002
498.36,-0.018000000000000002
498.40000000000003,-0.02
498.44,-0.016
498.48,-0.014
498.52000000000004,-0.016
498.56,-0.016
498.6,-0.014
498.64,-0.014
498.68,-0.02
498.72,-0.016
498.76,-0.01
498.8,-0.008
498.84000000000003,-0.014
498.88,-0.014
498.92,-0.012
498.96000000000004,-0.016
499.0,-0.014
499.04,-0.016
499.08,-0.02
499.12,-0.02
499.16,-0.014
499.2,-0.016
499.24,-0.02
499.28000000000003,-0.016
499.32,-0.014
499.36,-0.014
499.40000000000003,-0.014
499.44,-0.01
499.48,-0.01
499.52000000000004,-0.014
499.56,-0.014
499.6,-0.016
499.64,-0.018000000000000002
499.68,-0.014
499.72,-0.014
499.76,-0.016
499.8,-0.016
499.84000000000003,-0.012
499.88,-0.016
499.92,-0.02
499.96000000000004,-0.016
500.0,-0.012
500.04,-0.012
500.08,-0.014
500.12,-0.012
500.16,-0.012
500.2,-0.012
500.24,-0.012
500.28000000000003,-0.014
500.32,-0.018000000000000002
500.36,-0.016
500.40000000000003,-0.012
500.44,-0.016
500.48,-0.02
500.52000000000004,-0.018000000000000002
500.56,-0.018000000000000002
500.6,-0.02
500.64,-0.016
500.68,-0.012
500.72,-0.012
500.76,-0.014
500.8,-0.012
500.84000000000003,-0.016
500.88,-0.016
500.92,-0.012
500.96000000000004,-0.014
501.0,-0.016
501.04,-0.014
501.08,-0.012
501.12,-0.016
501.16,-0.02
501.2,-0.016
501.24,-0.016
501.28000000000003,-0.018000000000000002
501.32,-0.016
501.36,-0.014
501.40000000000003,-0.012
501.44,-0.01
501.48,-0.012
501.52000000000004,-0.012
501.56,-0.014
501.6,-0.012
501.64,-0.01
501.68,-0.014
501.72,-0.014
501.76,-0.014
501.8,-0.016
501.84000000000003,-0.016
501.88,-0.016
501.92,-0.014
501.96000000000004,-0.016
502.0,-0.012
502.04,-0.012
502.08,-0.014
502.12,-0.012
502.16,-0.012
502.2,-0.016
502.24,-0.016
502.28000000000003,-0.014
502.32,-0.012
502.36,-0.014
502.40000000000003,-0.016
502.44,-0.012
502.48,-0.016
502.52000000000004,-0.02
502.56,-0.02
502.6,-0.016
502.64,-0.014
502.68,-0.014
502.72,-0.012
502.76,-0.016
502.8,-0.014
502.84000000000003,-0.012
502.88,-0.01
502.92,-0.014
502.96000000000004,-0.014
503.0,-0.012
503.04,-0.012
503.08,-0.014
503.12,-0.016
503.16,-0.016
503.2,-0.016
503.24,-0.016
503.28000000000003,-0.014
503.32,-0.014
503.36,-0.014
503.40000000000003,-0.014
503.44,-0.014
503.48,-0.016
503.52000000000004,-0.012
503.56,-0.01
503.6,-0.012
503.64,-0.012
503.68,-0.008
503.72,-0.012
503.76,-0.018000000000000002
503.8,-0.016
503.84000000000003,-0.014
503.88,-0.018000000000000002
503.92,-0.016
503.96000000000004,-0.014
504.0,-0.016
504.04,-0.016
504.08,-0.012
504.12,-0.012
504.16,-0.016
504.2,-0.014
504.24,-0.008
504.28000000000003,-0.01
504.32,-0.012
504.36,-0.012
504.40000000000003,-0.014
504.44,-0.018000000000000002
504.48,-0.016
504.52000000000004,-0.012
504.56,-0.016
504.6,-0.014
504.64,-0.012
504.68,-0.016
504.72,-0.018000000000000002
504.76,-0.012
504.8,-0.012
504.84000000000003,-0.016
504.88,-0.012
504.92,-0.008
504.96000000000004,-0.012
505.0,-0.014
505.04,-0.012
505.08,-0.014
505.12,-0.02
505.16,-0.016
505.2,-0.016
505.24,-0.02
505.28000000000003,-0.014
505.32,-0.012
505.36,-0.016
505.40000000000003,-0.02
505.44,-0.012
505.48,-0.01
505.52000000000004,-0.012
505.56,-0.012
505.6,-0.008
505.64,-0.012
505.68,-0.012
505.72,-0.012
505.76,-0.012
505.8,-0.014
505.84000000000003,-0.012
505.88,-0.012
505.92,-0.016
505.96000000000004,-0.014
506.0,-0.012
506.04,-0.014
506.08,-0.018000000000000002
506.12,-0.012
506.16,-0.012
506.2,-0.012
506.24,-0.008
506.28000000000003,-0.008
506.32,-0.012
506.36,-0.014
506.40000000000003,-0.012
506.44,-0.016
506.48,-0.016
506.52000000000004,-0.012
506.56,-0.014
506.6,-0.018000000000000002
506.64,-0.018000000000000002
506.68,-0.016
506.72,-0.016
506.76,-0.016
506.8,-0.014
506.84000000000003,-0.014
506.88,-0.014
506.92,-0.01
506.96000000000004,-0.012
507.0,-0.014
507.04,-0.014
507.08,-0.01
507.12,-0.012
507.16,-0.016
507.2,-0.014
507.24,-0.012
507.28000000000003,-0.016
507.32,-0.016
507.36,-0.014
507.40000000000003,-0.016
507.44,-0.014
507.48,-0.01
507.52000000000004,-0.01
507.56,-0.012
507.6,-0.008
507.64,-0.01
507.68,-0.014
507.72,-0.014
507.76,-0.01
507.8,-0.012
507.84000000000003,-0.016
507.88,-0.014
507.92,-0.012
507.96000000000004,-0.012
508.0,-0.016
508.04,-0.016
508.08,-0.016
508.12,-0.014
508.16,-0.01
508.2,-0.012
508.24,-0.012
508.28000000000003,-0.012
508.32,-0.01
508.36,-0.014
508.40000000000003,-0.014
508.44,-0.01
508.48,-0.01
508.52000000000004,-0.012
508.56,-0.016
508.6,-0.016
508.64,-0.016
508.68,-0.016
508.72,-0.014
508.76,-0.012
508.8,-0.012
508.84000000000003,-0.012
508.88,-0.012
508.92,-0.012
508.96000000000004,-0.014
509.0,-0.012
509.04,-0.014
509.08,-0.014
509.12,-0.014
509.16,-0.008
509.2,-0.012
509.24,-0.016
509.28000000000003,-0.018000000000000002
509.32,-0.016
509.36,-0.016
509.40000000000003,-0.014
509.44,-0.014
509.48,-0.014
509.52000000000004,-0.012
509.56,-0.008
509.6,-0.014
509.64,-0.014
509.68,-0.008
509.72,-0.008
509.76,-0.012
509.8,-0.012
509.84000000000003,-0.012
509.88,-0.012
509.92,-0.016
509.96000000000004,-0.014
510.0,-0.012
510.04,-0.016
510.08,-0.012
510.12,-0.01
510.16,-0.012
510.2,-0.014
510.24,-0.008
510.28000000000003,-0.012
510.32,-0.016
510.36,-0.008
510.40000000000003,-0.006
510.44,-0.012
510.48,-0.014
510.52000000000004,-0.012
510.56,-0.012
510.6,-0.014
510.64,-0.016
510.68,-0.016
510.72,-0.016
510.76,-0.012
510.8,-0.012
510.84000000000003,-0.016
510.88,-0.016
510.92,-0.01
510.96000000000004,-0.012
511.0,-0.016
511.04,-0.012
511.08,-0.008
511.12,-0.012
511.16,-0.014
511.2,-0.012
511.24,-0.016
511.28000000000003,-0.016
511.32,-0.012
511.36,-0.012
511.40000000000003,-0.016
511.44,-0.012
511.48,-0.012
511.52000000000004,-0.014
511.56,-0.016
511.6,-0.008
511.64,-0.008
511.68,-0.014
511.72,-0.012
511.76,-0.008
511.8,-0.008
511.84000000000003,-0.008
511.88,-0.01
511.92,-0.016
511.96000000000004,-0.016
512.0,-0.012
512.04,-0.012
512.08,-0.016
512.12,-0.014
512.16,-0.01
512.2,-0.014
512.24,-0.016
512.28,-0.012
512.32,-0.008
512.36,-0.01
512.4,-0.012
512.44,-0.01
512.48,-0.014
512.52,-0.014
512.5600000000001,-0.012
512.6,-0.016
512.64,-0.012
512.6800000000001,-0.01
512.72,-0.014
512.76,-0.016
512.8,-0.014
512.84,-0.012
512.88,-0.014
512.92,-0.016
512.96,-0.012
513.0,-0.008
513.04,-0.008
513.08,-0.006
513.12,-0.012
513.16,-0.014
513.2,-0.012
513.24,-0.01
513.28,-0.014
513.32,-0.016
513.36,-0.012
513.4,-0.012
513.44,-0.016
513.48,-0.016
513.52,-0.014
513.5600000000001,-0.014
513.6,-0.012
513.64,-0.008
513.6800000000001,-0.01
513.72,-0.012
513.76,-0.008
513.8,-0.012
513.84,-0.012
513.88,-0.012
513.92,-0.01
513.96,-0.012
514.0,-0.014
514.04,-0.012
514.08,-0.012
514.12,-0.016
514.16,-0.018000000000000002
514.2,-0.014
514.24,-0.012
514.28,-0.008
514.32,-0.008
514.36,-0.012
514.4,-0.01
514.44,-0.008
514.48,-0.008
514.52,-0.014
514.5600000000001,-0.014
514.6,-0.008
514.64,-0.01
514.6800000000001,-0.012
514.72,-0.014
514.76,-0.012
514.8,-0.012
514.84,-0.014
514.88,-0.012
514.92,-0.014
514.96,-0.012
515.0,-0.008
515.04,-0.012
515.08,-0.012
515.12,-0.014
515.16,-0.01
515.2,-0.012
515.24,-0.012
515.28,-0.01
515.32,-0.01
515.36,-0.016
515.4,-0.016
515.44,-0.014
515.48,-0.014
515.52,-0.014
515.5600000000001,-0.012
515.6,-0.012
515.64,-0.012
515.6800000000001,-0.008
515.72,-0.008
515.76,-0.012
515.8,-0.014
515.84,-0.008
515.88,-0.008
515.92,-0.012
515.96,-0.012
516.0,-0.008
516.04,-0.012
516.08,-0.014
516.12,-0.012
516.16,-0.012
516.2,-0.014
516.24,-0.008
516.28,-0.008
516.32,-0.014
516.36,-0.014
516.4,-0.008
516.44,-0.01
516.48,-0.012
516.52,-0.01
516.5600000000001,-0.008
516.6,-0.012
516.64,-0.014
516.6800000000001,-0.01
516.72,-0.016
516.76,-0.018000000000000002
516.8,-0.016
516.84,-0.014
516.88,-0.014
516.92,-0.01
516.96,-0.008
517.0,-0.016
517.04,-0.014
517.08,-0.008
517.12,-0.008
517.16,-0.014
517.2,-0.01
517.24,-0.008
517.28,-0.012
517.32,-0.014
517.36,-0.012
517.4,-0.014
517.44,-0.014
517.48,-0.008
517.52,-0.012
517.5600000000001,-0.014
517.6,-0.01
517.64,-0.008
517.6800000000001,-0.014
517.72,-0.014
517.76,-0.01
517.8,-0.008
517.84,-0.012
517.88,-0.008
517.92,-0.006
517.96,-0.012
518.0,-0.016
518.04,-0.014
518.08,-0.016
518.12,-0.014
518.16,-0.008
518.2,-0.012
518.24,-0.016
518.28,-0.012
518.32,-0.008
518.36,-0.012
518.4,-0.012
518.44,-0.008
518.48,-0.008
518.52,-0.008
518.5600000000001,-0.008
518.6,-0.01
518.64,-0.012
518.6800000000001,-0.012
518.72,-0.01
518.76,-0.016
518.8,-0.014
518.84,-0.008
518.88,-0.01
518.92,-0.016
518.96,-0.014
519.0,-0.014
519.04,-0.014
519.08,-0.008
519.12,-0.008
519.16,-0.008
519.2,-0.01
519.24,-0.008
519.28,-0.012
519.32,-0.014
519.36,-0.012
519.4,-0.012
519.44,-0.016
519.48,-0.014
519.52,-0.012
519.5600000000001,-0.012
519.6,-0.014
519.64,-0.014
519.6800000000001,-0.014
519.72,-0.012
519.76,-0.008
519.8,-0.008
519.84,-0.012
519.88,-0.008
519.92,-0.008
519.96,-0.012
520.0,-0.014
520.04,-0.01
520.08,-0.008
520.12,-0.012
520.16,-0.014
520.2,-0.014
520.24,-0.014
520.28,-0.012
520.32,-0.01
520.36,-0.012
520.4,-0.012
520.44,-0.008
520.48,-0.006
520.52,-0.01
520.5600000000001,-0.008
520.6,-0.008
520.64,-0.012
520.6800000000001,-0.014
520.72,-0.012
520.76,-0.01
520.8,-0.012
520.84,-0.014
520.88,-0.016
520.92,-0.016
520.96,-0.012
521.0,-0.012
521.04,-0.012
521.08,-0.012
521.12,-0.01
521.16,-0.008
521.2,-0.01
521.24,-0.012
521.28,-0.012
521.32,-0.008
521.36,-0.01
521.4,-0.012
521.44,-0.012
521.48,-0.012
521.52,-0.012
521.5600000000001,-0.014
521.6,-0.014
521.64,-0.014
521.6800000000001,-0.012
521.72,-0.008
521.76,-0.008
521.8,-0.008
521.84,-0.008
521.88,-0.008
521.92,-0.012
521.96,-0.01
522.0,-0.008
522.04,-0.008
522.08,-0.012
522.12,-0.012
522.16,-0.012
522.2,-0.014
522.24,-0.014
522.28,-0.012
522.32,-0.012
522.36,-0.012
522.4,-0.008
522.44,-0.008
522.48,-0.012
522.52,-0.01
522.5600000000001,-0.008
522.6,-0.012
522.64,-0.012
522.6800000000001,-0.008
522.72,-0.008
522.76,-0.012
522.8,-0.014
522.84,-0.014
522.88,-0.016
522.92,-0.014
522.96,-0.008
523.0,-0.012
523.04,-0.012
523.08,-0.008
523.12,-0.008
523.16,-0.012
523.2,-0.012
523.24,-0.006
523.28,-0.012
523.32,-0.012
523.36,-0.008
523.4,-0.008
523.44,-0.012
523.48,-0.012
523.52,-0.012
523.5600000000001,-0.016
523.6,-0.012
523.64,-0.006
523.6800000000001,-0.01
523.72,-0.014
523.76,-0.008
523.8,-0.008
523.84,-0.012
523.88,-0.012
523.92,-0.006
523.96,-0.006
524.0,-0.008
524.04,-0.008
524.08,-0.012
524.12,-0.014
524.16,-0.012
524.2,-0.012
524.24,-0.016
524.28,-0.012
524.32,-0.008
524.36,-0.008
524.4,-0.012
524.44,-0.008
524.48,-0.008
524.52,-0.012
524.5600000000001,-0.008
524.6,-0.006
524.64,-0.008
524.6800000000001,-0.008
524.72,-0.008
524.76,-0.012
524.8,-0.016
524.84,-0.012
524.88,-0.01
524.92,-0.014
524.96,-0.014
525.0,-0.008
525.04,-0.012
525.08,-0.014
525.12,-0.012
525.16,-0.01
525.2,-0.01
525.24,-0.008
525.28,-0.008
525.32,-0.012
525.36,-0.008
525.4,-0.008
525.44,-0.012
525.48,-0.016
525.52,-0.012
525.5600000000001,-0.012
525.6,-0.012
525.64,-0.012
525.6800000000001,-0.008
525.72,-0.012
525.76,-0.012
525.8,-0.008
525.84,-0.008
525.88,-0.008
525.92,-0.006
525.96,-0.004
526.0,-0.012
526.04,-0.008
526.08,-0.006
526.12,-0.01
526.16,-0.014
526.2,-0.012
526.24,-0.008
526.28,-0.012
526.32,-0.012
526.36,-0.012
526.4,-0.012
526.44,-0.012
526.48,-0.01
526.52,-0.008
526.5600000000001,-0.01
526.6,-0.006
526.64,-0.004
526.6800000000001,-0.012
526.72,-0.014
526.76,-0.012
526.8,-0.01
526.84,-0.014
526.88,-0.012
526.92,-0.012
526.96,-0.012
527.0,-0.012
527.04,-0.012
527.08,-0.012
527.12,-0.012
527.16,-0.008
527.2,-0.008
527.24,-0.008
527.28,-0.008
527.32,-0.006
527.36,-0.008
527.4,-0.012
527.44,-0.01
527.48,-0.006
527.52,-0.008
527.5600000000001,-0.01
527.6,-0.01
527.64,-0.012
527.6800000000001,-0.012
527.72,-0.012
527.76,-0.012
527.8,-0.012
527.84,-0.006
527.88,-0.004
527.92,-0.008
527.96,-0.01
528.0,-0.006
528.04,-0.008
528.08,-0.012
528.12,-0.012
528.16,-0.008
528.2,-0.01
528.24,-0.012
528.28,-0.01
528.32,-0.012
528.36,-0.014
528.4,-0.012
528.44,-0.01
528.48,-0.01
528.52,-0.008
528.5600000000001,-0.004
528.6,-0.008
528.64,-0.014
528.6800000000001,-0.008
528.72,-0.006
528.76,-0.008
528.8,-0.008
528.84,-0.008
528.88,-0.008
528.92,-0.012
528.96,-0.014
529.0,-0.014
529.04,-0.012
529.08,-0.01
529.12,-0.008
529.16,-0.01
529.2,-0.008
529.24,-0.004
529.28,-0.006
529.32,-0.012
529.36,-0.012
529.4,-0.008
529.44,-0.008
529.48,-0.01
529.52,-0.008
529.5600000000001,-0.012
529.6,-0.014
529.64,-0.012
529.6800000000001,-0.012
529.72,-0.014
529.76,-0.01
529.8,-0.008
529.84,-0.012
529.88,-0.012
529.92,-0.008
529.96,-0.006
530.0,-0.008
530.04,-0.008
530.08,-0.006
530.12,-0.008
530.16,-0.008
530.2,-0.008
530.24,-0.012
530.28,-0.012
530.32,-0.008
530.36,-0.012
530.4,-0.014
530.44,-0.008
530.48,-0.004
530.52,-0.008
530.5600000000001,-0.012
530.6,-0.008
530.64,-0.008
530.6800000000001,-0.008
530.72,-0.008
530.76,-0.008
530.8,-0.012
530.84,-0.008
530.88,-0.008
530.92,-0.012
530.96,-0.014
531.0,-0.012
531.04,-0.012
531.08,-0.014
531.12,-0.012
531.16,-0.008
531.2,-0.008
531.24,-0.012
531.28,-0.01
531.32,-0.008
531.36,-0.008
531.4,-0.006
531.44,-0.006
531.48,-0.01
531.52,-0.008
531.5600000000001,-0.008
531.6,-0.014
531.64,-0.016
531.6800000000001,-0.008
531.72,-0.008
531.76,-0.01
531.8,-0.008
531.84,-0.008
531.88,-0.008
531.92,-0.008
531.96,-0.008
532.0,-0.008
532.04,-0.008
532.08,-0.004
532.12,-0.004
532.16,-0.01
532.2,-0.012
532.24,-0.008
532.28,-0.012
532.32,-0.012
532.36,-0.01
532.4,-0.008
532.44,-0.012
532.48,-0.012
532.52,-0.012
532.5600000000001,-0.01
532.6,-0.008
532.64,-0.008
532.6800000000001,-0.008
532.72,-0.008
532.76,-0.006
532.8,-0.006
532.84,-0.012
532.88,-0.014
532.92,-0.008
532.96,-0.008
533.0,-0.012
533.04,-0.012
533.08,-0.008
533.12,-0.008
533.16,-0.008
533.2,-0.012
533.24,-0.01
533.28,-0.008
533.32,-0.004
533.36,-0.004
533.4,-0.006
533.44,-0.008
533.48,-0.004
533.52,-0.008
533.5600000000001,-0.012
533.6,-0.008
533.64,-0.006
533.6800000000001,-0.008
533.72,-0.012
533.76,-0.008
533.8,-0.01
533.84,-0.012
533.88,-0.012
533.92,-0.008
533.96,-0.006
534.0,-0.004
534.04,-0.004
534.08,-0.008
534.12,-0.01
534.16,-0.006
534.2,-0.008
534.24,-0.012
534.28,-0.01
534.32,-0.006
534.36,-0.008
534.4,-0.01
534.44,-0.01
534.48,-0.01
534.52,-0.01
534.5600000000001,-0.006
534.6,-0.006
534.64,-0.008
534.6800000000001,-0.006
534.72,-0.004
534.76,-0.004
534.8,-0.008
534.84,-0.006
534.88,-0.006
534.92,-0.01
534.96,-0.01
535.0,-0.008
535.04,-0.008
535.08,-0.01
535.12,-0.01
535.16,-0.012
535.2,-0.012
535.24,-0.006
535.28,-0.006
535.32,-0.008
535.36,-0.008
535.4,-0.004
535.44,-0.008
535.48,-0.01
535.52,-0.008
535.5600000000001,-0.006
535.6,-0.006
535.64,-0.008
535.6800000000001,-0.008
535.72,-0.008
535.76,-0.008
535.8,-0.008
535.84,-0.012
535.88,-0.012
535.92,-0.006
535.96,-0.002
536.0,-0.006
536.04,-0.006
536.08,-0.004
536.12,-0.006
536.16,-0.008
536.2,-0.006
536.24,-0.006
536.28,-0.006
536.32,-0.008
536.36,-0.008
536.4,-0.012
536.44,-0.012
536.48,-0.008
536.52,-0.01
536.5600000000001,-0.012
536.6,-0.004
536.64,-0.004
536.6800000000001,-0.008
536.72,-0.008
536.76,-0.008
536.8,-0.006
536.84,-0.008
536.88,-0.006
536.92,-0.006
536.96,-0.008
537.0,-0.006
537.04,-0.006
537.08,-0.012
537.12,-0.012
537.16,-0.008
537.2,-0.008
537.24,-0.008
537.28,-0.006
537.32,-0.006
537.36,-0.006
537.4,-0.006
537.44,-0.004
537.48,-0.004
537.52,-0.004
537.5600000000001,-0.002
537.6,-0.004
537.64,-0.008
537.6800000000001,-0.006
537.72,-0.006
537.76,-0.01
537.8,-0.01
537.84,-0.004
537.88,-0.004
537.92,-0.008
537.96,-0.008
538.0,-0.006
538.04,-0.008
538.08,-0.008
538.12,-0.006
538.16,-0.006
538.2,-0.004
538.24,0.0
538.28,-0.004
538.32,-0.012
538.36,-0.01
538.4,-0.008
538.44,-0.01
538.48,-0.012
538.52,-0.01
538.5600000000001,-0.008
538.6,-0.008
538.64,-0.008
538.6800000000001,-0.006
538.72,-0.006
538.76,-0.008
538.8,-0.004
538.84,-0.004
538.88,-0.004
538.92,-0.004
538.96,-0.006
539.0,-0.008
539.04,-0.008
539.08,-0.006
539.12,-0.006
539.16,-0.008
539.2,-0.008
539.24,-0.006
539.28,-0.008
539.32,-0.008
539.36,-0.008
539.4,-0.006
539.44,-0.006
539.48,-0.002
539.52,-0.002
539.5600000000001,-0.004
539.6,-0.004
539.64,-0.002
539.6800000000001,-0.006
539.72,-0.01
539.76,-0.008
539.8,-0.006
539.84,-0.008
539.88,-0.008
539.92,-0.006
539.96,-0.008
540.0,-0.008
540.04,-0.006
540.08,-0.006
540.12,-0.006
540.16,-0.004
540.2,-0.002
540.24,-0.006
540.28,-0.006
540.32,-0.004
540.36,-0.004
540.4,-0.008
540.44,-0.006
540.48,-0.006
540.52,-0.006
540.5600000000001,-0.008
540.6,-0.008
540.64,-0.008
540.6800000000001,-0.008
540.72,-0.006
540.76,-0.004
540.8,-0.006
540.84,-0.002
540.88,0.0
540.92,-0.004
540.96,-0.008
541.0,-0.008
541.04,-0.006
541.08,-0.006
541.12,-0.008
541.16,-0.008
541.2,-0.008
541.24,-0.008
541.28,-0.006
541.32,-0.008
541.36,-0.008
541.4,-0.006
541.44,-0.004
541.48,-0.006
541.52,-0.004
541.5600000000001,0.0
541.6,-0.006
541.64,-0.008
541.6800000000001,-0.004
541.72,-0.002
541.76,-0.004
541.8,-0.006
541.84,-0.006
541.88,-0.008
541.92,-0.008
541.96,-0.008
542.0,-0.008
542.04,-0.008
542.08,-0.002
542.12,0.002
542.16,-0.004
542.2,-0.006
542.24,-0.004
542.28,-0.004
542.32,-0.004
542.36,-0.006
542.4,-0.006
542.44,-0.008
542.48,-0.006
542.52,-0.006
542.5600000000001,-0.01
542.6,-0.012
542.64,-0.008
542.6800000000001,-0.008
542.72,-0.008
542.76,-0.006
542.8,-0.002
542.84,-0.006
542.88,-0.008
542.92,-0.002
542.96,-0.004
543.0,-0.004
543.04,-0.002
543.08,-0.004
543.12,-0.008
543.16,-0.006
543.2,-0.004
543.24,-0.01
543.28,-0.01
543.32,-0.002
543.36,0.0
543.4,-0.006
543.44,-0.004
543.48,0.0
543.52,0.0
543.5600000000001,-0.004
543.6,-0.004
543.64,-0.004
543.6800000000001,-0.004
543.72,0.0
543.76,0.0
543.8,-0.008
543.84,-0.006
543.88,-0.004
543.92,-0.008
543.96,-0.01
544.0,-0.006
544.04,-0.004
544.08,-0.008
544.12,-0.006
544.16,-0.004
544.2,-0.004
544.24,-0.004
544.28,-0.004
544.32,-0.006
544.36,-0.006
544.4,-0.004
544.44,-0.004
544.48,-0.01
544.52,-0.008
544.5600000000001,-0.006
544.6,-0.006
544.64,-0.01
544.6800000000001,-0.006
544.72,-0.002
544.76,-0.004
544.8,-0.006
544.84,-0.006
544.88,-0.006
544.92,-0.004
544.96,0.0
545.0,-0.004
545.04,-0.004
545.08,0.0
545.12,0.0
545.16,-0.006
545.2,-0.008
545.24,-0.006
545.28,-0.006
545.32,-0.008
545.36,-0.006
545.4,-0.004
545.44,-0.004
545.48,-0.006
545.52,-0.006
545.5600000000001,-0.004
545.6,-0.002
545.64,0.0
545.6800000000001,0.0
545.72,-0.006
545.76,-0.004
545.8,-0.004
545.84,-0.006
545.88,-0.008
545.92,-0.006
545.96,-0.002
546.0,-0.004
546.04,-0.008
546.08,-0.008
546.12,-0.006
546.16,-0.006
546.2,-0.006
546.24,-0.006
546.28,-0.004
546.32,0.0
546.36,0.0
546.4,0.0
546.44,-0.004
546.48,-0.004
546.52,-0.006
546.5600000000001,-0.008
546.6,-0.008
546.64,-0.004
546.6800000000001,-0.006
546.72,-0.008
546.76,-0.008
546.8000000000001,-0.006
546.84,-0.004
546.88,-0.004
546.92,-0.002
546.96,-0.004
547.0,-0.002
547.04,0.0
547.08,-0.006
547.12,-0.008
547.16,-0.004
547.2,0.0
547.24,-0.004
547.28,-0.006
547.32,-0.004
547.36,-0.004
547.4,-0.006
547.44,-0.008
547.48,-0.008
547.52,-0.006
547.5600000000001,0.0
547.6,0.002
547.64,-0.002
547.6800000000001,-0.002
547.72,0.0
547.76,-0.002
547.8000000000001,-0.006
547.84,-0.004
547.88,-0.002
547.92,-0.006
547.96,-0.006
548.0,-0.006
548.04,-0.006
548.08,-0.008
548.12,-0.004
548.16,-0.006
548.2,-0.008
548.24,-0.002
548.28,0.0
548.32,-0.006
548.36,-0.008
548.4,-0.002
548.44,-0.002
548.48,-0.006
548.52,-0.006
548.5600000000001,-0.004
548.6,-0.004
548.64,-0.006
548.6800000000001,-0.008
548.72,-0.01
548.76,-0.008
548.8000000000001,-0.004
548.84,-0.004
548.88,-0.006
548.92,-0.004
548.96,0.002
549.0,0.0
549.04,-0.004
549.08,0.0
549.12,0.0
549.16,-0.006
549.2,-0.002
549.24,0.0
549.28,-0.004
549.32,-0.004
549.36,-0.004
549.4,-0.008
549.44,-0.008
549.48,-0.002
549.52,0.0
549.5600000000001,-0.006
549.6,-0.004
549.64,0.0
549.6800000000001,-0.004
549.72,-0.006
549.76,-0.002
549.8000000000001,0.0
549.84,-0.002
549.88,0.0
549.92,-0.004
549.96,-0.008
550.0,-0.006
550.04,-0.006
550.08,-0.008
550.12,-0.01
550.16,-0.004
550.2,0.0
550.24,-0.004
550.28,-0.004
550.32,-0.002
550.36,-0.004
550.4,-0.006
550.44,0.0
550.48,0.0
550.52,-0.002
550.5600000000001,0.0
550.6,-0.004
550.64,-0.006
550.6800000000001,-0.004
550.72,-0.004
550.76,-0.006
550.8000000000001,-0.008
550.84,-0.004
550.88,0.0
550.92,-0.004
550.96,-0.004
551.0,-0.004
551.04,-0.002
551.08,-0.002
551.12,0.0
551.16,-0.002
551.2,-0.002
551.24,0.0
551.28,-0.004
551.32,-0.008
551.36,-0.008
551.4,-0.004
551.44,-0.004
551.48,-0.004
551.52,-0.004
551.5600000000001,-0.004
551.6,-0.004
551.64,-0.004
551.6800000000001,-0.004
551.72,-0.002
551.76,0.0
551.8000000000001,0.0
551.84,-0.002
551.88,-0.002
551.92,0.0
551.96,-0.002
552.0,-0.006
552.04,-0.008
552.08,-0.006
552.12,-0.002
552.16,-0.006
552.2,-0.008
552.24,-0.006
552.28,-0.004
552.32,-0.004
552.36,-0.004
552.4,-0.002
552.44,0.0
552.48,0.0
552.52,-0.004
552.5600000000001,-0.006
552.6,-0.006
552.64,-0.004
552.6800000000001,-0.004
552.72,-0.006
552.76,-0.008
552.8000000000001,-0.004
552.84,-0.004
552.88,-0.006
552.92,-0.004
552.96,-0.004
553.0,-0.006
553.04,-0.002
553.08,0.0
553.12,0.0
553.16,0.0
553.2,0.002
553.24,-0.002
553.28,-0.004
553.32,0.0
553.36,0.0
553.4,-0.006
553.44,-0.008
553.48,-0.002
553.52,-0.002
553.5600000000001,-0.006
553.6,-0.004
553.64,-0.002
553.6800000000001,-0.002
553.72,0.0
553.76,0.0
553.8000000000001,-0.004
553.84,-0.002
553.88,0.0
553.92,-0.004
553.96,-0.008
554.0,-0.004
554.04,-0.004
554.08,-0.006
554.12,-0.006
554.16,-0.004
554.2,-0.008
554.24,-0.01
554.28,-0.004
554.32,-0.004
554.36,-0.004
554.4,0.0
554.44,0.002
554.48,-0.004
554.52,-0.004
554.5600000000001,0.0
554.6,-0.002
554.64,-0.008
554.6800000000001,-0.004
554.72,0.0
554.76,-0.002
554.8000000000001,-0.004
554.84,-0.004
554.88,-0.008
554.92,-0.006
554.96,0.0
555.0,-0.004
555.04,-0.004
555.08,0.0
555.12,0.002
555.16,-0.002
555.2,-0.002
555.24,0.0
555.28,0.0
555.32,-0.004
555.36,0.0
555.4,0.0
555.44,-0.006
555.48,-0.004
555.52,-0.004
555.5600000000001,-0.008
555.6,-0.008
555.64,-0.002
555.6800000000001,-0.004
555.72,-0.004
555.76,0.0
555.8000000000001,0.0
555.84,-0.004
555.88,-0.006
555.92,-0.004
555.96,-0.002
556.0,0.0
556.04,0.0
556.08,-0.002
556.12,-0.006
556.16,-0.004
556.2,-0.004
556.24,-0.008
556.28,-0.006
556.32,0.0
556.36,0.0
556.4,-0.004
556.44,-0.004
556.48,0.0
556.52,0.0
556.5600000000001,-0.002
556.6,0.0
556.64,0.0
556.6800000000001,-0.004
556.72,-0.002
556.76,-0.004
556.8000000000001,-0.008
556.84,-0.008
556.88,-0.006
556.92,-0.004
556.96,-0.004
557.0,0.0
557.04,0.0
557.08,-0.004
557.12,-0.004
557.16,-0.002
557.2,0.0
557.24,0.0
557.28,-0.002
557.32,0.0
557.36,0.0
557.4,0.0
557.44,-0.002
557.48,-0.004
557.52,-0.004
557.5600000000001,-0.004
557.6,-0.004
557.64,-0.006
557.6800000000001,-0.004
557.72,0.0
557.76,0.0
557.8000000000001,-0.002
557.84,-0.002
557.88,0.0
557.92,0.0
557.96,0.0
558.0,0.0
558.04,-0.004
558.08,-0.006
558.12,-0.004
558.16,-0.006
558.2,-0.008
558.24,-0.006
558.28,-0.002
558.32,-0.004
558.36,-0.006
558.4,-0.002
558.44,-0.004
558.48,-0.006
558.52,-0.004
558.5600000000001,0.0
558.6,0.0
558.64,0.002
558.6800000000001,0.0
558.72,-0.004
558.76,-0.006
558.8000000000001,-0.004
558.84,-0.006
558.88,-0.008
558.92,-0.004
558.96,0.0
559.0,-0.002
559.04,-0.004
559.08,0.0
559.12,0.0
559.16,0.0
559.2,0.002
559.24,0.002
559.28,0.0
559.32,0.0
559.36,0.002
559.4,-0.002
559.44,-0.006
559.48,-0.002
559.52,-0.002
559.5600000000001,-0.006
559.6,-0.002
559.64,0.0
559.6800000000001,-0.006
559.72,-0.006
559.76,-0.004
559.8000000000001,-0.004
559.84,0.0
559.88,0.002
559.92,0.002
559.96,-0.002
560.0,0.0
560.04,0.0
560.08,-0.006
560.12,-0.008
560.16,-0.006
560.2,-0.004
560.24,-0.006
560.28,-0.004
560.32,-0.004
560.36,-0.006
560.4,-0.004
560.44,0.0
560.48,-0.002
560.52,-0.004
560.5600000000001,0.002
560.6,0.004
560.64,-0.002
560.6800000000001,-0.002
560.72,0.0
560.76,-0.004
560.8000000000001,-0.004
560.84,-0.002
560.88,-0.004
560.92,-0.006
560.96,-0.004
561.0,-0.006
561.04,-0.006
561.08,-0.004
561.12,0.0
561.16,-0.002
561.2,-0.004
561.24,0.002
561.28,0.002
561.32,-0.002
561.36,-0.004
561.4,-0.002
561.44,-0.004
561.48,-0.004
561.52,0.0
561.5600000000001,-0.004
561.6,-0.004
561.64,-0.002
561.6800000000001,-0.002
561.72,-0.006
561.76,-0.006
561.8000000000001,0.002
561.84,0.0
561.88,-0.002
561.92,0.0
561.96,0.0
562.0,0.0
562.04,0.0
562.08,0.0
562.12,-0.004
562.16,-0.002
562.2,-0.002
562.24,-0.004
562.28,-0.006
562.32,-0.004
562.36,-0.004
562.4,-0.006
562.44,-0.004
562.48,0.0
562.52,0.002
562.5600000000001,-0.002
562.6,0.0
562.64,0.0
562.6800000000001,-0.002
562.72,-0.004
562.76,-0.004
562.8000000000001,-0.004
562.84,-0.002
562.88,0.0
562.92,-0.004
562.96,-0.006
563.0,-0.006
563.04,-0.004
563.08,-0.004
563.12,-0.006
563.16,-0.002
563.2,0.002
563.24,0.002
563.28,0.0
563.32,0.0
563.36,0.0
563.4,0.0
563.44,0.0
563.48,0.0
563.52,-0.002
563.5600000000001,-0.002
563.6,-0.004
563.64,-0.006
563.6800000000001,-0.006
563.72,0.0
563.76,0.0
563.8000000000001,-0.004
563.84,0.0
563.88,0.0
563.92,0.0
563.96,-0.004
564.0,-0.004
564.04,-0.002
564.08,-0.002
564.12,0.0
564.16,0.0
564.2,-0.004
564.24,-0.004
564.28,-0.004
564.32,-0.006
564.36,-0.008
564.4,-0.004
564.44,0.0
564.48,0.0
564.52,-0.002
564.5600000000001,0.0
564.6,0.0
564.64,0.0
564.6800000000001,0.002
564.72,0.0
564.76,-0.002
564.8000000000001,0.0
564.84,-0.002
564.88,-0.006
564.92,-0.004
564.96,0.0
565.0,-0.004
565.04,-0.004
565.08,0.0
565.12,0.002
565.16,0.0
565.2,-0.004
565.24,-0.002
565.28,-0.004
565.32,0.0
565.36,0.004
565.4,0.002
565.44,0.0
565.48,0.002
565.52,0.0
565.5600000000001,-0.006
565.6,-0.008
565.64,-0.002
565.6800000000001,0.0
565.72,-0.004
565.76,-0.004
565.8000000000001,0.0
565.84,-0.002
565.88,0.0
565.92,0.002
565.96,-0.002
566.0,0.0
566.04,0.002
566.08,0.0
566.12,-0.004
566.16,0.0
566.2,0.0
566.24,-0.006
566.28,-0.006
566.32,0.0
566.36,0.0
566.4,-0.004
566.44,-0.004
566.48,-0.004
566.52,-0.006
566.5600000000001,0.0
566.6,0.0
566.64,-0.002
566.6800000000001,0.0
566.72,0.004
566.76,0.002
566.8000000000001,-0.004
566.84,-0.004
566.88,0.0
566.92,-0.004
566.96,-0.008
567.0,-0.004
567.04,-0.004
567.08,0.0
567.12,0.0
567.16,0.0
567.2,-0.004
567.24,0.0
567.28,0.002
567.32,0.0
567.36,0.0
567.4,0.002
567.44,0.002
567.48,-0.002
567.52,0.0
567.5600000000001,0.002
567.6,0.0
567.64,-0.002
567.6800000000001,-0.004
567.72,-0.002
567.76,0.0
567.8000000000001,0.0
567.84,-0.002
567.88,-0.004
567.92,0.0
567.96,0.004
568.0,0.002
568.04,0.0
568.08,0.002
568.12,0.002
568.16,-0.004
568.2,-0.006
568.24,-0.004
568.28,-0.002
568.32,0.0
568.36,0.0
568.4,-0.004
568.44,-0.004
568.48,0.0
568.52,0.0
568.5600000000001,-0.002
568.6,-0.004
568.64,0.002
568.6800000000001,0.002
568.72,0.0
568.76,0.0
568.8000000000001,0.004
568.84,0.0
568.88,-0.004
568.92,0.0
568.96,0.0
569.0,0.0
569.04,0.0
569.08,-0.004
569.12,-0.006
569.16,-0.002
569.2,0.002
569.24,0.004
569.28,0.002
569.32,0.004
569.36,0.006
569.4,0.002
569.44,0.0
569.48,0.002
569.52,0.004
569.5600000000001,0.004
569.6,0.004
569.64,0.004
569.6800000000001,0.004
569.72,0.006
569.76,0.006
569.8000000000001,0.004
569.84,0.008
569.88,0.012
569.92,0.012
569.96,0.012
570.0,0.016
570.04,0.018000000000000002
570.08,0.016
570.12,0.016
570.16,0.018000000000000002
570.2,0.02
570.24,0.018000000000000002
570.28,0.018000000000000002
570.32,0.016
570.36,0.014
570.4,0.018000000000000002
570.44,0.02
570.48,0.018000000000000002
570.52,0.02
570.5600000000001,0.026000000000000002
570.6,0.024
570.64,0.024
570.6800000000001,0.024
570.72,0.024
570.76,0.024
570.8000000000001,0.024
570.84,0.024
570.88,0.024
570.92,0.024
570.96,0.026000000000000002
571.0,0.022
571.04,0.016
571.08,0.018000000000000002
571.12,0.02
571.16,0.02
571.2,0.02
571.24,0.024
571.28,0.024
571.32,0.02
571.36,0.022
571.4,0.024
571.44,0.02
571.48,0.022
571.52,0.02
571.5600000000001,0.018000000000000002
571.6,0.016
571.64,0.018000000000000002
571.6800000000001,0.016
571.72,0.01
571.76,0.012
571.8000000000001,0.018000000000000002
571.84,0.016
571.88,0.012
571.92,0.016
571.96,0.016
572.0,0.012
572.04,0.012
572.08,0.01
572.12,0.01
572.16,0.012
572.2,0.016
572.24,0.008
572.28,0.004
572.32,0.006
572.36,0.008
572.4,0.004
572.44,0.004
572.48,0.004
572.52,0.004
572.5600000000001,0.006
572.6,0.008
572.64,0.006
572.6800000000001,0.004
572.72,0.008
572.76,0.008
572.8000000000001,0.004
572.84,0.006
572.88,0.008
572.92,0.004
572.96,0.0
573.0,0.002
573.04,0.004
573.08,0.002
573.12,0.002
573.16,0.004
573.2,0.004
573.24,0.002
573.28,0.004
573.32,0.002
573.36,0.002
573.4,0.008
573.44,0.01
573.48,0.004
573.52,0.004
573.5600000000001,0.008
573.6,0.004
573.64,0.0
573.6800000000001,0.0
573.72,0.0
573.76,0.0
573.8000000000001,0.002
573.84,0.004
573.88,0.0
573.92,0.0
573.96,0.004
574.0,0.002
574.04,0.002
574.08,0.004
574.12,0.008
574.16,0.002
574.2,0.0
574.24,0.002
574.28,0.002
574.32,0.0
574.36,0.0
574.4,0.004
574.44,0.002
574.48,0.0
574.52,0.0
574.5600000000001,0.0
574.6,0.0
574.64,0.004
574.6800000000001,0.004
574.72,0.002
574.76,0.004
574.8000000000001,0.008
574.84,0.008
574.88,0.004
574.92,0.0
574.96,0.0
575.0,0.0
575.04,0.002
575.08,0.004
575.12,0.0
575.16,0.0
575.2,0.002
575.24,0.002
575.28,0.0
575.32,0.004
575.36,0.004
575.4,0.004
575.44,0.004
575.48,0.004
575.52,0.004
575.5600000000001,0.002
575.6,0.002
575.64,0.004
575.6800000000001,0.004
575.72,0.004
575.76,0.002
575.8000000000001,0.0
575.84,0.0
575.88,0.004
575.92,0.002
575.96,0.002
576.0,0.004
576.04,0.008
576.08,0.008
576.12,0.004
576.16,0.004
576.2,0.004
576.24,0.004
576.28,0.004
576.32,0.004
576.36,0.0
576.4,0.0
576.44,0.002
576.48,0.002
576.52,0.0
576.5600000000001,0.002
576.6,0.004
576.64,0.002
576.6800000000001,0.002
576.72,0.006
576.76,0.004
576.8000000000001,0.004
576.84,0.004
576.88,0.004
576.92,0.002
576.96,0.004
577.0,0.004
577.04,0.002
577.08,0.0
577.12,0.004
577.16,0.0
577.2,-0.002
577.24,0.002
577.28,0.008
577.32,0.004
577.36,0.004
577.4,0.008
577.44,0.008
577.48,0.006
577.52,0.008
577.5600000000001,0.004
577.6,0.002
577.64,0.006
577.6800000000001,0.01
577.72,0.004
577.76,0.002
577.8000000000001,0.004
577.84,0.002
577.88,0.0
577.92,0.004
577.96,0.006
578.0,0.004
578.04,0.002
578.08,0.004
578.12,0.004
578.16,0.002
578.2,0.008
578.24,0.008
578.28,0.004
578.32,0.004
578.36,0.004
578.4,0.0
578.44,-0.004
578.48,0.002
578.52,0.002
578.5600000000001,0.0
578.6,0.002
578.64,0.004
578.6800000000001,0.004
578.72,0.002
578.76,0.004
578.8000000000001,0.0
578.84,0.0
578.88,0.008
578.92,0.008
578.96,0.002
579.0,0.002
579.04,0.004
579.08,0.002
579.12,-0.002
579.16,0.002
579.2,0.004
579.24,0.0
579.28,0.002
579.32,0.004
579.36,0.002
579.4,0.002
579.44,0.004
579.48,0.004
579.52,0.004
579.5600000000001,0.008
579.6,0.008
579.64,0.002
579.6800000000001,0.002
579.72,0.002
579.76,0.0
579.8000000000001,0.0
579.84,0.002
579.88,0.004
579.92,0.002
579.96,0.004
580.0,0.004
580.04,0.0
580.08,0.002
580.12,0.008
580.16,0.006
580.2,0.004
580.24,0.004
580.28,0.008
580.32,0.004
580.36,0.004
580.4,0.002
580.44,0.0
580.48,0.0
580.52,0.0
580.5600000000001,0.002
580.6,0.002
580.64,0.004
580.6800000000001,0.002
580.72,0.002
580.76,0.002
580.8000000000001,0.006
580.84,0.006
580.88,0.004
580.92,0.004
580.96,0.004
581.0,0.0
581.04,0.0
581.08,0.0
581.12,0.002
581.16,0.002
581.2,0.004
581.24,0.0
581.28,0.0
581.32,0.002
581.36,0.004
581.4,0.004
581.44,0.0
581.48,0.002
581.52,0.008
581.5600000000001,0.008
581.6,0.004
581.64,0.004
581.6800000000001,0.004
581.72,0.002
581.76,0.002
581.8000000000001,0.002
581.84,0.002
581.88,0.002
581.92,0.004
581.96,0.0
582.0,0.0
582.04,0.004
582.08,0.006
582.12,0.004
582.16,0.004
582.2,0.008
582.24,0.004
582.28,0.0
582.32,0.002
582.36,0.002
582.4,0.0
582.44,0.0
582.48,0.002
582.52,0.0
582.5600000000001,0.002
582.6,0.002
582.64,-0.002
582.6800000000001,-0.006
582.72,0.002
582.76,0.008
582.8000000000001,0.004
582.84,0.004
582.88,0.006
582.92,0.004
582.96,0.002
583.0,0.004
583.04,0.0
583.08,0.0
583.12,0.002
583.16,0.004
583.2,0.0
583.24,0.0
583.28,0.004
583.32,0.002
583.36,0.0
583.4,0.002
583.44,0.008
583.48,0.004
583.52,0.004
583.5600000000001,0.004
583.6,0.004
583.64,0.002
583.6800000000001,0.004
583.72,0.004
583.76,0.002
583.8000000000001,0.006
583.84,0.004
583.88,-0.004
583.92,-0.004
583.96,0.002
584.0,0.002
584.04,0.0
584.08,0.004
584.12,0.004
584.16,0.004
584.2,0.004
584.24,0.004
584.28,0.0
584.32,0.002
584.36,0.004
584.4,0.004
584.44,0.0
584.48,0.002
584.52,0.004
584.5600000000001,0.0
584.6,-0.002
584.64,0.002
584.6800000000001,0.002
584.72,0.002
584.76,0.004
584.8000000000001,0.004
584.84,0.002
584.88,0.004
584.92,0.004
584.96,0.002
585.0,0.004
585.04,0.008
585.08,0.004
585.12,-0.002
585.16,0.0
585.2,0.004
585.24,0.0
585.28,-0.002
585.32,0.0
585.36,0.002
585.4,0.004
585.44,0.004
585.48,0.002
585.52,0.0
585.5600000000001,0.002
585.6,0.004
585.64,0.004
585.6800000000001,0.002
585.72,0.004
585.76,0.004
585.8000000000001,0.002
585.84,0.0
585.88,0.002
585.92,0.002
585.96,0.0
586.0,0.002
586.04,0.0
586.08,0.002
586.12,0.004
586.16,0.002
586.2,0.0
586.24,0.004
586.28,0.008
586.32,0.004
586.36,0.002
586.4,0.004
586.44,0.006
586.48,0.002
586.52,-0.004
586.5600000000001,-0.002
586.6,0.0
586.64,0.0
586.6800000000001,0.002
586.72,0.0
586.76,0.0
586.8000000000001,0.002
586.84,0.002
586.88,0.0
586.92,0.0
586.96,0.004
587.0,0.004
587.04,0.004
587.08,0.002
587.12,0.002
587.16,0.002
587.2,0.0
587.24,0.0
587.28,0.0
587.32,0.0
587.36,0.002
587.4,0.002
587.44,0.0
587.48,0.002
587.52,0.004
587.5600000000001,0.004
587.6,0.004
587.64,0.008
587.6800000000001,0.01
587.72,0.004
587.76,0.0
587.8000000000001,0.002
587.84,0.002
587.88,0.0
587.92,0.0
587.96,0.0
588.0,0.0
588.04,0.002
588.08,0.004
588.12,0.0
588.16,0.0
588.2,0.004
588.24,0.004
588.28,0.002
588.32,0.004
588.36,0.008
588.4,0.002
588.44,0.0
588.48,0.0
588.52,0.0
588.5600000000001,0.0
588.6,0.002
588.64,0.0
588.6800000000001,-0.004
588.72,0.0
588.76,0.002
588.8000000000001,-0.002
588.84,0.0
588.88,0.006
588.92,0.008
588.96,0.002
589.0,0.002
589.04,0.008
589.08,0.004
589.12,0.0
589.16,0.0
589.2,0.0
589.24,0.0
589.28,0.004
589.32,0.004
589.36,-0.002
589.4,0.0
589.44,0.004
589.48,0.0
589.52,0.0
589.5600000000001,0.004
589.6,0.006
589.64,0.002
589.6800000000001,0.002
589.72,0.004
589.76,0.004
589.8000000000001,0.004
589.84,0.004
589.88,0.004
589.92,0.0
589.96,0.002
590.0,0.002
590.04,-0.004
590.08,-0.004
590.12,0.004
590.16,0.002
590.2,0.0
590.24,0.002
590.28,0.008
590.32,0.004
590.36,0.002
590.4,0.0
590.44,0.0
590.48,0.002
590.52,0.006
590.5600000000001,0.002
590.6,0.0
590.64,0.0
590.6800000000001,0.002
590.72,0.0
590.76,-0.002
590.8000000000001,0.002
590.84,0.0
590.88,0.0
590.92,0.002
590.96,0.002
591.0,0.004
591.04,0.004
591.08,0.002
591.12,0.0
591.16,0.0
591.2,0.004
591.24,0.002
591.28,-0.002
591.32,0.0
591.36,0.0
591.4,0.0
591.44,-0.002
591.48,0.002
591.52,0.004
591.5600000000001,0.004
591.6,0.004
591.64,0.002
591.6800000000001,0.002
591.72,0.004
591.76,0.004
591.8000000000001,0.002
591.84,0.002
591.88,0.004
591.92,0.004
591.96,0.002
592.0,0.0
592.04,0.0
592.08,0.0
592.12,0.0
592.16,0.002
592.2,0.004
592.24,0.004
592.28,0.004
592.32,0.004
592.36,0.0
592.4,0.002
592.44,0.004
592.48,0.004
592.52,0.0
592.5600000000001,0.0
592.6,0.002
592.64,-0.004
592.6800000000001,-0.002
592.72,0.0
592.76,0.0
592.8000000000001,0.0
592.84,0.0
592.88,0.002
592.92,0.0
592.96,0.002
593.0,0.002
593.04,0.0
593.08,0.0
593.12,0.006
593.16,0.008
593.2,0.002
593.24,0.0
593.28,0.0
593.32,0.0
593.36,-0.002
593.4,0.0
593.44,0.002
593.48,0.0
593.52,0.002
593.5600000000001,0.004
593.6,0.0
593.64,0.004
593.6800000000001,0.006
593.72,0.004
593.76,0.002
593.8000000000001,0.006
593.84,0.004
593.88,0.0
593.92,-0.002
593.96,0.0
594.0,0.0
594.04,0.0
594.08,0.0
594.12,0.002
594.16,0.0
594.2,0.0
594.24,0.0
594.28,-0.004
594.32,0.0
594.36,0.004
594.4,0.006
594.44,0.004
594.48,0.004
594.52,0.004
594.5600000000001,0.002
594.6,0.0
594.64,0.002
594.6800000000001,0.0
594.72,-0.002
594.76,0.0
594.8000000000001,0.002
594.84,-0.002
594.88,0.0
594.92,0.002
594.96,0.0
595.0,0.0
595.04,0.006
595.08,0.006
595.12,0.0
595.16,0.0
595.2,0.004
595.24,0.002
595.28,-0.002
595.32,0.002
595.36,0.002
595.4,0.0
595.44,0.0
595.48,0.0
595.52,-0.004
595.5600000000001,-0.002
595.6,0.002
595.64,0.004
595.6800000000001,0.0
595.72,0.004
595.76,0.008
595.8000000000001,0.004
595.84,0.002
595.88,0.004
595.92,0.0
595.96,0.0
596.0,0.002
596.04,0.002
596.08,0.0
596.12,0.002
596.16,0.002
596.2,0.0
596.24,0.0
596.28,0.002
596.32,0.004
596.36,0.0
596.4,0.002
596.44,0.004
596.48,0.004
596.52,0.0
596.5600000000001,0.002
596.6,0.002
596.64,0.0
596.6800000000001,0.002
596.72,0.002
596.76,-0.004
596.8000000000001,0.0
596.84,0.0
596.88,-0.004
596.92,-0.006
596.96,0.0
597.0,0.004
597.04,0.002
597.08,0.004
597.12,0.004
597.16,0.0
597.2,0.002
597.24,0.004
597.28,0.0
597.32,0.0
597.36,0.004
597.4,0.002
597.44,0.0
597.48,0.0
597.52,0.002
597.5600000000001,0.002
597.6,0.0
597.64,0.002
597.6800000000001,0.004
597.72,0.004
597.76,0.002
597.8000000000001,0.004
597.84,0.002
597.88,0.002
597.92,0.004
597.96,0.004
598.0,0.004
598.04,0.002
598.08,0.0
598.12,-0.004
598.16,-0.004
598.2,-0.002
598.24,0.002
598.28,0.002
598.32,0.002
598.36,0.002
598.4,0.0
598.44,0.002
598.48,0.002
598.52,0.0
598.5600000000001,-0.002
598.6,0.004
598.64,0.004
598.6800000000001,0.002
598.72,0.0
598.76,0.0
598.8000000000001,-0.002
598.84,-0.004
598.88,0.0
598.92,0.0
598.96,0.002
599.0,0.002
599.04,0.002
599.08,0.0
599.12,0.002
599.16,0.004
599.2,0.002
599.24,0.004
599.28,0.008
599.32,0.004
599.36,0.0
599.4,-0.002
599.44,0.0
599.48,0.002
599.52,0.0
599.5600000000001,0.0
599.6,0.0
599.64,0.004
599.6800000000001,0.004
599.72,0.004
599.76,0.0
599.8000000000001,0.002
599.84,0.004
599.88,0.004
599.92,0.002
599.96,0.004
600.0,0.004
600.04,0.0
600.08,0.0
600.12,0.0
600.16,0.002
600.2,0.0
600.24,0.0
600.28,0.0
600.32,0.0
600.36,0.0
600.4,0.002
600.44,0.004
600.48,0.002
600.52,0.004
600.5600000000001,0.004
600.6,0.0
600.64,0.002
600.6800000000001,0.002
600.72,0.0
600.76,-0.004
600.8000000000001,-0.002
600.84,0.0
600.88,0.0
600.92,0.002
600.96,0.0
601.0,-0.004
601.04,-0.002
601.08,0.002
601.12,0.002
601.16,0.0
601.2,0.004
601.24,0.008
601.28,0.002
601.32,0.0
601.36,0.004
601.4,0.002
601.44,0.0
601.48,0.0
601.52,0.002
601.5600000000001,0.0
601.6,0.0
601.64,0.002
601.6800000000001,0.0
601.72,0.0
601.76,0.004
601.8000000000001,0.004
601.84,0.0
601.88,0.004
601.92,0.008
601.96,0.002
602.0,-0.002
602.04,0.002
602.08,0.002
602.12,0.0
602.16,0.002
602.2,0.002
602.24,-0.002
602.28,0.0
602.32,0.004
602.36,-0.002
602.4,-0.004
602.44,0.0
602.48,0.004
602.52,0.0
602.5600000000001,0.002
602.6,0.008
602.64,0.002
602.6800000000001,0.0
602.72,0.0
602.76,0.0
602.8000000000001,-0.002
602.84,0.0
602.88,0.0
602.92,-0.004
602.96,-0.002
603.0,0.002
603.04,0.0
603.08,-0.002
603.12,0.004
603.16,0.008
603.2,0.002
603.24,0.0
603.28,0.004
603.32,0.004
603.36,0.002
603.4,0.002
603.44,0.002
603.48,0.002
603.52,0.004
603.5600000000001,0.004
603.6,-0.004
603.64,-0.004
603.6800000000001,0.0
603.72,0.0
603.76,0.0
603.8000000000001,0.002
603.84,0.006
603.88,0.004
603.92,0.002
603.96,0.002
604.0,0.0
604.04,0.002
604.08,0.002
604.12,0.0
604.16,0.0
604.2,0.002
604.24,0.0
604.28,-0.004
604.32,-0.004
604.36,0.0
604.4,0.0
604.44,0.0
604.48,0.0
604.52,0.002
604.5600000000001,0.004
604.6,0.002
604.64,0.0
604.6800000000001,0.0
604.72,0.004
604.76,0.006
604.8000000000001,0.004
604.84,-0.002
604.88,0.0
604.92,0.0
604.96,-0.004
605.0,-0.004
605.04,0.0
605.08,0.002
605.12,0.0
605.16,0.002
605.2,0.002
605.24,0.002
605.28,0.002
605.32,0.002
605.36,0.002
605.4,0.002
605.44,0.004
605.48,0.002
605.52,0.0
605.5600000000001,0.0
605.6,0.0
605.64,0.0
605.6800000000001,-0.002
605.72,0.0
605.76,0.002
605.8000000000001,0.002
605.84,0.002
605.88,0.0
605.92,0.0
605.96,0.004
606.0,0.004
606.04,0.004
606.08,0.0
606.12,0.004
606.16,0.004
606.2,0.0
606.24,-0.002
606.28,0.0
606.32,0.0
606.36,-0.002
606.4,0.0
606.44,0.002
606.48,0.004
606.52,0.0
606.5600000000001,0.0
606.6,0.002
606.64,0.0
606.6800000000001,0.002
606.72,0.002
606.76,0.0
606.8000000000001,0.0
606.84,0.004
606.88,0.0
606.92,-0.004
606.96,-0.002
607.0,0.0
607.04,0.0
607.08,-0.002
607.12,0.0
607.16,0.0
607.2,0.002
607.24,0.004
607.28,0.002
607.32,0.0
607.36,0.004
607.4,0.01
607.44,0.002
607.48,0.0
607.52,0.002
607.5600000000001,0.0
607.6,-0.004
607.64,0.0
607.6800000000001,0.004
607.72,0.002
607.76,0.0
607.8000000000001,0.002
607.84,0.0
607.88,0.0
607.92,0.004
607.96,0.004
608.0,0.0
608.04,0.002
608.08,0.006
608.12,0.002
608.16,-0.002
608.2,0.002
608.24,0.0
608.28,-0.004
608.32,0.0
608.36,0.0
608.4,0.0
608.44,0.0
608.48,0.0
608.52,-0.004
608.5600000000001,-0.004
608.6,0.006
608.64,0.006
608.6800000000001,0.002
608.72,0.002
608.76,0.004
608.8000000000001,0.0
608.84,-0.004
608.88,0.0
608.92,0.0
608.96,0.0
609.0,0.002
609.04,0.002
609.08,-0.002
609.12,0.0
609.16,0.002
609.2,0.0
609.24,0.0
609.28,0.004
609.32,0.006
609.36,0.002
609.4,0.004
609.44,0.004
609.48,0.002
609.52,0.0
609.5600000000001,0.002
609.6,0.0
609.64,0.0
609.6800000000001,0.002
609.72,0.0
609.76,-0.006
609.8000000000001,-0.002
609.84,0.002
609.88,0.002
609.92,0.0
609.96,0.004
610.0,0.006
610.04,0.004
610.08,0.002
610.12,0.002
610.16,0.0
610.2,0.0
610.24,0.002
610.28,0.002
610.32,0.0
610.36,0.002
610.4,0.002
610.44,-0.004
610.48,-0.002
610.52,0.0
610.5600000000001,0.0
610.6,0.002
610.64,0.002
610.6800000000001,0.006
610.72,0.002
610.76,0.0
610.8000000000001,0.0
610.84,0.0
610.88,0.0
610.92,0.0
610.96,-0.002
611.0,-0.004
611.04,0.0
611.08,0.002
611.12,-0.004
611.16,-0.004
611.2,0.0
611.24,0.002
611.28,0.002
611.32,0.004
611.36,0.002
611.4,0.002
611.44,0.002
611.48,0.0
611.52,0.0
611.5600000000001,0.002
611.6,0.004
611.64,0.002
611.6800000000001,0.0
611.72,0.0
611.76,0.0
611.8000000000001,-0.002
611.84,-0.004
611.88,0.002
611.92,0.004
611.96,0.002
612.0,0.002
612.04,0.004
612.08,0.002
612.12,0.002
612.16,0.002
612.2,0.0
612.24,-0.002
612.28,0.002
612.32,0.004
612.36,-0.002
612.4,-0.006
612.44,0.0
612.48,0.002
612.52,-0.002
612.5600000000001,0.0
612.6,0.004
612.64,0.002
612.6800000000001,0.0
612.72,0.0
612.76,0.0
612.8000000000001,0.0
612.84,0.004
612.88,0.004
612.92,0.0
612.96,0.0
613.0,0.002
613.04,-0.002
613.08,-0.006
613.12,-0.002
613.16,0.0
613.2,0.0
613.24,0.002
613.28,0.004
613.32,0.004
613.36,0.004
613.4,0.004
613.44,0.0
613.48,0.0
613.52,0.004
613.5600000000001,0.006
613.6,0.0
613.64,0.0
613.6800000000001,0.002
613.72,0.002
613.76,-0.004
613.8000000000001,-0.002
613.84,0.002
613.88,0.0
613.92,0.0
613.96,0.002
614.0,0.0
614.04,0.0
614.08,0.004
614.12,0.002
614.16,0.0
614.2,0.002
614.24,0.006
614.28,0.0
614.32,-0.002
614.36,0.0
614.4,0.0
614.44,-0.006
614.48,-0.002
614.52,0.002
614.5600000000001,0.002
614.6,0.002
614.64,0.002
614.6800000000001,0.0
614.72,0.0
614.76,0.004
614.8000000000001,0.004
614.84,0.0
614.88,0.0
614.92,0.004
614.96,0.0
615.0,0.0
615.04,0.0
615.08,-0.002
615.12,-0.002
615.16,-0.002
615.2,0.0
615.24,0.0
615.28,0.002
615.32,0.004
615.36,0.0
615.4,0.0
615.44,0.004
615.48,0.004
615.52,0.002
615.5600000000001,0.002
615.6,0.004
615.64,0.0
615.6800000000001,-0.002
615.72,0.0
615.76,0.0
615.8000000000001,0.0
615.84,0.002
615.88,0.002
615.92,0.0
615.96,0.002
616.0,0.004
616.04,0.0
616.08,0.0
616.12,0.004
616.16,0.006
616.2,0.004
616.24,0.002
616.28,0.002
616.32,0.0
616.36,-0.002
616.4,-0.002
616.44,-0.004
616.48,-0.002
616.52,0.0
616.5600000000001,0.0
616.6,-0.004
616.64,-0.002
616.6800000000001,0.002
616.72,0.002
616.76,0.002
616.8000000000001,0.002
616.84,0.002
616.88,0.0
616.92,0.0
616.96,0.0
617.0,-0.002
617.04,-0.002
617.08,0.0
617.12,0.0
617.16,0.0
617.2,0.002
617.24,0.002
617.28,-0.004
617.32,-0.004
617.36,0.004
617.4,0.006
617.44,0.002
617.48,0.004
617.52,0.004
617.5600000000001,0.004
617.6,0.002
617.64,0.0
617.6800000000001,-0.002
617.72,0.0
617.76,0.0
617.8000000000001,0.002
617.84,-0.002
617.88,0.0
617.92,0.002
617.96,0.0
618.0,0.0
618.04,0.0
618.08,0.004
618.12,0.002
618.16,0.002
618.2,0.002
618.24,0.0
618.28,-0.002
618.32,0.0
618.36,0.0
618.4,-0.002
618.44,0.002
618.48,0.002
618.52,-0.004
618.5600000000001,-0.004
618.6,0.0
618.64,0.0
618.6800000000001,-0.002
618.72,0.0
618.76,0.006
618.8000000000001,0.004
618.84,0.002
618.88,0.004
618.92,0.0
618.96,0.0
619.0,0.0
619.04,0.0
619.08,-0.004
619.12,0.0
619.16,0.002
619.2,0.0
619.24,-0.004
619.28,0.0
619.32,0.002
619.36,0.002
619.4,0.002
619.44,0.004
619.48,0.004
619.52,0.0
619.5600000000001,0.002
619.6,0.0
619.64,0.0
619.6800000000001,0.002
619.72,0.004
619.76,-0.002
619.8000000000001,0.0
619.84,0.002
619.88,0.0
619.92,-0.004
619.96,0.0
620.0,0.002
620.04,0.004
620.08,0.002
620.12,0.004
620.16,0.004
620.2,0.002
620.24,0.004
620.28,0.0
620.32,-0.004
620.36,0.002
620.4,0.004
620.44,0.0
620.48,0.0
620.52,-0.002
620.5600000000001,0.0
620.6,-0.004
620.64,0.0
620.6800000000001,0.0
620.72,0.0
620.76,0.0
620.8000000000001,0.002
620.84,0.0
620.88,0.0
620.92,0.002
620.96,0.0
621.0,-0.002
621.04,0.0
621.08,0.004
621.12,0.0
621.16,-0.006
621.2,-0.004
621.24,0.0
621.28,0.0
621.32,0.0
621.36,0.002
621.4,0.004
621.44,0.004
621.48,0.004
621.52,0.0
621.5600000000001,0.0
621.6,0.002
621.64,0.004
621.6800000000001,0.0
621.72,0.002
621.76,0.002
621.8000000000001,0.0
621.84,0.0
621.88,0.0
621.92,-0.004
621.96,-0.002
622.0,0.002
622.04,0.004
622.08,0.0
622.12,0.0
622.16,0.004
622.2,0.0
622.24,0.0
622.28,0.004
622.32,0.004
622.36,0.0
622.4,-0.002
622.44,0.0
622.48,-0.004
622.52,-0.004
622.5600000000001,-0.002
622.6,0.0
622.64,0.0
622.6800000000001,0.002
622.72,0.004
622.76,0.0
622.8000000000001,0.0
622.84,0.002
622.88,0.002
622.92,0.0
622.96,0.002
623.0,0.004
623.04,0.004
623.08,0.002
623.12,0.0
623.16,-0.004
623.2,-0.002
623.24,0.0
623.28,0.0
623.32,0.0
623.36,0.002
623.4,0.004
623.44,0.0
623.48,0.004
623.52,0.004
623.5600000000001,0.004
623.6,0.0
623.64,0.002
623.6800000000001,0.002
623.72,0.0
623.76,0.0
623.8000000000001,0.0
623.84,-0.004
623.88,0.0
623.92,0.004
623.96,0.002
624.0,0.0
624.04,0.0
624.08,0.002
624.12,0.0
624.16,0.0
624.2,0.002
624.24,0.004
624.28,0.002
624.32,0.002
624.36,0.002
624.4,-0.004
624.44,-0.002
624.48,0.0
624.52,-0.002
624.5600000000001,-0.004
624.6,0.0
624.64,0.0
624.6800000000001,0.0
624.72,0.0
624.76,0.002
624.8000000000001,0.0
624.84,0.0
624.88,0.002
624.92,0.004
624.96,0.0
625.0,0.002
625.04,0.0
625.08,-0.002
625.12,-0.002
625.16,0.0
625.2,0.0
625.24,0.0
625.28,0.0
625.32,0.002
625.36,0.0
625.4,-0.002
625.44,0.0
625.48,0.002
625.52,0.004
625.5600000000001,0.002
625.6,0.004
625.64,0.004
625.6800000000001,0.004
625.72,0.004
625.76,0.0
625.8000000000001,-0.004
625.84,0.0
625.88,0.002
625.92,0.0
625.96,0.0
626.0,0.002
626.04,0.0
626.08,0.0
626.12,0.0
626.16,0.002
626.2,0.002
626.24,0.004
626.28,0.004
626.32,0.0
626.36,0.0
626.4,0.0
626.44,0.0
626.48,-0.004
626.52,0.0
626.5600000000001,0.0
626.6,-0.002
626.64,-0.004
626.6800000000001,0.0
626.72,0.0
626.76,-0.002
626.8000000000001,0.0
626.84,0.002
626.88,0.004
626.92,0.004
626.96,0.004
627.0,0.0
627.04,-0.004
627.08,0.0
627.12,0.002
627.16,0.0
627.2,0.0
627.24,0.002
627.28,0.0
627.32,0.0
627.36,0.0
627.4,0.002
627.44,0.0
627.48,0.002
627.52,0.004
627.5600000000001,0.004
627.6,0.002
627.64,0.004
627.6800000000001,0.0
627.72,-0.002
627.76,0.002
627.8000000000001,0.002
627.84,0.0
627.88,0.0
627.92,0.002
627.96,0.0
628.0,-0.004
628.04,-0.002
628.08,-0.002
628.12,0.002
628.16,0.006
628.2,0.004
628.24,0.0
628.28,0.002
628.32,0.004
628.36,0.002
628.4,-0.004
628.44,0.0
628.48,0.002
628.52,0.0
628.5600000000001,0.0
628.6,0.002
628.64,-0.004
628.6800000000001,-0.002
628.72,0.002
628.76,0.0
628.8000000000001,0.0
628.84,0.004
628.88,0.004
628.92,0.0
628.96,0.002
629.0,0.004
629.04,0.002
629.08,0.0
629.12,0.002
629.16,0.002
629.2,0.0
629.24,-0.002
629.28,0.0
629.32,-0.004
629.36,-0.002
629.4,0.004
629.44,0.0
629.48,-0.002
629.52,0.004
629.5600000000001,0.008
629.6,0.002
629.64,0.0
629.6800000000001,0.002
629.72,0.0
629.76,0.0
629.8000000000001,0.002
629.84,0.002
629.88,-0.002
629.92,0.0
629.96,0.0
630.0,-0.004
630.04,-0.002
630.08,0.002
630.12,0.002
630.16,0.0
630.2,0.002
630.24,0.004
630.28,0.002
630.32,0.002
630.36,0.004
630.4,0.0
630.44,0.0
630.48,0.002
630.52,0.0
630.5600000000001,-0.004
630.6,-0.004
630.64,0.0
630.6800000000001,-0.006
630.72,-0.004
630.76,0.002
630.8000000000001,0.004
630.84,0.0
630.88,0.0
630.92,0.0
630.96,0.0
631.0,0.0
631.04,0.0
631.08,0.002
631.12,0.0
631.16,0.004
631.2,0.002
631.24,-0.004
631.28,-0.004
631.32,0.0
631.36,0.0
631.4,0.0
631.44,0.0
631.48,0.004
631.52,0.004
631.5600000000001,0.004
631.6,0.004
631.64,0.002
631.6800000000001,0.004
631.72,0.004
631.76,0.002
631.8000000000001,0.004
631.84,0.002
631.88,0.0
631.92,-0.004
631.96,-0.004
632.0,0.002
632.04,0.004
632.08,0.0
632.12,0.0
632.16,0.002
632.2,0.002
632.24,0.0
632.28,0.0
632.32,0.0
632.36,0.0
632.4,0.004
632.44,0.002
632.48,0.0
632.52,-0.002
632.5600000000001,0.0
632.6,-0.002
632.64,-0.006
632.6800000000001,-0.004
632.72,0.002
632.76,0.0
632.8000000000001,0.0
632.84,0.002
632.88,0.004
632.92,0.002
632.96,0.002
633.0,0.004
633.04,0.004
633.08,0.002
633.12,0.002
633.16,-0.002
633.2,-0.004
633.24,0.0
633.28,0.002
633.32,-0.004
633.36,0.0
633.4,0.004
633.44,0.004
633.48,0.0
633.52,0.0
633.5600000000001,0.0
633.6,0.0
633.64,0.002
633.6800000000001,0.004
633.72,0.0
633.76,0.002
633.8000000000001,0.004
633.84,0.0
633.88,-0.006
633.92,-0.004
633.96,0.0
634.0,-0.002
634.04,-0.002
634.08,0.0
634.12,0.0
634.16,0.0
634.2,0.002
634.24,0.004
634.28,0.0
634.32,0.002
634.36,0.004
634.4,0.0
634.44,0.002
634.48,0.004
634.52,0.0
634.5600000000001,-0.006
634.6,-0.002
634.64,0.002
634.6800000000001,0.0
634.72,0.0
634.76,0.0
634.8000000000001,-0.002
634.84,-0.002
634.88,0.002
634.92,0.0
634.96,0.0
635.0,0.004
635.04,0.008
635.08,0.002
635.12,0.0
635.16,0.0
635.2,0.0
635.24,-0.004
635.28,-0.002
635.32,0.0
635.36,-0.002
635.4,0.002
635.44,0.004
635.48,0.0
635.52,-0.002
635.5600000000001,0.004
635.6,0.004
635.64,0.0
635.6800000000001,0.004
635.72,0.006
635.76,0.0
635.8000000000001,0.0
635.84,0.0
635.88,0.002
635.92,0.0
635.96,0.0
636.0,0.0
636.04,-0.004
636.08,0.0
636.12,0.002
636.16,-0.004
636.2,-0.004
636.24,0.004
636.28,0.004
636.32,0.004
636.36,0.004
636.4,0.004
636.44,0.0
636.48,0.0
636.52,-0.002
636.5600000000001,-0.004
636.6,-0.004
636.64,0.0
636.6800000000001,0.0
636.72,-0.006
636.76,-0.002
636.8000000000001,0.0
636.84,0.0
636.88,0.0
636.92,0.004
636.96,0.004
637.0,0.0
637.04,0.0
637.08,0.002
637.12,0.004
637.16,0.002
637.2,0.0
637.24,0.0
637.28,0.0
637.32,0.002
637.36,0.0
637.4,-0.002
637.44,-0.004
637.48,0.002
637.52,0.002
637.5600000000001,0.0
637.6,0.004
637.64,0.006
637.6800000000001,0.004
637.72,0.002
637.76,0.0
637.8000000000001,0.0
637.84,0.0
637.88,0.002
637.92,0.0
637.96,-0.002
638.0,0.0
638.04,0.0
638.08,-0.002
638.12,-0.004
638.16,0.0
638.2,0.0
638.24,0.0
638.28,0.0
638.32,0.004
638.36,0.004
638.4,0.002
638.44,0.0
638.48,0.0
638.52,0.002
638.5600000000001,0.002
638.6,0.0
638.64,-0.004
638.6800000000001,-0.004
638.72,0.0
638.76,-0.002
638.8000000000001,-0.004
638.84,0.0
638.88,0.002
638.92,0.004
638.96,0.002
639.0,0.004
639.04,0.002
639.08,0.0
639.12,0.0
639.16,0.0
639.2,0.0
639.24,0.002
639.28,0.002
639.32,0.0
639.36,-0.002
639.4,-0.002
639.44,-0.002
639.48,-0.004
639.52,0.0
639.5600000000001,0.002
639.6,0.004
639.64,0.002
639.6800000000001,0.002
639.72,0.002
639.76,0.002
639.8000000000001,0.004
639.84,0.002
639.88,0.0
639.92,0.0
639.96,0.004
640.0,-0.002
640.04,-0.006
640.08,-0.002
640.12,0.002
640.16,0.0
640.2,0.0
640.24,0.002
640.28,0.004
640.32,0.0
640.36,0.002
640.4,0.0
640.44,-0.002
640.48,0.004
640.52,0.004
640.5600000000001,0.002
640.6,0.0
640.64,0.0
640.6800000000001,0.0
640.72,-0.006
640.76,-0.004
640.8000000000001,0.0
640.84,-0.004
640.88,0.0
640.92,0.002
640.96,0.002
641.0,0.002
641.04,0.004
641.08,0.002
641.12,-0.002
641.16,0.004
641.2,0.006
641.24,0.0
641.28,-0.004
641.32,0.0
641.36,0.0
641.4,-0.002
641.44,-0.002
641.48,0.0
641.52,0.002
641.5600000000001,0.002
641.6,0.004
641.64,0.0
641.6800000000001,0.0
641.72,0.004
641.76,0.004
641.8000000000001,0.0
641.84,0.002
641.88,0.006
641.92,0.002
641.96,0.0
642.0,0.0
642.04,-0.002
642.08,-0.004
642.12,-0.004
642.16,0.0
642.2,0.0
642.24,0.002
642.28,0.004
642.32,-0.002
642.36,-0.004
642.4,0.002
642.44,0.004
642.48,0.0
642.52,0.0
642.5600000000001,0.002
642.6,0.0
642.64,-0.002
642.6800000000001,-0.004
642.72,-0.002
642.76,0.0
642.8000000000001,0.002
642.84,0.0
642.88,-0.004
642.92,0.0
642.96,0.004
643.0,0.0
643.04,0.0
643.08,0.004
643.12,0.008
643.16,0.004
643.2,0.004
643.24,0.002
643.28,0.0
643.32,-0.002
643.36,-0.002
643.4,-0.004
643.44,-0.002
643.48,0.002
643.52,0.002
643.5600000000001,-0.002
643.6,0.0
643.64,0.002
643.6800000000001,0.002
643.72,-0.002
643.76,0.0
643.8000000000001,0.004
643.84,0.004
643.88,0.0
643.92,0.0
643.96,0.0
644.0,0.0
644.04,0.0
644.08,-0.002
644.12,-0.002
644.16,0.0
644.2,0.004
644.24,-0.004
644.28,-0.004
644.32,0.0
644.36,0.002
644.4,0.002
644.44,0.004
644.48,0.004
644.52,0.004
644.5600000000001,0.0
644.6,0.0
644.64,0.0
644.6800000000001,-0.002
644.72,0.0
644.76,0.0
644.8000000000001,0.0
644.84,0.0
644.88,0.002
644.92,0.0
644.96,-0.004
645.0,0.0
645.04,0.002
645.08,0.004
645.12,0.0
645.16,0.002
645.2,0.004
645.24,0.002
645.28,0.0
645.32,0.0
645.36,-0.002
645.4,0.002
645.44,0.0
645.48,-0.004
645.52,-0.004
645.5600000000001,0.0
645.6,0.0
645.64,0.0
645.6800000000001,0.002
645.72,0.004
645.76,0.004
645.8000000000001,0.002
645.84,0.004
645.88,0.002
645.92,0.0
645.96,0.0
646.0,0.0
646.04,0.0
646.08,0.0
646.12,0.004
646.16,0.002
646.2,-0.004
646.24,-0.002
646.28,0.002
646.32,0.0
646.36,0.0
646.4,0.002
646.44,0.002
646.48,0.002
646.52,0.004
646.5600000000001,0.0
646.6,0.0
646.64,0.002
646.6800000000001,0.0
646.72,-0.004
646.76,-0.004
646.8000000000001,0.0
646.84,0.0
646.88,-0.006
646.92,-0.004
646.96,0.0
647.0,0.0
647.04,0.0
647.08,0.004
647.12,0.002
647.16,0.002
647.2,0.002
647.24,0.0
647.28,0.0
647.32,0.002
647.36,0.006
647.4,0.0
647.44,0.0
647.48,0.004
647.52,0.002
647.5600000000001,-0.004
647.6,-0.002
647.64,0.0
647.6800000000001,0.0
647.72,0.002
647.76,0.004
647.8000000000001,0.002
647.84,0.0
647.88,0.004
647.92,0.002
647.96,0.0
648.0,0.0
648.04,0.004
648.08,0.0
648.12,-0.004
648.16,-0.004
648.2,-0.002
648.24,-0.004
648.28,0.0
648.32,0.002
648.36,0.002
648.4,0.0
648.44,0.002
648.48,0.0
648.52,0.0
648.5600000000001,0.002
648.6,0.002
648.64,0.0
648.6800000000001,0.0
648.72,0.004
648.76,0.002
648.8000000000001,-0.004
648.84,-0.004
648.88,-0.002
648.92,0.0
648.96,0.0
649.0,0.0
649.04,0.0
649.08,0.002
649.12,0.004
649.16,0.0
649.2,0.0
649.24,0.002
649.28,0.004
649.32,0.002
649.36,0.0
649.4,0.0
649.44,0.0
649.48,-0.002
649.52,0.0
649.5600000000001,-0.002
649.6,0.0
649.64,0.0
649.6800000000001,0.002
649.72,0.0
649.76,0.0
649.8000000000001,0.002
649.84,0.002
649.88,0.0
649.92,0.002
649.96,0.006
650.0,0.004
650.04,0.0
650.08,-0.002
650.12,0.0
650.16,0.0
650.2,-0.004
650.24,-0.004
650.28,0.0
650.32,0.0
650.36,0.002
650.4,0.004
650.44,0.0
650.48,0.004
650.52,0.004
650.5600000000001,0.0
650.6,0.0
650.64,0.004
650.6800000000001,0.002
650.72,-0.002
650.76,-0.002
650.8000000000001,0.0
650.84,0.0
650.88,0.0
650.92,0.0
650.96,-0.002
651.0,-0.004
651.04,0.0
651.08,0.0
651.12,-0.002
651.16,0.0
651.2,0.004
651.24,0.002
651.28,0.0
651.32,0.002
651.36,0.004
651.4,0.0
651.44,0.0
651.48,-0.002
651.52,-0.002
651.5600000000001,0.0
651.6,0.002
651.64,0.0
651.6800000000001,0.0
651.72,0.002
651.76,0.004
651.8000000000001,0.0
651.84,0.0
651.88,0.004
651.92,0.004
651.96,0.002
652.0,0.004
652.04,0.002
652.08,0.0
652.12,0.0
652.16,0.0
652.2,-0.002
652.24,-0.004
652.28,0.0
652.32,0.0
652.36,-0.004
652.4,-0.002
652.44,0.002
652.48,-0.004
652.52,0.0
652.5600000000001,0.004
652.6,0.004
652.64,0.004
652.6800000000001,0.002
652.72,0.0
652.76,-0.004
652.8000000000001,0.0
652.84,0.0
652.88,-0.004
652.92,-0.004
652.96,0.002
653.0,0.0
653.04,-0.004
653.08,0.0
653.12,0.002
653.16,0.0
653.2,0.002
653.24,0.004
653.28,0.004
653.32,0.0
653.36,0.002
653.4,0.002
653.44,-0.002
653.48,0.0
653.52,0.002
653.5600000000001,0.0
653.6,0.0
653.64,0.0
653.6800000000001,0.0
653.72,-0.004
653.76,0.0
653.8000000000001,0.002
653.84,0.002
653.88,0.004
653.92,0.004
653.96,0.002
654.0,0.0
654.04,0.004
654.08,0.0
654.12,-0.002
654.16,0.0
654.2,0.002
654.24,0.0
654.28,-0.002
654.32,0.0
654.36,0.002
654.4,0.0
654.44,0.0
654.48,0.002
654.52,0.002
654.5600000000001,0.002
654.6,0.004
654.64,0.002
654.6800000000001,0.0
654.72,0.0
654.76,0.002
654.8000000000001,0.0
654.84,0.0
654.88,0.0
654.92,0.0
654.96,-0.004
655.0,-0.004
655.04,0.0
655.08,-0.002
655.12,0.0
655.16,0.0
655.2,0.004
655.24,0.004
655.28,0.004
655.32,0.002
655.36,-0.002
655.4,0.0
655.44,0.002
655.48,0.0
655.52,-0.002
