Time (s),Voltage (V)
0.0,0.29600000000000004
0.04,0.316
0.08,0.30400000000000005
0.12,0.324
0.16,0.30800000000000005
0.2,-0.0040000000000000036
0.24,-0.007999999999999993
0.28,-0.007999999999999993
0.32,-0.0040000000000000036
0.36,0.0
0.4,-0.0040000000000000036
0.44,-0.0040000000000000036
0.48,0.0
0.52,-0.0040000000000000036
0.56,-0.007999999999999993
0.6,-0.0040000000000000036
0.64,0.0040000000000000036
0.68,0.0040000000000000036
0.72,0.0
0.76,0.0
0.8,-0.0040000000000000036
0.84,-0.007999999999999993
0.88,-0.0040000000000000036
0.92,-0.0040000000000000036
0.96,-0.007999999999999993
1.0,-0.007999999999999993
1.04,-0.0040000000000000036
1.08,-0.007999999999999993
1.12,-0.007999999999999993
1.16,-0.0040000000000000036
1.2,-0.0040000000000000036
1.24,-0.007999999999999993
1.28,0.0
1.32,0.0040000000000000036
1.36,-0.0040000000000000036
1.4000000000000001,-0.0040000000000000036
1.44,-0.0040000000000000036
1.48,-0.007999999999999993
1.52,-0.011999999999999997
1.56,-0.0040000000000000036
1.6,0.0
1.6400000000000001,-0.007999999999999993
1.68,-0.0040000000000000036
1.72,0.0
1.76,-0.007999999999999993
1.8,-0.007999999999999993
1.84,-0.0040000000000000036
1.8800000000000001,0.0
1.92,-0.0040000000000000036
1.96,0.0
2.0,0.0040000000000000036
2.04,-0.0040000000000000036
2.08,0.0040000000000000036
2.12,0.0040000000000000036
2.16,0.0
2.2,-0.007999999999999993
2.24,-0.0040000000000000036
2.2800000000000002,-0.0040000000000000036
2.32,-0.0040000000000000036
2.36,-0.0040000000000000036
2.4,-0.0040000000000000036
2.44,-0.007999999999999993
2.48,-0.007999999999999993
2.52,-0.0040000000000000036
2.56,-0.0040000000000000036
2.6,-0.0040000000000000036
2.64,0.0040000000000000036
2.68,0.0040000000000000036
2.72,-0.007999999999999993
2.7600000000000002,-0.007999999999999993
2.8000000000000003,-0.0040000000000000036
2.84,-0.0040000000000000036
2.88,-0.007999999999999993
2.92,-0.0040000000000000036
2.96,0.0
3.0,-0.007999999999999993
3.04,-0.007999999999999993
3.08,-0.0040000000000000036
3.12,-0.007999999999999993
3.16,-0.011999999999999997
3.2,-0.0040000000000000036
3.24,-0.0040000000000000036
3.2800000000000002,-0.0040000000000000036
3.3200000000000003,-0.0040000000000000036
3.36,0.0040000000000000036
3.4,-0.0040000000000000036
3.44,-0.007999999999999993
3.48,-0.0040000000000000036
3.52,0.0040000000000000036
3.56,-0.0040000000000000036
3.6,-0.0040000000000000036
3.64,-0.0040000000000000036
3.68,-0.007999999999999993
3.72,-0.007999999999999993
3.7600000000000002,-0.007999999999999993
3.8000000000000003,-0.007999999999999993
3.84,-0.0040000000000000036
3.88,-0.0040000000000000036
3.92,0.0
3.96,-0.0040000000000000036
4.0,-0.0040000000000000036
4.04,-0.0040000000000000036
4.08,-0.0040000000000000036
4.12,-0.007999999999999993
4.16,0.0
4.2,0.0040000000000000036
4.24,-0.0040000000000000036
4.28,-0.0040000000000000036
4.32,0.0
4.36,-0.007999999999999993
4.4,-0.011999999999999997
4.44,-0.007999999999999993
4.48,-0.0040000000000000036
4.5200000000000005,-0.007999999999999993
4.5600000000000005,-0.0040000000000000036
4.6000000000000005,0.0
4.64,-0.0040000000000000036
4.68,-0.007999999999999993
4.72,-0.0040000000000000036
4.76,0.0040000000000000036
4.8,0.0
4.84,0.0040000000000000036
4.88,0.0040000000000000036
4.92,-0.0040000000000000036
4.96,-0.0040000000000000036
5.0,-0.0040000000000000036
5.04,-0.0040000000000000036
5.08,-0.007999999999999993
5.12,-0.0040000000000000036
5.16,-0.0040000000000000036
5.2,-0.0040000000000000036
5.24,-0.0040000000000000036
5.28,-0.0040000000000000036
5.32,-0.007999999999999993
5.36,-0.011999999999999997
5.4,-0.0040000000000000036
5.44,-0.0040000000000000036
5.48,-0.0040000000000000036
5.5200000000000005,0.0
5.5600000000000005,0.0040000000000000036
5.6000000000000005,-0.0040000000000000036
5.64,-0.007999999999999993
5.68,-0.0040000000000000036
5.72,-0.0040000000000000036
5.76,-0.007999999999999993
5.8,-0.0040000000000000036
5.84,0.0
5.88,-0.007999999999999993
5.92,-0.011999999999999997
5.96,-0.0040000000000000036
6.0,-0.0040000000000000036
6.04,-0.007999999999999993
6.08,-0.0040000000000000036
6.12,0.0
6.16,-0.0040000000000000036
6.2,0.0
6.24,0.0
6.28,-0.0040000000000000036
6.32,-0.007999999999999993
6.36,0.0
6.4,0.0
6.44,-0.0040000000000000036
6.48,0.0
6.5200000000000005,0.0
6.5600000000000005,-0.007999999999999993
6.6000000000000005,-0.007999999999999993
6.640000000000001,-0.007999999999999993
6.68,-0.007999999999999993
6.72,-0.007999999999999993
6.76,-0.0040000000000000036
6.8,0.0
6.84,-0.0040000000000000036
6.88,-0.0040000000000000036
6.92,-0.0040000000000000036
6.96,-0.0040000000000000036
7.0,-0.0040000000000000036
7.04,0.0
7.08,-0.0040000000000000036
7.12,-0.007999999999999993
7.16,-0.007999999999999993
7.2,-0.0040000000000000036
7.24,-0.0040000000000000036
7.28,-0.007999999999999993
7.32,-0.007999999999999993
7.36,-0.0040000000000000036
7.4,-0.0040000000000000036
7.44,-0.0040000000000000036
7.48,0.0
7.5200000000000005,-0.0040000000000000036
7.5600000000000005,-0.007999999999999993
7.6000000000000005,-0.0040000000000000036
7.640000000000001,-0.0040000000000000036
7.68,0.0
7.72,0.0040000000000000036
7.76,0.0040000000000000036
7.8,-0.0040000000000000036
7.84,-0.0040000000000000036
7.88,-0.0040000000000000036
7.92,-0.007999999999999993
7.96,-0.007999999999999993
8.0,-0.0040000000000000036
8.040000000000001,-0.0040000000000000036
8.08,-0.0040000000000000036
8.120000000000001,-0.0040000000000000036
8.16,-0.0040000000000000036
8.2,-0.0040000000000000036
8.24,-0.0040000000000000036
8.28,-0.0040000000000000036
8.32,0.0040000000000000036
8.36,-0.0040000000000000036
8.4,-0.0040000000000000036
8.44,0.0040000000000000036
8.48,-0.0040000000000000036
8.52,-0.011999999999999997
8.56,-0.007999999999999993
8.6,-0.007999999999999993
8.64,-0.007999999999999993
8.68,-0.0040000000000000036
8.72,0.0
8.76,-0.007999999999999993
8.8,-0.007999999999999993
8.84,-0.0040000000000000036
8.88,-0.0040000000000000036
8.92,-0.007999999999999993
8.96,0.0
9.0,0.0040000000000000036
9.040000000000001,0.0040000000000000036
9.08,-0.0040000000000000036
9.120000000000001,0.0
9.16,-0.0040000000000000036
9.200000000000001,-0.007999999999999993
9.24,-0.0040000000000000036
9.28,-0.0040000000000000036
9.32,-0.007999999999999993
9.36,-0.0040000000000000036
9.4,-0.0040000000000000036
9.44,-0.007999999999999993
9.48,-0.007999999999999993
9.52,-0.0040000000000000036
9.56,-0.0040000000000000036
9.6,-0.007999999999999993
9.64,0.0040000000000000036
9.68,0.0040000000000000036
9.72,-0.0040000000000000036
9.76,-0.011999999999999997
9.8,-0.0040000000000000036
9.84,-0.0040000000000000036
9.88,-0.007999999999999993
9.92,-0.0040000000000000036
9.96,0.0
10.0,-0.007999999999999993
10.040000000000001,-0.007999999999999993
10.08,-0.0040000000000000036
10.120000000000001,-0.007999999999999993
10.16,-0.011999999999999997
10.200000000000001,-0.0040000000000000036
10.24,0.0
10.28,0.0
10.32,-0.0040000000000000036
10.36,-0.0040000000000000036
10.4,-0.0040000000000000036
10.44,-0.0040000000000000036
10.48,-0.0040000000000000036
10.52,0.0
10.56,-0.0040000000000000036
10.6,0.0040000000000000036
10.64,0.0
10.68,-0.007999999999999993
10.72,-0.007999999999999993
10.76,-0.0040000000000000036
10.8,-0.007999999999999993
10.84,-0.007999999999999993
10.88,0.0
10.92,0.0040000000000000036
10.96,-0.0040000000000000036
11.0,-0.007999999999999993
11.040000000000001,-0.0040000000000000036
11.08,-0.0040000000000000036
11.120000000000001,-0.0040000000000000036
11.16,0.0
11.200000000000001,0.0
11.24,-0.0040000000000000036
11.28,-0.0040000000000000036
11.32,-0.0040000000000000036
11.36,-0.007999999999999993
11.4,-0.011999999999999997
11.44,-0.007999999999999993
11.48,-0.007999999999999993
11.52,-0.007999999999999993
11.56,-0.0040000000000000036
11.6,-0.0040000000000000036
11.64,-0.0040000000000000036
11.68,-0.0040000000000000036
11.72,-0.0040000000000000036
11.76,-0.0040000000000000036
11.8,0.0
11.84,0.0040000000000000036
11.88,0.0
11.92,-0.0040000000000000036
11.96,-0.0040000000000000036
12.0,-0.007999999999999993
12.040000000000001,-0.007999999999999993
12.08,-0.007999999999999993
12.120000000000001,0.0
12.16,0.0
12.200000000000001,-0.007999999999999993
12.24,-0.007999999999999993
12.280000000000001,-0.0040000000000000036
12.32,-0.0040000000000000036
12.36,-0.007999999999999993
12.4,-0.0040000000000000036
12.44,-0.0040000000000000036
12.48,-0.0040000000000000036
12.52,0.0
12.56,0.0040000000000000036
12.6,-0.0040000000000000036
12.64,-0.0040000000000000036
12.68,-0.0040000000000000036
12.72,-0.0040000000000000036
12.76,-0.007999999999999993
12.8,-0.007999999999999993
12.84,-0.0040000000000000036
12.88,-0.007999999999999993
12.92,-0.007999999999999993
12.96,-0.007999999999999993
13.0,-0.0040000000000000036
13.040000000000001,-0.0040000000000000036
13.08,0.0
13.120000000000001,0.0
13.16,-0.0040000000000000036
13.200000000000001,0.0
13.24,0.0
13.280000000000001,-0.0040000000000000036
13.32,-0.0040000000000000036
13.36,0.0
13.4,0.0
13.44,-0.007999999999999993
13.48,-0.0040000000000000036
13.52,0.0040000000000000036
13.56,-0.007999999999999993
13.6,-0.007999999999999993
13.64,-0.0040000000000000036
13.68,-0.007999999999999993
13.72,-0.007999999999999993
13.76,0.0040000000000000036
13.8,0.0040000000000000036
13.84,-0.007999999999999993
13.88,-0.0040000000000000036
13.92,0.0
13.96,0.0
14.0,-0.007999999999999993
14.040000000000001,-0.0040000000000000036
14.08,0.0
14.120000000000001,-0.007999999999999993
14.16,-0.007999999999999993
14.200000000000001,-0.007999999999999993
14.24,-0.007999999999999993
14.280000000000001,-0.011999999999999997
14.32,-0.0040000000000000036
14.36,-0.007999999999999993
14.4,-0.0040000000000000036
14.44,-0.0040000000000000036
14.48,0.0040000000000000036
14.52,-0.0040000000000000036
14.56,-0.0040000000000000036
14.6,-0.0040000000000000036
14.64,-0.0040000000000000036
14.68,-0.0040000000000000036
14.72,0.0040000000000000036
14.76,0.0040000000000000036
14.8,-0.0040000000000000036
14.84,-0.0040000000000000036
14.88,-0.0040000000000000036
14.92,-0.007999999999999993
14.96,-0.007999999999999993
15.0,0.0
15.040000000000001,-0.0040000000000000036
15.08,-0.0040000000000000036
15.120000000000001,-0.0040000000000000036
15.16,0.0040000000000000036
15.200000000000001,-0.0040000000000000036
15.24,-0.0040000000000000036
15.280000000000001,-0.0040000000000000036
15.32,0.0040000000000000036
15.36,0.0
15.4,-0.0040000000000000036
15.44,-0.0040000000000000036
15.48,-0.007999999999999993
15.52,-0.007999999999999993
15.56,-0.007999999999999993
15.6,-0.007999999999999993
15.64,-0.007999999999999993
15.68,-0.007999999999999993
15.72,0.0
15.76,-0.0040000000000000036
15.8,-0.007999999999999993
15.84,-0.007999999999999993
15.88,-0.007999999999999993
15.92,-0.007999999999999993
15.96,-0.0040000000000000036
16.0,0.008000000000000007
16.04,0.0040000000000000036
16.080000000000002,-0.0040000000000000036
16.12,-0.0040000000000000036
16.16,-0.0040000000000000036
16.2,-0.007999999999999993
16.240000000000002,-0.0040000000000000036
16.28,-0.0040000000000000036
16.32,-0.007999999999999993
16.36,-0.007999999999999993
16.4,-0.0040000000000000036
16.44,-0.0040000000000000036
16.48,-0.011999999999999997
16.52,-0.0040000000000000036
16.56,0.0040000000000000036
16.6,0.0
16.64,-0.0040000000000000036
16.68,0.0040000000000000036
16.72,0.0
16.76,-0.007999999999999993
16.8,-0.007999999999999993
16.84,-0.0040000000000000036
16.88,-0.007999999999999993
16.92,-0.0040000000000000036
16.96,0.0
17.0,-0.0040000000000000036
17.04,-0.007999999999999993
17.080000000000002,-0.007999999999999993
17.12,-0.007999999999999993
17.16,-0.011999999999999997
17.2,-0.007999999999999993
17.240000000000002,0.0
17.28,0.0
17.32,-0.0040000000000000036
17.36,-0.0040000000000000036
17.400000000000002,-0.0040000000000000036
17.44,-0.0040000000000000036
17.48,0.0040000000000000036
17.52,0.0
17.56,-0.007999999999999993
17.6,-0.0040000000000000036
17.64,0.0
17.68,-0.007999999999999993
17.72,-0.011999999999999997
17.76,-0.007999999999999993
17.8,-0.0040000000000000036
17.84,-0.007999999999999993
17.88,-0.0040000000000000036
17.92,0.0040000000000000036
17.96,-0.0040000000000000036
18.0,-0.007999999999999993
18.04,-0.0040000000000000036
18.080000000000002,-0.0040000000000000036
18.12,-0.0040000000000000036
18.16,0.0
18.2,0.0040000000000000036
18.240000000000002,0.0
18.28,-0.007999999999999993
18.32,-0.0040000000000000036
18.36,-0.007999999999999993
18.400000000000002,-0.007999999999999993
18.44,-0.007999999999999993
18.48,-0.007999999999999993
18.52,-0.007999999999999993
18.56,-0.0040000000000000036
18.6,-0.0040000000000000036
18.64,-0.0040000000000000036
18.68,-0.0040000000000000036
18.72,0.0
18.76,-0.0040000000000000036
18.8,-0.0040000000000000036
18.84,0.0040000000000000036
18.88,0.0040000000000000036
18.92,-0.0040000000000000036
18.96,-0.007999999999999993
19.0,-0.0040000000000000036
19.04,-0.0040000000000000036
19.080000000000002,-0.007999999999999993
19.12,-0.0040000000000000036
19.16,0.0040000000000000036
19.2,-0.0040000000000000036
19.240000000000002,-0.007999999999999993
19.28,0.0040000000000000036
19.32,-0.0040000000000000036
19.36,-0.0040000000000000036
19.400000000000002,-0.0040000000000000036
19.44,0.0040000000000000036
19.48,0.0
19.52,-0.0040000000000000036
19.56,0.0
19.6,-0.0040000000000000036
19.64,-0.0040000000000000036
19.68,-0.007999999999999993
19.72,-0.0040000000000000036
19.76,-0.007999999999999993
19.8,-0.007999999999999993
19.84,-0.0040000000000000036
19.88,-0.007999999999999993
19.92,-0.007999999999999993
19.96,-0.007999999999999993
20.0,-0.007999999999999993
20.04,-0.0040000000000000036
20.080000000000002,0.0
20.12,0.0040000000000000036
20.16,-0.0040000000000000036
20.2,-0.007999999999999993
20.240000000000002,0.0
20.28,-0.0040000000000000036
20.32,-0.0040000000000000036
20.36,-0.0040000000000000036
20.400000000000002,0.0
20.44,-0.0040000000000000036
20.48,-0.0040000000000000036
20.52,-0.0040000000000000036
20.56,-0.0040000000000000036
20.6,-0.011999999999999997
20.64,-0.0040000000000000036
20.68,-0.0040000000000000036
20.72,-0.007999999999999993
20.76,-0.0040000000000000036
20.8,0.0040000000000000036
20.84,0.0040000000000000036
20.88,0.0
20.92,-0.0040000000000000036
20.96,0.0
21.0,-0.0040000000000000036
21.04,-0.0040000000000000036
21.080000000000002,-0.0040000000000000036
21.12,-0.0040000000000000036
21.16,-0.007999999999999993
21.2,-0.007999999999999993
21.240000000000002,-0.011999999999999997
21.28,-0.007999999999999993
21.32,-0.0040000000000000036
21.36,0.0040000000000000036
21.400000000000002,-0.0040000000000000036
21.44,-0.0040000000000000036
21.48,0.0040000000000000036
21.52,0.0
21.56,-0.007999999999999993
21.6,-0.0040000000000000036
21.64,-0.0040000000000000036
21.68,-0.0040000000000000036
21.72,-0.0040000000000000036
21.76,0.0040000000000000036
21.8,-0.0040000000000000036
21.84,-0.007999999999999993
21.88,-0.007999999999999993
21.92,-0.0040000000000000036
21.96,-0.011999999999999997
22.0,-0.007999999999999993
22.04,0.0040000000000000036
22.080000000000002,-0.0040000000000000036
22.12,-0.0040000000000000036
22.16,0.0
22.2,0.0
22.240000000000002,-0.0040000000000000036
22.28,-0.0040000000000000036
22.32,0.0040000000000000036
22.36,0.0040000000000000036
22.400000000000002,-0.0040000000000000036
22.44,-0.007999999999999993
22.48,-0.007999999999999993
22.52,-0.007999999999999993
22.56,-0.007999999999999993
22.6,-0.0040000000000000036
22.64,-0.007999999999999993
22.68,-0.0040000000000000036
22.72,0.0040000000000000036
22.76,0.0
22.8,-0.007999999999999993
22.84,-0.007999999999999993
22.88,-0.0040000000000000036
22.92,-0.0040000000000000036
22.96,0.0
23.0,0.0040000000000000036
23.04,-0.0040000000000000036
23.080000000000002,-0.0040000000000000036
23.12,-0.0040000000000000036
23.16,-0.0040000000000000036
23.2,-0.007999999999999993
23.240000000000002,-0.0040000000000000036
23.28,0.0040000000000000036
23.32,-0.0040000000000000036
23.36,-0.007999999999999993
23.400000000000002,-0.0040000000000000036
23.44,-0.0040000000000000036
23.48,-0.0040000000000000036
23.52,-0.0040000000000000036
23.56,0.0040000000000000036
23.6,0.0040000000000000036
23.64,0.0
23.68,0.0
23.72,-0.0040000000000000036
23.76,-0.0040000000000000036
23.8,-0.0040000000000000036
23.84,-0.0040000000000000036
23.88,-0.007999999999999993
23.92,-0.007999999999999993
23.96,0.0
24.0,-0.0040000000000000036
24.04,-0.011999999999999997
24.080000000000002,-0.011999999999999997
24.12,-0.007999999999999993
24.16,-0.007999999999999993
24.2,-0.0040000000000000036
24.240000000000002,0.0
24.28,-0.0040000000000000036
24.32,-0.0040000000000000036
24.36,-0.0040000000000000036
24.400000000000002,0.0
24.44,-0.0040000000000000036
24.48,-0.0040000000000000036
24.52,0.0
24.560000000000002,0.0
24.6,-0.007999999999999993
24.64,-0.0040000000000000036
24.68,-0.0040000000000000036
24.72,-0.011999999999999997
24.76,-0.007999999999999993
24.8,0.0
24.84,0.0
24.88,-0.0040000000000000036
24.92,0.0040000000000000036
24.96,0.0040000000000000036
25.0,-0.0040000000000000036
25.04,-0.0040000000000000036
25.080000000000002,-0.0040000000000000036
25.12,-0.0040000000000000036
25.16,-0.0040000000000000036
25.2,0.0040000000000000036
25.240000000000002,-0.0040000000000000036
25.28,-0.007999999999999993
25.32,-0.007999999999999993
25.36,-0.0040000000000000036
25.400000000000002,-0.007999999999999993
25.44,-0.007999999999999993
25.48,-0.0040000000000000036
25.52,-0.007999999999999993
25.560000000000002,-0.007999999999999993
25.6,-0.0040000000000000036
25.64,-0.0040000000000000036
25.68,-0.007999999999999993
25.72,0.0
25.76,0.0040000000000000036
25.8,-0.0040000000000000036
25.84,-0.0040000000000000036
25.88,0.0
25.92,0.0
25.96,-0.007999999999999993
26.0,-0.007999999999999993
26.04,-0.0040000000000000036
26.080000000000002,-0.007999999999999993
26.12,-0.007999999999999993
26.16,0.0
26.2,0.0
26.240000000000002,-0.0040000000000000036
26.28,-0.0040000000000000036
26.32,-0.0040000000000000036
26.36,-0.007999999999999993
26.400000000000002,-0.0040000000000000036
26.44,0.0040000000000000036
26.48,0.0
26.52,-0.0040000000000000036
26.560000000000002,-0.0040000000000000036
26.6,0.0
26.64,-0.0040000000000000036
26.68,-0.007999999999999993
26.72,-0.007999999999999993
26.76,-0.007999999999999993
26.8,-0.0040000000000000036
26.84,-0.0040000000000000036
26.88,-0.007999999999999993
26.92,-0.007999999999999993
26.96,-0.0040000000000000036
27.0,-0.0040000000000000036
27.04,-0.0040000000000000036
27.080000000000002,0.0
27.12,0.0040000000000000036
27.16,0.0040000000000000036
27.2,-0.0040000000000000036
27.240000000000002,-0.0040000000000000036
27.28,-0.0040000000000000036
27.32,-0.007999999999999993
27.36,-0.007999999999999993
27.400000000000002,-0.0040000000000000036
27.44,0.0
27.48,-0.0040000000000000036
27.52,-0.0040000000000000036
27.560000000000002,-0.007999999999999993
27.6,-0.007999999999999993
27.64,-0.0040000000000000036
27.68,0.0
27.72,0.0
27.76,-0.0040000000000000036
27.8,0.0040000000000000036
27.84,0.0040000000000000036
27.88,0.0
27.92,-0.0040000000000000036
27.96,-0.007999999999999993
28.0,-0.0040000000000000036
28.04,-0.0040000000000000036
28.080000000000002,-0.0040000000000000036
28.12,-0.0040000000000000036
28.16,-0.007999999999999993
28.2,-0.007999999999999993
28.240000000000002,-0.007999999999999993
28.28,-0.011999999999999997
28.32,-0.0040000000000000036
28.36,0.0040000000000000036
28.400000000000002,-0.0040000000000000036
28.44,-0.0040000000000000036
28.48,0.0
28.52,-0.0040000000000000036
28.560000000000002,-0.007999999999999993
28.6,-0.007999999999999993
28.64,0.0
28.68,-0.0040000000000000036
28.72,-0.0040000000000000036
28.76,-0.0040000000000000036
28.8,-0.0040000000000000036
28.84,-0.007999999999999993
28.88,-0.007999999999999993
28.92,0.0
28.96,-0.0040000000000000036
29.0,-0.007999999999999993
29.04,0.0040000000000000036
29.080000000000002,0.0040000000000000036
29.12,-0.0040000000000000036
29.16,-0.0040000000000000036
29.2,-0.0040000000000000036
29.240000000000002,-0.0040000000000000036
29.28,0.0040000000000000036
29.32,0.0040000000000000036
29.36,0.0
29.400000000000002,-0.0040000000000000036
29.44,-0.0040000000000000036
29.48,-0.007999999999999993
29.52,-0.011999999999999997
29.560000000000002,-0.007999999999999993
29.6,0.0
29.64,-0.007999999999999993
29.68,-0.007999999999999993
29.72,0.0040000000000000036
29.76,0.0
29.8,-0.007999999999999993
29.84,-0.0040000000000000036
29.88,0.0
29.92,-0.0040000000000000036
29.96,-0.0040000000000000036
30.0,0.0040000000000000036
30.04,-0.0040000000000000036
30.080000000000002,-0.007999999999999993
30.12,-0.0040000000000000036
30.16,-0.0040000000000000036
30.2,-0.007999999999999993
30.240000000000002,-0.007999999999999993
30.28,0.0
30.32,0.0
30.36,-0.007999999999999993
30.400000000000002,-0.007999999999999993
30.44,-0.0040000000000000036
30.48,-0.007999999999999993
30.52,0.0
30.560000000000002,0.0040000000000000036
30.6,0.0040000000000000036
30.64,0.0
30.68,0.0
30.72,-0.0040000000000000036
30.76,-0.0040000000000000036
30.8,-0.0040000000000000036
30.84,-0.0040000000000000036
30.88,-0.007999999999999993
30.92,-0.007999999999999993
30.96,-0.0040000000000000036
31.0,-0.0040000000000000036
31.04,-0.007999999999999993
31.080000000000002,-0.0040000000000000036
31.12,-0.0040000000000000036
31.16,-0.007999999999999993
31.2,-0.0040000000000000036
31.240000000000002,0.0040000000000000036
31.28,0.0
31.32,-0.0040000000000000036
31.36,0.0
31.400000000000002,-0.0040000000000000036
31.44,-0.007999999999999993
31.48,-0.0040000000000000036
31.52,0.0
31.560000000000002,-0.0040000000000000036
31.6,-0.007999999999999993
31.64,-0.007999999999999993
31.68,-0.0040000000000000036
31.720000000000002,-0.007999999999999993
31.76,-0.007999999999999993
31.8,-0.0040000000000000036
31.84,-0.0040000000000000036
31.88,-0.0040000000000000036
31.92,0.0040000000000000036
31.96,0.0
32.0,0.0
32.04,0.0
32.08,-0.0040000000000000036
32.12,-0.007999999999999993
32.160000000000004,-0.0040000000000000036
32.2,-0.0040000000000000036
32.24,-0.0040000000000000036
32.28,-0.007999999999999993
32.32,-0.007999999999999993
32.36,-0.007999999999999993
32.4,-0.011999999999999997
32.44,-0.007999999999999993
32.480000000000004,-0.0040000000000000036
32.52,-0.0040000000000000036
32.56,-0.0040000000000000036
32.6,0.0
32.64,-0.0040000000000000036
32.68,-0.007999999999999993
32.72,-0.0040000000000000036
32.76,0.0
32.8,-0.0040000000000000036
32.84,-0.007999999999999993
32.88,-0.0040000000000000036
32.92,-0.0040000000000000036
32.96,-0.0040000000000000036
33.0,-0.007999999999999993
33.04,-0.007999999999999993
33.08,-0.007999999999999993
33.12,-0.007999999999999993
33.160000000000004,0.0
33.2,-0.0040000000000000036
33.24,-0.0040000000000000036
33.28,0.0
33.32,-0.0040000000000000036
33.36,-0.0040000000000000036
33.4,-0.0040000000000000036
33.44,0.0040000000000000036
33.480000000000004,0.0
33.52,-0.0040000000000000036
33.56,-0.0040000000000000036
33.6,-0.007999999999999993
33.64,-0.007999999999999993
33.68,-0.007999999999999993
33.72,-0.0040000000000000036
33.76,-0.0040000000000000036
33.8,-0.0040000000000000036
33.84,0.0040000000000000036
33.88,-0.007999999999999993
33.92,-0.011999999999999997
33.96,-0.0040000000000000036
34.0,0.0
34.04,-0.007999999999999993
34.08,-0.007999999999999993
34.12,0.0040000000000000036
34.160000000000004,0.0040000000000000036
34.2,-0.0040000000000000036
34.24,-0.0040000000000000036
34.28,-0.0040000000000000036
34.32,-0.007999999999999993
34.36,-0.007999999999999993
34.4,-0.0040000000000000036
34.44,-0.0040000000000000036
34.480000000000004,-0.007999999999999993
34.52,-0.0040000000000000036
34.56,-0.007999999999999993
34.6,-0.007999999999999993
34.64,-0.0040000000000000036
34.68,0.0040000000000000036
34.72,-0.0040000000000000036
34.76,0.0040000000000000036
34.800000000000004,0.0040000000000000036
34.84,-0.0040000000000000036
34.88,-0.007999999999999993
34.92,-0.0040000000000000036
34.96,-0.0040000000000000036
35.0,-0.007999999999999993
35.04,-0.0040000000000000036
35.08,0.0040000000000000036
35.12,-0.0040000000000000036
35.160000000000004,-0.007999999999999993
35.2,-0.0040000000000000036
35.24,-0.0040000000000000036
35.28,-0.011999999999999997
35.32,-0.007999999999999993
35.36,0.0040000000000000036
35.4,0.0
35.44,0.0
35.480000000000004,0.0
35.52,-0.0040000000000000036
35.56,-0.007999999999999993
35.6,-0.0040000000000000036
35.64,0.0
35.68,-0.0040000000000000036
35.72,-0.0040000000000000036
35.76,-0.0040000000000000036
35.800000000000004,-0.007999999999999993
35.84,-0.007999999999999993
35.88,-0.007999999999999993
35.92,-0.0040000000000000036
35.96,-0.0040000000000000036
36.0,-0.0040000000000000036
36.04,0.0040000000000000036
36.08,0.0
36.12,-0.0040000000000000036
36.160000000000004,0.0
36.2,-0.0040000000000000036
36.24,-0.0040000000000000036
36.28,-0.0040000000000000036
36.32,0.0040000000000000036
36.36,-0.0040000000000000036
36.4,-0.0040000000000000036
36.44,-0.0040000000000000036
36.480000000000004,-0.0040000000000000036
36.52,-0.011999999999999997
36.56,-0.011999999999999997
36.6,-0.0040000000000000036
36.64,-0.0040000000000000036
36.68,-0.0040000000000000036
36.72,-0.0040000000000000036
36.76,-0.0040000000000000036
36.800000000000004,-0.007999999999999993
36.84,-0.0040000000000000036
36.88,0.0
36.92,-0.0040000000000000036
36.96,-0.0040000000000000036
37.0,0.0
37.04,0.0
37.08,-0.007999999999999993
37.12,-0.007999999999999993
37.160000000000004,-0.007999999999999993
37.2,-0.007999999999999993
37.24,-0.007999999999999993
37.28,-0.0040000000000000036
37.32,-0.0040000000000000036
37.36,-0.007999999999999993
37.4,-0.0040000000000000036
37.44,0.0
37.480000000000004,-0.0040000000000000036
37.52,-0.0040000000000000036
37.56,0.0
37.6,-0.0040000000000000036
37.64,0.0
37.68,0.0040000000000000036
37.72,0.0
37.76,-0.007999999999999993
37.800000000000004,-0.0040000000000000036
37.84,-0.0040000000000000036
37.88,-0.007999999999999993
37.92,-0.011999999999999997
37.96,-0.007999999999999993
38.0,-0.0040000000000000036
38.04,-0.007999999999999993
38.08,-0.0040000000000000036
38.12,0.0
38.160000000000004,-0.007999999999999993
38.2,-0.0040000000000000036
38.24,0.0
38.28,0.0040000000000000036
38.32,-0.0040000000000000036
38.36,-0.0040000000000000036
38.4,-0.0040000000000000036
38.44,-0.007999999999999993
38.480000000000004,-0.007999999999999993
38.52,-0.007999999999999993
38.56,-0.007999999999999993
38.6,-0.0040000000000000036
38.64,0.0
38.68,-0.0040000000000000036
38.72,-0.007999999999999993
38.76,-0.007999999999999993
38.800000000000004,-0.0040000000000000036
38.84,-0.007999999999999993
38.88,0.0
38.92,0.0040000000000000036
38.96,0.0
39.0,-0.0040000000000000036
39.04,0.0
39.08,0.0
39.12,-0.0040000000000000036
39.160000000000004,-0.007999999999999993
39.2,-0.0040000000000000036
39.24,-0.0040000000000000036
39.28,-0.007999999999999993
39.32,-0.0040000000000000036
39.36,-0.0040000000000000036
39.4,-0.011999999999999997
39.44,-0.011999999999999997
39.480000000000004,-0.0040000000000000036
39.52,-0.0040000000000000036
39.56,-0.0040000000000000036
39.6,0.0040000000000000036
39.64,0.0
39.68,-0.0040000000000000036
39.72,-0.007999999999999993
39.76,-0.0040000000000000036
39.800000000000004,-0.007999999999999993
39.84,-0.0040000000000000036
39.88,0.0
39.92,-0.0040000000000000036
39.96,-0.0040000000000000036
40.0,-0.007999999999999993
40.04,-0.007999999999999993
40.08,-0.007999999999999993
40.12,-0.0040000000000000036
40.160000000000004,-0.0040000000000000036
40.2,-0.0040000000000000036
40.24,-0.0040000000000000036
40.28,0.0
40.32,0.0040000000000000036
40.36,-0.0040000000000000036
40.4,-0.0040000000000000036
40.44,0.0040000000000000036
40.480000000000004,0.0
40.52,-0.0040000000000000036
40.56,0.0
40.6,-0.0040000000000000036
40.64,-0.011999999999999997
40.68,-0.011999999999999997
40.72,-0.0040000000000000036
40.76,-0.0040000000000000036
40.800000000000004,-0.007999999999999993
40.84,-0.0040000000000000036
40.88,0.0040000000000000036
40.92,-0.0040000000000000036
40.96,-0.007999999999999993
41.0,-0.0040000000000000036
41.04,-0.0040000000000000036
41.08,-0.007999999999999993
41.12,0.0
41.160000000000004,0.0040000000000000036
41.2,-0.0040000000000000036
41.24,-0.0040000000000000036
41.28,-0.0040000000000000036
41.32,-0.0040000000000000036
41.36,-0.007999999999999993
41.4,-0.0040000000000000036
41.44,-0.007999999999999993
41.480000000000004,-0.007999999999999993
41.52,-0.0040000000000000036
41.56,0.0
41.6,-0.007999999999999993
41.64,-0.007999999999999993
41.68,0.0
41.72,-0.0040000000000000036
41.76,-0.0040000000000000036
41.800000000000004,0.0040000000000000036
41.84,0.0040000000000000036
41.88,-0.0040000000000000036
41.92,-0.007999999999999993
41.96,-0.0040000000000000036
42.0,-0.007999999999999993
42.04,-0.007999999999999993
42.08,-0.0040000000000000036
42.12,0.0
42.160000000000004,-0.007999999999999993
42.2,-0.007999999999999993
42.24,-0.0040000000000000036
42.28,-0.0040000000000000036
42.32,-0.007999999999999993
42.36,-0.0040000000000000036
42.4,0.0
42.44,-0.007999999999999993
42.480000000000004,-0.0040000000000000036
42.52,0.0040000000000000036
42.56,0.0
42.6,-0.007999999999999993
42.64,-0.0040000000000000036
42.68,-0.0040000000000000036
42.72,-0.007999999999999993
42.76,-0.0040000000000000036
42.800000000000004,-0.0040000000000000036
42.84,-0.0040000000000000036
42.88,-0.007999999999999993
42.92,-0.0040000000000000036
42.96,-0.0040000000000000036
43.0,-0.0040000000000000036
43.04,0.0040000000000000036
43.08,0.0040000000000000036
43.12,-0.0040000000000000036
43.160000000000004,0.0
43.2,0.0040000000000000036
43.24,-0.0040000000000000036
43.28,-0.007999999999999993
43.32,-0.0040000000000000036
43.36,-0.0040000000000000036
43.4,-0.0040000000000000036
43.44,-0.0040000000000000036
43.480000000000004,0.0
43.52,-0.0040000000000000036
43.56,-0.007999999999999993
43.6,-0.007999999999999993
43.64,-0.0040000000000000036
43.68,-0.007999999999999993
43.72,-0.0040000000000000036
43.76,0.0040000000000000036
43.800000000000004,0.0
43.84,-0.007999999999999993
43.88,-0.0040000000000000036
43.92,-0.0040000000000000036
43.96,-0.0040000000000000036
44.0,-0.0040000000000000036
44.04,0.0
44.08,-0.0040000000000000036
44.12,-0.007999999999999993
44.160000000000004,-0.007999999999999993
44.2,-0.007999999999999993
44.24,-0.011999999999999997
44.28,-0.007999999999999993
44.32,-0.0040000000000000036
44.36,0.0
44.4,-0.0040000000000000036
44.44,0.0040000000000000036
44.480000000000004,-0.0040000000000000036
44.52,-0.007999999999999993
44.56,-0.0040000000000000036
44.6,0.0040000000000000036
44.64,-0.0040000000000000036
44.68,-0.0040000000000000036
44.72,0.0040000000000000036
44.76,0.0
44.800000000000004,-0.0040000000000000036
44.84,-0.007999999999999993
44.88,-0.007999999999999993
44.92,-0.011999999999999997
44.96,-0.007999999999999993
45.0,0.0040000000000000036
45.04,0.0040000000000000036
45.08,-0.007999999999999993
45.12,-0.007999999999999993
45.160000000000004,-0.0040000000000000036
45.2,-0.0040000000000000036
45.24,-0.0040000000000000036
45.28,0.0040000000000000036
45.32,0.0040000000000000036
45.36,-0.0040000000000000036
45.4,0.0
45.44,-0.0040000000000000036
45.480000000000004,-0.011999999999999997
45.52,-0.007999999999999993
45.56,-0.007999999999999993
45.6,-0.007999999999999993
45.64,-0.007999999999999993
45.68,0.0
45.72,-0.0040000000000000036
45.76,-0.007999999999999993
45.800000000000004,-0.0040000000000000036
45.84,-0.0040000000000000036
45.88,-0.0040000000000000036
45.92,-0.0040000000000000036
45.96,0.0040000000000000036
46.0,0.0040000000000000036
46.04,-0.0040000000000000036
46.08,-0.0040000000000000036
46.12,-0.0040000000000000036
46.160000000000004,-0.007999999999999993
46.2,-0.0040000000000000036
46.24,0.0040000000000000036
46.28,0.0
46.32,-0.007999999999999993
46.36,-0.007999999999999993
46.4,-0.0040000000000000036
46.44,-0.007999999999999993
46.480000000000004,-0.007999999999999993
46.52,0.0
46.56,-0.0040000000000000036
46.6,-0.0040000000000000036
46.64,0.0
46.68,0.0
46.72,-0.0040000000000000036
46.76,-0.007999999999999993
46.800000000000004,-0.0040000000000000036
46.84,-0.0040000000000000036
46.88,-0.0040000000000000036
46.92,-0.0040000000000000036
46.96,-0.0040000000000000036
47.0,-0.007999999999999993
47.04,-0.007999999999999993
47.08,-0.0040000000000000036
47.12,-0.007999999999999993
47.160000000000004,-0.007999999999999993
47.2,-0.0040000000000000036
47.24,0.0
47.28,0.0
47.32,0.0
47.36,-0.0040000000000000036
47.4,-0.0040000000000000036
47.44,0.0
47.480000000000004,0.0040000000000000036
47.52,-0.0040000000000000036
47.56,-0.0040000000000000036
47.6,-0.0040000000000000036
47.64,-0.0040000000000000036
47.68,-0.007999999999999993
47.72,-0.011999999999999997
47.76,-0.007999999999999993
47.800000000000004,-0.0040000000000000036
47.84,-0.007999999999999993
47.88,-0.0040000000000000036
47.92,0.0040000000000000036
47.96,-0.0040000000000000036
48.0,-0.0040000000000000036
48.04,0.0
48.08,-0.0040000000000000036
48.120000000000005,-0.007999999999999993
48.160000000000004,-0.0040000000000000036
48.2,0.0040000000000000036
48.24,-0.007999999999999993
48.28,-0.007999999999999993
48.32,-0.007999999999999993
48.36,-0.007999999999999993
48.4,-0.011999999999999997
48.44,-0.007999999999999993
48.480000000000004,-0.0040000000000000036
48.52,-0.0040000000000000036
48.56,-0.0040000000000000036
48.6,-0.0040000000000000036
48.64,-0.0040000000000000036
48.68,-0.0040000000000000036
48.72,0.0040000000000000036
48.76,0.0
48.800000000000004,-0.0040000000000000036
48.84,0.0040000000000000036
48.88,0.008000000000000007
48.92,0.0
48.96,-0.007999999999999993
49.0,-0.0040000000000000036
49.04,-0.0040000000000000036
49.08,-0.007999999999999993
49.120000000000005,-0.0040000000000000036
49.160000000000004,0.0
49.2,-0.007999999999999993
49.24,-0.0040000000000000036
49.28,0.0
49.32,-0.0040000000000000036
49.36,-0.007999999999999993
49.4,-0.0040000000000000036
49.44,0.0040000000000000036
49.480000000000004,-0.0040000000000000036
49.52,-0.0040000000000000036
49.56,0.0
49.6,-0.0040000000000000036
49.64,-0.011999999999999997
49.68,-0.007999999999999993
49.72,-0.0040000000000000036
49.76,-0.007999999999999993
49.800000000000004,-0.0040000000000000036
49.84,-0.0040000000000000036
49.88,-0.0040000000000000036
49.92,-0.007999999999999993
49.96,-0.007999999999999993
50.0,-0.007999999999999993
50.04,-0.007999999999999993
50.08,0.0040000000000000036
50.120000000000005,0.0040000000000000036
50.160000000000004,0.0
50.2,0.0040000000000000036
50.24,0.0
50.28,-0.0040000000000000036
50.32,-0.007999999999999993
50.36,-0.0040000000000000036
50.4,-0.0040000000000000036
50.44,-0.0040000000000000036
50.480000000000004,-0.0040000000000000036
50.52,0.0
50.56,-0.007999999999999993
50.6,-0.011999999999999997
50.64,-0.0040000000000000036
50.68,0.0
50.72,-0.0040000000000000036
50.76,0.0
50.800000000000004,0.0040000000000000036
50.84,-0.0040000000000000036
50.88,-0.007999999999999993
50.92,-0.0040000000000000036
50.96,0.0
51.0,-0.0040000000000000036
51.04,-0.0040000000000000036
51.08,0.0
51.120000000000005,-0.0040000000000000036
51.160000000000004,-0.007999999999999993
51.2,-0.007999999999999993
51.24,-0.007999999999999993
51.28,-0.011999999999999997
51.32,-0.007999999999999993
51.36,0.0
51.4,-0.0040000000000000036
51.44,-0.0040000000000000036
51.480000000000004,0.0040000000000000036
51.52,0.0
51.56,-0.0040000000000000036
51.6,-0.0040000000000000036
51.64,0.0
51.68,-0.0040000000000000036
51.72,-0.0040000000000000036
51.76,0.0040000000000000036
51.800000000000004,-0.0040000000000000036
51.84,-0.011999999999999997
51.88,-0.007999999999999993
51.92,-0.0040000000000000036
51.96,-0.007999999999999993
52.0,-0.007999999999999993
52.04,0.0
52.08,-0.0040000000000000036
52.120000000000005,-0.007999999999999993
52.160000000000004,-0.0040000000000000036
52.2,-0.0040000000000000036
52.24,-0.007999999999999993
52.28,-0.0040000000000000036
52.32,0.0040000000000000036
52.36,0.0
52.4,-0.0040000000000000036
52.44,-0.0040000000000000036
52.480000000000004,-0.0040000000000000036
52.52,-0.011999999999999997
52.56,-0.007999999999999993
52.6,-0.007999999999999993
52.64,-0.007999999999999993
52.68,-0.007999999999999993
52.72,0.0040000000000000036
52.76,-0.0040000000000000036
52.800000000000004,-0.007999999999999993
52.84,-0.0040000000000000036
52.88,-0.0040000000000000036
52.92,-0.0040000000000000036
52.96,0.0040000000000000036
53.0,0.0040000000000000036
53.04,-0.0040000000000000036
53.08,-0.007999999999999993
53.120000000000005,0.0
53.160000000000004,-0.0040000000000000036
53.2,-0.007999999999999993
53.24,-0.0040000000000000036
53.28,-0.0040000000000000036
53.32,-0.0040000000000000036
53.36,-0.007999999999999993
53.4,0.0
53.44,-0.0040000000000000036
53.480000000000004,-0.007999999999999993
53.52,-0.007999999999999993
53.56,-0.0040000000000000036
53.6,0.0
53.64,0.0
53.68,0.0040000000000000036
53.72,-0.0040000000000000036
53.76,0.0
53.800000000000004,-0.0040000000000000036
53.84,-0.007999999999999993
53.88,-0.007999999999999993
53.92,-0.007999999999999993
53.96,-0.0040000000000000036
54.0,-0.0040000000000000036
54.04,-0.0040000000000000036
54.08,-0.007999999999999993
54.120000000000005,-0.007999999999999993
54.160000000000004,-0.0040000000000000036
54.2,-0.0040000000000000036
54.24,-0.0040000000000000036
54.28,-0.0040000000000000036
54.32,0.0040000000000000036
54.36,0.0040000000000000036
54.4,-0.0040000000000000036
54.44,-0.0040000000000000036
54.480000000000004,-0.0040000000000000036
54.52,-0.0040000000000000036
54.56,-0.007999999999999993
54.6,-0.0040000000000000036
54.64,0.0040000000000000036
54.68,-0.0040000000000000036
54.72,-0.007999999999999993
54.76,-0.007999999999999993
54.800000000000004,-0.0040000000000000036
54.84,-0.007999999999999993
54.88,-0.0040000000000000036
54.92,0.0040000000000000036
54.96,0.0
55.0,0.0
55.04,0.0040000000000000036
55.08,0.0
55.120000000000005,-0.0040000000000000036
55.160000000000004,-0.007999999999999993
55.2,-0.0040000000000000036
55.24,-0.0040000000000000036
55.28,-0.007999999999999993
55.32,-0.0040000000000000036
55.36,-0.0040000000000000036
55.4,-0.007999999999999993
55.44,-0.007999999999999993
55.480000000000004,-0.007999999999999993
55.52,-0.007999999999999993
55.56,0.0
55.6,0.0040000000000000036
55.64,-0.0040000000000000036
55.68,-0.007999999999999993
55.72,-0.0040000000000000036
55.76,-0.0040000000000000036
55.800000000000004,-0.007999999999999993
55.84,-0.0040000000000000036
55.88,0.0040000000000000036
55.92,0.0040000000000000036
55.96,-0.0040000000000000036
56.0,-0.0040000000000000036
56.04,-0.0040000000000000036
56.08,-0.007999999999999993
56.120000000000005,-0.007999999999999993
56.160000000000004,-0.0040000000000000036
56.2,-0.0040000000000000036
56.24,-0.0040000000000000036
56.28,0.0040000000000000036
56.32,0.0
56.36,-0.0040000000000000036
56.4,-0.0040000000000000036
56.44,0.0040000000000000036
56.480000000000004,-0.0040000000000000036
56.52,-0.007999999999999993
56.56,0.0
56.6,0.0
56.64,-0.0040000000000000036
56.68,-0.007999999999999993
56.72,-0.007999999999999993
56.76,-0.007999999999999993
56.800000000000004,-0.0040000000000000036
56.84,-0.0040000000000000036
56.88,-0.0040000000000000036
56.92,-0.007999999999999993
56.96,-0.0040000000000000036
57.0,-0.0040000000000000036
57.04,-0.007999999999999993
57.08,-0.0040000000000000036
57.120000000000005,0.0040000000000000036
57.160000000000004,-0.0040000000000000036
57.2,-0.0040000000000000036
57.24,0.0040000000000000036
57.28,-0.0040000000000000036
57.32,-0.0040000000000000036
57.36,-0.0040000000000000036
57.4,-0.0040000000000000036
57.44,-0.007999999999999993
57.480000000000004,-0.007999999999999993
57.52,0.0
57.56,-0.0040000000000000036
57.6,-0.007999999999999993
57.64,-0.0040000000000000036
57.68,-0.0040000000000000036
57.72,-0.007999999999999993
57.76,-0.0040000000000000036
57.800000000000004,0.0
57.84,-0.0040000000000000036
57.88,0.0
57.92,-0.0040000000000000036
57.96,-0.0040000000000000036
58.0,-0.007999999999999993
58.04,-0.0040000000000000036
58.08,-0.0040000000000000036
58.120000000000005,-0.007999999999999993
58.160000000000004,-0.007999999999999993
58.2,-0.0040000000000000036
58.24,-0.007999999999999993
58.28,-0.007999999999999993
58.32,-0.0040000000000000036
58.36,-0.007999999999999993
58.4,-0.007999999999999993
58.44,-0.0040000000000000036
58.480000000000004,0.0040000000000000036
58.52,0.0040000000000000036
58.56,0.0040000000000000036
58.6,0.0040000000000000036
58.64,-0.0040000000000000036
58.68,-0.007999999999999993
58.72,-0.0040000000000000036
58.76,-0.0040000000000000036
58.800000000000004,-0.0040000000000000036
58.84,-0.0040000000000000036
58.88,0.0040000000000000036
58.92,-0.0040000000000000036
58.96,-0.007999999999999993
59.0,-0.007999999999999993
59.04,-0.0040000000000000036
59.08,-0.0040000000000000036
59.120000000000005,0.0
59.160000000000004,0.0
59.2,0.0040000000000000036
59.24,-0.0040000000000000036
59.28,0.0
59.32,-0.0040000000000000036
59.36,-0.007999999999999993
59.4,-0.0040000000000000036
59.44,0.0
59.480000000000004,-0.0040000000000000036
59.52,-0.0040000000000000036
59.56,-0.0040000000000000036
59.6,-0.011999999999999997
59.64,-0.011999999999999997
59.68,-0.007999999999999993
59.72,-0.007999999999999993
59.76,-0.0040000000000000036
59.800000000000004,-0.0040000000000000036
59.84,0.0040000000000000036
59.88,0.0
59.92,-0.0040000000000000036
59.96,-0.0040000000000000036
60.0,-0.0040000000000000036
60.04,-0.0040000000000000036
60.08,-0.0040000000000000036
60.120000000000005,0.0040000000000000036
60.160000000000004,-0.0040000000000000036
60.2,-0.007999999999999993
60.24,-0.0040000000000000036
60.28,-0.0040000000000000036
60.32,-0.007999999999999993
60.36,-0.007999999999999993
60.4,-0.0040000000000000036
60.44,-0.0040000000000000036
60.480000000000004,-0.0040000000000000036
60.52,0.0
60.56,-0.0040000000000000036
60.6,-0.007999999999999993
60.64,-0.0040000000000000036
60.68,0.0040000000000000036
60.72,0.0040000000000000036
60.76,0.0040000000000000036
60.800000000000004,0.0
60.84,-0.0040000000000000036
60.88,-0.007999999999999993
60.92,-0.007999999999999993
60.96,-0.007999999999999993
61.0,-0.011999999999999997
61.04,-0.007999999999999993
61.08,0.0
61.120000000000005,-0.0040000000000000036
61.160000000000004,-0.0040000000000000036
61.2,0.0
61.24,-0.0040000000000000036
61.28,-0.007999999999999993
61.32,-0.0040000000000000036
61.36,0.0040000000000000036
61.4,-0.0040000000000000036
61.44,-0.0040000000000000036
61.480000000000004,0.0040000000000000036
61.52,0.0
61.56,-0.007999999999999993
61.6,-0.007999999999999993
61.64,-0.0040000000000000036
61.68,-0.0040000000000000036
61.72,-0.0040000000000000036
61.76,0.0
61.800000000000004,-0.0040000000000000036
61.84,-0.007999999999999993
61.88,-0.0040000000000000036
61.92,-0.0040000000000000036
61.96,-0.0040000000000000036
62.0,-0.0040000000000000036
62.04,0.0040000000000000036
62.08,0.0
62.120000000000005,0.0
62.160000000000004,0.0
62.2,-0.0040000000000000036
62.24,-0.011999999999999997
62.28,-0.007999999999999993
62.32,-0.0040000000000000036
62.36,-0.007999999999999993
62.4,-0.007999999999999993
62.440000000000005,-0.0040000000000000036
62.480000000000004,-0.0040000000000000036
62.52,-0.007999999999999993
62.56,-0.0040000000000000036
62.6,-0.0040000000000000036
62.64,-0.007999999999999993
62.68,-0.0040000000000000036
62.72,0.0040000000000000036
62.76,0.0
62.800000000000004,-0.0040000000000000036
62.84,-0.0040000000000000036
62.88,-0.0040000000000000036
62.92,-0.0040000000000000036
62.96,-0.0040000000000000036
63.0,0.0
63.04,-0.0040000000000000036
63.08,-0.007999999999999993
63.120000000000005,-0.0040000000000000036
63.160000000000004,-0.0040000000000000036
63.2,-0.007999999999999993
63.24,-0.007999999999999993
63.28,-0.0040000000000000036
63.32,-0.0040000000000000036
63.36,0.0040000000000000036
63.4,0.0040000000000000036
63.440000000000005,0.0
63.480000000000004,-0.0040000000000000036
63.52,-0.0040000000000000036
63.56,-0.0040000000000000036
63.6,-0.007999999999999993
63.64,-0.0040000000000000036
63.68,0.0
63.72,-0.0040000000000000036
63.76,-0.007999999999999993
63.800000000000004,-0.007999999999999993
63.84,-0.007999999999999993
63.88,-0.011999999999999997
63.92,-0.0040000000000000036
63.96,0.0040000000000000036
64.0,-0.0040000000000000036
64.04,-0.007999999999999993
64.08,-0.0040000000000000036
64.12,0.0
64.16,-0.007999999999999993
64.2,-0.0040000000000000036
64.24,0.0
64.28,-0.0040000000000000036
64.32000000000001,-0.0040000000000000036
64.36,0.0
64.4,0.0
64.44,-0.007999999999999993
64.48,-0.007999999999999993
64.52,-0.007999999999999993
64.56,-0.0040000000000000036
64.6,-0.0040000000000000036
64.64,0.0040000000000000036
64.68,0.0
64.72,-0.0040000000000000036
64.76,0.0
64.8,0.0
64.84,-0.0040000000000000036
64.88,-0.0040000000000000036
64.92,0.0040000000000000036
64.96000000000001,0.0
65.0,-0.0040000000000000036
65.04,-0.0040000000000000036
65.08,-0.007999999999999993
65.12,-0.011999999999999997
65.16,-0.007999999999999993
65.2,-0.0040000000000000036
65.24,-0.007999999999999993
65.28,-0.007999999999999993
65.32000000000001,-0.0040000000000000036
65.36,0.0
65.4,-0.011999999999999997
65.44,-0.0040000000000000036
65.48,-0.0040000000000000036
65.52,-0.0040000000000000036
65.56,0.0
65.6,0.0040000000000000036
65.64,0.0
65.68,-0.007999999999999993
65.72,-0.007999999999999993
65.76,-0.007999999999999993
65.8,-0.007999999999999993
65.84,-0.007999999999999993
65.88,-0.0040000000000000036
65.92,-0.007999999999999993
65.96000000000001,-0.0040000000000000036
66.0,0.0040000000000000036
66.04,-0.0040000000000000036
66.08,-0.0040000000000000036
66.12,-0.0040000000000000036
66.16,0.0
66.2,-0.0040000000000000036
66.24,0.0
66.28,0.0
66.32000000000001,-0.0040000000000000036
66.36,-0.0040000000000000036
66.4,0.0
66.44,-0.0040000000000000036
66.48,-0.011999999999999997
66.52,-0.007999999999999993
66.56,0.0040000000000000036
66.6,-0.0040000000000000036
66.64,-0.007999999999999993
66.68,-0.0040000000000000036
66.72,-0.0040000000000000036
66.76,-0.007999999999999993
66.8,-0.0040000000000000036
66.84,0.0040000000000000036
66.88,-0.0040000000000000036
66.92,-0.0040000000000000036
66.96000000000001,0.0
67.0,-0.0040000000000000036
67.04,-0.0040000000000000036
67.08,-0.0040000000000000036
67.12,-0.0040000000000000036
67.16,-0.007999999999999993
67.2,-0.0040000000000000036
67.24,-0.0040000000000000036
67.28,-0.0040000000000000036
67.32000000000001,-0.007999999999999993
67.36,-0.0040000000000000036
67.4,-0.0040000000000000036
67.44,-0.0040000000000000036
67.48,0.0
67.52,0.0040000000000000036
67.56,-0.0040000000000000036
67.6,0.0
67.64,0.0040000000000000036
67.68,-0.0040000000000000036
67.72,-0.011999999999999997
67.76,-0.0040000000000000036
67.8,0.0
67.84,-0.007999999999999993
67.88,-0.007999999999999993
67.92,-0.0040000000000000036
67.96000000000001,-0.007999999999999993
68.0,-0.011999999999999997
68.04,-0.007999999999999993
68.08,-0.0040000000000000036
68.12,-0.007999999999999993
68.16,-0.0040000000000000036
68.2,0.0040000000000000036
68.24,0.0040000000000000036
68.28,-0.0040000000000000036
68.32000000000001,-0.0040000000000000036
68.36,-0.0040000000000000036
68.4,-0.007999999999999993
68.44,-0.007999999999999993
68.48,-0.0040000000000000036
68.52,-0.0040000000000000036
68.56,-0.007999999999999993
68.60000000000001,-0.007999999999999993
68.64,-0.007999999999999993
68.68,-0.007999999999999993
68.72,-0.007999999999999993
68.76,-0.0040000000000000036
68.8,0.0
68.84,0.0
68.88,0.0
68.92,-0.0040000000000000036
68.96000000000001,-0.0040000000000000036
69.0,0.0
69.04,0.0040000000000000036
69.08,-0.0040000000000000036
69.12,-0.0040000000000000036
69.16,0.0
69.2,-0.0040000000000000036
69.24,-0.007999999999999993
69.28,-0.007999999999999993
69.32000000000001,-0.007999999999999993
69.36,-0.011999999999999997
69.4,-0.007999999999999993
69.44,0.0
69.48,0.0
69.52,-0.007999999999999993
69.56,-0.0040000000000000036
69.60000000000001,-0.0040000000000000036
69.64,-0.007999999999999993
69.68,-0.0040000000000000036
69.72,0.0040000000000000036
69.76,-0.0040000000000000036
69.8,-0.0040000000000000036
69.84,-0.0040000000000000036
69.88,-0.007999999999999993
69.92,-0.007999999999999993
69.96000000000001,-0.007999999999999993
70.0,-0.0040000000000000036
70.04,-0.007999999999999993
70.08,-0.0040000000000000036
70.12,0.0040000000000000036
70.16,-0.007999999999999993
70.2,-0.007999999999999993
70.24,0.0040000000000000036
70.28,-0.0040000000000000036
70.32000000000001,-0.007999999999999993
70.36,0.0040000000000000036
70.4,0.008000000000000007
70.44,0.0
70.48,-0.0040000000000000036
70.52,-0.0040000000000000036
70.56,-0.007999999999999993
70.60000000000001,-0.011999999999999997
70.64,-0.0040000000000000036
70.68,0.0
70.72,-0.0040000000000000036
70.76,-0.0040000000000000036
70.8,-0.0040000000000000036
70.84,-0.007999999999999993
70.88,-0.007999999999999993
70.92,-0.0040000000000000036
70.96000000000001,0.0
71.0,-0.0040000000000000036
71.04,-0.0040000000000000036
71.08,-0.0040000000000000036
71.12,-0.0040000000000000036
71.16,-0.007999999999999993
71.2,-0.0040000000000000036
71.24,-0.007999999999999993
71.28,-0.007999999999999993
71.32000000000001,-0.0040000000000000036
71.36,-0.0040000000000000036
71.4,-0.007999999999999993
71.44,-0.007999999999999993
71.48,-0.0040000000000000036
71.52,-0.011999999999999997
71.56,-0.007999999999999993
71.60000000000001,-0.0040000000000000036
71.64,0.0040000000000000036
71.68,0.0
71.72,0.0
71.76,0.0040000000000000036
71.8,-0.0040000000000000036
71.84,-0.007999999999999993
71.88,-0.0040000000000000036
71.92,-0.0040000000000000036
71.96000000000001,-0.007999999999999993
72.0,-0.0040000000000000036
72.04,-0.0040000000000000036
72.08,-0.007999999999999993
72.12,-0.0040000000000000036
72.16,-0.0040000000000000036
72.2,-0.0040000000000000036
72.24,-0.0040000000000000036
72.28,-0.0040000000000000036
72.32000000000001,0.0
72.36,0.0
72.4,-0.0040000000000000036
72.44,-0.0040000000000000036
72.48,-0.007999999999999993
72.52,-0.0040000000000000036
72.56,0.0
72.60000000000001,-0.0040000000000000036
72.64,-0.007999999999999993
72.68,-0.0040000000000000036
72.72,-0.0040000000000000036
72.76,-0.007999999999999993
72.8,-0.011999999999999997
72.84,-0.007999999999999993
72.88,-0.0040000000000000036
72.92,-0.0040000000000000036
72.96000000000001,0.0
73.0,0.0040000000000000036
73.04,-0.0040000000000000036
73.08,-0.0040000000000000036
73.12,0.0040000000000000036
73.16,-0.0040000000000000036
73.2,-0.007999999999999993
73.24,-0.0040000000000000036
73.28,0.0
73.32000000000001,-0.0040000000000000036
73.36,-0.0040000000000000036
73.4,-0.0040000000000000036
73.44,-0.007999999999999993
73.48,-0.011999999999999997
73.52,-0.007999999999999993
73.56,-0.0040000000000000036
73.60000000000001,-0.0040000000000000036
73.64,-0.0040000000000000036
73.68,-0.0040000000000000036
73.72,-0.0040000000000000036
73.76,-0.0040000000000000036
73.8,0.0
73.84,-0.0040000000000000036
73.88,-0.0040000000000000036
73.92,0.0040000000000000036
73.96000000000001,0.0
74.0,-0.007999999999999993
74.04,-0.011999999999999997
74.08,-0.0040000000000000036
74.12,-0.007999999999999993
74.16,-0.011999999999999997
74.2,-0.0040000000000000036
74.24,0.0
74.28,-0.0040000000000000036
74.32000000000001,0.0
74.36,0.0040000000000000036
74.4,-0.0040000000000000036
74.44,-0.007999999999999993
74.48,0.0
74.52,0.0040000000000000036
74.56,-0.0040000000000000036
74.60000000000001,0.0
74.64,0.0040000000000000036
74.68,-0.007999999999999993
74.72,-0.007999999999999993
74.76,-0.0040000000000000036
74.8,-0.0040000000000000036
74.84,-0.0040000000000000036
74.88,0.0
74.92,0.0
74.96000000000001,-0.007999999999999993
75.0,-0.0040000000000000036
75.04,-0.0040000000000000036
75.08,-0.007999999999999993
75.12,-0.0040000000000000036
75.16,0.008000000000000007
75.2,0.0
75.24,-0.007999999999999993
75.28,-0.0040000000000000036
75.32000000000001,-0.0040000000000000036
75.36,-0.011999999999999997
75.4,-0.011999999999999997
75.44,-0.0040000000000000036
75.48,-0.007999999999999993
75.52,-0.007999999999999993
75.56,0.0040000000000000036
75.60000000000001,-0.0040000000000000036
75.64,-0.011999999999999997
75.68,-0.007999999999999993
75.72,0.0
75.76,0.0
75.8,-0.0040000000000000036
75.84,0.0040000000000000036
75.88,0.0
75.92,-0.0040000000000000036
75.96000000000001,-0.0040000000000000036
76.0,-0.0040000000000000036
76.04,-0.007999999999999993
76.08,-0.0040000000000000036
76.12,0.0
76.16,-0.0040000000000000036
76.2,-0.0040000000000000036
76.24,-0.0040000000000000036
76.28,-0.0040000000000000036
76.32000000000001,-0.007999999999999993
76.36,-0.0040000000000000036
76.4,0.0040000000000000036
76.44,-0.0040000000000000036
76.48,-0.0040000000000000036
76.52,0.0040000000000000036
76.56,0.0
76.60000000000001,-0.007999999999999993
76.64,-0.007999999999999993
76.68,-0.0040000000000000036
76.72,-0.007999999999999993
76.76,-0.0040000000000000036
76.8,-0.0040000000000000036
76.84,-0.0040000000000000036
76.88,-0.011999999999999997
76.92,-0.007999999999999993
76.96000000000001,-0.0040000000000000036
77.0,-0.007999999999999993
77.04,-0.0040000000000000036
77.08,0.0
77.12,0.0
77.16,-0.0040000000000000036
77.2,0.0
77.24,0.0040000000000000036
77.28,-0.0040000000000000036
77.32000000000001,-0.0040000000000000036
77.36,-0.0040000000000000036
77.4,-0.0040000000000000036
77.44,-0.0040000000000000036
77.48,-0.0040000000000000036
77.52,-0.007999999999999993
77.56,-0.007999999999999993
77.60000000000001,-0.007999999999999993
77.64,-0.0040000000000000036
77.68,-0.007999999999999993
77.72,-0.0040000000000000036
77.76,0.0040000000000000036
77.8,0.0040000000000000036
77.84,-0.0040000000000000036
77.88,0.0
77.92,-0.0040000000000000036
77.96000000000001,-0.007999999999999993
78.0,-0.0040000000000000036
78.04,0.0
78.08,-0.0040000000000000036
78.12,-0.007999999999999993
78.16,-0.0040000000000000036
78.2,-0.0040000000000000036
78.24,-0.007999999999999993
78.28,-0.007999999999999993
78.32000000000001,-0.0040000000000000036
78.36,-0.0040000000000000036
78.4,-0.0040000000000000036
78.44,-0.0040000000000000036
78.48,0.0040000000000000036
78.52,-0.0040000000000000036
78.56,-0.0040000000000000036
78.60000000000001,-0.0040000000000000036
78.64,-0.0040000000000000036
78.68,0.0
78.72,0.0040000000000000036
78.76,0.0
78.8,-0.007999999999999993
78.84,-0.0040000000000000036
78.88,-0.0040000000000000036
78.92,-0.007999999999999993
78.96000000000001,-0.007999999999999993
79.0,0.0
79.04,0.0
79.08,-0.0040000000000000036
79.12,0.0040000000000000036
79.16,0.0
79.2,-0.007999999999999993
79.24,-0.0040000000000000036
79.28,0.0040000000000000036
79.32000000000001,-0.0040000000000000036
79.36,-0.0040000000000000036
79.4,0.0
79.44,0.0
79.48,-0.007999999999999993
79.52,-0.011999999999999997
79.56,-0.007999999999999993
79.60000000000001,-0.007999999999999993
79.64,-0.007999999999999993
79.68,0.0040000000000000036
79.72,-0.0040000000000000036
79.76,-0.007999999999999993
79.8,-0.0040000000000000036
79.84,-0.0040000000000000036
79.88,-0.007999999999999993
79.92,-0.0040000000000000036
79.96000000000001,0.0040000000000000036
80.0,0.0040000000000000036
80.04,-0.0040000000000000036
80.08,0.0
80.12,-0.007999999999999993
80.16,-0.011999999999999997
80.2,-0.007999999999999993
80.24,-0.0040000000000000036
80.28,-0.007999999999999993
80.32000000000001,-0.0040000000000000036
80.36,0.0
80.4,-0.0040000000000000036
80.44,-0.0040000000000000036
80.48,0.0
80.52,-0.0040000000000000036
80.56,-0.007999999999999993
80.60000000000001,-0.0040000000000000036
80.64,0.008000000000000007
80.68,0.0
80.72,-0.007999999999999993
80.76,-0.0040000000000000036
80.8,-0.0040000000000000036
80.84,-0.007999999999999993
80.88,-0.007999999999999993
80.92,0.0
80.96000000000001,-0.007999999999999993
81.0,-0.011999999999999997
81.04,-0.0040000000000000036
81.08,-0.0040000000000000036
81.12,-0.011999999999999997
81.16,-0.0040000000000000036
81.2,0.0
81.24,0.0
81.28,0.0
81.32000000000001,0.0040000000000000036
81.36,-0.0040000000000000036
81.4,-0.0040000000000000036
81.44,-0.0040000000000000036
81.48,-0.007999999999999993
81.52,-0.007999999999999993
81.56,-0.0040000000000000036
81.60000000000001,-0.0040000000000000036
81.64,-0.0040000000000000036
81.68,-0.007999999999999993
81.72,0.0
81.76,-0.0040000000000000036
81.8,-0.007999999999999993
81.84,-0.0040000000000000036
81.88,0.0040000000000000036
81.92,0.0
81.96000000000001,-0.0040000000000000036
82.0,-0.0040000000000000036
82.04,-0.0040000000000000036
82.08,-0.0040000000000000036
82.12,-0.0040000000000000036
82.16,0.0
82.2,-0.0040000000000000036
82.24,-0.007999999999999993
82.28,-0.0040000000000000036
82.32000000000001,-0.0040000000000000036
82.36,-0.007999999999999993
82.4,-0.007999999999999993
82.44,-0.0040000000000000036
82.48,-0.0040000000000000036
82.52,-0.0040000000000000036
82.56,0.0040000000000000036
82.60000000000001,0.0
82.64,-0.0040000000000000036
82.68,0.0
82.72,-0.0040000000000000036
82.76,-0.007999999999999993
82.8,-0.007999999999999993
82.84,-0.0040000000000000036
82.88,-0.007999999999999993
82.92,-0.0040000000000000036
82.96000000000001,0.0
83.0,-0.007999999999999993
83.04,-0.007999999999999993
83.08,-0.0040000000000000036
83.12,0.0
83.16,-0.0040000000000000036
83.2,-0.0040000000000000036
83.24,0.0040000000000000036
83.28,0.0
83.32000000000001,-0.0040000000000000036
83.36,0.0
83.4,0.0
83.44,-0.007999999999999993
83.48,-0.0040000000000000036
83.52,0.0
83.56,-0.0040000000000000036
83.60000000000001,-0.007999999999999993
83.64,-0.007999999999999993
83.68,-0.007999999999999993
83.72,-0.011999999999999997
83.76,-0.007999999999999993
83.8,-0.0040000000000000036
83.84,-0.0040000000000000036
83.88,0.0
83.92,0.0040000000000000036
83.96000000000001,-0.0040000000000000036
84.0,-0.007999999999999993
84.04,-0.0040000000000000036
84.08,-0.0040000000000000036
84.12,-0.007999999999999993
84.16,-0.0040000000000000036
84.2,0.0040000000000000036
84.24,-0.0040000000000000036
84.28,-0.007999999999999993
84.32000000000001,-0.0040000000000000036
84.36,-0.0040000000000000036
84.4,-0.011999999999999997
84.44,-0.0040000000000000036
84.48,0.0040000000000000036
84.52,0.0
84.56,-0.0040000000000000036
84.60000000000001,0.0040000000000000036
84.64,-0.0040000000000000036
84.68,-0.007999999999999993
84.72,0.0
84.76,0.0040000000000000036
84.8,-0.0040000000000000036
84.84,-0.0040000000000000036
84.88,0.0
84.92,-0.007999999999999993
84.96000000000001,-0.011999999999999997
85.0,-0.007999999999999993
85.04,-0.007999999999999993
85.08,-0.0040000000000000036
85.12,-0.0040000000000000036
85.16,0.0
85.2,-0.0040000000000000036
85.24,-0.007999999999999993
85.28,-0.0040000000000000036
85.32000000000001,-0.0040000000000000036
85.36,-0.007999999999999993
85.4,0.0
85.44,0.0
85.48,-0.0040000000000000036
85.52,-0.0040000000000000036
85.56,0.0040000000000000036
85.60000000000001,-0.007999999999999993
85.64,-0.011999999999999997
85.68,-0.0040000000000000036
85.72,0.0
85.76,-0.0040000000000000036
85.8,-0.0040000000000000036
85.84,-0.0040000000000000036
85.88,-0.007999999999999993
85.92,-0.007999999999999993
85.96000000000001,0.0040000000000000036
86.0,0.0040000000000000036
86.04,0.0
86.08,-0.0040000000000000036
86.12,0.0040000000000000036
86.16,-0.0040000000000000036
86.2,-0.007999999999999993
86.24,-0.007999999999999993
86.28,-0.007999999999999993
86.32000000000001,-0.007999999999999993
86.36,-0.007999999999999993
86.4,-0.0040000000000000036
86.44,-0.007999999999999993
86.48,-0.0040000000000000036
86.52,-0.0040000000000000036
86.56,-0.0040000000000000036
86.60000000000001,-0.0040000000000000036
86.64,-0.0040000000000000036
86.68,0.0
86.72,-0.0040000000000000036
86.76,0.0
86.8,0.0
86.84,-0.0040000000000000036
86.88,-0.007999999999999993
86.92,-0.007999999999999993
86.96000000000001,-0.0040000000000000036
87.0,-0.007999999999999993
87.04,-0.0040000000000000036
87.08,-0.0040000000000000036
87.12,-0.007999999999999993
87.16,-0.007999999999999993
87.2,0.0
87.24,-0.0040000000000000036
87.28,-0.007999999999999993
87.32000000000001,-0.0040000000000000036
87.36,0.0040000000000000036
87.4,0.0040000000000000036
87.44,-0.0040000000000000036
87.48,0.0
87.52,-0.0040000000000000036
87.56,-0.007999999999999993
87.60000000000001,-0.007999999999999993
87.64,-0.0040000000000000036
87.68,-0.0040000000000000036
87.72,-0.0040000000000000036
87.76,-0.0040000000000000036
87.8,-0.007999999999999993
87.84,-0.007999999999999993
87.88,-0.0040000000000000036
87.92,-0.007999999999999993
87.96000000000001,-0.007999999999999993
88.0,0.0
88.04,0.0040000000000000036
88.08,-0.0040000000000000036
88.12,-0.0040000000000000036
88.16,-0.0040000000000000036
88.2,-0.0040000000000000036
88.24,-0.007999999999999993
88.28,-0.0040000000000000036
88.32000000000001,-0.0040000000000000036
88.36,-0.007999999999999993
88.4,-0.007999999999999993
88.44,0.0
88.48,-0.0040000000000000036
88.52,-0.011999999999999997
88.56,-0.0040000000000000036
88.60000000000001,0.0040000000000000036
88.64,0.0040000000000000036
88.68,0.0040000000000000036
88.72,0.008000000000000007
88.76,-0.0040000000000000036
88.8,-0.007999999999999993
88.84,-0.0040000000000000036
88.88,0.0
88.92,-0.007999999999999993
88.96000000000001,0.0
89.0,0.0
89.04,-0.0040000000000000036
89.08,-0.007999999999999993
89.12,-0.0040000000000000036
89.16,-0.007999999999999993
89.2,-0.007999999999999993
89.24,-0.0040000000000000036
89.28,-0.0040000000000000036
89.32000000000001,-0.0040000000000000036
89.36,0.0
89.4,0.0040000000000000036
89.44,-0.0040000000000000036
89.48,-0.007999999999999993
89.52,-0.0040000000000000036
89.56,-0.0040000000000000036
89.60000000000001,-0.007999999999999993
89.64,0.0
89.68,-0.0040000000000000036
89.72,-0.011999999999999997
89.76,-0.011999999999999997
89.8,-0.007999999999999993
89.84,-0.0040000000000000036
89.88,-0.007999999999999993
89.92,0.0
89.96000000000001,0.0040000000000000036
90.0,-0.0040000000000000036
90.04,-0.0040000000000000036
90.08,0.0
90.12,-0.0040000000000000036
90.16,-0.0040000000000000036
90.2,-0.0040000000000000036
90.24,-0.0040000000000000036
90.28,-0.0040000000000000036
90.32000000000001,-0.0040000000000000036
90.36,-0.0040000000000000036
90.4,-0.007999999999999993
90.44,-0.007999999999999993
90.48,-0.0040000000000000036
90.52,-0.0040000000000000036
90.56,-0.007999999999999993
90.60000000000001,0.0
90.64,0.0
90.68,-0.0040000000000000036
90.72,-0.0040000000000000036
90.76,0.0
90.8,-0.0040000000000000036
90.84,-0.0040000000000000036
90.88,0.0040000000000000036
90.92,-0.0040000000000000036
90.96000000000001,-0.011999999999999997
91.0,-0.011999999999999997
91.04,-0.0040000000000000036
91.08,-0.007999999999999993
91.12,-0.007999999999999993
91.16,-0.0040000000000000036
91.2,-0.0040000000000000036
91.24,-0.0040000000000000036
91.28,0.0
91.32000000000001,0.0
91.36,-0.0040000000000000036
91.4,-0.0040000000000000036
91.44,0.0
91.48,0.0
91.52,-0.0040000000000000036
91.56,0.0
91.60000000000001,0.0
91.64,-0.0040000000000000036
91.68,-0.007999999999999993
91.72,-0.007999999999999993
91.76,-0.007999999999999993
91.8,-0.007999999999999993
91.84,-0.0040000000000000036
91.88,-0.0040000000000000036
91.92,-0.0040000000000000036
91.96000000000001,-0.0040000000000000036
92.0,-0.0040000000000000036
92.04,-0.0040000000000000036
92.08,-0.0040000000000000036
92.12,0.0040000000000000036
92.16,-0.0040000000000000036
92.2,-0.007999999999999993
92.24,0.0
92.28,0.0040000000000000036
92.32000000000001,-0.007999999999999993
92.36,-0.011999999999999997
92.4,-0.007999999999999993
92.44,-0.007999999999999993
92.48,-0.0040000000000000036
92.52,-0.0040000000000000036
92.56,0.0
92.60000000000001,-0.0040000000000000036
92.64,-0.007999999999999993
92.68,0.0
92.72,-0.0040000000000000036
92.76,-0.0040000000000000036
92.8,0.0040000000000000036
92.84,0.0
92.88,0.0
92.92,-0.0040000000000000036
92.96000000000001,0.0
93.0,-0.0040000000000000036
93.04,-0.011999999999999997
93.08,-0.007999999999999993
93.12,-0.0040000000000000036
93.16,-0.007999999999999993
93.2,0.0
93.24,-0.0040000000000000036
93.28,-0.007999999999999993
93.32000000000001,-0.0040000000000000036
93.36,0.0
93.4,-0.007999999999999993
93.44,-0.007999999999999993
93.48,0.0040000000000000036
93.52,0.0040000000000000036
93.56,-0.007999999999999993
93.60000000000001,-0.007999999999999993
93.64,-0.007999999999999993
93.68,-0.007999999999999993
93.72,-0.007999999999999993
93.76,-0.0040000000000000036
93.8,-0.0040000000000000036
93.84,-0.007999999999999993
93.88,-0.007999999999999993
93.92,-0.0040000000000000036
93.96000000000001,-0.007999999999999993
94.0,-0.007999999999999993
94.04,-0.0040000000000000036
94.08,-0.0040000000000000036
94.12,-0.0040000000000000036
94.16,0.0040000000000000036
94.2,0.0040000000000000036
94.24,-0.0040000000000000036
94.28,-0.0040000000000000036
94.32000000000001,-0.0040000000000000036
94.36,-0.007999999999999993
94.4,-0.0040000000000000036
94.44,0.0040000000000000036
94.48,-0.0040000000000000036
94.52,-0.007999999999999993
94.56,-0.0040000000000000036
94.60000000000001,-0.0040000000000000036
94.64,-0.007999999999999993
94.68,-0.007999999999999993
94.72,0.0040000000000000036
94.76,0.0040000000000000036
94.8,-0.0040000000000000036
94.84,0.0040000000000000036
94.88,0.0
94.92,-0.007999999999999993
94.96000000000001,-0.007999999999999993
95.0,-0.0040000000000000036
95.04,-0.007999999999999993
95.08,-0.007999999999999993
95.12,0.0
95.16,-0.0040000000000000036
95.2,-0.007999999999999993
95.24,-0.011999999999999997
95.28,-0.007999999999999993
95.32000000000001,-0.007999999999999993
95.36,-0.0040000000000000036
95.4,0.0040000000000000036
95.44,0.0040000000000000036
95.48,-0.0040000000000000036
95.52,-0.0040000000000000036
95.56,-0.0040000000000000036
95.60000000000001,-0.0040000000000000036
95.64,-0.0040000000000000036
95.68,-0.0040000000000000036
95.72,-0.007999999999999993
95.76,-0.007999999999999993
95.8,-0.0040000000000000036
95.84,-0.007999999999999993
95.88,-0.011999999999999997
95.92,-0.007999999999999993
95.96000000000001,-0.0040000000000000036
96.0,-0.0040000000000000036
96.04,-0.0040000000000000036
96.08,0.0040000000000000036
96.12,0.0040000000000000036
96.16,-0.0040000000000000036
96.2,-0.0040000000000000036
96.24000000000001,-0.0040000000000000036
96.28,-0.007999999999999993
96.32000000000001,-0.007999999999999993
96.36,0.0
96.4,-0.0040000000000000036
96.44,-0.007999999999999993
96.48,-0.007999999999999993
96.52,-0.007999999999999993
96.56,-0.011999999999999997
96.60000000000001,-0.007999999999999993
96.64,-0.0040000000000000036
96.68,-0.0040000000000000036
96.72,-0.0040000000000000036
96.76,-0.0040000000000000036
96.8,0.0040000000000000036
96.84,0.0
96.88,0.0
96.92,-0.0040000000000000036
96.96000000000001,-0.0040000000000000036
97.0,-0.0040000000000000036
97.04,-0.0040000000000000036
97.08,-0.0040000000000000036
97.12,-0.007999999999999993
97.16,-0.0040000000000000036
97.2,-0.0040000000000000036
97.24000000000001,-0.007999999999999993
97.28,-0.007999999999999993
97.32000000000001,0.0
97.36,0.0
97.4,-0.0040000000000000036
97.44,0.0040000000000000036
97.48,0.0
97.52,-0.0040000000000000036
97.56,-0.007999999999999993
97.60000000000001,0.0
97.64,-0.0040000000000000036
97.68,-0.007999999999999993
97.72,-0.0040000000000000036
97.76,0.0
97.8,-0.007999999999999993
97.84,-0.007999999999999993
97.88,-0.007999999999999993
97.92,-0.011999999999999997
97.96000000000001,-0.011999999999999997
98.0,-0.0040000000000000036
98.04,0.0
98.08,0.0
98.12,-0.0040000000000000036
98.16,-0.0040000000000000036
98.2,-0.0040000000000000036
98.24000000000001,-0.0040000000000000036
98.28,0.0
98.32000000000001,-0.0040000000000000036
98.36,-0.0040000000000000036
98.4,0.0
98.44,-0.0040000000000000036
98.48,-0.011999999999999997
98.52,-0.007999999999999993
98.56,-0.0040000000000000036
98.60000000000001,-0.0040000000000000036
98.64,-0.0040000000000000036
98.68,0.0040000000000000036
98.72,-0.0040000000000000036
98.76,-0.0040000000000000036
98.8,0.0
98.84,0.0
98.88,-0.007999999999999993
98.92,-0.007999999999999993
98.96000000000001,0.0040000000000000036
99.0,0.0040000000000000036
99.04,-0.0040000000000000036
99.08,-0.0040000000000000036
99.12,-0.0040000000000000036
99.16,-0.011999999999999997
99.2,-0.011999999999999997
99.24000000000001,-0.0040000000000000036
99.28,-0.0040000000000000036
99.32000000000001,-0.0040000000000000036
99.36,-0.0040000000000000036
99.4,-0.0040000000000000036
99.44,-0.007999999999999993
99.48,0.0
99.52,-0.0040000000000000036
99.56,-0.007999999999999993
99.60000000000001,-0.0040000000000000036
99.64,0.0040000000000000036
99.68,-0.0040000000000000036
99.72,-0.007999999999999993
99.76,-0.0040000000000000036
99.8,-0.0040000000000000036
99.84,-0.007999999999999993
99.88,-0.007999999999999993
99.92,0.0
99.96000000000001,-0.0040000000000000036
100.0,-0.0040000000000000036
100.04,0.0040000000000000036
100.08,-0.0040000000000000036
100.12,-0.007999999999999993
100.16,-0.0040000000000000036
100.2,0.0
100.24000000000001,0.0040000000000000036
100.28,0.0040000000000000036
100.32000000000001,0.0040000000000000036
100.36,-0.0040000000000000036
100.4,-0.007999999999999993
100.44,-0.007999999999999993
100.48,-0.007999999999999993
100.52,-0.007999999999999993
100.56,-0.007999999999999993
100.60000000000001,-0.0040000000000000036
100.64,-0.0040000000000000036
100.68,-0.0040000000000000036
100.72,-0.0040000000000000036
100.76,-0.0040000000000000036
100.8,-0.007999999999999993
100.84,-0.0040000000000000036
100.88,0.0040000000000000036
100.92,0.0
100.96000000000001,-0.0040000000000000036
101.0,0.0
101.04,-0.0040000000000000036
101.08,-0.007999999999999993
101.12,-0.007999999999999993
101.16,-0.0040000000000000036
101.2,-0.007999999999999993
101.24000000000001,-0.007999999999999993
101.28,0.0
101.32000000000001,0.0
101.36,-0.007999999999999993
101.4,-0.007999999999999993
101.44,-0.0040000000000000036
101.48,-0.0040000000000000036
101.52,-0.0040000000000000036
101.56,0.0040000000000000036
101.60000000000001,0.0040000000000000036
101.64,-0.0040000000000000036
101.68,-0.0040000000000000036
101.72,-0.0040000000000000036
101.76,-0.0040000000000000036
101.8,-0.011999999999999997
101.84,-0.007999999999999993
101.88,-0.007999999999999993
101.92,-0.007999999999999993
101.96000000000001,-0.0040000000000000036
102.0,-0.0040000000000000036
102.04,-0.007999999999999993
102.08,-0.007999999999999993
102.12,-0.0040000000000000036
102.16,-0.007999999999999993
102.2,-0.0040000000000000036
102.24000000000001,0.0040000000000000036
102.28,0.0
102.32000000000001,-0.0040000000000000036
102.36,-0.0040000000000000036
102.4,-0.007999999999999993
102.44,-0.011999999999999997
102.48,-0.007999999999999993
102.52,-0.0040000000000000036
102.56,-0.0040000000000000036
102.60000000000001,-0.007999999999999993
102.64,-0.0040000000000000036
102.68,0.0
102.72,-0.007999999999999993
102.76,-0.007999999999999993
102.8,0.0
102.84,0.0040000000000000036
102.88,0.0
102.92,0.008000000000000007
102.96000000000001,0.0040000000000000036
103.0,-0.0040000000000000036
103.04,-0.007999999999999993
103.08,-0.007999999999999993
103.12,-0.007999999999999993
103.16,-0.007999999999999993
103.2,-0.0040000000000000036
103.24000000000001,-0.0040000000000000036
103.28,-0.0040000000000000036
103.32000000000001,-0.0040000000000000036
103.36,-0.0040000000000000036
103.4,-0.011999999999999997
103.44,-0.0040000000000000036
103.48,0.0
103.52,0.0
103.56,-0.0040000000000000036
103.60000000000001,0.0040000000000000036
103.64,-0.0040000000000000036
103.68,-0.007999999999999993
103.72,-0.0040000000000000036
103.76,-0.0040000000000000036
103.8,-0.007999999999999993
103.84,-0.007999999999999993
103.88,0.0
103.92,-0.0040000000000000036
103.96000000000001,-0.011999999999999997
104.0,-0.011999999999999997
104.04,-0.0040000000000000036
104.08,-0.007999999999999993
104.12,-0.0040000000000000036
104.16,0.0040000000000000036
104.2,0.0040000000000000036
104.24000000000001,0.0
104.28,0.0
104.32000000000001,-0.0040000000000000036
104.36,-0.007999999999999993
104.4,-0.007999999999999993
104.44,-0.0040000000000000036
104.48,-0.0040000000000000036
104.52,-0.0040000000000000036
104.56,-0.0040000000000000036
104.60000000000001,-0.0040000000000000036
104.64,-0.011999999999999997
104.68,-0.007999999999999993
104.72,-0.0040000000000000036
104.76,-0.0040000000000000036
104.8,-0.0040000000000000036
104.84,-0.0040000000000000036
104.88,-0.0040000000000000036
104.92,0.0
104.96000000000001,0.0040000000000000036
105.0,-0.0040000000000000036
105.04,-0.007999999999999993
105.08,-0.0040000000000000036
105.12,0.0
105.16,-0.0040000000000000036
105.2,-0.007999999999999993
105.24000000000001,-0.007999999999999993
105.28,-0.007999999999999993
105.32000000000001,-0.011999999999999997
105.36,-0.007999999999999993
105.4,-0.0040000000000000036
105.44,0.0
105.48,-0.0040000000000000036
105.52,0.0040000000000000036
105.56,0.0040000000000000036
105.60000000000001,-0.0040000000000000036
105.64,-0.0040000000000000036
105.68,-0.0040000000000000036
105.72,-0.007999999999999993
105.76,-0.0040000000000000036
105.8,0.0
105.84,-0.0040000000000000036
105.88,-0.0040000000000000036
105.92,-0.0040000000000000036
105.96000000000001,-0.0040000000000000036
106.0,-0.007999999999999993
106.04,-0.007999999999999993
106.08,-0.0040000000000000036
106.12,-0.0040000000000000036
106.16,-0.0040000000000000036
106.2,0.0040000000000000036
106.24000000000001,0.0
106.28,-0.007999999999999993
106.32000000000001,-0.007999999999999993
106.36,0.0
106.4,-0.0040000000000000036
106.44,-0.007999999999999993
106.48,-0.0040000000000000036
106.52,-0.0040000000000000036
106.56,-0.007999999999999993
106.60000000000001,-0.007999999999999993
106.64,-0.0040000000000000036
106.68,-0.007999999999999993
106.72,-0.007999999999999993
106.76,-0.0040000000000000036
106.8,0.0040000000000000036
106.84,0.0
106.88,0.0
106.92,0.0040000000000000036
106.96000000000001,-0.007999999999999993
107.0,-0.007999999999999993
107.04,0.0
107.08,-0.0040000000000000036
107.12,-0.0040000000000000036
107.16,0.0
107.2,0.0
107.24000000000001,-0.007999999999999993
107.28,-0.007999999999999993
107.32000000000001,-0.007999999999999993
107.36,-0.007999999999999993
107.4,-0.0040000000000000036
107.44,0.0
107.48,0.0
107.52,-0.0040000000000000036
107.56,0.0040000000000000036
107.60000000000001,0.0040000000000000036
107.64,-0.007999999999999993
107.68,-0.0040000000000000036
107.72,0.0
107.76,-0.0040000000000000036
107.8,-0.007999999999999993
107.84,-0.0040000000000000036
107.88,-0.007999999999999993
107.92,-0.011999999999999997
107.96000000000001,-0.011999999999999997
108.0,-0.007999999999999993
108.04,-0.007999999999999993
108.08,-0.0040000000000000036
108.12,0.0040000000000000036
108.16,0.0040000000000000036
108.2,-0.0040000000000000036
108.24000000000001,-0.0040000000000000036
108.28,-0.0040000000000000036
108.32000000000001,-0.007999999999999993
108.36,-0.0040000000000000036
108.4,0.0040000000000000036
108.44,0.0
108.48,-0.0040000000000000036
108.52,-0.007999999999999993
108.56,-0.007999999999999993
108.60000000000001,-0.007999999999999993
108.64,-0.007999999999999993
108.68,-0.0040000000000000036
108.72,-0.007999999999999993
108.76,-0.0040000000000000036
108.8,0.0040000000000000036
108.84,0.0040000000000000036
108.88,-0.007999999999999993
108.92,-0.0040000000000000036
108.96000000000001,0.0040000000000000036
109.0,-0.0040000000000000036
109.04,-0.007999999999999993
109.08,0.0040000000000000036
109.12,0.0
109.16,-0.007999999999999993
109.2,-0.007999999999999993
109.24000000000001,-0.007999999999999993
109.28,-0.011999999999999997
109.32000000000001,-0.007999999999999993
109.36,-0.0040000000000000036
109.4,-0.0040000000000000036
109.44,-0.0040000000000000036
109.48,-0.0040000000000000036
109.52,-0.0040000000000000036
109.56,-0.007999999999999993
109.60000000000001,-0.007999999999999993
109.64,0.0
109.68,0.0
109.72,-0.0040000000000000036
109.76,-0.0040000000000000036
109.8,-0.0040000000000000036
109.84,-0.0040000000000000036
109.88,-0.007999999999999993
109.92,-0.007999999999999993
109.96000000000001,-0.011999999999999997
110.0,-0.007999999999999993
110.04,0.0
110.08,0.0
110.12,-0.0040000000000000036
110.16,0.0
110.2,0.0
110.24000000000001,-0.0040000000000000036
110.28,0.0
110.32000000000001,0.0040000000000000036
110.36,0.0
110.4,-0.0040000000000000036
110.44,-0.0040000000000000036
110.48,-0.0040000000000000036
110.52,-0.011999999999999997
110.56,-0.011999999999999997
110.60000000000001,-0.0040000000000000036
110.64,-0.007999999999999993
110.68,-0.007999999999999993
110.72,-0.0040000000000000036
110.76,0.0040000000000000036
110.8,-0.007999999999999993
110.84,-0.007999999999999993
110.88,-0.0040000000000000036
110.92,-0.0040000000000000036
110.96000000000001,-0.007999999999999993
111.0,-0.0040000000000000036
111.04,0.0040000000000000036
111.08,0.0
111.12,-0.0040000000000000036
111.16,-0.0040000000000000036
111.2,-0.011999999999999997
111.24000000000001,-0.007999999999999993
111.28,-0.0040000000000000036
111.32000000000001,-0.0040000000000000036
111.36,-0.007999999999999993
111.4,0.0
111.44,0.0040000000000000036
111.48,0.0
111.52,-0.0040000000000000036
111.56,-0.0040000000000000036
111.60000000000001,-0.0040000000000000036
111.64,-0.0040000000000000036
111.68,0.0040000000000000036
111.72,0.0040000000000000036
111.76,-0.0040000000000000036
111.8,0.0
111.84,-0.0040000000000000036
111.88,-0.011999999999999997
111.92,-0.007999999999999993
111.96000000000001,-0.0040000000000000036
112.0,-0.0040000000000000036
112.04,-0.007999999999999993
112.08,0.0
112.12,0.0
112.16,-0.007999999999999993
112.2,-0.007999999999999993
112.24000000000001,-0.0040000000000000036
112.28,-0.0040000000000000036
112.32000000000001,0.0
112.36,0.0040000000000000036
112.4,0.0
112.44,-0.007999999999999993
112.48,-0.007999999999999993
112.52,-0.007999999999999993
112.56,-0.011999999999999997
112.60000000000001,-0.011999999999999997
112.64,-0.0040000000000000036
112.68,-0.0040000000000000036
112.72,-0.0040000000000000036
112.76,0.0
112.8,0.0
112.84,-0.007999999999999993
112.88,-0.0040000000000000036
112.92,0.0040000000000000036
112.96000000000001,-0.0040000000000000036
113.0,-0.0040000000000000036
113.04,0.0040000000000000036
113.08,-0.0040000000000000036
113.12,-0.007999999999999993
113.16,-0.007999999999999993
113.2,-0.0040000000000000036
113.24000000000001,-0.007999999999999993
113.28,-0.007999999999999993
113.32000000000001,0.0
113.36,-0.0040000000000000036
113.4,-0.007999999999999993
113.44,-0.0040000000000000036
113.48,-0.0040000000000000036
113.52,-0.0040000000000000036
113.56,-0.0040000000000000036
113.60000000000001,0.0
113.64,0.0
113.68,0.0
113.72,0.0040000000000000036
113.76,-0.0040000000000000036
113.8,-0.011999999999999997
113.84,-0.011999999999999997
113.88,-0.007999999999999993
113.92,-0.0040000000000000036
113.96000000000001,-0.007999999999999993
114.0,-0.0040000000000000036
114.04,-0.0040000000000000036
114.08,-0.007999999999999993
114.12,-0.0040000000000000036
114.16,0.0
114.2,-0.0040000000000000036
114.24000000000001,-0.0040000000000000036
114.28,0.0040000000000000036
114.32000000000001,0.0
114.36,-0.0040000000000000036
114.4,0.0
114.44,-0.0040000000000000036
114.48,-0.007999999999999993
114.52,-0.007999999999999993
114.56,-0.0040000000000000036
114.60000000000001,-0.0040000000000000036
114.64,-0.007999999999999993
114.68,-0.0040000000000000036
114.72,0.0
114.76,-0.0040000000000000036
114.8,-0.007999999999999993
114.84,-0.0040000000000000036
114.88,-0.0040000000000000036
114.92,0.0
114.96000000000001,0.0040000000000000036
115.0,0.0
115.04,-0.007999999999999993
115.08,-0.007999999999999993
115.12,-0.007999999999999993
115.16,-0.007999999999999993
115.2,-0.011999999999999997
115.24000000000001,-0.007999999999999993
115.28,-0.0040000000000000036
115.32000000000001,-0.0040000000000000036
115.36,-0.0040000000000000036
115.4,0.0
115.44,-0.0040000000000000036
115.48,-0.0040000000000000036
115.52,0.0
115.56,-0.0040000000000000036
115.60000000000001,-0.0040000000000000036
115.64,0.0040000000000000036
115.68,0.0040000000000000036
115.72,-0.0040000000000000036
115.76,-0.0040000000000000036
115.8,0.0
115.84,-0.0040000000000000036
115.88,-0.007999999999999993
115.92,-0.0040000000000000036
115.96000000000001,0.0
116.0,-0.0040000000000000036
116.04,-0.007999999999999993
116.08,0.0
116.12,-0.0040000000000000036
116.16,-0.0040000000000000036
116.2,0.0040000000000000036
116.24000000000001,0.0
116.28,-0.0040000000000000036
116.32000000000001,0.0040000000000000036
116.36,0.0040000000000000036
116.4,-0.0040000000000000036
116.44,-0.007999999999999993
116.48,-0.011999999999999997
116.52,-0.011999999999999997
116.56,-0.007999999999999993
116.60000000000001,0.0
116.64,-0.0040000000000000036
116.68,-0.0040000000000000036
116.72,-0.0040000000000000036
116.76,-0.0040000000000000036
116.8,-0.007999999999999993
116.84,-0.007999999999999993
116.88,0.0040000000000000036
116.92,0.0040000000000000036
116.96000000000001,-0.0040000000000000036
117.0,0.0040000000000000036
117.04,0.0040000000000000036
117.08,-0.007999999999999993
117.12,-0.007999999999999993
117.16,-0.0040000000000000036
117.2,-0.0040000000000000036
117.24000000000001,-0.007999999999999993
117.28,-0.0040000000000000036
117.32000000000001,0.0
117.36,-0.0040000000000000036
117.4,-0.0040000000000000036
117.44,-0.0040000000000000036
117.48,-0.0040000000000000036
117.52,-0.0040000000000000036
117.56,0.0040000000000000036
117.60000000000001,0.008000000000000007
117.64,0.0
117.68,-0.0040000000000000036
117.72,-0.007999999999999993
117.76,-0.007999999999999993
117.8,-0.007999999999999993
117.84,-0.007999999999999993
117.88,-0.007999999999999993
117.92,-0.007999999999999993
117.96000000000001,-0.0040000000000000036
118.0,-0.0040000000000000036
118.04,-0.0040000000000000036
118.08,-0.007999999999999993
118.12,-0.0040000000000000036
118.16,-0.0040000000000000036
118.2,-0.0040000000000000036
118.24000000000001,0.0040000000000000036
118.28,0.0040000000000000036
118.32000000000001,-0.0040000000000000036
118.36,-0.0040000000000000036
118.4,-0.0040000000000000036
118.44,-0.007999999999999993
118.48,-0.007999999999999993
118.52,-0.0040000000000000036
118.56,-0.0040000000000000036
118.60000000000001,-0.0040000000000000036
118.64,-0.0040000000000000036
118.68,-0.0040000000000000036
118.72,-0.0040000000000000036
118.76,-0.007999999999999993
118.8,0.0
118.84,0.0040000000000000036
118.88,0.0
118.92,-0.0040000000000000036
118.96000000000001,0.0
119.0,0.0040000000000000036
119.04,-0.007999999999999993
119.08,-0.007999999999999993
119.12,-0.007999999999999993
119.16,-0.007999999999999993
119.2,-0.0040000000000000036
119.24000000000001,-0.0040000000000000036
119.28,-0.0040000000000000036
119.32000000000001,-0.0040000000000000036
119.36,-0.0040000000000000036
119.4,-0.0040000000000000036
119.44,-0.007999999999999993
119.48,-0.0040000000000000036
119.52,0.0
119.56,-0.0040000000000000036
119.60000000000001,0.0
119.64,0.0040000000000000036
119.68,-0.0040000000000000036
119.72,-0.007999999999999993
119.76,-0.0040000000000000036
119.8,-0.0040000000000000036
119.84,-0.007999999999999993
119.88,-0.007999999999999993
119.92,-0.0040000000000000036
119.96000000000001,-0.0040000000000000036
120.0,-0.0040000000000000036
120.04,0.0040000000000000036
120.08,0.0
120.12,-0.0040000000000000036
120.16,-0.0040000000000000036
120.2,0.0040000000000000036
120.24000000000001,0.0040000000000000036
120.28,0.0
120.32000000000001,0.0
120.36,-0.0040000000000000036
120.4,-0.007999999999999993
120.44,-0.007999999999999993
120.48,-0.0040000000000000036
120.52,-0.007999999999999993
120.56,-0.0040000000000000036
120.60000000000001,-0.0040000000000000036
120.64,-0.007999999999999993
120.68,-0.007999999999999993
120.72,-0.0040000000000000036
120.76,-0.0040000000000000036
120.8,-0.007999999999999993
120.84,-0.0040000000000000036
120.88,0.0040000000000000036
120.92,0.0
120.96000000000001,-0.0040000000000000036
121.0,0.0
121.04,-0.0040000000000000036
121.08,-0.011999999999999997
121.12,-0.007999999999999993
121.16,-0.0040000000000000036
121.2,-0.007999999999999993
121.24000000000001,-0.0040000000000000036
121.28,0.0040000000000000036
121.32000000000001,-0.0040000000000000036
121.36,-0.007999999999999993
121.4,-0.0040000000000000036
121.44,0.0040000000000000036
121.48,0.0040000000000000036
121.52,0.0040000000000000036
121.56,0.0040000000000000036
121.60000000000001,0.0040000000000000036
121.64,-0.0040000000000000036
121.68,-0.0040000000000000036
121.72,-0.0040000000000000036
121.76,-0.007999999999999993
121.8,-0.007999999999999993
121.84,-0.0040000000000000036
121.88,-0.0040000000000000036
121.92,-0.0040000000000000036
121.96000000000001,0.0
122.0,-0.007999999999999993
122.04,-0.007999999999999993
122.08,-0.0040000000000000036
122.12,-0.0040000000000000036
122.16,0.0
122.2,0.0
122.24000000000001,0.0040000000000000036
122.28,0.0
122.32000000000001,-0.0040000000000000036
122.36,-0.007999999999999993
122.4,-0.007999999999999993
122.44,-0.007999999999999993
122.48,-0.007999999999999993
122.52,0.0
122.56,-0.0040000000000000036
122.60000000000001,-0.007999999999999993
122.64,-0.0040000000000000036
122.68,0.0040000000000000036
122.72,-0.0040000000000000036
122.76,-0.007999999999999993
122.8,0.0
122.84,0.0040000000000000036
122.88,0.0
122.92,0.0
122.96000000000001,0.0
123.0,-0.007999999999999993
123.04,-0.007999999999999993
123.08,-0.0040000000000000036
123.12,-0.0040000000000000036
123.16,-0.0040000000000000036
123.2,-0.0040000000000000036
123.24000000000001,-0.0040000000000000036
123.28,-0.007999999999999993
123.32000000000001,-0.0040000000000000036
123.36,-0.0040000000000000036
123.4,-0.007999999999999993
123.44,-0.0040000000000000036
123.48,0.0040000000000000036
123.52,0.0040000000000000036
123.56,-0.0040000000000000036
123.60000000000001,-0.0040000000000000036
123.64,-0.0040000000000000036
123.68,-0.007999999999999993
123.72,-0.007999999999999993
123.76,-0.0040000000000000036
123.8,-0.0040000000000000036
123.84,-0.007999999999999993
123.88000000000001,-0.0040000000000000036
123.92,0.0040000000000000036
123.96000000000001,-0.007999999999999993
124.0,-0.007999999999999993
124.04,0.0
124.08,0.0
124.12,-0.0040000000000000036
124.16,0.0040000000000000036
124.2,0.0040000000000000036
124.24000000000001,-0.0040000000000000036
124.28,-0.0040000000000000036
124.32000000000001,-0.0040000000000000036
124.36,-0.007999999999999993
124.4,-0.007999999999999993
124.44,-0.0040000000000000036
124.48,0.0
124.52,-0.0040000000000000036
124.56,-0.0040000000000000036
124.60000000000001,0.0
124.64,-0.0040000000000000036
124.68,-0.007999999999999993
124.72,-0.0040000000000000036
124.76,-0.0040000000000000036
124.8,-0.0040000000000000036
124.84,0.0040000000000000036
124.88000000000001,0.0040000000000000036
124.92,-0.0040000000000000036
124.96000000000001,-0.0040000000000000036
125.0,-0.007999999999999993
125.04,-0.011999999999999997
125.08,-0.011999999999999997
125.12,-0.007999999999999993
125.16,0.0
125.2,-0.007999999999999993
125.24000000000001,-0.007999999999999993
125.28,-0.0040000000000000036
125.32000000000001,-0.0040000000000000036
125.36,-0.007999999999999993
125.4,-0.0040000000000000036
125.44,-0.0040000000000000036
125.48,-0.0040000000000000036
125.52,0.0
125.56,0.0040000000000000036
125.60000000000001,-0.0040000000000000036
125.64,-0.007999999999999993
125.68,-0.007999999999999993
125.72,-0.007999999999999993
125.76,-0.007999999999999993
125.8,-0.0040000000000000036
125.84,0.0
125.88000000000001,-0.0040000000000000036
125.92,-0.0040000000000000036
125.96000000000001,-0.0040000000000000036
126.0,-0.0040000000000000036
126.04,-0.007999999999999993
126.08,-0.0040000000000000036
126.12,0.0040000000000000036
126.16,0.0040000000000000036
126.2,0.0040000000000000036
126.24000000000001,0.0
126.28,-0.0040000000000000036
126.32000000000001,-0.007999999999999993
126.36,-0.007999999999999993
126.4,-0.0040000000000000036
126.44,-0.007999999999999993
126.48,-0.007999999999999993
126.52,-0.0040000000000000036
126.56,0.0
126.60000000000001,-0.007999999999999993
126.64,-0.0040000000000000036
126.68,-0.0040000000000000036
126.72,-0.007999999999999993
126.76,-0.0040000000000000036
126.8,0.0040000000000000036
126.84,0.0040000000000000036
126.88000000000001,-0.0040000000000000036
126.92,-0.0040000000000000036
126.96000000000001,-0.0040000000000000036
127.0,-0.007999999999999993
127.04,-0.007999999999999993
127.08,-0.0040000000000000036
127.12,-0.0040000000000000036
127.16,-0.0040000000000000036
127.2,-0.0040000000000000036
127.24000000000001,-0.0040000000000000036
127.28,-0.007999999999999993
127.32000000000001,-0.0040000000000000036
127.36,0.0
127.4,-0.0040000000000000036
127.44,0.0
127.48,0.0040000000000000036
127.52,0.0
127.56,-0.0040000000000000036
127.60000000000001,-0.0040000000000000036
127.64,-0.007999999999999993
127.68,-0.011999999999999997
127.72,-0.011999999999999997
127.76,-0.0040000000000000036
127.8,-0.0040000000000000036
127.84,-0.007999999999999993
127.88000000000001,-0.0040000000000000036
127.92,-0.0040000000000000036
127.96000000000001,-0.007999999999999993
128.0,-0.0040000000000000036
128.04,0.0040000000000000036
128.08,0.0
128.12,-0.0040000000000000036
128.16,0.0040000000000000036
128.2,0.0040000000000000036
128.24,-0.007999999999999993
128.28,-0.0040000000000000036
128.32,-0.0040000000000000036
128.36,-0.007999999999999993
128.4,-0.007999999999999993
128.44,-0.0040000000000000036
128.48,-0.0040000000000000036
128.52,-0.0040000000000000036
128.56,-0.0040000000000000036
128.6,-0.0040000000000000036
128.64000000000001,-0.0040000000000000036
128.68,-0.0040000000000000036
128.72,0.0
128.76,0.0
128.8,0.0
128.84,0.008000000000000007
128.88,0.0
128.92000000000002,-0.007999999999999993
128.96,-0.007999999999999993
129.0,-0.0040000000000000036
129.04,-0.007999999999999993
129.08,-0.007999999999999993
129.12,-0.0040000000000000036
129.16,-0.0040000000000000036
129.2,-0.007999999999999993
129.24,-0.0040000000000000036
129.28,-0.0040000000000000036
129.32,-0.007999999999999993
129.36,-0.007999999999999993
129.4,0.0
129.44,0.0040000000000000036
129.48,-0.0040000000000000036
129.52,0.0
129.56,-0.0040000000000000036
129.6,-0.011999999999999997
129.64000000000001,-0.011999999999999997
129.68,-0.007999999999999993
129.72,-0.0040000000000000036
129.76,-0.0040000000000000036
129.8,-0.0040000000000000036
129.84,0.0
129.88,-0.0040000000000000036
129.92000000000002,-0.007999999999999993
129.96,-0.007999999999999993
130.0,-0.0040000000000000036
130.04,-0.0040000000000000036
130.08,0.0040000000000000036
130.12,0.0040000000000000036
130.16,-0.0040000000000000036
130.2,-0.0040000000000000036
130.24,-0.0040000000000000036
130.28,-0.007999999999999993
130.32,-0.007999999999999993
130.36,-0.007999999999999993
130.4,-0.007999999999999993
130.44,-0.007999999999999993
130.48,-0.0040000000000000036
130.52,0.0
130.56,-0.007999999999999993
130.6,-0.007999999999999993
130.64000000000001,0.0
130.68,0.0
130.72,-0.0040000000000000036
130.76,0.0040000000000000036
130.8,0.0040000000000000036
130.84,-0.0040000000000000036
130.88,-0.007999999999999993
130.92000000000002,-0.0040000000000000036
130.96,-0.007999999999999993
131.0,-0.011999999999999997
131.04,-0.0040000000000000036
131.08,0.0040000000000000036
131.12,-0.0040000000000000036
131.16,-0.0040000000000000036
131.2,-0.0040000000000000036
131.24,-0.0040000000000000036
131.28,-0.0040000000000000036
131.32,-0.0040000000000000036
131.36,0.0
131.4,-0.0040000000000000036
131.44,0.0040000000000000036
131.48,0.008000000000000007
131.52,-0.0040000000000000036
131.56,-0.007999999999999993
131.6,-0.007999999999999993
131.64000000000001,-0.007999999999999993
131.68,-0.007999999999999993
131.72,-0.0040000000000000036
131.76,0.0
131.8,-0.007999999999999993
131.84,-0.0040000000000000036
131.88,-0.0040000000000000036
131.92000000000002,-0.0040000000000000036
131.96,-0.0040000000000000036
132.0,0.0
132.04,0.0040000000000000036
132.08,-0.0040000000000000036
132.12,-0.0040000000000000036
132.16,0.0
132.2,-0.007999999999999993
132.24,-0.007999999999999993
132.28,-0.007999999999999993
132.32,-0.0040000000000000036
132.36,-0.007999999999999993
132.4,-0.007999999999999993
132.44,0.0
132.48,-0.0040000000000000036
132.52,-0.0040000000000000036
132.56,-0.0040000000000000036
132.6,-0.0040000000000000036
132.64000000000001,-0.007999999999999993
132.68,0.0
132.72,0.0040000000000000036
132.76,0.0
132.8,-0.0040000000000000036
132.84,-0.0040000000000000036
132.88,-0.0040000000000000036
132.92000000000002,-0.007999999999999993
132.96,-0.0040000000000000036
133.0,-0.007999999999999993
133.04,-0.007999999999999993
133.08,-0.0040000000000000036
133.12,0.0
133.16,-0.0040000000000000036
133.2,-0.0040000000000000036
133.24,0.0
133.28,-0.0040000000000000036
133.32,-0.0040000000000000036
133.36,0.0
133.4,0.0040000000000000036
133.44,0.0
133.48,-0.007999999999999993
133.52,-0.007999999999999993
133.56,-0.007999999999999993
133.6,-0.011999999999999997
133.64000000000001,-0.011999999999999997
133.68,-0.0040000000000000036
133.72,-0.0040000000000000036
133.76,-0.0040000000000000036
133.8,-0.0040000000000000036
133.84,-0.0040000000000000036
133.88,-0.007999999999999993
133.92000000000002,-0.0040000000000000036
133.96,-0.0040000000000000036
134.0,-0.0040000000000000036
134.04,-0.0040000000000000036
134.08,0.0
134.12,0.0040000000000000036
134.16,-0.0040000000000000036
134.2,-0.007999999999999993
134.24,-0.007999999999999993
134.28,-0.007999999999999993
134.32,-0.007999999999999993
134.36,-0.0040000000000000036
134.4,-0.0040000000000000036
134.44,-0.0040000000000000036
134.48,0.0
134.52,-0.0040000000000000036
134.56,-0.007999999999999993
134.6,-0.0040000000000000036
134.64000000000001,0.0040000000000000036
134.68,-0.0040000000000000036
134.72,-0.0040000000000000036
134.76,0.0040000000000000036
134.8,-0.0040000000000000036
134.84,-0.011999999999999997
134.88,-0.007999999999999993
134.92000000000002,-0.0040000000000000036
134.96,-0.007999999999999993
135.0,-0.007999999999999993
135.04,-0.0040000000000000036
135.08,-0.0040000000000000036
135.12,-0.0040000000000000036
135.16,-0.0040000000000000036
135.2,-0.0040000000000000036
135.24,-0.011999999999999997
135.28,-0.007999999999999993
135.32,0.0040000000000000036
135.36,0.0040000000000000036
135.4,0.0040000000000000036
135.44,0.0040000000000000036
135.48,-0.0040000000000000036
135.52,-0.007999999999999993
135.56,-0.007999999999999993
135.6,-0.007999999999999993
135.64000000000001,-0.007999999999999993
135.68,-0.0040000000000000036
135.72,0.0040000000000000036
135.76,-0.0040000000000000036
135.8,-0.007999999999999993
135.84,0.0040000000000000036
135.88,0.0
135.92000000000002,-0.007999999999999993
135.96,-0.0040000000000000036
136.0,0.0040000000000000036
136.04,-0.0040000000000000036
136.08,-0.007999999999999993
136.12,-0.0040000000000000036
136.16,-0.0040000000000000036
136.2,-0.011999999999999997
136.24,-0.011999999999999997
136.28,-0.007999999999999993
136.32,-0.007999999999999993
136.36,-0.0040000000000000036
136.4,0.0
136.44,-0.0040000000000000036
136.48,-0.011999999999999997
136.52,-0.007999999999999993
136.56,-0.0040000000000000036
136.6,-0.0040000000000000036
136.64000000000001,0.0
136.68,0.0
136.72,0.0
136.76,-0.0040000000000000036
136.8,-0.0040000000000000036
136.84,-0.007999999999999993
136.88,-0.007999999999999993
136.92000000000002,-0.007999999999999993
136.96,-0.007999999999999993
137.0,-0.0040000000000000036
137.04,-0.0040000000000000036
137.08,0.0040000000000000036
137.12,0.0
137.16,-0.007999999999999993
137.20000000000002,0.0
137.24,0.0
137.28,-0.0040000000000000036
137.32,0.0040000000000000036
137.36,0.0040000000000000036
137.4,0.0
137.44,-0.007999999999999993
137.48,-0.007999999999999993
137.52,-0.007999999999999993
137.56,-0.007999999999999993
137.6,-0.007999999999999993
137.64000000000001,-0.0040000000000000036
137.68,-0.0040000000000000036
137.72,-0.007999999999999993
137.76,-0.0040000000000000036
137.8,0.0040000000000000036
137.84,-0.0040000000000000036
137.88,-0.007999999999999993
137.92000000000002,-0.0040000000000000036
137.96,0.0
138.0,-0.0040000000000000036
138.04,0.0040000000000000036
138.08,0.0
138.12,-0.007999999999999993
138.16,-0.007999999999999993
138.20000000000002,-0.007999999999999993
138.24,-0.007999999999999993
138.28,-0.007999999999999993
138.32,-0.0040000000000000036
138.36,-0.0040000000000000036
138.4,-0.007999999999999993
138.44,0.0
138.48,0.0
138.52,-0.0040000000000000036
138.56,-0.007999999999999993
138.6,0.0040000000000000036
138.64000000000001,0.0040000000000000036
138.68,-0.0040000000000000036
138.72,0.0
138.76,-0.0040000000000000036
138.8,-0.007999999999999993
138.84,-0.007999999999999993
138.88,-0.0040000000000000036
138.92000000000002,-0.011999999999999997
138.96,-0.011999999999999997
139.0,0.0
139.04,0.0040000000000000036
139.08,-0.0040000000000000036
139.12,-0.007999999999999993
139.16,-0.007999999999999993
139.20000000000002,-0.0040000000000000036
139.24,-0.007999999999999993
139.28,0.0
139.32,0.0040000000000000036
139.36,-0.0040000000000000036
139.4,-0.0040000000000000036
139.44,-0.0040000000000000036
139.48,-0.011999999999999997
139.52,-0.007999999999999993
139.56,-0.0040000000000000036
139.6,-0.007999999999999993
139.64000000000001,-0.007999999999999993
139.68,0.0
139.72,0.0040000000000000036
139.76,-0.0040000000000000036
139.8,-0.0040000000000000036
139.84,0.0
139.88,-0.0040000000000000036
139.92000000000002,-0.0040000000000000036
139.96,0.0040000000000000036
140.0,0.0040000000000000036
140.04,-0.0040000000000000036
140.08,-0.0040000000000000036
140.12,-0.0040000000000000036
140.16,-0.011999999999999997
140.20000000000002,-0.011999999999999997
140.24,0.0
140.28,0.0
140.32,-0.007999999999999993
140.36,-0.0040000000000000036
140.4,-0.0040000000000000036
140.44,-0.0040000000000000036
140.48,-0.007999999999999993
140.52,-0.0040000000000000036
140.56,-0.0040000000000000036
140.6,-0.007999999999999993
140.64000000000001,-0.0040000000000000036
140.68,0.0040000000000000036
140.72,-0.0040000000000000036
140.76,-0.0040000000000000036
140.8,-0.007999999999999993
140.84,-0.011999999999999997
140.88,-0.007999999999999993
140.92000000000002,-0.0040000000000000036
140.96,-0.0040000000000000036
141.0,-0.007999999999999993
141.04,-0.0040000000000000036
141.08,-0.0040000000000000036
141.12,-0.0040000000000000036
141.16,-0.0040000000000000036
141.20000000000002,0.0040000000000000036
141.24,0.0
141.28,0.0
141.32,0.0
141.36,0.0
141.4,-0.007999999999999993
141.44,-0.007999999999999993
141.48,-0.0040000000000000036
141.52,-0.007999999999999993
141.56,-0.011999999999999997
141.6,-0.0040000000000000036
141.64000000000001,0.0
141.68,-0.0040000000000000036
141.72,-0.0040000000000000036
141.76,-0.0040000000000000036
141.8,-0.0040000000000000036
141.84,-0.007999999999999993
141.88,-0.0040000000000000036
141.92000000000002,0.0040000000000000036
141.96,0.0
142.0,-0.0040000000000000036
142.04,-0.0040000000000000036
142.08,-0.0040000000000000036
142.12,-0.007999999999999993
142.16,-0.007999999999999993
142.20000000000002,-0.007999999999999993
142.24,-0.011999999999999997
142.28,-0.007999999999999993
142.32,-0.0040000000000000036
142.36,-0.0040000000000000036
142.4,-0.0040000000000000036
142.44,0.0
142.48,-0.0040000000000000036
142.52,-0.0040000000000000036
142.56,-0.0040000000000000036
142.6,-0.0040000000000000036
142.64000000000001,0.0
142.68,-0.0040000000000000036
142.72,0.0040000000000000036
142.76,-0.0040000000000000036
142.8,-0.011999999999999997
142.84,-0.007999999999999993
142.88,-0.0040000000000000036
142.92000000000002,-0.0040000000000000036
142.96,-0.0040000000000000036
143.0,0.0
143.04,-0.0040000000000000036
143.08,-0.0040000000000000036
143.12,-0.0040000000000000036
143.16,-0.0040000000000000036
143.20000000000002,-0.007999999999999993
143.24,-0.0040000000000000036
143.28,0.0040000000000000036
143.32,0.0
143.36,-0.0040000000000000036
143.4,-0.0040000000000000036
143.44,-0.007999999999999993
143.48,-0.011999999999999997
143.52,-0.011999999999999997
143.56,-0.0040000000000000036
143.6,-0.0040000000000000036
143.64000000000001,-0.0040000000000000036
143.68,0.0
143.72,0.0
143.76,-0.007999999999999993
143.8,-0.0040000000000000036
143.84,-0.0040000000000000036
143.88,-0.0040000000000000036
143.92000000000002,0.0
143.96,0.0040000000000000036
144.0,-0.007999999999999993
144.04,-0.007999999999999993
144.08,-0.007999999999999993
144.12,-0.007999999999999993
144.16,-0.011999999999999997
144.20000000000002,-0.007999999999999993
144.24,0.0
144.28,-0.0040000000000000036
144.32,-0.0040000000000000036
144.36,0.0040000000000000036
144.4,-0.0040000000000000036
144.44,-0.007999999999999993
144.48,-0.0040000000000000036
144.52,0.0
144.56,0.0
144.6,0.0
144.64000000000001,0.0040000000000000036
144.68,-0.0040000000000000036
144.72,-0.007999999999999993
144.76,-0.007999999999999993
144.8,-0.007999999999999993
144.84,-0.011999999999999997
144.88,-0.007999999999999993
144.92000000000002,-0.0040000000000000036
144.96,-0.0040000000000000036
145.0,-0.007999999999999993
145.04,0.0
145.08,-0.0040000000000000036
145.12,-0.0040000000000000036
145.16,0.0
145.20000000000002,0.0040000000000000036
145.24,-0.0040000000000000036
145.28,-0.0040000000000000036
145.32,0.0
145.36,-0.0040000000000000036
145.4,-0.007999999999999993
145.44,-0.007999999999999993
145.48,-0.0040000000000000036
145.52,-0.0040000000000000036
145.56,-0.0040000000000000036
145.6,0.0040000000000000036
145.64000000000001,0.0
145.68,-0.007999999999999993
145.72,-0.0040000000000000036
145.76,0.0
145.8,-0.0040000000000000036
145.84,-0.0040000000000000036
145.88,-0.0040000000000000036
145.92000000000002,0.0
145.96,-0.0040000000000000036
146.0,-0.0040000000000000036
146.04,-0.0040000000000000036
146.08,-0.007999999999999993
146.12,-0.011999999999999997
146.16,-0.007999999999999993
146.20000000000002,-0.007999999999999993
146.24,-0.007999999999999993
146.28,-0.0040000000000000036
146.32,-0.0040000000000000036
146.36,-0.0040000000000000036
146.4,-0.0040000000000000036
146.44,-0.0040000000000000036
146.48,-0.007999999999999993
146.52,-0.0040000000000000036
146.56,0.0040000000000000036
146.6,0.0040000000000000036
146.64000000000001,-0.007999999999999993
146.68,-0.007999999999999993
146.72,-0.007999999999999993
146.76,-0.007999999999999993
146.8,-0.007999999999999993
146.84,-0.0040000000000000036
146.88,-0.0040000000000000036
146.92000000000002,-0.0040000000000000036
146.96,0.0
147.0,0.0040000000000000036
147.04,-0.0040000000000000036
147.08,-0.007999999999999993
147.12,-0.0040000000000000036
147.16,-0.0040000000000000036
147.20000000000002,-0.0040000000000000036
147.24,0.0040000000000000036
147.28,0.008000000000000007
147.32,-0.0040000000000000036
147.36,-0.011999999999999997
147.4,-0.007999999999999993
147.44,-0.007999999999999993
147.48,-0.011999999999999997
147.52,-0.007999999999999993
147.56,-0.0040000000000000036
147.6,-0.0040000000000000036
147.64000000000001,0.0
147.68,-0.0040000000000000036
147.72,-0.0040000000000000036
147.76,-0.0040000000000000036
147.8,0.0040000000000000036
147.84,0.0040000000000000036
147.88,-0.0040000000000000036
147.92000000000002,0.0
147.96,0.0040000000000000036
148.0,-0.0040000000000000036
148.04,-0.011999999999999997
148.08,-0.007999999999999993
148.12,-0.007999999999999993
148.16,-0.007999999999999993
148.20000000000002,0.0
148.24,0.0040000000000000036
148.28,-0.0040000000000000036
148.32,-0.0040000000000000036
148.36,-0.0040000000000000036
148.4,-0.0040000000000000036
148.44,-0.007999999999999993
148.48,0.0
148.52,0.008000000000000007
148.56,-0.0040000000000000036
148.6,-0.0040000000000000036
148.64000000000001,0.0
148.68,-0.007999999999999993
148.72,-0.011999999999999997
148.76,-0.007999999999999993
148.8,-0.007999999999999993
148.84,-0.007999999999999993
148.88,-0.0040000000000000036
148.92000000000002,-0.0040000000000000036
148.96,-0.0040000000000000036
149.0,-0.0040000000000000036
149.04,-0.0040000000000000036
149.08,-0.0040000000000000036
149.12,-0.007999999999999993
149.16,0.0
149.20000000000002,0.0040000000000000036
149.24,-0.0040000000000000036
149.28,-0.007999999999999993
149.32,-0.0040000000000000036
149.36,-0.011999999999999997
149.4,-0.011999999999999997
149.44,-0.0040000000000000036
149.48,-0.0040000000000000036
149.52,-0.007999999999999993
149.56,-0.0040000000000000036
149.6,0.0
149.64000000000001,-0.0040000000000000036
149.68,-0.0040000000000000036
149.72,-0.0040000000000000036
149.76,0.0
149.8,-0.0040000000000000036
149.84,-0.0040000000000000036
149.88,0.0040000000000000036
149.92000000000002,0.0040000000000000036
149.96,-0.0040000000000000036
150.0,-0.0040000000000000036
150.04,0.0
150.08,-0.0040000000000000036
150.12,-0.011999999999999997
150.16,-0.007999999999999993
150.20000000000002,-0.0040000000000000036
150.24,-0.0040000000000000036
150.28,-0.0040000000000000036
150.32,-0.0040000000000000036
150.36,-0.0040000000000000036
150.4,-0.0040000000000000036
150.44,0.0
150.48,0.0
150.52,-0.0040000000000000036
150.56,-0.0040000000000000036
150.6,-0.0040000000000000036
150.64000000000001,-0.007999999999999993
150.68,-0.007999999999999993
150.72,-0.007999999999999993
150.76,-0.011999999999999997
150.8,-0.007999999999999993
150.84,-0.0040000000000000036
150.88,0.0
150.92000000000002,-0.0040000000000000036
150.96,0.0
151.0,0.0
151.04,-0.007999999999999993
151.08,-0.007999999999999993
151.12,0.0040000000000000036
151.16,0.0040000000000000036
151.20000000000002,-0.0040000000000000036
151.24,0.0
151.28,0.0040000000000000036
151.32,-0.007999999999999993
151.36,-0.007999999999999993
151.4,-0.007999999999999993
151.44,-0.007999999999999993
151.48,-0.007999999999999993
151.52,0.0
151.56,-0.0040000000000000036
151.6,-0.0040000000000000036
151.64000000000001,-0.0040000000000000036
151.68,0.0
151.72,-0.0040000000000000036
151.76,-0.007999999999999993
151.8,0.0
151.84,0.0040000000000000036
151.88,0.0
151.92000000000002,0.0040000000000000036
151.96,-0.007999999999999993
152.0,-0.011999999999999997
152.04,-0.011999999999999997
152.08,-0.0040000000000000036
152.12,-0.007999999999999993
152.16,-0.0040000000000000036
152.20000000000002,0.0
152.24,0.0
152.28,-0.007999999999999993
152.32,-0.0040000000000000036
152.36,0.0
152.4,-0.0040000000000000036
152.44,-0.007999999999999993
152.48,0.0
152.52,0.008000000000000007
152.56,-0.0040000000000000036
152.6,-0.0040000000000000036
152.64000000000001,-0.0040000000000000036
152.68,-0.007999999999999993
152.72,-0.007999999999999993
152.76,-0.0040000000000000036
152.8,-0.0040000000000000036
152.84,-0.007999999999999993
152.88,0.0
152.92000000000002,0.0
152.96,-0.007999999999999993
153.0,-0.007999999999999993
153.04,-0.0040000000000000036
153.08,0.0040000000000000036
153.12,0.0040000000000000036
153.16,0.0
153.20000000000002,-0.0040000000000000036
153.24,-0.007999999999999993
153.28,-0.0040000000000000036
153.32,-0.007999999999999993
153.36,-0.011999999999999997
153.4,-0.011999999999999997
153.44,-0.0040000000000000036
153.48,-0.0040000000000000036
153.52,-0.0040000000000000036
153.56,0.0
153.6,0.0
153.64000000000001,-0.007999999999999993
153.68,-0.007999999999999993
153.72,-0.0040000000000000036
153.76,0.0040000000000000036
153.8,0.0
153.84,-0.0040000000000000036
153.88,0.0
153.92000000000002,-0.0040000000000000036
153.96,-0.007999999999999993
154.0,-0.007999999999999993
154.04,-0.0040000000000000036
154.08,-0.007999999999999993
154.12,-0.0040000000000000036
154.16,0.0
154.20000000000002,-0.007999999999999993
154.24,-0.0040000000000000036
154.28,0.0
154.32,0.0
154.36,-0.0040000000000000036
154.4,-0.0040000000000000036
154.44,0.0040000000000000036
154.48,0.0040000000000000036
154.52,0.0
154.56,-0.0040000000000000036
154.6,-0.0040000000000000036
154.64000000000001,-0.011999999999999997
154.68,-0.011999999999999997
154.72,-0.007999999999999993
154.76,-0.011999999999999997
154.8,-0.0040000000000000036
154.84,0.0
154.88,-0.0040000000000000036
154.92000000000002,-0.007999999999999993
154.96,0.0
155.0,-0.0040000000000000036
155.04,-0.007999999999999993
155.08,-0.0040000000000000036
155.12,0.0
155.16,0.0
155.20000000000002,-0.0040000000000000036
155.24,0.0
155.28,-0.007999999999999993
155.32,-0.011999999999999997
155.36,-0.007999999999999993
155.4,-0.0040000000000000036
155.44,-0.007999999999999993
155.48,-0.0040000000000000036
155.52,0.0040000000000000036
155.56,0.0
155.6,-0.007999999999999993
155.64000000000001,-0.0040000000000000036
155.68,-0.0040000000000000036
155.72,0.0
155.76,0.0040000000000000036
155.8,0.0040000000000000036
155.84,0.0040000000000000036
155.88,-0.0040000000000000036
155.92000000000002,-0.0040000000000000036
155.96,-0.007999999999999993
156.0,-0.011999999999999997
156.04,-0.007999999999999993
156.08,-0.0040000000000000036
156.12,-0.007999999999999993
156.16,-0.0040000000000000036
156.20000000000002,0.0040000000000000036
156.24,-0.0040000000000000036
156.28,-0.007999999999999993
156.32,-0.0040000000000000036
156.36,-0.0040000000000000036
156.4,-0.0040000000000000036
156.44,0.0
156.48,0.0040000000000000036
156.52,-0.0040000000000000036
156.56,-0.007999999999999993
156.6,-0.007999999999999993
156.64000000000001,-0.007999999999999993
156.68,-0.011999999999999997
156.72,-0.007999999999999993
156.76,0.0
156.8,0.0
156.84,-0.007999999999999993
156.88,-0.0040000000000000036
156.92000000000002,-0.0040000000000000036
156.96,-0.0040000000000000036
157.0,-0.0040000000000000036
157.04,0.0040000000000000036
157.08,0.0040000000000000036
157.12,0.0040000000000000036
157.16,0.0
157.20000000000002,-0.0040000000000000036
157.24,-0.007999999999999993
157.28,-0.007999999999999993
157.32,-0.007999999999999993
157.36,-0.007999999999999993
157.4,-0.007999999999999993
157.44,-0.0040000000000000036
157.48,-0.0040000000000000036
157.52,-0.007999999999999993
157.56,-0.007999999999999993
157.6,-0.0040000000000000036
157.64000000000001,-0.0040000000000000036
157.68,-0.0040000000000000036
157.72,0.0040000000000000036
157.76,-0.0040000000000000036
157.8,-0.0040000000000000036
157.84,0.0
157.88,-0.0040000000000000036
157.92000000000002,-0.007999999999999993
157.96,-0.007999999999999993
158.0,-0.0040000000000000036
158.04,-0.0040000000000000036
158.08,-0.007999999999999993
158.12,-0.0040000000000000036
158.16,0.0
158.20000000000002,-0.007999999999999993
158.24,-0.007999999999999993
158.28,0.0
158.32,-0.0040000000000000036
158.36,-0.0040000000000000036
158.4,0.008000000000000007
158.44,0.0040000000000000036
158.48,-0.0040000000000000036
158.52,-0.0040000000000000036
158.56,-0.0040000000000000036
158.6,-0.007999999999999993
158.64000000000001,-0.007999999999999993
158.68,-0.0040000000000000036
158.72,-0.0040000000000000036
158.76,-0.007999999999999993
158.8,-0.0040000000000000036
158.84,0.0
158.88,-0.0040000000000000036
158.92000000000002,-0.0040000000000000036
158.96,-0.0040000000000000036
159.0,-0.0040000000000000036
159.04,-0.0040000000000000036
159.08,0.0040000000000000036
159.12,0.0
159.16,-0.007999999999999993
159.20000000000002,-0.0040000000000000036
159.24,-0.0040000000000000036
159.28,-0.011999999999999997
159.32,-0.011999999999999997
159.36,-0.0040000000000000036
159.4,-0.0040000000000000036
159.44,-0.007999999999999993
159.48,-0.007999999999999993
159.52,-0.0040000000000000036
159.56,-0.007999999999999993
159.6,-0.007999999999999993
159.64000000000001,0.0
159.68,0.0040000000000000036
159.72,-0.0040000000000000036
159.76,0.0040000000000000036
159.8,0.0040000000000000036
159.84,-0.0040000000000000036
159.88,-0.007999999999999993
159.92000000000002,-0.007999999999999993
159.96,-0.007999999999999993
160.0,-0.007999999999999993
160.04,-0.0040000000000000036
160.08,0.0
160.12,-0.0040000000000000036
160.16,-0.0040000000000000036
160.20000000000002,-0.0040000000000000036
160.24,-0.007999999999999993
160.28,-0.0040000000000000036
160.32,0.0
160.36,0.0
160.4,-0.0040000000000000036
160.44,0.0040000000000000036
160.48,0.0
160.52,-0.007999999999999993
160.56,-0.011999999999999997
160.6,-0.007999999999999993
160.64000000000001,-0.007999999999999993
160.68,-0.007999999999999993
160.72,-0.0040000000000000036
160.76,-0.0040000000000000036
160.8,-0.007999999999999993
160.84,-0.007999999999999993
160.88,-0.007999999999999993
160.92000000000002,-0.007999999999999993
160.96,-0.007999999999999993
161.0,0.0
161.04,0.0040000000000000036
161.08,0.0040000000000000036
161.12,0.0
161.16,-0.0040000000000000036
161.20000000000002,-0.007999999999999993
161.24,-0.007999999999999993
161.28,-0.007999999999999993
161.32,-0.0040000000000000036
161.36,-0.0040000000000000036
161.4,-0.007999999999999993
161.44,-0.007999999999999993
161.48,-0.0040000000000000036
161.52,-0.0040000000000000036
161.56,-0.0040000000000000036
161.6,-0.0040000000000000036
161.64000000000001,0.0
161.68,0.0040000000000000036
161.72,0.0040000000000000036
161.76,-0.0040000000000000036
161.8,-0.007999999999999993
161.84,-0.0040000000000000036
161.88,-0.007999999999999993
161.92000000000002,-0.011999999999999997
161.96,-0.0040000000000000036
162.0,0.0
162.04,-0.0040000000000000036
162.08,-0.007999999999999993
162.12,-0.0040000000000000036
162.16,-0.007999999999999993
162.20000000000002,-0.011999999999999997
162.24,-0.0040000000000000036
162.28,0.0040000000000000036
162.32,0.0
162.36,0.0
162.4,0.0040000000000000036
162.44,0.0
162.48,-0.007999999999999993
162.52,-0.0040000000000000036
162.56,-0.0040000000000000036
162.6,-0.007999999999999993
162.64000000000001,-0.007999999999999993
162.68,-0.0040000000000000036
162.72,-0.0040000000000000036
162.76,-0.0040000000000000036
162.8,-0.0040000000000000036
162.84,-0.0040000000000000036
162.88,-0.0040000000000000036
162.92000000000002,0.0
162.96,0.0040000000000000036
163.0,0.0
163.04,-0.0040000000000000036
163.08,0.0
163.12,-0.0040000000000000036
163.16,-0.011999999999999997
163.20000000000002,-0.0040000000000000036
163.24,-0.0040000000000000036
163.28,-0.007999999999999993
163.32,-0.0040000000000000036
163.36,-0.0040000000000000036
163.4,-0.007999999999999993
163.44,-0.007999999999999993
163.48,-0.0040000000000000036
163.52,-0.0040000000000000036
163.56,-0.007999999999999993
163.6,-0.0040000000000000036
163.64000000000001,0.0040000000000000036
163.68,0.0040000000000000036
163.72,0.0
163.76,0.0
163.8,0.0
163.84,-0.011999999999999997
163.88,-0.007999999999999993
163.92000000000002,-0.0040000000000000036
163.96,-0.0040000000000000036
164.0,-0.0040000000000000036
164.04,-0.0040000000000000036
164.08,-0.0040000000000000036
164.12,-0.007999999999999993
164.16,0.0
164.20000000000002,0.0
164.24,-0.0040000000000000036
164.28,0.0040000000000000036
164.32,0.0040000000000000036
164.36,0.0
164.4,-0.0040000000000000036
164.44,-0.0040000000000000036
164.48,-0.0040000000000000036
164.52,-0.007999999999999993
164.56,-0.007999999999999993
164.6,-0.0040000000000000036
164.64000000000001,-0.0040000000000000036
164.68,-0.0040000000000000036
164.72,-0.0040000000000000036
164.76,-0.007999999999999993
164.8,-0.011999999999999997
164.84,-0.007999999999999993
164.88,-0.0040000000000000036
164.92000000000002,0.0
164.96,0.0
165.0,0.0040000000000000036
165.04,0.0
165.08,-0.007999999999999993
165.12,-0.007999999999999993
165.16,-0.0040000000000000036
165.20000000000002,-0.007999999999999993
165.24,-0.007999999999999993
165.28,-0.0040000000000000036
165.32,-0.0040000000000000036
165.36,-0.0040000000000000036
165.4,-0.0040000000000000036
165.44,-0.0040000000000000036
165.48,-0.007999999999999993
165.52,-0.0040000000000000036
165.56,0.0
165.6,0.0040000000000000036
165.64000000000001,0.0040000000000000036
165.68,0.0
165.72,0.0
165.76,-0.0040000000000000036
165.8,-0.007999999999999993
165.84,-0.0040000000000000036
165.88,-0.0040000000000000036
165.92000000000002,-0.0040000000000000036
165.96,0.0
166.0,-0.0040000000000000036
166.04,-0.011999999999999997
166.08,-0.007999999999999993
166.12,-0.0040000000000000036
166.16,-0.007999999999999993
166.20000000000002,-0.0040000000000000036
166.24,0.0
166.28,0.0040000000000000036
166.32,-0.0040000000000000036
166.36,0.0
166.4,0.0040000000000000036
166.44,-0.007999999999999993
166.48,-0.007999999999999993
166.52,-0.0040000000000000036
166.56,-0.0040000000000000036
166.6,-0.0040000000000000036
166.64000000000001,-0.0040000000000000036
166.68,-0.0040000000000000036
166.72,-0.007999999999999993
166.76,-0.007999999999999993
166.8,0.0
166.84,-0.0040000000000000036
166.88,-0.0040000000000000036
166.92000000000002,0.0040000000000000036
166.96,0.0040000000000000036
167.0,-0.0040000000000000036
167.04,-0.0040000000000000036
167.08,-0.0040000000000000036
167.12,-0.0040000000000000036
167.16,-0.0040000000000000036
167.20000000000002,-0.0040000000000000036
167.24,-0.0040000000000000036
167.28,-0.007999999999999993
167.32,-0.0040000000000000036
167.36,-0.0040000000000000036
167.4,-0.011999999999999997
167.44,-0.011999999999999997
167.48,-0.0040000000000000036
167.52,-0.0040000000000000036
167.56,-0.0040000000000000036
167.6,0.0040000000000000036
167.64000000000001,0.0
167.68,-0.0040000000000000036
167.72,-0.007999999999999993
167.76,0.0
167.8,-0.0040000000000000036
167.84,-0.007999999999999993
167.88,-0.007999999999999993
167.92000000000002,-0.0040000000000000036
167.96,-0.007999999999999993
168.0,-0.007999999999999993
168.04,-0.0040000000000000036
168.08,-0.007999999999999993
168.12,-0.007999999999999993
168.16,-0.0040000000000000036
168.20000000000002,0.0040000000000000036
168.24,0.0
168.28,0.0040000000000000036
168.32,0.0040000000000000036
168.36,-0.0040000000000000036
168.4,-0.0040000000000000036
168.44,-0.0040000000000000036
168.48,-0.0040000000000000036
168.52,-0.0040000000000000036
168.56,0.0
168.6,0.0
168.64000000000001,-0.0040000000000000036
168.68,-0.007999999999999993
168.72,-0.007999999999999993
168.76,-0.007999999999999993
168.8,-0.007999999999999993
168.84,0.0
168.88,0.0040000000000000036
168.92000000000002,-0.0040000000000000036
168.96,0.0
169.0,0.0040000000000000036
169.04,-0.0040000000000000036
169.08,-0.007999999999999993
169.12,-0.007999999999999993
169.16,-0.0040000000000000036
169.20000000000002,-0.007999999999999993
169.24,-0.007999999999999993
169.28,-0.0040000000000000036
169.32,-0.007999999999999993
169.36,-0.011999999999999997
169.4,-0.007999999999999993
169.44,-0.0040000000000000036
169.48,-0.0040000000000000036
169.52,-0.0040000000000000036
169.56,0.0040000000000000036
169.6,0.0
169.64000000000001,-0.007999999999999993
169.68,-0.007999999999999993
169.72,-0.0040000000000000036
169.76,-0.007999999999999993
169.8,-0.0040000000000000036
169.84,0.0040000000000000036
169.88,-0.0040000000000000036
169.92000000000002,-0.007999999999999993
169.96,-0.0040000000000000036
170.0,-0.007999999999999993
170.04,-0.007999999999999993
170.08,-0.007999999999999993
170.12,-0.0040000000000000036
170.16,-0.007999999999999993
170.20000000000002,0.0
170.24,0.008000000000000007
170.28,-0.0040000000000000036
170.32,-0.0040000000000000036
170.36,-0.0040000000000000036
170.4,0.0
170.44,-0.007999999999999993
170.48,-0.0040000000000000036
170.52,0.0
170.56,-0.007999999999999993
170.6,-0.011999999999999997
170.64000000000001,-0.007999999999999993
170.68,-0.007999999999999993
170.72,-0.011999999999999997
170.76,-0.0040000000000000036
170.8,0.0040000000000000036
170.84,0.0
170.88,-0.007999999999999993
170.92000000000002,-0.0040000000000000036
170.96,-0.0040000000000000036
171.0,-0.0040000000000000036
171.04,-0.0040000000000000036
171.08,0.0
171.12,-0.0040000000000000036
171.16,-0.007999999999999993
171.20000000000002,-0.0040000000000000036
171.24,-0.0040000000000000036
171.28,-0.007999999999999993
171.32,-0.007999999999999993
171.36,-0.007999999999999993
171.4,-0.0040000000000000036
171.44,-0.0040000000000000036
171.48,0.0040000000000000036
171.52,-0.0040000000000000036
171.56,-0.0040000000000000036
171.6,0.0
171.64000000000001,0.0
171.68,-0.0040000000000000036
171.72,-0.0040000000000000036
171.76,0.0
171.8,-0.0040000000000000036
171.84,-0.007999999999999993
171.88,-0.007999999999999993
171.92000000000002,-0.007999999999999993
171.96,-0.011999999999999997
172.0,-0.011999999999999997
172.04,-0.0040000000000000036
172.08,-0.0040000000000000036
172.12,-0.007999999999999993
172.16,-0.0040000000000000036
172.20000000000002,0.0040000000000000036
172.24,-0.0040000000000000036
172.28,-0.0040000000000000036
172.32,-0.0040000000000000036
172.36,-0.0040000000000000036
172.4,-0.0040000000000000036
172.44,0.0
172.48,0.0040000000000000036
172.52,-0.0040000000000000036
172.56,-0.007999999999999993
172.6,-0.007999999999999993
172.64000000000001,-0.007999999999999993
172.68,-0.007999999999999993
172.72,0.0
172.76,-0.0040000000000000036
172.8,-0.0040000000000000036
172.84,-0.0040000000000000036
172.88,0.0040000000000000036
172.92000000000002,-0.0040000000000000036
172.96,-0.0040000000000000036
173.0,0.0040000000000000036
173.04,0.0
173.08,-0.0040000000000000036
173.12,0.0
173.16,-0.0040000000000000036
173.20000000000002,-0.007999999999999993
173.24,-0.011999999999999997
173.28,-0.007999999999999993
173.32,-0.007999999999999993
173.36,-0.011999999999999997
173.4,-0.0040000000000000036
173.44,0.0040000000000000036
173.48,-0.0040000000000000036
173.52,-0.0040000000000000036
173.56,0.0
173.6,-0.007999999999999993
173.64000000000001,-0.007999999999999993
173.68,0.0
173.72,0.0040000000000000036
173.76,-0.0040000000000000036
173.8,-0.007999999999999993
173.84,-0.0040000000000000036
173.88,-0.0040000000000000036
173.92000000000002,-0.007999999999999993
173.96,-0.007999999999999993
174.0,-0.0040000000000000036
174.04,-0.0040000000000000036
174.08,0.0
174.12,0.0040000000000000036
174.16,-0.0040000000000000036
174.20000000000002,-0.0040000000000000036
174.24,0.0
174.28,-0.0040000000000000036
174.32,-0.0040000000000000036
174.36,0.0040000000000000036
174.4,0.0040000000000000036
174.44,-0.0040000000000000036
174.48,-0.0040000000000000036
174.52,-0.0040000000000000036
174.56,-0.011999999999999997
174.6,-0.007999999999999993
174.64000000000001,-0.0040000000000000036
174.68,-0.0040000000000000036
174.72,-0.0040000000000000036
174.76,-0.0040000000000000036
174.8,-0.0040000000000000036
174.84,-0.007999999999999993
174.88,-0.0040000000000000036
174.92000000000002,0.0040000000000000036
174.96,0.0
175.0,-0.0040000000000000036
175.04,-0.0040000000000000036
175.08,-0.0040000000000000036
175.12,-0.0040000000000000036
175.16,-0.007999999999999993
175.20000000000002,-0.007999999999999993
175.24,-0.007999999999999993
175.28,-0.0040000000000000036
175.32,0.0
175.36,0.0
175.4,-0.007999999999999993
175.44,-0.007999999999999993
175.48,-0.007999999999999993
175.52,-0.0040000000000000036
175.56,-0.0040000000000000036
175.6,0.0040000000000000036
175.64000000000001,0.0040000000000000036
175.68,0.0
175.72,0.0
175.76,-0.0040000000000000036
175.8,-0.007999999999999993
175.84,-0.007999999999999993
175.88,-0.007999999999999993
175.92000000000002,-0.0040000000000000036
175.96,-0.007999999999999993
176.0,-0.007999999999999993
176.04,-0.0040000000000000036
176.08,-0.007999999999999993
176.12,-0.007999999999999993
176.16,-0.0040000000000000036
176.20000000000002,-0.0040000000000000036
176.24,-0.0040000000000000036
176.28,-0.0040000000000000036
176.32,0.0040000000000000036
176.36,-0.0040000000000000036
176.4,-0.007999999999999993
176.44,-0.007999999999999993
176.48,-0.007999999999999993
176.52,-0.007999999999999993
176.56,-0.0040000000000000036
176.6,0.0
176.64000000000001,-0.007999999999999993
176.68,-0.007999999999999993
176.72,-0.0040000000000000036
176.76,-0.0040000000000000036
176.8,-0.007999999999999993
176.84,0.0
176.88,0.0040000000000000036
176.92000000000002,0.0
176.96,0.0040000000000000036
177.0,0.0040000000000000036
177.04,-0.0040000000000000036
177.08,-0.007999999999999993
177.12,-0.0040000000000000036
177.16,-0.0040000000000000036
177.20000000000002,-0.011999999999999997
177.24,-0.0040000000000000036
177.28,-0.0040000000000000036
177.32,-0.007999999999999993
177.36,-0.007999999999999993
177.4,-0.0040000000000000036
177.44,-0.0040000000000000036
177.48,-0.007999999999999993
177.52,0.0
177.56,0.0040000000000000036
177.6,-0.0040000000000000036
177.64000000000001,-0.0040000000000000036
177.68,-0.0040000000000000036
177.72,-0.007999999999999993
177.76,-0.007999999999999993
177.8,0.0
177.84,-0.0040000000000000036
177.88,-0.007999999999999993
177.92000000000002,-0.007999999999999993
177.96,-0.0040000000000000036
178.0,-0.0040000000000000036
178.04,-0.007999999999999993
178.08,-0.0040000000000000036
178.12,-0.0040000000000000036
178.16,-0.0040000000000000036
178.20000000000002,0.0
178.24,0.0040000000000000036
178.28,0.0
178.32,0.0
178.36,0.0040000000000000036
178.4,-0.0040000000000000036
178.44,-0.007999999999999993
178.48,-0.0040000000000000036
178.52,0.0
178.56,-0.007999999999999993
178.6,-0.007999999999999993
178.64000000000001,-0.0040000000000000036
178.68,-0.007999999999999993
178.72,-0.011999999999999997
178.76,0.0
178.8,0.0040000000000000036
178.84,0.0
178.88,-0.0040000000000000036
178.92000000000002,0.0040000000000000036
178.96,-0.0040000000000000036
179.0,-0.0040000000000000036
179.04,-0.0040000000000000036
179.08,-0.0040000000000000036
179.12,-0.007999999999999993
179.16,-0.007999999999999993
179.20000000000002,0.0
179.24,-0.007999999999999993
179.28,-0.007999999999999993
179.32,-0.007999999999999993
179.36,-0.007999999999999993
179.4,-0.007999999999999993
179.44,-0.0040000000000000036
179.48,0.0
179.52,0.0
179.56,-0.0040000000000000036
179.6,0.0
179.64000000000001,-0.0040000000000000036
179.68,-0.0040000000000000036
179.72,0.0
179.76,0.0
179.8,-0.0040000000000000036
179.84,-0.0040000000000000036
179.88,-0.0040000000000000036
179.92000000000002,-0.011999999999999997
179.96,-0.011999999999999997
180.0,-0.0040000000000000036
180.04,0.0
180.08,-0.0040000000000000036
180.12,-0.0040000000000000036
180.16,0.0040000000000000036
180.20000000000002,0.0040000000000000036
180.24,-0.0040000000000000036
180.28,-0.0040000000000000036
180.32,-0.0040000000000000036
180.36,-0.007999999999999993
180.4,-0.007999999999999993
180.44,0.0
180.48,-0.0040000000000000036
180.52,-0.007999999999999993
180.56,-0.007999999999999993
180.6,-0.007999999999999993
180.64000000000001,-0.007999999999999993
180.68,-0.007999999999999993
180.72,0.0
180.76,0.0
180.8,-0.0040000000000000036
180.84,-0.0040000000000000036
180.88,-0.0040000000000000036
180.92000000000002,-0.007999999999999993
180.96,-0.0040000000000000036
181.0,0.0040000000000000036
181.04,0.0
181.08,-0.0040000000000000036
181.12,0.0
181.16,-0.0040000000000000036
181.20000000000002,-0.007999999999999993
181.24,-0.007999999999999993
181.28,-0.0040000000000000036
181.32,-0.007999999999999993
181.36,-0.007999999999999993
181.4,0.0040000000000000036
181.44,0.0040000000000000036
181.48,-0.0040000000000000036
181.52,-0.0040000000000000036
181.56,-0.0040000000000000036
181.6,-0.007999999999999993
181.64000000000001,-0.0040000000000000036
181.68,0.0040000000000000036
181.72,-0.0040000000000000036
181.76,-0.007999999999999993
181.8,-0.007999999999999993
181.84,-0.0040000000000000036
181.88,-0.011999999999999997
181.92000000000002,-0.007999999999999993
181.96,-0.0040000000000000036
182.0,-0.0040000000000000036
182.04,-0.007999999999999993
182.08,-0.0040000000000000036
182.12,-0.0040000000000000036
182.16,-0.007999999999999993
182.20000000000002,-0.0040000000000000036
182.24,-0.0040000000000000036
182.28,0.0
182.32,0.0040000000000000036
182.36,0.0040000000000000036
182.4,-0.0040000000000000036
182.44,-0.007999999999999993
182.48,-0.007999999999999993
182.52,-0.007999999999999993
182.56,-0.011999999999999997
182.6,-0.007999999999999993
182.64000000000001,0.0
182.68,0.0040000000000000036
182.72,0.0
182.76,-0.0040000000000000036
182.8,0.0
182.84,-0.0040000000000000036
182.88,0.0
182.92000000000002,0.0040000000000000036
182.96,0.0
183.0,-0.0040000000000000036
183.04,-0.0040000000000000036
183.08,-0.0040000000000000036
183.12,-0.007999999999999993
183.16,-0.011999999999999997
183.20000000000002,-0.0040000000000000036
183.24,-0.0040000000000000036
183.28,-0.007999999999999993
183.32,-0.007999999999999993
183.36,-0.0040000000000000036
183.4,-0.007999999999999993
183.44,-0.007999999999999993
183.48,-0.0040000000000000036
183.52,-0.0040000000000000036
183.56,-0.0040000000000000036
183.6,-0.0040000000000000036
183.64000000000001,0.0040000000000000036
183.68,-0.0040000000000000036
183.72,-0.0040000000000000036
183.76,-0.0040000000000000036
183.8,-0.007999999999999993
183.84,-0.011999999999999997
183.88,-0.0040000000000000036
183.92000000000002,-0.0040000000000000036
183.96,-0.007999999999999993
184.0,-0.007999999999999993
184.04,-0.0040000000000000036
184.08,-0.0040000000000000036
184.12,-0.0040000000000000036
184.16,0.0040000000000000036
184.20000000000002,0.0040000000000000036
184.24,-0.0040000000000000036
184.28,0.0040000000000000036
184.32,0.0040000000000000036
184.36,-0.007999999999999993
184.4,-0.007999999999999993
184.44,-0.0040000000000000036
184.48,-0.0040000000000000036
184.52,-0.007999999999999993
184.56,-0.0040000000000000036
184.6,0.0
184.64000000000001,-0.007999999999999993
184.68,-0.007999999999999993
184.72,-0.0040000000000000036
184.76,-0.0040000000000000036
184.8,-0.007999999999999993
184.84,-0.0040000000000000036
184.88,0.0040000000000000036
184.92000000000002,0.0
184.96,-0.0040000000000000036
185.0,0.0
185.04,-0.007999999999999993
185.08,-0.007999999999999993
185.12,-0.0040000000000000036
185.16,-0.0040000000000000036
185.20000000000002,-0.011999999999999997
185.24,-0.007999999999999993
185.28,-0.0040000000000000036
185.32,-0.007999999999999993
185.36,-0.0040000000000000036
185.4,-0.0040000000000000036
185.44,-0.0040000000000000036
185.48,-0.0040000000000000036
185.52,0.0040000000000000036
185.56,0.0040000000000000036
185.6,-0.0040000000000000036
185.64000000000001,-0.0040000000000000036
185.68,0.0
185.72,-0.007999999999999993
185.76,-0.007999999999999993
185.8,-0.007999999999999993
185.84,0.0
185.88,-0.0040000000000000036
185.92000000000002,-0.007999999999999993
185.96,-0.007999999999999993
186.0,-0.007999999999999993
186.04,-0.011999999999999997
186.08,-0.007999999999999993
186.12,0.0
186.16,-0.0040000000000000036
186.20000000000002,-0.0040000000000000036
186.24,0.0
186.28,-0.0040000000000000036
186.32,-0.0040000000000000036
186.36,-0.0040000000000000036
186.4,-0.0040000000000000036
186.44,-0.007999999999999993
186.48,-0.007999999999999993
186.52,-0.007999999999999993
186.56,-0.0040000000000000036
186.6,-0.007999999999999993
186.64000000000001,-0.007999999999999993
186.68,-0.0040000000000000036
186.72,-0.0040000000000000036
186.76,0.0040000000000000036
186.8,0.0040000000000000036
186.84,0.0
186.88,0.0
186.92000000000002,0.0040000000000000036
186.96,-0.0040000000000000036
187.0,-0.007999999999999993
187.04,-0.0040000000000000036
187.08,0.0040000000000000036
187.12,-0.0040000000000000036
187.16,-0.007999999999999993
187.20000000000002,-0.0040000000000000036
187.24,-0.0040000000000000036
187.28,-0.011999999999999997
187.32,-0.007999999999999993
187.36,0.0
187.4,-0.0040000000000000036
187.44,-0.007999999999999993
187.48,0.0
187.52,0.0
187.56,-0.007999999999999993
187.6,-0.0040000000000000036
187.64000000000001,0.0040000000000000036
187.68,-0.0040000000000000036
187.72,-0.007999999999999993
187.76,0.0
187.8,-0.0040000000000000036
187.84,-0.011999999999999997
187.88,-0.011999999999999997
187.92000000000002,-0.007999999999999993
187.96,-0.007999999999999993
188.0,-0.0040000000000000036
188.04,0.0
188.08,-0.0040000000000000036
188.12,-0.0040000000000000036
188.16,0.0040000000000000036
188.20000000000002,-0.0040000000000000036
188.24,-0.007999999999999993
188.28,-0.0040000000000000036
188.32,0.0040000000000000036
188.36,0.0
188.4,-0.0040000000000000036
188.44,-0.0040000000000000036
188.48,-0.0040000000000000036
188.52,-0.011999999999999997
188.56,-0.007999999999999993
188.6,-0.0040000000000000036
188.64000000000001,-0.007999999999999993
188.68,-0.007999999999999993
188.72,0.0
188.76,-0.0040000000000000036
188.8,-0.0040000000000000036
188.84,0.0
188.88,-0.0040000000000000036
188.92000000000002,-0.007999999999999993
188.96,-0.0040000000000000036
189.0,0.0040000000000000036
189.04,0.0
189.08,-0.007999999999999993
189.12,-0.007999999999999993
189.16,-0.007999999999999993
189.20000000000002,-0.007999999999999993
189.24,-0.007999999999999993
189.28,-0.0040000000000000036
189.32,-0.0040000000000000036
189.36,-0.0040000000000000036
189.4,0.0
189.44,-0.0040000000000000036
189.48,-0.007999999999999993
189.52,-0.0040000000000000036
189.56,0.0040000000000000036
189.6,0.0
189.64000000000001,-0.0040000000000000036
189.68,0.0
189.72,-0.0040000000000000036
189.76,-0.007999999999999993
189.8,-0.0040000000000000036
189.84,-0.0040000000000000036
189.88,-0.007999999999999993
189.92000000000002,-0.007999999999999993
189.96,-0.0040000000000000036
190.0,0.0
190.04,-0.007999999999999993
190.08,-0.0040000000000000036
190.12,-0.0040000000000000036
190.16,-0.007999999999999993
190.20000000000002,-0.0040000000000000036
190.24,0.0040000000000000036
190.28,0.0040000000000000036
190.32,-0.0040000000000000036
190.36,-0.0040000000000000036
190.4,-0.0040000000000000036
190.44,-0.007999999999999993
190.48,-0.007999999999999993
190.52,-0.007999999999999993
190.56,-0.007999999999999993
190.6,-0.007999999999999993
190.64000000000001,-0.0040000000000000036
190.68,-0.0040000000000000036
190.72,-0.007999999999999993
190.76,-0.007999999999999993
190.8,0.0
190.84,-0.0040000000000000036
190.88,-0.0040000000000000036
190.92000000000002,0.0
190.96,0.0
191.0,-0.0040000000000000036
191.04,-0.0040000000000000036
191.08,0.0
191.12,-0.007999999999999993
191.16,-0.011999999999999997
191.20000000000002,-0.0040000000000000036
191.24,0.0040000000000000036
191.28,-0.007999999999999993
191.32,-0.0040000000000000036
191.36,-0.0040000000000000036
191.4,-0.011999999999999997
191.44,-0.007999999999999993
191.48000000000002,0.0
191.52,0.0
191.56,-0.0040000000000000036
191.6,0.0040000000000000036
191.64000000000001,0.0040000000000000036
191.68,-0.0040000000000000036
191.72,-0.007999999999999993
191.76,-0.0040000000000000036
191.8,-0.0040000000000000036
191.84,-0.007999999999999993
191.88,-0.007999999999999993
191.92000000000002,-0.0040000000000000036
191.96,-0.007999999999999993
192.0,-0.011999999999999997
192.04,-0.0040000000000000036
192.08,-0.0040000000000000036
192.12,-0.007999999999999993
192.16,0.0
192.20000000000002,0.0040000000000000036
192.24,0.0
192.28,-0.0040000000000000036
192.32,0.0
192.36,-0.007999999999999993
192.4,-0.007999999999999993
192.44,-0.0040000000000000036
192.48000000000002,0.0
192.52,-0.0040000000000000036
192.56,-0.0040000000000000036
192.6,-0.0040000000000000036
192.64000000000001,-0.011999999999999997
192.68,-0.007999999999999993
192.72,-0.0040000000000000036
192.76,-0.0040000000000000036
192.8,-0.0040000000000000036
192.84,0.0
192.88,0.0040000000000000036
192.92000000000002,-0.0040000000000000036
192.96,-0.007999999999999993
193.0,-0.0040000000000000036
193.04,0.0
193.08,-0.0040000000000000036
193.12,-0.0040000000000000036
193.16,-0.0040000000000000036
193.20000000000002,-0.007999999999999993
193.24,-0.011999999999999997
193.28,-0.007999999999999993
193.32,-0.007999999999999993
193.36,-0.011999999999999997
193.4,-0.007999999999999993
193.44,0.0040000000000000036
193.48000000000002,0.0
193.52,-0.0040000000000000036
193.56,0.0
193.6,0.0
193.64000000000001,-0.007999999999999993
193.68,-0.0040000000000000036
193.72,0.0040000000000000036
193.76,-0.0040000000000000036
193.8,-0.0040000000000000036
193.84,-0.0040000000000000036
193.88,-0.007999999999999993
193.92000000000002,-0.011999999999999997
193.96,-0.007999999999999993
194.0,-0.0040000000000000036
194.04,-0.007999999999999993
194.08,-0.0040000000000000036
194.12,0.0040000000000000036
194.16,-0.0040000000000000036
194.20000000000002,-0.007999999999999993
194.24,0.0
194.28,0.0
194.32,-0.0040000000000000036
194.36,-0.0040000000000000036
194.4,0.0040000000000000036
194.44,-0.0040000000000000036
194.48000000000002,-0.007999999999999993
194.52,-0.0040000000000000036
194.56,-0.007999999999999993
194.6,-0.016
194.64000000000001,-0.007999999999999993
194.68,-0.0040000000000000036
194.72,-0.0040000000000000036
194.76,-0.007999999999999993
194.8,0.0
194.84,-0.0040000000000000036
194.88,-0.007999999999999993
194.92000000000002,-0.0040000000000000036
194.96,0.0040000000000000036
195.0,-0.0040000000000000036
195.04,-0.0040000000000000036
195.08,0.0
195.12,-0.0040000000000000036
195.16,-0.007999999999999993
195.20000000000002,-0.007999999999999993
195.24,-0.007999999999999993
195.28,-0.007999999999999993
195.32,-0.0040000000000000036
195.36,-0.0040000000000000036
195.4,-0.007999999999999993
195.44,-0.007999999999999993
195.48000000000002,0.0
195.52,-0.0040000000000000036
195.56,-0.0040000000000000036
195.6,0.0
195.64000000000001,0.0040000000000000036
195.68,-0.0040000000000000036
195.72,0.0
195.76,0.0040000000000000036
195.8,-0.0040000000000000036
195.84,-0.011999999999999997
195.88,-0.007999999999999993
195.92000000000002,-0.0040000000000000036
195.96,-0.007999999999999993
196.0,-0.007999999999999993
196.04,-0.0040000000000000036
196.08,-0.0040000000000000036
196.12,-0.007999999999999993
196.16,-0.0040000000000000036
196.20000000000002,-0.0040000000000000036
196.24,-0.0040000000000000036
196.28,-0.0040000000000000036
196.32,0.0040000000000000036
196.36,0.0
196.4,-0.0040000000000000036
196.44,-0.007999999999999993
196.48000000000002,-0.0040000000000000036
196.52,-0.0040000000000000036
196.56,-0.0040000000000000036
196.6,-0.0040000000000000036
196.64000000000001,-0.0040000000000000036
196.68,-0.0040000000000000036
196.72,-0.007999999999999993
196.76,-0.0040000000000000036
196.8,-0.0040000000000000036
196.84,-0.0040000000000000036
196.88,0.0
196.92000000000002,0.0040000000000000036
196.96,0.0040000000000000036
197.0,0.0040000000000000036
197.04,0.0
197.08,-0.007999999999999993
197.12,-0.0040000000000000036
197.16,-0.0040000000000000036
197.20000000000002,-0.0040000000000000036
197.24,-0.011999999999999997
197.28,-0.007999999999999993
197.32,-0.0040000000000000036
197.36,-0.007999999999999993
197.4,-0.007999999999999993
197.44,-0.0040000000000000036
197.48000000000002,-0.0040000000000000036
197.52,-0.0040000000000000036
197.56,0.0040000000000000036
197.6,0.0040000000000000036
197.64000000000001,-0.0040000000000000036
197.68,-0.0040000000000000036
197.72,-0.0040000000000000036
197.76,-0.0040000000000000036
197.8,-0.007999999999999993
197.84,-0.0040000000000000036
197.88,0.0
197.92000000000002,-0.0040000000000000036
197.96,-0.0040000000000000036
198.0,-0.0040000000000000036
198.04,-0.007999999999999993
198.08,-0.007999999999999993
198.12,-0.0040000000000000036
198.16,-0.0040000000000000036
198.20000000000002,-0.0040000000000000036
198.24,0.0040000000000000036
198.28,0.0
198.32,-0.0040000000000000036
198.36,-0.0040000000000000036
198.4,0.0040000000000000036
198.44,-0.0040000000000000036
198.48000000000002,-0.0040000000000000036
198.52,0.0
198.56,-0.0040000000000000036
198.6,-0.007999999999999993
198.64000000000001,-0.011999999999999997
198.68,-0.007999999999999993
198.72,-0.007999999999999993
198.76,-0.007999999999999993
198.8,0.0040000000000000036
198.84,0.0
198.88,-0.007999999999999993
198.92000000000002,-0.0040000000000000036
198.96,0.0
199.0,-0.007999999999999993
199.04,-0.007999999999999993
199.08,-0.0040000000000000036
199.12,-0.0040000000000000036
199.16,-0.0040000000000000036
199.20000000000002,-0.0040000000000000036
199.24,-0.0040000000000000036
199.28,-0.007999999999999993
199.32,-0.007999999999999993
199.36,-0.007999999999999993
199.4,-0.007999999999999993
199.44,-0.007999999999999993
199.48000000000002,0.0
199.52,-0.0040000000000000036
199.56,-0.0040000000000000036
199.6,-0.0040000000000000036
199.64000000000001,0.0
199.68,-0.0040000000000000036
199.72,0.0
199.76,0.0040000000000000036
199.8,0.0040000000000000036
199.84,-0.0040000000000000036
199.88,-0.007999999999999993
199.92000000000002,-0.007999999999999993
199.96,-0.011999999999999997
200.0,-0.007999999999999993
200.04,-0.0040000000000000036
200.08,-0.0040000000000000036
200.12,-0.011999999999999997
200.16,-0.0040000000000000036
200.20000000000002,0.0
200.24,-0.0040000000000000036
200.28,-0.007999999999999993
200.32,0.0
200.36,0.0
200.4,-0.0040000000000000036
200.44,0.0
200.48000000000002,0.0
200.52,-0.007999999999999993
200.56,-0.007999999999999993
200.6,-0.0040000000000000036
200.64000000000001,-0.0040000000000000036
200.68,-0.0040000000000000036
200.72,-0.0040000000000000036
200.76,-0.0040000000000000036
200.8,-0.007999999999999993
200.84,-0.007999999999999993
200.88,-0.0040000000000000036
200.92000000000002,-0.0040000000000000036
200.96,-0.0040000000000000036
201.0,0.0040000000000000036
201.04,0.0040000000000000036
201.08,-0.0040000000000000036
201.12,0.0
201.16,-0.0040000000000000036
201.20000000000002,-0.007999999999999993
201.24,-0.007999999999999993
201.28,-0.0040000000000000036
201.32,-0.007999999999999993
201.36,-0.007999999999999993
201.4,-0.0040000000000000036
201.44,-0.0040000000000000036
201.48000000000002,-0.007999999999999993
201.52,-0.007999999999999993
201.56,-0.0040000000000000036
201.6,-0.0040000000000000036
201.64000000000001,-0.007999999999999993
201.68,0.0
201.72,0.0040000000000000036
201.76,-0.0040000000000000036
201.8,-0.0040000000000000036
201.84,-0.0040000000000000036
201.88,-0.0040000000000000036
201.92000000000002,-0.007999999999999993
201.96,-0.0040000000000000036
202.0,-0.0040000000000000036
202.04,-0.007999999999999993
202.08,-0.007999999999999993
202.12,-0.007999999999999993
202.16,-0.007999999999999993
202.20000000000002,-0.007999999999999993
202.24,-0.0040000000000000036
202.28,0.0040000000000000036
202.32,0.0
202.36,0.0
202.4,0.0040000000000000036
202.44,0.0
202.48000000000002,-0.0040000000000000036
202.52,0.0
202.56,-0.0040000000000000036
202.6,-0.007999999999999993
202.64000000000001,0.0
202.68,-0.0040000000000000036
202.72,-0.007999999999999993
202.76,-0.011999999999999997
202.8,-0.0040000000000000036
202.84,-0.007999999999999993
202.88,-0.007999999999999993
202.92000000000002,-0.0040000000000000036
202.96,0.0
203.0,-0.0040000000000000036
203.04,-0.0040000000000000036
203.08,-0.0040000000000000036
203.12,-0.007999999999999993
203.16,-0.007999999999999993
203.20000000000002,0.0
203.24,0.0
203.28,-0.0040000000000000036
203.32,-0.007999999999999993
203.36,-0.0040000000000000036
203.4,-0.007999999999999993
203.44,-0.011999999999999997
203.48000000000002,-0.007999999999999993
203.52,-0.0040000000000000036
203.56,-0.0040000000000000036
203.6,-0.0040000000000000036
203.64000000000001,-0.0040000000000000036
203.68,0.0
203.72,-0.0040000000000000036
203.76,-0.0040000000000000036
203.8,-0.0040000000000000036
203.84,-0.0040000000000000036
203.88,0.0
203.92000000000002,0.0040000000000000036
203.96,-0.007999999999999993
204.0,-0.007999999999999993
204.04,-0.007999999999999993
204.08,-0.0040000000000000036
204.12,-0.007999999999999993
204.16,-0.0040000000000000036
204.20000000000002,0.0
204.24,-0.0040000000000000036
204.28,-0.0040000000000000036
204.32,-0.0040000000000000036
204.36,-0.007999999999999993
204.4,-0.007999999999999993
204.44,-0.0040000000000000036
204.48000000000002,0.0040000000000000036
204.52,-0.0040000000000000036
204.56,-0.0040000000000000036
204.6,-0.0040000000000000036
204.64000000000001,-0.007999999999999993
204.68,-0.011999999999999997
204.72,-0.007999999999999993
204.76,-0.0040000000000000036
204.8,-0.007999999999999993
204.84,-0.007999999999999993
204.88,-0.0040000000000000036
204.92000000000002,-0.0040000000000000036
204.96,-0.007999999999999993
205.0,-0.007999999999999993
205.04,-0.0040000000000000036
205.08,-0.0040000000000000036
205.12,0.0040000000000000036
205.16,0.0040000000000000036
205.20000000000002,-0.0040000000000000036
205.24,-0.007999999999999993
205.28,-0.0040000000000000036
205.32,-0.0040000000000000036
205.36,-0.007999999999999993
205.4,-0.0040000000000000036
205.44,0.0
205.48000000000002,-0.0040000000000000036
205.52,-0.007999999999999993
205.56,-0.0040000000000000036
205.6,-0.007999999999999993
205.64000000000001,-0.011999999999999997
205.68,0.0
205.72,0.0040000000000000036
205.76,-0.0040000000000000036
205.8,-0.0040000000000000036
205.84,0.0040000000000000036
205.88,-0.0040000000000000036
205.92000000000002,-0.007999999999999993
205.96,0.0
206.0,0.0
206.04,-0.007999999999999993
206.08,-0.007999999999999993
206.12,-0.0040000000000000036
206.16,-0.007999999999999993
206.20000000000002,-0.011999999999999997
206.24,-0.007999999999999993
206.28,-0.007999999999999993
206.32,-0.007999999999999993
206.36,0.0
206.4,0.0040000000000000036
206.44,-0.0040000000000000036
206.48000000000002,-0.0040000000000000036
206.52,-0.0040000000000000036
206.56,-0.0040000000000000036
206.6,-0.007999999999999993
206.64000000000001,-0.0040000000000000036
206.68,0.0
206.72,-0.0040000000000000036
206.76,-0.0040000000000000036
206.8,-0.0040000000000000036
206.84,-0.007999999999999993
206.88,-0.007999999999999993
206.92000000000002,-0.0040000000000000036
206.96,-0.0040000000000000036
207.0,-0.007999999999999993
207.04,-0.0040000000000000036
207.08,0.0
207.12,-0.0040000000000000036
207.16,-0.007999999999999993
207.20000000000002,0.0
207.24,0.0
207.28,-0.0040000000000000036
207.32,-0.0040000000000000036
207.36,0.0
207.4,-0.0040000000000000036
207.44,-0.007999999999999993
207.48000000000002,-0.011999999999999997
207.52,-0.011999999999999997
207.56,-0.007999999999999993
207.6,-0.0040000000000000036
207.64000000000001,-0.0040000000000000036
207.68,-0.0040000000000000036
207.72,-0.0040000000000000036
207.76,-0.0040000000000000036
207.8,0.0
207.84,-0.007999999999999993
207.88,-0.0040000000000000036
207.92000000000002,0.0040000000000000036
207.96,0.0
208.0,0.0
208.04,0.0
208.08,-0.0040000000000000036
208.12,-0.0040000000000000036
208.16,-0.0040000000000000036
208.20000000000002,-0.0040000000000000036
208.24,-0.007999999999999993
208.28,-0.007999999999999993
208.32,0.0
208.36,-0.0040000000000000036
208.4,-0.007999999999999993
208.44,0.0
208.48000000000002,-0.0040000000000000036
208.52,-0.007999999999999993
208.56,-0.0040000000000000036
208.6,0.0040000000000000036
208.64000000000001,0.0040000000000000036
208.68,-0.0040000000000000036
208.72,-0.0040000000000000036
208.76,-0.007999999999999993
208.8,-0.011999999999999997
208.84,-0.007999999999999993
208.88,-0.007999999999999993
208.92000000000002,-0.007999999999999993
208.96,-0.0040000000000000036
209.0,-0.0040000000000000036
209.04,-0.0040000000000000036
209.08,-0.011999999999999997
209.12,-0.007999999999999993
209.16,0.0
209.20000000000002,-0.0040000000000000036
209.24,0.0
209.28,0.0
209.32,-0.0040000000000000036
209.36,-0.0040000000000000036
209.4,-0.0040000000000000036
209.44,-0.0040000000000000036
209.48000000000002,-0.007999999999999993
209.52,-0.0040000000000000036
209.56,0.0
209.6,-0.0040000000000000036
209.64000000000001,-0.007999999999999993
209.68,-0.0040000000000000036
209.72,-0.007999999999999993
209.76,-0.011999999999999997
209.8,-0.0040000000000000036
209.84,0.0040000000000000036
209.88,0.0040000000000000036
209.92000000000002,0.0
209.96,0.0040000000000000036
210.0,-0.0040000000000000036
210.04,-0.007999999999999993
210.08,-0.0040000000000000036
210.12,-0.0040000000000000036
210.16,-0.007999999999999993
210.20000000000002,-0.0040000000000000036
210.24,-0.0040000000000000036
210.28,-0.007999999999999993
210.32,-0.011999999999999997
210.36,-0.011999999999999997
210.4,-0.0040000000000000036
210.44,-0.0040000000000000036
210.48000000000002,-0.0040000000000000036
210.52,-0.0040000000000000036
210.56,-0.0040000000000000036
210.6,-0.0040000000000000036
210.64000000000001,-0.0040000000000000036
210.68,-0.0040000000000000036
210.72,-0.0040000000000000036
210.76,-0.0040000000000000036
210.8,0.0
210.84,0.0
210.88,-0.0040000000000000036
210.92000000000002,-0.0040000000000000036
210.96,-0.007999999999999993
211.0,-0.011999999999999997
211.04,-0.007999999999999993
211.08,-0.0040000000000000036
211.12,-0.0040000000000000036
211.16,-0.0040000000000000036
211.20000000000002,0.0
211.24,-0.0040000000000000036
211.28,-0.0040000000000000036
211.32,-0.0040000000000000036
211.36,0.0
211.4,-0.0040000000000000036
211.44,-0.0040000000000000036
211.48000000000002,0.0
211.52,-0.007999999999999993
211.56,-0.011999999999999997
211.6,-0.007999999999999993
211.64000000000001,-0.0040000000000000036
211.68,-0.007999999999999993
211.72,-0.007999999999999993
211.76,-0.0040000000000000036
211.8,-0.0040000000000000036
211.84,-0.0040000000000000036
211.88,-0.0040000000000000036
211.92000000000002,-0.007999999999999993
211.96,-0.007999999999999993
212.0,-0.0040000000000000036
212.04,0.0
212.08,0.0
212.12,0.0
212.16,0.0040000000000000036
212.20000000000002,-0.0040000000000000036
212.24,-0.007999999999999993
212.28,-0.0040000000000000036
212.32,-0.0040000000000000036
212.36,-0.007999999999999993
212.4,-0.0040000000000000036
212.44,-0.0040000000000000036
212.48000000000002,-0.0040000000000000036
212.52,-0.007999999999999993
212.56,0.0
212.6,-0.0040000000000000036
212.64000000000001,-0.0040000000000000036
212.68,0.0040000000000000036
212.72,0.008000000000000007
212.76,-0.0040000000000000036
212.8,-0.007999999999999993
212.84,0.0
212.88,-0.0040000000000000036
212.92000000000002,-0.007999999999999993
212.96,-0.007999999999999993
213.0,-0.0040000000000000036
213.04,-0.0040000000000000036
213.08,-0.0040000000000000036
213.12,-0.0040000000000000036
213.16,-0.007999999999999993
213.20000000000002,-0.011999999999999997
213.24,-0.0040000000000000036
213.28,-0.0040000000000000036
213.32,-0.0040000000000000036
213.36,0.0
213.4,0.0040000000000000036
213.44,-0.0040000000000000036
213.48000000000002,-0.007999999999999993
213.52,-0.0040000000000000036
213.56,-0.0040000000000000036
213.6,-0.007999999999999993
213.64000000000001,-0.0040000000000000036
213.68,-0.0040000000000000036
213.72,-0.007999999999999993
213.76,-0.0040000000000000036
213.8,-0.0040000000000000036
213.84,-0.0040000000000000036
213.88,-0.007999999999999993
213.92000000000002,0.0040000000000000036
213.96,0.0040000000000000036
214.0,-0.0040000000000000036
214.04,-0.0040000000000000036
214.08,0.0040000000000000036
214.12,0.0
214.16,-0.007999999999999993
214.20000000000002,-0.0040000000000000036
214.24,-0.0040000000000000036
214.28,-0.0040000000000000036
214.32,0.0
214.36,0.0
214.4,-0.007999999999999993
214.44,-0.007999999999999993
214.48000000000002,-0.007999999999999993
214.52,-0.007999999999999993
214.56,-0.007999999999999993
214.6,-0.0040000000000000036
214.64000000000001,0.0040000000000000036
214.68,0.0
214.72,-0.0040000000000000036
214.76,-0.0040000000000000036
214.8,-0.0040000000000000036
214.84,-0.0040000000000000036
214.88,-0.0040000000000000036
214.92000000000002,-0.0040000000000000036
214.96,-0.0040000000000000036
215.0,-0.0040000000000000036
215.04,-0.0040000000000000036
215.08,-0.007999999999999993
215.12,-0.011999999999999997
215.16,-0.0040000000000000036
215.20000000000002,-0.0040000000000000036
215.24,-0.007999999999999993
215.28,-0.0040000000000000036
215.32,0.0040000000000000036
215.36,-0.0040000000000000036
215.4,-0.007999999999999993
215.44,-0.0040000000000000036
215.48000000000002,-0.0040000000000000036
215.52,-0.0040000000000000036
215.56,0.0040000000000000036
215.6,0.0040000000000000036
215.64000000000001,-0.0040000000000000036
215.68,-0.0040000000000000036
215.72,-0.0040000000000000036
215.76,-0.007999999999999993
215.8,-0.011999999999999997
215.84,-0.007999999999999993
215.88,0.0
215.92000000000002,-0.0040000000000000036
215.96,-0.007999999999999993
216.0,-0.007999999999999993
216.04,-0.0040000000000000036
216.08,-0.0040000000000000036
216.12,0.0
216.16,-0.0040000000000000036
216.20000000000002,-0.0040000000000000036
216.24,-0.0040000000000000036
216.28,-0.0040000000000000036
216.32,-0.007999999999999993
216.36,-0.007999999999999993
216.4,-0.0040000000000000036
216.44,-0.007999999999999993
216.48000000000002,-0.007999999999999993
216.52,-0.0040000000000000036
216.56,0.0040000000000000036
216.6,-0.0040000000000000036
216.64000000000001,-0.007999999999999993
216.68,-0.0040000000000000036
216.72,-0.0040000000000000036
216.76,-0.0040000000000000036
216.8,0.0
216.84,0.0040000000000000036
216.88,0.0040000000000000036
216.92000000000002,0.0
216.96,0.0
217.0,-0.007999999999999993
217.04,-0.011999999999999997
217.08,-0.0040000000000000036
217.12,-0.0040000000000000036
217.16,-0.007999999999999993
217.20000000000002,-0.007999999999999993
217.24,-0.007999999999999993
217.28,-0.007999999999999993
217.32,-0.007999999999999993
217.36,-0.0040000000000000036
217.4,-0.0040000000000000036
217.44,-0.0040000000000000036
217.48000000000002,0.0
217.52,0.0
217.56,-0.0040000000000000036
217.6,-0.007999999999999993
217.64000000000001,-0.0040000000000000036
217.68,-0.007999999999999993
217.72,-0.007999999999999993
217.76,0.0
217.8,0.0
217.84,-0.0040000000000000036
217.88,-0.007999999999999993
217.92000000000002,-0.007999999999999993
217.96,-0.007999999999999993
218.0,-0.007999999999999993
218.04,-0.0040000000000000036
218.08,0.0
218.12,0.0
218.16,0.0040000000000000036
218.20000000000002,0.0040000000000000036
218.24,-0.0040000000000000036
218.28,-0.0040000000000000036
218.32,0.0040000000000000036
218.36,0.0
218.4,-0.0040000000000000036
218.44,-0.0040000000000000036
218.48000000000002,-0.007999999999999993
218.52,-0.0040000000000000036
218.56,-0.0040000000000000036
218.6,-0.0040000000000000036
218.64000000000001,-0.007999999999999993
218.68,-0.0040000000000000036
218.72,-0.0040000000000000036
218.76,-0.0040000000000000036
218.8,-0.0040000000000000036
218.84,0.0
218.88,-0.0040000000000000036
218.92000000000002,-0.007999999999999993
218.96,-0.007999999999999993
219.0,-0.0040000000000000036
219.04,-0.0040000000000000036
219.08,-0.0040000000000000036
219.12,-0.0040000000000000036
219.16,-0.0040000000000000036
219.20000000000002,-0.007999999999999993
219.24,-0.007999999999999993
219.28,-0.007999999999999993
219.32,-0.007999999999999993
219.36,-0.007999999999999993
219.4,0.0
219.44,0.0
219.48000000000002,-0.0040000000000000036
219.52,-0.0040000000000000036
219.56,0.0040000000000000036
219.6,0.0040000000000000036
219.64000000000001,-0.0040000000000000036
219.68,-0.0040000000000000036
219.72,0.0
219.76,0.0
219.8,-0.0040000000000000036
219.84,-0.0040000000000000036
219.88,-0.007999999999999993
219.92000000000002,-0.007999999999999993
219.96,-0.0040000000000000036
220.0,-0.0040000000000000036
220.04,-0.0040000000000000036
220.08,0.0
220.12,0.0
220.16,-0.007999999999999993
220.20000000000002,-0.007999999999999993
220.24,-0.0040000000000000036
220.28,-0.0040000000000000036
220.32,-0.0040000000000000036
220.36,0.0
220.4,0.0
220.44,-0.0040000000000000036
220.48000000000002,-0.007999999999999993
220.52,-0.007999999999999993
220.56,-0.011999999999999997
220.6,-0.007999999999999993
220.64000000000001,-0.0040000000000000036
220.68,-0.0040000000000000036
220.72,-0.007999999999999993
220.76,-0.0040000000000000036
220.8,0.0040000000000000036
220.84,-0.0040000000000000036
220.88,-0.007999999999999993
220.92000000000002,-0.0040000000000000036
220.96,0.0040000000000000036
221.0,0.0
221.04,0.0040000000000000036
221.08,0.0
221.12,-0.007999999999999993
221.16,-0.007999999999999993
221.20000000000002,0.0
221.24,-0.0040000000000000036
221.28,-0.0040000000000000036
221.32,0.0
221.36,-0.0040000000000000036
221.4,-0.007999999999999993
221.44,-0.007999999999999993
221.48000000000002,-0.0040000000000000036
221.52,-0.0040000000000000036
221.56,-0.0040000000000000036
221.6,0.0040000000000000036
221.64000000000001,0.0040000000000000036
221.68,-0.0040000000000000036
221.72,-0.0040000000000000036
221.76,-0.0040000000000000036
221.8,-0.007999999999999993
221.84,-0.007999999999999993
221.88,0.0
221.92000000000002,-0.0040000000000000036
221.96,-0.011999999999999997
222.0,-0.0040000000000000036
222.04,0.0
222.08,-0.007999999999999993
222.12,-0.011999999999999997
222.16,-0.0040000000000000036
222.20000000000002,0.0
222.24,0.0
222.28,0.0040000000000000036
222.32,-0.0040000000000000036
222.36,-0.007999999999999993
222.4,-0.0040000000000000036
222.44,0.0
222.48000000000002,-0.0040000000000000036
222.52,-0.0040000000000000036
222.56,0.0040000000000000036
222.6,0.0
222.64000000000001,-0.007999999999999993
222.68,-0.007999999999999993
222.72,-0.0040000000000000036
222.76,-0.007999999999999993
222.8,-0.007999999999999993
222.84,-0.0040000000000000036
222.88,-0.0040000000000000036
222.92000000000002,-0.0040000000000000036
222.96,0.0
223.0,0.0
223.04,-0.0040000000000000036
223.08,-0.0040000000000000036
223.12,0.0
223.16,-0.007999999999999993
223.20000000000002,-0.007999999999999993
223.24,-0.0040000000000000036
223.28,0.0
223.32,-0.007999999999999993
223.36,-0.011999999999999997
223.4,-0.007999999999999993
223.44,-0.0040000000000000036
223.48000000000002,-0.0040000000000000036
223.52,-0.0040000000000000036
223.56,-0.0040000000000000036
223.6,-0.0040000000000000036
223.64000000000001,-0.0040000000000000036
223.68,-0.0040000000000000036
223.72,-0.0040000000000000036
223.76,-0.0040000000000000036
223.8,0.0040000000000000036
223.84,0.0040000000000000036
223.88,-0.0040000000000000036
223.92000000000002,-0.0040000000000000036
223.96,-0.0040000000000000036
224.0,-0.0040000000000000036
224.04,-0.007999999999999993
224.08,-0.007999999999999993
224.12,-0.0040000000000000036
224.16,-0.0040000000000000036
224.20000000000002,-0.0040000000000000036
224.24,0.0
224.28,0.0
224.32,0.0
224.36,0.0
224.4,-0.0040000000000000036
224.44,-0.0040000000000000036
224.48000000000002,0.0
224.52,0.0040000000000000036
224.56,-0.0040000000000000036
224.6,-0.011999999999999997
224.64000000000001,-0.007999999999999993
224.68,-0.007999999999999993
224.72,-0.007999999999999993
224.76,-0.0040000000000000036
224.8,-0.0040000000000000036
224.84,-0.007999999999999993
224.88,-0.0040000000000000036
224.92000000000002,-0.0040000000000000036
224.96,-0.007999999999999993
225.0,-0.007999999999999993
225.04,-0.0040000000000000036
225.08,0.0040000000000000036
225.12,0.0
225.16,0.0
225.20000000000002,0.0040000000000000036
225.24,-0.0040000000000000036
225.28,-0.0040000000000000036
225.32,-0.007999999999999993
225.36,-0.007999999999999993
225.4,-0.011999999999999997
225.44,-0.0040000000000000036
225.48000000000002,-0.0040000000000000036
225.52,-0.007999999999999993
225.56,0.0
225.6,-0.0040000000000000036
225.64000000000001,-0.007999999999999993
225.68,-0.0040000000000000036
225.72,0.0040000000000000036
225.76,0.0
225.8,-0.0040000000000000036
225.84,-0.0040000000000000036
225.88,-0.0040000000000000036
225.92000000000002,-0.0040000000000000036
225.96,-0.007999999999999993
226.0,-0.0040000000000000036
226.04,-0.0040000000000000036
226.08,-0.0040000000000000036
226.12,-0.0040000000000000036
226.16,-0.0040000000000000036
226.20000000000002,-0.011999999999999997
226.24,-0.011999999999999997
226.28,-0.0040000000000000036
226.32,-0.007999999999999993
226.36,-0.0040000000000000036
226.4,0.0
226.44,0.0040000000000000036
226.48000000000002,0.0040000000000000036
226.52,0.0
226.56,-0.0040000000000000036
226.6,-0.007999999999999993
226.64000000000001,-0.0040000000000000036
226.68,0.0
226.72,-0.0040000000000000036
226.76,-0.0040000000000000036
226.8,-0.0040000000000000036
226.84,-0.0040000000000000036
226.88,-0.011999999999999997
226.92000000000002,-0.0040000000000000036
226.96,0.0040000000000000036
227.0,-0.0040000000000000036
227.04,-0.0040000000000000036
227.08,0.0
227.12,0.0
227.16,-0.0040000000000000036
227.20000000000002,-0.0040000000000000036
227.24,-0.0040000000000000036
227.28,-0.0040000000000000036
227.32,-0.0040000000000000036
227.36,0.0
227.4,-0.0040000000000000036
227.44,-0.011999999999999997
227.48000000000002,-0.007999999999999993
227.52,-0.0040000000000000036
227.56,-0.011999999999999997
227.6,-0.011999999999999997
227.64000000000001,-0.007999999999999993
227.68,-0.0040000000000000036
227.72,-0.0040000000000000036
227.76,0.0
227.8,-0.0040000000000000036
227.84,-0.0040000000000000036
227.88,-0.0040000000000000036
227.92000000000002,-0.0040000000000000036
227.96,-0.0040000000000000036
228.0,-0.0040000000000000036
228.04,0.0
228.08,-0.0040000000000000036
228.12,-0.007999999999999993
228.16,-0.0040000000000000036
228.20000000000002,0.0
228.24,-0.0040000000000000036
228.28,-0.007999999999999993
228.32,0.0
228.36,0.0
228.4,-0.0040000000000000036
228.44,0.0
228.48000000000002,0.0
228.52,-0.0040000000000000036
228.56,-0.0040000000000000036
228.6,0.0040000000000000036
228.64000000000001,0.0
228.68,-0.0040000000000000036
228.72,0.0
228.76,0.0
228.8,-0.007999999999999993
228.84,-0.011999999999999997
228.88,-0.007999999999999993
228.92000000000002,-0.0040000000000000036
228.96,-0.007999999999999993
229.0,-0.0040000000000000036
229.04,-0.0040000000000000036
229.08,-0.007999999999999993
229.12,-0.0040000000000000036
229.16,0.0
229.20000000000002,-0.0040000000000000036
229.24,-0.007999999999999993
229.28,0.0040000000000000036
229.32,0.0
229.36,-0.0040000000000000036
229.4,-0.0040000000000000036
229.44,0.0
229.48000000000002,-0.007999999999999993
229.52,-0.011999999999999997
229.56,-0.0040000000000000036
229.6,-0.0040000000000000036
229.64000000000001,-0.007999999999999993
229.68,-0.0040000000000000036
229.72,-0.0040000000000000036
229.76,-0.007999999999999993
229.8,-0.007999999999999993
229.84,0.0040000000000000036
229.88,-0.0040000000000000036
229.92000000000002,-0.0040000000000000036
229.96,0.008000000000000007
230.0,0.0040000000000000036
230.04,-0.007999999999999993
230.08,-0.011999999999999997
230.12,-0.007999999999999993
230.16,-0.007999999999999993
230.20000000000002,-0.007999999999999993
230.24,-0.0040000000000000036
230.28,0.0
230.32,0.0
230.36,0.032
230.4,0.07200000000000001
230.44,0.10400000000000001
230.48000000000002,0.132
230.52,0.14800000000000002
230.56,0.14
230.6,0.14
230.64000000000001,0.14
230.68,0.136
230.72,0.132
230.76,0.132
230.8,0.14
230.84,0.136
230.88,0.14
230.92000000000002,0.14400000000000002
230.96,0.14400000000000002
231.0,0.14
231.04,0.14400000000000002
231.08,0.14800000000000002
231.12,0.14800000000000002
231.16,0.15200000000000002
231.20000000000002,0.164
231.24,0.164
231.28,0.156
231.32,0.156
231.36,0.16
231.4,0.16
231.44,0.156
231.48000000000002,0.164
231.52,0.164
231.56,0.164
231.6,0.164
231.64000000000001,0.164
231.68,0.164
231.72,0.164
231.76,0.164
231.8,0.168
231.84,0.168
231.88,0.17200000000000001
231.92000000000002,0.176
231.96,0.17200000000000001
232.0,0.17200000000000001
232.04,0.17200000000000001
232.08,0.17200000000000001
232.12,0.17200000000000001
232.16,0.176
232.20000000000002,0.18
232.24,0.176
232.28,0.176
232.32,0.17200000000000001
232.36,0.168
232.4,0.17200000000000001
232.44,0.18
232.48000000000002,0.18
232.52,0.176
232.56,0.18
232.6,0.184
232.64000000000001,0.184
232.68,0.18
232.72,0.18
232.76,0.18
232.8,0.18
232.84,0.18
232.88,0.184
232.92000000000002,0.184
232.96,0.18
233.0,0.18
233.04,0.176
233.08,0.176
233.12,0.18
233.16,0.184
233.20000000000002,0.18
233.24,0.18
233.28,0.184
233.32,0.18
233.36,0.18
233.4,0.184
233.44,0.184
233.48000000000002,0.184
233.52,0.184
233.56,0.184
233.6,0.176
233.64000000000001,0.18
233.68,0.184
233.72,0.18
233.76,0.18
233.8,0.184
233.84,0.188
233.88,0.184
233.92000000000002,0.184
233.96,0.184
234.0,0.184
234.04,0.18
234.08,0.188
234.12,0.188
234.16,0.184
234.20000000000002,0.184
234.24,0.184
234.28,0.18
234.32,0.18
234.36,0.18
234.4,0.184
234.44,0.18
234.48000000000002,0.184
234.52,0.184
234.56,0.18
234.6,0.18
234.64000000000001,0.184
234.68,0.184
234.72,0.184
234.76,0.192
234.8,0.188
234.84,0.184
234.88,0.188
234.92000000000002,0.188
234.96,0.18
235.0,0.176
235.04,0.188
235.08,0.196
235.12,0.184
235.16,0.188
235.20000000000002,0.196
235.24,0.188
235.28,0.184
235.32,0.184
235.36,0.184
235.4,0.184
235.44,0.192
235.48000000000002,0.188
235.52,0.18
235.56,0.184
235.6,0.184
235.64000000000001,0.184
235.68,0.18
235.72,0.184
235.76,0.184
235.8,0.18
235.84,0.18
235.88,0.18
235.92000000000002,0.18
235.96,0.184
236.0,0.188
236.04,0.184
236.08,0.188
236.12,0.192
236.16,0.188
236.20000000000002,0.18
236.24,0.18
236.28,0.184
236.32,0.184
236.36,0.18
236.4,0.184
236.44,0.188
236.48000000000002,0.184
236.52,0.18
236.56,0.184
236.6,0.184
236.64000000000001,0.18
236.68,0.188
236.72,0.188
236.76,0.188
236.8,0.184
236.84,0.192
236.88,0.188
236.92000000000002,0.184
236.96,0.184
237.0,0.184
237.04,0.184
237.08,0.18
237.12,0.184
237.16,0.18
237.20000000000002,0.18
237.24,0.18
237.28,0.18
237.32,0.184
237.36,0.188
237.4,0.192
237.44,0.18
237.48000000000002,0.18
237.52,0.188
237.56,0.184
237.6,0.18
237.64000000000001,0.184
237.68,0.188
237.72,0.184
237.76,0.184
237.8,0.184
237.84,0.18
237.88,0.176
237.92000000000002,0.18
237.96,0.184
238.0,0.184
238.04,0.184
238.08,0.192
238.12,0.188
238.16,0.184
238.20000000000002,0.184
238.24,0.188
238.28,0.184
238.32,0.184
238.36,0.188
238.4,0.184
238.44,0.18
238.48000000000002,0.18
238.52,0.18
238.56,0.18
238.6,0.184
238.64000000000001,0.188
238.68,0.184
238.72,0.184
238.76,0.188
238.8,0.184
238.84,0.18
238.88,0.184
238.92000000000002,0.184
238.96,0.184
239.0,0.188
239.04,0.188
239.08,0.184
239.12,0.18
239.16,0.184
239.20000000000002,0.18
239.24,0.176
239.28,0.18
239.32,0.188
239.36,0.184
239.4,0.184
239.44,0.184
239.48000000000002,0.184
239.52,0.184
239.56,0.188
239.6,0.188
239.64000000000001,0.188
239.68,0.184
239.72,0.184
239.76,0.18
239.8,0.18
239.84,0.184
239.88,0.18
239.92000000000002,0.18
239.96,0.18
240.0,0.184
240.04,0.18
240.08,0.18
240.12,0.18
240.16,0.184
240.20000000000002,0.18
240.24,0.184
240.28,0.188
240.32,0.184
240.36,0.184
240.4,0.184
240.44,0.18
240.48000000000002,0.17200000000000001
240.52,0.18
240.56,0.184
240.6,0.18
240.64000000000001,0.18
240.68,0.184
240.72,0.184
240.76,0.18
240.8,0.18
240.84,0.184
240.88,0.184
240.92000000000002,0.184
240.96,0.188
241.0,0.184
241.04,0.184
241.08,0.188
241.12,0.184
241.16,0.18
241.20000000000002,0.184
241.24,0.184
241.28,0.18
241.32,0.18
241.36,0.184
241.4,0.18
241.44,0.176
241.48000000000002,0.18
241.52,0.184
241.56,0.184
241.6,0.184
241.64000000000001,0.188
241.68,0.184
241.72,0.176
241.76,0.184
241.8,0.18
241.84,0.176
241.88,0.176
241.92000000000002,0.184
241.96,0.18
242.0,0.18
242.04,0.18
242.08,0.184
242.12,0.18
242.16,0.176
242.20000000000002,0.184
242.24,0.184
242.28,0.184
242.32,0.188
242.36,0.184
242.4,0.18
242.44,0.184
242.48000000000002,0.184
242.52,0.18
242.56,0.18
242.6,0.188
242.64000000000001,0.18
242.68,0.176
242.72,0.18
242.76,0.176
242.8,0.176
242.84,0.184
242.88,0.184
242.92000000000002,0.184
242.96,0.184
243.0,0.184
243.04,0.18
243.08,0.176
243.12,0.18
243.16,0.184
243.20000000000002,0.18
243.24,0.18
243.28,0.184
243.32,0.184
243.36,0.176
243.4,0.176
243.44,0.17200000000000001
243.48000000000002,0.18
243.52,0.18
243.56,0.184
243.6,0.184
243.64000000000001,0.184
243.68,0.184
243.72,0.18
243.76,0.18
243.8,0.184
243.84,0.184
243.88,0.18
243.92000000000002,0.18
243.96,0.18
244.0,0.176
244.04,0.176
244.08,0.18
244.12,0.18
244.16,0.18
244.20000000000002,0.18
244.24,0.184
244.28,0.184
244.32,0.18
244.36,0.18
244.4,0.18
244.44,0.18
244.48000000000002,0.18
244.52,0.184
244.56,0.184
244.6,0.18
244.64000000000001,0.18
244.68,0.18
244.72,0.176
244.76,0.17200000000000001
244.8,0.176
244.84,0.18
244.88,0.18
244.92000000000002,0.184
244.96,0.184
245.0,0.18
245.04,0.18
245.08,0.184
245.12,0.184
245.16,0.18
245.20000000000002,0.184
245.24,0.184
245.28,0.18
245.32,0.184
245.36,0.18
245.4,0.17200000000000001
245.44,0.17200000000000001
245.48000000000002,0.18
245.52,0.18
245.56,0.18
245.6,0.18
245.64000000000001,0.18
245.68,0.17200000000000001
245.72,0.17200000000000001
245.76,0.18
245.8,0.184
245.84,0.18
245.88,0.184
245.92000000000002,0.184
245.96,0.176
246.0,0.17200000000000001
246.04,0.18
246.08,0.17200000000000001
246.12,0.168
246.16,0.18
246.20000000000002,0.18
246.24,0.18
246.28,0.18
246.32,0.18
246.36,0.176
246.4,0.17200000000000001
246.44,0.18
246.48000000000002,0.184
246.52,0.184
246.56,0.184
246.6,0.184
246.64000000000001,0.17200000000000001
246.68,0.18
246.72,0.184
246.76000000000002,0.18
246.8,0.17200000000000001
246.84,0.18
246.88,0.18
246.92000000000002,0.17200000000000001
246.96,0.17200000000000001
247.0,0.18
247.04,0.176
247.08,0.176
247.12,0.184
247.16,0.184
247.20000000000002,0.18
247.24,0.18
247.28,0.18
247.32,0.17200000000000001
247.36,0.17200000000000001
247.4,0.18
247.44,0.18
247.48000000000002,0.176
247.52,0.18
247.56,0.18
247.6,0.176
247.64000000000001,0.17200000000000001
247.68,0.176
247.72,0.176
247.76000000000002,0.18
247.8,0.184
247.84,0.18
247.88,0.18
247.92000000000002,0.18
247.96,0.184
248.0,0.18
248.04,0.176
248.08,0.18
248.12,0.18
248.16,0.17200000000000001
248.20000000000002,0.176
248.24,0.18
248.28,0.17200000000000001
248.32,0.168
248.36,0.176
248.4,0.176
248.44,0.17200000000000001
248.48000000000002,0.18
248.52,0.18
248.56,0.18
248.6,0.176
248.64000000000001,0.176
248.68,0.17200000000000001
248.72,0.17200000000000001
248.76000000000002,0.176
248.8,0.18
248.84,0.176
248.88,0.17200000000000001
248.92000000000002,0.17200000000000001
248.96,0.176
249.0,0.17200000000000001
249.04,0.168
249.08,0.17200000000000001
249.12,0.17200000000000001
249.16,0.18
249.20000000000002,0.184
249.24,0.18
249.28,0.18
249.32,0.176
249.36,0.18
249.4,0.176
249.44,0.18
249.48000000000002,0.18
249.52,0.176
249.56,0.176
249.6,0.17200000000000001
249.64000000000001,0.17200000000000001
249.68,0.168
249.72,0.17200000000000001
249.76000000000002,0.18
249.8,0.18
249.84,0.176
249.88,0.176
249.92000000000002,0.176
249.96,0.17200000000000001
250.0,0.17200000000000001
250.04,0.18
250.08,0.18
250.12,0.17200000000000001
250.16,0.18
250.20000000000002,0.18
250.24,0.17200000000000001
250.28,0.168
250.32,0.168
250.36,0.164
250.4,0.168
250.44,0.176
250.48000000000002,0.18
250.52,0.17200000000000001
250.56,0.176
250.6,0.18
250.64000000000001,0.17200000000000001
250.68,0.17200000000000001
250.72,0.18
250.76000000000002,0.176
250.8,0.176
250.84,0.18
250.88,0.176
250.92000000000002,0.168
250.96,0.17200000000000001
251.0,0.176
251.04,0.17200000000000001
251.08,0.17200000000000001
251.12,0.176
251.16,0.17200000000000001
251.20000000000002,0.168
251.24,0.17200000000000001
251.28,0.17200000000000001
251.32,0.17200000000000001
251.36,0.168
251.4,0.18
251.44,0.18
251.48000000000002,0.176
251.52,0.176
251.56,0.17200000000000001
251.6,0.164
251.64000000000001,0.164
251.68,0.168
251.72,0.168
251.76000000000002,0.168
251.8,0.17200000000000001
251.84,0.17200000000000001
251.88,0.17200000000000001
251.92000000000002,0.17200000000000001
251.96,0.17200000000000001
252.0,0.17200000000000001
252.04,0.17200000000000001
252.08,0.18
252.12,0.176
252.16,0.17200000000000001
252.20000000000002,0.176
252.24,0.176
252.28,0.168
252.32,0.168
252.36,0.17200000000000001
252.4,0.168
252.44,0.168
252.48000000000002,0.17200000000000001
252.52,0.17200000000000001
252.56,0.164
252.6,0.168
252.64000000000001,0.17200000000000001
252.68,0.17200000000000001
252.72,0.17200000000000001
252.76000000000002,0.176
252.8,0.18
252.84,0.17200000000000001
252.88,0.168
252.92000000000002,0.17200000000000001
252.96,0.164
253.0,0.164
253.04,0.168
253.08,0.17200000000000001
253.12,0.168
253.16,0.168
253.20000000000002,0.17200000000000001
253.24,0.168
253.28,0.164
253.32,0.168
253.36,0.168
253.4,0.17200000000000001
253.44,0.18
253.48000000000002,0.18
253.52,0.17200000000000001
253.56,0.168
253.6,0.17200000000000001
253.64000000000001,0.17200000000000001
253.68,0.17200000000000001
253.72,0.17200000000000001
253.76000000000002,0.17200000000000001
253.8,0.164
253.84,0.164
253.88,0.168
253.92000000000002,0.168
253.96,0.164
254.0,0.17200000000000001
254.04,0.176
254.08,0.17200000000000001
254.12,0.17200000000000001
254.16,0.176
254.20000000000002,0.168
254.24,0.164
254.28,0.168
254.32,0.17200000000000001
254.36,0.168
254.4,0.164
254.44,0.17200000000000001
254.48000000000002,0.17200000000000001
254.52,0.164
254.56,0.168
254.6,0.168
254.64000000000001,0.164
254.68,0.168
254.72,0.17200000000000001
254.76000000000002,0.168
254.8,0.17200000000000001
254.84,0.17200000000000001
254.88,0.17200000000000001
254.92000000000002,0.168
254.96,0.168
255.0,0.17200000000000001
255.04,0.164
255.08,0.168
255.12,0.168
255.16,0.168
255.20000000000002,0.164
255.24,0.164
255.28,0.168
255.32,0.164
255.36,0.17200000000000001
255.4,0.17200000000000001
255.44,0.17200000000000001
255.48000000000002,0.168
255.52,0.17200000000000001
255.56,0.17200000000000001
255.6,0.164
255.64000000000001,0.164
255.68,0.17200000000000001
255.72,0.17200000000000001
255.76000000000002,0.168
255.8,0.168
255.84,0.164
255.88,0.16
255.92000000000002,0.164
255.96,0.164
256.0,0.164
256.04,0.164
256.08,0.168
256.12,0.17200000000000001
256.16,0.168
256.2,0.168
256.24,0.168
256.28000000000003,0.164
256.32,0.164
256.36,0.17200000000000001
256.4,0.168
256.44,0.164
256.48,0.164
256.52,0.164
256.56,0.16
256.6,0.164
256.64,0.164
256.68,0.164
256.72,0.164
256.76,0.168
256.8,0.168
256.84000000000003,0.16
256.88,0.16
256.92,0.164
256.96,0.168
257.0,0.164
257.04,0.17200000000000001
257.08,0.17200000000000001
257.12,0.164
257.16,0.164
257.2,0.164
257.24,0.156
257.28000000000003,0.15200000000000002
257.32,0.16
257.36,0.168
257.4,0.164
257.44,0.164
257.48,0.168
257.52,0.164
257.56,0.164
257.6,0.164
257.64,0.17200000000000001
257.68,0.164
257.72,0.168
257.76,0.168
257.8,0.164
257.84000000000003,0.164
257.88,0.164
257.92,0.16
257.96,0.164
258.0,0.168
258.04,0.164
258.08,0.16
258.12,0.16
258.16,0.164
258.2,0.164
258.24,0.16
258.28000000000003,0.164
258.32,0.168
258.36,0.164
258.4,0.168
258.44,0.168
258.48,0.16
258.52,0.156
258.56,0.164
258.6,0.164
258.64,0.156
258.68,0.16
258.72,0.164
258.76,0.164
258.8,0.156
258.84000000000003,0.16
258.88,0.16
258.92,0.16
258.96,0.164
259.0,0.164
259.04,0.164
259.08,0.164
259.12,0.164
259.16,0.16
259.2,0.16
259.24,0.164
259.28000000000003,0.16
259.32,0.156
259.36,0.16
259.4,0.164
259.44,0.16
259.48,0.156
259.52,0.156
259.56,0.156
259.6,0.16
259.64,0.164
259.68,0.164
259.72,0.164
259.76,0.164
259.8,0.164
259.84000000000003,0.16
259.88,0.15200000000000002
259.92,0.156
259.96,0.164
260.0,0.16
260.04,0.156
260.08,0.156
260.12,0.156
260.16,0.156
260.2,0.156
260.24,0.156
260.28000000000003,0.15200000000000002
260.32,0.156
260.36,0.164
260.4,0.164
260.44,0.164
260.48,0.16
260.52,0.156
260.56,0.156
260.6,0.16
260.64,0.164
260.68,0.16
260.72,0.156
260.76,0.156
260.8,0.15200000000000002
260.84000000000003,0.15200000000000002
260.88,0.156
260.92,0.16
260.96,0.156
261.0,0.16
261.04,0.168
261.08,0.164
261.12,0.15200000000000002
261.16,0.15200000000000002
261.2,0.16
261.24,0.156
261.28000000000003,0.15200000000000002
261.32,0.16
261.36,0.16
261.4,0.156
261.44,0.156
261.48,0.15200000000000002
261.52,0.14800000000000002
261.56,0.14800000000000002
261.6,0.156
261.64,0.156
261.68,0.15200000000000002
261.72,0.16
261.76,0.16
261.8,0.156
261.84000000000003,0.156
261.88,0.164
261.92,0.156
261.96,0.156
262.0,0.16
262.04,0.156
262.08,0.15200000000000002
262.12,0.156
262.16,0.15200000000000002
262.2,0.14800000000000002
262.24,0.15200000000000002
262.28000000000003,0.164
262.32,0.156
262.36,0.15200000000000002
262.4,0.16
262.44,0.164
262.48,0.15200000000000002
262.52,0.14800000000000002
262.56,0.156
262.6,0.16
262.64,0.16
262.68,0.16
262.72,0.156
262.76,0.15200000000000002
262.8,0.15200000000000002
262.84000000000003,0.156
262.88,0.14800000000000002
262.92,0.14800000000000002
262.96,0.15200000000000002
263.0,0.15200000000000002
263.04,0.15200000000000002
263.08,0.156
263.12,0.156
263.16,0.156
263.2,0.15200000000000002
263.24,0.15200000000000002
263.28000000000003,0.156
263.32,0.156
263.36,0.156
263.4,0.156
263.44,0.14800000000000002
263.48,0.15200000000000002
263.52,0.156
263.56,0.14800000000000002
263.6,0.14800000000000002
263.64,0.156
263.68,0.16
263.72,0.14800000000000002
263.76,0.14800000000000002
263.8,0.15200000000000002
263.84000000000003,0.15200000000000002
263.88,0.15200000000000002
263.92,0.156
263.96,0.156
264.0,0.15200000000000002
264.04,0.156
264.08,0.156
264.12,0.14800000000000002
264.16,0.14400000000000002
264.2,0.14800000000000002
264.24,0.14800000000000002
264.28000000000003,0.14800000000000002
264.32,0.14800000000000002
264.36,0.156
264.4,0.15200000000000002
264.44,0.14800000000000002
264.48,0.14800000000000002
264.52,0.15200000000000002
264.56,0.15200000000000002
264.6,0.15200000000000002
264.64,0.156
264.68,0.15200000000000002
264.72,0.15200000000000002
264.76,0.15200000000000002
264.8,0.14800000000000002
264.84000000000003,0.14800000000000002
264.88,0.15200000000000002
264.92,0.15200000000000002
264.96,0.14800000000000002
265.0,0.14800000000000002
265.04,0.14800000000000002
265.08,0.14800000000000002
265.12,0.14800000000000002
265.16,0.14800000000000002
265.2,0.15200000000000002
265.24,0.14800000000000002
265.28000000000003,0.156
265.32,0.16
265.36,0.156
265.4,0.14800000000000002
265.44,0.15200000000000002
265.48,0.14800000000000002
265.52,0.14400000000000002
265.56,0.14800000000000002
265.6,0.15200000000000002
265.64,0.14800000000000002
265.68,0.14800000000000002
265.72,0.14800000000000002
265.76,0.14800000000000002
265.8,0.14800000000000002
265.84000000000003,0.14800000000000002
265.88,0.14800000000000002
265.92,0.14800000000000002
265.96,0.15200000000000002
266.0,0.156
266.04,0.14800000000000002
266.08,0.14800000000000002
266.12,0.15200000000000002
266.16,0.14800000000000002
266.2,0.14800000000000002
266.24,0.14800000000000002
266.28000000000003,0.14800000000000002
266.32,0.14800000000000002
266.36,0.14800000000000002
266.4,0.14800000000000002
266.44,0.14
266.48,0.14
266.52,0.15200000000000002
266.56,0.15200000000000002
266.6,0.14800000000000002
266.64,0.15200000000000002
266.68,0.156
266.72,0.14800000000000002
266.76,0.14800000000000002
266.8,0.14400000000000002
266.84000000000003,0.14800000000000002
266.88,0.14800000000000002
266.92,0.14800000000000002
266.96,0.14800000000000002
267.0,0.14800000000000002
267.04,0.14800000000000002
267.08,0.14
267.12,0.14
267.16,0.14
267.2,0.14
267.24,0.14400000000000002
267.28000000000003,0.14800000000000002
267.32,0.14800000000000002
267.36,0.14800000000000002
267.4,0.14800000000000002
267.44,0.14400000000000002
267.48,0.14400000000000002
267.52,0.14800000000000002
267.56,0.14800000000000002
267.6,0.14800000000000002
267.64,0.14800000000000002
267.68,0.14
267.72,0.14
267.76,0.14400000000000002
267.8,0.14
267.84000000000003,0.136
267.88,0.14400000000000002
267.92,0.15200000000000002
267.96,0.14800000000000002
268.0,0.14400000000000002
268.04,0.14400000000000002
268.08,0.14800000000000002
268.12,0.14
268.16,0.14400000000000002
268.2,0.14800000000000002
268.24,0.14800000000000002
268.28000000000003,0.14800000000000002
268.32,0.14800000000000002
268.36,0.14800000000000002
268.4,0.136
268.44,0.14
268.48,0.14
268.52,0.14
268.56,0.14
268.6,0.14400000000000002
268.64,0.14800000000000002
268.68,0.136
268.72,0.14
268.76,0.14800000000000002
268.8,0.14400000000000002
268.84000000000003,0.14400000000000002
268.88,0.14800000000000002
268.92,0.14400000000000002
268.96,0.14400000000000002
269.0,0.14800000000000002
269.04,0.14
269.08,0.132
269.12,0.14
269.16,0.14800000000000002
269.2,0.14
269.24,0.14
269.28000000000003,0.14800000000000002
269.32,0.14400000000000002
269.36,0.136
269.4,0.14
269.44,0.14400000000000002
269.48,0.14
269.52,0.14
269.56,0.15200000000000002
269.6,0.14800000000000002
269.64,0.14
269.68,0.14400000000000002
269.72,0.14400000000000002
269.76,0.132
269.8,0.136
269.84000000000003,0.14
269.88,0.136
269.92,0.136
269.96,0.14
270.0,0.14
270.04,0.136
270.08,0.136
270.12,0.14
270.16,0.14
270.2,0.14
270.24,0.14800000000000002
270.28000000000003,0.14
270.32,0.132
270.36,0.14
270.4,0.14
270.44,0.132
270.48,0.132
270.52,0.14
270.56,0.14
270.6,0.136
270.64,0.14
270.68,0.136
270.72,0.132
270.76,0.136
270.8,0.14
270.84000000000003,0.14
270.88,0.14
270.92,0.14800000000000002
270.96,0.14800000000000002
271.0,0.14
271.04,0.136
271.08,0.136
271.12,0.132
271.16,0.136
271.2,0.136
271.24,0.14
271.28000000000003,0.14
271.32,0.136
271.36,0.132
271.4,0.132
271.44,0.136
271.48,0.14
271.52,0.136
271.56,0.14
271.6,0.14
271.64,0.14
271.68,0.132
271.72,0.132
271.76,0.132
271.8,0.132
271.84000000000003,0.136
271.88,0.14
271.92,0.132
271.96,0.132
272.0,0.132
272.04,0.132
272.08,0.128
272.12,0.132
272.16,0.136
272.2,0.14
272.24,0.14
272.28000000000003,0.14
272.32,0.136
272.36,0.132
272.4,0.132
272.44,0.14
272.48,0.136
272.52,0.136
272.56,0.14
272.6,0.132
272.64,0.132
272.68,0.132
272.72,0.132
272.76,0.128
272.8,0.132
272.84000000000003,0.136
272.88,0.136
272.92,0.132
272.96,0.132
273.0,0.132
273.04,0.132
273.08,0.132
273.12,0.14
273.16,0.136
273.2,0.132
273.24,0.136
273.28000000000003,0.136
273.32,0.124
273.36,0.124
273.40000000000003,0.132
273.44,0.132
273.48,0.132
273.52,0.132
273.56,0.136
273.6,0.132
273.64,0.132
273.68,0.132
273.72,0.136
273.76,0.132
273.8,0.136
273.84000000000003,0.136
273.88,0.132
273.92,0.132
273.96,0.136
274.0,0.124
274.04,0.124
274.08,0.132
274.12,0.128
274.16,0.128
274.2,0.132
274.24,0.132
274.28000000000003,0.128
274.32,0.128
274.36,0.132
274.40000000000003,0.128
274.44,0.132
274.48,0.14
274.52,0.136
274.56,0.128
274.6,0.124
274.64,0.132
274.68,0.124
274.72,0.124
274.76,0.128
274.8,0.128
274.84000000000003,0.128
274.88,0.132
274.92,0.132
274.96,0.124
275.0,0.124
275.04,0.132
275.08,0.132
275.12,0.132
275.16,0.136
275.2,0.136
275.24,0.132
275.28000000000003,0.124
275.32,0.128
275.36,0.124
275.40000000000003,0.12000000000000001
275.44,0.128
275.48,0.128
275.52,0.124
275.56,0.128
275.6,0.124
275.64,0.12000000000000001
275.68,0.124
275.72,0.136
275.76,0.132
275.8,0.124
275.84000000000003,0.132
275.88,0.132
275.92,0.124
275.96,0.12000000000000001
276.0,0.124
276.04,0.124
276.08,0.12000000000000001
276.12,0.124
276.16,0.132
276.2,0.124
276.24,0.12000000000000001
276.28000000000003,0.12000000000000001
276.32,0.12000000000000001
276.36,0.12000000000000001
276.40000000000003,0.128
276.44,0.132
276.48,0.132
276.52,0.124
276.56,0.128
276.6,0.124
276.64,0.124
276.68,0.124
276.72,0.124
276.76,0.124
276.8,0.124
276.84000000000003,0.124
276.88,0.116
276.92,0.12000000000000001
276.96,0.124
277.0,0.12000000000000001
277.04,0.12000000000000001
277.08,0.128
277.12,0.132
277.16,0.124
277.2,0.12000000000000001
277.24,0.12000000000000001
277.28000000000003,0.12000000000000001
277.32,0.12000000000000001
277.36,0.124
277.40000000000003,0.124
277.44,0.12000000000000001
277.48,0.12000000000000001
277.52,0.12000000000000001
277.56,0.116
277.6,0.112
277.64,0.124
277.68,0.124
277.72,0.12000000000000001
277.76,0.124
277.8,0.124
277.84000000000003,0.12000000000000001
277.88,0.12000000000000001
277.92,0.124
277.96,0.124
278.0,0.124
278.04,0.124
278.08,0.124
278.12,0.116
278.16,0.12000000000000001
278.2,0.12000000000000001
278.24,0.116
278.28000000000003,0.116
278.32,0.12000000000000001
278.36,0.124
278.40000000000003,0.12000000000000001
278.44,0.12000000000000001
278.48,0.12000000000000001
278.52,0.116
278.56,0.116
278.6,0.124
278.64,0.12000000000000001
278.68,0.116
278.72,0.124
278.76,0.12000000000000001
278.8,0.116
278.84000000000003,0.116
278.88,0.116
278.92,0.116
278.96,0.112
279.0,0.116
279.04,0.116
279.08,0.116
279.12,0.12000000000000001
279.16,0.12000000000000001
279.2,0.12000000000000001
279.24,0.116
279.28000000000003,0.12000000000000001
279.32,0.12000000000000001
279.36,0.12000000000000001
279.40000000000003,0.124
279.44,0.12000000000000001
279.48,0.116
279.52,0.116
279.56,0.116
279.6,0.116
279.64,0.116
279.68,0.12000000000000001
279.72,0.12000000000000001
279.76,0.116
279.8,0.12000000000000001
279.84000000000003,0.12000000000000001
279.88,0.116
279.92,0.116
279.96,0.12000000000000001
280.0,0.12000000000000001
280.04,0.116
280.08,0.116
280.12,0.116
280.16,0.116
280.2,0.112
280.24,0.112
280.28000000000003,0.112
280.32,0.112
280.36,0.116
280.40000000000003,0.116
280.44,0.112
280.48,0.10400000000000001
280.52,0.10800000000000001
280.56,0.112
280.6,0.116
280.64,0.12000000000000001
280.68,0.12000000000000001
280.72,0.116
280.76,0.116
280.8,0.116
280.84000000000003,0.116
280.88,0.116
280.92,0.116
280.96,0.116
281.0,0.112
281.04,0.116
281.08,0.116
281.12,0.10800000000000001
281.16,0.10400000000000001
281.2,0.112
281.24,0.116
281.28000000000003,0.116
281.32,0.116
281.36,0.12000000000000001
281.40000000000003,0.116
281.44,0.10800000000000001
281.48,0.116
281.52,0.112
281.56,0.10800000000000001
281.6,0.112
281.64,0.116
281.68,0.10400000000000001
281.72,0.10800000000000001
281.76,0.10800000000000001
281.8,0.10800000000000001
281.84000000000003,0.10800000000000001
281.88,0.116
281.92,0.116
281.96,0.112
282.0,0.116
282.04,0.116
282.08,0.10800000000000001
282.12,0.10800000000000001
282.16,0.112
282.2,0.10800000000000001
282.24,0.112
282.28000000000003,0.116
282.32,0.116
282.36,0.10400000000000001
282.40000000000003,0.10400000000000001
282.44,0.10800000000000001
282.48,0.10800000000000001
282.52,0.10400000000000001
282.56,0.116
282.6,0.116
282.64,0.10800000000000001
282.68,0.10800000000000001
282.72,0.112
282.76,0.10800000000000001
282.8,0.10800000000000001
282.84000000000003,0.116
282.88,0.116
282.92,0.10800000000000001
282.96,0.10800000000000001
283.0,0.10800000000000001
283.04,0.10400000000000001
283.08,0.1
283.12,0.10800000000000001
283.16,0.10800000000000001
283.2,0.10400000000000001
283.24,0.112
283.28000000000003,0.112
283.32,0.10400000000000001
283.36,0.10800000000000001
283.40000000000003,0.10800000000000001
283.44,0.10400000000000001
283.48,0.10800000000000001
283.52,0.116
283.56,0.112
283.6,0.10400000000000001
283.64,0.10800000000000001
283.68,0.10800000000000001
283.72,0.10400000000000001
283.76,0.1
283.8,0.10800000000000001
283.84000000000003,0.10400000000000001
283.88,0.10400000000000001
283.92,0.10400000000000001
283.96,0.10400000000000001
284.0,0.10400000000000001
284.04,0.10400000000000001
284.08,0.112
284.12,0.10800000000000001
284.16,0.10400000000000001
284.2,0.10800000000000001
284.24,0.10800000000000001
284.28000000000003,0.10400000000000001
284.32,0.1
284.36,0.1
284.40000000000003,0.1
284.44,0.1
284.48,0.10400000000000001
284.52,0.10800000000000001
284.56,0.10400000000000001
284.6,0.1
284.64,0.1
284.68,0.1
284.72,0.1
284.76,0.10800000000000001
284.8,0.10800000000000001
284.84000000000003,0.10800000000000001
284.88,0.10800000000000001
284.92,0.10800000000000001
284.96,0.10400000000000001
285.0,0.1
285.04,0.10400000000000001
285.08,0.10400000000000001
285.12,0.10400000000000001
285.16,0.10400000000000001
285.2,0.10800000000000001
285.24,0.1
285.28000000000003,0.1
285.32,0.10400000000000001
285.36,0.10400000000000001
285.40000000000003,0.1
285.44,0.10800000000000001
285.48,0.10800000000000001
285.52,0.10800000000000001
285.56,0.1
285.6,0.1
285.64,0.1
285.68,0.1
285.72,0.1
285.76,0.1
285.8,0.1
285.84000000000003,0.1
285.88,0.1
285.92,0.092
285.96,0.1
286.0,0.1
286.04,0.1
286.08,0.096
286.12,0.10800000000000001
286.16,0.10800000000000001
286.2,0.1
286.24,0.1
286.28000000000003,0.10400000000000001
286.32,0.1
286.36,0.1
286.40000000000003,0.10400000000000001
286.44,0.1
286.48,0.096
286.52,0.1
286.56,0.1
286.6,0.092
286.64,0.092
286.68,0.10400000000000001
286.72,0.10400000000000001
286.76,0.1
286.8,0.1
286.84000000000003,0.1
286.88,0.096
286.92,0.1
286.96,0.1
287.0,0.1
287.04,0.1
287.08,0.10400000000000001
287.12,0.1
287.16,0.092
287.2,0.096
287.24,0.1
287.28000000000003,0.08800000000000001
287.32,0.092
287.36,0.1
287.40000000000003,0.1
287.44,0.096
287.48,0.1
287.52,0.1
287.56,0.092
287.6,0.1
287.64,0.10400000000000001
287.68,0.1
287.72,0.1
287.76,0.10400000000000001
287.8,0.1
287.84000000000003,0.08800000000000001
287.88,0.092
287.92,0.1
287.96,0.1
288.0,0.096
288.04,0.1
288.08,0.096
288.12,0.092
288.16,0.096
288.2,0.092
288.24,0.096
288.28000000000003,0.1
288.32,0.1
288.36,0.096
288.40000000000003,0.096
288.44,0.1
288.48,0.092
288.52,0.08800000000000001
288.56,0.092
288.6,0.092
288.64,0.092
288.68,0.092
288.72,0.092
288.76,0.092
288.8,0.08800000000000001
288.84000000000003,0.092
288.88,0.096
288.92,0.096
288.96,0.096
289.0,0.10400000000000001
289.04,0.1
289.08,0.08800000000000001
289.12,0.092
289.16,0.096
289.2,0.092
289.24,0.092
289.28000000000003,0.092
289.32,0.092
289.36,0.08800000000000001
289.40000000000003,0.092
289.44,0.092
289.48,0.08800000000000001
289.52,0.092
289.56,0.092
289.6,0.092
289.64,0.092
289.68,0.096
289.72,0.092
289.76,0.08800000000000001
289.8,0.08800000000000001
289.84000000000003,0.092
289.88,0.092
289.92,0.08800000000000001
289.96,0.08800000000000001
290.0,0.084
290.04,0.084
290.08,0.084
290.12,0.084
290.16,0.084
290.2,0.08800000000000001
290.24,0.1
290.28000000000003,0.092
290.32,0.08800000000000001
290.36,0.08800000000000001
290.40000000000003,0.092
290.44,0.08800000000000001
290.48,0.08800000000000001
290.52,0.092
290.56,0.08800000000000001
290.6,0.08800000000000001
290.64,0.092
290.68,0.08800000000000001
290.72,0.084
290.76,0.084
290.8,0.08800000000000001
290.84000000000003,0.08800000000000001
290.88,0.084
290.92,0.092
290.96,0.092
291.0,0.084
291.04,0.08800000000000001
291.08,0.092
291.12,0.08800000000000001
291.16,0.092
291.2,0.092
291.24,0.084
291.28000000000003,0.084
291.32,0.084
291.36,0.084
291.40000000000003,0.07600000000000001
291.44,0.084
291.48,0.08800000000000001
291.52,0.084
291.56,0.084
291.6,0.08800000000000001
291.64,0.08800000000000001
291.68,0.084
291.72,0.084
291.76,0.08800000000000001
291.8,0.084
291.84000000000003,0.08800000000000001
291.88,0.092
291.92,0.084
291.96,0.08
292.0,0.084
292.04,0.084
292.08,0.08
292.12,0.084
292.16,0.08800000000000001
292.2,0.084
292.24,0.08
292.28000000000003,0.084
292.32,0.084
292.36,0.084
292.40000000000003,0.08800000000000001
292.44,0.08800000000000001
292.48,0.084
292.52,0.08800000000000001
292.56,0.08800000000000001
292.6,0.07600000000000001
292.64,0.07600000000000001
292.68,0.084
292.72,0.084
292.76,0.07600000000000001
292.8,0.08
292.84000000000003,0.084
292.88,0.08
292.92,0.08
292.96,0.08
293.0,0.07600000000000001
293.04,0.08
293.08,0.08800000000000001
293.12,0.084
293.16,0.084
293.2,0.08
293.24,0.084
293.28000000000003,0.08
293.32,0.08
293.36,0.084
293.40000000000003,0.084
293.44,0.08
293.48,0.084
293.52,0.07600000000000001
293.56,0.07200000000000001
293.6,0.07600000000000001
293.64,0.08
293.68,0.07600000000000001
293.72,0.084
293.76,0.08800000000000001
293.8,0.084
293.84000000000003,0.08
293.88,0.08
293.92,0.084
293.96,0.08
294.0,0.07600000000000001
294.04,0.08
294.08,0.084
294.12,0.07600000000000001
294.16,0.07600000000000001
294.2,0.07200000000000001
294.24,0.068
294.28000000000003,0.07600000000000001
294.32,0.08
294.36,0.08
294.40000000000003,0.07600000000000001
294.44,0.07600000000000001
294.48,0.07600000000000001
294.52,0.07600000000000001
294.56,0.07600000000000001
294.6,0.084
294.64,0.084
294.68,0.08
294.72,0.07600000000000001
294.76,0.08
294.8,0.07200000000000001
294.84000000000003,0.07600000000000001
294.88,0.07600000000000001
294.92,0.07200000000000001
294.96,0.07600000000000001
295.0,0.08
295.04,0.08
295.08,0.07200000000000001
295.12,0.07600000000000001
295.16,0.084
295.2,0.07600000000000001
295.24,0.07200000000000001
295.28000000000003,0.08
295.32,0.084
295.36,0.07600000000000001
295.40000000000003,0.07600000000000001
295.44,0.07600000000000001
295.48,0.068
295.52,0.068
295.56,0.07600000000000001
295.6,0.07600000000000001
295.64,0.068
295.68,0.07200000000000001
295.72,0.07600000000000001
295.76,0.07200000000000001
295.8,0.068
295.84000000000003,0.07200000000000001
295.88,0.07600000000000001
295.92,0.07600000000000001
295.96,0.07600000000000001
296.0,0.08
296.04,0.07200000000000001
296.08,0.07200000000000001
296.12,0.07600000000000001
296.16,0.068
296.2,0.068
296.24,0.07600000000000001
296.28000000000003,0.07200000000000001
296.32,0.068
296.36,0.07200000000000001
296.40000000000003,0.07600000000000001
296.44,0.068
296.48,0.068
296.52,0.07600000000000001
296.56,0.07600000000000001
296.6,0.07200000000000001
296.64,0.07600000000000001
296.68,0.07600000000000001
296.72,0.068
296.76,0.07200000000000001
296.8,0.07600000000000001
296.84000000000003,0.07200000000000001
296.88,0.068
296.92,0.07200000000000001
296.96,0.07600000000000001
297.0,0.068
297.04,0.064
297.08,0.068
297.12,0.064
297.16,0.068
297.2,0.07200000000000001
297.24,0.07600000000000001
297.28000000000003,0.07200000000000001
297.32,0.07200000000000001
297.36,0.07200000000000001
297.40000000000003,0.068
297.44,0.068
297.48,0.07200000000000001
297.52,0.07200000000000001
297.56,0.068
297.6,0.07200000000000001
297.64,0.068
297.68,0.060000000000000005
297.72,0.060000000000000005
297.76,0.068
297.8,0.068
297.84000000000003,0.068
297.88,0.07600000000000001
297.92,0.068
297.96,0.068
298.0,0.068
298.04,0.07200000000000001
298.08,0.068
298.12,0.064
298.16,0.07200000000000001
298.2,0.07200000000000001
298.24,0.068
298.28000000000003,0.068
298.32,0.068
298.36,0.060000000000000005
298.40000000000003,0.060000000000000005
298.44,0.060000000000000005
298.48,0.064
298.52,0.064
298.56,0.068
298.6,0.064
298.64,0.060000000000000005
298.68,0.064
298.72,0.064
298.76,0.068
298.8,0.068
298.84000000000003,0.07200000000000001
298.88,0.064
298.92,0.060000000000000005
298.96,0.060000000000000005
299.0,0.060000000000000005
299.04,0.060000000000000005
299.08,0.064
299.12,0.068
299.16,0.064
299.2,0.060000000000000005
299.24,0.068
299.28000000000003,0.064
299.32,0.060000000000000005
299.36,0.060000000000000005
299.40000000000003,0.068
299.44,0.068
299.48,0.068
299.52,0.068
299.56,0.064
299.6,0.060000000000000005
299.64,0.060000000000000005
299.68,0.060000000000000005
299.72,0.05600000000000001
299.76,0.060000000000000005
299.8,0.060000000000000005
299.84000000000003,0.060000000000000005
299.88,0.05600000000000001
299.92,0.05600000000000001
299.96,0.060000000000000005
300.0,0.05600000000000001
300.04,0.064
300.08,0.068
300.12,0.064
300.16,0.060000000000000005
300.2,0.060000000000000005
300.24,0.060000000000000005
300.28000000000003,0.05600000000000001
300.32,0.060000000000000005
300.36,0.064
300.40000000000003,0.05600000000000001
300.44,0.05600000000000001
300.48,0.064
300.52,0.060000000000000005
300.56,0.052000000000000005
300.6,0.05600000000000001
300.64,0.060000000000000005
300.68,0.060000000000000005
300.72,0.060000000000000005
300.76,0.064
300.8,0.060000000000000005
300.84000000000003,0.05600000000000001
300.88,0.060000000000000005
300.92,0.064
300.96,0.05600000000000001
301.0,0.05600000000000001
301.04,0.060000000000000005
301.08,0.060000000000000005
301.12,0.052000000000000005
301.16,0.052000000000000005
301.2,0.052000000000000005
301.24,0.052000000000000005
301.28000000000003,0.05600000000000001
301.32,0.060000000000000005
301.36,0.05600000000000001
301.40000000000003,0.05600000000000001
301.44,0.060000000000000005
301.48,0.05600000000000001
301.52,0.052000000000000005
301.56,0.05600000000000001
301.6,0.060000000000000005
301.64,0.05600000000000001
301.68,0.05600000000000001
301.72,0.060000000000000005
301.76,0.05600000000000001
301.8,0.048
301.84000000000003,0.052000000000000005
301.88,0.05600000000000001
301.92,0.052000000000000005
301.96,0.05600000000000001
302.0,0.060000000000000005
302.04,0.052000000000000005
302.08,0.052000000000000005
302.12,0.05600000000000001
302.16,0.05600000000000001
302.2,0.05600000000000001
302.24,0.05600000000000001
302.28000000000003,0.064
302.32,0.05600000000000001
302.36,0.052000000000000005
302.40000000000003,0.05600000000000001
302.44,0.052000000000000005
302.48,0.048
302.52,0.052000000000000005
302.56,0.052000000000000005
302.6,0.052000000000000005
302.64,0.052000000000000005
302.68,0.05600000000000001
302.72,0.052000000000000005
302.76,0.048
302.8,0.052000000000000005
302.84000000000003,0.05600000000000001
302.88,0.052000000000000005
302.92,0.052000000000000005
302.96,0.060000000000000005
303.0,0.05600000000000001
303.04,0.052000000000000005
303.08,0.052000000000000005
303.12,0.05600000000000001
303.16,0.052000000000000005
303.2,0.052000000000000005
303.24,0.052000000000000005
303.28000000000003,0.052000000000000005
303.32,0.044000000000000004
303.36,0.052000000000000005
303.40000000000003,0.052000000000000005
303.44,0.048
303.48,0.052000000000000005
303.52,0.05600000000000001
303.56,0.05600000000000001
303.6,0.052000000000000005
303.64,0.052000000000000005
303.68,0.052000000000000005
303.72,0.052000000000000005
303.76,0.052000000000000005
303.8,0.052000000000000005
303.84000000000003,0.048
303.88,0.048
303.92,0.052000000000000005
303.96,0.048
304.0,0.044000000000000004
304.04,0.044000000000000004
304.08,0.044000000000000004
304.12,0.044000000000000004
304.16,0.048
304.2,0.052000000000000005
304.24,0.048
304.28000000000003,0.044000000000000004
304.32,0.052000000000000005
304.36,0.052000000000000005
304.40000000000003,0.048
304.44,0.052000000000000005
304.48,0.052000000000000005
304.52,0.044000000000000004
304.56,0.044000000000000004
304.6,0.052000000000000005
304.64,0.048
304.68,0.04000000000000001
304.72,0.044000000000000004
304.76,0.048
304.8,0.048
304.84000000000003,0.052000000000000005
304.88,0.052000000000000005
304.92,0.052000000000000005
304.96,0.048
305.0,0.052000000000000005
305.04,0.048
305.08,0.044000000000000004
305.12,0.052000000000000005
305.16,0.052000000000000005
305.2,0.044000000000000004
305.24,0.04000000000000001
305.28000000000003,0.044000000000000004
305.32,0.044000000000000004
305.36,0.04000000000000001
305.40000000000003,0.044000000000000004
305.44,0.044000000000000004
305.48,0.04000000000000001
305.52,0.04000000000000001
305.56,0.044000000000000004
305.6,0.04000000000000001
305.64,0.04000000000000001
305.68,0.044000000000000004
305.72,0.044000000000000004
305.76,0.044000000000000004
305.8,0.048
305.84000000000003,0.052000000000000005
305.88,0.044000000000000004
305.92,0.04000000000000001
305.96,0.044000000000000004
306.0,0.044000000000000004
306.04,0.04000000000000001
306.08,0.04000000000000001
306.12,0.044000000000000004
306.16,0.04000000000000001
306.2,0.044000000000000004
306.24,0.044000000000000004
306.28000000000003,0.044000000000000004
306.32,0.04000000000000001
306.36,0.048
306.40000000000003,0.048
306.44,0.044000000000000004
306.48,0.044000000000000004
306.52,0.048
306.56,0.04000000000000001
306.6,0.04000000000000001
306.64,0.04000000000000001
306.68,0.04000000000000001
306.72,0.036000000000000004
306.76,0.044000000000000004
306.8,0.044000000000000004
306.84000000000003,0.036000000000000004
306.88,0.036000000000000004
306.92,0.04000000000000001
306.96,0.036000000000000004
307.0,0.036000000000000004
307.04,0.044000000000000004
307.08,0.052000000000000005
307.12,0.04000000000000001
307.16,0.04000000000000001
307.2,0.044000000000000004
307.24,0.044000000000000004
307.28000000000003,0.036000000000000004
307.32,0.04000000000000001
307.36,0.04000000000000001
307.40000000000003,0.036000000000000004
307.44,0.036000000000000004
307.48,0.04000000000000001
307.52,0.036000000000000004
307.56,0.036000000000000004
307.6,0.044000000000000004
307.64,0.044000000000000004
307.68,0.04000000000000001
307.72,0.04000000000000001
307.76,0.044000000000000004
307.8,0.036000000000000004
307.84000000000003,0.036000000000000004
307.88,0.04000000000000001
307.92,0.036000000000000004
307.96,0.036000000000000004
308.0,0.044000000000000004
308.04,0.04000000000000001
308.08,0.036000000000000004
308.12,0.036000000000000004
308.16,0.036000000000000004
308.2,0.032
308.24,0.027999999999999997
308.28000000000003,0.036000000000000004
308.32,0.044000000000000004
308.36,0.036000000000000004
308.40000000000003,0.036000000000000004
308.44,0.04000000000000001
308.48,0.036000000000000004
308.52,0.036000000000000004
308.56,0.04000000000000001
308.6,0.044000000000000004
308.64,0.04000000000000001
308.68,0.04000000000000001
308.72,0.036000000000000004
308.76,0.032
308.8,0.027999999999999997
308.84000000000003,0.036000000000000004
308.88,0.036000000000000004
308.92,0.036000000000000004
308.96,0.036000000000000004
309.0,0.04000000000000001
309.04,0.036000000000000004
309.08,0.036000000000000004
309.12,0.036000000000000004
309.16,0.036000000000000004
309.2,0.036000000000000004
309.24,0.044000000000000004
309.28000000000003,0.04000000000000001
309.32,0.036000000000000004
309.36,0.036000000000000004
309.40000000000003,0.036000000000000004
309.44,0.027999999999999997
309.48,0.024000000000000007
309.52,0.036000000000000004
309.56,0.036000000000000004
309.6,0.027999999999999997
309.64,0.027999999999999997
309.68,0.036000000000000004
309.72,0.032
309.76,0.027999999999999997
309.8,0.032
309.84000000000003,0.036000000000000004
309.88,0.036000000000000004
309.92,0.036000000000000004
309.96,0.036000000000000004
310.0,0.027999999999999997
310.04,0.027999999999999997
310.08,0.032
310.12,0.032
310.16,0.027999999999999997
310.2,0.027999999999999997
310.24,0.036000000000000004
310.28000000000003,0.036000000000000004
310.32,0.027999999999999997
310.36,0.027999999999999997
310.40000000000003,0.027999999999999997
310.44,0.027999999999999997
310.48,0.036000000000000004
310.52,0.036000000000000004
310.56,0.036000000000000004
310.6,0.036000000000000004
310.64,0.036000000000000004
310.68,0.027999999999999997
310.72,0.027999999999999997
310.76,0.036000000000000004
310.8,0.036000000000000004
310.84000000000003,0.027999999999999997
310.88,0.024000000000000007
310.92,0.027999999999999997
310.96,0.024000000000000007
311.0,0.024000000000000007
311.04,0.024000000000000007
311.08,0.027999999999999997
311.12,0.027999999999999997
311.16,0.027999999999999997
311.2,0.036000000000000004
311.24,0.027999999999999997
311.28000000000003,0.024000000000000007
311.32,0.027999999999999997
311.36,0.027999999999999997
311.40000000000003,0.024000000000000007
311.44,0.024000000000000007
311.48,0.032
311.52,0.032
311.56,0.024000000000000007
311.6,0.024000000000000007
311.64,0.024000000000000007
311.68,0.024000000000000007
311.72,0.024000000000000007
311.76,0.027999999999999997
311.8,0.024000000000000007
311.84000000000003,0.027999999999999997
311.88,0.027999999999999997
311.92,0.024000000000000007
311.96,0.024000000000000007
312.0,0.032
312.04,0.032
312.08,0.027999999999999997
312.12,0.027999999999999997
312.16,0.027999999999999997
312.2,0.027999999999999997
312.24,0.020000000000000004
312.28000000000003,0.024000000000000007
312.32,0.020000000000000004
312.36,0.020000000000000004
312.40000000000003,0.024000000000000007
312.44,0.027999999999999997
312.48,0.020000000000000004
312.52,0.020000000000000004
312.56,0.027999999999999997
312.6,0.024000000000000007
312.64,0.020000000000000004
312.68,0.024000000000000007
312.72,0.027999999999999997
312.76,0.027999999999999997
312.8,0.024000000000000007
312.84000000000003,0.024000000000000007
312.88,0.020000000000000004
312.92,0.020000000000000004
312.96,0.024000000000000007
313.0,0.024000000000000007
313.04,0.020000000000000004
313.08,0.020000000000000004
313.12,0.024000000000000007
313.16,0.020000000000000004
313.2,0.020000000000000004
313.24,0.024000000000000007
313.28000000000003,0.024000000000000007
313.32,0.020000000000000004
313.36,0.027999999999999997
313.40000000000003,0.027999999999999997
313.44,0.024000000000000007
313.48,0.024000000000000007
313.52,0.024000000000000007
313.56,0.020000000000000004
313.6,0.020000000000000004
313.64,0.024000000000000007
313.68,0.020000000000000004
313.72,0.016
313.76,0.020000000000000004
313.8,0.024000000000000007
313.84000000000003,0.020000000000000004
313.88,0.01200000000000001
313.92,0.020000000000000004
313.96,0.020000000000000004
314.0,0.020000000000000004
314.04,0.024000000000000007
314.08,0.020000000000000004
314.12,0.020000000000000004
314.16,0.020000000000000004
314.2,0.024000000000000007
314.24,0.020000000000000004
314.28000000000003,0.020000000000000004
314.32,0.024000000000000007
314.36,0.020000000000000004
314.40000000000003,0.016
314.44,0.020000000000000004
314.48,0.020000000000000004
314.52,0.01200000000000001
314.56,0.016
314.6,0.020000000000000004
314.64,0.020000000000000004
314.68,0.020000000000000004
314.72,0.024000000000000007
314.76,0.024000000000000007
314.8,0.020000000000000004
314.84000000000003,0.020000000000000004
314.88,0.024000000000000007
314.92,0.020000000000000004
314.96,0.016
315.0,0.020000000000000004
315.04,0.020000000000000004
315.08,0.016
315.12,0.01200000000000001
315.16,0.01200000000000001
315.2,0.016
315.24,0.016
315.28000000000003,0.020000000000000004
315.32,0.020000000000000004
315.36,0.016
315.40000000000003,0.016
315.44,0.020000000000000004
315.48,0.01200000000000001
315.52,0.01200000000000001
315.56,0.020000000000000004
315.6,0.020000000000000004
315.64,0.020000000000000004
315.68,0.016
315.72,0.016
315.76,0.01200000000000001
315.8,0.008000000000000007
315.84000000000003,0.01200000000000001
315.88,0.01200000000000001
315.92,0.01200000000000001
315.96,0.016
316.0,0.016
316.04,0.01200000000000001
316.08,0.01200000000000001
316.12,0.016
316.16,0.016
316.2,0.016
316.24,0.020000000000000004
316.28000000000003,0.024000000000000007
316.32,0.01200000000000001
316.36,0.008000000000000007
316.40000000000003,0.01200000000000001
316.44,0.01200000000000001
316.48,0.008000000000000007
316.52,0.01200000000000001
316.56,0.016
316.6,0.01200000000000001
316.64,0.008000000000000007
316.68,0.016
316.72,0.01200000000000001
316.76,0.0040000000000000036
316.8,0.01200000000000001
316.84000000000003,0.020000000000000004
316.88,0.016
316.92,0.016
316.96,0.020000000000000004
317.0,0.01200000000000001
317.04,0.008000000000000007
317.08,0.01200000000000001
317.12,0.008000000000000007
317.16,0.0040000000000000036
317.2,0.01200000000000001
317.24,0.01200000000000001
317.28000000000003,0.0040000000000000036
317.32,0.0040000000000000036
317.36,0.008000000000000007
317.40000000000003,0.008000000000000007
317.44,0.0040000000000000036
317.48,0.016
317.52,0.020000000000000004
317.56,0.008000000000000007
317.6,0.008000000000000007
317.64,0.01200000000000001
317.68,0.008000000000000007
317.72,0.0040000000000000036
317.76,0.01200000000000001
317.8,0.01200000000000001
317.84000000000003,0.0040000000000000036
317.88,0.008000000000000007
317.92,0.01200000000000001
317.96,0.0040000000000000036
318.0,-0.0040000000000000036
318.04,0.0040000000000000036
318.08,0.0040000000000000036
318.12,0.0040000000000000036
318.16,0.008000000000000007
318.2,0.008000000000000007
318.24,0.008000000000000007
318.28000000000003,0.008000000000000007
318.32,0.01200000000000001
318.36,0.0040000000000000036
318.40000000000003,0.0040000000000000036
318.44,0.008000000000000007
318.48,0.0040000000000000036
318.52,0.0040000000000000036
318.56,0.0040000000000000036
318.6,0.0040000000000000036
318.64,0.0
318.68,0.0
318.72,0.0040000000000000036
318.76,0.0040000000000000036
318.8,-0.0040000000000000036
318.84000000000003,0.008000000000000007
318.88,0.008000000000000007
318.92,0.0040000000000000036
318.96,0.0040000000000000036
319.0,0.01200000000000001
319.04,0.0040000000000000036
319.08,0.0040000000000000036
319.12,0.01200000000000001
319.16,0.01200000000000001
319.2,0.008000000000000007
319.24,0.0040000000000000036
319.28000000000003,0.0040000000000000036
319.32,0.0
319.36,-0.0040000000000000036
319.40000000000003,0.0040000000000000036
319.44,0.0
319.48,0.0040000000000000036
319.52,0.0040000000000000036
319.56,0.0040000000000000036
319.6,0.0040000000000000036
319.64,0.0
319.68,0.0040000000000000036
319.72,0.0040000000000000036
319.76,0.0040000000000000036
319.8,0.0040000000000000036
319.84000000000003,0.0040000000000000036
319.88,0.0
319.92,0.0
319.96,0.0040000000000000036
320.0,-0.0040000000000000036
320.04,-0.0040000000000000036
320.08,0.0
320.12,0.0
320.16,0.0
320.2,0.0
320.24,0.0
320.28000000000003,-0.0040000000000000036
320.32,-0.0040000000000000036
320.36,0.0040000000000000036
320.40000000000003,0.0040000000000000036
320.44,0.0040000000000000036
320.48,0.0040000000000000036
320.52,0.0040000000000000036
320.56,0.0
320.6,-0.0040000000000000036
320.64,-0.0040000000000000036
320.68,-0.0040000000000000036
320.72,-0.0040000000000000036
320.76,-0.0040000000000000036
320.8,-0.0040000000000000036
320.84000000000003,-0.0040000000000000036
320.88,-0.0040000000000000036
320.92,-0.0040000000000000036
320.96,-0.0040000000000000036
321.0,-0.0040000000000000036
321.04,0.0040000000000000036
321.08,0.0040000000000000036
321.12,0.0
321.16,0.0
321.2,0.0
321.24,-0.007999999999999993
321.28000000000003,-0.007999999999999993
321.32,-0.0040000000000000036
321.36,-0.0040000000000000036
321.40000000000003,-0.0040000000000000036
321.44,-0.0040000000000000036
321.48,-0.0040000000000000036
321.52,-0.011999999999999997
321.56,-0.011999999999999997
321.6,-0.0040000000000000036
321.64,-0.0040000000000000036
321.68,-0.007999999999999993
321.72,-0.0040000000000000036
321.76,0.0040000000000000036
321.8,-0.0040000000000000036
321.84000000000003,-0.007999999999999993
321.88,-0.0040000000000000036
321.92,-0.0040000000000000036
321.96,-0.007999999999999993
322.0,-0.0040000000000000036
322.04,-0.0040000000000000036
322.08,-0.007999999999999993
322.12,-0.007999999999999993
322.16,-0.0040000000000000036
322.2,-0.007999999999999993
322.24,-0.011999999999999997
322.28000000000003,-0.007999999999999993
322.32,-0.0040000000000000036
322.36,-0.0040000000000000036
322.40000000000003,-0.0040000000000000036
322.44,-0.0040000000000000036
322.48,-0.011999999999999997
322.52,-0.011999999999999997
322.56,-0.0040000000000000036
322.6,-0.007999999999999993
322.64,-0.007999999999999993
322.68,-0.0040000000000000036
322.72,-0.0040000000000000036
322.76,-0.011999999999999997
322.8,-0.011999999999999997
322.84000000000003,-0.007999999999999993
322.88,-0.011999999999999997
322.92,-0.01999999999999999
322.96,-0.007999999999999993
323.0,-0.0040000000000000036
323.04,-0.007999999999999993
323.08,-0.007999999999999993
323.12,-0.0040000000000000036
323.16,-0.007999999999999993
323.2,-0.007999999999999993
323.24,-0.0040000000000000036
323.28000000000003,-0.007999999999999993
323.32,-0.007999999999999993
323.36,-0.007999999999999993
323.40000000000003,-0.0040000000000000036
323.44,-0.011999999999999997
323.48,-0.016
323.52,-0.011999999999999997
323.56,-0.007999999999999993
323.6,-0.007999999999999993
323.64,-0.007999999999999993
323.68,-0.007999999999999993
323.72,-0.011999999999999997
323.76,-0.011999999999999997
323.8,-0.007999999999999993
323.84000000000003,-0.011999999999999997
323.88,-0.011999999999999997
323.92,-0.0040000000000000036
323.96,-0.007999999999999993
324.0,-0.007999999999999993
324.04,-0.007999999999999993
324.08,-0.007999999999999993
324.12,-0.016
324.16,-0.01999999999999999
324.2,-0.016
324.24,-0.016
324.28000000000003,-0.011999999999999997
324.32,-0.011999999999999997
324.36,-0.011999999999999997
324.40000000000003,-0.011999999999999997
324.44,-0.016
324.48,-0.011999999999999997
324.52,-0.011999999999999997
324.56,-0.016
324.6,-0.011999999999999997
324.64,-0.007999999999999993
324.68,-0.011999999999999997
324.72,-0.016
324.76,-0.011999999999999997
324.8,-0.011999999999999997
324.84000000000003,-0.011999999999999997
324.88,-0.011999999999999997
324.92,-0.016
324.96,-0.011999999999999997
325.0,-0.011999999999999997
325.04,-0.011999999999999997
325.08,-0.016
325.12,-0.01999999999999999
325.16,-0.011999999999999997
325.2,-0.011999999999999997
325.24,-0.011999999999999997
325.28000000000003,-0.011999999999999997
325.32,-0.007999999999999993
325.36,-0.011999999999999997
325.40000000000003,-0.016
325.44,-0.016
325.48,-0.016
325.52,-0.01999999999999999
325.56,-0.01999999999999999
325.6,-0.016
325.64,-0.016
325.68,-0.023999999999999994
325.72,-0.011999999999999997
325.76,-0.01999999999999999
325.8,-0.023999999999999994
325.84000000000003,-0.01999999999999999
325.88,-0.007999999999999993
325.92,-0.016
325.96,-0.01999999999999999
326.0,-0.011999999999999997
326.04,-0.011999999999999997
326.08,-0.01999999999999999
326.12,-0.01999999999999999
326.16,-0.01999999999999999
326.2,-0.01999999999999999
326.24,-0.011999999999999997
326.28000000000003,-0.011999999999999997
326.32,-0.01999999999999999
326.36,-0.023999999999999994
326.40000000000003,-0.023999999999999994
326.44,-0.01999999999999999
326.48,-0.023999999999999994
326.52,-0.016
326.56,-0.011999999999999997
326.6,-0.016
326.64,-0.01999999999999999
326.68,-0.016
326.72,-0.01999999999999999
326.76,-0.023999999999999994
326.8,-0.01999999999999999
326.84000000000003,-0.016
326.88,-0.023999999999999994
326.92,-0.01999999999999999
326.96,-0.01999999999999999
327.0,-0.023999999999999994
327.04,-0.027999999999999997
327.08,-0.023999999999999994
327.12,-0.01999999999999999
327.16,-0.023999999999999994
327.2,-0.023999999999999994
327.24,-0.016
327.28000000000003,-0.01999999999999999
327.32,-0.01999999999999999
327.36,-0.01999999999999999
327.40000000000003,-0.023999999999999994
327.44,-0.01999999999999999
327.48,-0.016
327.52,-0.011999999999999997
327.56,-0.01999999999999999
327.6,-0.023999999999999994
327.64,-0.01999999999999999
327.68,-0.01999999999999999
327.72,-0.027999999999999997
327.76,-0.027999999999999997
327.8,-0.01999999999999999
327.84000000000003,-0.023999999999999994
327.88,-0.01999999999999999
327.92,-0.01999999999999999
327.96,-0.023999999999999994
328.0,-0.023999999999999994
328.04,-0.023999999999999994
328.08,-0.01999999999999999
328.12,-0.023999999999999994
328.16,-0.023999999999999994
328.2,-0.01999999999999999
328.24,-0.01999999999999999
328.28000000000003,-0.027999999999999997
328.32,-0.027999999999999997
328.36,-0.027999999999999997
328.40000000000003,-0.027999999999999997
328.44,-0.027999999999999997
328.48,-0.023999999999999994
328.52,-0.023999999999999994
328.56,-0.027999999999999997
328.6,-0.027999999999999997
328.64,-0.027999999999999997
328.68,-0.027999999999999997
328.72,-0.027999999999999997
328.76,-0.01999999999999999
328.8,-0.01999999999999999
328.84000000000003,-0.01999999999999999
328.88,-0.01999999999999999
328.92,-0.023999999999999994
328.96,-0.027999999999999997
329.0,-0.027999999999999997
329.04,-0.027999999999999997
329.08,-0.027999999999999997
329.12,-0.027999999999999997
329.16,-0.027999999999999997
329.2,-0.027999999999999997
329.24,-0.027999999999999997
329.28000000000003,-0.023999999999999994
329.32,-0.027999999999999997
329.36,-0.027999999999999997
329.40000000000003,-0.027999999999999997
329.44,-0.01999999999999999
329.48,-0.023999999999999994
329.52,-0.027999999999999997
329.56,-0.027999999999999997
329.6,-0.027999999999999997
329.64,-0.032
329.68,-0.027999999999999997
329.72,-0.027999999999999997
329.76,-0.027999999999999997
329.8,-0.032
329.84000000000003,-0.027999999999999997
329.88,-0.032
329.92,-0.032
329.96,-0.032
330.0,-0.027999999999999997
330.04,-0.036000000000000004
330.08,-0.027999999999999997
330.12,-0.023999999999999994
330.16,-0.023999999999999994
330.2,-0.027999999999999997
330.24,-0.027999999999999997
330.28000000000003,-0.027999999999999997
330.32,-0.027999999999999997
330.36,-0.027999999999999997
330.40000000000003,-0.027999999999999997
330.44,-0.032
330.48,-0.032
330.52,-0.027999999999999997
330.56,-0.032
330.6,-0.036000000000000004
330.64,-0.032
330.68,-0.027999999999999997
330.72,-0.032
330.76,-0.027999999999999997
330.8,-0.023999999999999994
330.84000000000003,-0.027999999999999997
330.88,-0.032
330.92,-0.032
330.96,-0.027999999999999997
331.0,-0.036000000000000004
331.04,-0.032
331.08,-0.027999999999999997
331.12,-0.027999999999999997
331.16,-0.036000000000000004
331.2,-0.032
331.24,-0.036000000000000004
331.28000000000003,-0.04000000000000001
331.32,-0.04000000000000001
331.36,-0.032
331.40000000000003,-0.027999999999999997
331.44,-0.027999999999999997
331.48,-0.032
331.52,-0.032
331.56,-0.027999999999999997
331.6,-0.032
331.64,-0.032
331.68,-0.036000000000000004
331.72,-0.032
331.76,-0.036000000000000004
331.8,-0.036000000000000004
331.84000000000003,-0.036000000000000004
331.88,-0.04000000000000001
331.92,-0.036000000000000004
331.96,-0.036000000000000004
332.0,-0.036000000000000004
332.04,-0.032
332.08,-0.027999999999999997
332.12,-0.036000000000000004
332.16,-0.036000000000000004
332.2,-0.032
332.24,-0.036000000000000004
332.28000000000003,-0.04000000000000001
332.32,-0.036000000000000004
332.36,-0.027999999999999997
332.40000000000003,-0.032
332.44,-0.032
332.48,-0.027999999999999997
332.52,-0.04400000000000001
332.56,-0.04400000000000001
332.6,-0.04000000000000001
332.64,-0.036000000000000004
332.68,-0.04400000000000001
332.72,-0.04400000000000001
332.76,-0.036000000000000004
332.8,-0.036000000000000004
332.84000000000003,-0.04000000000000001
332.88,-0.04000000000000001
332.92,-0.04000000000000001
332.96,-0.036000000000000004
333.0,-0.032
333.04,-0.032
333.08,-0.036000000000000004
333.12,-0.036000000000000004
333.16,-0.036000000000000004
333.2,-0.04400000000000001
333.24,-0.04400000000000001
333.28000000000003,-0.04000000000000001
333.32,-0.036000000000000004
333.36,-0.04000000000000001
333.40000000000003,-0.04000000000000001
333.44,-0.032
333.48,-0.04000000000000001
333.52,-0.04400000000000001
333.56,-0.036000000000000004
333.6,-0.036000000000000004
333.64,-0.04000000000000001
333.68,-0.027999999999999997
333.72,-0.027999999999999997
333.76,-0.04000000000000001
333.8,-0.04400000000000001
333.84000000000003,-0.036000000000000004
333.88,-0.04000000000000001
333.92,-0.04799999999999999
333.96,-0.04400000000000001
334.0,-0.04000000000000001
334.04,-0.04000000000000001
334.08,-0.04400000000000001
334.12,-0.04400000000000001
334.16,-0.04400000000000001
334.2,-0.04400000000000001
334.24,-0.04000000000000001
334.28000000000003,-0.04000000000000001
334.32,-0.04400000000000001
334.36,-0.036000000000000004
334.40000000000003,-0.036000000000000004
334.44,-0.04400000000000001
334.48,-0.04400000000000001
334.52,-0.04400000000000001
334.56,-0.04400000000000001
334.6,-0.04400000000000001
334.64,-0.04000000000000001
334.68,-0.04000000000000001
334.72,-0.04400000000000001
334.76,-0.04799999999999999
334.8,-0.04400000000000001
334.84000000000003,-0.04400000000000001
334.88,-0.04400000000000001
334.92,-0.04000000000000001
334.96,-0.036000000000000004
335.0,-0.04000000000000001
335.04,-0.04400000000000001
335.08,-0.036000000000000004
335.12,-0.04000000000000001
335.16,-0.04400000000000001
335.2,-0.04799999999999999
335.24,-0.04400000000000001
335.28000000000003,-0.04400000000000001
335.32,-0.04799999999999999
335.36,-0.04400000000000001
335.40000000000003,-0.04400000000000001
335.44,-0.04799999999999999
335.48,-0.04799999999999999
335.52,-0.04400000000000001
335.56,-0.04799999999999999
335.6,-0.04400000000000001
335.64,-0.04000000000000001
335.68,-0.04400000000000001
335.72,-0.04400000000000001
335.76,-0.04400000000000001
335.8,-0.04400000000000001
335.84000000000003,-0.04400000000000001
335.88,-0.04400000000000001
335.92,-0.04400000000000001
335.96,-0.04400000000000001
336.0,-0.04400000000000001
336.04,-0.04400000000000001
336.08,-0.04400000000000001
336.12,-0.05199999999999999
336.16,-0.05199999999999999
336.2,-0.04400000000000001
336.24,-0.04799999999999999
336.28000000000003,-0.04000000000000001
336.32,-0.036000000000000004
336.36,-0.04000000000000001
336.40000000000003,-0.04799999999999999
336.44,-0.04400000000000001
336.48,-0.04000000000000001
336.52,-0.04400000000000001
336.56,-0.04400000000000001
336.6,-0.04400000000000001
336.64,-0.04400000000000001
336.68,-0.05199999999999999
336.72,-0.05199999999999999
336.76,-0.04799999999999999
336.8,-0.055999999999999994
336.84000000000003,-0.055999999999999994
336.88,-0.04400000000000001
336.92,-0.04400000000000001
336.96,-0.05199999999999999
337.0,-0.04799999999999999
337.04,-0.04400000000000001
337.08,-0.04799999999999999
337.12,-0.05199999999999999
337.16,-0.05199999999999999
337.2,-0.04799999999999999
337.24,-0.04799999999999999
337.28000000000003,-0.04400000000000001
337.32,-0.04400000000000001
337.36,-0.05199999999999999
337.40000000000003,-0.05199999999999999
337.44,-0.055999999999999994
337.48,-0.055999999999999994
337.52,-0.05199999999999999
337.56,-0.04400000000000001
337.6,-0.04400000000000001
337.64,-0.05199999999999999
337.68,-0.04799999999999999
337.72,-0.04400000000000001
337.76,-0.04799999999999999
337.8,-0.05199999999999999
337.84000000000003,-0.04799999999999999
337.88,-0.04799999999999999
337.92,-0.04799999999999999
337.96,-0.05199999999999999
338.0,-0.04799999999999999
338.04,-0.055999999999999994
338.08,-0.055999999999999994
338.12,-0.05199999999999999
338.16,-0.05199999999999999
338.2,-0.055999999999999994
338.24,-0.05199999999999999
338.28000000000003,-0.04400000000000001
338.32,-0.05199999999999999
338.36,-0.05199999999999999
338.40000000000003,-0.05199999999999999
338.44,-0.05199999999999999
338.48,-0.05199999999999999
338.52,-0.05199999999999999
338.56,-0.04400000000000001
338.6,-0.04400000000000001
338.64,-0.05199999999999999
338.68,-0.05199999999999999
338.72,-0.05199999999999999
338.76,-0.06
338.8,-0.05199999999999999
338.84000000000003,-0.05199999999999999
338.88,-0.05199999999999999
338.92,-0.05199999999999999
338.96,-0.04400000000000001
339.0,-0.04799999999999999
339.04,-0.05199999999999999
339.08,-0.05199999999999999
339.12,-0.05199999999999999
339.16,-0.05199999999999999
339.2,-0.04799999999999999
339.24,-0.04400000000000001
339.28000000000003,-0.05199999999999999
339.32,-0.055999999999999994
339.36,-0.055999999999999994
339.40000000000003,-0.05199999999999999
339.44,-0.06
339.48,-0.055999999999999994
339.52,-0.04799999999999999
339.56,-0.05199999999999999
339.6,-0.06
339.64,-0.055999999999999994
339.68,-0.055999999999999994
339.72,-0.06
339.76,-0.055999999999999994
339.8,-0.05199999999999999
339.84000000000003,-0.05199999999999999
339.88,-0.055999999999999994
339.92,-0.04799999999999999
339.96,-0.05199999999999999
340.0,-0.055999999999999994
340.04,-0.055999999999999994
340.08,-0.06
340.12,-0.06
340.16,-0.06
340.2,-0.05199999999999999
340.24,-0.055999999999999994
340.28000000000003,-0.06
340.32,-0.055999999999999994
340.36,-0.05199999999999999
340.40000000000003,-0.06
340.44,-0.05199999999999999
340.48,-0.04400000000000001
340.52,-0.05199999999999999
340.56,-0.05199999999999999
340.6,-0.04799999999999999
340.64,-0.05199999999999999
340.68,-0.06
340.72,-0.055999999999999994
340.76,-0.05199999999999999
340.8,-0.06
340.84000000000003,-0.06
340.88,-0.055999999999999994
340.92,-0.055999999999999994
340.96,-0.06
341.0,-0.06
341.04,-0.06
341.08,-0.06
341.12,-0.06
341.16,-0.05199999999999999
341.2,-0.055999999999999994
341.24,-0.055999999999999994
341.28000000000003,-0.05199999999999999
341.32,-0.055999999999999994
341.36,-0.06
341.40000000000003,-0.06
341.44,-0.06
341.48,-0.06
341.52,-0.06
341.56,-0.055999999999999994
341.6,-0.06
341.64,-0.06
341.68,-0.06
341.72,-0.055999999999999994
341.76,-0.064
341.8,-0.06
341.84000000000003,-0.05199999999999999
341.88,-0.05199999999999999
341.92,-0.055999999999999994
341.96,-0.055999999999999994
342.0,-0.05199999999999999
342.04,-0.06
342.08,-0.06
342.12,-0.055999999999999994
342.16,-0.055999999999999994
342.2,-0.06
342.24,-0.06
342.28000000000003,-0.064
342.32,-0.064
342.36,-0.068
342.40000000000003,-0.06
342.44,-0.06
342.48,-0.06
342.52,-0.06
342.56,-0.05199999999999999
342.6,-0.055999999999999994
342.64,-0.064
342.68,-0.06
342.72,-0.064
342.76,-0.064
342.8,-0.06
342.84000000000003,-0.055999999999999994
342.88,-0.06
342.92,-0.064
342.96,-0.06
343.0,-0.068
343.04,-0.068
343.08,-0.06
343.12,-0.055999999999999994
343.16,-0.06
343.2,-0.06
343.24,-0.055999999999999994
343.28000000000003,-0.06
343.32,-0.064
343.36,-0.06
343.40000000000003,-0.06
343.44,-0.06
343.48,-0.06
343.52,-0.055999999999999994
343.56,-0.068
343.6,-0.068
343.64,-0.064
343.68,-0.068
343.72,-0.068
343.76,-0.068
343.8,-0.055999999999999994
343.84000000000003,-0.06
343.88,-0.064
343.92,-0.06
343.96,-0.064
344.0,-0.064
344.04,-0.064
344.08,-0.06
344.12,-0.06
344.16,-0.064
344.2,-0.064
344.24,-0.068
344.28000000000003,-0.068
344.32,-0.064
344.36,-0.068
344.40000000000003,-0.068
344.44,-0.064
344.48,-0.06
344.52,-0.068
344.56,-0.068
344.6,-0.06
344.64,-0.064
344.68,-0.064
344.72,-0.06
344.76,-0.055999999999999994
344.8,-0.064
344.84000000000003,-0.06
344.88,-0.055999999999999994
344.92,-0.068
344.96,-0.068
345.0,-0.068
345.04,-0.068
345.08,-0.068
345.12,-0.068
345.16,-0.06
345.2,-0.06
345.24,-0.068
345.28000000000003,-0.064
345.32,-0.068
345.36,-0.068
345.40000000000003,-0.068
345.44,-0.064
345.48,-0.064
345.52,-0.06
345.56,-0.064
345.6,-0.068
345.64,-0.068
345.68,-0.068
345.72,-0.068
345.76,-0.068
345.8,-0.068
345.84000000000003,-0.064
345.88,-0.068
345.92,-0.068
345.96,-0.068
346.0,-0.068
346.04,-0.068
346.08,-0.06
346.12,-0.055999999999999994
346.16,-0.06
346.2,-0.068
346.24,-0.068
346.28000000000003,-0.068
346.32,-0.068
346.36,-0.07200000000000001
346.40000000000003,-0.068
346.44,-0.068
346.48,-0.068
346.52,-0.068
346.56,-0.068
346.6,-0.068
346.64,-0.068
346.68,-0.068
346.72,-0.068
346.76,-0.068
346.8,-0.06
346.84000000000003,-0.064
346.88,-0.068
346.92,-0.068
346.96,-0.068
347.0,-0.068
347.04,-0.07200000000000001
347.08,-0.068
347.12,-0.068
347.16,-0.07200000000000001
347.2,-0.068
347.24,-0.068
347.28000000000003,-0.07200000000000001
347.32,-0.068
347.36,-0.06
347.40000000000003,-0.064
347.44,-0.068
347.48,-0.06
347.52,-0.06
347.56,-0.068
347.6,-0.07200000000000001
347.64,-0.068
347.68,-0.068
347.72,-0.068
347.76,-0.068
347.8,-0.068
347.84000000000003,-0.068
347.88,-0.07200000000000001
347.92,-0.068
347.96,-0.07200000000000001
348.0,-0.068
348.04,-0.068
348.08,-0.068
348.12,-0.068
348.16,-0.068
348.2,-0.068
348.24,-0.068
348.28000000000003,-0.07200000000000001
348.32,-0.068
348.36,-0.068
348.40000000000003,-0.068
348.44,-0.068
348.48,-0.07200000000000001
348.52,-0.07200000000000001
348.56,-0.068
348.6,-0.068
348.64,-0.07200000000000001
348.68,-0.07200000000000001
348.72,-0.068
348.76,-0.06
348.8,-0.068
348.84000000000003,-0.07200000000000001
348.88,-0.068
348.92,-0.068
348.96,-0.068
349.0,-0.068
349.04,-0.068
349.08,-0.068
349.12,-0.068
349.16,-0.068
349.2,-0.068
349.24,-0.07200000000000001
349.28000000000003,-0.07200000000000001
349.32,-0.068
349.36,-0.07200000000000001
349.40000000000003,-0.068
349.44,-0.068
349.48,-0.068
349.52,-0.07200000000000001
349.56,-0.07200000000000001
349.6,-0.068
349.64,-0.068
349.68,-0.07200000000000001
349.72,-0.068
349.76,-0.07200000000000001
349.8,-0.07200000000000001
349.84000000000003,-0.07200000000000001
349.88,-0.07599999999999998
349.92,-0.07599999999999998
349.96,-0.07200000000000001
350.0,-0.068
350.04,-0.07200000000000001
350.08,-0.07200000000000001
350.12,-0.068
350.16,-0.068
350.2,-0.07200000000000001
350.24,-0.07200000000000001
350.28000000000003,-0.07200000000000001
350.32,-0.07200000000000001
350.36,-0.07200000000000001
350.40000000000003,-0.068
350.44,-0.068
350.48,-0.07200000000000001
350.52,-0.07200000000000001
350.56,-0.07200000000000001
350.6,-0.07999999999999999
350.64,-0.07599999999999998
350.68,-0.068
350.72,-0.068
350.76,-0.07200000000000001
350.8,-0.07200000000000001
350.84000000000003,-0.068
350.88,-0.07200000000000001
350.92,-0.07200000000000001
350.96,-0.07200000000000001
351.0,-0.07200000000000001
351.04,-0.07200000000000001
351.08,-0.07200000000000001
351.12,-0.07200000000000001
351.16,-0.07999999999999999
351.2,-0.07999999999999999
351.24,-0.07200000000000001
351.28000000000003,-0.07599999999999998
351.32,-0.07599999999999998
351.36,-0.068
351.40000000000003,-0.068
351.44,-0.07200000000000001
351.48,-0.07200000000000001
351.52,-0.07200000000000001
351.56,-0.07599999999999998
351.6,-0.068
351.64,-0.068
351.68,-0.068
351.72,-0.07200000000000001
351.76,-0.068
351.8,-0.07200000000000001
351.84000000000003,-0.07999999999999999
351.88,-0.07599999999999998
351.92,-0.07200000000000001
351.96,-0.07200000000000001
352.0,-0.07999999999999999
352.04,-0.07200000000000001
352.08,-0.07200000000000001
352.12,-0.07200000000000001
352.16,-0.07599999999999998
352.2,-0.07200000000000001
352.24,-0.07200000000000001
352.28000000000003,-0.07200000000000001
352.32,-0.068
352.36,-0.07200000000000001
352.40000000000003,-0.07200000000000001
352.44,-0.07200000000000001
352.48,-0.07599999999999998
352.52,-0.07999999999999999
352.56,-0.07999999999999999
352.6,-0.07599999999999998
352.64,-0.07200000000000001
352.68,-0.07200000000000001
352.72,-0.07599999999999998
352.76,-0.07599999999999998
352.8,-0.07999999999999999
352.84000000000003,-0.07200000000000001
352.88,-0.07200000000000001
352.92,-0.07599999999999998
352.96,-0.07599999999999998
353.0,-0.068
353.04,-0.068
353.08,-0.07200000000000001
353.12,-0.07200000000000001
353.16,-0.07200000000000001
353.2,-0.07599999999999998
353.24,-0.07999999999999999
353.28000000000003,-0.07599999999999998
353.32,-0.07200000000000001
353.36,-0.07599999999999998
353.40000000000003,-0.07999999999999999
353.44,-0.07200000000000001
353.48,-0.07200000000000001
353.52,-0.07999999999999999
353.56,-0.07200000000000001
353.6,-0.07200000000000001
353.64,-0.07599999999999998
353.68,-0.07200000000000001
353.72,-0.068
353.76,-0.07599999999999998
353.8,-0.07999999999999999
353.84000000000003,-0.07599999999999998
353.88,-0.07200000000000001
353.92,-0.07999999999999999
353.96,-0.07999999999999999
354.0,-0.07599999999999998
354.04,-0.07200000000000001
354.08,-0.07599999999999998
354.12,-0.07200000000000001
354.16,-0.07999999999999999
354.2,-0.08399999999999999
354.24,-0.07200000000000001
354.28000000000003,-0.07200000000000001
354.32,-0.07200000000000001
354.36,-0.07200000000000001
354.40000000000003,-0.068
354.44,-0.07599999999999998
354.48,-0.07999999999999999
354.52,-0.07599999999999998
354.56,-0.07200000000000001
354.6,-0.07999999999999999
354.64,-0.07999999999999999
354.68,-0.07599999999999998
354.72,-0.07200000000000001
354.76,-0.07999999999999999
354.8,-0.07999999999999999
354.84000000000003,-0.07599999999999998
354.88,-0.07999999999999999
354.92,-0.07599999999999998
354.96,-0.07200000000000001
355.0,-0.07599999999999998
355.04,-0.07599999999999998
355.08,-0.07200000000000001
355.12,-0.07599999999999998
355.16,-0.08399999999999999
355.2,-0.08399999999999999
355.24,-0.07599999999999998
355.28000000000003,-0.07200000000000001
355.32,-0.07599999999999998
355.36,-0.07599999999999998
355.40000000000003,-0.08399999999999999
355.44,-0.08399999999999999
355.48,-0.08399999999999999
355.52,-0.07999999999999999
355.56,-0.08399999999999999
355.6,-0.07599999999999998
355.64,-0.07200000000000001
355.68,-0.07200000000000001
355.72,-0.07599999999999998
355.76,-0.07200000000000001
355.8,-0.07200000000000001
355.84000000000003,-0.08399999999999999
355.88,-0.07999999999999999
355.92,-0.07599999999999998
355.96,-0.07999999999999999
356.0,-0.07999999999999999
356.04,-0.07599999999999998
356.08,-0.07999999999999999
356.12,-0.088
356.16,-0.07999999999999999
356.2,-0.07200000000000001
356.24,-0.07999999999999999
356.28000000000003,-0.07999999999999999
356.32,-0.07200000000000001
356.36,-0.07200000000000001
356.40000000000003,-0.08399999999999999
356.44,-0.07999999999999999
356.48,-0.07599999999999998
356.52,-0.07599999999999998
356.56,-0.07599999999999998
356.6,-0.07999999999999999
356.64,-0.07599999999999998
356.68,-0.07999999999999999
356.72,-0.07999999999999999
356.76,-0.08399999999999999
356.8,-0.088
356.84000000000003,-0.088
356.88,-0.07999999999999999
356.92,-0.07200000000000001
356.96,-0.07999999999999999
357.0,-0.07599999999999998
357.04,-0.07200000000000001
357.08,-0.07599999999999998
357.12,-0.08399999999999999
357.16,-0.07999999999999999
357.2,-0.07599999999999998
357.24,-0.07999999999999999
357.28000000000003,-0.07599999999999998
357.32,-0.07599999999999998
357.36,-0.07999999999999999
357.40000000000003,-0.08399999999999999
357.44,-0.07599999999999998
357.48,-0.07999999999999999
357.52,-0.088
357.56,-0.07999999999999999
357.6,-0.07200000000000001
357.64,-0.07999999999999999
357.68,-0.08399999999999999
357.72,-0.07200000000000001
357.76,-0.07599999999999998
357.8,-0.08399999999999999
357.84000000000003,-0.07999999999999999
357.88,-0.07999999999999999
357.92,-0.07999999999999999
357.96,-0.07599999999999998
358.0,-0.07599999999999998
358.04,-0.08399999999999999
358.08,-0.088
358.12,-0.08399999999999999
358.16,-0.08399999999999999
358.2,-0.088
358.24,-0.08399999999999999
358.28000000000003,-0.07599999999999998
358.32,-0.07999999999999999
358.36,-0.07999999999999999
358.40000000000003,-0.07599999999999998
358.44,-0.07999999999999999
358.48,-0.07999999999999999
358.52,-0.07999999999999999
358.56,-0.07999999999999999
358.6,-0.08399999999999999
358.64,-0.07599999999999998
358.68,-0.07200000000000001
358.72,-0.07999999999999999
358.76,-0.088
358.8,-0.08399999999999999
358.84000000000003,-0.07999999999999999
358.88,-0.08399999999999999
358.92,-0.08399999999999999
358.96,-0.07200000000000001
359.0,-0.07999999999999999
359.04,-0.07999999999999999
359.08,-0.08399999999999999
359.12,-0.08399999999999999
359.16,-0.07999999999999999
359.2,-0.07200000000000001
359.24,-0.07200000000000001
359.28000000000003,-0.08399999999999999
359.32,-0.07999999999999999
359.36,-0.08399999999999999
359.40000000000003,-0.08399999999999999
359.44,-0.088
359.48,-0.088
359.52,-0.088
359.56,-0.08399999999999999
359.6,-0.07999999999999999
359.64,-0.07999999999999999
359.68,-0.07999999999999999
359.72,-0.08399999999999999
359.76,-0.08399999999999999
359.8,-0.08399999999999999
359.84000000000003,-0.08399999999999999
359.88,-0.07599999999999998
359.92,-0.07599999999999998
359.96,-0.07999999999999999
360.0,-0.07999999999999999
360.04,-0.07999999999999999
360.08,-0.08399999999999999
360.12,-0.088
360.16,-0.07999999999999999
360.2,-0.07999999999999999
360.24,-0.08399999999999999
360.28000000000003,-0.088
360.32,-0.08399999999999999
360.36,-0.08399999999999999
360.40000000000003,-0.07999999999999999
360.44,-0.08399999999999999
360.48,-0.07599999999999998
360.52,-0.07999999999999999
360.56,-0.07999999999999999
360.6,-0.07200000000000001
360.64,-0.07999999999999999
360.68,-0.07999999999999999
360.72,-0.08399999999999999
360.76,-0.088
360.8,-0.08399999999999999
360.84000000000003,-0.088
360.88,-0.08399999999999999
360.92,-0.08399999999999999
360.96,-0.07999999999999999
361.0,-0.088
361.04,-0.08399999999999999
361.08,-0.088
361.12,-0.08399999999999999
361.16,-0.07999999999999999
361.2,-0.08399999999999999
361.24,-0.07999999999999999
361.28000000000003,-0.07599999999999998
361.32,-0.07999999999999999
361.36,-0.08399999999999999
361.40000000000003,-0.08399999999999999
361.44,-0.08399999999999999
361.48,-0.08399999999999999
361.52,-0.088
361.56,-0.07999999999999999
361.6,-0.07999999999999999
361.64,-0.088
361.68,-0.08399999999999999
361.72,-0.08399999999999999
361.76,-0.088
361.8,-0.088
361.84000000000003,-0.07599999999999998
361.88,-0.07599999999999998
361.92,-0.07999999999999999
361.96,-0.07999999999999999
362.0,-0.07599999999999998
362.04,-0.08399999999999999
362.08,-0.088
362.12,-0.08399999999999999
362.16,-0.088
362.2,-0.088
362.24,-0.08399999999999999
362.28000000000003,-0.08399999999999999
362.32,-0.08399999999999999
362.36,-0.088
362.40000000000003,-0.088
362.44,-0.096
362.48,-0.088
362.52,-0.07999999999999999
362.56,-0.07999999999999999
362.6,-0.08399999999999999
362.64,-0.07999999999999999
362.68,-0.07999999999999999
362.72,-0.088
362.76,-0.088
362.8,-0.08399999999999999
362.84000000000003,-0.08399999999999999
362.88,-0.088
362.92,-0.08399999999999999
362.96,-0.08399999999999999
363.0,-0.092
363.04,-0.08399999999999999
363.08,-0.07999999999999999
363.12,-0.08399999999999999
363.16,-0.088
363.2,-0.07999999999999999
363.24,-0.07200000000000001
363.28000000000003,-0.07999999999999999
363.32,-0.08399999999999999
363.36,-0.08399999999999999
363.40000000000003,-0.088
363.44,-0.08399999999999999
363.48,-0.08399999999999999
363.52,-0.07999999999999999
363.56,-0.08399999999999999
363.6,-0.08399999999999999
363.64,-0.08399999999999999
363.68,-0.088
363.72,-0.092
363.76,-0.088
363.8,-0.08399999999999999
363.84000000000003,-0.088
363.88,-0.08399999999999999
363.92,-0.07599999999999998
363.96,-0.08399999999999999
364.0,-0.088
364.04,-0.07999999999999999
364.08,-0.07999999999999999
364.12,-0.08399999999999999
364.16,-0.08399999999999999
364.2,-0.07999999999999999
364.24,-0.088
364.28000000000003,-0.088
364.32,-0.08399999999999999
364.36,-0.088
364.40000000000003,-0.096
364.44,-0.08399999999999999
364.48,-0.07599999999999998
364.52,-0.08399999999999999
364.56,-0.07999999999999999
364.6,-0.07999999999999999
364.64,-0.08399999999999999
364.68,-0.088
364.72,-0.08399999999999999
364.76,-0.08399999999999999
364.8,-0.08399999999999999
364.84000000000003,-0.08399999999999999
364.88,-0.07999999999999999
364.92,-0.08399999999999999
364.96,-0.088
365.0,-0.088
365.04,-0.088
365.08,-0.092
365.12,-0.088
365.16,-0.08399999999999999
365.2,-0.08399999999999999
365.24,-0.08399999999999999
365.28000000000003,-0.07999999999999999
365.32,-0.08399999999999999
365.36,-0.088
365.40000000000003,-0.08399999999999999
365.44,-0.07999999999999999
365.48,-0.088
365.52,-0.08399999999999999
365.56,-0.07999999999999999
365.6,-0.088
365.64,-0.096
365.68,-0.088
365.72,-0.088
365.76,-0.088
365.8,-0.088
365.84000000000003,-0.07999999999999999
365.88,-0.07999999999999999
365.92,-0.08399999999999999
365.96,-0.07999999999999999
366.0,-0.08399999999999999
366.04,-0.088
366.08,-0.08399999999999999
366.12,-0.07999999999999999
366.16,-0.08399999999999999
366.2,-0.08399999999999999
366.24,-0.07999999999999999
366.28000000000003,-0.088
366.32,-0.088
366.36,-0.092
366.40000000000003,-0.088
366.44,-0.088
366.48,-0.088
366.52,-0.08399999999999999
366.56,-0.08399999999999999
366.6,-0.088
366.64,-0.088
366.68,-0.088
366.72,-0.088
366.76,-0.08399999999999999
366.8,-0.08399999999999999
366.84000000000003,-0.088
366.88,-0.088
366.92,-0.08399999999999999
366.96,-0.088
367.0,-0.096
367.04,-0.092
367.08,-0.088
367.12,-0.08399999999999999
367.16,-0.08399999999999999
367.2,-0.08399999999999999
367.24,-0.088
367.28000000000003,-0.092
367.32,-0.088
367.36,-0.08399999999999999
367.40000000000003,-0.08399999999999999
367.44,-0.07999999999999999
367.48,-0.07599999999999998
367.52,-0.07999999999999999
367.56,-0.088
367.6,-0.088
367.64,-0.088
367.68,-0.088
367.72,-0.088
367.76,-0.088
367.8,-0.08399999999999999
367.84000000000003,-0.08399999999999999
367.88,-0.088
367.92,-0.088
367.96,-0.088
368.0,-0.088
368.04,-0.08399999999999999
368.08,-0.08399999999999999
368.12,-0.08399999999999999
368.16,-0.07999999999999999
368.2,-0.07999999999999999
368.24,-0.092
368.28000000000003,-0.088
368.32,-0.08399999999999999
368.36,-0.088
368.40000000000003,-0.088
368.44,-0.08399999999999999
368.48,-0.088
368.52,-0.088
368.56,-0.088
368.6,-0.08399999999999999
368.64,-0.088
368.68,-0.092
368.72,-0.07999999999999999
368.76,-0.07999999999999999
368.8,-0.08399999999999999
368.84000000000003,-0.08399999999999999
368.88,-0.07999999999999999
368.92,-0.088
368.96,-0.088
369.0,-0.088
369.04,-0.088
369.08,-0.088
369.12,-0.08399999999999999
369.16,-0.08399999999999999
369.2,-0.088
369.24,-0.088
369.28000000000003,-0.088
369.32,-0.088
369.36,-0.088
369.40000000000003,-0.07999999999999999
369.44,-0.07999999999999999
369.48,-0.088
369.52,-0.088
369.56,-0.08399999999999999
369.6,-0.088
369.64,-0.088
369.68,-0.088
369.72,-0.088
369.76,-0.088
369.8,-0.08399999999999999
369.84000000000003,-0.08399999999999999
369.88,-0.096
369.92,-0.092
369.96,-0.088
370.0,-0.088
370.04,-0.088
370.08,-0.07999999999999999
370.12,-0.07999999999999999
370.16,-0.07999999999999999
370.2,-0.08399999999999999
370.24,-0.08399999999999999
370.28000000000003,-0.088
370.32,-0.088
370.36,-0.088
370.40000000000003,-0.08399999999999999
370.44,-0.088
370.48,-0.088
370.52,-0.088
370.56,-0.088
370.6,-0.088
370.64,-0.088
370.68,-0.088
370.72,-0.088
370.76,-0.07999999999999999
370.8,-0.07999999999999999
370.84000000000003,-0.08399999999999999
370.88,-0.088
370.92,-0.088
370.96,-0.088
371.0,-0.088
371.04,-0.07999999999999999
371.08,-0.08399999999999999
371.12,-0.092
371.16,-0.088
371.2,-0.088
371.24,-0.092
371.28000000000003,-0.096
371.32,-0.088
371.36,-0.07999999999999999
371.40000000000003,-0.08399999999999999
371.44,-0.08399999999999999
371.48,-0.08399999999999999
371.52,-0.08399999999999999
371.56,-0.088
371.6,-0.088
371.64,-0.08399999999999999
371.68,-0.088
371.72,-0.08399999999999999
371.76,-0.08399999999999999
371.8,-0.08399999999999999
371.84000000000003,-0.088
371.88,-0.088
371.92,-0.088
371.96,-0.088
372.0,-0.08399999999999999
372.04,-0.07999999999999999
372.08,-0.08399999999999999
372.12,-0.08399999999999999
372.16,-0.088
372.2,-0.088
372.24,-0.08399999999999999
372.28000000000003,-0.08399999999999999
372.32,-0.07999999999999999
372.36,-0.088
372.40000000000003,-0.08399999999999999
372.44,-0.07999999999999999
372.48,-0.092
372.52,-0.096
372.56,-0.092
372.6,-0.08399999999999999
372.64,-0.088
372.68,-0.088
372.72,-0.08399999999999999
372.76,-0.088
372.8,-0.088
372.84000000000003,-0.088
372.88,-0.088
372.92,-0.088
372.96,-0.088
373.0,-0.07999999999999999
373.04,-0.088
373.08,-0.088
373.12,-0.08399999999999999
373.16,-0.088
373.2,-0.092
373.24,-0.088
373.28000000000003,-0.08399999999999999
373.32,-0.088
373.36,-0.088
373.40000000000003,-0.088
373.44,-0.088
373.48,-0.088
373.52,-0.08399999999999999
373.56,-0.088
373.6,-0.088
373.64,-0.07999999999999999
373.68,-0.07999999999999999
373.72,-0.088
373.76,-0.088
373.8,-0.088
373.84000000000003,-0.088
373.88,-0.096
373.92,-0.088
373.96,-0.088
374.0,-0.088
374.04,-0.088
374.08,-0.08399999999999999
374.12,-0.088
374.16,-0.092
374.2,-0.08399999999999999
374.24,-0.07999999999999999
374.28000000000003,-0.08399999999999999
374.32,-0.088
374.36,-0.07999999999999999
374.40000000000003,-0.07999999999999999
374.44,-0.088
374.48,-0.088
374.52,-0.088
374.56,-0.088
374.6,-0.088
374.64,-0.088
374.68,-0.08399999999999999
374.72,-0.08399999999999999
374.76,-0.088
374.8,-0.088
374.84000000000003,-0.088
374.88,-0.08399999999999999
374.92,-0.07999999999999999
374.96,-0.07999999999999999
375.0,-0.08399999999999999
375.04,-0.08399999999999999
375.08,-0.088
375.12,-0.092
375.16,-0.092
375.2,-0.088
375.24,-0.088
375.28000000000003,-0.088
375.32,-0.088
375.36,-0.088
375.40000000000003,-0.088
375.44,-0.08399999999999999
375.48,-0.07999999999999999
375.52,-0.088
375.56,-0.088
375.6,-0.07999999999999999
375.64,-0.07599999999999998
375.68,-0.08399999999999999
375.72,-0.088
375.76,-0.08399999999999999
375.8,-0.088
375.84000000000003,-0.092
375.88,-0.07999999999999999
375.92,-0.07999999999999999
375.96,-0.088
376.0,-0.088
376.04,-0.088
376.08,-0.088
376.12,-0.088
376.16,-0.08399999999999999
376.2,-0.07999999999999999
376.24,-0.07999999999999999
376.28000000000003,-0.07599999999999998
376.32,-0.07999999999999999
376.36,-0.088
376.40000000000003,-0.088
376.44,-0.088
376.48,-0.088
376.52,-0.088
376.56,-0.08399999999999999
376.6,-0.088
376.64,-0.092
376.68,-0.088
376.72,-0.088
376.76,-0.096
376.8,-0.096
376.84000000000003,-0.07999999999999999
376.88,-0.08399999999999999
376.92,-0.088
376.96,-0.08399999999999999
377.0,-0.08399999999999999
377.04,-0.088
377.08,-0.088
377.12,-0.08399999999999999
377.16,-0.08399999999999999
377.2,-0.088
377.24,-0.088
377.28000000000003,-0.088
377.32,-0.088
377.36,-0.088
377.40000000000003,-0.088
377.44,-0.092
377.48,-0.088
377.52,-0.07999999999999999
377.56,-0.07999999999999999
377.6,-0.08399999999999999
377.64,-0.07999999999999999
377.68,-0.08399999999999999
377.72,-0.088
377.76,-0.088
377.8,-0.08399999999999999
377.84000000000003,-0.088
377.88,-0.088
377.92,-0.07999999999999999
377.96,-0.08399999999999999
378.0,-0.096
378.04,-0.088
378.08,-0.07999999999999999
378.12,-0.088
378.16,-0.088
378.2,-0.08399999999999999
378.24,-0.08399999999999999
378.28000000000003,-0.088
378.32,-0.08399999999999999
378.36,-0.08399999999999999
378.40000000000003,-0.08399999999999999
378.44,-0.088
378.48,-0.08399999999999999
378.52,-0.08399999999999999
378.56,-0.088
378.6,-0.088
378.64,-0.092
378.68,-0.096
378.72,-0.096
378.76,-0.088
378.8,-0.088
378.84000000000003,-0.08399999999999999
378.88,-0.08399999999999999
378.92,-0.08399999999999999
378.96,-0.07999999999999999
379.0,-0.08399999999999999
379.04,-0.07999999999999999
379.08,-0.088
379.12,-0.08399999999999999
379.16,-0.07999999999999999
379.2,-0.08399999999999999
379.24,-0.088
379.28000000000003,-0.088
379.32,-0.088
379.36,-0.088
379.40000000000003,-0.092
379.44,-0.088
379.48,-0.07999999999999999
379.52,-0.088
379.56,-0.08399999999999999
379.6,-0.08399999999999999
379.64,-0.088
379.68,-0.088
379.72,-0.07999999999999999
379.76,-0.07999999999999999
379.8,-0.08399999999999999
379.84000000000003,-0.07999999999999999
379.88,-0.08399999999999999
379.92,-0.092
379.96,-0.092
380.0,-0.088
380.04,-0.08399999999999999
380.08,-0.088
380.12,-0.08399999999999999
380.16,-0.07999999999999999
380.2,-0.08399999999999999
380.24,-0.07999999999999999
380.28000000000003,-0.08399999999999999
380.32,-0.088
380.36,-0.088
380.40000000000003,-0.07599999999999998
380.44,-0.08399999999999999
380.48,-0.088
380.52,-0.08399999999999999
380.56,-0.07999999999999999
380.6,-0.088
380.64,-0.096
380.68,-0.088
380.72,-0.088
380.76,-0.088
380.8,-0.08399999999999999
380.84000000000003,-0.08399999999999999
380.88,-0.092
380.92,-0.088
380.96,-0.07999999999999999
381.0,-0.08399999999999999
381.04,-0.088
381.08,-0.07999999999999999
381.12,-0.07999999999999999
381.16,-0.088
381.2,-0.088
381.24,-0.08399999999999999
381.28000000000003,-0.092
381.32,-0.092
381.36,-0.08399999999999999
381.40000000000003,-0.08399999999999999
381.44,-0.08399999999999999
381.48,-0.08399999999999999
381.52,-0.08399999999999999
381.56,-0.092
381.6,-0.08399999999999999
381.64,-0.07999999999999999
381.68,-0.08399999999999999
381.72,-0.08399999999999999
381.76,-0.07200000000000001
381.8,-0.07999999999999999
381.84000000000003,-0.088
381.88,-0.088
381.92,-0.07999999999999999
381.96,-0.088
382.0,-0.088
382.04,-0.08399999999999999
382.08,-0.088
382.12,-0.092
382.16,-0.08399999999999999
382.2,-0.088
382.24,-0.088
382.28000000000003,-0.088
382.32,-0.08399999999999999
382.36,-0.07999999999999999
382.40000000000003,-0.08399999999999999
382.44,-0.08399999999999999
382.48,-0.08399999999999999
382.52,-0.088
382.56,-0.088
382.6,-0.088
382.64,-0.088
382.68,-0.088
382.72,-0.088
382.76,-0.088
382.8,-0.092
382.84000000000003,-0.088
382.88,-0.088
382.92,-0.088
382.96000000000004,-0.088
383.0,-0.07999999999999999
383.04,-0.08399999999999999
383.08,-0.08399999999999999
383.12,-0.08399999999999999
383.16,-0.07999999999999999
383.2,-0.08399999999999999
383.24,-0.08399999999999999
383.28000000000003,-0.08399999999999999
383.32,-0.08399999999999999
383.36,-0.088
383.40000000000003,-0.08399999999999999
383.44,-0.088
383.48,-0.092
383.52,-0.092
383.56,-0.08399999999999999
383.6,-0.08399999999999999
383.64,-0.07999999999999999
383.68,-0.07999999999999999
383.72,-0.07999999999999999
383.76,-0.08399999999999999
383.8,-0.088
383.84000000000003,-0.08399999999999999
383.88,-0.08399999999999999
383.92,-0.08399999999999999
383.96000000000004,-0.07999999999999999
384.0,-0.088
384.04,-0.088
384.08,-0.088
384.12,-0.088
384.16,-0.088
384.2,-0.088
384.24,-0.08399999999999999
384.28000000000003,-0.08399999999999999
384.32,-0.08399999999999999
384.36,-0.08399999999999999
384.40000000000003,-0.08399999999999999
384.44,-0.08399999999999999
384.48,-0.08399999999999999
384.52,-0.07999999999999999
384.56,-0.08399999999999999
384.6,-0.08399999999999999
384.64,-0.07599999999999998
384.68,-0.088
384.72,-0.092
384.76,-0.088
384.8,-0.088
384.84000000000003,-0.088
384.88,-0.088
384.92,-0.08399999999999999
384.96000000000004,-0.07999999999999999
385.0,-0.08399999999999999
385.04,-0.08399999999999999
385.08,-0.08399999999999999
385.12,-0.088
385.16,-0.08399999999999999
385.2,-0.08399999999999999
385.24,-0.088
385.28000000000003,-0.088
385.32,-0.07999999999999999
385.36,-0.088
385.40000000000003,-0.096
385.44,-0.088
385.48,-0.088
385.52,-0.088
385.56,-0.088
385.6,-0.07999999999999999
385.64,-0.08399999999999999
385.68,-0.088
385.72,-0.07999999999999999
385.76,-0.08399999999999999
385.8,-0.088
385.84000000000003,-0.07999999999999999
385.88,-0.07200000000000001
385.92,-0.07999999999999999
385.96000000000004,-0.088
386.0,-0.08399999999999999
386.04,-0.08399999999999999
386.08,-0.088
386.12,-0.088
386.16,-0.08399999999999999
386.2,-0.08399999999999999
386.24,-0.088
386.28000000000003,-0.07999999999999999
386.32,-0.07999999999999999
386.36,-0.08399999999999999
386.40000000000003,-0.08399999999999999
386.44,-0.07999999999999999
386.48,-0.08399999999999999
386.52,-0.07999999999999999
386.56,-0.07999999999999999
386.6,-0.08399999999999999
386.64,-0.092
386.68,-0.08399999999999999
386.72,-0.088
386.76,-0.088
386.8,-0.088
386.84000000000003,-0.07999999999999999
386.88,-0.088
386.92,-0.088
386.96000000000004,-0.08399999999999999
387.0,-0.088
387.04,-0.088
387.08,-0.07999999999999999
387.12,-0.07599999999999998
387.16,-0.08399999999999999
387.2,-0.08399999999999999
387.24,-0.07999999999999999
387.28000000000003,-0.07999999999999999
387.32,-0.088
387.36,-0.088
387.40000000000003,-0.08399999999999999
387.44,-0.08399999999999999
387.48,-0.08399999999999999
387.52,-0.07999999999999999
387.56,-0.088
387.6,-0.088
387.64,-0.08399999999999999
387.68,-0.07999999999999999
387.72,-0.07999999999999999
387.76,-0.07999999999999999
387.8,-0.07200000000000001
387.84000000000003,-0.07999999999999999
387.88,-0.088
387.92,-0.07999999999999999
387.96000000000004,-0.08399999999999999
388.0,-0.088
388.04,-0.07999999999999999
388.08,-0.07999999999999999
388.12,-0.08399999999999999
388.16,-0.088
388.2,-0.08399999999999999
388.24,-0.088
388.28000000000003,-0.088
388.32,-0.07999999999999999
388.36,-0.07999999999999999
388.40000000000003,-0.07999999999999999
388.44,-0.07999999999999999
388.48,-0.07200000000000001
388.52,-0.07999999999999999
388.56,-0.088
388.6,-0.08399999999999999
388.64,-0.08399999999999999
388.68,-0.08399999999999999
388.72,-0.08399999999999999
388.76,-0.07999999999999999
388.8,-0.088
388.84000000000003,-0.088
388.88,-0.088
388.92,-0.088
388.96000000000004,-0.08399999999999999
389.0,-0.07599999999999998
389.04,-0.07599999999999998
389.08,-0.08399999999999999
389.12,-0.07999999999999999
389.16,-0.07599999999999998
389.2,-0.07999999999999999
389.24,-0.07999999999999999
389.28000000000003,-0.07999999999999999
389.32,-0.08399999999999999
389.36,-0.088
389.40000000000003,-0.07999999999999999
389.44,-0.08399999999999999
389.48,-0.088
389.52,-0.088
389.56,-0.07999999999999999
389.6,-0.088
389.64,-0.088
389.68,-0.07999999999999999
389.72,-0.07599999999999998
389.76,-0.07999999999999999
389.8,-0.08399999999999999
389.84000000000003,-0.08399999999999999
389.88,-0.07999999999999999
389.92,-0.07999999999999999
389.96000000000004,-0.07999999999999999
390.0,-0.07999999999999999
390.04,-0.088
390.08,-0.07999999999999999
390.12,-0.08399999999999999
390.16,-0.088
390.2,-0.088
390.24,-0.07999999999999999
390.28000000000003,-0.07999999999999999
390.32,-0.08399999999999999
390.36,-0.07599999999999998
390.40000000000003,-0.07599999999999998
390.44,-0.07999999999999999
390.48,-0.07999999999999999
390.52,-0.07999999999999999
390.56,-0.07999999999999999
390.6,-0.07999999999999999
390.64,-0.07200000000000001
390.68,-0.08399999999999999
390.72,-0.088
390.76,-0.08399999999999999
390.8,-0.07999999999999999
390.84000000000003,-0.088
390.88,-0.088
390.92,-0.07999999999999999
390.96000000000004,-0.07999999999999999
391.0,-0.088
391.04,-0.07999999999999999
391.08,-0.08399999999999999
391.12,-0.08399999999999999
391.16,-0.07999999999999999
391.2,-0.07599999999999998
391.24,-0.07999999999999999
391.28000000000003,-0.07999999999999999
391.32,-0.07999999999999999
391.36,-0.08399999999999999
391.40000000000003,-0.088
391.44,-0.08399999999999999
391.48,-0.08399999999999999
391.52,-0.088
391.56,-0.08399999999999999
391.6,-0.07999999999999999
391.64,-0.07599999999999998
391.68,-0.08399999999999999
391.72,-0.07599999999999998
391.76,-0.07999999999999999
391.8,-0.07999999999999999
391.84000000000003,-0.07999999999999999
391.88,-0.07599999999999998
391.92,-0.07999999999999999
391.96000000000004,-0.07999999999999999
392.0,-0.07999999999999999
392.04,-0.08399999999999999
392.08,-0.088
392.12,-0.088
392.16,-0.07999999999999999
392.2,-0.07999999999999999
392.24,-0.08399999999999999
392.28000000000003,-0.08399999999999999
392.32,-0.07999999999999999
392.36,-0.07999999999999999
392.40000000000003,-0.07999999999999999
392.44,-0.07999999999999999
392.48,-0.08399999999999999
392.52,-0.07999999999999999
392.56,-0.07599999999999998
392.6,-0.07999999999999999
392.64,-0.08399999999999999
392.68,-0.08399999999999999
392.72,-0.088
392.76,-0.088
392.8,-0.088
392.84000000000003,-0.07999999999999999
392.88,-0.07999999999999999
392.92,-0.08399999999999999
392.96000000000004,-0.07999999999999999
393.0,-0.07999999999999999
393.04,-0.07999999999999999
393.08,-0.07999999999999999
393.12,-0.07200000000000001
393.16,-0.07599999999999998
393.2,-0.07999999999999999
393.24,-0.07599999999999998
393.28000000000003,-0.07999999999999999
393.32,-0.088
393.36,-0.08399999999999999
393.40000000000003,-0.07599999999999998
393.44,-0.07999999999999999
393.48,-0.08399999999999999
393.52,-0.08399999999999999
393.56,-0.08399999999999999
393.6,-0.08399999999999999
393.64,-0.08399999999999999
393.68,-0.08399999999999999
393.72,-0.08399999999999999
393.76,-0.08399999999999999
393.8,-0.07200000000000001
393.84000000000003,-0.07200000000000001
393.88,-0.08399999999999999
393.92,-0.07999999999999999
393.96000000000004,-0.07999999999999999
394.0,-0.088
394.04,-0.08399999999999999
394.08,-0.07999999999999999
394.12,-0.07999999999999999
394.16,-0.08399999999999999
394.2,-0.07999999999999999
394.24,-0.08399999999999999
394.28000000000003,-0.088
394.32,-0.07999999999999999
394.36,-0.07599999999999998
394.40000000000003,-0.07599999999999998
394.44,-0.07999999999999999
394.48,-0.07200000000000001
394.52,-0.07999999999999999
394.56,-0.08399999999999999
394.6,-0.07999999999999999
394.64,-0.07599999999999998
394.68,-0.07999999999999999
394.72,-0.08399999999999999
394.76,-0.07599999999999998
394.8,-0.07999999999999999
394.84000000000003,-0.08399999999999999
394.88,-0.08399999999999999
394.92,-0.08399999999999999
394.96000000000004,-0.088
395.0,-0.08399999999999999
395.04,-0.07200000000000001
395.08,-0.07599999999999998
395.12,-0.07999999999999999
395.16,-0.07999999999999999
395.2,-0.07999999999999999
395.24,-0.08399999999999999
395.28000000000003,-0.07999999999999999
395.32,-0.07999999999999999
395.36,-0.08399999999999999
395.40000000000003,-0.07999999999999999
395.44,-0.07999999999999999
395.48,-0.088
395.52,-0.088
395.56,-0.07999999999999999
395.6,-0.07999999999999999
395.64,-0.08399999999999999
395.68,-0.07599999999999998
395.72,-0.07200000000000001
395.76,-0.07999999999999999
395.8,-0.07999999999999999
395.84000000000003,-0.07599999999999998
395.88,-0.07599999999999998
395.92,-0.07999999999999999
395.96000000000004,-0.07999999999999999
396.0,-0.07200000000000001
396.04,-0.07200000000000001
396.08,-0.07599999999999998
396.12,-0.07999999999999999
396.16,-0.07999999999999999
396.2,-0.088
396.24,-0.07999999999999999
396.28000000000003,-0.07999999999999999
396.32,-0.07999999999999999
396.36,-0.07999999999999999
396.40000000000003,-0.07999999999999999
396.44,-0.07999999999999999
396.48,-0.07999999999999999
396.52,-0.07599999999999998
396.56,-0.07599999999999998
396.6,-0.07999999999999999
396.64,-0.07599999999999998
396.68,-0.07999999999999999
396.72,-0.08399999999999999
396.76,-0.08399999999999999
396.8,-0.08399999999999999
396.84000000000003,-0.08399999999999999
396.88,-0.08399999999999999
396.92,-0.07999999999999999
396.96000000000004,-0.07599999999999998
397.0,-0.08399999999999999
397.04,-0.07999999999999999
397.08,-0.07200000000000001
397.12,-0.07599999999999998
397.16,-0.08399999999999999
397.2,-0.07599999999999998
397.24,-0.07200000000000001
397.28000000000003,-0.07599999999999998
397.32,-0.07599999999999998
397.36,-0.07599999999999998
397.40000000000003,-0.08399999999999999
397.44,-0.08399999999999999
397.48,-0.07999999999999999
397.52,-0.07200000000000001
397.56,-0.08399999999999999
397.6,-0.08399999999999999
397.64,-0.07599999999999998
397.68,-0.07999999999999999
397.72,-0.07999999999999999
397.76,-0.07599999999999998
397.8,-0.07599999999999998
397.84000000000003,-0.07999999999999999
397.88,-0.07200000000000001
397.92,-0.07200000000000001
397.96000000000004,-0.07999999999999999
398.0,-0.07999999999999999
398.04,-0.07999999999999999
398.08,-0.08399999999999999
398.12,-0.088
398.16,-0.07999999999999999
398.2,-0.07999999999999999
398.24,-0.08399999999999999
398.28000000000003,-0.07999999999999999
398.32,-0.07200000000000001
398.36,-0.07999999999999999
398.40000000000003,-0.07999999999999999
398.44,-0.07200000000000001
398.48,-0.07200000000000001
398.52,-0.07999999999999999
398.56,-0.07200000000000001
398.6,-0.07200000000000001
398.64,-0.07999999999999999
398.68,-0.07999999999999999
398.72,-0.07200000000000001
398.76,-0.07999999999999999
398.8,-0.08399999999999999
398.84000000000003,-0.07999999999999999
398.88,-0.07599999999999998
398.92,-0.07999999999999999
398.96000000000004,-0.08399999999999999
399.0,-0.07599999999999998
399.04,-0.07999999999999999
399.08,-0.07999999999999999
399.12,-0.07200000000000001
399.16,-0.07200000000000001
399.2,-0.07999999999999999
399.24,-0.07200000000000001
399.28000000000003,-0.07200000000000001
399.32,-0.07999999999999999
399.36,-0.08399999999999999
399.40000000000003,-0.07599999999999998
399.44,-0.07999999999999999
399.48,-0.08399999999999999
399.52,-0.07599999999999998
399.56,-0.07599999999999998
399.6,-0.08399999999999999
399.64,-0.07999999999999999
399.68,-0.07599999999999998
399.72,-0.07599999999999998
399.76,-0.07999999999999999
399.8,-0.07200000000000001
399.84000000000003,-0.07200000000000001
399.88,-0.07999999999999999
399.92,-0.07599999999999998
399.96000000000004,-0.07200000000000001
400.0,-0.07599999999999998
400.04,-0.07999999999999999
400.08,-0.07599999999999998
400.12,-0.07200000000000001
400.16,-0.07599999999999998
400.2,-0.07999999999999999
400.24,-0.07999999999999999
400.28000000000003,-0.08399999999999999
400.32,-0.08399999999999999
400.36,-0.07999999999999999
400.40000000000003,-0.07599999999999998
400.44,-0.07599999999999998
400.48,-0.07200000000000001
400.52,-0.07200000000000001
400.56,-0.07999999999999999
400.6,-0.07599999999999998
400.64,-0.07200000000000001
400.68,-0.07999999999999999
400.72,-0.07599999999999998
400.76,-0.07599999999999998
400.8,-0.07599999999999998
400.84000000000003,-0.07999999999999999
400.88,-0.07999999999999999
400.92,-0.07999999999999999
400.96000000000004,-0.07999999999999999
401.0,-0.07599999999999998
401.04,-0.07200000000000001
401.08,-0.07200000000000001
401.12,-0.07599999999999998
401.16,-0.07200000000000001
401.2,-0.07200000000000001
401.24,-0.07999999999999999
401.28000000000003,-0.07999999999999999
401.32,-0.07200000000000001
401.36,-0.07200000000000001
401.40000000000003,-0.07200000000000001
401.44,-0.07200000000000001
401.48,-0.07999999999999999
401.52,-0.07999999999999999
401.56,-0.08399999999999999
401.6,-0.07999999999999999
401.64,-0.07999999999999999
401.68,-0.07599999999999998
401.72,-0.07200000000000001
401.76,-0.07200000000000001
401.8,-0.07599999999999998
401.84000000000003,-0.07200000000000001
401.88,-0.07200000000000001
401.92,-0.07200000000000001
401.96000000000004,-0.07200000000000001
402.0,-0.07200000000000001
402.04,-0.07200000000000001
402.08,-0.07599999999999998
402.12,-0.07599999999999998
402.16,-0.07999999999999999
402.2,-0.08399999999999999
402.24,-0.07999999999999999
402.28000000000003,-0.07599999999999998
402.32,-0.07200000000000001
402.36,-0.07599999999999998
402.40000000000003,-0.07200000000000001
402.44,-0.07200000000000001
402.48,-0.08399999999999999
402.52,-0.07999999999999999
402.56,-0.07200000000000001
402.6,-0.068
402.64,-0.07200000000000001
402.68,-0.07200000000000001
402.72,-0.07200000000000001
402.76,-0.07999999999999999
402.8,-0.07599999999999998
402.84000000000003,-0.07599999999999998
402.88,-0.07999999999999999
402.92,-0.07599999999999998
402.96000000000004,-0.07200000000000001
403.0,-0.07599999999999998
403.04,-0.07599999999999998
403.08,-0.07599999999999998
403.12,-0.07599999999999998
403.16,-0.07999999999999999
403.2,-0.07200000000000001
403.24,-0.068
403.28000000000003,-0.07200000000000001
403.32,-0.07200000000000001
403.36,-0.07200000000000001
403.40000000000003,-0.07599999999999998
403.44,-0.07999999999999999
403.48,-0.07999999999999999
403.52,-0.07599999999999998
403.56,-0.07999999999999999
403.6,-0.07599999999999998
403.64,-0.07200000000000001
403.68,-0.07999999999999999
403.72,-0.08399999999999999
403.76,-0.07599999999999998
403.8,-0.068
403.84000000000003,-0.07200000000000001
403.88,-0.07200000000000001
403.92,-0.07200000000000001
403.96000000000004,-0.07200000000000001
404.0,-0.07599999999999998
404.04,-0.07200000000000001
404.08,-0.07599999999999998
404.12,-0.07999999999999999
404.16,-0.07200000000000001
404.2,-0.07200000000000001
404.24,-0.07599999999999998
404.28000000000003,-0.07999999999999999
404.32,-0.07599999999999998
404.36,-0.07999999999999999
404.40000000000003,-0.07999999999999999
404.44,-0.07200000000000001
404.48,-0.068
404.52,-0.07200000000000001
404.56,-0.07200000000000001
404.6,-0.068
404.64,-0.07200000000000001
404.68,-0.07999999999999999
404.72,-0.07200000000000001
404.76,-0.07200000000000001
404.8,-0.07999999999999999
404.84000000000003,-0.07200000000000001
404.88,-0.07200000000000001
404.92,-0.08399999999999999
404.96000000000004,-0.08399999999999999
405.0,-0.07200000000000001
405.04,-0.07200000000000001
405.08,-0.07599999999999998
405.12,-0.07599999999999998
405.16,-0.07200000000000001
405.2,-0.07200000000000001
405.24,-0.07200000000000001
405.28000000000003,-0.07200000000000001
405.32,-0.07599999999999998
405.36,-0.07599999999999998
405.40000000000003,-0.07200000000000001
405.44,-0.07200000000000001
405.48,-0.07200000000000001
405.52,-0.07599999999999998
405.56,-0.07200000000000001
405.6,-0.07999999999999999
405.64,-0.07999999999999999
405.68,-0.07200000000000001
405.72,-0.07200000000000001
405.76,-0.07599999999999998
405.8,-0.07200000000000001
405.84000000000003,-0.068
405.88,-0.07200000000000001
405.92,-0.07200000000000001
405.96000000000004,-0.068
406.0,-0.07200000000000001
406.04,-0.07200000000000001
406.08,-0.07200000000000001
406.12,-0.07200000000000001
406.16,-0.07599999999999998
406.2,-0.07999999999999999
406.24,-0.07200000000000001
406.28000000000003,-0.07599999999999998
406.32,-0.07999999999999999
406.36,-0.07999999999999999
406.40000000000003,-0.07200000000000001
406.44,-0.07200000000000001
406.48,-0.068
406.52,-0.07200000000000001
406.56,-0.07599999999999998
406.6,-0.07599999999999998
406.64,-0.07200000000000001
406.68,-0.07200000000000001
406.72,-0.07200000000000001
406.76,-0.07200000000000001
406.8,-0.07200000000000001
406.84000000000003,-0.07599999999999998
406.88,-0.07999999999999999
406.92,-0.07599999999999998
406.96000000000004,-0.07599999999999998
407.0,-0.07999999999999999
407.04,-0.07200000000000001
407.08,-0.068
407.12,-0.07200000000000001
407.16,-0.07200000000000001
407.2,-0.068
407.24,-0.07200000000000001
407.28000000000003,-0.07599999999999998
407.32,-0.068
407.36,-0.068
407.40000000000003,-0.07200000000000001
407.44,-0.07200000000000001
407.48,-0.068
407.52,-0.07599999999999998
407.56,-0.07999999999999999
407.6,-0.07999999999999999
407.64,-0.07200000000000001
407.68,-0.07200000000000001
407.72,-0.07200000000000001
407.76,-0.068
407.8,-0.07999999999999999
407.84000000000003,-0.07599999999999998
407.88,-0.068
407.92,-0.07200000000000001
407.96000000000004,-0.07200000000000001
408.0,-0.068
408.04,-0.068
408.08,-0.07200000000000001
408.12,-0.07200000000000001
408.16,-0.07200000000000001
408.2,-0.07999999999999999
408.24,-0.07999999999999999
408.28000000000003,-0.07200000000000001
408.32,-0.07200000000000001
408.36,-0.07599999999999998
408.40000000000003,-0.07200000000000001
408.44,-0.07200000000000001
408.48,-0.07999999999999999
408.52,-0.07599999999999998
408.56,-0.068
408.6,-0.068
408.64,-0.07200000000000001
408.68,-0.068
408.72,-0.068
408.76,-0.07200000000000001
408.8,-0.07999999999999999
408.84000000000003,-0.07200000000000001
408.88,-0.07599999999999998
408.92,-0.07200000000000001
408.96000000000004,-0.07200000000000001
409.0,-0.07200000000000001
409.04,-0.07999999999999999
409.08,-0.07200000000000001
409.12,-0.07200000000000001
409.16,-0.07200000000000001
409.2,-0.07200000000000001
409.24,-0.068
409.28000000000003,-0.068
409.32,-0.07200000000000001
409.36,-0.068
409.40000000000003,-0.07200000000000001
409.44,-0.07999999999999999
409.48,-0.07200000000000001
409.52,-0.068
409.56,-0.07200000000000001
409.6,-0.07200000000000001
409.64,-0.068
409.68,-0.07200000000000001
409.72,-0.07999999999999999
409.76,-0.07200000000000001
409.8,-0.068
409.84000000000003,-0.07200000000000001
409.88,-0.068
409.92,-0.064
409.96000000000004,-0.068
410.0,-0.07200000000000001
410.04,-0.07200000000000001
410.08,-0.07200000000000001
410.12,-0.07200000000000001
410.16,-0.07200000000000001
410.2,-0.068
410.24,-0.07200000000000001
410.28000000000003,-0.07200000000000001
410.32,-0.07200000000000001
410.36,-0.07599999999999998
410.40000000000003,-0.07200000000000001
410.44,-0.07200000000000001
410.48,-0.07200000000000001
410.52,-0.068
410.56,-0.068
410.6,-0.068
410.64,-0.07200000000000001
410.68,-0.07599999999999998
410.72,-0.068
410.76,-0.068
410.8,-0.07200000000000001
410.84000000000003,-0.068
410.88,-0.068
410.92,-0.07200000000000001
410.96000000000004,-0.07599999999999998
411.0,-0.07200000000000001
411.04,-0.07599999999999998
411.08,-0.07599999999999998
411.12,-0.068
411.16,-0.068
411.2,-0.068
411.24,-0.068
411.28000000000003,-0.068
411.32,-0.068
411.36,-0.068
411.40000000000003,-0.068
411.44,-0.068
411.48,-0.07200000000000001
411.52,-0.07200000000000001
411.56,-0.07200000000000001
411.6,-0.07200000000000001
411.64,-0.07599999999999998
411.68,-0.07200000000000001
411.72,-0.07200000000000001
411.76,-0.068
411.8,-0.068
411.84000000000003,-0.068
411.88,-0.07200000000000001
411.92,-0.07200000000000001
411.96000000000004,-0.068
412.0,-0.068
412.04,-0.07200000000000001
412.08,-0.068
412.12,-0.068
412.16,-0.07200000000000001
412.2,-0.07200000000000001
412.24,-0.068
412.28000000000003,-0.07200000000000001
412.32,-0.07599999999999998
412.36,-0.07200000000000001
412.40000000000003,-0.07200000000000001
412.44,-0.07200000000000001
412.48,-0.07200000000000001
412.52,-0.068
412.56,-0.07200000000000001
412.6,-0.07200000000000001
412.64,-0.068
412.68,-0.068
412.72,-0.068
412.76,-0.068
412.8,-0.068
412.84000000000003,-0.07200000000000001
412.88,-0.07200000000000001
412.92,-0.07200000000000001
412.96000000000004,-0.07200000000000001
413.0,-0.07200000000000001
413.04,-0.068
413.08,-0.068
413.12,-0.07200000000000001
413.16,-0.07200000000000001
413.2,-0.068
413.24,-0.07200000000000001
413.28000000000003,-0.07200000000000001
413.32,-0.068
413.36,-0.068
413.40000000000003,-0.07200000000000001
413.44,-0.068
413.48,-0.068
413.52,-0.07200000000000001
413.56,-0.07599999999999998
413.6,-0.068
413.64,-0.068
413.68,-0.07200000000000001
413.72,-0.07200000000000001
413.76,-0.068
413.8,-0.07599999999999998
413.84000000000003,-0.07200000000000001
413.88,-0.068
413.92,-0.068
413.96000000000004,-0.068
414.0,-0.064
414.04,-0.068
414.08,-0.068
414.12,-0.068
414.16,-0.068
414.2,-0.07200000000000001
414.24,-0.07200000000000001
414.28000000000003,-0.068
414.32,-0.07200000000000001
414.36,-0.07200000000000001
414.40000000000003,-0.068
414.44,-0.068
414.48,-0.07200000000000001
414.52,-0.07200000000000001
414.56,-0.068
414.6,-0.068
414.64,-0.068
414.68,-0.064
414.72,-0.068
414.76,-0.07200000000000001
414.8,-0.068
414.84000000000003,-0.068
414.88,-0.068
414.92,-0.07200000000000001
414.96000000000004,-0.068
415.0,-0.068
415.04,-0.07200000000000001
415.08,-0.07200000000000001
415.12,-0.07200000000000001
415.16,-0.07200000000000001
415.2,-0.07200000000000001
415.24,-0.068
415.28000000000003,-0.068
415.32,-0.068
415.36,-0.068
415.40000000000003,-0.068
415.44,-0.068
415.48,-0.068
415.52,-0.068
415.56,-0.07200000000000001
415.6,-0.068
415.64,-0.068
415.68,-0.068
415.72,-0.07200000000000001
415.76,-0.068
415.8,-0.068
415.84000000000003,-0.07200000000000001
415.88,-0.068
415.92,-0.064
415.96000000000004,-0.068
416.0,-0.068
416.04,-0.068
416.08,-0.068
416.12,-0.068
416.16,-0.068
416.2,-0.068
416.24,-0.068
416.28000000000003,-0.068
416.32,-0.068
416.36,-0.07200000000000001
416.40000000000003,-0.07599999999999998
416.44,-0.07200000000000001
416.48,-0.068
416.52,-0.068
416.56,-0.068
416.6,-0.068
416.64,-0.068
416.68,-0.068
416.72,-0.068
416.76,-0.068
416.8,-0.068
416.84000000000003,-0.064
416.88,-0.064
416.92,-0.068
416.96000000000004,-0.07200000000000001
417.0,-0.068
417.04,-0.07200000000000001
417.08,-0.07200000000000001
417.12,-0.068
417.16,-0.064
417.2,-0.068
417.24,-0.068
417.28000000000003,-0.068
417.32,-0.068
417.36,-0.07200000000000001
417.40000000000003,-0.064
417.44,-0.064
417.48,-0.068
417.52,-0.068
417.56,-0.064
417.6,-0.07200000000000001
417.64,-0.07200000000000001
417.68,-0.068
417.72,-0.068
417.76,-0.07200000000000001
417.8,-0.068
417.84000000000003,-0.068
417.88,-0.068
417.92,-0.068
417.96000000000004,-0.068
418.0,-0.068
418.04,-0.068
418.08,-0.06
418.12,-0.06
418.16,-0.068
418.2,-0.068
418.24,-0.068
418.28000000000003,-0.07200000000000001
418.32,-0.07200000000000001
418.36,-0.068
418.40000000000003,-0.068
418.44,-0.07200000000000001
418.48,-0.068
418.52,-0.068
418.56,-0.07200000000000001
418.6,-0.07200000000000001
418.64,-0.068
418.68,-0.068
418.72,-0.068
418.76,-0.06
418.8,-0.06
418.84000000000003,-0.068
418.88,-0.068
418.92,-0.068
418.96000000000004,-0.068
419.0,-0.07200000000000001
419.04,-0.068
419.08,-0.068
419.12,-0.07200000000000001
419.16,-0.068
419.2,-0.07200000000000001
419.24,-0.07200000000000001
419.28000000000003,-0.068
419.32,-0.06
419.36,-0.068
419.40000000000003,-0.068
419.44,-0.068
419.48,-0.068
419.52,-0.07200000000000001
419.56,-0.068
419.6,-0.068
419.64,-0.068
419.68,-0.068
419.72,-0.068
419.76,-0.068
419.8,-0.07200000000000001
419.84000000000003,-0.068
419.88,-0.068
419.92,-0.068
419.96000000000004,-0.068
420.0,-0.06
420.04,-0.068
420.08,-0.068
420.12,-0.068
420.16,-0.068
420.2,-0.068
420.24,-0.068
420.28000000000003,-0.068
420.32,-0.068
420.36,-0.068
420.40000000000003,-0.068
420.44,-0.07200000000000001
420.48,-0.07200000000000001
420.52,-0.068
420.56,-0.068
420.6,-0.068
420.64,-0.068
420.68,-0.064
420.72,-0.068
420.76,-0.068
420.8,-0.068
420.84000000000003,-0.068
420.88,-0.068
420.92,-0.068
420.96000000000004,-0.068
421.0,-0.068
421.04,-0.068
421.08,-0.068
421.12,-0.068
421.16,-0.07200000000000001
421.2,-0.068
421.24,-0.068
421.28000000000003,-0.068
421.32,-0.068
421.36,-0.064
421.40000000000003,-0.068
421.44,-0.068
421.48,-0.064
421.52,-0.064
421.56,-0.064
421.6,-0.06
421.64,-0.068
421.68,-0.068
421.72,-0.068
421.76,-0.068
421.8,-0.068
421.84000000000003,-0.07200000000000001
421.88,-0.068
421.92,-0.068
421.96000000000004,-0.068
422.0,-0.068
422.04,-0.064
422.08,-0.068
422.12,-0.068
422.16,-0.06
422.2,-0.06
422.24,-0.068
422.28000000000003,-0.068
422.32,-0.064
422.36,-0.068
422.40000000000003,-0.068
422.44,-0.068
422.48,-0.068
422.52,-0.068
422.56,-0.068
422.6,-0.06
422.64,-0.068
422.68,-0.068
422.72,-0.068
422.76,-0.068
422.8,-0.068
422.84000000000003,-0.06
422.88,-0.06
422.92,-0.064
422.96000000000004,-0.06
423.0,-0.064
423.04,-0.068
423.08,-0.068
423.12,-0.064
423.16,-0.068
423.2,-0.068
423.24,-0.068
423.28000000000003,-0.068
423.32,-0.068
423.36,-0.068
423.40000000000003,-0.06
423.44,-0.068
423.48,-0.068
423.52,-0.06
423.56,-0.06
423.6,-0.068
423.64,-0.068
423.68,-0.068
423.72,-0.068
423.76,-0.068
423.8,-0.06
423.84000000000003,-0.06
423.88,-0.068
423.92,-0.068
423.96000000000004,-0.068
424.0,-0.068
424.04,-0.068
424.08,-0.06
424.12,-0.064
424.16,-0.064
424.2,-0.055999999999999994
424.24,-0.06
424.28000000000003,-0.068
424.32,-0.068
424.36,-0.06
424.40000000000003,-0.068
424.44,-0.068
424.48,-0.064
424.52,-0.068
424.56,-0.068
424.6,-0.068
424.64,-0.064
424.68,-0.068
424.72,-0.068
424.76,-0.055999999999999994
424.8,-0.06
424.84000000000003,-0.068
424.88,-0.064
424.92,-0.068
424.96000000000004,-0.068
425.0,-0.068
425.04,-0.06
425.08,-0.068
425.12,-0.068
425.16,-0.068
425.2,-0.068
425.24,-0.07200000000000001
425.28000000000003,-0.068
425.32,-0.068
425.36,-0.068
425.40000000000003,-0.06
425.44,-0.06
425.48,-0.064
425.52,-0.068
425.56,-0.06
425.6,-0.064
425.64,-0.068
425.68,-0.064
425.72,-0.06
425.76,-0.068
425.8,-0.068
425.84000000000003,-0.068
425.88,-0.068
425.92,-0.068
425.96000000000004,-0.064
426.0,-0.06
426.04,-0.064
426.08,-0.06
426.12,-0.06
426.16,-0.068
426.2,-0.068
426.24,-0.06
426.28000000000003,-0.06
426.32,-0.064
426.36,-0.064
426.40000000000003,-0.068
426.44,-0.068
426.48,-0.068
426.52,-0.068
426.56,-0.068
426.6,-0.068
426.64,-0.064
426.68,-0.064
426.72,-0.068
426.76,-0.068
426.8,-0.064
426.84000000000003,-0.064
426.88,-0.064
426.92,-0.06
426.96000000000004,-0.06
427.0,-0.064
427.04,-0.06
427.08,-0.064
427.12,-0.068
427.16,-0.068
427.2,-0.068
427.24,-0.064
427.28000000000003,-0.064
427.32,-0.06
427.36,-0.06
427.40000000000003,-0.064
427.44,-0.06
427.48,-0.06
427.52,-0.064
427.56,-0.064
427.6,-0.06
427.64,-0.06
427.68,-0.06
427.72,-0.06
427.76,-0.064
427.8,-0.068
427.84000000000003,-0.068
427.88,-0.064
427.92,-0.068
427.96000000000004,-0.068
428.0,-0.068
428.04,-0.068
428.08,-0.068
428.12,-0.068
428.16,-0.06
428.2,-0.06
428.24,-0.064
428.28000000000003,-0.055999999999999994
428.32,-0.06
428.36,-0.068
428.40000000000003,-0.068
428.44,-0.064
428.48,-0.064
428.52,-0.068
428.56,-0.064
428.6,-0.06
428.64,-0.06
428.68,-0.06
428.72,-0.064
428.76,-0.064
428.8,-0.068
428.84000000000003,-0.06
428.88,-0.06
428.92,-0.06
428.96000000000004,-0.055999999999999994
429.0,-0.06
429.04,-0.068
429.08,-0.064
429.12,-0.064
429.16,-0.068
429.2,-0.068
429.24,-0.064
429.28000000000003,-0.068
429.32,-0.068
429.36,-0.064
429.40000000000003,-0.06
429.44,-0.068
429.48,-0.06
429.52,-0.05199999999999999
429.56,-0.06
429.6,-0.064
429.64,-0.06
429.68,-0.06
429.72,-0.068
429.76,-0.068
429.8,-0.064
429.84000000000003,-0.068
429.88,-0.064
429.92,-0.055999999999999994
429.96000000000004,-0.064
430.0,-0.068
430.04,-0.064
430.08,-0.06
430.12,-0.06
430.16,-0.055999999999999994
430.2,-0.055999999999999994
430.24,-0.06
430.28000000000003,-0.06
430.32,-0.055999999999999994
430.36,-0.06
430.40000000000003,-0.068
430.44,-0.06
430.48,-0.06
430.52,-0.064
430.56,-0.064
430.6,-0.06
430.64,-0.068
430.68,-0.068
430.72,-0.06
430.76,-0.05199999999999999
430.8,-0.06
430.84000000000003,-0.06
430.88,-0.05199999999999999
430.92,-0.06
430.96000000000004,-0.06
431.0,-0.06
431.04,-0.064
431.08,-0.064
431.12,-0.055999999999999994
431.16,-0.055999999999999994
431.2,-0.064
431.24,-0.064
431.28000000000003,-0.06
431.32,-0.06
431.36,-0.068
431.40000000000003,-0.06
431.44,-0.055999999999999994
431.48,-0.06
431.52,-0.06
431.56,-0.055999999999999994
431.6,-0.06
431.64,-0.06
431.68,-0.055999999999999994
431.72,-0.055999999999999994
431.76,-0.06
431.8,-0.055999999999999994
431.84000000000003,-0.055999999999999994
431.88,-0.068
431.92,-0.068
431.96000000000004,-0.06
432.0,-0.06
432.04,-0.068
432.08,-0.055999999999999994
432.12,-0.055999999999999994
432.16,-0.06
432.2,-0.06
432.24,-0.06
432.28000000000003,-0.064
432.32,-0.06
432.36,-0.055999999999999994
432.40000000000003,-0.055999999999999994
432.44,-0.064
432.48,-0.06
432.52,-0.06
432.56,-0.068
432.6,-0.06
432.64,-0.064
432.68,-0.06
432.72,-0.06
432.76,-0.05199999999999999
432.8,-0.055999999999999994
432.84000000000003,-0.064
432.88,-0.06
432.92,-0.055999999999999994
432.96000000000004,-0.06
433.0,-0.055999999999999994
433.04,-0.04799999999999999
433.08,-0.05199999999999999
433.12,-0.064
433.16,-0.064
433.2,-0.06
433.24,-0.06
433.28000000000003,-0.06
433.32,-0.055999999999999994
433.36,-0.06
433.40000000000003,-0.06
433.44,-0.055999999999999994
433.48,-0.06
433.52,-0.06
433.56,-0.06
433.6,-0.055999999999999994
433.64,-0.06
433.68,-0.06
433.72,-0.055999999999999994
433.76,-0.06
433.8,-0.064
433.84000000000003,-0.06
433.88,-0.06
433.92,-0.068
433.96000000000004,-0.06
434.0,-0.055999999999999994
434.04,-0.064
434.08,-0.068
434.12,-0.055999999999999994
434.16,-0.06
434.2,-0.064
434.24,-0.05199999999999999
434.28000000000003,-0.04799999999999999
434.32,-0.055999999999999994
434.36,-0.06
434.40000000000003,-0.05199999999999999
434.44,-0.05199999999999999
434.48,-0.064
434.52,-0.06
434.56,-0.055999999999999994
434.6,-0.06
434.64,-0.06
434.68,-0.055999999999999994
434.72,-0.06
434.76,-0.064
434.8,-0.055999999999999994
434.84000000000003,-0.055999999999999994
434.88,-0.06
434.92,-0.055999999999999994
434.96000000000004,-0.05199999999999999
435.0,-0.06
435.04,-0.06
435.08,-0.055999999999999994
435.12,-0.06
435.16,-0.064
435.2,-0.055999999999999994
435.24,-0.055999999999999994
435.28000000000003,-0.068
435.32,-0.06
435.36,-0.055999999999999994
435.40000000000003,-0.068
435.44,-0.068
435.48,-0.055999999999999994
435.52,-0.055999999999999994
435.56,-0.06
435.6,-0.055999999999999994
435.64,-0.05199999999999999
435.68,-0.055999999999999994
435.72,-0.06
435.76,-0.055999999999999994
435.8,-0.06
435.84000000000003,-0.06
435.88,-0.05199999999999999
435.92,-0.055999999999999994
435.96000000000004,-0.064
436.0,-0.06
436.04,-0.055999999999999994
436.08,-0.06
436.12,-0.068
436.16,-0.06
436.2,-0.055999999999999994
436.24,-0.06
436.28000000000003,-0.055999999999999994
436.32,-0.055999999999999994
436.36,-0.06
436.40000000000003,-0.055999999999999994
436.44,-0.055999999999999994
436.48,-0.06
436.52,-0.06
436.56,-0.055999999999999994
436.6,-0.055999999999999994
436.64,-0.068
436.68,-0.064
436.72,-0.06
436.76,-0.068
436.8,-0.064
436.84000000000003,-0.05199999999999999
436.88,-0.05199999999999999
436.92,-0.05199999999999999
436.96000000000004,-0.055999999999999994
437.0,-0.055999999999999994
437.04,-0.06
437.08,-0.055999999999999994
437.12,-0.05199999999999999
437.16,-0.05199999999999999
437.2,-0.06
437.24,-0.064
437.28000000000003,-0.06
437.32,-0.06
437.36,-0.064
437.40000000000003,-0.055999999999999994
437.44,-0.06
437.48,-0.055999999999999994
437.52,-0.05199999999999999
437.56,-0.055999999999999994
437.6,-0.055999999999999994
437.64,-0.05199999999999999
437.68,-0.05199999999999999
437.72,-0.06
437.76,-0.055999999999999994
437.8,-0.05199999999999999
437.84000000000003,-0.055999999999999994
437.88,-0.06
437.92,-0.06
437.96000000000004,-0.06
438.0,-0.068
438.04,-0.068
438.08,-0.06
438.12,-0.05199999999999999
438.16,-0.055999999999999994
438.2,-0.055999999999999994
438.24,-0.055999999999999994
438.28000000000003,-0.06
438.32,-0.055999999999999994
438.36,-0.05199999999999999
438.40000000000003,-0.055999999999999994
438.44,-0.06
438.48,-0.055999999999999994
438.52,-0.05199999999999999
438.56,-0.06
438.6,-0.06
438.64,-0.06
438.68,-0.055999999999999994
438.72,-0.06
438.76,-0.05199999999999999
438.8,-0.05199999999999999
438.84000000000003,-0.055999999999999994
438.88,-0.055999999999999994
438.92,-0.055999999999999994
438.96000000000004,-0.06
439.0,-0.055999999999999994
439.04,-0.04799999999999999
439.08,-0.05199999999999999
439.12,-0.055999999999999994
439.16,-0.05199999999999999
439.2,-0.055999999999999994
439.24,-0.064
439.28000000000003,-0.064
439.32,-0.055999999999999994
439.36,-0.06
439.40000000000003,-0.06
439.44,-0.05199999999999999
439.48,-0.055999999999999994
439.52,-0.055999999999999994
439.56,-0.055999999999999994
439.6,-0.05199999999999999
439.64,-0.06
439.68,-0.055999999999999994
439.72,-0.04799999999999999
439.76,-0.05199999999999999
439.8,-0.055999999999999994
439.84000000000003,-0.055999999999999994
439.88,-0.055999999999999994
439.92,-0.06
439.96000000000004,-0.055999999999999994
440.0,-0.055999999999999994
440.04,-0.06
440.08,-0.055999999999999994
440.12,-0.05199999999999999
440.16,-0.055999999999999994
440.2,-0.064
440.24,-0.05199999999999999
440.28000000000003,-0.04799999999999999
440.32,-0.055999999999999994
440.36,-0.055999999999999994
440.40000000000003,-0.04799999999999999
440.44,-0.055999999999999994
440.48,-0.06
440.52,-0.055999999999999994
440.56,-0.055999999999999994
440.6,-0.064
440.64,-0.055999999999999994
440.68,-0.055999999999999994
440.72,-0.06
440.76,-0.06
440.8,-0.055999999999999994
440.84000000000003,-0.055999999999999994
440.88,-0.064
440.92,-0.055999999999999994
440.96000000000004,-0.04799999999999999
441.0,-0.05199999999999999
441.04,-0.055999999999999994
441.08,-0.055999999999999994
441.12,-0.055999999999999994
441.16,-0.055999999999999994
441.2,-0.05199999999999999
441.24,-0.05199999999999999
441.28000000000003,-0.055999999999999994
441.32,-0.05199999999999999
441.36,-0.05199999999999999
441.40000000000003,-0.06
441.44,-0.06
441.48,-0.05199999999999999
441.52,-0.055999999999999994
441.56,-0.055999999999999994
441.6,-0.05199999999999999
441.64,-0.04400000000000001
441.68,-0.05199999999999999
441.72,-0.05199999999999999
441.76,-0.05199999999999999
441.8,-0.055999999999999994
441.84000000000003,-0.06
441.88,-0.055999999999999994
441.92,-0.05199999999999999
441.96000000000004,-0.06
442.0,-0.055999999999999994
442.04,-0.055999999999999994
442.08,-0.06
442.12,-0.06
442.16,-0.055999999999999994
442.2,-0.05199999999999999
442.24,-0.05199999999999999
442.28000000000003,-0.055999999999999994
442.32,-0.055999999999999994
442.36,-0.05199999999999999
442.40000000000003,-0.05199999999999999
442.44,-0.05199999999999999
442.48,-0.055999999999999994
442.52,-0.055999999999999994
442.56,-0.05199999999999999
442.6,-0.055999999999999994
442.64,-0.055999999999999994
442.68,-0.055999999999999994
442.72,-0.05199999999999999
442.76,-0.06
442.8,-0.06
442.84000000000003,-0.055999999999999994
442.88,-0.05199999999999999
442.92,-0.05199999999999999
442.96000000000004,-0.04799999999999999
443.0,-0.04400000000000001
443.04,-0.05199999999999999
443.08,-0.055999999999999994
443.12,-0.05199999999999999
443.16,-0.055999999999999994
443.2,-0.055999999999999994
443.24,-0.05199999999999999
443.28000000000003,-0.05199999999999999
443.32,-0.06
443.36,-0.06
443.40000000000003,-0.05199999999999999
443.44,-0.055999999999999994
443.48,-0.055999999999999994
443.52,-0.055999999999999994
443.56,-0.05199999999999999
443.6,-0.05199999999999999
443.64,-0.05199999999999999
443.68,-0.05199999999999999
443.72,-0.055999999999999994
443.76,-0.055999999999999994
443.8,-0.05199999999999999
443.84000000000003,-0.05199999999999999
443.88,-0.055999999999999994
443.92,-0.05199999999999999
443.96000000000004,-0.05199999999999999
444.0,-0.064
444.04,-0.06
444.08,-0.055999999999999994
444.12,-0.055999999999999994
444.16,-0.055999999999999994
444.2,-0.04799999999999999
444.24,-0.04400000000000001
444.28000000000003,-0.05199999999999999
444.32,-0.05199999999999999
444.36,-0.04799999999999999
444.40000000000003,-0.055999999999999994
444.44,-0.055999999999999994
444.48,-0.05199999999999999
444.52,-0.04799999999999999
444.56,-0.05199999999999999
444.6,-0.055999999999999994
444.64,-0.05199999999999999
444.68,-0.06
444.72,-0.06
444.76,-0.055999999999999994
444.8,-0.055999999999999994
444.84000000000003,-0.05199999999999999
444.88,-0.04799999999999999
444.92,-0.05199999999999999
444.96000000000004,-0.06
445.0,-0.055999999999999994
445.04,-0.05199999999999999
445.08,-0.05199999999999999
445.12,-0.05199999999999999
445.16,-0.04799999999999999
445.2,-0.05199999999999999
445.24,-0.06
445.28000000000003,-0.06
445.32,-0.05199999999999999
445.36,-0.06
445.40000000000003,-0.06
445.44,-0.05199999999999999
445.48,-0.05199999999999999
445.52,-0.05199999999999999
445.56,-0.04400000000000001
445.6,-0.04799999999999999
445.64,-0.05199999999999999
445.68,-0.05199999999999999
445.72,-0.04400000000000001
445.76,-0.04799999999999999
445.8,-0.05199999999999999
445.84000000000003,-0.04799999999999999
445.88,-0.04799999999999999
445.92,-0.05199999999999999
445.96000000000004,-0.055999999999999994
446.0,-0.055999999999999994
446.04,-0.05199999999999999
446.08,-0.05199999999999999
446.12,-0.04799999999999999
446.16,-0.05199999999999999
446.2,-0.06
446.24,-0.05199999999999999
446.28000000000003,-0.05199999999999999
446.32,-0.05199999999999999
446.36,-0.05199999999999999
446.40000000000003,-0.04799999999999999
446.44,-0.05199999999999999
446.48,-0.05199999999999999
446.52,-0.05199999999999999
446.56,-0.05199999999999999
446.6,-0.06
446.64,-0.055999999999999994
446.68,-0.055999999999999994
446.72,-0.055999999999999994
446.76,-0.055999999999999994
446.8,-0.04400000000000001
446.84000000000003,-0.04799999999999999
446.88,-0.05199999999999999
446.92,-0.05199999999999999
446.96000000000004,-0.05199999999999999
447.0,-0.05199999999999999
447.04,-0.05199999999999999
447.08,-0.04799999999999999
447.12,-0.04400000000000001
447.16,-0.04799999999999999
447.2,-0.05199999999999999
447.24,-0.05199999999999999
447.28000000000003,-0.055999999999999994
447.32,-0.05199999999999999
447.36,-0.05199999999999999
447.40000000000003,-0.055999999999999994
447.44,-0.05199999999999999
447.48,-0.05199999999999999
447.52,-0.05199999999999999
447.56,-0.05199999999999999
447.6,-0.05199999999999999
447.64,-0.04799999999999999
447.68,-0.05199999999999999
447.72,-0.04799999999999999
447.76,-0.04400000000000001
447.8,-0.05199999999999999
447.84000000000003,-0.05199999999999999
447.88,-0.055999999999999994
447.92,-0.055999999999999994
447.96000000000004,-0.06
448.0,-0.055999999999999994
448.04,-0.04799999999999999
448.08,-0.05199999999999999
448.12,-0.055999999999999994
448.16,-0.05199999999999999
448.2,-0.05199999999999999
448.24,-0.055999999999999994
448.28000000000003,-0.05199999999999999
448.32,-0.04400000000000001
448.36,-0.04799999999999999
448.40000000000003,-0.05199999999999999
448.44,-0.04400000000000001
448.48,-0.04799999999999999
448.52,-0.05199999999999999
448.56,-0.05199999999999999
448.6,-0.05199999999999999
448.64,-0.06
448.68,-0.05199999999999999
448.72,-0.04799999999999999
448.76,-0.05199999999999999
448.8,-0.05199999999999999
448.84000000000003,-0.055999999999999994
448.88,-0.05199999999999999
448.92,-0.05199999999999999
448.96000000000004,-0.04799999999999999
449.0,-0.04400000000000001
449.04,-0.04799999999999999
449.08,-0.05199999999999999
449.12,-0.04799999999999999
449.16,-0.05199999999999999
449.2,-0.06
449.24,-0.055999999999999994
449.28000000000003,-0.04799999999999999
449.32,-0.055999999999999994
449.36,-0.055999999999999994
449.40000000000003,-0.04799999999999999
449.44,-0.05199999999999999
449.48,-0.055999999999999994
449.52,-0.055999999999999994
449.56,-0.04799999999999999
449.6,-0.05199999999999999
449.64,-0.05199999999999999
449.68,-0.04400000000000001
449.72,-0.04799999999999999
449.76,-0.05199999999999999
449.8,-0.04400000000000001
449.84000000000003,-0.05199999999999999
449.88,-0.055999999999999994
449.92,-0.05199999999999999
449.96000000000004,-0.04400000000000001
450.0,-0.05199999999999999
450.04,-0.05199999999999999
450.08,-0.05199999999999999
450.12,-0.055999999999999994
450.16,-0.05199999999999999
450.2,-0.04400000000000001
450.24,-0.04400000000000001
450.28000000000003,-0.05199999999999999
450.32,-0.04400000000000001
450.36,-0.04000000000000001
450.40000000000003,-0.04799999999999999
450.44,-0.055999999999999994
450.48,-0.05199999999999999
450.52,-0.05199999999999999
450.56,-0.055999999999999994
450.6,-0.05199999999999999
450.64,-0.04400000000000001
450.68,-0.05199999999999999
450.72,-0.055999999999999994
450.76,-0.055999999999999994
450.8,-0.055999999999999994
450.84000000000003,-0.055999999999999994
450.88,-0.05199999999999999
450.92,-0.04799999999999999
450.96000000000004,-0.04799999999999999
451.0,-0.04400000000000001
451.04,-0.04400000000000001
451.08,-0.04799999999999999
451.12,-0.05199999999999999
451.16,-0.04799999999999999
451.2,-0.04400000000000001
451.24,-0.05199999999999999
451.28000000000003,-0.05199999999999999
451.32,-0.05199999999999999
451.36,-0.055999999999999994
451.40000000000003,-0.05199999999999999
451.44,-0.05199999999999999
451.48,-0.05199999999999999
451.52,-0.05199999999999999
451.56,-0.04400000000000001
451.6,-0.04400000000000001
451.64,-0.04799999999999999
451.68,-0.04799999999999999
451.72,-0.04400000000000001
451.76,-0.05199999999999999
451.8,-0.055999999999999994
451.84000000000003,-0.05199999999999999
451.88,-0.04400000000000001
451.92,-0.05199999999999999
451.96000000000004,-0.05199999999999999
452.0,-0.05199999999999999
452.04,-0.05199999999999999
452.08,-0.055999999999999994
452.12,-0.05199999999999999
452.16,-0.05199999999999999
452.2,-0.05199999999999999
452.24,-0.04400000000000001
452.28000000000003,-0.04400000000000001
452.32,-0.04799999999999999
452.36,-0.04799999999999999
452.40000000000003,-0.04400000000000001
452.44,-0.04400000000000001
452.48,-0.04799999999999999
452.52,-0.05199999999999999
452.56,-0.05199999999999999
452.6,-0.05199999999999999
452.64,-0.05199999999999999
452.68,-0.04799999999999999
452.72,-0.055999999999999994
452.76,-0.055999999999999994
452.8,-0.04799999999999999
452.84000000000003,-0.04400000000000001
452.88,-0.04799999999999999
452.92,-0.04400000000000001
452.96000000000004,-0.04400000000000001
453.0,-0.05199999999999999
453.04,-0.05199999999999999
453.08,-0.04400000000000001
453.12,-0.04400000000000001
453.16,-0.05199999999999999
453.2,-0.04799999999999999
453.24,-0.04400000000000001
453.28000000000003,-0.05199999999999999
453.32,-0.05199999999999999
453.36,-0.05199999999999999
453.40000000000003,-0.05199999999999999
453.44,-0.055999999999999994
453.48,-0.04799999999999999
453.52,-0.04400000000000001
453.56,-0.05199999999999999
453.6,-0.04799999999999999
453.64,-0.04400000000000001
453.68,-0.05199999999999999
453.72,-0.04799999999999999
453.76,-0.04400000000000001
453.8,-0.04799999999999999
453.84000000000003,-0.04799999999999999
453.88,-0.04400000000000001
453.92,-0.04400000000000001
453.96000000000004,-0.055999999999999994
454.0,-0.055999999999999994
454.04,-0.04799999999999999
454.08,-0.04799999999999999
454.12,-0.04799999999999999
454.16,-0.04400000000000001
454.2,-0.04000000000000001
454.24,-0.05199999999999999
454.28000000000003,-0.05199999999999999
454.32,-0.04400000000000001
454.36,-0.04799999999999999
454.40000000000003,-0.05199999999999999
454.44,-0.04000000000000001
454.48,-0.04000000000000001
454.52,-0.04799999999999999
454.56,-0.04799999999999999
454.6,-0.04799999999999999
454.64,-0.055999999999999994
454.68,-0.05199999999999999
454.72,-0.05199999999999999
454.76,-0.05199999999999999
454.8,-0.05199999999999999
454.84000000000003,-0.04799999999999999
454.88,-0.04400000000000001
454.92,-0.05199999999999999
454.96000000000004,-0.04799999999999999
455.0,-0.04400000000000001
455.04,-0.05199999999999999
455.08,-0.04799999999999999
455.12,-0.04000000000000001
455.16,-0.04799999999999999
455.2,-0.055999999999999994
455.24,-0.05199999999999999
455.28000000000003,-0.04799999999999999
455.32,-0.055999999999999994
455.36,-0.05199999999999999
455.40000000000003,-0.04400000000000001
455.44,-0.04799999999999999
455.48,-0.05199999999999999
455.52,-0.04400000000000001
455.56,-0.04400000000000001
455.6,-0.05199999999999999
455.64,-0.05199999999999999
455.68,-0.04400000000000001
455.72,-0.04400000000000001
455.76,-0.04400000000000001
455.8,-0.04000000000000001
455.84000000000003,-0.04400000000000001
455.88,-0.05199999999999999
455.92,-0.05199999999999999
455.96000000000004,-0.05199999999999999
456.0,-0.055999999999999994
456.04,-0.05199999999999999
456.08,-0.04799999999999999
456.12,-0.04400000000000001
456.16,-0.04799999999999999
456.2,-0.04799999999999999
456.24,-0.04400000000000001
456.28000000000003,-0.04799999999999999
456.32,-0.04400000000000001
456.36,-0.04000000000000001
456.40000000000003,-0.04799999999999999
456.44,-0.04799999999999999
456.48,-0.04400000000000001
456.52,-0.04400000000000001
456.56,-0.05199999999999999
456.6,-0.05199999999999999
456.64,-0.04799999999999999
456.68,-0.05199999999999999
456.72,-0.05199999999999999
456.76,-0.04400000000000001
456.8,-0.04400000000000001
456.84000000000003,-0.05199999999999999
456.88,-0.05199999999999999
456.92,-0.04400000000000001
456.96000000000004,-0.04799999999999999
457.0,-0.04799999999999999
457.04,-0.04400000000000001
457.08,-0.04000000000000001
457.12,-0.04400000000000001
457.16,-0.04799999999999999
457.2,-0.04400000000000001
457.24,-0.05199999999999999
457.28000000000003,-0.055999999999999994
457.32,-0.04799999999999999
457.36,-0.04799999999999999
457.40000000000003,-0.04799999999999999
457.44,-0.04799999999999999
457.48,-0.04400000000000001
457.52,-0.04799999999999999
457.56,-0.04400000000000001
457.6,-0.04400000000000001
457.64,-0.04799999999999999
457.68,-0.05199999999999999
457.72,-0.04400000000000001
457.76,-0.04000000000000001
457.8,-0.04799999999999999
457.84000000000003,-0.04799999999999999
457.88,-0.04400000000000001
457.92,-0.05199999999999999
457.96000000000004,-0.05199999999999999
458.0,-0.04400000000000001
458.04,-0.04400000000000001
458.08,-0.05199999999999999
458.12,-0.04799999999999999
458.16,-0.04400000000000001
458.2,-0.05199999999999999
458.24,-0.05199999999999999
458.28000000000003,-0.04400000000000001
458.32,-0.04000000000000001
458.36,-0.04000000000000001
458.40000000000003,-0.04000000000000001
458.44,-0.04000000000000001
458.48,-0.04799999999999999
458.52,-0.04799999999999999
458.56,-0.04400000000000001
458.6,-0.04799999999999999
458.64,-0.05199999999999999
458.68,-0.04400000000000001
458.72,-0.04400000000000001
458.76,-0.04799999999999999
458.8,-0.04400000000000001
458.84000000000003,-0.04400000000000001
458.88,-0.05199999999999999
458.92,-0.05199999999999999
458.96000000000004,-0.04400000000000001
459.0,-0.04000000000000001
459.04,-0.04400000000000001
459.08,-0.04400000000000001
459.12,-0.04400000000000001
459.16,-0.05199999999999999
459.2,-0.04799999999999999
459.24,-0.04400000000000001
459.28000000000003,-0.04799999999999999
459.32,-0.05199999999999999
459.36,-0.04400000000000001
459.40000000000003,-0.04400000000000001
459.44,-0.055999999999999994
459.48,-0.05199999999999999
459.52,-0.04400000000000001
459.56,-0.04400000000000001
459.6,-0.04400000000000001
459.64,-0.04000000000000001
459.68,-0.04000000000000001
459.72,-0.04400000000000001
459.76,-0.04400000000000001
459.8,-0.04400000000000001
459.84000000000003,-0.05199999999999999
459.88,-0.04799999999999999
459.92,-0.04400000000000001
459.96000000000004,-0.04400000000000001
460.0,-0.04400000000000001
460.04,-0.04400000000000001
460.08,-0.04400000000000001
460.12,-0.05199999999999999
460.16,-0.05199999999999999
460.2,-0.04400000000000001
460.24,-0.04400000000000001
460.28000000000003,-0.04400000000000001
460.32,-0.04000000000000001
460.36,-0.04400000000000001
460.40000000000003,-0.04400000000000001
460.44,-0.04400000000000001
460.48,-0.04000000000000001
460.52,-0.04799999999999999
460.56,-0.04799999999999999
460.6,-0.04400000000000001
460.64,-0.04400000000000001
460.68,-0.05199999999999999
460.72,-0.04799999999999999
460.76,-0.04799999999999999
460.8,-0.05199999999999999
460.84000000000003,-0.04799999999999999
460.88,-0.04400000000000001
460.92,-0.04000000000000001
460.96000000000004,-0.04000000000000001
461.0,-0.04000000000000001
461.04,-0.04000000000000001
461.08,-0.04400000000000001
461.12,-0.04400000000000001
461.16,-0.04400000000000001
461.2,-0.04799999999999999
461.24,-0.04400000000000001
461.28000000000003,-0.04000000000000001
461.32,-0.04400000000000001
461.36,-0.04400000000000001
461.40000000000003,-0.04799999999999999
461.44,-0.04400000000000001
461.48,-0.04400000000000001
461.52,-0.04799999999999999
461.56,-0.04400000000000001
461.6,-0.04400000000000001
461.64,-0.04000000000000001
461.68,-0.036000000000000004
461.72,-0.04000000000000001
461.76,-0.04400000000000001
461.8,-0.04400000000000001
461.84000000000003,-0.04400000000000001
461.88,-0.04400000000000001
461.92,-0.05199999999999999
461.96000000000004,-0.04400000000000001
462.0,-0.04400000000000001
462.04,-0.05199999999999999
462.08,-0.05199999999999999
462.12,-0.04400000000000001
462.16,-0.04400000000000001
462.2,-0.04400000000000001
462.24,-0.04000000000000001
462.28000000000003,-0.036000000000000004
462.32,-0.04400000000000001
462.36,-0.04400000000000001
462.40000000000003,-0.04400000000000001
462.44,-0.04400000000000001
462.48,-0.04400000000000001
462.52,-0.04000000000000001
462.56,-0.04000000000000001
462.6,-0.04400000000000001
462.64,-0.04400000000000001
462.68,-0.04400000000000001
462.72,-0.04799999999999999
462.76,-0.04799999999999999
462.8,-0.04400000000000001
462.84000000000003,-0.04799999999999999
462.88,-0.04400000000000001
462.92,-0.036000000000000004
462.96000000000004,-0.036000000000000004
463.0,-0.04400000000000001
463.04,-0.04400000000000001
463.08,-0.04000000000000001
463.12,-0.04400000000000001
463.16,-0.04799999999999999
463.2,-0.04000000000000001
463.24,-0.04000000000000001
463.28000000000003,-0.05199999999999999
463.32,-0.04799999999999999
463.36,-0.04799999999999999
463.40000000000003,-0.05199999999999999
463.44,-0.05199999999999999
463.48,-0.04400000000000001
463.52,-0.04400000000000001
463.56,-0.04400000000000001
463.6,-0.04000000000000001
463.64,-0.04000000000000001
463.68,-0.04400000000000001
463.72,-0.04400000000000001
463.76,-0.04000000000000001
463.8,-0.04400000000000001
463.84000000000003,-0.04400000000000001
463.88,-0.04000000000000001
463.92,-0.04000000000000001
463.96000000000004,-0.04400000000000001
464.0,-0.04400000000000001
464.04,-0.04799999999999999
464.08,-0.05199999999999999
464.12,-0.04799999999999999
464.16,-0.036000000000000004
464.2,-0.04000000000000001
464.24,-0.04400000000000001
464.28000000000003,-0.036000000000000004
464.32,-0.04000000000000001
464.36,-0.04400000000000001
464.40000000000003,-0.04400000000000001
464.44,-0.036000000000000004
464.48,-0.04000000000000001
464.52,-0.04400000000000001
464.56,-0.04400000000000001
464.6,-0.04400000000000001
464.64,-0.04799999999999999
464.68,-0.04799999999999999
464.72,-0.04400000000000001
464.76,-0.04400000000000001
464.8,-0.04799999999999999
464.84000000000003,-0.04400000000000001
464.88,-0.04000000000000001
464.92,-0.04400000000000001
464.96000000000004,-0.04000000000000001
465.0,-0.04000000000000001
465.04,-0.04400000000000001
465.08,-0.04400000000000001
465.12,-0.04000000000000001
465.16,-0.036000000000000004
465.2,-0.04000000000000001
465.24,-0.04000000000000001
465.28000000000003,-0.04799999999999999
465.32,-0.05199999999999999
465.36,-0.04400000000000001
465.40000000000003,-0.04400000000000001
465.44,-0.04799999999999999
465.48,-0.04400000000000001
465.52,-0.036000000000000004
465.56,-0.036000000000000004
465.6,-0.04400000000000001
465.64,-0.04400000000000001
465.68,-0.04000000000000001
465.72,-0.04000000000000001
465.76,-0.04400000000000001
465.8,-0.04400000000000001
465.84000000000003,-0.04400000000000001
465.88,-0.04400000000000001
465.92,-0.04400000000000001
465.96000000000004,-0.04400000000000001
466.0,-0.04400000000000001
466.04,-0.05199999999999999
466.08,-0.04400000000000001
466.12,-0.04400000000000001
466.16,-0.04400000000000001
466.2,-0.04400000000000001
466.24,-0.04000000000000001
466.28000000000003,-0.04400000000000001
466.32,-0.04799999999999999
466.36,-0.04400000000000001
466.40000000000003,-0.036000000000000004
466.44,-0.04000000000000001
466.48,-0.04000000000000001
466.52,-0.04400000000000001
466.56,-0.04400000000000001
466.6,-0.04400000000000001
466.64,-0.04400000000000001
466.68,-0.05199999999999999
466.72,-0.05199999999999999
466.76,-0.04400000000000001
466.8,-0.04000000000000001
466.84000000000003,-0.04400000000000001
466.88,-0.04000000000000001
466.92,-0.036000000000000004
466.96000000000004,-0.04000000000000001
467.0,-0.04400000000000001
467.04,-0.04400000000000001
467.08,-0.04400000000000001
467.12,-0.04400000000000001
467.16,-0.04000000000000001
467.2,-0.036000000000000004
467.24,-0.04400000000000001
467.28000000000003,-0.04400000000000001
467.32,-0.04400000000000001
467.36,-0.04400000000000001
467.40000000000003,-0.04799999999999999
467.44,-0.04400000000000001
467.48,-0.04000000000000001
467.52,-0.04400000000000001
467.56,-0.04400000000000001
467.6,-0.04000000000000001
467.64,-0.04000000000000001
467.68,-0.04400000000000001
467.72,-0.04000000000000001
467.76,-0.04000000000000001
467.8,-0.04000000000000001
467.84000000000003,-0.036000000000000004
467.88,-0.04000000000000001
467.92,-0.04799999999999999
467.96000000000004,-0.04799999999999999
468.0,-0.04400000000000001
468.04,-0.04400000000000001
468.08,-0.04400000000000001
468.12,-0.04000000000000001
468.16,-0.036000000000000004
468.2,-0.04000000000000001
468.24,-0.04000000000000001
468.28000000000003,-0.04000000000000001
468.32,-0.04400000000000001
468.36,-0.04000000000000001
468.40000000000003,-0.036000000000000004
468.44,-0.036000000000000004
468.48,-0.04400000000000001
468.52,-0.04000000000000001
468.56,-0.04000000000000001
468.6,-0.04400000000000001
468.64,-0.04799999999999999
468.68,-0.04400000000000001
468.72,-0.04400000000000001
468.76,-0.04400000000000001
468.8,-0.04000000000000001
468.84000000000003,-0.04000000000000001
468.88,-0.04000000000000001
468.92,-0.04400000000000001
468.96000000000004,-0.04000000000000001
469.0,-0.04400000000000001
469.04,-0.04000000000000001
469.08,-0.036000000000000004
469.12,-0.036000000000000004
469.16,-0.04400000000000001
469.2,-0.04400000000000001
469.24,-0.04400000000000001
469.28000000000003,-0.04400000000000001
469.32,-0.04799999999999999
469.36,-0.04400000000000001
469.40000000000003,-0.04000000000000001
469.44,-0.04400000000000001
469.48,-0.04000000000000001
469.52,-0.04000000000000001
469.56,-0.04400000000000001
469.6,-0.04400000000000001
469.64,-0.036000000000000004
469.68,-0.04000000000000001
469.72,-0.04400000000000001
469.76,-0.036000000000000004
469.8,-0.036000000000000004
469.84000000000003,-0.04000000000000001
469.88,-0.04400000000000001
469.92,-0.04000000000000001
469.96000000000004,-0.04400000000000001
470.0,-0.04799999999999999
470.04,-0.04400000000000001
470.08,-0.04000000000000001
470.12,-0.04400000000000001
470.16,-0.04000000000000001
470.2,-0.04000000000000001
470.24,-0.04000000000000001
470.28000000000003,-0.04000000000000001
470.32,-0.036000000000000004
470.36,-0.04000000000000001
470.40000000000003,-0.04000000000000001
470.44,-0.04000000000000001
470.48,-0.04000000000000001
470.52,-0.04400000000000001
470.56,-0.04400000000000001
470.6,-0.04400000000000001
470.64,-0.04400000000000001
470.68,-0.04400000000000001
470.72,-0.04400000000000001
470.76,-0.04000000000000001
470.8,-0.04400000000000001
470.84000000000003,-0.04000000000000001
470.88,-0.036000000000000004
470.92,-0.04400000000000001
470.96000000000004,-0.04400000000000001
471.0,-0.036000000000000004
471.04,-0.036000000000000004
471.08,-0.04000000000000001
471.12,-0.036000000000000004
471.16,-0.036000000000000004
471.2,-0.04400000000000001
471.24,-0.04799999999999999
471.28000000000003,-0.04400000000000001
471.32,-0.04400000000000001
471.36,-0.04400000000000001
471.40000000000003,-0.04000000000000001
471.44,-0.036000000000000004
471.48,-0.04400000000000001
471.52,-0.04000000000000001
471.56,-0.036000000000000004
471.6,-0.04000000000000001
471.64,-0.04400000000000001
471.68,-0.036000000000000004
471.72,-0.036000000000000004
471.76,-0.04400000000000001
471.8,-0.04000000000000001
471.84000000000003,-0.04000000000000001
471.88,-0.04400000000000001
471.92,-0.04400000000000001
471.96000000000004,-0.04400000000000001
472.0,-0.04400000000000001
472.04,-0.04400000000000001
472.08,-0.036000000000000004
472.12,-0.036000000000000004
472.16,-0.04799999999999999
472.2,-0.04400000000000001
472.24,-0.036000000000000004
472.28000000000003,-0.036000000000000004
472.32,-0.04000000000000001
472.36,-0.032
472.40000000000003,-0.027999999999999997
472.44,-0.036000000000000004
472.48,-0.04000000000000001
472.52,-0.04000000000000001
472.56,-0.04400000000000001
472.6,-0.04400000000000001
472.64,-0.04000000000000001
472.68,-0.04000000000000001
472.72,-0.04000000000000001
472.76,-0.04000000000000001
472.8,-0.04000000000000001
472.84000000000003,-0.04000000000000001
472.88,-0.04400000000000001
472.92,-0.04000000000000001
472.96000000000004,-0.036000000000000004
473.0,-0.04000000000000001
473.04,-0.036000000000000004
473.08,-0.04000000000000001
473.12,-0.04000000000000001
473.16,-0.04000000000000001
473.2,-0.04400000000000001
473.24,-0.04400000000000001
473.28000000000003,-0.04400000000000001
473.32,-0.04000000000000001
473.36,-0.04000000000000001
473.40000000000003,-0.04400000000000001
473.44,-0.04400000000000001
473.48,-0.04000000000000001
473.52,-0.04000000000000001
473.56,-0.04400000000000001
473.6,-0.036000000000000004
473.64,-0.036000000000000004
473.68,-0.036000000000000004
473.72,-0.036000000000000004
473.76,-0.036000000000000004
473.8,-0.036000000000000004
473.84000000000003,-0.04400000000000001
473.88,-0.04400000000000001
473.92,-0.04400000000000001
473.96000000000004,-0.04400000000000001
474.0,-0.04000000000000001
474.04,-0.036000000000000004
474.08,-0.036000000000000004
474.12,-0.04000000000000001
474.16,-0.04000000000000001
474.2,-0.036000000000000004
474.24,-0.04000000000000001
474.28000000000003,-0.04000000000000001
474.32,-0.032
474.36,-0.032
474.40000000000003,-0.032
474.44,-0.036000000000000004
474.48,-0.04000000000000001
474.52,-0.04400000000000001
474.56,-0.04000000000000001
474.6,-0.04000000000000001
474.64,-0.04400000000000001
474.68,-0.04400000000000001
474.72,-0.04000000000000001
474.76,-0.04400000000000001
474.8,-0.04400000000000001
474.84000000000003,-0.04000000000000001
474.88,-0.04400000000000001
474.92,-0.04000000000000001
474.96000000000004,-0.04000000000000001
475.0,-0.027999999999999997
475.04,-0.036000000000000004
475.08,-0.036000000000000004
475.12,-0.036000000000000004
475.16,-0.04000000000000001
475.2,-0.04799999999999999
475.24,-0.04400000000000001
475.28000000000003,-0.036000000000000004
475.32,-0.036000000000000004
475.36,-0.04000000000000001
475.40000000000003,-0.036000000000000004
475.44,-0.04000000000000001
475.48,-0.04400000000000001
475.52,-0.04400000000000001
475.56,-0.036000000000000004
475.6,-0.036000000000000004
475.64,-0.036000000000000004
475.68,-0.032
475.72,-0.032
475.76,-0.036000000000000004
475.8,-0.036000000000000004
475.84000000000003,-0.036000000000000004
475.88,-0.04400000000000001
475.92,-0.04400000000000001
475.96000000000004,-0.04000000000000001
476.0,-0.04400000000000001
476.04,-0.04000000000000001
476.08,-0.04000000000000001
476.12,-0.04400000000000001
476.16,-0.04400000000000001
476.2,-0.036000000000000004
476.24,-0.036000000000000004
476.28000000000003,-0.04000000000000001
476.32,-0.032
476.36,-0.027999999999999997
476.40000000000003,-0.04000000000000001
476.44,-0.04400000000000001
476.48,-0.04000000000000001
476.52,-0.04000000000000001
476.56,-0.04400000000000001
476.6,-0.036000000000000004
476.64,-0.036000000000000004
476.68,-0.04000000000000001
476.72,-0.04000000000000001
476.76,-0.04000000000000001
476.8,-0.04400000000000001
476.84000000000003,-0.04400000000000001
476.88,-0.04000000000000001
476.92,-0.036000000000000004
476.96000000000004,-0.04000000000000001
477.0,-0.032
477.04,-0.027999999999999997
477.08,-0.036000000000000004
477.12,-0.04000000000000001
477.16,-0.036000000000000004
477.2,-0.04000000000000001
477.24,-0.04400000000000001
477.28000000000003,-0.04000000000000001
477.32,-0.04000000000000001
477.36,-0.04400000000000001
477.40000000000003,-0.04000000000000001
477.44,-0.04000000000000001
477.48,-0.04000000000000001
477.52,-0.04400000000000001
477.56,-0.036000000000000004
477.6,-0.032
477.64,-0.032
477.68,-0.04000000000000001
477.72,-0.036000000000000004
477.76,-0.04000000000000001
477.8,-0.04400000000000001
477.84000000000003,-0.04000000000000001
477.88,-0.04000000000000001
477.92,-0.04400000000000001
477.96000000000004,-0.04000000000000001
478.0,-0.036000000000000004
478.04,-0.04000000000000001
478.08,-0.04000000000000001
478.12,-0.04000000000000001
478.16,-0.04000000000000001
478.2,-0.04000000000000001
478.24,-0.036000000000000004
478.28000000000003,-0.027999999999999997
478.32,-0.027999999999999997
478.36,-0.027999999999999997
478.40000000000003,-0.032
478.44,-0.036000000000000004
478.48,-0.04000000000000001
478.52,-0.036000000000000004
478.56,-0.04000000000000001
478.6,-0.04400000000000001
478.64,-0.036000000000000004
478.68,-0.036000000000000004
478.72,-0.04000000000000001
478.76,-0.04400000000000001
478.8,-0.036000000000000004
478.84000000000003,-0.032
478.88,-0.04000000000000001
478.92,-0.036000000000000004
478.96000000000004,-0.032
479.0,-0.036000000000000004
479.04,-0.036000000000000004
479.08,-0.036000000000000004
479.12,-0.04000000000000001
479.16,-0.04400000000000001
479.2,-0.036000000000000004
479.24,-0.032
479.28000000000003,-0.04000000000000001
479.32,-0.04000000000000001
479.36,-0.04000000000000001
479.40000000000003,-0.04400000000000001
479.44,-0.04400000000000001
479.48,-0.04000000000000001
479.52,-0.036000000000000004
479.56,-0.036000000000000004
479.6,-0.032
479.64,-0.027999999999999997
479.68,-0.032
479.72,-0.032
479.76,-0.036000000000000004
479.8,-0.04000000000000001
479.84000000000003,-0.04400000000000001
479.88,-0.036000000000000004
479.92,-0.027999999999999997
479.96000000000004,-0.04000000000000001
480.0,-0.04400000000000001
480.04,-0.036000000000000004
480.08,-0.036000000000000004
480.12,-0.04400000000000001
480.16,-0.036000000000000004
480.2,-0.036000000000000004
480.24,-0.036000000000000004
480.28000000000003,-0.036000000000000004
480.32,-0.032
480.36,-0.036000000000000004
480.40000000000003,-0.04000000000000001
480.44,-0.036000000000000004
480.48,-0.032
480.52,-0.04000000000000001
480.56,-0.04000000000000001
480.6,-0.036000000000000004
480.64,-0.04000000000000001
480.68,-0.04400000000000001
480.72,-0.04000000000000001
480.76,-0.04000000000000001
480.8,-0.04400000000000001
480.84000000000003,-0.036000000000000004
480.88,-0.036000000000000004
480.92,-0.032
480.96000000000004,-0.027999999999999997
481.0,-0.027999999999999997
481.04,-0.04000000000000001
481.08,-0.04000000000000001
481.12,-0.036000000000000004
481.16,-0.036000000000000004
481.2,-0.04000000000000001
481.24,-0.04000000000000001
481.28000000000003,-0.036000000000000004
481.32,-0.036000000000000004
481.36,-0.036000000000000004
481.40000000000003,-0.036000000000000004
481.44,-0.04000000000000001
481.48,-0.04000000000000001
481.52,-0.036000000000000004
481.56,-0.027999999999999997
481.6,-0.036000000000000004
481.64,-0.036000000000000004
481.68,-0.027999999999999997
481.72,-0.036000000000000004
481.76,-0.036000000000000004
481.8,-0.04000000000000001
481.84000000000003,-0.04000000000000001
481.88,-0.036000000000000004
481.92,-0.04000000000000001
481.96000000000004,-0.04000000000000001
482.0,-0.04000000000000001
482.04,-0.04400000000000001
482.08,-0.04400000000000001
482.12,-0.04000000000000001
482.16,-0.036000000000000004
482.2,-0.027999999999999997
482.24,-0.027999999999999997
482.28000000000003,-0.036000000000000004
482.32,-0.036000000000000004
482.36,-0.032
482.40000000000003,-0.036000000000000004
482.44,-0.04000000000000001
482.48,-0.04000000000000001
482.52,-0.036000000000000004
482.56,-0.036000000000000004
482.6,-0.036000000000000004
482.64,-0.036000000000000004
482.68,-0.04000000000000001
482.72,-0.04000000000000001
482.76,-0.036000000000000004
482.8,-0.036000000000000004
482.84000000000003,-0.036000000000000004
482.88,-0.027999999999999997
482.92,-0.023999999999999994
482.96000000000004,-0.027999999999999997
483.0,-0.04000000000000001
483.04,-0.036000000000000004
483.08,-0.032
483.12,-0.036000000000000004
483.16,-0.04000000000000001
483.2,-0.036000000000000004
483.24,-0.04000000000000001
483.28000000000003,-0.04000000000000001
483.32,-0.04000000000000001
483.36,-0.04000000000000001
483.40000000000003,-0.04000000000000001
483.44,-0.036000000000000004
483.48,-0.032
483.52,-0.027999999999999997
483.56,-0.032
483.6,-0.027999999999999997
483.64,-0.036000000000000004
483.68,-0.04000000000000001
483.72,-0.04000000000000001
483.76,-0.036000000000000004
483.8,-0.036000000000000004
483.84000000000003,-0.036000000000000004
483.88,-0.027999999999999997
483.92,-0.036000000000000004
483.96000000000004,-0.04000000000000001
484.0,-0.036000000000000004
484.04,-0.04000000000000001
484.08,-0.04400000000000001
484.12,-0.036000000000000004
484.16,-0.023999999999999994
484.2,-0.032
484.24,-0.032
484.28000000000003,-0.027999999999999997
484.32,-0.027999999999999997
484.36,-0.036000000000000004
484.40000000000003,-0.036000000000000004
484.44,-0.036000000000000004
484.48,-0.036000000000000004
484.52,-0.036000000000000004
484.56,-0.036000000000000004
484.6,-0.04000000000000001
484.64,-0.04000000000000001
484.68,-0.036000000000000004
484.72,-0.036000000000000004
484.76,-0.036000000000000004
484.8,-0.032
484.84000000000003,-0.027999999999999997
484.88,-0.036000000000000004
484.92,-0.036000000000000004
484.96000000000004,-0.032
485.0,-0.036000000000000004
485.04,-0.04000000000000001
485.08,-0.036000000000000004
485.12,-0.032
485.16,-0.036000000000000004
485.2,-0.036000000000000004
485.24,-0.027999999999999997
485.28000000000003,-0.04000000000000001
485.32,-0.04400000000000001
485.36,-0.036000000000000004
485.40000000000003,-0.036000000000000004
485.44,-0.04000000000000001
485.48,-0.036000000000000004
485.52,-0.027999999999999997
485.56,-0.023999999999999994
485.6,-0.027999999999999997
485.64,-0.032
485.68,-0.032
485.72,-0.036000000000000004
485.76,-0.036000000000000004
485.8,-0.027999999999999997
485.84000000000003,-0.04000000000000001
485.88,-0.036000000000000004
485.92,-0.036000000000000004
485.96000000000004,-0.036000000000000004
486.0,-0.04000000000000001
486.04,-0.036000000000000004
486.08,-0.036000000000000004
486.12,-0.036000000000000004
486.16,-0.036000000000000004
486.2,-0.027999999999999997
486.24,-0.032
486.28000000000003,-0.032
486.32,-0.036000000000000004
486.36,-0.036000000000000004
486.40000000000003,-0.04000000000000001
486.44,-0.032
486.48,-0.027999999999999997
486.52,-0.036000000000000004
486.56,-0.04000000000000001
486.6,-0.032
486.64,-0.036000000000000004
486.68,-0.04400000000000001
486.72,-0.04000000000000001
486.76,-0.032
486.8,-0.027999999999999997
486.84000000000003,-0.027999999999999997
486.88,-0.027999999999999997
486.92,-0.032
486.96000000000004,-0.032
487.0,-0.036000000000000004
487.04,-0.032
487.08,-0.036000000000000004
487.12,-0.036000000000000004
487.16,-0.036000000000000004
487.2,-0.036000000000000004
487.24,-0.036000000000000004
487.28000000000003,-0.036000000000000004
487.32,-0.036000000000000004
487.36,-0.04000000000000001
487.40000000000003,-0.036000000000000004
487.44,-0.032
487.48,-0.027999999999999997
487.52,-0.027999999999999997
487.56,-0.032
487.6,-0.036000000000000004
487.64,-0.036000000000000004
487.68,-0.036000000000000004
487.72,-0.032
487.76,-0.036000000000000004
487.8,-0.04000000000000001
487.84000000000003,-0.027999999999999997
487.88,-0.032
487.92,-0.04400000000000001
487.96000000000004,-0.04000000000000001
488.0,-0.036000000000000004
488.04,-0.036000000000000004
488.08,-0.036000000000000004
488.12,-0.027999999999999997
488.16,-0.023999999999999994
488.2,-0.027999999999999997
488.24,-0.027999999999999997
488.28000000000003,-0.027999999999999997
488.32,-0.036000000000000004
488.36,-0.036000000000000004
488.40000000000003,-0.032
488.44,-0.027999999999999997
488.48,-0.036000000000000004
488.52,-0.027999999999999997
488.56,-0.032
488.6,-0.036000000000000004
488.64,-0.036000000000000004
488.68,-0.036000000000000004
488.72,-0.036000000000000004
488.76,-0.036000000000000004
488.8,-0.027999999999999997
488.84000000000003,-0.036000000000000004
488.88,-0.032
488.92,-0.027999999999999997
488.96000000000004,-0.032
489.0,-0.036000000000000004
489.04,-0.036000000000000004
489.08,-0.027999999999999997
489.12,-0.036000000000000004
489.16,-0.04000000000000001
489.2,-0.032
489.24,-0.036000000000000004
489.28000000000003,-0.04400000000000001
489.32,-0.04000000000000001
489.36,-0.036000000000000004
489.40000000000003,-0.036000000000000004
489.44,-0.027999999999999997
489.48,-0.023999999999999994
489.52,-0.032
489.56,-0.036000000000000004
489.6,-0.032
489.64,-0.027999999999999997
489.68,-0.036000000000000004
489.72,-0.036000000000000004
489.76,-0.036000000000000004
489.8,-0.032
489.84000000000003,-0.027999999999999997
489.88,-0.027999999999999997
489.92,-0.036000000000000004
489.96000000000004,-0.036000000000000004
490.0,-0.036000000000000004
490.04,-0.032
490.08,-0.036000000000000004
490.12,-0.032
490.16,-0.027999999999999997
490.2,-0.027999999999999997
490.24,-0.036000000000000004
490.28000000000003,-0.032
490.32,-0.027999999999999997
490.36,-0.036000000000000004
490.40000000000003,-0.036000000000000004
490.44,-0.027999999999999997
490.48,-0.032
490.52,-0.036000000000000004
490.56,-0.04000000000000001
490.6,-0.04000000000000001
490.64,-0.04000000000000001
490.68,-0.036000000000000004
490.72,-0.027999999999999997
490.76,-0.027999999999999997
490.8,-0.032
490.84000000000003,-0.027999999999999997
490.88,-0.027999999999999997
490.92,-0.032
490.96000000000004,-0.036000000000000004
491.0,-0.036000000000000004
491.04,-0.036000000000000004
491.08,-0.032
491.12,-0.027999999999999997
491.16,-0.027999999999999997
491.2,-0.036000000000000004
491.24,-0.036000000000000004
491.28000000000003,-0.036000000000000004
491.32,-0.036000000000000004
491.36,-0.036000000000000004
491.40000000000003,-0.027999999999999997
491.44,-0.027999999999999997
491.48,-0.027999999999999997
491.52,-0.032
491.56,-0.027999999999999997
491.6,-0.036000000000000004
491.64,-0.032
491.68,-0.027999999999999997
491.72,-0.032
491.76,-0.036000000000000004
491.8,-0.036000000000000004
491.84000000000003,-0.036000000000000004
491.88,-0.04000000000000001
491.92,-0.04000000000000001
491.96000000000004,-0.036000000000000004
492.0,-0.036000000000000004
492.04,-0.036000000000000004
492.08,-0.027999999999999997
492.12,-0.01999999999999999
492.16,-0.027999999999999997
492.2,-0.036000000000000004
492.24,-0.032
492.28000000000003,-0.032
492.32,-0.036000000000000004
492.36,-0.027999999999999997
492.40000000000003,-0.027999999999999997
492.44,-0.036000000000000004
492.48,-0.032
492.52000000000004,-0.027999999999999997
492.56,-0.036000000000000004
492.6,-0.036000000000000004
492.64,-0.032
492.68,-0.032
492.72,-0.032
492.76,-0.023999999999999994
492.8,-0.023999999999999994
492.84000000000003,-0.027999999999999997
492.88,-0.027999999999999997
492.92,-0.027999999999999997
492.96000000000004,-0.032
493.0,-0.036000000000000004
493.04,-0.027999999999999997
493.08,-0.027999999999999997
493.12,-0.036000000000000004
493.16,-0.036000000000000004
493.2,-0.032
493.24,-0.04000000000000001
493.28000000000003,-0.04000000000000001
493.32,-0.027999999999999997
493.36,-0.027999999999999997
493.40000000000003,-0.027999999999999997
493.44,-0.027999999999999997
493.48,-0.027999999999999997
493.52000000000004,-0.027999999999999997
493.56,-0.036000000000000004
493.6,-0.032
493.64,-0.032
493.68,-0.036000000000000004
493.72,-0.027999999999999997
493.76,-0.023999999999999994
493.8,-0.032
493.84000000000003,-0.032
493.88,-0.036000000000000004
493.92,-0.04000000000000001
493.96000000000004,-0.036000000000000004
494.0,-0.036000000000000004
494.04,-0.027999999999999997
494.08,-0.027999999999999997
494.12,-0.023999999999999994
494.16,-0.027999999999999997
494.2,-0.027999999999999997
494.24,-0.032
494.28000000000003,-0.027999999999999997
494.32,-0.027999999999999997
494.36,-0.032
494.40000000000003,-0.027999999999999997
494.44,-0.027999999999999997
494.48,-0.04000000000000001
494.52000000000004,-0.036000000000000004
494.56,-0.032
494.6,-0.036000000000000004
494.64,-0.036000000000000004
494.68,-0.032
494.72,-0.027999999999999997
494.76,-0.027999999999999997
494.8,-0.027999999999999997
494.84000000000003,-0.032
494.88,-0.032
494.92,-0.036000000000000004
494.96000000000004,-0.032
495.0,-0.027999999999999997
495.04,-0.032
495.08,-0.027999999999999997
495.12,-0.027999999999999997
495.16,-0.027999999999999997
495.2,-0.04000000000000001
495.24,-0.036000000000000004
495.28000000000003,-0.032
495.32,-0.027999999999999997
495.36,-0.027999999999999997
495.40000000000003,-0.027999999999999997
495.44,-0.027999999999999997
495.48,-0.027999999999999997
495.52000000000004,-0.027999999999999997
495.56,-0.027999999999999997
495.6,-0.036000000000000004
495.64,-0.027999999999999997
495.68,-0.027999999999999997
495.72,-0.036000000000000004
495.76,-0.036000000000000004
495.8,-0.027999999999999997
495.84000000000003,-0.032
495.88,-0.036000000000000004
495.92,-0.036000000000000004
495.96000000000004,-0.027999999999999997
496.0,-0.027999999999999997
496.04,-0.027999999999999997
496.08,-0.027999999999999997
496.12,-0.036000000000000004
496.16,-0.032
496.2,-0.027999999999999997
496.24,-0.027999999999999997
496.28000000000003,-0.036000000000000004
496.32,-0.036000000000000004
496.36,-0.023999999999999994
496.40000000000003,-0.027999999999999997
496.44,-0.036000000000000004
496.48,-0.032
496.52000000000004,-0.032
496.56,-0.036000000000000004
496.6,-0.036000000000000004
496.64,-0.027999999999999997
496.68,-0.027999999999999997
496.72,-0.023999999999999994
496.76,-0.01999999999999999
496.8,-0.027999999999999997
496.84000000000003,-0.027999999999999997
496.88,-0.027999999999999997
496.92,-0.027999999999999997
496.96000000000004,-0.036000000000000004
497.0,-0.032
497.04,-0.023999999999999994
497.08,-0.027999999999999997
497.12,-0.036000000000000004
497.16,-0.032
497.2,-0.032
497.24,-0.036000000000000004
497.28000000000003,-0.032
497.32,-0.027999999999999997
497.36,-0.032
497.40000000000003,-0.027999999999999997
497.44,-0.023999999999999994
497.48,-0.027999999999999997
497.52000000000004,-0.036000000000000004
497.56,-0.036000000000000004
497.6,-0.027999999999999997
497.64,-0.032
497.68,-0.032
497.72,-0.027999999999999997
497.76,-0.027999999999999997
497.8,-0.036000000000000004
497.84000000000003,-0.036000000000000004
497.88,-0.036000000000000004
497.92,-0.036000000000000004
497.96000000000004,-0.032
498.0,-0.027999999999999997
498.04,-0.027999999999999997
498.08,-0.027999999999999997
498.12,-0.023999999999999994
498.16,-0.027999999999999997
498.2,-0.027999999999999997
498.24,-0.027999999999999997
498.28000000000003,-0.027999999999999997
498.32,-0.027999999999999997
498.36,-0.036000000000000004
498.40000000000003,-0.027999999999999997
498.44,-0.027999999999999997
498.48,-0.032
498.52000000000004,-0.036000000000000004
498.56,-0.027999999999999997
498.6,-0.027999999999999997
498.64,-0.027999999999999997
498.68,-0.01999999999999999
498.72,-0.023999999999999994
498.76,-0.032
498.8,-0.027999999999999997
498.84000000000003,-0.027999999999999997
498.88,-0.027999999999999997
498.92,-0.032
498.96000000000004,-0.027999999999999997
499.0,-0.027999999999999997
499.04,-0.036000000000000004
499.08,-0.036000000000000004
499.12,-0.032
499.16,-0.036000000000000004
499.2,-0.036000000000000004
499.24,-0.032
499.28000000000003,-0.027999999999999997
499.32,-0.027999999999999997
499.36,-0.023999999999999994
499.40000000000003,-0.023999999999999994
499.44,-0.027999999999999997
499.48,-0.027999999999999997
499.52000000000004,-0.027999999999999997
499.56,-0.027999999999999997
499.6,-0.027999999999999997
499.64,-0.027999999999999997
499.68,-0.027999999999999997
499.72,-0.027999999999999997
499.76,-0.027999999999999997
499.8,-0.027999999999999997
499.84000000000003,-0.032
499.88,-0.027999999999999997
499.92,-0.023999999999999994
499.96000000000004,-0.027999999999999997
500.0,-0.032
500.04,-0.023999999999999994
500.08,-0.01999999999999999
500.12,-0.027999999999999997
500.16,-0.036000000000000004
500.2,-0.027999999999999997
500.24,-0.027999999999999997
500.28000000000003,-0.032
500.32,-0.027999999999999997
500.36,-0.027999999999999997
500.40000000000003,-0.032
500.44,-0.032
500.48,-0.036000000000000004
500.52000000000004,-0.036000000000000004
500.56,-0.032
500.6,-0.027999999999999997
500.64,-0.027999999999999997
500.68,-0.027999999999999997
500.72,-0.023999999999999994
500.76,-0.027999999999999997
500.8,-0.027999999999999997
500.84000000000003,-0.032
500.88,-0.027999999999999997
500.92,-0.027999999999999997
500.96000000000004,-0.032
501.0,-0.027999999999999997
501.04,-0.027999999999999997
501.08,-0.032
501.12,-0.027999999999999997
501.16,-0.027999999999999997
501.2,-0.036000000000000004
501.24,-0.036000000000000004
501.28000000000003,-0.01999999999999999
501.32,-0.01999999999999999
501.36,-0.027999999999999997
501.40000000000003,-0.027999999999999997
501.44,-0.023999999999999994
501.48,-0.032
501.52000000000004,-0.027999999999999997
501.56,-0.027999999999999997
501.6,-0.027999999999999997
501.64,-0.027999999999999997
501.68,-0.027999999999999997
501.72,-0.032
501.76,-0.032
501.8,-0.036000000000000004
501.84000000000003,-0.036000000000000004
501.88,-0.032
501.92,-0.027999999999999997
501.96000000000004,-0.023999999999999994
502.0,-0.023999999999999994
502.04,-0.027999999999999997
502.08,-0.027999999999999997
502.12,-0.027999999999999997
502.16,-0.027999999999999997
502.2,-0.027999999999999997
502.24,-0.027999999999999997
502.28000000000003,-0.027999999999999997
502.32,-0.027999999999999997
502.36,-0.027999999999999997
502.40000000000003,-0.027999999999999997
502.44,-0.036000000000000004
502.48,-0.036000000000000004
502.52000000000004,-0.027999999999999997
502.56,-0.023999999999999994
502.6,-0.027999999999999997
502.64,-0.023999999999999994
502.68,-0.023999999999999994
502.72,-0.027999999999999997
502.76,-0.027999999999999997
502.8,-0.023999999999999994
502.84000000000003,-0.027999999999999997
502.88,-0.027999999999999997
502.92,-0.027999999999999997
502.96000000000004,-0.027999999999999997
503.0,-0.027999999999999997
503.04,-0.036000000000000004
503.08,-0.032
503.12,-0.032
503.16,-0.036000000000000004
503.2,-0.027999999999999997
503.24,-0.023999999999999994
503.28000000000003,-0.027999999999999997
503.32,-0.027999999999999997
503.36,-0.023999999999999994
503.40000000000003,-0.027999999999999997
503.44,-0.032
503.48,-0.027999999999999997
503.52000000000004,-0.027999999999999997
503.56,-0.032
503.6,-0.027999999999999997
503.64,-0.027999999999999997
503.68,-0.036000000000000004
503.72,-0.032
503.76,-0.023999999999999994
503.8,-0.027999999999999997
503.84000000000003,-0.036000000000000004
503.88,-0.027999999999999997
503.92,-0.023999999999999994
503.96000000000004,-0.023999999999999994
504.0,-0.027999999999999997
504.04,-0.01999999999999999
504.08,-0.027999999999999997
504.12,-0.032
504.16,-0.023999999999999994
504.2,-0.023999999999999994
504.24,-0.027999999999999997
504.28000000000003,-0.027999999999999997
504.32,-0.023999999999999994
504.36,-0.027999999999999997
504.40000000000003,-0.036000000000000004
504.44,-0.036000000000000004
504.48,-0.027999999999999997
504.52000000000004,-0.027999999999999997
504.56,-0.023999999999999994
504.6,-0.023999999999999994
504.64,-0.023999999999999994
504.68,-0.023999999999999994
504.72,-0.023999999999999994
504.76,-0.027999999999999997
504.8,-0.032
504.84000000000003,-0.027999999999999997
504.88,-0.027999999999999997
504.92,-0.032
504.96000000000004,-0.027999999999999997
505.0,-0.023999999999999994
505.04,-0.027999999999999997
505.08,-0.036000000000000004
505.12,-0.032
505.16,-0.027999999999999997
505.2,-0.027999999999999997
505.24,-0.023999999999999994
505.28000000000003,-0.01999999999999999
505.32,-0.027999999999999997
505.36,-0.027999999999999997
505.40000000000003,-0.023999999999999994
505.44,-0.023999999999999994
505.48,-0.027999999999999997
505.52000000000004,-0.027999999999999997
505.56,-0.01999999999999999
505.6,-0.027999999999999997
505.64,-0.027999999999999997
505.68,-0.032
505.72,-0.032
505.76,-0.032
505.8,-0.036000000000000004
505.84000000000003,-0.027999999999999997
505.88,-0.023999999999999994
505.92,-0.01999999999999999
505.96000000000004,-0.023999999999999994
506.0,-0.027999999999999997
506.04,-0.027999999999999997
506.08,-0.027999999999999997
506.12,-0.027999999999999997
506.16,-0.032
506.2,-0.027999999999999997
506.24,-0.01999999999999999
506.28000000000003,-0.027999999999999997
506.32,-0.036000000000000004
506.36,-0.027999999999999997
506.40000000000003,-0.027999999999999997
506.44,-0.027999999999999997
506.48,-0.027999999999999997
506.52000000000004,-0.027999999999999997
506.56,-0.027999999999999997
506.6,-0.023999999999999994
506.64,-0.01999999999999999
506.68,-0.023999999999999994
506.72,-0.023999999999999994
506.76,-0.027999999999999997
506.8,-0.01999999999999999
506.84000000000003,-0.023999999999999994
506.88,-0.027999999999999997
506.92,-0.027999999999999997
506.96000000000004,-0.027999999999999997
507.0,-0.032
507.04,-0.032
507.08,-0.027999999999999997
507.12,-0.027999999999999997
507.16,-0.023999999999999994
507.2,-0.023999999999999994
507.24,-0.023999999999999994
507.28000000000003,-0.01999999999999999
507.32,-0.023999999999999994
507.36,-0.027999999999999997
507.40000000000003,-0.027999999999999997
507.44,-0.027999999999999997
507.48,-0.027999999999999997
507.52000000000004,-0.027999999999999997
507.56,-0.032
507.6,-0.027999999999999997
507.64,-0.027999999999999997
507.68,-0.027999999999999997
507.72,-0.036000000000000004
507.76,-0.027999999999999997
507.8,-0.027999999999999997
507.84000000000003,-0.027999999999999997
507.88,-0.023999999999999994
507.92,-0.023999999999999994
507.96000000000004,-0.023999999999999994
508.0,-0.023999999999999994
508.04,-0.01999999999999999
508.08,-0.027999999999999997
508.12,-0.027999999999999997
508.16,-0.01999999999999999
508.2,-0.023999999999999994
508.24,-0.027999999999999997
508.28000000000003,-0.027999999999999997
508.32,-0.027999999999999997
508.36,-0.027999999999999997
508.40000000000003,-0.036000000000000004
508.44,-0.027999999999999997
508.48,-0.027999999999999997
508.52000000000004,-0.023999999999999994
508.56,-0.01999999999999999
508.6,-0.01999999999999999
508.64,-0.01999999999999999
508.68,-0.023999999999999994
508.72,-0.023999999999999994
508.76,-0.027999999999999997
508.8,-0.027999999999999997
508.84000000000003,-0.023999999999999994
508.88,-0.023999999999999994
508.92,-0.027999999999999997
508.96000000000004,-0.027999999999999997
509.0,-0.027999999999999997
509.04,-0.032
509.08,-0.027999999999999997
509.12,-0.023999999999999994
509.16,-0.023999999999999994
509.2,-0.027999999999999997
509.24,-0.023999999999999994
509.28000000000003,-0.01999999999999999
509.32,-0.027999999999999997
509.36,-0.027999999999999997
509.40000000000003,-0.023999999999999994
509.44,-0.023999999999999994
509.48,-0.027999999999999997
509.52000000000004,-0.023999999999999994
509.56,-0.01999999999999999
509.6,-0.027999999999999997
509.64,-0.032
509.68,-0.027999999999999997
509.72,-0.027999999999999997
509.76,-0.027999999999999997
509.8,-0.023999999999999994
509.84000000000003,-0.01999999999999999
509.88,-0.01999999999999999
509.92,-0.01999999999999999
509.96000000000004,-0.023999999999999994
510.0,-0.027999999999999997
510.04,-0.027999999999999997
510.08,-0.01999999999999999
510.12,-0.023999999999999994
510.16,-0.027999999999999997
510.2,-0.027999999999999997
510.24,-0.027999999999999997
510.28000000000003,-0.027999999999999997
510.32,-0.027999999999999997
510.36,-0.027999999999999997
510.40000000000003,-0.036000000000000004
510.44,-0.027999999999999997
510.48,-0.023999999999999994
510.52000000000004,-0.01999999999999999
510.56,-0.023999999999999994
510.6,-0.027999999999999997
510.64,-0.023999999999999994
510.68,-0.01999999999999999
510.72,-0.027999999999999997
510.76,-0.023999999999999994
510.8,-0.01999999999999999
510.84000000000003,-0.023999999999999994
510.88,-0.027999999999999997
510.92,-0.027999999999999997
510.96000000000004,-0.027999999999999997
511.0,-0.032
511.04,-0.023999999999999994
511.08,-0.01999999999999999
511.12,-0.01999999999999999
511.16,-0.023999999999999994
511.2,-0.016
511.24,-0.023999999999999994
511.28000000000003,-0.023999999999999994
511.32,-0.023999999999999994
511.36,-0.01999999999999999
511.40000000000003,-0.027999999999999997
511.44,-0.027999999999999997
511.48,-0.01999999999999999
511.52000000000004,-0.023999999999999994
511.56,-0.027999999999999997
511.6,-0.027999999999999997
511.64,-0.027999999999999997
511.68,-0.036000000000000004
511.72,-0.027999999999999997
511.76,-0.01999999999999999
511.8,-0.023999999999999994
511.84000000000003,-0.027999999999999997
511.88,-0.023999999999999994
511.92,-0.01999999999999999
511.96000000000004,-0.027999999999999997
512.0,-0.023999999999999994
512.04,-0.01999999999999999
512.08,-0.027999999999999997
512.12,-0.023999999999999994
512.16,-0.023999999999999994
512.2,-0.01999999999999999
512.24,-0.027999999999999997
512.28,-0.027999999999999997
512.32,-0.027999999999999997
512.36,-0.027999999999999997
512.4,-0.027999999999999997
512.44,-0.01999999999999999
512.48,-0.01999999999999999
512.52,-0.023999999999999994
512.5600000000001,-0.016
512.6,-0.01999999999999999
512.64,-0.027999999999999997
512.6800000000001,-0.027999999999999997
512.72,-0.023999999999999994
512.76,-0.01999999999999999
512.8,-0.027999999999999997
512.84,-0.023999999999999994
512.88,-0.027999999999999997
512.92,-0.027999999999999997
512.96,-0.027999999999999997
513.0,-0.027999999999999997
513.04,-0.027999999999999997
513.08,-0.027999999999999997
513.12,-0.01999999999999999
513.16,-0.01999999999999999
513.2,-0.023999999999999994
513.24,-0.01999999999999999
513.28,-0.023999999999999994
513.32,-0.027999999999999997
513.36,-0.027999999999999997
513.4,-0.01999999999999999
513.44,-0.01999999999999999
513.48,-0.023999999999999994
513.52,-0.023999999999999994
513.5600000000001,-0.027999999999999997
513.6,-0.036000000000000004
513.64,-0.032
513.6800000000001,-0.023999999999999994
513.72,-0.01999999999999999
513.76,-0.023999999999999994
513.8,-0.016
513.84,-0.016
513.88,-0.023999999999999994
513.92,-0.027999999999999997
513.96,-0.01999999999999999
514.0,-0.01999999999999999
514.04,-0.023999999999999994
514.08,-0.023999999999999994
514.12,-0.01999999999999999
514.16,-0.023999999999999994
514.2,-0.023999999999999994
514.24,-0.027999999999999997
514.28,-0.032
514.32,-0.027999999999999997
514.36,-0.023999999999999994
514.4,-0.023999999999999994
514.44,-0.023999999999999994
514.48,-0.01999999999999999
514.52,-0.023999999999999994
514.5600000000001,-0.027999999999999997
514.6,-0.027999999999999997
514.64,-0.01999999999999999
514.6800000000001,-0.023999999999999994
514.72,-0.023999999999999994
514.76,-0.016
514.8,-0.023999999999999994
514.84,-0.027999999999999997
514.88,-0.027999999999999997
514.92,-0.027999999999999997
514.96,-0.027999999999999997
515.0,-0.032
515.04,-0.01999999999999999
515.08,-0.023999999999999994
515.12,-0.01999999999999999
515.16,-0.023999999999999994
515.2,-0.01999999999999999
515.24,-0.01999999999999999
515.28,-0.023999999999999994
515.32,-0.023999999999999994
515.36,-0.023999999999999994
515.4,-0.023999999999999994
515.44,-0.01999999999999999
515.48,-0.01999999999999999
515.52,-0.027999999999999997
515.5600000000001,-0.027999999999999997
515.6,-0.027999999999999997
515.64,-0.027999999999999997
515.6800000000001,-0.027999999999999997
515.72,-0.023999999999999994
515.76,-0.023999999999999994
515.8,-0.023999999999999994
515.84,-0.023999999999999994
515.88,-0.023999999999999994
515.92,-0.027999999999999997
515.96,-0.023999999999999994
516.0,-0.01999999999999999
516.04,-0.01999999999999999
516.08,-0.023999999999999994
516.12,-0.023999999999999994
516.16,-0.01999999999999999
516.2,-0.027999999999999997
516.24,-0.032
516.28,-0.027999999999999997
516.32,-0.027999999999999997
516.36,-0.027999999999999997
516.4,-0.01999999999999999
516.44,-0.016
516.48,-0.023999999999999994
516.52,-0.023999999999999994
516.5600000000001,-0.01999999999999999
516.6,-0.023999999999999994
516.64,-0.023999999999999994
516.6800000000001,-0.01999999999999999
516.72,-0.01999999999999999
516.76,-0.023999999999999994
516.8,-0.027999999999999997
516.84,-0.023999999999999994
516.88,-0.023999999999999994
516.92,-0.032
516.96,-0.027999999999999997
517.0,-0.027999999999999997
517.04,-0.01999999999999999
517.08,-0.023999999999999994
517.12,-0.01999999999999999
517.16,-0.023999999999999994
517.2,-0.027999999999999997
517.24,-0.023999999999999994
517.28,-0.023999999999999994
517.32,-0.023999999999999994
517.36,-0.01999999999999999
517.4,-0.01999999999999999
517.44,-0.01999999999999999
517.48,-0.027999999999999997
517.52,-0.027999999999999997
517.5600000000001,-0.027999999999999997
517.6,-0.027999999999999997
517.64,-0.027999999999999997
517.6800000000001,-0.01999999999999999
517.72,-0.01999999999999999
517.76,-0.01999999999999999
517.8,-0.01999999999999999
517.84,-0.023999999999999994
517.88,-0.023999999999999994
517.92,-0.023999999999999994
517.96,-0.01999999999999999
518.0,-0.023999999999999994
518.04,-0.01999999999999999
518.08,-0.011999999999999997
518.12,-0.01999999999999999
518.16,-0.027999999999999997
518.2,-0.027999999999999997
518.24,-0.023999999999999994
518.28,-0.01999999999999999
518.32,-0.023999999999999994
518.36,-0.01999999999999999
518.4,-0.023999999999999994
518.44,-0.023999999999999994
518.48,-0.023999999999999994
518.52,-0.01999999999999999
518.5600000000001,-0.027999999999999997
518.6,-0.01999999999999999
518.64,-0.016
518.6800000000001,-0.01999999999999999
518.72,-0.023999999999999994
518.76,-0.023999999999999994
518.8,-0.027999999999999997
518.84,-0.032
518.88,-0.027999999999999997
518.92,-0.027999999999999997
518.96,-0.027999999999999997
519.0,-0.027999999999999997
519.04,-0.01999999999999999
519.08,-0.023999999999999994
519.12,-0.01999999999999999
519.16,-0.01999999999999999
519.2,-0.01999999999999999
519.24,-0.027999999999999997
519.28,-0.01999999999999999
519.32,-0.016
519.36,-0.01999999999999999
519.4,-0.027999999999999997
519.44,-0.023999999999999994
519.48,-0.023999999999999994
519.52,-0.027999999999999997
519.5600000000001,-0.027999999999999997
519.6,-0.023999999999999994
519.64,-0.027999999999999997
519.6800000000001,-0.023999999999999994
519.72,-0.01999999999999999
519.76,-0.023999999999999994
519.8,-0.01999999999999999
519.84,-0.023999999999999994
519.88,-0.01999999999999999
519.92,-0.023999999999999994
519.96,-0.023999999999999994
520.0,-0.01999999999999999
520.04,-0.01999999999999999
520.08,-0.01999999999999999
520.12,-0.023999999999999994
520.16,-0.027999999999999997
520.2,-0.032
520.24,-0.027999999999999997
520.28,-0.023999999999999994
520.32,-0.023999999999999994
520.36,-0.01999999999999999
520.4,-0.01999999999999999
520.44,-0.023999999999999994
520.48,-0.027999999999999997
520.52,-0.01999999999999999
520.5600000000001,-0.01999999999999999
520.6,-0.023999999999999994
520.64,-0.023999999999999994
520.6800000000001,-0.01999999999999999
520.72,-0.016
520.76,-0.023999999999999994
520.8,-0.027999999999999997
520.84,-0.027999999999999997
520.88,-0.027999999999999997
520.92,-0.023999999999999994
520.96,-0.023999999999999994
521.0,-0.01999999999999999
521.04,-0.023999999999999994
521.08,-0.01999999999999999
521.12,-0.01999999999999999
521.16,-0.023999999999999994
521.2,-0.023999999999999994
521.24,-0.016
521.28,-0.011999999999999997
521.32,-0.016
521.36,-0.01999999999999999
521.4,-0.023999999999999994
521.44,-0.027999999999999997
521.48,-0.027999999999999997
521.52,-0.027999999999999997
521.5600000000001,-0.027999999999999997
521.6,-0.023999999999999994
521.64,-0.023999999999999994
521.6800000000001,-0.01999999999999999
521.72,-0.023999999999999994
521.76,-0.023999999999999994
521.8,-0.01999999999999999
521.84,-0.027999999999999997
521.88,-0.027999999999999997
521.92,-0.01999999999999999
521.96,-0.011999999999999997
522.0,-0.023999999999999994
522.04,-0.023999999999999994
522.08,-0.01999999999999999
522.12,-0.023999999999999994
522.16,-0.027999999999999997
522.2,-0.023999999999999994
522.24,-0.023999999999999994
522.28,-0.027999999999999997
522.32,-0.023999999999999994
522.36,-0.01999999999999999
522.4,-0.027999999999999997
522.44,-0.027999999999999997
522.48,-0.01999999999999999
522.52,-0.011999999999999997
522.5600000000001,-0.023999999999999994
522.6,-0.01999999999999999
522.64,-0.011999999999999997
522.6800000000001,-0.01999999999999999
522.72,-0.023999999999999994
522.76,-0.023999999999999994
522.8,-0.027999999999999997
522.84,-0.027999999999999997
522.88,-0.027999999999999997
522.92,-0.01999999999999999
522.96,-0.027999999999999997
523.0,-0.023999999999999994
523.04,-0.01999999999999999
523.08,-0.027999999999999997
523.12,-0.027999999999999997
523.16,-0.01999999999999999
523.2,-0.016
523.24,-0.023999999999999994
523.28,-0.01999999999999999
523.32,-0.016
523.36,-0.01999999999999999
523.4,-0.023999999999999994
523.44,-0.023999999999999994
523.48,-0.027999999999999997
523.52,-0.027999999999999997
523.5600000000001,-0.023999999999999994
523.6,-0.01999999999999999
523.64,-0.027999999999999997
523.6800000000001,-0.023999999999999994
523.72,-0.01999999999999999
523.76,-0.01999999999999999
523.8,-0.027999999999999997
523.84,-0.01999999999999999
523.88,-0.011999999999999997
523.92,-0.01999999999999999
523.96,-0.016
524.0,-0.01999999999999999
524.04,-0.01999999999999999
524.08,-0.027999999999999997
524.12,-0.027999999999999997
524.16,-0.027999999999999997
524.2,-0.027999999999999997
524.24,-0.023999999999999994
524.28,-0.023999999999999994
524.32,-0.023999999999999994
524.36,-0.023999999999999994
524.4,-0.01999999999999999
524.44,-0.01999999999999999
524.48,-0.023999999999999994
524.52,-0.023999999999999994
524.5600000000001,-0.01999999999999999
524.6,-0.01999999999999999
524.64,-0.01999999999999999
524.6800000000001,-0.01999999999999999
524.72,-0.027999999999999997
524.76,-0.027999999999999997
524.8,-0.023999999999999994
524.84,-0.023999999999999994
524.88,-0.027999999999999997
524.92,-0.023999999999999994
524.96,-0.01999999999999999
525.0,-0.023999999999999994
525.04,-0.023999999999999994
525.08,-0.023999999999999994
525.12,-0.01999999999999999
525.16,-0.016
525.2,-0.01999999999999999
525.24,-0.011999999999999997
525.28,-0.011999999999999997
525.32,-0.01999999999999999
525.36,-0.023999999999999994
525.4,-0.023999999999999994
525.44,-0.023999999999999994
525.48,-0.027999999999999997
525.52,-0.023999999999999994
525.5600000000001,-0.023999999999999994
525.6,-0.01999999999999999
525.64,-0.01999999999999999
525.6800000000001,-0.01999999999999999
525.72,-0.027999999999999997
525.76,-0.023999999999999994
525.8,-0.01999999999999999
525.84,-0.011999999999999997
525.88,-0.016
525.92,-0.01999999999999999
525.96,-0.01999999999999999
526.0,-0.023999999999999994
526.04,-0.023999999999999994
526.08,-0.023999999999999994
526.12,-0.027999999999999997
526.16,-0.023999999999999994
526.2,-0.01999999999999999
526.24,-0.01999999999999999
526.28,-0.027999999999999997
526.32,-0.023999999999999994
526.36,-0.023999999999999994
526.4,-0.027999999999999997
526.44,-0.023999999999999994
526.48,-0.01999999999999999
526.52,-0.016
526.5600000000001,-0.011999999999999997
526.6,-0.011999999999999997
526.64,-0.01999999999999999
526.6800000000001,-0.023999999999999994
526.72,-0.023999999999999994
526.76,-0.01999999999999999
526.8,-0.023999999999999994
526.84,-0.01999999999999999
526.88,-0.01999999999999999
526.92,-0.023999999999999994
526.96,-0.027999999999999997
527.0,-0.01999999999999999
527.04,-0.01999999999999999
527.08,-0.01999999999999999
527.12,-0.01999999999999999
527.16,-0.016
527.2,-0.01999999999999999
527.24,-0.01999999999999999
527.28,-0.016
527.32,-0.023999999999999994
527.36,-0.027999999999999997
527.4,-0.023999999999999994
527.44,-0.01999999999999999
527.48,-0.023999999999999994
527.52,-0.023999999999999994
527.5600000000001,-0.01999999999999999
527.6,-0.01999999999999999
527.64,-0.027999999999999997
527.6800000000001,-0.023999999999999994
527.72,-0.023999999999999994
527.76,-0.01999999999999999
527.8,-0.01999999999999999
527.84,-0.011999999999999997
527.88,-0.011999999999999997
527.92,-0.01999999999999999
527.96,-0.01999999999999999
528.0,-0.01999999999999999
528.04,-0.023999999999999994
528.08,-0.023999999999999994
528.12,-0.01999999999999999
528.16,-0.023999999999999994
528.2,-0.023999999999999994
528.24,-0.01999999999999999
528.28,-0.01999999999999999
528.32,-0.023999999999999994
528.36,-0.023999999999999994
528.4,-0.01999999999999999
528.44,-0.01999999999999999
528.48,-0.011999999999999997
528.52,-0.011999999999999997
528.5600000000001,-0.01999999999999999
528.6,-0.023999999999999994
528.64,-0.023999999999999994
528.6800000000001,-0.01999999999999999
528.72,-0.023999999999999994
528.76,-0.027999999999999997
528.8,-0.01999999999999999
528.84,-0.01999999999999999
528.88,-0.023999999999999994
528.92,-0.023999999999999994
528.96,-0.023999999999999994
529.0,-0.023999999999999994
529.04,-0.027999999999999997
529.08,-0.01999999999999999
529.12,-0.016
529.16,-0.01999999999999999
529.2,-0.011999999999999997
529.24,-0.011999999999999997
529.28,-0.01999999999999999
529.32,-0.023999999999999994
529.36,-0.023999999999999994
529.4,-0.01999999999999999
529.44,-0.023999999999999994
529.48,-0.01999999999999999
529.52,-0.011999999999999997
529.5600000000001,-0.01999999999999999
529.6,-0.023999999999999994
529.64,-0.01999999999999999
529.6800000000001,-0.016
529.72,-0.01999999999999999
529.76,-0.016
529.8,-0.011999999999999997
529.84,-0.016
529.88,-0.01999999999999999
529.92,-0.016
529.96,-0.023999999999999994
530.0,-0.01999999999999999
530.04,-0.01999999999999999
530.08,-0.016
530.12,-0.01999999999999999
530.16,-0.023999999999999994
530.2,-0.016
530.24,-0.023999999999999994
530.28,-0.027999999999999997
530.32,-0.023999999999999994
530.36,-0.01999999999999999
530.4,-0.023999999999999994
530.44,-0.011999999999999997
530.48,-0.007999999999999993
530.52,-0.01999999999999999
530.5600000000001,-0.023999999999999994
530.6,-0.01999999999999999
530.64,-0.01999999999999999
530.6800000000001,-0.023999999999999994
530.72,-0.01999999999999999
530.76,-0.011999999999999997
530.8,-0.01999999999999999
530.84,-0.027999999999999997
530.88,-0.01999999999999999
530.92,-0.01999999999999999
530.96,-0.023999999999999994
531.0,-0.01999999999999999
531.04,-0.016
531.08,-0.011999999999999997
531.12,-0.011999999999999997
531.16,-0.011999999999999997
531.2,-0.01999999999999999
531.24,-0.01999999999999999
531.28,-0.01999999999999999
531.32,-0.016
531.36,-0.023999999999999994
531.4,-0.01999999999999999
531.44,-0.011999999999999997
531.48,-0.01999999999999999
531.52,-0.01999999999999999
531.5600000000001,-0.023999999999999994
531.6,-0.023999999999999994
531.64,-0.01999999999999999
531.6800000000001,-0.01999999999999999
531.72,-0.011999999999999997
531.76,-0.016
531.8,-0.01999999999999999
531.84,-0.011999999999999997
531.88,-0.011999999999999997
531.92,-0.01999999999999999
531.96,-0.01999999999999999
532.0,-0.01999999999999999
532.04,-0.01999999999999999
532.08,-0.01999999999999999
532.12,-0.01999999999999999
532.16,-0.016
532.2,-0.01999999999999999
532.24,-0.023999999999999994
532.28,-0.016
532.32,-0.01999999999999999
532.36,-0.01999999999999999
532.4,-0.011999999999999997
532.44,-0.007999999999999993
532.48,-0.016
532.52,-0.01999999999999999
532.5600000000001,-0.011999999999999997
532.6,-0.016
532.64,-0.023999999999999994
532.6800000000001,-0.01999999999999999
532.72,-0.011999999999999997
532.76,-0.01999999999999999
532.8,-0.01999999999999999
532.84,-0.01999999999999999
532.88,-0.01999999999999999
532.92,-0.023999999999999994
532.96,-0.01999999999999999
533.0,-0.01999999999999999
533.04,-0.01999999999999999
533.08,-0.011999999999999997
533.12,-0.007999999999999993
533.16,-0.011999999999999997
533.2,-0.01999999999999999
533.24,-0.016
533.28,-0.01999999999999999
533.32,-0.023999999999999994
533.36,-0.016
533.4,-0.011999999999999997
533.44,-0.01999999999999999
533.48,-0.023999999999999994
533.52,-0.01999999999999999
533.5600000000001,-0.01999999999999999
533.6,-0.023999999999999994
533.64,-0.011999999999999997
533.6800000000001,-0.007999999999999993
533.72,-0.016
533.76,-0.011999999999999997
533.8,-0.007999999999999993
533.84,-0.016
533.88,-0.01999999999999999
533.92,-0.016
533.96,-0.011999999999999997
534.0,-0.016
534.04,-0.011999999999999997
534.08,-0.011999999999999997
534.12,-0.01999999999999999
534.16,-0.01999999999999999
534.2,-0.01999999999999999
534.24,-0.023999999999999994
534.28,-0.01999999999999999
534.32,-0.011999999999999997
534.36,-0.007999999999999993
534.4,-0.011999999999999997
534.44,-0.011999999999999997
534.48,-0.016
534.52,-0.01999999999999999
534.5600000000001,-0.023999999999999994
534.6,-0.011999999999999997
534.64,-0.016
534.6800000000001,-0.01999999999999999
534.72,-0.01999999999999999
534.76,-0.016
534.8,-0.023999999999999994
534.84,-0.023999999999999994
534.88,-0.01999999999999999
534.92,-0.016
534.96,-0.01999999999999999
535.0,-0.011999999999999997
535.04,-0.007999999999999993
535.08,-0.016
535.12,-0.016
535.16,-0.011999999999999997
535.2,-0.011999999999999997
535.24,-0.016
535.28,-0.011999999999999997
535.32,-0.011999999999999997
535.36,-0.011999999999999997
535.4,-0.011999999999999997
535.44,-0.01999999999999999
535.48,-0.01999999999999999
535.52,-0.01999999999999999
535.5600000000001,-0.016
535.6,-0.011999999999999997
535.64,-0.011999999999999997
535.6800000000001,-0.011999999999999997
535.72,-0.011999999999999997
535.76,-0.011999999999999997
535.8,-0.016
535.84,-0.011999999999999997
535.88,-0.011999999999999997
535.92,-0.016
535.96,-0.011999999999999997
536.0,-0.011999999999999997
536.04,-0.01999999999999999
536.08,-0.01999999999999999
536.12,-0.01999999999999999
536.16,-0.01999999999999999
536.2,-0.023999999999999994
536.24,-0.016
536.28,-0.011999999999999997
536.32,-0.011999999999999997
536.36,-0.011999999999999997
536.4,-0.007999999999999993
536.44,-0.011999999999999997
536.48,-0.01999999999999999
536.52,-0.016
536.5600000000001,-0.011999999999999997
536.6,-0.011999999999999997
536.64,-0.011999999999999997
536.6800000000001,-0.011999999999999997
536.72,-0.016
536.76,-0.01999999999999999
536.8,-0.016
536.84,-0.016
536.88,-0.01999999999999999
536.92,-0.01999999999999999
536.96,-0.011999999999999997
537.0,-0.011999999999999997
537.04,-0.011999999999999997
537.08,-0.011999999999999997
537.12,-0.016
537.16,-0.011999999999999997
537.2,-0.011999999999999997
537.24,-0.011999999999999997
537.28,-0.01999999999999999
537.32,-0.016
537.36,-0.016
537.4,-0.016
537.44,-0.01999999999999999
537.48,-0.01999999999999999
537.52,-0.011999999999999997
537.5600000000001,-0.01999999999999999
537.6,-0.011999999999999997
537.64,-0.007999999999999993
537.6800000000001,-0.011999999999999997
537.72,-0.01999999999999999
537.76,-0.011999999999999997
537.8,-0.011999999999999997
537.84,-0.016
537.88,-0.011999999999999997
537.92,-0.011999999999999997
537.96,-0.011999999999999997
538.0,-0.016
538.04,-0.011999999999999997
538.08,-0.01999999999999999
538.12,-0.01999999999999999
538.16,-0.01999999999999999
538.2,-0.011999999999999997
538.24,-0.011999999999999997
538.28,-0.011999999999999997
538.32,-0.007999999999999993
538.36,-0.011999999999999997
538.4,-0.011999999999999997
538.44,-0.011999999999999997
538.48,-0.011999999999999997
538.52,-0.011999999999999997
538.5600000000001,-0.011999999999999997
538.6,-0.011999999999999997
538.64,-0.01999999999999999
538.6800000000001,-0.01999999999999999
538.72,-0.01999999999999999
538.76,-0.01999999999999999
538.8,-0.023999999999999994
538.84,-0.011999999999999997
538.88,-0.007999999999999993
538.92,-0.011999999999999997
538.96,-0.016
539.0,-0.011999999999999997
539.04,-0.011999999999999997
539.08,-0.016
539.12,-0.016
539.16,-0.011999999999999997
539.2,-0.011999999999999997
539.24,-0.011999999999999997
539.28,-0.007999999999999993
539.32,-0.011999999999999997
539.36,-0.01999999999999999
539.4,-0.01999999999999999
539.44,-0.016
539.48,-0.011999999999999997
539.52,-0.011999999999999997
539.5600000000001,-0.011999999999999997
539.6,-0.007999999999999993
539.64,-0.011999999999999997
539.6800000000001,-0.011999999999999997
539.72,-0.011999999999999997
539.76,-0.011999999999999997
539.8,-0.007999999999999993
539.84,-0.007999999999999993
539.88,-0.011999999999999997
539.92,-0.01999999999999999
539.96,-0.016
540.0,-0.01999999999999999
540.04,-0.01999999999999999
540.08,-0.01999999999999999
540.12,-0.011999999999999997
540.16,-0.016
540.2,-0.016
540.24,-0.007999999999999993
540.28,-0.011999999999999997
540.32,-0.01999999999999999
540.36,-0.011999999999999997
540.4,-0.011999999999999997
540.44,-0.011999999999999997
540.48,-0.011999999999999997
540.52,-0.0040000000000000036
540.5600000000001,-0.011999999999999997
540.6,-0.01999999999999999
540.64,-0.016
540.6800000000001,-0.011999999999999997
540.72,-0.01999999999999999
540.76,-0.01999999999999999
540.8,-0.011999999999999997
540.84,-0.011999999999999997
540.88,-0.011999999999999997
540.92,-0.011999999999999997
540.96,-0.011999999999999997
541.0,-0.016
541.04,-0.007999999999999993
541.08,-0.0040000000000000036
541.12,-0.007999999999999993
541.16,-0.011999999999999997
541.2,-0.011999999999999997
541.24,-0.011999999999999997
541.28,-0.01999999999999999
541.32,-0.011999999999999997
541.36,-0.016
541.4,-0.01999999999999999
541.44,-0.011999999999999997
541.48,-0.007999999999999993
541.52,-0.011999999999999997
541.5600000000001,-0.016
541.6,-0.011999999999999997
541.64,-0.011999999999999997
541.6800000000001,-0.01999999999999999
541.72,-0.007999999999999993
541.76,-0.007999999999999993
541.8,-0.011999999999999997
541.84,-0.011999999999999997
541.88,-0.011999999999999997
541.92,-0.011999999999999997
541.96,-0.01999999999999999
542.0,-0.016
542.04,-0.011999999999999997
542.08,-0.011999999999999997
542.12,-0.011999999999999997
542.16,-0.011999999999999997
542.2,-0.011999999999999997
542.24,-0.011999999999999997
542.28,-0.007999999999999993
542.32,-0.007999999999999993
542.36,-0.011999999999999997
542.4,-0.011999999999999997
542.44,-0.007999999999999993
542.48,-0.007999999999999993
542.52,-0.007999999999999993
542.5600000000001,-0.011999999999999997
542.6,-0.01999999999999999
542.64,-0.01999999999999999
542.6800000000001,-0.016
542.72,-0.011999999999999997
542.76,-0.016
542.8,-0.011999999999999997
542.84,-0.011999999999999997
542.88,-0.011999999999999997
542.92,-0.011999999999999997
542.96,-0.011999999999999997
543.0,-0.011999999999999997
543.04,-0.011999999999999997
543.08,-0.011999999999999997
543.12,-0.007999999999999993
543.16,-0.011999999999999997
543.2,-0.011999999999999997
543.24,-0.016
543.28,-0.011999999999999997
543.32,-0.011999999999999997
543.36,-0.011999999999999997
543.4,-0.011999999999999997
543.44,-0.011999999999999997
543.48,-0.011999999999999997
543.52,-0.011999999999999997
543.5600000000001,-0.011999999999999997
543.6,-0.011999999999999997
543.64,-0.007999999999999993
543.6800000000001,-0.007999999999999993
543.72,-0.0040000000000000036
543.76,-0.007999999999999993
543.8,-0.007999999999999993
543.84,-0.011999999999999997
543.88,-0.01999999999999999
543.92,-0.011999999999999997
543.96,-0.011999999999999997
544.0,-0.01999999999999999
544.04,-0.011999999999999997
544.08,-0.007999999999999993
544.12,-0.011999999999999997
544.16,-0.016
544.2,-0.007999999999999993
544.24,-0.011999999999999997
544.28,-0.011999999999999997
544.32,-0.011999999999999997
544.36,-0.0040000000000000036
544.4,-0.007999999999999993
544.44,-0.011999999999999997
544.48,-0.011999999999999997
544.52,-0.016
544.5600000000001,-0.016
544.6,-0.016
544.64,-0.011999999999999997
544.6800000000001,-0.016
544.72,-0.011999999999999997
544.76,-0.007999999999999993
544.8,-0.016
544.84,-0.01999999999999999
544.88,-0.016
544.92,-0.007999999999999993
544.96,-0.007999999999999993
545.0,-0.0040000000000000036
545.04,-0.0040000000000000036
545.08,-0.011999999999999997
545.12,-0.011999999999999997
545.16,-0.007999999999999993
545.2,-0.016
545.24,-0.01999999999999999
545.28,-0.011999999999999997
545.32,-0.007999999999999993
545.36,-0.011999999999999997
545.4,-0.011999999999999997
545.44,-0.007999999999999993
545.48,-0.011999999999999997
545.52,-0.016
545.5600000000001,-0.007999999999999993
545.6,-0.0040000000000000036
545.64,-0.011999999999999997
545.6800000000001,-0.007999999999999993
545.72,-0.007999999999999993
545.76,-0.016
545.8,-0.01999999999999999
545.84,-0.011999999999999997
545.88,-0.011999999999999997
545.92,-0.011999999999999997
545.96,-0.007999999999999993
546.0,-0.007999999999999993
546.04,-0.016
546.08,-0.01999999999999999
546.12,-0.011999999999999997
546.16,-0.011999999999999997
546.2,-0.011999999999999997
546.24,-0.0040000000000000036
546.28,-0.007999999999999993
546.32,-0.011999999999999997
546.36,-0.007999999999999993
546.4,-0.007999999999999993
546.44,-0.01999999999999999
546.48,-0.01999999999999999
546.52,-0.007999999999999993
546.5600000000001,-0.011999999999999997
546.6,-0.016
546.64,-0.007999999999999993
546.6800000000001,-0.011999999999999997
546.72,-0.016
546.76,-0.011999999999999997
546.8000000000001,-0.007999999999999993
546.84,-0.007999999999999993
546.88,-0.007999999999999993
546.92,-0.0040000000000000036
546.96,-0.007999999999999993
547.0,-0.011999999999999997
547.04,-0.011999999999999997
547.08,-0.011999999999999997
547.12,-0.016
547.16,-0.011999999999999997
547.2,-0.007999999999999993
547.24,-0.011999999999999997
547.28,-0.016
547.32,-0.011999999999999997
547.36,-0.011999999999999997
547.4,-0.011999999999999997
547.44,-0.011999999999999997
547.48,-0.011999999999999997
547.52,-0.011999999999999997
547.5600000000001,-0.007999999999999993
547.6,-0.0040000000000000036
547.64,-0.007999999999999993
547.6800000000001,-0.011999999999999997
547.72,-0.011999999999999997
547.76,-0.007999999999999993
547.8000000000001,-0.011999999999999997
547.84,-0.011999999999999997
547.88,-0.011999999999999997
547.92,-0.011999999999999997
547.96,-0.016
548.0,-0.011999999999999997
548.04,-0.011999999999999997
548.08,-0.011999999999999997
548.12,-0.007999999999999993
548.16,-0.0040000000000000036
548.2,-0.0040000000000000036
548.24,-0.007999999999999993
548.28,-0.007999999999999993
548.32,-0.007999999999999993
548.36,-0.011999999999999997
548.4,-0.011999999999999997
548.44,-0.011999999999999997
548.48,-0.007999999999999993
548.52,-0.016
548.5600000000001,-0.011999999999999997
548.6,-0.007999999999999993
548.64,-0.011999999999999997
548.6800000000001,-0.011999999999999997
548.72,-0.011999999999999997
548.76,-0.011999999999999997
548.8000000000001,-0.007999999999999993
548.84,-0.0040000000000000036
548.88,-0.007999999999999993
548.92,-0.011999999999999997
548.96,-0.011999999999999997
549.0,-0.007999999999999993
549.04,-0.011999999999999997
549.08,-0.011999999999999997
549.12,-0.007999999999999993
549.16,-0.007999999999999993
549.2,-0.016
549.24,-0.011999999999999997
549.28,-0.007999999999999993
549.32,-0.016
549.36,-0.011999999999999997
549.4,-0.007999999999999993
549.44,-0.0040000000000000036
549.48,-0.007999999999999993
549.52,0.0
549.5600000000001,0.0
549.6,-0.011999999999999997
549.64,-0.011999999999999997
549.6800000000001,-0.007999999999999993
549.72,-0.011999999999999997
549.76,-0.011999999999999997
549.8000000000001,-0.011999999999999997
549.84,-0.007999999999999993
549.88,-0.011999999999999997
549.92,-0.011999999999999997
549.96,-0.011999999999999997
550.0,-0.016
550.04,-0.007999999999999993
550.08,-0.0040000000000000036
550.12,-0.007999999999999993
550.16,-0.011999999999999997
550.2,-0.007999999999999993
550.24,-0.007999999999999993
550.28,-0.011999999999999997
550.32,-0.011999999999999997
550.36,-0.007999999999999993
550.4,-0.011999999999999997
550.44,-0.011999999999999997
550.48,-0.007999999999999993
550.52,-0.011999999999999997
550.5600000000001,-0.01999999999999999
550.6,-0.011999999999999997
550.64,-0.011999999999999997
550.6800000000001,-0.011999999999999997
550.72,-0.011999999999999997
550.76,0.0
550.8000000000001,-0.0040000000000000036
550.84,-0.011999999999999997
550.88,-0.007999999999999993
550.92,-0.007999999999999993
550.96,-0.011999999999999997
551.0,-0.007999999999999993
551.04,-0.007999999999999993
551.08,-0.007999999999999993
551.12,-0.011999999999999997
551.16,-0.011999999999999997
551.2,-0.011999999999999997
551.24,-0.011999999999999997
551.28,-0.007999999999999993
551.32,-0.007999999999999993
551.36,-0.007999999999999993
551.4,-0.007999999999999993
551.44,-0.0040000000000000036
551.48,-0.007999999999999993
551.52,-0.011999999999999997
551.5600000000001,-0.011999999999999997
551.6,-0.007999999999999993
551.64,-0.007999999999999993
551.6800000000001,-0.007999999999999993
551.72,-0.0040000000000000036
551.76,-0.007999999999999993
551.8000000000001,-0.016
551.84,-0.011999999999999997
551.88,-0.011999999999999997
551.92,-0.01999999999999999
551.96,-0.011999999999999997
552.0,-0.0040000000000000036
552.04,-0.0040000000000000036
552.08,-0.011999999999999997
552.12,-0.007999999999999993
552.16,-0.0040000000000000036
552.2,-0.007999999999999993
552.24,-0.011999999999999997
552.28,-0.0040000000000000036
552.32,-0.007999999999999993
552.36,-0.011999999999999997
552.4,-0.011999999999999997
552.44,-0.011999999999999997
552.48,-0.011999999999999997
552.52,-0.011999999999999997
552.5600000000001,-0.007999999999999993
552.6,-0.011999999999999997
552.64,-0.011999999999999997
552.6800000000001,-0.0040000000000000036
552.72,-0.0040000000000000036
552.76,-0.011999999999999997
552.8000000000001,-0.011999999999999997
552.84,-0.011999999999999997
552.88,-0.007999999999999993
552.92,-0.007999999999999993
552.96,-0.0040000000000000036
553.0,-0.011999999999999997
553.04,-0.011999999999999997
553.08,-0.011999999999999997
553.12,-0.011999999999999997
553.16,-0.016
553.2,-0.016
553.24,-0.007999999999999993
553.28,-0.007999999999999993
553.32,-0.011999999999999997
553.36,-0.0040000000000000036
553.4,-0.0040000000000000036
553.44,-0.007999999999999993
553.48,-0.007999999999999993
553.52,-0.0040000000000000036
553.5600000000001,-0.007999999999999993
553.6,-0.007999999999999993
553.64,-0.007999999999999993
553.6800000000001,-0.007999999999999993
553.72,-0.011999999999999997
553.76,-0.011999999999999997
553.8000000000001,-0.011999999999999997
553.84,-0.011999999999999997
553.88,-0.007999999999999993
553.92,-0.0040000000000000036
553.96,-0.0040000000000000036
554.0,-0.007999999999999993
554.04,-0.007999999999999993
554.08,-0.011999999999999997
554.12,-0.007999999999999993
554.16,-0.007999999999999993
554.2,-0.007999999999999993
554.24,-0.011999999999999997
554.28,-0.011999999999999997
554.32,-0.007999999999999993
554.36,-0.007999999999999993
554.4,-0.011999999999999997
554.44,-0.011999999999999997
554.48,-0.011999999999999997
554.52,-0.016
554.5600000000001,-0.011999999999999997
554.6,-0.007999999999999993
554.64,-0.0040000000000000036
554.6800000000001,-0.011999999999999997
554.72,-0.011999999999999997
554.76,-0.0040000000000000036
554.8000000000001,-0.007999999999999993
554.84,-0.007999999999999993
554.88,-0.0040000000000000036
554.92,-0.007999999999999993
554.96,-0.007999999999999993
555.0,-0.011999999999999997
555.04,-0.011999999999999997
555.08,-0.016
555.12,-0.011999999999999997
555.16,-0.0040000000000000036
555.2,-0.0040000000000000036
555.24,-0.007999999999999993
555.28,-0.007999999999999993
555.32,-0.0040000000000000036
555.36,-0.0040000000000000036
555.4,-0.007999999999999993
555.44,-0.007999999999999993
555.48,-0.007999999999999993
555.52,-0.007999999999999993
555.5600000000001,-0.0040000000000000036
555.6,-0.007999999999999993
555.64,-0.011999999999999997
555.6800000000001,-0.011999999999999997
555.72,-0.011999999999999997
555.76,-0.011999999999999997
555.8000000000001,-0.011999999999999997
555.84,-0.007999999999999993
555.88,-0.007999999999999993
555.92,-0.007999999999999993
555.96,-0.007999999999999993
556.0,-0.007999999999999993
556.04,-0.007999999999999993
556.08,-0.007999999999999993
556.12,-0.0040000000000000036
556.16,-0.0040000000000000036
556.2,-0.007999999999999993
556.24,-0.007999999999999993
556.28,-0.011999999999999997
556.32,-0.011999999999999997
556.36,-0.016
556.4,-0.007999999999999993
556.44,-0.007999999999999993
556.48,-0.011999999999999997
556.52,-0.007999999999999993
556.5600000000001,-0.0040000000000000036
556.6,-0.0040000000000000036
556.64,-0.007999999999999993
556.6800000000001,-0.007999999999999993
556.72,-0.007999999999999993
556.76,-0.0040000000000000036
556.8000000000001,-0.0040000000000000036
556.84,-0.007999999999999993
556.88,-0.011999999999999997
556.92,-0.011999999999999997
556.96,-0.011999999999999997
557.0,-0.016
557.04,-0.011999999999999997
557.08,-0.0040000000000000036
557.12,-0.007999999999999993
557.16,-0.011999999999999997
557.2,-0.007999999999999993
557.24,-0.007999999999999993
557.28,-0.011999999999999997
557.32,-0.007999999999999993
557.36,-0.0040000000000000036
557.4,-0.0040000000000000036
557.44,-0.0040000000000000036
557.48,-0.0040000000000000036
557.52,-0.007999999999999993
557.5600000000001,-0.011999999999999997
557.6,-0.011999999999999997
557.64,-0.007999999999999993
557.6800000000001,-0.011999999999999997
557.72,-0.016
557.76,-0.007999999999999993
557.8000000000001,-0.0040000000000000036
557.84,-0.007999999999999993
557.88,-0.007999999999999993
557.92,-0.007999999999999993
557.96,-0.007999999999999993
558.0,-0.0040000000000000036
558.04,0.0040000000000000036
558.08,-0.0040000000000000036
558.12,-0.007999999999999993
558.16,-0.007999999999999993
558.2,-0.011999999999999997
558.24,-0.011999999999999997
558.28,-0.011999999999999997
558.32,-0.007999999999999993
558.36,-0.007999999999999993
558.4,-0.007999999999999993
558.44,-0.007999999999999993
558.48,-0.011999999999999997
558.52,-0.011999999999999997
558.5600000000001,-0.007999999999999993
558.6,-0.007999999999999993
558.64,-0.007999999999999993
558.6800000000001,-0.007999999999999993
558.72,-0.0040000000000000036
558.76,-0.007999999999999993
558.8000000000001,-0.011999999999999997
558.84,-0.011999999999999997
558.88,-0.007999999999999993
558.92,-0.011999999999999997
558.96,-0.011999999999999997
559.0,-0.007999999999999993
559.04,-0.007999999999999993
559.08,-0.007999999999999993
559.12,-0.011999999999999997
559.16,-0.007999999999999993
559.2,-0.007999999999999993
559.24,-0.0040000000000000036
559.28,0.0
559.32,-0.0040000000000000036
559.36,-0.007999999999999993
559.4,-0.007999999999999993
559.44,-0.007999999999999993
559.48,-0.011999999999999997
559.52,-0.011999999999999997
559.5600000000001,-0.007999999999999993
559.6,-0.007999999999999993
559.64,-0.007999999999999993
559.6800000000001,-0.007999999999999993
559.72,-0.007999999999999993
559.76,-0.011999999999999997
559.8000000000001,-0.007999999999999993
559.84,-0.007999999999999993
559.88,-0.007999999999999993
559.92,-0.007999999999999993
559.96,-0.0040000000000000036
560.0,-0.0040000000000000036
560.04,-0.011999999999999997
560.08,-0.011999999999999997
560.12,-0.007999999999999993
560.16,-0.011999999999999997
560.2,-0.011999999999999997
560.24,-0.011999999999999997
560.28,-0.0040000000000000036
560.32,-0.011999999999999997
560.36,-0.016
560.4,-0.007999999999999993
560.44,-0.007999999999999993
560.48,-0.007999999999999993
560.52,-0.0040000000000000036
560.5600000000001,-0.0040000000000000036
560.6,-0.007999999999999993
560.64,-0.0040000000000000036
560.6800000000001,0.0
560.72,-0.007999999999999993
560.76,-0.011999999999999997
560.8000000000001,-0.007999999999999993
560.84,-0.007999999999999993
560.88,-0.011999999999999997
560.92,-0.007999999999999993
560.96,-0.0040000000000000036
561.0,-0.007999999999999993
561.04,-0.007999999999999993
561.08,-0.007999999999999993
561.12,-0.007999999999999993
561.16,-0.011999999999999997
561.2,0.0
561.24,-0.0040000000000000036
561.28,-0.007999999999999993
561.32,-0.007999999999999993
561.36,-0.0040000000000000036
561.4,-0.011999999999999997
561.44,-0.011999999999999997
561.48,-0.007999999999999993
561.52,-0.007999999999999993
561.5600000000001,-0.011999999999999997
561.6,-0.007999999999999993
561.64,-0.007999999999999993
561.6800000000001,-0.011999999999999997
561.72,-0.011999999999999997
561.76,-0.0040000000000000036
561.8000000000001,-0.007999999999999993
561.84,-0.011999999999999997
561.88,-0.0040000000000000036
561.92,0.0040000000000000036
561.96,-0.0040000000000000036
562.0,-0.011999999999999997
562.04,-0.0040000000000000036
562.08,-0.007999999999999993
562.12,-0.011999999999999997
562.16,-0.007999999999999993
562.2,-0.007999999999999993
562.24,-0.007999999999999993
562.28,-0.007999999999999993
562.32,-0.007999999999999993
562.36,-0.011999999999999997
562.4,-0.007999999999999993
562.44,-0.0040000000000000036
562.48,-0.0040000000000000036
562.52,-0.007999999999999993
562.5600000000001,-0.0040000000000000036
562.6,0.0
562.64,-0.011999999999999997
562.6800000000001,-0.011999999999999997
562.72,-0.007999999999999993
562.76,-0.007999999999999993
562.8000000000001,-0.011999999999999997
562.84,-0.007999999999999993
562.88,-0.007999999999999993
562.92,-0.011999999999999997
562.96,-0.011999999999999997
563.0,-0.007999999999999993
563.04,-0.011999999999999997
563.08,-0.011999999999999997
563.12,0.0
563.16,0.0040000000000000036
563.2,-0.0040000000000000036
563.24,-0.007999999999999993
563.28,-0.0040000000000000036
563.32,-0.007999999999999993
563.36,-0.007999999999999993
563.4,-0.007999999999999993
563.44,-0.0040000000000000036
563.48,-0.007999999999999993
563.52,-0.007999999999999993
563.5600000000001,-0.011999999999999997
563.6,-0.007999999999999993
563.64,-0.007999999999999993
563.6800000000001,-0.0040000000000000036
563.72,-0.0040000000000000036
563.76,-0.0040000000000000036
563.8000000000001,0.0
563.84,-0.0040000000000000036
563.88,-0.0040000000000000036
563.92,-0.007999999999999993
563.96,-0.007999999999999993
564.0,-0.007999999999999993
564.04,-0.007999999999999993
564.08,-0.0040000000000000036
564.12,-0.0040000000000000036
564.16,-0.007999999999999993
564.2,-0.007999999999999993
564.24,-0.007999999999999993
564.28,-0.011999999999999997
564.32,-0.011999999999999997
564.36,-0.0040000000000000036
564.4,0.0
564.44,-0.007999999999999993
564.48,-0.007999999999999993
564.52,-0.0040000000000000036
564.5600000000001,-0.0040000000000000036
564.6,-0.007999999999999993
564.64,-0.0040000000000000036
564.6800000000001,-0.0040000000000000036
564.72,-0.0040000000000000036
564.76,-0.0040000000000000036
564.8000000000001,-0.007999999999999993
564.84,-0.011999999999999997
564.88,-0.007999999999999993
564.92,-0.0040000000000000036
564.96,-0.0040000000000000036
565.0,-0.0040000000000000036
565.04,0.0040000000000000036
565.08,0.0040000000000000036
565.12,0.0
565.16,0.0
565.2,0.0
565.24,0.0
565.28,-0.0040000000000000036
565.32,0.0040000000000000036
565.36,0.0040000000000000036
565.4,0.0
565.44,0.0040000000000000036
565.48,0.0040000000000000036
565.52,0.0
565.5600000000001,0.0040000000000000036
565.6,0.020000000000000004
565.64,0.01200000000000001
565.6800000000001,0.01200000000000001
565.72,0.01200000000000001
565.76,0.020000000000000004
565.8000000000001,0.020000000000000004
565.84,0.020000000000000004
565.88,0.024000000000000007
565.92,0.024000000000000007
565.96,0.024000000000000007
566.0,0.027999999999999997
566.04,0.027999999999999997
566.08,0.020000000000000004
566.12,0.024000000000000007
566.16,0.027999999999999997
566.2,0.024000000000000007
566.24,0.027999999999999997
566.28,0.036000000000000004
566.32,0.036000000000000004
566.36,0.036000000000000004
566.4,0.04000000000000001
566.44,0.036000000000000004
566.48,0.036000000000000004
566.52,0.036000000000000004
566.5600000000001,0.04000000000000001
566.6,0.036000000000000004
566.64,0.036000000000000004
566.6800000000001,0.04000000000000001
566.72,0.032
566.76,0.027999999999999997
566.8000000000001,0.036000000000000004
566.84,0.04000000000000001
566.88,0.036000000000000004
566.92,0.027999999999999997
566.96,0.036000000000000004
567.0,0.036000000000000004
567.04,0.036000000000000004
567.08,0.032
567.12,0.032
567.16,0.027999999999999997
567.2,0.036000000000000004
567.24,0.036000000000000004
567.28,0.027999999999999997
567.32,0.024000000000000007
567.36,0.027999999999999997
567.4,0.024000000000000007
567.44,0.020000000000000004
567.48,0.020000000000000004
567.52,0.020000000000000004
567.5600000000001,0.024000000000000007
567.6,0.024000000000000007
567.64,0.024000000000000007
567.6800000000001,0.020000000000000004
567.72,0.020000000000000004
567.76,0.024000000000000007
567.8000000000001,0.024000000000000007
567.84,0.020000000000000004
567.88,0.016
567.92,0.020000000000000004
567.96,0.01200000000000001
568.0,0.008000000000000007
568.04,0.01200000000000001
568.08,0.01200000000000001
568.12,0.008000000000000007
568.16,0.0040000000000000036
568.2,0.01200000000000001
568.24,0.016
568.28,0.01200000000000001
568.32,0.008000000000000007
568.36,0.0040000000000000036
568.4,0.0040000000000000036
568.44,0.008000000000000007
568.48,0.01200000000000001
568.52,0.008000000000000007
568.5600000000001,0.0040000000000000036
568.6,0.0040000000000000036
568.64,0.0040000000000000036
568.6800000000001,-0.0040000000000000036
568.72,-0.0040000000000000036
568.76,0.0
568.8000000000001,0.0040000000000000036
568.84,0.0
568.88,0.0040000000000000036
568.92,0.0040000000000000036
568.96,0.0040000000000000036
569.0,0.008000000000000007
569.04,0.008000000000000007
569.08,0.0040000000000000036
569.12,0.0040000000000000036
569.16,0.01200000000000001
569.2,0.0040000000000000036
569.24,-0.0040000000000000036
569.28,0.0040000000000000036
569.32,0.0
569.36,-0.007999999999999993
569.4,-0.0040000000000000036
569.44,0.0040000000000000036
569.48,0.0040000000000000036
569.52,0.0040000000000000036
569.5600000000001,0.0040000000000000036
569.6,0.0
569.64,-0.0040000000000000036
569.6800000000001,0.0
569.72,0.0040000000000000036
569.76,0.0
569.8000000000001,0.0
569.84,0.0040000000000000036
569.88,0.0040000000000000036
569.92,-0.007999999999999993
569.96,-0.0040000000000000036
570.0,-0.0040000000000000036
570.04,-0.0040000000000000036
570.08,-0.0040000000000000036
570.12,-0.0040000000000000036
570.16,-0.0040000000000000036
570.2,-0.0040000000000000036
570.24,0.0040000000000000036
570.28,0.0
570.32,-0.0040000000000000036
570.36,0.0040000000000000036
570.4,0.008000000000000007
570.44,0.0040000000000000036
570.48,0.0040000000000000036
570.52,0.0040000000000000036
570.5600000000001,-0.0040000000000000036
570.6,-0.007999999999999993
570.64,-0.0040000000000000036
570.6800000000001,0.0040000000000000036
570.72,0.0
570.76,0.0040000000000000036
570.8000000000001,0.0040000000000000036
570.84,-0.0040000000000000036
570.88,-0.0040000000000000036
570.92,0.0040000000000000036
570.96,0.0040000000000000036
571.0,0.0
571.04,0.0040000000000000036
571.08,0.008000000000000007
571.12,0.0040000000000000036
571.16,-0.0040000000000000036
571.2,-0.0040000000000000036
571.24,-0.0040000000000000036
571.28,-0.0040000000000000036
571.32,0.0040000000000000036
571.36,0.0
571.4,-0.0040000000000000036
571.44,0.0
571.48,0.0
571.52,-0.0040000000000000036
571.5600000000001,-0.0040000000000000036
571.6,0.0040000000000000036
571.64,0.008000000000000007
571.6800000000001,0.008000000000000007
571.72,0.008000000000000007
571.76,0.0040000000000000036
571.8000000000001,0.0
571.84,-0.0040000000000000036
571.88,0.0
571.92,0.0040000000000000036
571.96,0.0
572.0,0.0040000000000000036
572.04,0.0040000000000000036
572.08,-0.0040000000000000036
572.12,0.0
572.16,0.008000000000000007
572.2,0.0040000000000000036
572.24,0.0040000000000000036
572.28,0.008000000000000007
572.32,0.01200000000000001
572.36,0.008000000000000007
572.4,0.0040000000000000036
572.44,-0.0040000000000000036
572.48,0.0
572.52,-0.0040000000000000036
572.5600000000001,0.0040000000000000036
572.6,0.0040000000000000036
572.64,0.0
572.6800000000001,0.0040000000000000036
572.72,0.0
572.76,-0.0040000000000000036
572.8000000000001,-0.0040000000000000036
572.84,0.0040000000000000036
572.88,0.008000000000000007
572.92,0.0040000000000000036
572.96,0.008000000000000007
573.0,0.008000000000000007
573.04,0.0040000000000000036
573.08,0.0
573.12,0.0040000000000000036
573.16,0.0040000000000000036
573.2,0.0040000000000000036
573.24,0.0040000000000000036
573.28,0.0040000000000000036
573.32,-0.0040000000000000036
573.36,-0.0040000000000000036
573.4,0.008000000000000007
573.44,0.0040000000000000036
573.48,-0.0040000000000000036
573.52,0.008000000000000007
573.5600000000001,0.01200000000000001
573.6,0.008000000000000007
573.64,0.0040000000000000036
573.6800000000001,0.0040000000000000036
573.72,0.0040000000000000036
573.76,0.0
573.8000000000001,0.0040000000000000036
573.84,0.0040000000000000036
573.88,-0.0040000000000000036
573.92,0.0040000000000000036
573.96,0.0040000000000000036
574.0,-0.0040000000000000036
574.04,-0.007999999999999993
574.08,0.0040000000000000036
574.12,0.0040000000000000036
574.16,0.0040000000000000036
574.2,0.0040000000000000036
574.24,0.0040000000000000036
574.28,0.0040000000000000036
574.32,0.0040000000000000036
574.36,0.0040000000000000036
574.4,0.0
574.44,0.0
574.48,0.0040000000000000036
574.52,0.0
574.5600000000001,-0.0040000000000000036
574.6,-0.0040000000000000036
574.64,0.0040000000000000036
574.6800000000001,-0.0040000000000000036
574.72,-0.007999999999999993
574.76,0.008000000000000007
574.8000000000001,0.01200000000000001
574.84,0.0040000000000000036
574.88,0.0040000000000000036
574.92,0.008000000000000007
574.96,0.0
575.0,0.0040000000000000036
575.04,0.008000000000000007
575.08,0.0040000000000000036
575.12,-0.0040000000000000036
575.16,0.0040000000000000036
575.2,0.0040000000000000036
575.24,-0.0040000000000000036
575.28,-0.0040000000000000036
575.32,0.0040000000000000036
575.36,0.0
575.4,-0.0040000000000000036
575.44,0.0040000000000000036
575.48,0.0040000000000000036
575.52,0.0040000000000000036
575.5600000000001,0.0040000000000000036
575.6,0.0040000000000000036
575.64,-0.0040000000000000036
575.6800000000001,0.0
575.72,0.0040000000000000036
575.76,0.0
575.8000000000001,-0.0040000000000000036
575.84,0.0040000000000000036
575.88,-0.0040000000000000036
575.92,-0.011999999999999997
575.96,-0.007999999999999993
576.0,0.0040000000000000036
576.04,0.0
576.08,0.0040000000000000036
576.12,0.008000000000000007
576.16,0.008000000000000007
576.2,0.0040000000000000036
576.24,0.0040000000000000036
576.28,0.008000000000000007
576.32,0.0
576.36,-0.0040000000000000036
576.4,0.0040000000000000036
576.44,0.0040000000000000036
576.48,-0.0040000000000000036
576.52,-0.0040000000000000036
576.5600000000001,0.0
576.6,-0.0040000000000000036
576.64,-0.0040000000000000036
576.6800000000001,0.0
576.72,0.0040000000000000036
576.76,0.0040000000000000036
576.8000000000001,0.0040000000000000036
576.84,0.0
576.88,-0.0040000000000000036
576.92,0.0
576.96,0.0040000000000000036
577.0,0.0040000000000000036
577.04,0.0040000000000000036
577.08,0.0040000000000000036
577.12,0.0
577.16,-0.007999999999999993
577.2,-0.0040000000000000036
577.24,-0.0040000000000000036
577.28,-0.0040000000000000036
577.32,-0.0040000000000000036
577.36,0.0040000000000000036
577.4,0.0040000000000000036
577.44,0.0040000000000000036
577.48,0.0040000000000000036
577.52,0.0040000000000000036
577.5600000000001,-0.0040000000000000036
577.6,-0.0040000000000000036
577.64,0.008000000000000007
577.6800000000001,0.01200000000000001
577.72,0.0
577.76,0.0
577.8000000000001,0.0
577.84,-0.0040000000000000036
577.88,-0.007999999999999993
577.92,-0.0040000000000000036
577.96,0.0040000000000000036
578.0,0.0040000000000000036
578.04,0.008000000000000007
578.08,0.0040000000000000036
578.12,0.0
578.16,0.0
578.2,0.0040000000000000036
578.24,0.0
578.28,0.0040000000000000036
578.32,0.0040000000000000036
578.36,0.0040000000000000036
578.4,-0.0040000000000000036
578.44,-0.0040000000000000036
578.48,-0.0040000000000000036
578.52,-0.007999999999999993
578.5600000000001,-0.0040000000000000036
578.6,0.0
578.64,-0.0040000000000000036
578.6800000000001,0.0040000000000000036
578.72,0.0040000000000000036
578.76,0.0
578.8000000000001,-0.0040000000000000036
578.84,0.0
578.88,0.01200000000000001
578.92,0.008000000000000007
578.96,0.0
579.0,0.0
579.04,0.0040000000000000036
579.08,-0.0040000000000000036
579.12,-0.0040000000000000036
579.16,-0.0040000000000000036
579.2,0.0
579.24,0.0040000000000000036
579.28,0.008000000000000007
579.32,0.0
579.36,-0.0040000000000000036
579.4,0.0040000000000000036
579.44,0.0040000000000000036
579.48,0.0
579.52,0.0040000000000000036
579.5600000000001,0.0040000000000000036
579.6,0.0040000000000000036
579.64,0.0
579.6800000000001,0.0
579.72,-0.0040000000000000036
579.76,-0.007999999999999993
579.8000000000001,-0.0040000000000000036
579.84,-0.0040000000000000036
579.88,-0.0040000000000000036
579.92,-0.0040000000000000036
579.96,0.0040000000000000036
580.0,-0.0040000000000000036
580.04,-0.007999999999999993
580.08,-0.0040000000000000036
580.12,0.0040000000000000036
580.16,0.0040000000000000036
580.2,0.0040000000000000036
580.24,0.0040000000000000036
580.28,0.0040000000000000036
580.32,-0.0040000000000000036
580.36,-0.0040000000000000036
580.4,-0.0040000000000000036
580.44,-0.0040000000000000036
580.48,-0.0040000000000000036
580.52,0.0040000000000000036
580.5600000000001,0.0040000000000000036
580.6,-0.0040000000000000036
580.64,0.0040000000000000036
580.6800000000001,0.0040000000000000036
580.72,0.0
580.76,0.0
580.8000000000001,0.0040000000000000036
580.84,0.0040000000000000036
580.88,0.0040000000000000036
580.92,0.0040000000000000036
580.96,-0.0040000000000000036
581.0,-0.0040000000000000036
581.04,-0.0040000000000000036
581.08,0.0
581.12,-0.0040000000000000036
581.16,-0.0040000000000000036
581.2,0.0040000000000000036
581.24,-0.0040000000000000036
581.28,-0.007999999999999993
581.32,0.0
581.36,0.0040000000000000036
581.4,0.0
581.44,0.0
581.48,0.008000000000000007
581.52,0.0040000000000000036
581.5600000000001,0.0
581.6,0.0040000000000000036
581.64,0.0
581.6800000000001,-0.007999999999999993
581.72,-0.0040000000000000036
581.76,0.0
581.8000000000001,-0.0040000000000000036
581.84,-0.0040000000000000036
581.88,0.0
581.92,0.0040000000000000036
581.96,-0.0040000000000000036
582.0,0.0
582.04,0.0040000000000000036
582.08,0.008000000000000007
582.12,0.0040000000000000036
582.16,0.0040000000000000036
582.2,-0.0040000000000000036
582.24,-0.0040000000000000036
582.28,0.0040000000000000036
582.32,0.0040000000000000036
582.36,-0.0040000000000000036
582.4,0.0
582.44,0.0040000000000000036
582.48,-0.0040000000000000036
582.52,-0.007999999999999993
582.5600000000001,0.0
582.6,-0.0040000000000000036
582.64,-0.007999999999999993
582.6800000000001,-0.0040000000000000036
582.72,0.008000000000000007
582.76,0.0040000000000000036
582.8000000000001,0.0040000000000000036
582.84,0.0040000000000000036
582.88,0.0
582.92,-0.007999999999999993
582.96,-0.0040000000000000036
583.0,0.0
583.04,-0.007999999999999993
583.08,-0.0040000000000000036
583.12,0.0
583.16,0.0
583.2,-0.007999999999999993
583.24,-0.0040000000000000036
583.28,0.0040000000000000036
583.32,0.0040000000000000036
583.36,0.0040000000000000036
583.4,0.0040000000000000036
583.44,0.0
583.48,0.0
583.52,0.008000000000000007
583.5600000000001,-0.0040000000000000036
583.6,-0.0040000000000000036
583.64,0.0
583.6800000000001,0.0040000000000000036
583.72,0.0
583.76,0.0
583.8000000000001,-0.0040000000000000036
583.84,-0.007999999999999993
583.88,-0.007999999999999993
583.92,-0.0040000000000000036
583.96,0.0040000000000000036
584.0,0.0040000000000000036
584.04,0.0040000000000000036
584.08,0.0040000000000000036
584.12,-0.0040000000000000036
584.16,-0.0040000000000000036
584.2,0.0040000000000000036
584.24,0.0040000000000000036
584.28,-0.0040000000000000036
584.32,-0.0040000000000000036
584.36,0.0
584.4,-0.0040000000000000036
584.44,-0.007999999999999993
584.48,-0.007999999999999993
584.52,-0.0040000000000000036
584.5600000000001,0.0040000000000000036
584.6,0.0040000000000000036
584.64,0.0040000000000000036
584.6800000000001,0.0040000000000000036
584.72,0.0040000000000000036
584.76,0.0
584.8000000000001,-0.0040000000000000036
584.84,-0.0040000000000000036
584.88,0.0
584.92,0.0040000000000000036
584.96,0.0040000000000000036
585.0,0.0
585.04,-0.0040000000000000036
585.08,-0.007999999999999993
585.12,-0.0040000000000000036
585.16,-0.0040000000000000036
585.2,0.0040000000000000036
585.24,0.0
585.28,0.0040000000000000036
585.32,0.0040000000000000036
585.36,0.0
585.4,-0.0040000000000000036
585.44,0.0040000000000000036
585.48,0.0040000000000000036
585.52,-0.0040000000000000036
585.5600000000001,-0.0040000000000000036
585.6,0.0040000000000000036
585.64,-0.0040000000000000036
585.6800000000001,-0.007999999999999993
585.72,-0.007999999999999993
585.76,-0.007999999999999993
585.8000000000001,-0.0040000000000000036
585.84,-0.0040000000000000036
585.88,0.0040000000000000036
585.92,0.0040000000000000036
585.96,0.0040000000000000036
586.0,0.0040000000000000036
586.04,0.0
586.08,-0.0040000000000000036
586.12,0.0040000000000000036
586.16,0.0040000000000000036
586.2,0.0040000000000000036
586.24,-0.0040000000000000036
586.28,0.0
586.32,-0.0040000000000000036
586.36,-0.0040000000000000036
586.4,0.0
586.44,-0.0040000000000000036
586.48,-0.0040000000000000036
586.52,0.0040000000000000036
586.5600000000001,0.0040000000000000036
586.6,-0.0040000000000000036
586.64,0.0
586.6800000000001,0.0040000000000000036
586.72,0.0
586.76,-0.0040000000000000036
586.8000000000001,0.0040000000000000036
586.84,0.0040000000000000036
586.88,-0.0040000000000000036
586.92,-0.0040000000000000036
586.96,-0.0040000000000000036
587.0,-0.007999999999999993
587.04,-0.007999999999999993
587.08,-0.0040000000000000036
587.12,-0.0040000000000000036
587.16,-0.0040000000000000036
587.2,0.0040000000000000036
587.24,0.0040000000000000036
587.28,-0.0040000000000000036
587.32,-0.0040000000000000036
587.36,0.0040000000000000036
587.4,0.0040000000000000036
587.44,0.0
587.48,0.0
587.52,-0.0040000000000000036
587.5600000000001,-0.0040000000000000036
587.6,-0.0040000000000000036
587.64,0.0040000000000000036
587.6800000000001,-0.0040000000000000036
587.72,-0.0040000000000000036
587.76,0.0040000000000000036
587.8000000000001,0.0040000000000000036
587.84,-0.0040000000000000036
587.88,0.0040000000000000036
587.92,0.0040000000000000036
587.96,-0.0040000000000000036
588.0,-0.0040000000000000036
588.04,0.0040000000000000036
588.08,0.008000000000000007
588.12,0.0040000000000000036
588.16,0.0040000000000000036
588.2,0.0
588.24,-0.007999999999999993
588.28,-0.007999999999999993
588.32,-0.0040000000000000036
588.36,-0.0040000000000000036
588.4,-0.0040000000000000036
588.44,0.0
588.48,0.0
588.52,-0.0040000000000000036
588.5600000000001,-0.0040000000000000036
588.6,0.0040000000000000036
588.64,0.0
588.6800000000001,0.0
588.72,0.0
588.76,-0.0040000000000000036
588.8000000000001,-0.0040000000000000036
588.84,0.0040000000000000036
588.88,-0.0040000000000000036
588.92,-0.007999999999999993
588.96,-0.007999999999999993
589.0,0.0040000000000000036
589.04,0.0
589.08,-0.0040000000000000036
589.12,-0.0040000000000000036
589.16,0.0040000000000000036
589.2,-0.0040000000000000036
589.24,-0.0040000000000000036
589.28,0.0040000000000000036
589.32,0.0040000000000000036
589.36,0.0040000000000000036
589.4,0.0040000000000000036
589.44,0.0040000000000000036
589.48,-0.0040000000000000036
589.52,-0.0040000000000000036
589.5600000000001,-0.0040000000000000036
589.6,-0.007999999999999993
589.64,-0.007999999999999993
589.6800000000001,-0.0040000000000000036
589.72,0.0
589.76,-0.0040000000000000036
589.8000000000001,-0.007999999999999993
589.84,0.0040000000000000036
589.88,0.0
589.92,-0.0040000000000000036
589.96,0.0
590.0,0.0040000000000000036
590.04,0.0040000000000000036
590.08,0.0040000000000000036
590.12,-0.0040000000000000036
590.16,-0.011999999999999997
590.2,-0.007999999999999993
590.24,0.0040000000000000036
590.28,0.0
590.32,-0.007999999999999993
590.36,0.0
590.4,0.0040000000000000036
590.44,-0.007999999999999993
590.48,-0.0040000000000000036
590.52,0.0040000000000000036
590.5600000000001,0.0
590.6,-0.0040000000000000036
590.64,0.0040000000000000036
590.6800000000001,0.008000000000000007
590.72,0.0
590.76,0.0
590.8000000000001,0.0040000000000000036
590.84,-0.0040000000000000036
590.88,-0.0040000000000000036
590.92,0.0
590.96,0.0040000000000000036
591.0,-0.007999999999999993
591.04,-0.0040000000000000036
591.08,-0.0040000000000000036
591.12,-0.0040000000000000036
591.16,-0.0040000000000000036
591.2,0.0040000000000000036
591.24,0.0040000000000000036
591.28,0.0040000000000000036
591.32,0.008000000000000007
591.36,-0.0040000000000000036
591.4,-0.007999999999999993
591.44,-0.0040000000000000036
591.48,0.0
591.52,-0.007999999999999993
591.5600000000001,-0.007999999999999993
591.6,0.0
591.64,-0.0040000000000000036
591.6800000000001,-0.007999999999999993
591.72,-0.0040000000000000036
591.76,0.0
591.8000000000001,-0.0040000000000000036
591.84,0.0
591.88,0.0040000000000000036
591.92,0.0040000000000000036
591.96,-0.0040000000000000036
592.0,0.0040000000000000036
592.04,0.0
592.08,-0.007999999999999993
592.12,-0.0040000000000000036
592.16,0.0040000000000000036
592.2,0.0
592.24,-0.0040000000000000036
592.28,-0.0040000000000000036
592.32,-0.007999999999999993
592.36,-0.007999999999999993
592.4,-0.0040000000000000036
592.44,0.0
592.48,0.0
592.52,0.008000000000000007
592.5600000000001,0.008000000000000007
592.6,0.0
592.64,-0.0040000000000000036
592.6800000000001,0.0040000000000000036
592.72,0.0
592.76,-0.0040000000000000036
592.8000000000001,-0.0040000000000000036
592.84,-0.0040000000000000036
592.88,-0.0040000000000000036
592.92,-0.0040000000000000036
592.96,-0.0040000000000000036
593.0,-0.0040000000000000036
593.04,-0.007999999999999993
593.08,-0.0040000000000000036
593.12,0.0040000000000000036
593.16,0.0
593.2,0.0
593.24,0.0040000000000000036
593.28,-0.0040000000000000036
593.32,-0.0040000000000000036
593.36,-0.0040000000000000036
593.4,0.0040000000000000036
593.44,0.0
593.48,-0.0040000000000000036
593.52,-0.0040000000000000036
593.5600000000001,-0.0040000000000000036
593.6,-0.007999999999999993
593.64,-0.0040000000000000036
593.6800000000001,-0.0040000000000000036
593.72,-0.0040000000000000036
593.76,0.0040000000000000036
593.8000000000001,0.0040000000000000036
593.84,0.0
593.88,0.0040000000000000036
593.92,0.0040000000000000036
593.96,0.0040000000000000036
594.0,-0.0040000000000000036
594.04,-0.007999999999999993
594.08,0.0
594.12,0.0
594.16,-0.0040000000000000036
594.2,-0.0040000000000000036
594.24,-0.0040000000000000036
594.28,-0.007999999999999993
594.32,-0.0040000000000000036
594.36,0.0040000000000000036
594.4,-0.0040000000000000036
594.44,-0.0040000000000000036
594.48,0.0040000000000000036
594.52,0.0
594.5600000000001,-0.007999999999999993
594.6,0.0
594.64,0.0040000000000000036
594.6800000000001,-0.0040000000000000036
594.72,-0.0040000000000000036
594.76,0.0
594.8000000000001,0.0
594.84,-0.0040000000000000036
594.88,-0.0040000000000000036
594.92,-0.0040000000000000036
594.96,-0.007999999999999993
595.0,-0.0040000000000000036
595.04,0.0040000000000000036
595.08,-0.0040000000000000036
595.12,0.0040000000000000036
595.16,0.008000000000000007
595.2,0.008000000000000007
595.24,-0.0040000000000000036
595.28,-0.0040000000000000036
595.32,0.0040000000000000036
595.36,0.0
595.4,-0.0040000000000000036
595.44,0.0
595.48,-0.007999999999999993
595.52,-0.011999999999999997
595.5600000000001,-0.0040000000000000036
595.6,-0.0040000000000000036
595.64,-0.007999999999999993
595.6800000000001,-0.0040000000000000036
595.72,0.0040000000000000036
595.76,0.0
595.8000000000001,-0.0040000000000000036
595.84,0.0040000000000000036
595.88,0.0
595.92,-0.007999999999999993
595.96,-0.0040000000000000036
596.0,0.0040000000000000036
596.04,0.0
596.08,-0.0040000000000000036
596.12,-0.0040000000000000036
596.16,-0.0040000000000000036
596.2,-0.007999999999999993
596.24,-0.007999999999999993
596.28,-0.0040000000000000036
596.32,-0.007999999999999993
596.36,-0.0040000000000000036
596.4,0.0040000000000000036
596.44,0.0040000000000000036
596.48,-0.0040000000000000036
596.52,0.0
596.5600000000001,0.0040000000000000036
596.6,0.0040000000000000036
596.64,0.0
596.6800000000001,0.0
596.72,-0.0040000000000000036
596.76,-0.0040000000000000036
596.8000000000001,-0.0040000000000000036
596.84,-0.0040000000000000036
596.88,-0.007999999999999993
596.92,-0.007999999999999993
596.96,0.0040000000000000036
597.0,0.0
597.04,-0.0040000000000000036
597.08,0.0040000000000000036
597.12,0.0
597.16,-0.0040000000000000036
597.2,-0.007999999999999993
597.24,0.0
597.28,0.0
597.32,0.0
597.36,0.0
597.4,0.0
597.44,-0.007999999999999993
597.48,-0.007999999999999993
597.52,-0.0040000000000000036
597.5600000000001,-0.007999999999999993
597.6,-0.0040000000000000036
597.64,0.0
597.6800000000001,0.0040000000000000036
597.72,-0.0040000000000000036
597.76,-0.0040000000000000036
597.8000000000001,0.0
597.84,0.0040000000000000036
597.88,0.0
597.92,0.0
597.96,0.0040000000000000036
598.0,0.0
598.04,0.0
598.08,-0.0040000000000000036
598.12,-0.011999999999999997
598.16,-0.007999999999999993
598.2,0.0
598.24,0.0
598.28,-0.0040000000000000036
598.32,0.0040000000000000036
598.36,0.0
598.4,-0.0040000000000000036
598.44,-0.0040000000000000036
598.48,-0.0040000000000000036
598.52,0.0
598.5600000000001,0.0
598.6,0.0040000000000000036
598.64,-0.0040000000000000036
598.6800000000001,-0.0040000000000000036
598.72,-0.0040000000000000036
598.76,-0.0040000000000000036
598.8000000000001,-0.007999999999999993
598.84,-0.007999999999999993
598.88,0.0
598.92,0.0
598.96,-0.007999999999999993
599.0,-0.0040000000000000036
599.04,0.0040000000000000036
599.08,-0.0040000000000000036
599.12,-0.0040000000000000036
599.16,0.0040000000000000036
599.2,0.0
599.24,0.0040000000000000036
599.28,0.0040000000000000036
599.32,-0.0040000000000000036
599.36,-0.007999999999999993
599.4,-0.0040000000000000036
599.44,-0.0040000000000000036
599.48,-0.007999999999999993
599.52,-0.0040000000000000036
599.5600000000001,0.0
599.6,0.0
599.64,-0.0040000000000000036
599.6800000000001,-0.0040000000000000036
599.72,-0.0040000000000000036
599.76,-0.0040000000000000036
599.8000000000001,-0.0040000000000000036
599.84,0.0
599.88,-0.0040000000000000036
599.92,-0.0040000000000000036
599.96,0.0040000000000000036
600.0,-0.0040000000000000036
600.04,-0.007999999999999993
600.08,-0.007999999999999993
600.12,-0.0040000000000000036
600.16,-0.0040000000000000036
600.2,-0.007999999999999993
600.24,-0.0040000000000000036
600.28,0.0
600.32,-0.0040000000000000036
600.36,-0.0040000000000000036
600.4,-0.0040000000000000036
600.44,0.0040000000000000036
600.48,0.0040000000000000036
600.52,0.0040000000000000036
600.5600000000001,-0.0040000000000000036
600.6,-0.0040000000000000036
600.64,0.0
600.6800000000001,-0.0040000000000000036
600.72,-0.007999999999999993
600.76,-0.007999999999999993
600.8000000000001,-0.0040000000000000036
600.84,-0.0040000000000000036
600.88,-0.0040000000000000036
600.92,0.0
600.96,0.0
601.0,-0.0040000000000000036
601.04,-0.0040000000000000036
601.08,0.0
601.12,0.0
601.16,-0.0040000000000000036
601.2,0.0040000000000000036
601.24,0.0040000000000000036
601.28,-0.007999999999999993
601.32,-0.007999999999999993
601.36,-0.0040000000000000036
601.4,-0.007999999999999993
601.44,-0.007999999999999993
601.48,-0.0040000000000000036
601.52,-0.0040000000000000036
601.5600000000001,-0.0040000000000000036
601.6,-0.007999999999999993
601.64,-0.0040000000000000036
601.6800000000001,-0.0040000000000000036
601.72,0.0
601.76,0.0040000000000000036
601.8000000000001,0.0040000000000000036
601.84,-0.0040000000000000036
601.88,0.0040000000000000036
601.92,0.0040000000000000036
601.96,-0.007999999999999993
602.0,-0.011999999999999997
602.04,-0.0040000000000000036
602.08,-0.0040000000000000036
602.12,-0.0040000000000000036
602.16,0.0040000000000000036
602.2,-0.0040000000000000036
602.24,-0.007999999999999993
602.28,-0.0040000000000000036
602.32,0.0
602.36,-0.007999999999999993
602.4,0.0
602.44,0.008000000000000007
602.48,0.0040000000000000036
602.52,-0.0040000000000000036
602.5600000000001,-0.0040000000000000036
602.6,0.0
602.64,-0.007999999999999993
602.6800000000001,-0.007999999999999993
602.72,-0.0040000000000000036
602.76,-0.0040000000000000036
602.8000000000001,-0.007999999999999993
602.84,-0.0040000000000000036
602.88,-0.0040000000000000036
602.92,-0.007999999999999993
602.96,-0.0040000000000000036
603.0,0.0
603.04,-0.0040000000000000036
603.08,0.0
603.12,0.008000000000000007
603.16,0.0040000000000000036
603.2,-0.0040000000000000036
603.24,-0.007999999999999993
603.28,-0.0040000000000000036
603.32,-0.0040000000000000036
603.36,-0.0040000000000000036
603.4,0.0
603.44,-0.0040000000000000036
603.48,-0.0040000000000000036
603.52,0.0
603.5600000000001,-0.0040000000000000036
603.6,-0.007999999999999993
603.64,-0.0040000000000000036
603.6800000000001,0.0040000000000000036
603.72,0.0
603.76,-0.0040000000000000036
603.8000000000001,0.0040000000000000036
603.84,0.0040000000000000036
603.88,-0.007999999999999993
603.92,-0.007999999999999993
603.96,-0.0040000000000000036
604.0,-0.0040000000000000036
604.04,-0.007999999999999993
604.08,-0.0040000000000000036
604.12,-0.007999999999999993
604.16,-0.007999999999999993
604.2,-0.007999999999999993
604.24,-0.007999999999999993
604.28,-0.007999999999999993
604.32,0.0
604.36,0.0040000000000000036
604.4,0.0040000000000000036
604.44,-0.0040000000000000036
604.48,-0.0040000000000000036
604.52,0.0
604.5600000000001,-0.0040000000000000036
604.6,-0.0040000000000000036
604.64,-0.0040000000000000036
604.6800000000001,-0.0040000000000000036
604.72,-0.0040000000000000036
604.76,-0.0040000000000000036
604.8000000000001,-0.0040000000000000036
604.84,-0.007999999999999993
604.88,-0.0040000000000000036
604.92,0.0040000000000000036
604.96,-0.0040000000000000036
605.0,-0.0040000000000000036
605.04,0.0040000000000000036
605.08,0.0040000000000000036
605.12,0.0
605.16,-0.0040000000000000036
605.2,0.0040000000000000036
605.24,0.0
605.28,-0.0040000000000000036
605.32,0.0
605.36,-0.0040000000000000036
605.4,-0.007999999999999993
605.44,-0.007999999999999993
605.48,-0.0040000000000000036
605.52,-0.011999999999999997
605.5600000000001,-0.007999999999999993
605.6,0.0040000000000000036
605.64,0.0040000000000000036
605.6800000000001,-0.0040000000000000036
605.72,-0.0040000000000000036
605.76,0.0040000000000000036
605.8000000000001,0.0
605.84,-0.0040000000000000036
605.88,-0.0040000000000000036
605.92,-0.0040000000000000036
605.96,-0.007999999999999993
606.0,0.0040000000000000036
606.04,-0.0040000000000000036
606.08,-0.007999999999999993
606.12,-0.0040000000000000036
606.16,-0.0040000000000000036
606.2,-0.0040000000000000036
606.24,-0.0040000000000000036
606.28,0.0040000000000000036
606.32,0.0040000000000000036
606.36,-0.0040000000000000036
606.4,0.0
606.44,0.0040000000000000036
606.48,-0.0040000000000000036
606.52,-0.0040000000000000036
606.5600000000001,0.0040000000000000036
606.6,0.0040000000000000036
606.64,-0.007999999999999993
606.6800000000001,-0.0040000000000000036
606.72,-0.0040000000000000036
606.76,-0.007999999999999993
606.8000000000001,-0.007999999999999993
606.84,-0.0040000000000000036
606.88,-0.0040000000000000036
606.92,-0.007999999999999993
606.96,0.0040000000000000036
607.0,0.0040000000000000036
607.04,0.0040000000000000036
607.08,-0.0040000000000000036
607.12,-0.0040000000000000036
607.16,-0.007999999999999993
607.2,-0.0040000000000000036
607.24,0.0040000000000000036
607.28,-0.0040000000000000036
607.32,-0.0040000000000000036
607.36,-0.0040000000000000036
607.4,-0.007999999999999993
607.44,-0.007999999999999993
607.48,-0.007999999999999993
607.52,0.0
607.5600000000001,-0.0040000000000000036
607.6,-0.0040000000000000036
607.64,0.0040000000000000036
607.6800000000001,0.0040000000000000036
607.72,-0.0040000000000000036
607.76,0.0
607.8000000000001,0.0040000000000000036
607.84,0.0
607.88,0.0
607.92,0.0040000000000000036
607.96,-0.0040000000000000036
608.0,-0.007999999999999993
608.04,-0.007999999999999993
608.08,-0.007999999999999993
608.12,-0.007999999999999993
608.16,-0.007999999999999993
608.2,0.0
608.24,0.0040000000000000036
608.28,0.0040000000000000036
608.32,-0.0040000000000000036
608.36,-0.007999999999999993
608.4,-0.007999999999999993
608.44,0.0040000000000000036
608.48,0.0040000000000000036
608.52,-0.0040000000000000036
608.5600000000001,0.0
608.6,0.0
608.64,-0.007999999999999993
608.6800000000001,-0.007999999999999993
608.72,-0.0040000000000000036
608.76,-0.0040000000000000036
608.8000000000001,-0.0040000000000000036
608.84,-0.0040000000000000036
608.88,0.0
608.92,-0.0040000000000000036
608.96,-0.0040000000000000036
609.0,0.0
609.04,0.0
609.08,-0.0040000000000000036
609.12,0.0040000000000000036
609.16,0.008000000000000007
609.2,0.0
609.24,-0.0040000000000000036
609.28,-0.0040000000000000036
609.32,-0.007999999999999993
609.36,-0.007999999999999993
609.4,-0.007999999999999993
609.44,-0.0040000000000000036
609.48,0.0
609.52,-0.0040000000000000036
609.5600000000001,-0.0040000000000000036
609.6,-0.0040000000000000036
609.64,-0.0040000000000000036
609.6800000000001,0.0
609.72,0.0
609.76,-0.0040000000000000036
609.8000000000001,-0.0040000000000000036
609.84,0.0040000000000000036
609.88,-0.0040000000000000036
609.92,-0.0040000000000000036
609.96,-0.0040000000000000036
610.0,-0.0040000000000000036
610.04,-0.007999999999999993
610.08,-0.007999999999999993
610.12,-0.0040000000000000036
610.16,-0.0040000000000000036
610.2,-0.007999999999999993
610.24,-0.0040000000000000036
610.28,-0.0040000000000000036
610.32,-0.007999999999999993
610.36,-0.0040000000000000036
610.4,0.008000000000000007
610.44,0.0040000000000000036
610.48,-0.0040000000000000036
610.52,0.008000000000000007
610.5600000000001,0.0040000000000000036
610.6,-0.007999999999999993
610.64,-0.007999999999999993
610.6800000000001,-0.0040000000000000036
610.72,-0.0040000000000000036
610.76,-0.007999999999999993
610.8000000000001,-0.0040000000000000036
610.84,0.0
610.88,-0.0040000000000000036
610.92,0.0
610.96,0.0
611.0,-0.007999999999999993
611.04,-0.0040000000000000036
611.08,0.0040000000000000036
611.12,0.0040000000000000036
611.16,-0.0040000000000000036
611.2,0.0
611.24,-0.0040000000000000036
611.28,-0.007999999999999993
611.32,-0.0040000000000000036
611.36,0.0
611.4,-0.0040000000000000036
611.44,-0.0040000000000000036
611.48,-0.0040000000000000036
611.52,-0.0040000000000000036
611.5600000000001,-0.011999999999999997
611.6,-0.0040000000000000036
611.64,0.0040000000000000036
611.6800000000001,0.0
611.72,0.0
611.76,0.008000000000000007
611.8000000000001,0.0040000000000000036
611.84,-0.0040000000000000036
611.88,-0.0040000000000000036
611.92,-0.0040000000000000036
611.96,-0.007999999999999993
612.0,-0.007999999999999993
612.04,-0.0040000000000000036
612.08,-0.0040000000000000036
612.12,-0.0040000000000000036
612.16,0.0
612.2,-0.0040000000000000036
612.24,-0.007999999999999993
612.28,-0.007999999999999993
612.32,0.0040000000000000036
612.36,0.0040000000000000036
612.4,-0.0040000000000000036
612.44,0.0
612.48,-0.0040000000000000036
612.52,-0.0040000000000000036
612.5600000000001,-0.0040000000000000036
612.6,-0.0040000000000000036
612.64,-0.007999999999999993
612.6800000000001,-0.0040000000000000036
612.72,-0.0040000000000000036
612.76,-0.0040000000000000036
612.8000000000001,-0.007999999999999993
612.84,-0.0040000000000000036
612.88,-0.007999999999999993
612.92,-0.007999999999999993
612.96,-0.0040000000000000036
613.0,0.0040000000000000036
613.04,0.0040000000000000036
613.08,0.0040000000000000036
613.12,0.0040000000000000036
613.16,0.0
613.2,-0.0040000000000000036
613.24,-0.007999999999999993
613.28,-0.0040000000000000036
613.32,0.0
613.36,-0.0040000000000000036
613.4,-0.0040000000000000036
613.44,-0.0040000000000000036
613.48,-0.007999999999999993
613.52,-0.007999999999999993
613.5600000000001,0.0
613.6,0.0
613.64,0.0
613.6800000000001,-0.0040000000000000036
613.72,0.0040000000000000036
613.76,0.0
613.8000000000001,-0.0040000000000000036
613.84,-0.0040000000000000036
613.88,-0.0040000000000000036
613.92,-0.0040000000000000036
613.96,0.0
614.0,-0.0040000000000000036
614.04,-0.0040000000000000036
614.08,-0.0040000000000000036
614.12,-0.007999999999999993
614.16,-0.011999999999999997
614.2,-0.007999999999999993
614.24,0.0
614.28,0.0
614.32,-0.0040000000000000036
614.36,0.0040000000000000036
614.4,0.0040000000000000036
614.44,-0.0040000000000000036
614.48,-0.0040000000000000036
614.52,0.0
614.5600000000001,0.0
614.6,-0.0040000000000000036
614.64,-0.0040000000000000036
614.6800000000001,-0.0040000000000000036
614.72,-0.007999999999999993
614.76,-0.0040000000000000036
614.8000000000001,-0.0040000000000000036
614.84,-0.0040000000000000036
614.88,-0.0040000000000000036
614.92,0.0
614.96,0.0
615.0,0.0
615.04,0.0
615.08,0.0
615.12,-0.0040000000000000036
615.16,-0.0040000000000000036
615.2,0.0
615.24,-0.0040000000000000036
615.28,0.0
615.32,0.0040000000000000036
615.36,-0.0040000000000000036
615.4,-0.007999999999999993
615.44,-0.007999999999999993
615.48,-0.0040000000000000036
615.52,-0.011999999999999997
615.5600000000001,-0.007999999999999993
615.6,0.0
615.64,0.0
615.6800000000001,-0.0040000000000000036
615.72,0.0
615.76,0.0040000000000000036
615.8000000000001,-0.0040000000000000036
615.84,-0.0040000000000000036
615.88,-0.0040000000000000036
615.92,-0.0040000000000000036
615.96,-0.0040000000000000036
616.0,0.0040000000000000036
616.04,-0.0040000000000000036
616.08,-0.007999999999999993
616.12,-0.007999999999999993
616.16,-0.007999999999999993
616.2,-0.007999999999999993
616.24,-0.0040000000000000036
616.28,0.0
616.32,0.0
616.36,-0.0040000000000000036
616.4,0.0
616.44,-0.0040000000000000036
616.48,-0.0040000000000000036
616.52,0.0
616.5600000000001,0.0040000000000000036
616.6,-0.0040000000000000036
616.64,-0.0040000000000000036
616.6800000000001,0.0
616.72,-0.007999999999999993
616.76,-0.011999999999999997
616.8000000000001,-0.011999999999999997
616.84,-0.0040000000000000036
616.88,-0.007999999999999993
616.92,-0.0040000000000000036
616.96,0.0040000000000000036
617.0,0.0040000000000000036
617.04,-0.007999999999999993
617.08,-0.007999999999999993
617.12,-0.0040000000000000036
617.16,-0.0040000000000000036
617.2,-0.0040000000000000036
617.24,0.0040000000000000036
617.28,0.0040000000000000036
617.32,-0.007999999999999993
617.36,-0.007999999999999993
617.4,-0.0040000000000000036
617.44,-0.0040000000000000036
617.48,-0.0040000000000000036
617.52,-0.0040000000000000036
617.5600000000001,-0.0040000000000000036
617.6,-0.0040000000000000036
617.64,0.0040000000000000036
617.6800000000001,0.0
617.72,-0.0040000000000000036
617.76,-0.0040000000000000036
617.8000000000001,0.0
617.84,0.0040000000000000036
617.88,0.0040000000000000036
617.92,0.0040000000000000036
617.96,-0.0040000000000000036
618.0,-0.007999999999999993
618.04,-0.007999999999999993
618.08,-0.007999999999999993
618.12,-0.007999999999999993
618.16,-0.007999999999999993
618.2,0.0
618.24,0.0
618.28,-0.0040000000000000036
618.32,-0.0040000000000000036
618.36,-0.0040000000000000036
618.4,-0.0040000000000000036
618.44,-0.007999999999999993
618.48,0.0040000000000000036
618.52,0.0040000000000000036
618.5600000000001,-0.0040000000000000036
618.6,-0.0040000000000000036
618.64,0.0
618.6800000000001,-0.0040000000000000036
618.72,-0.007999999999999993
618.76,-0.007999999999999993
618.8000000000001,-0.0040000000000000036
618.84,-0.0040000000000000036
618.88,0.0
618.92,0.0
618.96,-0.007999999999999993
619.0,-0.007999999999999993
619.04,0.0
619.08,-0.0040000000000000036
619.12,0.0
619.16,0.0040000000000000036
619.2,0.0040000000000000036
619.24,0.0
619.28,0.0
619.32,-0.0040000000000000036
619.36,-0.007999999999999993
619.4,-0.007999999999999993
619.44,-0.0040000000000000036
619.48,-0.0040000000000000036
619.52,-0.007999999999999993
619.5600000000001,0.0
619.6,-0.0040000000000000036
619.64,-0.007999999999999993
619.6800000000001,-0.0040000000000000036
619.72,-0.0040000000000000036
619.76,-0.0040000000000000036
619.8000000000001,-0.007999999999999993
619.84,0.0
619.88,0.0040000000000000036
619.92,-0.0040000000000000036
619.96,-0.0040000000000000036
620.0,-0.0040000000000000036
620.04,-0.007999999999999993
620.08,-0.007999999999999993
620.12,-0.0040000000000000036
620.16,-0.007999999999999993
620.2,-0.007999999999999993
620.24,-0.0040000000000000036
620.28,-0.0040000000000000036
620.32,-0.0040000000000000036
620.36,-0.0040000000000000036
620.4,0.0
620.44,-0.0040000000000000036
620.48,0.0040000000000000036
620.52,0.0040000000000000036
620.5600000000001,0.0040000000000000036
620.6,-0.0040000000000000036
620.64,-0.0040000000000000036
620.6800000000001,-0.0040000000000000036
620.72,-0.007999999999999993
620.76,-0.007999999999999993
620.8000000000001,-0.0040000000000000036
620.84,0.0
620.88,-0.0040000000000000036
620.92,-0.0040000000000000036
620.96,-0.0040000000000000036
621.0,-0.007999999999999993
621.04,-0.007999999999999993
621.08,0.0040000000000000036
621.12,0.0040000000000000036
621.16,-0.0040000000000000036
621.2,0.0040000000000000036
621.24,0.0
621.28,-0.0040000000000000036
621.32,-0.0040000000000000036
621.36,-0.0040000000000000036
621.4,-0.0040000000000000036
621.44,-0.007999999999999993
621.48,-0.0040000000000000036
621.52,-0.0040000000000000036
621.5600000000001,-0.007999999999999993
621.6,-0.007999999999999993
621.64,-0.007999999999999993
621.6800000000001,-0.0040000000000000036
621.72,-0.0040000000000000036
621.76,0.0040000000000000036
621.8000000000001,0.0040000000000000036
621.84,0.0
621.88,0.0040000000000000036
621.92,-0.0040000000000000036
621.96,-0.007999999999999993
622.0,-0.007999999999999993
622.04,-0.0040000000000000036
622.08,-0.0040000000000000036
622.12,-0.0040000000000000036
622.16,-0.0040000000000000036
622.2,-0.0040000000000000036
622.24,-0.007999999999999993
622.28,-0.007999999999999993
622.32,-0.0040000000000000036
622.36,-0.007999999999999993
622.4,-0.007999999999999993
622.44,0.0
622.48,0.0040000000000000036
622.52,-0.0040000000000000036
622.5600000000001,0.0040000000000000036
622.6,0.0040000000000000036
622.64,-0.007999999999999993
622.6800000000001,-0.007999999999999993
622.72,-0.0040000000000000036
622.76,0.0
622.8000000000001,-0.0040000000000000036
622.84,-0.007999999999999993
622.88,-0.007999999999999993
622.92,-0.007999999999999993
622.96,-0.0040000000000000036
623.0,-0.0040000000000000036
623.04,-0.0040000000000000036
623.08,-0.0040000000000000036
623.12,0.0040000000000000036
623.16,0.0040000000000000036
623.2,-0.0040000000000000036
623.24,0.0
623.28,0.0040000000000000036
623.32,-0.0040000000000000036
623.36,-0.0040000000000000036
623.4,0.0
623.44,0.0
623.48,-0.0040000000000000036
623.52,-0.0040000000000000036
623.5600000000001,-0.0040000000000000036
623.6,-0.007999999999999993
623.64,-0.011999999999999997
623.6800000000001,-0.007999999999999993
623.72,-0.0040000000000000036
623.76,-0.0040000000000000036
623.8000000000001,0.0040000000000000036
623.84,0.0040000000000000036
623.88,-0.0040000000000000036
623.92,-0.0040000000000000036
623.96,0.0
624.0,-0.0040000000000000036
624.04,-0.007999999999999993
624.08,-0.0040000000000000036
624.12,-0.0040000000000000036
624.16,-0.0040000000000000036
624.2,-0.0040000000000000036
624.24,-0.0040000000000000036
624.28,-0.007999999999999993
624.32,-0.007999999999999993
624.36,0.0
624.4,-0.0040000000000000036
624.44,-0.0040000000000000036
624.48,0.0040000000000000036
624.52,0.0040000000000000036
624.5600000000001,-0.0040000000000000036
624.6,-0.0040000000000000036
624.64,0.0
624.6800000000001,-0.0040000000000000036
624.72,-0.0040000000000000036
624.76,0.0040000000000000036
624.8000000000001,0.0
624.84,-0.0040000000000000036
624.88,-0.0040000000000000036
624.92,-0.0040000000000000036
624.96,-0.011999999999999997
625.0,-0.007999999999999993
625.04,-0.0040000000000000036
625.08,-0.0040000000000000036
625.12,-0.0040000000000000036
625.16,0.0040000000000000036
625.2,0.0040000000000000036
625.24,-0.0040000000000000036
625.28,-0.007999999999999993
625.32,-0.0040000000000000036
625.36,-0.0040000000000000036
625.4,0.0
625.44,0.0040000000000000036
625.48,-0.0040000000000000036
625.52,-0.007999999999999993
625.5600000000001,-0.0040000000000000036
625.6,-0.007999999999999993
625.64,-0.007999999999999993
625.6800000000001,-0.007999999999999993
625.72,0.0
625.76,-0.0040000000000000036
625.8000000000001,-0.0040000000000000036
625.84,-0.0040000000000000036
625.88,-0.0040000000000000036
625.92,-0.0040000000000000036
625.96,-0.0040000000000000036
626.0,0.0040000000000000036
626.04,0.0
626.08,-0.0040000000000000036
626.12,0.0040000000000000036
626.16,0.0040000000000000036
626.2,-0.007999999999999993
626.24,-0.007999999999999993
626.28,-0.007999999999999993
626.32,-0.007999999999999993
626.36,-0.007999999999999993
626.4,0.0040000000000000036
626.44,0.0040000000000000036
626.48,-0.0040000000000000036
626.52,-0.0040000000000000036
626.5600000000001,0.0
626.6,-0.0040000000000000036
626.64,-0.0040000000000000036
626.6800000000001,-0.0040000000000000036
626.72,-0.0040000000000000036
626.76,-0.007999999999999993
626.8000000000001,-0.0040000000000000036
626.84,0.0
626.88,-0.007999999999999993
626.92,-0.007999999999999993
626.96,-0.0040000000000000036
627.0,-0.007999999999999993
627.04,-0.007999999999999993
627.08,-0.0040000000000000036
627.12,0.0
627.16,-0.0040000000000000036
627.2,-0.0040000000000000036
627.24,0.0
627.28,-0.0040000000000000036
627.32,-0.0040000000000000036
627.36,0.0040000000000000036
627.4,0.0040000000000000036
627.44,-0.0040000000000000036
627.48,-0.0040000000000000036
627.52,0.0040000000000000036
627.5600000000001,-0.007999999999999993
627.6,-0.011999999999999997
627.64,-0.0040000000000000036
627.6800000000001,0.0
627.72,-0.007999999999999993
627.76,-0.0040000000000000036
627.8000000000001,0.0040000000000000036
627.84,0.0
627.88,-0.0040000000000000036
627.92,-0.0040000000000000036
627.96,-0.007999999999999993
628.0,-0.007999999999999993
628.04,0.0040000000000000036
628.08,0.0040000000000000036
628.12,-0.0040000000000000036
628.16,-0.0040000000000000036
628.2,-0.0040000000000000036
628.24,-0.007999999999999993
628.28,-0.011999999999999997
628.32,-0.007999999999999993
628.36,-0.007999999999999993
628.4,-0.007999999999999993
628.44,0.0
628.48,0.0
628.52,-0.007999999999999993
628.5600000000001,-0.0040000000000000036
628.6,0.0
628.64,-0.0040000000000000036
628.6800000000001,-0.0040000000000000036
628.72,0.0040000000000000036
628.76,0.0040000000000000036
628.8000000000001,-0.0040000000000000036
628.84,-0.0040000000000000036
628.88,-0.0040000000000000036
628.92,-0.007999999999999993
628.96,-0.011999999999999997
629.0,-0.0040000000000000036
629.04,0.0
629.08,0.0
629.12,0.0040000000000000036
629.16,-0.0040000000000000036
629.2,-0.011999999999999997
629.24,-0.007999999999999993
629.28,0.0040000000000000036
629.32,0.0
629.36,-0.0040000000000000036
629.4,0.0040000000000000036
629.44,0.0040000000000000036
629.48,-0.0040000000000000036
629.52,-0.0040000000000000036
629.5600000000001,-0.0040000000000000036
629.6,-0.011999999999999997
629.64,-0.007999999999999993
629.6800000000001,-0.0040000000000000036
629.72,-0.007999999999999993
629.76,-0.007999999999999993
629.8000000000001,0.0
629.84,-0.0040000000000000036
629.88,-0.007999999999999993
629.92,-0.007999999999999993
629.96,0.0040000000000000036
630.0,0.0
630.04,-0.0040000000000000036
630.08,0.0040000000000000036
630.12,0.0040000000000000036
630.16,-0.0040000000000000036
630.2,-0.007999999999999993
630.24,-0.0040000000000000036
630.28,-0.0040000000000000036
630.32,-0.0040000000000000036
630.36,-0.0040000000000000036
630.4,-0.0040000000000000036
630.44,-0.007999999999999993
630.48,-0.0040000000000000036
630.52,-0.0040000000000000036
630.5600000000001,-0.007999999999999993
630.6,-0.007999999999999993
630.64,-0.0040000000000000036
630.6800000000001,0.0
630.72,0.0040000000000000036
630.76,0.0040000000000000036
630.8000000000001,0.0
630.84,-0.0040000000000000036
630.88,-0.0040000000000000036
630.92,-0.007999999999999993
630.96,-0.007999999999999993
631.0,-0.007999999999999993
631.04,0.0
631.08,-0.0040000000000000036
631.12,-0.007999999999999993
631.16,-0.007999999999999993
631.2,0.0
631.24,-0.0040000000000000036
631.28,-0.007999999999999993
631.32,-0.0040000000000000036
631.36,0.0
631.4,-0.0040000000000000036
631.44,0.0
631.48,0.0040000000000000036
631.52,-0.0040000000000000036
631.5600000000001,-0.007999999999999993
631.6,-0.0040000000000000036
631.64,-0.0040000000000000036
631.6800000000001,-0.007999999999999993
631.72,0.0
631.76,0.0040000000000000036
631.8000000000001,-0.007999999999999993
631.84,-0.011999999999999997
631.88,-0.007999999999999993
631.92,-0.0040000000000000036
631.96,-0.0040000000000000036
632.0,0.0040000000000000036
632.04,0.0040000000000000036
632.08,0.0
632.12,0.0040000000000000036
632.16,0.0
632.2,-0.007999999999999993
632.24,-0.007999999999999993
632.28,-0.0040000000000000036
632.32,-0.0040000000000000036
632.36,-0.007999999999999993
632.4,-0.0040000000000000036
632.44,0.0
632.48,-0.0040000000000000036
632.52,-0.011999999999999997
632.5600000000001,-0.0040000000000000036
632.6,-0.007999999999999993
632.64,-0.007999999999999993
632.6800000000001,0.0
632.72,0.0040000000000000036
632.76,-0.0040000000000000036
632.8000000000001,-0.0040000000000000036
632.84,-0.0040000000000000036
632.88,-0.0040000000000000036
632.92,-0.0040000000000000036
632.96,0.0040000000000000036
633.0,0.0040000000000000036
633.04,-0.007999999999999993
633.08,-0.007999999999999993
633.12,-0.0040000000000000036
633.16,-0.007999999999999993
633.2,-0.007999999999999993
633.24,-0.0040000000000000036
633.28,-0.0040000000000000036
633.32,0.0
633.36,0.0040000000000000036
633.4,0.0040000000000000036
633.44,-0.0040000000000000036
633.48,-0.0040000000000000036
633.52,0.0
633.5600000000001,-0.0040000000000000036
633.6,-0.007999999999999993
633.64,0.0040000000000000036
633.6800000000001,0.0040000000000000036
633.72,-0.0040000000000000036
633.76,-0.0040000000000000036
633.8000000000001,-0.0040000000000000036
633.84,-0.011999999999999997
633.88,-0.011999999999999997
633.92,-0.0040000000000000036
633.96,-0.0040000000000000036
634.0,-0.007999999999999993
634.04,0.0
634.08,0.0
634.12,-0.0040000000000000036
634.16,-0.0040000000000000036
634.2,0.0040000000000000036
634.24,-0.0040000000000000036
634.28,-0.0040000000000000036
634.32,0.0
634.36,0.0
634.4,-0.0040000000000000036
634.44,-0.007999999999999993
634.48,-0.011999999999999997
634.52,-0.007999999999999993
634.5600000000001,-0.0040000000000000036
634.6,0.0
634.64,-0.0040000000000000036
634.6800000000001,-0.0040000000000000036
634.72,0.0040000000000000036
634.76,0.0040000000000000036
634.8000000000001,-0.007999999999999993
634.84,-0.0040000000000000036
634.88,0.0
634.92,-0.0040000000000000036
634.96,-0.0040000000000000036
635.0,0.0040000000000000036
635.04,0.0
635.08,-0.0040000000000000036
635.12,-0.0040000000000000036
635.16,-0.0040000000000000036
635.2,-0.011999999999999997
635.24,-0.011999999999999997
635.28,-0.0040000000000000036
635.32,-0.0040000000000000036
635.36,-0.0040000000000000036
635.4,0.0
635.44,0.0040000000000000036
635.48,-0.007999999999999993
635.52,-0.007999999999999993
635.5600000000001,0.0
635.6,0.0
635.64,-0.0040000000000000036
635.6800000000001,-0.0040000000000000036
635.72,-0.0040000000000000036
635.76,-0.007999999999999993
635.8000000000001,-0.007999999999999993
635.84,-0.0040000000000000036
635.88,-0.007999999999999993
635.92,-0.007999999999999993
635.96,0.0
636.0,0.0040000000000000036
636.04,-0.0040000000000000036
636.08,-0.0040000000000000036
636.12,0.0
636.16,-0.007999999999999993
636.2,-0.0040000000000000036
636.24,0.0040000000000000036
636.28,0.0040000000000000036
636.32,0.0
636.36,0.0040000000000000036
636.4,0.0040000000000000036
636.44,-0.007999999999999993
636.48,-0.011999999999999997
636.52,-0.007999999999999993
636.5600000000001,-0.007999999999999993
636.6,-0.007999999999999993
636.64,-0.0040000000000000036
636.6800000000001,0.0
636.72,-0.0040000000000000036
636.76,-0.007999999999999993
636.8000000000001,0.0
636.84,-0.0040000000000000036
636.88,-0.007999999999999993
636.92,-0.0040000000000000036
636.96,0.0040000000000000036
637.0,-0.0040000000000000036
637.04,-0.0040000000000000036
637.08,0.0
637.12,-0.007999999999999993
637.16,-0.007999999999999993
637.2,-0.0040000000000000036
637.24,-0.0040000000000000036
637.28,-0.007999999999999993
637.32,-0.0040000000000000036
637.36,-0.0040000000000000036
637.4,-0.007999999999999993
637.44,-0.007999999999999993
637.48,-0.0040000000000000036
637.52,0.0
637.5600000000001,-0.0040000000000000036
637.6,0.0040000000000000036
637.64,0.008000000000000007
637.6800000000001,-0.0040000000000000036
637.72,0.0
637.76,0.0
637.8000000000001,-0.007999999999999993
637.84,-0.011999999999999997
637.88,-0.0040000000000000036
637.92,-0.0040000000000000036
637.96,-0.007999999999999993
638.0,-0.0040000000000000036
638.04,0.0
638.08,-0.007999999999999993
638.12,-0.007999999999999993
638.16,-0.0040000000000000036
638.2,-0.0040000000000000036
638.24,-0.0040000000000000036
638.28,0.0
638.32,0.0040000000000000036
638.36,-0.0040000000000000036
638.4,-0.0040000000000000036
638.44,-0.0040000000000000036
638.48,-0.0040000000000000036
638.52,-0.007999999999999993
638.5600000000001,-0.007999999999999993
638.6,-0.0040000000000000036
638.64,-0.0040000000000000036
638.6800000000001,-0.0040000000000000036
638.72,-0.0040000000000000036
638.76,-0.007999999999999993
638.8000000000001,-0.007999999999999993
638.84,0.0040000000000000036
638.88,-0.0040000000000000036
638.92,-0.0040000000000000036
638.96,0.0040000000000000036
639.0,0.008000000000000007
639.04,0.0
639.08,-0.0040000000000000036
639.12,-0.0040000000000000036
639.16,-0.007999999999999993
639.2,-0.0040000000000000036
639.24,0.0
639.28,-0.0040000000000000036
639.32,-0.0040000000000000036
639.36,-0.0040000000000000036
639.4,-0.0040000000000000036
639.44,-0.007999999999999993
639.48,-0.007999999999999993
639.52,-0.007999999999999993
639.5600000000001,-0.0040000000000000036
639.6,-0.0040000000000000036
639.64,0.0040000000000000036
639.6800000000001,0.0040000000000000036
639.72,0.0
639.76,-0.0040000000000000036
639.8000000000001,-0.007999999999999993
639.84,-0.0040000000000000036
639.88,-0.0040000000000000036
639.92,-0.0040000000000000036
639.96,-0.0040000000000000036
640.0,-0.007999999999999993
640.04,-0.0040000000000000036
640.08,-0.0040000000000000036
640.12,-0.007999999999999993
640.16,-0.007999999999999993
640.2,-0.0040000000000000036
640.24,0.0040000000000000036
640.28,0.0
640.32,0.0040000000000000036
640.36,0.0040000000000000036
640.4,-0.0040000000000000036
640.44,-0.007999999999999993
640.48,0.0
640.52,-0.0040000000000000036
640.5600000000001,-0.007999999999999993
640.6,0.0
640.64,0.0040000000000000036
640.6800000000001,-0.0040000000000000036
640.72,-0.007999999999999993
640.76,-0.007999999999999993
640.8000000000001,-0.011999999999999997
640.84,-0.007999999999999993
640.88,-0.0040000000000000036
640.92,0.0040000000000000036
640.96,-0.0040000000000000036
641.0,-0.0040000000000000036
641.04,0.0
641.08,-0.0040000000000000036
641.12,-0.0040000000000000036
641.16,-0.0040000000000000036
641.2,-0.0040000000000000036
641.24,-0.007999999999999993
641.28,-0.0040000000000000036
641.32,0.0
641.36,-0.007999999999999993
641.4,-0.007999999999999993
641.44,-0.0040000000000000036
641.48,-0.007999999999999993
641.52,-0.007999999999999993
641.5600000000001,0.0040000000000000036
641.6,0.0
641.64,-0.0040000000000000036
641.6800000000001,-0.0040000000000000036
641.72,0.0040000000000000036
641.76,-0.0040000000000000036
641.8000000000001,-0.007999999999999993
641.84,0.0040000000000000036
641.88,0.0040000000000000036
641.92,-0.0040000000000000036
641.96,0.0
642.0,0.0
642.04,-0.007999999999999993
642.08,-0.007999999999999993
642.12,-0.0040000000000000036
642.16,-0.0040000000000000036
642.2,-0.007999999999999993
642.24,-0.0040000000000000036
642.28,0.0040000000000000036
642.32,-0.0040000000000000036
642.36,0.0
642.4,0.0
642.44,-0.007999999999999993
642.48,-0.007999999999999993
642.52,-0.0040000000000000036
642.5600000000001,0.0
642.6,-0.0040000000000000036
642.64,-0.0040000000000000036
642.6800000000001,-0.0040000000000000036
642.72,-0.007999999999999993
642.76,-0.007999999999999993
642.8000000000001,-0.0040000000000000036
642.84,-0.007999999999999993
642.88,-0.007999999999999993
642.92,0.0
642.96,-0.0040000000000000036
643.0,-0.0040000000000000036
643.04,-0.0040000000000000036
643.08,0.0040000000000000036
643.12,-0.0040000000000000036
643.16,-0.0040000000000000036
643.2,0.0040000000000000036
643.24,0.0040000000000000036
643.28,0.0
643.32,-0.0040000000000000036
643.36,-0.0040000000000000036
643.4,-0.007999999999999993
643.44,-0.011999999999999997
643.48,-0.0040000000000000036
643.52,-0.0040000000000000036
643.5600000000001,-0.0040000000000000036
643.6,0.0040000000000000036
643.64,-0.0040000000000000036
643.6800000000001,-0.0040000000000000036
643.72,-0.0040000000000000036
643.76,-0.0040000000000000036
643.8000000000001,-0.0040000000000000036
643.84,-0.0040000000000000036
643.88,-0.0040000000000000036
643.92,0.0040000000000000036
643.96,0.0
644.0,-0.0040000000000000036
644.04,-0.007999999999999993
644.08,-0.011999999999999997
644.12,-0.007999999999999993
644.16,-0.0040000000000000036
644.2,-0.007999999999999993
644.24,-0.007999999999999993
644.28,-0.0040000000000000036
644.32,0.0
644.36,-0.007999999999999993
644.4,-0.007999999999999993
644.44,-0.0040000000000000036
644.48,0.0
644.52,0.0
644.5600000000001,0.0040000000000000036
644.6,0.0
644.64,-0.0040000000000000036
644.6800000000001,-0.007999999999999993
644.72,-0.0040000000000000036
644.76,-0.007999999999999993
644.8000000000001,-0.007999999999999993
644.84,0.0
644.88,-0.0040000000000000036
644.92,-0.0040000000000000036
644.96,-0.0040000000000000036
645.0,-0.0040000000000000036
645.04,-0.007999999999999993
645.08,-0.007999999999999993
645.12,-0.0040000000000000036
645.16,0.0
645.2,0.0040000000000000036
645.24,0.0040000000000000036
645.28,-0.0040000000000000036
645.32,-0.007999999999999993
645.36,-0.0040000000000000036
645.4,-0.0040000000000000036
645.44,-0.011999999999999997
645.48,-0.011999999999999997
645.52,-0.0040000000000000036
645.5600000000001,-0.0040000000000000036
645.6,-0.007999999999999993
645.64,-0.007999999999999993
645.6800000000001,-0.0040000000000000036
645.72,-0.0040000000000000036
645.76,-0.0040000000000000036
645.8000000000001,0.0040000000000000036
645.84,-0.0040000000000000036
645.88,-0.0040000000000000036
645.92,0.0040000000000000036
645.96,0.0040000000000000036
646.0,-0.007999999999999993
646.04,-0.007999999999999993
646.08,-0.0040000000000000036
646.12,-0.0040000000000000036
646.16,-0.0040000000000000036
646.2,-0.0040000000000000036
646.24,-0.0040000000000000036
646.28,-0.007999999999999993
646.32,-0.007999999999999993
646.36,-0.0040000000000000036
646.4,-0.007999999999999993
646.44,-0.007999999999999993
646.48,0.0040000000000000036
646.52,-0.0040000000000000036
646.5600000000001,-0.0040000000000000036
646.6,0.0040000000000000036
646.64,0.0040000000000000036
646.6800000000001,-0.011999999999999997
646.72,-0.011999999999999997
646.76,-0.0040000000000000036
646.8000000000001,-0.007999999999999993
646.84,-0.011999999999999997
646.88,-0.0040000000000000036
646.92,-0.0040000000000000036
646.96,-0.007999999999999993
647.0,-0.007999999999999993
647.04,-0.0040000000000000036
647.08,-0.007999999999999993
647.12,-0.007999999999999993
647.16,0.0040000000000000036
647.2,0.0040000000000000036
647.24,-0.0040000000000000036
647.28,-0.0040000000000000036
647.32,0.0
647.36,-0.007999999999999993
647.4,-0.0040000000000000036
647.44,-0.0040000000000000036
647.48,-0.0040000000000000036
647.52,-0.0040000000000000036
647.5600000000001,0.0
647.6,-0.0040000000000000036
647.64,-0.007999999999999993
647.6800000000001,-0.0040000000000000036
647.72,-0.007999999999999993
647.76,-0.007999999999999993
647.8000000000001,0.0
647.84,0.01200000000000001
647.88,0.0040000000000000036
647.92,-0.0040000000000000036
647.96,-0.0040000000000000036
648.0,0.0
648.04,-0.007999999999999993
648.08,-0.007999999999999993
648.12,0.0
648.16,-0.0040000000000000036
648.2,-0.0040000000000000036
648.24,0.0
648.28,-0.0040000000000000036
648.32,-0.011999999999999997
648.36,-0.007999999999999993
648.4,-0.0040000000000000036
648.44,-0.007999999999999993
648.48,-0.0040000000000000036
648.52,0.0040000000000000036
648.5600000000001,0.0040000000000000036
648.6,-0.0040000000000000036
648.64,-0.0040000000000000036
648.6800000000001,-0.0040000000000000036
648.72,-0.0040000000000000036
648.76,0.0
648.8000000000001,0.0040000000000000036
648.84,-0.0040000000000000036
648.88,-0.0040000000000000036
648.92,-0.0040000000000000036
648.96,-0.011999999999999997
649.0,-0.011999999999999997
649.04,-0.0040000000000000036
649.08,0.0040000000000000036
649.12,-0.0040000000000000036
649.16,-0.0040000000000000036
649.2,0.0040000000000000036
649.24,0.0040000000000000036
649.28,-0.0040000000000000036
649.32,-0.0040000000000000036
649.36,-0.0040000000000000036
649.4,-0.0040000000000000036
649.44,-0.0040000000000000036
649.48,0.0
649.52,-0.0040000000000000036
649.5600000000001,-0.007999999999999993
649.6,-0.0040000000000000036
649.64,-0.007999999999999993
649.6800000000001,-0.011999999999999997
649.72,-0.007999999999999993
649.76,-0.0040000000000000036
649.8000000000001,-0.0040000000000000036
649.84,-0.007999999999999993
649.88,-0.0040000000000000036
649.92,-0.0040000000000000036
649.96,-0.0040000000000000036
650.0,-0.0040000000000000036
650.04,0.0
650.08,-0.0040000000000000036
650.12,0.0
650.16,0.0
650.2,-0.0040000000000000036
650.24,-0.007999999999999993
650.28,-0.0040000000000000036
650.32,-0.007999999999999993
650.36,-0.011999999999999997
650.4,-0.0040000000000000036
650.44,0.0040000000000000036
650.48,0.0040000000000000036
650.52,0.0
650.5600000000001,-0.0040000000000000036
650.6,-0.0040000000000000036
650.64,-0.007999999999999993
650.6800000000001,0.0
650.72,0.0
650.76,-0.0040000000000000036
650.8000000000001,-0.0040000000000000036
650.84,0.0040000000000000036
650.88,-0.0040000000000000036
650.92,-0.007999999999999993
650.96,-0.007999999999999993
651.0,-0.007999999999999993
651.04,-0.007999999999999993
651.08,-0.007999999999999993
651.12,-0.0040000000000000036
651.16,-0.0040000000000000036
651.2,-0.0040000000000000036
651.24,0.0
651.28,-0.0040000000000000036
651.32,-0.007999999999999993
651.36,-0.0040000000000000036
651.4,0.0040000000000000036
651.44,-0.0040000000000000036
651.48,-0.0040000000000000036
651.52,0.0
651.5600000000001,-0.007999999999999993
651.6,-0.011999999999999997
651.64,-0.007999999999999993
651.6800000000001,0.0040000000000000036
651.72,-0.0040000000000000036
651.76,0.0
651.8000000000001,0.0
651.84,-0.0040000000000000036
651.88,-0.0040000000000000036
651.92,0.0
651.96,-0.0040000000000000036
652.0,-0.007999999999999993
652.04,0.0
652.08,0.008000000000000007
652.12,0.0040000000000000036
652.16,-0.0040000000000000036
652.2,-0.0040000000000000036
652.24,-0.0040000000000000036
652.28,-0.011999999999999997
652.32,-0.007999999999999993
652.36,-0.0040000000000000036
652.4,-0.007999999999999993
652.44,-0.0040000000000000036
652.48,-0.0040000000000000036
652.52,-0.007999999999999993
652.5600000000001,-0.007999999999999993
652.6,0.0
652.64,-0.0040000000000000036
652.6800000000001,-0.0040000000000000036
652.72,0.0040000000000000036
652.76,0.0040000000000000036
652.8000000000001,-0.007999999999999993
652.84,-0.007999999999999993
652.88,-0.0040000000000000036
652.92,-0.0040000000000000036
652.96,-0.007999999999999993
653.0,-0.0040000000000000036
653.04,-0.0040000000000000036
653.08,-0.0040000000000000036
653.12,-0.0040000000000000036
653.16,0.0
653.2,-0.007999999999999993
653.24,-0.011999999999999997
653.28,-0.0040000000000000036
653.32,0.0040000000000000036
653.36,0.0
653.4,0.0
653.44,0.0040000000000000036
653.48,0.0
653.52,-0.007999999999999993
653.5600000000001,-0.0040000000000000036
653.6,-0.0040000000000000036
653.64,-0.007999999999999993
653.6800000000001,-0.007999999999999993
653.72,-0.0040000000000000036
653.76,-0.007999999999999993
653.8000000000001,-0.007999999999999993
653.84,-0.0040000000000000036
653.88,-0.007999999999999993
653.92,-0.007999999999999993
653.96,-0.0040000000000000036
654.0,-0.0040000000000000036
654.04,-0.0040000000000000036
654.08,-0.0040000000000000036
654.12,0.0040000000000000036
654.16,-0.0040000000000000036
654.2,-0.007999999999999993
654.24,-0.0040000000000000036
654.28,-0.0040000000000000036
654.32,-0.0040000000000000036
654.36,-0.0040000000000000036
654.4,0.0
654.44,-0.007999999999999993
654.48,-0.007999999999999993
654.52,-0.0040000000000000036
654.5600000000001,-0.0040000000000000036
654.6,-0.0040000000000000036
654.64,-0.0040000000000000036
654.6800000000001,0.0040000000000000036
654.72,0.0040000000000000036
654.76,0.0
654.8000000000001,0.0040000000000000036
654.84,0.0
654.88,-0.007999999999999993
654.92,-0.007999999999999993
654.96,-0.0040000000000000036
655.0,-0.0040000000000000036
655.04,-0.0040000000000000036
655.08,0.0
655.12,-0.007999999999999993
655.16,-0.007999999999999993
655.2,-0.0040000000000000036
655.24,-0.007999999999999993
655.28,-0.007999999999999993
655.32,0.0
655.36,0.0040000000000000036
655.4,-0.0040000000000000036
655.44,-0.0040000000000000036
655.48,0.0
655.52,-0.0040000000000000036
