Record Length,10000,Source,CH1
Sample Interval,CH1:0.0000000800000,Second,Volt
Vertical Units,CH1:V,-0.000372,24
Vertical Scale,CH1:10.00,-0.00037192,24
Vertical Offset,CH1:0.00,-0.00037184,24
Horizontal Units,s,-0.00037176,24
Horizontal Scale,0.00005,-0.00037168,24
Model Number,SDS1052DL+,-0.0003716,24
Serial Number,SDS1MGDQ4R2387,-0.00037152,24
Software Version,6.02.01.10R2,-0.00037144,24
,,-0.00037136,24
,,-0.00037128,24
,,-0.0003712,24
,,-0.00037112,24
,,-0.00037104,24
,,-0.00037096,24
,,-0.00037088,24
,,-0.0003708,24
,,-0.00037072,24
,,-0.00037064,24
,,-0.00037056,24
,,-0.00037048,24
,,-0.0003704,24
,,-0.00037032,24
,,-0.00037024,24
,,-0.00037016,24
,,-0.00037008,24
,,-0.00037,24
,,-0.00036992,24
,,-0.00036984,24
,,-0.00036976,24
,,-0.00036968,24
,,-0.0003696,24
,,-0.00036952,24
,,-0.00036944,24
,,-0.00036936,24
,,-0.00036928,24
,,-0.0003692,24
,,-0.00036912,24
,,-0.00036904,24
,,-0.00036896,24
,,-0.00036888,24
,,-0.0003688,24
,,-0.00036872,24
,,-0.00036864,24
,,-0.00036856,24
,,-0.00036848,24.4
,,-0.0003684,24
,,-0.00036832,24
,,-0.00036824,24
,,-0.00036816,24
,,-0.00036808,24
,,-0.000368,24
,,-0.00036792,24
,,-0.00036784,24
,,-0.00036776,24
,,-0.00036768,24
,,-0.0003676,24
,,-0.00036752,24
,,-0.00036744,24
,,-0.00036736,24
,,-0.00036728,24
,,-0.0003672,24
,,-0.00036712,24
,,-0.00036704,24
,,-0.00036696,24
,,-0.00036688,24
,,-0.0003668,24
,,-0.00036672,24
,,-0.00036664,24
,,-0.00036656,24
,,-0.00036648,24
,,-0.0003664,24
,,-0.00036632,24
,,-0.00036624,24
,,-0.00036616,24
,,-0.00036608,24
,,-0.000366,24
,,-0.00036592,24
,,-0.00036584,24
,,-0.00036576,24
,,-0.00036568,24
,,-0.0003656,24
,,-0.00036552,24
,,-0.00036544,24
,,-0.00036536,24
,,-0.00036528,23.6
,,-0.0003652,24
,,-0.00036512,24
,,-0.00036504,24
,,-0.00036496,24
,,-0.00036488,24
,,-0.0003648,24
,,-0.00036472,24
,,-0.00036464,24
,,-0.00036456,24
,,-0.00036448,24.4
,,-0.0003644,24
,,-0.00036432,23.6
,,-0.00036424,24
,,-0.00036416,24
,,-0.00036408,24
,,-0.000364,24
,,-0.00036392,24
,,-0.00036384,24
,,-0.00036376,24
,,-0.00036368,24
,,-0.0003636,24
,,-0.00036352,24
,,-0.00036344,24
,,-0.00036336,24
,,-0.00036328,24
,,-0.0003632,24
,,-0.00036312,24
,,-0.00036304,24
,,-0.00036296,24
,,-0.00036288,24
,,-0.0003628,24
,,-0.00036272,24
,,-0.00036264,24
,,-0.00036256,24
,,-0.00036248,24
,,-0.0003624,24
,,-0.00036232,24
,,-0.00036224,24
,,-0.00036216,24
,,-0.00036208,24
,,-0.000362,24
,,-0.00036192,24
,,-0.00036184,24
,,-0.00036176,24
,,-0.00036168,24
,,-0.0003616,24
,,-0.00036152,24
,,-0.00036144,24
,,-0.00036136,24
,,-0.00036128,24
,,-0.0003612,24
,,-0.00036112,24
,,-0.00036104,24
,,-0.00036096,24
,,-0.00036088,24
,,-0.0003608,24
,,-0.00036072,24
,,-0.00036064,24
,,-0.00036056,24
,,-0.00036048,24.4
,,-0.0003604,24.4
,,-0.00036032,24
,,-0.00036024,24.4
,,-0.00036016,24
,,-0.00036008,24
,,-0.00036,24
,,-0.00035992,24
,,-0.00035984,24
,,-0.00035976,24
,,-0.00035968,24
,,-0.0003596,24
,,-0.00035952,24
,,-0.00035944,24
,,-0.00035936,23.6
,,-0.00035928,24
,,-0.0003592,24
,,-0.00035912,24
,,-0.00035904,24
,,-0.00035896,24
,,-0.00035888,24
,,-0.0003588,24
,,-0.00035872,24
,,-0.00035864,24
,,-0.00035856,24
,,-0.00035848,24
,,-0.0003584,24
,,-0.00035832,24
,,-0.00035824,24
,,-0.00035816,24
,,-0.00035808,24
,,-0.000358,24
,,-0.00035792,24
,,-0.00035784,24
,,-0.00035776,24
,,-0.00035768,24
,,-0.0003576,23.6
,,-0.00035752,24
,,-0.00035744,24
,,-0.00035736,24
,,-0.00035728,24
,,-0.0003572,24
,,-0.00035712,24
,,-0.00035704,24
,,-0.00035696,24
,,-0.00035688,24
,,-0.0003568,24
,,-0.00035672,24
,,-0.00035664,24
,,-0.00035656,24
,,-0.00035648,24
,,-0.0003564,24
,,-0.00035632,24
,,-0.00035624,24
,,-0.00035616,23.6
,,-0.00035608,24
,,-0.000356,24
,,-0.00035592,24
,,-0.00035584,24
,,-0.00035576,24
,,-0.00035568,24
,,-0.0003556,24
,,-0.00035552,24
,,-0.00035544,24
,,-0.00035536,24
,,-0.00035528,24
,,-0.0003552,24
,,-0.00035512,24
,,-0.00035504,24
,,-0.00035496,23.6
,,-0.00035488,24
,,-0.0003548,24
,,-0.00035472,24
,,-0.00035464,24
,,-0.00035456,24
,,-0.00035448,24
,,-0.0003544,24
,,-0.00035432,24
,,-0.00035424,24
,,-0.00035416,24
,,-0.00035408,24
,,-0.000354,24
,,-0.00035392,24
,,-0.00035384,24
,,-0.00035376,24
,,-0.00035368,24
,,-0.0003536,24
,,-0.00035352,24
,,-0.00035344,24
,,-0.00035336,23.6
,,-0.00035328,24
,,-0.0003532,24
,,-0.00035312,24
,,-0.00035304,24
,,-0.00035296,24
,,-0.00035288,24
,,-0.0003528,24
,,-0.00035272,24
,,-0.00035264,24
,,-0.00035256,24
,,-0.00035248,24
,,-0.0003524,23.6
,,-0.00035232,24
,,-0.00035224,24
,,-0.00035216,24
,,-0.00035208,24
,,-0.000352,24
,,-0.00035192,24
,,-0.00035184,24
,,-0.00035176,24
,,-0.00035168,24.4
,,-0.0003516,24
,,-0.00035152,24
,,-0.00035144,24
,,-0.00035136,24
,,-0.00035128,24
,,-0.0003512,24
,,-0.00035112,24
,,-0.00035104,24
,,-0.00035096,24
,,-0.00035088,24
,,-0.0003508,24
,,-0.00035072,24
,,-0.00035064,23.6
,,-0.00035056,24
,,-0.00035048,24
,,-0.0003504,24
,,-0.00035032,24
,,-0.00035024,24
,,-0.00035016,24
,,-0.00035008,24.4
,,-0.00035,24
,,-0.00034992,24
,,-0.00034984,24
,,-0.00034976,24
,,-0.00034968,24
,,-0.0003496,24
,,-0.00034952,24
,,-0.00034944,24
,,-0.00034936,24
,,-0.00034928,24
,,-0.0003492,24
,,-0.00034912,24
,,-0.00034904,24
,,-0.00034896,24
,,-0.00034888,24
,,-0.0003488,24
,,-0.00034872,24
,,-0.00034864,24
,,-0.00034856,24
,,-0.00034848,24
,,-0.0003484,24
,,-0.00034832,24
,,-0.00034824,24
,,-0.00034816,24
,,-0.00034808,24
,,-0.000348,24
,,-0.00034792,24
,,-0.00034784,24.4
,,-0.00034776,24
,,-0.00034768,24
,,-0.0003476,24
,,-0.00034752,24
,,-0.00034744,24
,,-0.00034736,24
,,-0.00034728,24
,,-0.0003472,24
,,-0.00034712,24
,,-0.00034704,24
,,-0.00034696,24
,,-0.00034688,24
,,-0.0003468,24
,,-0.00034672,24
,,-0.00034664,24
,,-0.00034656,24
,,-0.00034648,24
,,-0.0003464,24
,,-0.00034632,24
,,-0.00034624,24
,,-0.00034616,24
,,-0.00034608,24
,,-0.000346,24
,,-0.00034592,24
,,-0.00034584,24
,,-0.00034576,24
,,-0.00034568,24
,,-0.0003456,24
,,-0.00034552,24
,,-0.00034544,24
,,-0.00034536,24
,,-0.00034528,24
,,-0.0003452,24
,,-0.00034512,24
,,-0.00034504,24
,,-0.00034496,24
,,-0.00034488,24
,,-0.0003448,24
,,-0.00034472,24
,,-0.00034464,24
,,-0.00034456,24
,,-0.00034448,24.4
,,-0.0003444,24.4
,,-0.00034432,24
,,-0.00034424,24
,,-0.00034416,24
,,-0.00034408,24
,,-0.000344,24
,,-0.00034392,24
,,-0.00034384,24
,,-0.00034376,24
,,-0.00034368,24
,,-0.0003436,24
,,-0.00034352,24
,,-0.00034344,24
,,-0.00034336,24
,,-0.00034328,24
,,-0.0003432,24.4
,,-0.00034312,24
,,-0.00034304,24
,,-0.00034296,24
,,-0.00034288,24
,,-0.0003428,24
,,-0.00034272,24
,,-0.00034264,24
,,-0.00034256,24
,,-0.00034248,24
,,-0.0003424,24
,,-0.00034232,24
,,-0.00034224,24
,,-0.00034216,24
,,-0.00034208,24
,,-0.000342,24
,,-0.00034192,24
,,-0.00034184,24.4
,,-0.00034176,24
,,-0.00034168,24
,,-0.0003416,24
,,-0.00034152,24
,,-0.00034144,24
,,-0.00034136,24
,,-0.00034128,24
,,-0.0003412,24
,,-0.00034112,24
,,-0.00034104,24.4
,,-0.00034096,24
,,-0.00034088,24
,,-0.0003408,24
,,-0.00034072,24
,,-0.00034064,24
,,-0.00034056,24
,,-0.00034048,24
,,-0.0003404,24
,,-0.00034032,24
,,-0.00034024,24
,,-0.00034016,24
,,-0.00034008,24
,,-0.00034,24
,,-0.00033992,24
,,-0.00033984,24
,,-0.00033976,24
,,-0.00033968,24
,,-0.0003396,24.4
,,-0.00033952,24
,,-0.00033944,24
,,-0.00033936,24
,,-0.00033928,24
,,-0.0003392,24
,,-0.00033912,24
,,-0.00033904,24
,,-0.00033896,24
,,-0.00033888,24
,,-0.0003388,24
,,-0.00033872,24
,,-0.00033864,24
,,-0.00033856,24
,,-0.00033848,24
,,-0.0003384,24
,,-0.00033832,24
,,-0.00033824,24
,,-0.00033816,24
,,-0.00033808,24
,,-0.000338,24
,,-0.00033792,24
,,-0.00033784,24
,,-0.00033776,24
,,-0.00033768,24
,,-0.0003376,24
,,-0.00033752,24
,,-0.00033744,24
,,-0.00033736,24
,,-0.00033728,24
,,-0.0003372,24
,,-0.00033712,24
,,-0.00033704,24
,,-0.00033696,24
,,-0.00033688,24
,,-0.0003368,24
,,-0.00033672,24
,,-0.00033664,24
,,-0.00033656,24
,,-0.00033648,24
,,-0.0003364,24
,,-0.00033632,24
,,-0.00033624,24
,,-0.00033616,24
,,-0.00033608,24
,,-0.000336,24
,,-0.00033592,24
,,-0.00033584,24
,,-0.00033576,24
,,-0.00033568,24
,,-0.0003356,24
,,-0.00033552,23.6
,,-0.00033544,24
,,-0.00033536,24
,,-0.00033528,24
,,-0.0003352,24
,,-0.00033512,24
,,-0.00033504,24
,,-0.00033496,24
,,-0.00033488,24
,,-0.0003348,24
,,-0.00033472,24
,,-0.00033464,24
,,-0.00033456,24.4
,,-0.00033448,24
,,-0.0003344,24
,,-0.00033432,24
,,-0.00033424,24
,,-0.00033416,24
,,-0.00033408,24
,,-0.000334,24
,,-0.00033392,24
,,-0.00033384,24
,,-0.00033376,24.4
,,-0.00033368,24
,,-0.0003336,24
,,-0.00033352,24
,,-0.00033344,24
,,-0.00033336,24
,,-0.00033328,24
,,-0.0003332,24
,,-0.00033312,24
,,-0.00033304,24
,,-0.00033296,24
,,-0.00033288,24
,,-0.0003328,24
,,-0.00033272,24
,,-0.00033264,24
,,-0.00033256,23.6
,,-0.00033248,24
,,-0.0003324,24
,,-0.00033232,24
,,-0.00033224,24
,,-0.00033216,24
,,-0.00033208,24
,,-0.000332,24
,,-0.00033192,24
,,-0.00033184,24
,,-0.00033176,24
,,-0.00033168,24
,,-0.0003316,24
,,-0.00033152,24
,,-0.00033144,23.6
,,-0.00033136,24
,,-0.00033128,24
,,-0.0003312,24
,,-0.00033112,24
,,-0.00033104,24
,,-0.00033096,24
,,-0.00033088,24
,,-0.0003308,24
,,-0.00033072,24
,,-0.00033064,24
,,-0.00033056,24
,,-0.00033048,23.6
,,-0.0003304,24
,,-0.00033032,24
,,-0.00033024,24
,,-0.00033016,24
,,-0.00033008,24
,,-0.00033,24
,,-0.00032992,24
,,-0.00032984,24
,,-0.00032976,24
,,-0.00032968,24
,,-0.0003296,23.6
,,-0.00032952,24
,,-0.00032944,24
,,-0.00032936,24
,,-0.00032928,23.6
,,-0.0003292,24
,,-0.00032912,24
,,-0.00032904,24
,,-0.00032896,24
,,-0.00032888,24
,,-0.0003288,24
,,-0.00032872,24
,,-0.00032864,24
,,-0.00032856,24
,,-0.00032848,24
,,-0.0003284,24
,,-0.00032832,24
,,-0.00032824,24
,,-0.00032816,24
,,-0.00032808,24
,,-0.000328,24
,,-0.00032792,24
,,-0.00032784,24
,,-0.00032776,24
,,-0.00032768,24
,,-0.0003276,24
,,-0.00032752,24
,,-0.00032744,24
,,-0.00032736,24
,,-0.00032728,23.6
,,-0.0003272,24
,,-0.00032712,24
,,-0.00032704,24
,,-0.00032696,24
,,-0.00032688,24
,,-0.0003268,24
,,-0.00032672,24
,,-0.00032664,24
,,-0.00032656,24
,,-0.00032648,24
,,-0.0003264,24
,,-0.00032632,24
,,-0.00032624,24
,,-0.00032616,24
,,-0.00032608,24
,,-0.000326,24
,,-0.00032592,24
,,-0.00032584,24
,,-0.00032576,24
,,-0.00032568,24
,,-0.0003256,24
,,-0.00032552,24
,,-0.00032544,24
,,-0.00032536,24
,,-0.00032528,24
,,-0.0003252,24
,,-0.00032512,24
,,-0.00032504,24
,,-0.00032496,24
,,-0.00032488,24
,,-0.0003248,23.6
,,-0.00032472,24
,,-0.00032464,24
,,-0.00032456,24
,,-0.00032448,24
,,-0.0003244,24
,,-0.00032432,24
,,-0.00032424,24
,,-0.00032416,24
,,-0.00032408,24
,,-0.000324,24
,,-0.00032392,24
,,-0.00032384,24
,,-0.00032376,24
,,-0.00032368,24
,,-0.0003236,24
,,-0.00032352,24
,,-0.00032344,24
,,-0.00032336,24
,,-0.00032328,24
,,-0.0003232,24
,,-0.00032312,24
,,-0.00032304,24
,,-0.00032296,24
,,-0.00032288,24
,,-0.0003228,24
,,-0.00032272,24
,,-0.00032264,24
,,-0.00032256,24
,,-0.00032248,24
,,-0.0003224,24
,,-0.00032232,24
,,-0.00032224,24
,,-0.00032216,24
,,-0.00032208,24
,,-0.000322,24
,,-0.00032192,24
,,-0.00032184,24
,,-0.00032176,24.4
,,-0.00032168,24
,,-0.0003216,24
,,-0.00032152,24
,,-0.00032144,24
,,-0.00032136,24
,,-0.00032128,24
,,-0.0003212,24
,,-0.00032112,24
,,-0.00032104,24
,,-0.00032096,24
,,-0.00032088,24
,,-0.0003208,24
,,-0.00032072,24
,,-0.00032064,24
,,-0.00032056,24
,,-0.00032048,24
,,-0.0003204,24
,,-0.00032032,24
,,-0.00032024,24
,,-0.00032016,24
,,-0.00032008,24
,,-0.00032,24
,,-0.00031992,24
,,-0.00031984,24
,,-0.00031976,24
,,-0.00031968,24
,,-0.0003196,24
,,-0.00031952,24
,,-0.00031944,24
,,-0.00031936,24
,,-0.00031928,24
,,-0.0003192,24
,,-0.00031912,24
,,-0.00031904,24
,,-0.00031896,24
,,-0.00031888,24
,,-0.0003188,24
,,-0.00031872,24
,,-0.00031864,24
,,-0.00031856,24
,,-0.00031848,24
,,-0.0003184,24
,,-0.00031832,24
,,-0.00031824,24
,,-0.00031816,24
,,-0.00031808,24
,,-0.000318,24
,,-0.00031792,24
,,-0.00031784,24
,,-0.00031776,24
,,-0.00031768,24
,,-0.0003176,24
,,-0.00031752,24
,,-0.00031744,24.4
,,-0.00031736,24.4
,,-0.00031728,24
,,-0.0003172,24
,,-0.00031712,24
,,-0.00031704,24
,,-0.00031696,24
,,-0.00031688,24
,,-0.0003168,24
,,-0.00031672,24
,,-0.00031664,24
,,-0.00031656,24
,,-0.00031648,24
,,-0.0003164,24
,,-0.00031632,24
,,-0.00031624,24
,,-0.00031616,24
,,-0.00031608,23.6
,,-0.000316,24
,,-0.00031592,24
,,-0.00031584,24.4
,,-0.00031576,24
,,-0.00031568,24
,,-0.0003156,24
,,-0.00031552,24
,,-0.00031544,24
,,-0.00031536,24
,,-0.00031528,24
,,-0.0003152,24
,,-0.00031512,24
,,-0.00031504,24
,,-0.00031496,24
,,-0.00031488,24
,,-0.0003148,24
,,-0.00031472,24
,,-0.00031464,24
,,-0.00031456,24
,,-0.00031448,24
,,-0.0003144,24
,,-0.00031432,24
,,-0.00031424,24
,,-0.00031416,24
,,-0.00031408,24
,,-0.000314,24
,,-0.00031392,24
,,-0.00031384,24
,,-0.00031376,24
,,-0.00031368,24
,,-0.0003136,24
,,-0.00031352,24
,,-0.00031344,24
,,-0.00031336,24.4
,,-0.00031328,24
,,-0.0003132,24
,,-0.00031312,24
,,-0.00031304,24
,,-0.00031296,24
,,-0.00031288,24
,,-0.0003128,24
,,-0.00031272,24
,,-0.00031264,24
,,-0.00031256,24
,,-0.00031248,24
,,-0.0003124,24
,,-0.00031232,24
,,-0.00031224,24
,,-0.00031216,24
,,-0.00031208,24
,,-0.000312,24
,,-0.00031192,24
,,-0.00031184,24
,,-0.00031176,24
,,-0.00031168,24
,,-0.0003116,24
,,-0.00031152,24
,,-0.00031144,24
,,-0.00031136,24
,,-0.00031128,24
,,-0.0003112,24
,,-0.00031112,24
,,-0.00031104,24
,,-0.00031096,24
,,-0.00031088,24
,,-0.0003108,24
,,-0.00031072,24
,,-0.00031064,24.4
,,-0.00031056,24
,,-0.00031048,24
,,-0.0003104,24
,,-0.00031032,24
,,-0.00031024,24
,,-0.00031016,24
,,-0.00031008,24
,,-0.00031,24
,,-0.00030992,24.4
,,-0.00030984,24
,,-0.00030976,24
,,-0.00030968,24
,,-0.0003096,24
,,-0.00030952,24
,,-0.00030944,24
,,-0.00030936,24
,,-0.00030928,24
,,-0.0003092,24
,,-0.00030912,24
,,-0.00030904,24
,,-0.00030896,24
,,-0.00030888,24
,,-0.0003088,24
,,-0.00030872,24
,,-0.00030864,24
,,-0.00030856,24
,,-0.00030848,24
,,-0.0003084,24
,,-0.00030832,24
,,-0.00030824,24
,,-0.00030816,24
,,-0.00030808,24
,,-0.000308,24
,,-0.00030792,24
,,-0.00030784,24
,,-0.00030776,24
,,-0.00030768,24
,,-0.0003076,24
,,-0.00030752,24
,,-0.00030744,24
,,-0.00030736,24
,,-0.00030728,24
,,-0.0003072,24
,,-0.00030712,24
,,-0.00030704,24
,,-0.00030696,24
,,-0.00030688,24
,,-0.0003068,24
,,-0.00030672,24
,,-0.00030664,24
,,-0.00030656,24
,,-0.00030648,24
,,-0.0003064,24
,,-0.00030632,24
,,-0.00030624,24
,,-0.00030616,24
,,-0.00030608,24
,,-0.000306,24
,,-0.00030592,24
,,-0.00030584,24
,,-0.00030576,24
,,-0.00030568,24
,,-0.0003056,24
,,-0.00030552,24
,,-0.00030544,24
,,-0.00030536,24
,,-0.00030528,24
,,-0.0003052,24
,,-0.00030512,24
,,-0.00030504,24
,,-0.00030496,24
,,-0.00030488,24
,,-0.0003048,24
,,-0.00030472,24
,,-0.00030464,24
,,-0.00030456,24
,,-0.00030448,24.4
,,-0.0003044,24
,,-0.00030432,24
,,-0.00030424,24.4
,,-0.00030416,24
,,-0.00030408,24
,,-0.000304,24
,,-0.00030392,24
,,-0.00030384,24
,,-0.00030376,24.4
,,-0.00030368,24
,,-0.0003036,24
,,-0.00030352,24
,,-0.00030344,24
,,-0.00030336,24
,,-0.00030328,24
,,-0.0003032,24
,,-0.00030312,24
,,-0.00030304,24
,,-0.00030296,24
,,-0.00030288,24
,,-0.0003028,24
,,-0.00030272,24
,,-0.00030264,24
,,-0.00030256,24
,,-0.00030248,24
,,-0.0003024,24
,,-0.00030232,24
,,-0.00030224,24
,,-0.00030216,24
,,-0.00030208,24
,,-0.000302,24
,,-0.00030192,24.4
,,-0.00030184,24
,,-0.00030176,24
,,-0.00030168,24
,,-0.0003016,24
,,-0.00030152,24
,,-0.00030144,24
,,-0.00030136,24
,,-0.00030128,24
,,-0.0003012,24
,,-0.00030112,24
,,-0.00030104,24
,,-0.00030096,24
,,-0.00030088,24
,,-0.0003008,24
,,-0.00030072,24
,,-0.00030064,24
,,-0.00030056,24
,,-0.00030048,24
,,-0.0003004,24
,,-0.00030032,24
,,-0.00030024,24
,,-0.00030016,24
,,-0.00030008,24
,,-0.0003,24
,,-0.00029992,24
,,-0.00029984,24
,,-0.00029976,24
,,-0.00029968,24
,,-0.0002996,24
,,-0.00029952,24
,,-0.00029944,24
,,-0.00029936,24
,,-0.00029928,24
,,-0.0002992,24
,,-0.00029912,24
,,-0.00029904,24
,,-0.00029896,24
,,-0.00029888,24
,,-0.0002988,24
,,-0.00029872,24
,,-0.00029864,24
,,-0.00029856,24
,,-0.00029848,24
,,-0.0002984,24
,,-0.00029832,24
,,-0.00029824,24
,,-0.00029816,24
,,-0.00029808,24
,,-0.000298,24
,,-0.00029792,24
,,-0.00029784,24.4
,,-0.00029776,24
,,-0.00029768,24
,,-0.0002976,24
,,-0.00029752,24
,,-0.00029744,24
,,-0.00029736,24
,,-0.00029728,24
,,-0.0002972,24
,,-0.00029712,24
,,-0.00029704,24
,,-0.00029696,24
,,-0.00029688,24
,,-0.0002968,24.4
,,-0.00029672,24
,,-0.00029664,24
,,-0.00029656,24
,,-0.00029648,24
,,-0.0002964,24
,,-0.00029632,24
,,-0.00029624,24
,,-0.00029616,24
,,-0.00029608,24
,,-0.000296,24
,,-0.00029592,24
,,-0.00029584,24
,,-0.00029576,24
,,-0.00029568,24
,,-0.0002956,24
,,-0.00029552,24
,,-0.00029544,24
,,-0.00029536,24
,,-0.00029528,24
,,-0.0002952,24
,,-0.00029512,24
,,-0.00029504,24
,,-0.00029496,24
,,-0.00029488,24
,,-0.0002948,24
,,-0.00029472,24
,,-0.00029464,24
,,-0.00029456,24
,,-0.00029448,24
,,-0.0002944,24
,,-0.00029432,24
,,-0.00029424,24
,,-0.00029416,24
,,-0.00029408,24
,,-0.000294,24
,,-0.00029392,24.4
,,-0.00029384,23.6
,,-0.00029376,24
,,-0.00029368,24
,,-0.0002936,24
,,-0.00029352,24
,,-0.00029344,24
,,-0.00029336,24
,,-0.00029328,24
,,-0.0002932,24
,,-0.00029312,24
,,-0.00029304,24.4
,,-0.00029296,24
,,-0.00029288,24
,,-0.0002928,24
,,-0.00029272,24.4
,,-0.00029264,24
,,-0.00029256,24
,,-0.00029248,24
,,-0.0002924,24
,,-0.00029232,24
,,-0.00029224,24
,,-0.00029216,24
,,-0.00029208,24
,,-0.000292,24
,,-0.00029192,24
,,-0.00029184,24
,,-0.00029176,24
,,-0.00029168,24
,,-0.0002916,24
,,-0.00029152,24
,,-0.00029144,24
,,-0.00029136,24
,,-0.00029128,24
,,-0.0002912,24
,,-0.00029112,24
,,-0.00029104,24
,,-0.00029096,24
,,-0.00029088,24
,,-0.0002908,23.6
,,-0.00029072,24
,,-0.00029064,24
,,-0.00029056,23.6
,,-0.00029048,24
,,-0.0002904,24
,,-0.00029032,24
,,-0.00029024,24
,,-0.00029016,24
,,-0.00029008,24
,,-0.00029,24
,,-0.00028992,24
,,-0.00028984,24
,,-0.00028976,24
,,-0.00028968,24
,,-0.0002896,24
,,-0.00028952,24
,,-0.00028944,24
,,-0.00028936,24
,,-0.00028928,24
,,-0.0002892,24
,,-0.00028912,24
,,-0.00028904,24
,,-0.00028896,24
,,-0.00028888,24
,,-0.0002888,24
,,-0.00028872,24
,,-0.00028864,24
,,-0.00028856,24
,,-0.00028848,24
,,-0.0002884,24
,,-0.00028832,24
,,-0.00028824,24
,,-0.00028816,24
,,-0.00028808,24
,,-0.000288,24
,,-0.00028792,24
,,-0.00028784,24
,,-0.00028776,24
,,-0.00028768,24
,,-0.0002876,24
,,-0.00028752,24
,,-0.00028744,24
,,-0.00028736,24
,,-0.00028728,24.4
,,-0.0002872,24
,,-0.00028712,24
,,-0.00028704,24
,,-0.00028696,24
,,-0.00028688,24
,,-0.0002868,24
,,-0.00028672,24
,,-0.00028664,24
,,-0.00028656,24
,,-0.00028648,24
,,-0.0002864,24
,,-0.00028632,24
,,-0.00028624,24
,,-0.00028616,24
,,-0.00028608,24
,,-0.000286,24
,,-0.00028592,24
,,-0.00028584,24
,,-0.00028576,24
,,-0.00028568,24
,,-0.0002856,24
,,-0.00028552,24
,,-0.00028544,24
,,-0.00028536,24
,,-0.00028528,24
,,-0.0002852,24
,,-0.00028512,24
,,-0.00028504,24
,,-0.00028496,24
,,-0.00028488,24
,,-0.0002848,24
,,-0.00028472,24
,,-0.00028464,24
,,-0.00028456,24
,,-0.00028448,24
,,-0.0002844,24
,,-0.00028432,24
,,-0.00028424,24
,,-0.00028416,24
,,-0.00028408,24
,,-0.000284,24
,,-0.00028392,24
,,-0.00028384,24
,,-0.00028376,24
,,-0.00028368,24
,,-0.0002836,24
,,-0.00028352,24
,,-0.00028344,24
,,-0.00028336,24
,,-0.00028328,24
,,-0.0002832,24
,,-0.00028312,24
,,-0.00028304,24
,,-0.00028296,24
,,-0.00028288,24
,,-0.0002828,24
,,-0.00028272,24.4
,,-0.00028264,24
,,-0.00028256,24
,,-0.00028248,24
,,-0.0002824,24
,,-0.00028232,24
,,-0.00028224,24
,,-0.00028216,24
,,-0.00028208,24
,,-0.000282,24
,,-0.00028192,24
,,-0.00028184,24
,,-0.00028176,24
,,-0.00028168,24
,,-0.0002816,24
,,-0.00028152,24
,,-0.00028144,24
,,-0.00028136,24
,,-0.00028128,24
,,-0.0002812,24
,,-0.00028112,24
,,-0.00028104,24
,,-0.00028096,24
,,-0.00028088,24
,,-0.0002808,24
,,-0.00028072,24
,,-0.00028064,24
,,-0.00028056,24
,,-0.00028048,24
,,-0.0002804,24
,,-0.00028032,24
,,-0.00028024,24
,,-0.00028016,24
,,-0.00028008,24
,,-0.00028,24
,,-0.00027992,24
,,-0.00027984,24
,,-0.00027976,24
,,-0.00027968,24
,,-0.0002796,24
,,-0.00027952,24
,,-0.00027944,24
,,-0.00027936,24
,,-0.00027928,24
,,-0.0002792,24
,,-0.00027912,24
,,-0.00027904,24
,,-0.00027896,24
,,-0.00027888,24
,,-0.0002788,23.6
,,-0.00027872,24
,,-0.00027864,24
,,-0.00027856,23.6
,,-0.00027848,24
,,-0.0002784,24
,,-0.00027832,24
,,-0.00027824,24
,,-0.00027816,24
,,-0.00027808,24
,,-0.000278,24
,,-0.00027792,24
,,-0.00027784,24
,,-0.00027776,24
,,-0.00027768,24
,,-0.0002776,24
,,-0.00027752,24
,,-0.00027744,24
,,-0.00027736,24
,,-0.00027728,24
,,-0.0002772,23.6
,,-0.00027712,24
,,-0.00027704,24
,,-0.00027696,24
,,-0.00027688,24
,,-0.0002768,24
,,-0.00027672,24
,,-0.00027664,24
,,-0.00027656,24
,,-0.00027648,24
,,-0.0002764,24
,,-0.00027632,24
,,-0.00027624,23.6
,,-0.00027616,24
,,-0.00027608,24
,,-0.000276,24
,,-0.00027592,24
,,-0.00027584,24
,,-0.00027576,24
,,-0.00027568,24
,,-0.0002756,24
,,-0.00027552,24
,,-0.00027544,24
,,-0.00027536,24
,,-0.00027528,24
,,-0.0002752,24
,,-0.00027512,24
,,-0.00027504,24
,,-0.00027496,24
,,-0.00027488,24
,,-0.0002748,24
,,-0.00027472,24
,,-0.00027464,24
,,-0.00027456,24
,,-0.00027448,24
,,-0.0002744,24.4
,,-0.00027432,24
,,-0.00027424,24
,,-0.00027416,24
,,-0.00027408,24
,,-0.000274,24
,,-0.00027392,24
,,-0.00027384,24
,,-0.00027376,24
,,-0.00027368,24
,,-0.0002736,24
,,-0.00027352,24
,,-0.00027344,24
,,-0.00027336,24
,,-0.00027328,23.6
,,-0.0002732,24
,,-0.00027312,24
,,-0.00027304,24
,,-0.00027296,24
,,-0.00027288,24
,,-0.0002728,24
,,-0.00027272,24
,,-0.00027264,24
,,-0.00027256,24.4
,,-0.00027248,24
,,-0.0002724,24
,,-0.00027232,24
,,-0.00027224,24
,,-0.00027216,24
,,-0.00027208,24
,,-0.000272,24
,,-0.00027192,24
,,-0.00027184,24
,,-0.00027176,24
,,-0.00027168,24
,,-0.0002716,24
,,-0.00027152,24
,,-0.00027144,24
,,-0.00027136,24
,,-0.00027128,24
,,-0.0002712,24
,,-0.00027112,24
,,-0.00027104,24
,,-0.00027096,24
,,-0.00027088,24
,,-0.0002708,24
,,-0.00027072,24
,,-0.00027064,24
,,-0.00027056,24
,,-0.00027048,24
,,-0.0002704,24
,,-0.00027032,24
,,-0.00027024,24
,,-0.00027016,24
,,-0.00027008,24
,,-0.00027,24
,,-0.00026992,24.4
,,-0.00026984,24.4
,,-0.00026976,24
,,-0.00026968,24
,,-0.0002696,24
,,-0.00026952,24
,,-0.00026944,24
,,-0.00026936,24
,,-0.00026928,24
,,-0.0002692,24
,,-0.00026912,24
,,-0.00026904,24
,,-0.00026896,24
,,-0.00026888,24
,,-0.0002688,24
,,-0.00026872,24
,,-0.00026864,24
,,-0.00026856,24
,,-0.00026848,24
,,-0.0002684,24
,,-0.00026832,24
,,-0.00026824,24
,,-0.00026816,24
,,-0.00026808,24
,,-0.000268,24
,,-0.00026792,24
,,-0.00026784,24
,,-0.00026776,24
,,-0.00026768,24
,,-0.0002676,24
,,-0.00026752,24
,,-0.00026744,24
,,-0.00026736,24.4
,,-0.00026728,24
,,-0.0002672,24
,,-0.00026712,24
,,-0.00026704,24
,,-0.00026696,24
,,-0.00026688,24
,,-0.0002668,24
,,-0.00026672,24
,,-0.00026664,24
,,-0.00026656,24
,,-0.00026648,24
,,-0.0002664,24
,,-0.00026632,24
,,-0.00026624,24
,,-0.00026616,24.4
,,-0.00026608,24
,,-0.000266,24
,,-0.00026592,24
,,-0.00026584,24
,,-0.00026576,24
,,-0.00026568,24
,,-0.0002656,24
,,-0.00026552,24
,,-0.00026544,24
,,-0.00026536,24
,,-0.00026528,24
,,-0.0002652,24
,,-0.00026512,24
,,-0.00026504,24
,,-0.00026496,24
,,-0.00026488,24
,,-0.0002648,24
,,-0.00026472,24.4
,,-0.00026464,24
,,-0.00026456,24
,,-0.00026448,24.4
,,-0.0002644,24
,,-0.00026432,24
,,-0.00026424,24
,,-0.00026416,24
,,-0.00026408,24
,,-0.000264,24
,,-0.00026392,24
,,-0.00026384,24
,,-0.00026376,24
,,-0.00026368,24
,,-0.0002636,24
,,-0.00026352,24
,,-0.00026344,24
,,-0.00026336,24
,,-0.00026328,24
,,-0.0002632,24
,,-0.00026312,24
,,-0.00026304,24
,,-0.00026296,24
,,-0.00026288,24
,,-0.0002628,24
,,-0.00026272,24
,,-0.00026264,24
,,-0.00026256,24
,,-0.00026248,24
,,-0.0002624,24
,,-0.00026232,24
,,-0.00026224,24
,,-0.00026216,24.4
,,-0.00026208,24.4
,,-0.000262,24
,,-0.00026192,24
,,-0.00026184,24
,,-0.00026176,24
,,-0.00026168,24
,,-0.0002616,24
,,-0.00026152,24
,,-0.00026144,24
,,-0.00026136,24
,,-0.00026128,24
,,-0.0002612,23.6
,,-0.00026112,24
,,-0.00026104,24
,,-0.00026096,24.4
,,-0.00026088,24
,,-0.0002608,24
,,-0.00026072,24
,,-0.00026064,24.4
,,-0.00026056,24
,,-0.00026048,24
,,-0.0002604,24
,,-0.00026032,24
,,-0.00026024,24
,,-0.00026016,24
,,-0.00026008,24
,,-0.00026,24
,,-0.00025992,24
,,-0.00025984,24
,,-0.00025976,24
,,-0.00025968,24
,,-0.0002596,24
,,-0.00025952,24
,,-0.00025944,24
,,-0.00025936,23.6
,,-0.00025928,24
,,-0.0002592,24
,,-0.00025912,24
,,-0.00025904,24
,,-0.00025896,24
,,-0.00025888,24.4
,,-0.0002588,24
,,-0.00025872,24
,,-0.00025864,24
,,-0.00025856,24
,,-0.00025848,24
,,-0.0002584,24
,,-0.00025832,24
,,-0.00025824,24
,,-0.00025816,24
,,-0.00025808,24
,,-0.000258,24
,,-0.00025792,24
,,-0.00025784,24
,,-0.00025776,24
,,-0.00025768,24
,,-0.0002576,24
,,-0.00025752,24
,,-0.00025744,24
,,-0.00025736,24
,,-0.00025728,24
,,-0.0002572,24
,,-0.00025712,24
,,-0.00025704,24
,,-0.00025696,24
,,-0.00025688,24
,,-0.0002568,24
,,-0.00025672,24
,,-0.00025664,24
,,-0.00025656,24
,,-0.00025648,24
,,-0.0002564,24
,,-0.00025632,24
,,-0.00025624,24
,,-0.00025616,24
,,-0.00025608,24
,,-0.000256,24
,,-0.00025592,24
,,-0.00025584,24
,,-0.00025576,24
,,-0.00025568,24
,,-0.0002556,24
,,-0.00025552,24
,,-0.00025544,24
,,-0.00025536,24
,,-0.00025528,24
,,-0.0002552,24
,,-0.00025512,24
,,-0.00025504,24
,,-0.00025496,24.4
,,-0.00025488,24
,,-0.0002548,24
,,-0.00025472,24
,,-0.00025464,24
,,-0.00025456,24
,,-0.00025448,24
,,-0.0002544,24
,,-0.00025432,24
,,-0.00025424,24
,,-0.00025416,24
,,-0.00025408,24.4
,,-0.000254,24
,,-0.00025392,24
,,-0.00025384,24
,,-0.00025376,24
,,-0.00025368,24
,,-0.0002536,24
,,-0.00025352,24
,,-0.00025344,24
,,-0.00025336,24
,,-0.00025328,24.4
,,-0.0002532,24
,,-0.00025312,24
,,-0.00025304,24
,,-0.00025296,24
,,-0.00025288,24
,,-0.0002528,24
,,-0.00025272,24
,,-0.00025264,24
,,-0.00025256,24
,,-0.00025248,24
,,-0.0002524,24
,,-0.00025232,24
,,-0.00025224,24
,,-0.00025216,24
,,-0.00025208,24
,,-0.000252,24
,,-0.00025192,24
,,-0.00025184,24
,,-0.00025176,24
,,-0.00025168,24
,,-0.0002516,24
,,-0.00025152,24
,,-0.00025144,24
,,-0.00025136,24
,,-0.00025128,24
,,-0.0002512,24
,,-0.00025112,24
,,-0.00025104,24
,,-0.00025096,24
,,-0.00025088,24
,,-0.0002508,24
,,-0.00025072,24
,,-0.00025064,24
,,-0.00025056,24
,,-0.00025048,24
,,-0.0002504,24.4
,,-0.00025032,24
,,-0.00025024,24
,,-0.00025016,24
,,-0.00025008,24
,,-0.00025,24
,,-0.00024992,24
,,-0.00024984,24
,,-0.00024976,24
,,-0.00024968,24
,,-0.0002496,24
,,-0.00024952,24
,,-0.00024944,24
,,-0.00024936,24
,,-0.00024928,24
,,-0.0002492,24
,,-0.00024912,24
,,-0.00024904,24
,,-0.00024896,24
,,-0.00024888,24
,,-0.0002488,23.6
,,-0.00024872,24
,,-0.00024864,24
,,-0.00024856,24
,,-0.00024848,24
,,-0.0002484,24
,,-0.00024832,24
,,-0.00024824,24
,,-0.00024816,24
,,-0.00024808,24
,,-0.000248,24
,,-0.00024792,24
,,-0.00024784,24
,,-0.00024776,24.4
,,-0.00024768,24
,,-0.0002476,24
,,-0.00024752,24
,,-0.00024744,24
,,-0.00024736,24
,,-0.00024728,24.4
,,-0.0002472,23.6
,,-0.00024712,24
,,-0.00024704,24
,,-0.00024696,24
,,-0.00024688,24
,,-0.0002468,24
,,-0.00024672,24
,,-0.00024664,24
,,-0.00024656,24
,,-0.00024648,24
,,-0.0002464,24
,,-0.00024632,24
,,-0.00024624,24
,,-0.00024616,24
,,-0.00024608,24
,,-0.000246,24
,,-0.00024592,24.4
,,-0.00024584,24
,,-0.00024576,24
,,-0.00024568,24
,,-0.0002456,24
,,-0.00024552,24
,,-0.00024544,24
,,-0.00024536,24
,,-0.00024528,24
,,-0.0002452,24
,,-0.00024512,24
,,-0.00024504,24
,,-0.00024496,24
,,-0.00024488,24
,,-0.0002448,24
,,-0.00024472,24
,,-0.00024464,24
,,-0.00024456,24
,,-0.00024448,24
,,-0.0002444,24
,,-0.00024432,24
,,-0.00024424,24
,,-0.00024416,24
,,-0.00024408,24
,,-0.000244,24
,,-0.00024392,24
,,-0.00024384,24
,,-0.00024376,24
,,-0.00024368,24
,,-0.0002436,24
,,-0.00024352,24
,,-0.00024344,24
,,-0.00024336,24
,,-0.00024328,24
,,-0.0002432,24
,,-0.00024312,24
,,-0.00024304,24
,,-0.00024296,24
,,-0.00024288,24
,,-0.0002428,24
,,-0.00024272,24
,,-0.00024264,24
,,-0.00024256,24
,,-0.00024248,24
,,-0.0002424,24
,,-0.00024232,24
,,-0.00024224,24
,,-0.00024216,24
,,-0.00024208,24
,,-0.000242,24
,,-0.00024192,24
,,-0.00024184,24
,,-0.00024176,24
,,-0.00024168,24
,,-0.0002416,24
,,-0.00024152,24
,,-0.00024144,24
,,-0.00024136,24
,,-0.00024128,24
,,-0.0002412,24
,,-0.00024112,24
,,-0.00024104,24
,,-0.00024096,24
,,-0.00024088,24
,,-0.0002408,24
,,-0.00024072,24
,,-0.00024064,24
,,-0.00024056,24
,,-0.00024048,24.4
,,-0.0002404,24
,,-0.00024032,24
,,-0.00024024,24
,,-0.00024016,24
,,-0.00024008,24.4
,,-0.00024,24
,,-0.00023992,24.4
,,-0.00023984,24
,,-0.00023976,24
,,-0.00023968,24.4
,,-0.0002396,24
,,-0.00023952,24
,,-0.00023944,24
,,-0.00023936,24
,,-0.00023928,24
,,-0.0002392,24
,,-0.00023912,24
,,-0.00023904,24
,,-0.00023896,24
,,-0.00023888,24
,,-0.0002388,24
,,-0.00023872,24
,,-0.00023864,24
,,-0.00023856,24
,,-0.00023848,24
,,-0.0002384,24.4
,,-0.00023832,24
,,-0.00023824,24
,,-0.00023816,24
,,-0.00023808,23.6
,,-0.000238,24
,,-0.00023792,24
,,-0.00023784,24
,,-0.00023776,24
,,-0.00023768,24
,,-0.0002376,24
,,-0.00023752,24
,,-0.00023744,24
,,-0.00023736,24
,,-0.00023728,24
,,-0.0002372,24
,,-0.00023712,24
,,-0.00023704,24
,,-0.00023696,24
,,-0.00023688,24
,,-0.0002368,24
,,-0.00023672,24
,,-0.00023664,24
,,-0.00023656,24
,,-0.00023648,24
,,-0.0002364,24
,,-0.00023632,24
,,-0.00023624,24
,,-0.00023616,24
,,-0.00023608,24
,,-0.000236,24
,,-0.00023592,24
,,-0.00023584,24
,,-0.00023576,24
,,-0.00023568,24
,,-0.0002356,24
,,-0.00023552,24
,,-0.00023544,24
,,-0.00023536,24
,,-0.00023528,24
,,-0.0002352,24
,,-0.00023512,23.6
,,-0.00023504,24
,,-0.00023496,24.4
,,-0.00023488,24
,,-0.0002348,24
,,-0.00023472,24
,,-0.00023464,24
,,-0.00023456,24
,,-0.00023448,24
,,-0.0002344,24
,,-0.00023432,24
,,-0.00023424,24
,,-0.00023416,24
,,-0.00023408,24
,,-0.000234,24
,,-0.00023392,24
,,-0.00023384,24
,,-0.00023376,24
,,-0.00023368,24
,,-0.0002336,24
,,-0.00023352,24
,,-0.00023344,24
,,-0.00023336,24
,,-0.00023328,24
,,-0.0002332,24
,,-0.00023312,24
,,-0.00023304,24
,,-0.00023296,24
,,-0.00023288,24
,,-0.0002328,24
,,-0.00023272,24
,,-0.00023264,24
,,-0.00023256,24
,,-0.00023248,24
,,-0.0002324,24
,,-0.00023232,24
,,-0.00023224,24
,,-0.00023216,24
,,-0.00023208,24
,,-0.000232,24
,,-0.00023192,24
,,-0.00023184,24
,,-0.00023176,24
,,-0.00023168,24
,,-0.0002316,24
,,-0.00023152,24
,,-0.00023144,23.6
,,-0.00023136,24
,,-0.00023128,24
,,-0.0002312,24
,,-0.00023112,24
,,-0.00023104,24
,,-0.00023096,24
,,-0.00023088,24
,,-0.0002308,24
,,-0.00023072,24
,,-0.00023064,24
,,-0.00023056,24
,,-0.00023048,24
,,-0.0002304,24
,,-0.00023032,24
,,-0.00023024,24.4
,,-0.00023016,24
,,-0.00023008,24
,,-0.00023,24.4
,,-0.00022992,24
,,-0.00022984,24
,,-0.00022976,24
,,-0.00022968,24
,,-0.0002296,24
,,-0.00022952,24
,,-0.00022944,24
,,-0.00022936,24
,,-0.00022928,24
,,-0.0002292,24
,,-0.00022912,24
,,-0.00022904,24
,,-0.00022896,24
,,-0.00022888,24
,,-0.0002288,24
,,-0.00022872,24
,,-0.00022864,24
,,-0.00022856,23.6
,,-0.00022848,24
,,-0.0002284,24.4
,,-0.00022832,24
,,-0.00022824,24
,,-0.00022816,24
,,-0.00022808,24
,,-0.000228,24
,,-0.00022792,24
,,-0.00022784,24
,,-0.00022776,24
,,-0.00022768,24
,,-0.0002276,24.4
,,-0.00022752,24
,,-0.00022744,24
,,-0.00022736,24
,,-0.00022728,24
,,-0.0002272,24
,,-0.00022712,24
,,-0.00022704,24
,,-0.00022696,24
,,-0.00022688,24
,,-0.0002268,24
,,-0.00022672,24
,,-0.00022664,24
,,-0.00022656,24
,,-0.00022648,24
,,-0.0002264,24
,,-0.00022632,24
,,-0.00022624,24
,,-0.00022616,24
,,-0.00022608,24
,,-0.000226,24
,,-0.00022592,24
,,-0.00022584,24
,,-0.00022576,23.6
,,-0.00022568,24
,,-0.0002256,24
,,-0.00022552,24
,,-0.00022544,24
,,-0.00022536,24
,,-0.00022528,24
,,-0.0002252,24
,,-0.00022512,24
,,-0.00022504,24
,,-0.00022496,24
,,-0.00022488,24
,,-0.0002248,24
,,-0.00022472,24
,,-0.00022464,24
,,-0.00022456,24
,,-0.00022448,24
,,-0.0002244,24
,,-0.00022432,24
,,-0.00022424,24
,,-0.00022416,24
,,-0.00022408,24
,,-0.000224,24
,,-0.00022392,24
,,-0.00022384,24
,,-0.00022376,24
,,-0.00022368,24
,,-0.0002236,24
,,-0.00022352,24
,,-0.00022344,24
,,-0.00022336,24
,,-0.00022328,24
,,-0.0002232,24
,,-0.00022312,24
,,-0.00022304,24
,,-0.00022296,24
,,-0.00022288,24
,,-0.0002228,24
,,-0.00022272,24
,,-0.00022264,24.4
,,-0.00022256,24
,,-0.00022248,24
,,-0.0002224,24
,,-0.00022232,24
,,-0.00022224,23.6
,,-0.00022216,24
,,-0.00022208,24
,,-0.000222,24
,,-0.00022192,24
,,-0.00022184,24
,,-0.00022176,24
,,-0.00022168,24
,,-0.0002216,24
,,-0.00022152,24
,,-0.00022144,24
,,-0.00022136,24
,,-0.00022128,24
,,-0.0002212,24
,,-0.00022112,24
,,-0.00022104,24
,,-0.00022096,24
,,-0.00022088,24
,,-0.0002208,24
,,-0.00022072,24
,,-0.00022064,24
,,-0.00022056,24
,,-0.00022048,24
,,-0.0002204,24
,,-0.00022032,24
,,-0.00022024,24
,,-0.00022016,24
,,-0.00022008,24
,,-0.00022,24
,,-0.00021992,24
,,-0.00021984,24
,,-0.00021976,24
,,-0.00021968,24
,,-0.0002196,24
,,-0.00021952,24.4
,,-0.00021944,24
,,-0.00021936,24
,,-0.00021928,24
,,-0.0002192,24
,,-0.00021912,24
,,-0.00021904,24
,,-0.00021896,24
,,-0.00021888,24
,,-0.0002188,24
,,-0.00021872,24
,,-0.00021864,24
,,-0.00021856,24
,,-0.00021848,24
,,-0.0002184,24
,,-0.00021832,24
,,-0.00021824,24
,,-0.00021816,24.4
,,-0.00021808,24
,,-0.000218,24
,,-0.00021792,24
,,-0.00021784,24
,,-0.00021776,24
,,-0.00021768,24
,,-0.0002176,24
,,-0.00021752,23.6
,,-0.00021744,24
,,-0.00021736,24
,,-0.00021728,24
,,-0.0002172,24
,,-0.00021712,24
,,-0.00021704,24
,,-0.00021696,24
,,-0.00021688,24
,,-0.0002168,24
,,-0.00021672,23.6
,,-0.00021664,24
,,-0.00021656,24
,,-0.00021648,24
,,-0.0002164,24
,,-0.00021632,24
,,-0.00021624,24
,,-0.00021616,24
,,-0.00021608,24
,,-0.000216,24
,,-0.00021592,24
,,-0.00021584,24
,,-0.00021576,24
,,-0.00021568,24
,,-0.0002156,24
,,-0.00021552,24.4
,,-0.00021544,24
,,-0.00021536,24
,,-0.00021528,24
,,-0.0002152,24
,,-0.00021512,24
,,-0.00021504,24
,,-0.00021496,24
,,-0.00021488,24
,,-0.0002148,24
,,-0.00021472,24
,,-0.00021464,24
,,-0.00021456,24
,,-0.00021448,23.6
,,-0.0002144,24
,,-0.00021432,24
,,-0.00021424,24
,,-0.00021416,24
,,-0.00021408,24
,,-0.000214,24
,,-0.00021392,24
,,-0.00021384,24
,,-0.00021376,24
,,-0.00021368,24
,,-0.0002136,24
,,-0.00021352,24
,,-0.00021344,24
,,-0.00021336,24
,,-0.00021328,24
,,-0.0002132,24
,,-0.00021312,24
,,-0.00021304,24
,,-0.00021296,24
,,-0.00021288,24
,,-0.0002128,24.4
,,-0.00021272,24
,,-0.00021264,24
,,-0.00021256,24
,,-0.00021248,24.4
,,-0.0002124,24
,,-0.00021232,24
,,-0.00021224,24
,,-0.00021216,24
,,-0.00021208,24
,,-0.000212,24
,,-0.00021192,24
,,-0.00021184,24.4
,,-0.00021176,24
,,-0.00021168,24
,,-0.0002116,24
,,-0.00021152,24
,,-0.00021144,24
,,-0.00021136,24
,,-0.00021128,24
,,-0.0002112,24
,,-0.00021112,24
,,-0.00021104,24
,,-0.00021096,24
,,-0.00021088,24
,,-0.0002108,24
,,-0.00021072,24
,,-0.00021064,24
,,-0.00021056,24
,,-0.00021048,24
,,-0.0002104,24
,,-0.00021032,24
,,-0.00021024,24
,,-0.00021016,24
,,-0.00021008,24
,,-0.00021,24
,,-0.00020992,24
,,-0.00020984,24
,,-0.00020976,24
,,-0.00020968,24
,,-0.0002096,24
,,-0.00020952,24
,,-0.00020944,24
,,-0.00020936,24
,,-0.00020928,24
,,-0.0002092,24
,,-0.00020912,24
,,-0.00020904,24
,,-0.00020896,24
,,-0.00020888,24
,,-0.0002088,24
,,-0.00020872,24
,,-0.00020864,24
,,-0.00020856,24
,,-0.00020848,24
,,-0.0002084,24
,,-0.00020832,24
,,-0.00020824,24
,,-0.00020816,24
,,-0.00020808,24
,,-0.000208,24
,,-0.00020792,24
,,-0.00020784,24
,,-0.00020776,24
,,-0.00020768,24
,,-0.0002076,24
,,-0.00020752,24
,,-0.00020744,24
,,-0.00020736,24
,,-0.00020728,24
,,-0.0002072,24
,,-0.00020712,24
,,-0.00020704,24
,,-0.00020696,24
,,-0.00020688,24
,,-0.0002068,24
,,-0.00020672,24
,,-0.00020664,24
,,-0.00020656,24
,,-0.00020648,24
,,-0.0002064,24
,,-0.00020632,24
,,-0.00020624,24
,,-0.00020616,24
,,-0.00020608,24
,,-0.000206,24
,,-0.00020592,24
,,-0.00020584,24
,,-0.00020576,24
,,-0.00020568,24
,,-0.0002056,24.4
,,-0.00020552,24
,,-0.00020544,24
,,-0.00020536,24
,,-0.00020528,24
,,-0.0002052,24
,,-0.00020512,24
,,-0.00020504,24
,,-0.00020496,24
,,-0.00020488,24
,,-0.0002048,24
,,-0.00020472,24
,,-0.00020464,24
,,-0.00020456,24
,,-0.00020448,24
,,-0.0002044,24
,,-0.00020432,24
,,-0.00020424,24
,,-0.00020416,24
,,-0.00020408,24
,,-0.000204,24
,,-0.00020392,24
,,-0.00020384,24
,,-0.00020376,24
,,-0.00020368,24
,,-0.0002036,24
,,-0.00020352,24
,,-0.00020344,24
,,-0.00020336,24
,,-0.00020328,24
,,-0.0002032,24
,,-0.00020312,24
,,-0.00020304,24
,,-0.00020296,24
,,-0.00020288,24
,,-0.0002028,24
,,-0.00020272,24
,,-0.00020264,24
,,-0.00020256,24
,,-0.00020248,24
,,-0.0002024,24
,,-0.00020232,24
,,-0.00020224,24
,,-0.00020216,24
,,-0.00020208,24
,,-0.000202,24
,,-0.00020192,24
,,-0.00020184,24
,,-0.00020176,24
,,-0.00020168,24
,,-0.0002016,24
,,-0.00020152,24
,,-0.00020144,24
,,-0.00020136,24
,,-0.00020128,24
,,-0.0002012,24
,,-0.00020112,24
,,-0.00020104,24
,,-0.00020096,24.4
,,-0.00020088,24
,,-0.0002008,24
,,-0.00020072,24
,,-0.00020064,24
,,-0.00020056,24
,,-0.00020048,23.6
,,-0.0002004,24
,,-0.00020032,24
,,-0.00020024,24
,,-0.00020016,24
,,-0.00020008,24
,,-0.0002,24
,,-0.00019992,24
,,-0.00019984,24
,,-0.00019976,24
,,-0.00019968,24
,,-0.0001996,24
,,-0.00019952,24
,,-0.00019944,24
,,-0.00019936,24
,,-0.00019928,24
,,-0.0001992,24
,,-0.00019912,24
,,-0.00019904,24
,,-0.00019896,24.4
,,-0.00019888,24
,,-0.0001988,24
,,-0.00019872,23.6
,,-0.00019864,24
,,-0.00019856,24
,,-0.00019848,24
,,-0.0001984,24.4
,,-0.00019832,24
,,-0.00019824,24
,,-0.00019816,24
,,-0.00019808,24
,,-0.000198,24
,,-0.00019792,24
,,-0.00019784,24
,,-0.00019776,24
,,-0.00019768,24
,,-0.0001976,24
,,-0.00019752,24
,,-0.00019744,24
,,-0.00019736,24
,,-0.00019728,24
,,-0.0001972,24
,,-0.00019712,24
,,-0.00019704,24
,,-0.00019696,24
,,-0.00019688,24
,,-0.0001968,24
,,-0.00019672,24
,,-0.00019664,24
,,-0.00019656,24
,,-0.00019648,24
,,-0.0001964,24
,,-0.00019632,24
,,-0.00019624,24
,,-0.00019616,24
,,-0.00019608,24
,,-0.000196,24
,,-0.00019592,24
,,-0.00019584,24
,,-0.00019576,24
,,-0.00019568,24
,,-0.0001956,24
,,-0.00019552,24
,,-0.00019544,24
,,-0.00019536,24
,,-0.00019528,24
,,-0.0001952,24
,,-0.00019512,24
,,-0.00019504,24
,,-0.00019496,24
,,-0.00019488,24
,,-0.0001948,24
,,-0.00019472,24
,,-0.00019464,24
,,-0.00019456,24.4
,,-0.00019448,24
,,-0.0001944,24
,,-0.00019432,24
,,-0.00019424,24
,,-0.00019416,24
,,-0.00019408,24
,,-0.000194,24
,,-0.00019392,24
,,-0.00019384,24
,,-0.00019376,24
,,-0.00019368,24
,,-0.0001936,24
,,-0.00019352,24
,,-0.00019344,24
,,-0.00019336,24
,,-0.00019328,24
,,-0.0001932,24
,,-0.00019312,24.4
,,-0.00019304,24
,,-0.00019296,24
,,-0.00019288,24
,,-0.0001928,24
,,-0.00019272,24
,,-0.00019264,24
,,-0.00019256,24
,,-0.00019248,24
,,-0.0001924,24
,,-0.00019232,24
,,-0.00019224,24
,,-0.00019216,24
,,-0.00019208,24
,,-0.000192,24
,,-0.00019192,24
,,-0.00019184,24
,,-0.00019176,24
,,-0.00019168,24
,,-0.0001916,24
,,-0.00019152,24
,,-0.00019144,24
,,-0.00019136,24
,,-0.00019128,24
,,-0.0001912,24
,,-0.00019112,24
,,-0.00019104,24
,,-0.00019096,24
,,-0.00019088,24
,,-0.0001908,24
,,-0.00019072,24
,,-0.00019064,24
,,-0.00019056,24
,,-0.00019048,24
,,-0.0001904,24
,,-0.00019032,24
,,-0.00019024,24
,,-0.00019016,24
,,-0.00019008,23.6
,,-0.00019,24
,,-0.00018992,24
,,-0.00018984,24
,,-0.00018976,24
,,-0.00018968,24
,,-0.0001896,24
,,-0.00018952,24
,,-0.00018944,24
,,-0.00018936,24
,,-0.00018928,24
,,-0.0001892,24
,,-0.00018912,24
,,-0.00018904,24
,,-0.00018896,24
,,-0.00018888,24
,,-0.0001888,24
,,-0.00018872,24
,,-0.00018864,24
,,-0.00018856,24
,,-0.00018848,24.4
,,-0.0001884,24
,,-0.00018832,24
,,-0.00018824,24
,,-0.00018816,24
,,-0.00018808,24
,,-0.000188,24
,,-0.00018792,24
,,-0.00018784,24
,,-0.00018776,24
,,-0.00018768,24
,,-0.0001876,24
,,-0.00018752,24
,,-0.00018744,24
,,-0.00018736,24
,,-0.00018728,24
,,-0.0001872,24
,,-0.00018712,24
,,-0.00018704,24
,,-0.00018696,24
,,-0.00018688,24
,,-0.0001868,24
,,-0.00018672,24
,,-0.00018664,24
,,-0.00018656,24
,,-0.00018648,24
,,-0.0001864,24
,,-0.00018632,24
,,-0.00018624,24
,,-0.00018616,24
,,-0.00018608,24
,,-0.000186,24
,,-0.00018592,24
,,-0.00018584,24
,,-0.00018576,24
,,-0.00018568,24
,,-0.0001856,24
,,-0.00018552,24
,,-0.00018544,24
,,-0.00018536,24
,,-0.00018528,24
,,-0.0001852,24
,,-0.00018512,24.4
,,-0.00018504,24
,,-0.00018496,24
,,-0.00018488,24
,,-0.0001848,24
,,-0.00018472,24
,,-0.00018464,24
,,-0.00018456,24
,,-0.00018448,24
,,-0.0001844,24
,,-0.00018432,24
,,-0.00018424,24
,,-0.00018416,24
,,-0.00018408,24
,,-0.000184,24
,,-0.00018392,24
,,-0.00018384,24
,,-0.00018376,24
,,-0.00018368,24
,,-0.0001836,24
,,-0.00018352,24
,,-0.00018344,24
,,-0.00018336,24
,,-0.00018328,24
,,-0.0001832,24
,,-0.00018312,24
,,-0.00018304,24
,,-0.00018296,24
,,-0.00018288,24
,,-0.0001828,24
,,-0.00018272,24
,,-0.00018264,24
,,-0.00018256,24
,,-0.00018248,24
,,-0.0001824,24
,,-0.00018232,24
,,-0.00018224,24
,,-0.00018216,24
,,-0.00018208,24
,,-0.000182,24
,,-0.00018192,24
,,-0.00018184,24
,,-0.00018176,24
,,-0.00018168,24
,,-0.0001816,24
,,-0.00018152,24
,,-0.00018144,24
,,-0.00018136,24
,,-0.00018128,24
,,-0.0001812,24
,,-0.00018112,24
,,-0.00018104,24
,,-0.00018096,24
,,-0.00018088,24
,,-0.0001808,24
,,-0.00018072,24
,,-0.00018064,24
,,-0.00018056,24
,,-0.00018048,24
,,-0.0001804,24
,,-0.00018032,24
,,-0.00018024,24
,,-0.00018016,23.6
,,-0.00018008,24
,,-0.00018,24
,,-0.00017992,24
,,-0.00017984,24
,,-0.00017976,24
,,-0.00017968,24
,,-0.0001796,24
,,-0.00017952,24
,,-0.00017944,24
,,-0.00017936,23.6
,,-0.00017928,24
,,-0.0001792,24
,,-0.00017912,24
,,-0.00017904,24
,,-0.00017896,24
,,-0.00017888,24
,,-0.0001788,24
,,-0.00017872,24
,,-0.00017864,24
,,-0.00017856,24
,,-0.00017848,24
,,-0.0001784,24
,,-0.00017832,24
,,-0.00017824,24
,,-0.00017816,24
,,-0.00017808,24
,,-0.000178,24
,,-0.00017792,24
,,-0.00017784,24
,,-0.00017776,24
,,-0.00017768,24
,,-0.0001776,24
,,-0.00017752,24
,,-0.00017744,24
,,-0.00017736,24
,,-0.00017728,24
,,-0.0001772,24
,,-0.00017712,24
,,-0.00017704,24
,,-0.00017696,24
,,-0.00017688,24
,,-0.0001768,24
,,-0.00017672,24
,,-0.00017664,24
,,-0.00017656,24
,,-0.00017648,24
,,-0.0001764,24
,,-0.00017632,24
,,-0.00017624,24
,,-0.00017616,24
,,-0.00017608,24
,,-0.000176,24
,,-0.00017592,24
,,-0.00017584,24
,,-0.00017576,24
,,-0.00017568,24
,,-0.0001756,24
,,-0.00017552,24
,,-0.00017544,24
,,-0.00017536,24
,,-0.00017528,24
,,-0.0001752,24
,,-0.00017512,24
,,-0.00017504,24
,,-0.00017496,24
,,-0.00017488,24
,,-0.0001748,24.4
,,-0.00017472,24
,,-0.00017464,24
,,-0.00017456,24
,,-0.00017448,24
,,-0.0001744,24
,,-0.00017432,24
,,-0.00017424,24
,,-0.00017416,24
,,-0.00017408,24
,,-0.000174,24
,,-0.00017392,24
,,-0.00017384,24
,,-0.00017376,24
,,-0.00017368,24
,,-0.0001736,24
,,-0.00017352,24
,,-0.00017344,24
,,-0.00017336,24
,,-0.00017328,24
,,-0.0001732,24
,,-0.00017312,24
,,-0.00017304,23.6
,,-0.00017296,24
,,-0.00017288,24
,,-0.0001728,24
,,-0.00017272,24
,,-0.00017264,24
,,-0.00017256,24
,,-0.00017248,24
,,-0.0001724,24
,,-0.00017232,24
,,-0.00017224,24
,,-0.00017216,24
,,-0.00017208,24
,,-0.000172,24
,,-0.00017192,24
,,-0.00017184,24
,,-0.00017176,24
,,-0.00017168,24
,,-0.0001716,24.4
,,-0.00017152,23.6
,,-0.00017144,24
,,-0.00017136,24
,,-0.00017128,24
,,-0.0001712,24
,,-0.00017112,24
,,-0.00017104,24
,,-0.00017096,24
,,-0.00017088,24
,,-0.0001708,24
,,-0.00017072,24
,,-0.00017064,24
,,-0.00017056,24
,,-0.00017048,24
,,-0.0001704,24
,,-0.00017032,24
,,-0.00017024,24
,,-0.00017016,24
,,-0.00017008,24
,,-0.00017,24
,,-0.00016992,24
,,-0.00016984,24
,,-0.00016976,24
,,-0.00016968,24
,,-0.0001696,24
,,-0.00016952,24
,,-0.00016944,24
,,-0.00016936,24.4
,,-0.00016928,24
,,-0.0001692,24.4
,,-0.00016912,24
,,-0.00016904,24
,,-0.00016896,24
,,-0.00016888,24
,,-0.0001688,24
,,-0.00016872,24
,,-0.00016864,24
,,-0.00016856,24
,,-0.00016848,24
,,-0.0001684,24
,,-0.00016832,24
,,-0.00016824,24
,,-0.00016816,24
,,-0.00016808,24
,,-0.000168,24
,,-0.00016792,24
,,-0.00016784,24
,,-0.00016776,24
,,-0.00016768,24
,,-0.0001676,24
,,-0.00016752,24
,,-0.00016744,24
,,-0.00016736,24
,,-0.00016728,24
,,-0.0001672,24
,,-0.00016712,24
,,-0.00016704,24
,,-0.00016696,24
,,-0.00016688,24
,,-0.0001668,24
,,-0.00016672,24
,,-0.00016664,24
,,-0.00016656,24
,,-0.00016648,23.6
,,-0.0001664,24
,,-0.00016632,23.6
,,-0.00016624,24
,,-0.00016616,24
,,-0.00016608,24.4
,,-0.000166,24
,,-0.00016592,24
,,-0.00016584,24
,,-0.00016576,24
,,-0.00016568,24
,,-0.0001656,24
,,-0.00016552,24
,,-0.00016544,24
,,-0.00016536,24
,,-0.00016528,24
,,-0.0001652,24
,,-0.00016512,23.6
,,-0.00016504,24
,,-0.00016496,24
,,-0.00016488,24
,,-0.0001648,24
,,-0.00016472,24
,,-0.00016464,24
,,-0.00016456,24
,,-0.00016448,24
,,-0.0001644,24
,,-0.00016432,24
,,-0.00016424,24
,,-0.00016416,24
,,-0.00016408,24
,,-0.000164,24
,,-0.00016392,24
,,-0.00016384,24
,,-0.00016376,24
,,-0.00016368,24
,,-0.0001636,24
,,-0.00016352,24
,,-0.00016344,24
,,-0.00016336,24
,,-0.00016328,24
,,-0.0001632,24
,,-0.00016312,24
,,-0.00016304,24
,,-0.00016296,24
,,-0.00016288,24
,,-0.0001628,24
,,-0.00016272,24
,,-0.00016264,24
,,-0.00016256,24
,,-0.00016248,24
,,-0.0001624,24
,,-0.00016232,24
,,-0.00016224,24
,,-0.00016216,24
,,-0.00016208,24
,,-0.000162,24
,,-0.00016192,24
,,-0.00016184,24
,,-0.00016176,24
,,-0.00016168,24
,,-0.0001616,24
,,-0.00016152,24
,,-0.00016144,24
,,-0.00016136,24
,,-0.00016128,24
,,-0.0001612,24
,,-0.00016112,23.6
,,-0.00016104,24
,,-0.00016096,24
,,-0.00016088,24
,,-0.0001608,24
,,-0.00016072,24
,,-0.00016064,24
,,-0.00016056,24
,,-0.00016048,24
,,-0.0001604,24
,,-0.00016032,24
,,-0.00016024,24
,,-0.00016016,24
,,-0.00016008,24
,,-0.00016,24
,,-0.00015992,24
,,-0.00015984,24
,,-0.00015976,24
,,-0.00015968,24
,,-0.0001596,24
,,-0.00015952,24
,,-0.00015944,24
,,-0.00015936,24
,,-0.00015928,24
,,-0.0001592,24
,,-0.00015912,24
,,-0.00015904,24
,,-0.00015896,24
,,-0.00015888,24
,,-0.0001588,24
,,-0.00015872,24
,,-0.00015864,24
,,-0.00015856,24
,,-0.00015848,24
,,-0.0001584,24
,,-0.00015832,24
,,-0.00015824,24
,,-0.00015816,23.6
,,-0.00015808,24
,,-0.000158,24
,,-0.00015792,24
,,-0.00015784,24.4
,,-0.00015776,24
,,-0.00015768,24
,,-0.0001576,24
,,-0.00015752,24
,,-0.00015744,24
,,-0.00015736,24
,,-0.00015728,24
,,-0.0001572,24
,,-0.00015712,24.4
,,-0.00015704,24
,,-0.00015696,24
,,-0.00015688,24
,,-0.0001568,24
,,-0.00015672,24
,,-0.00015664,24
,,-0.00015656,24
,,-0.00015648,24
,,-0.0001564,24
,,-0.00015632,24
,,-0.00015624,23.6
,,-0.00015616,24
,,-0.00015608,24
,,-0.000156,24
,,-0.00015592,24
,,-0.00015584,24
,,-0.00015576,24
,,-0.00015568,24
,,-0.0001556,24
,,-0.00015552,23.6
,,-0.00015544,24
,,-0.00015536,24
,,-0.00015528,24
,,-0.0001552,24
,,-0.00015512,24
,,-0.00015504,24
,,-0.00015496,24
,,-0.00015488,24
,,-0.0001548,24
,,-0.00015472,24
,,-0.00015464,24
,,-0.00015456,24
,,-0.00015448,24
,,-0.0001544,24
,,-0.00015432,24
,,-0.00015424,24
,,-0.00015416,24
,,-0.00015408,24
,,-0.000154,24
,,-0.00015392,24
,,-0.00015384,24
,,-0.00015376,24
,,-0.00015368,24
,,-0.0001536,24
,,-0.00015352,24
,,-0.00015344,24
,,-0.00015336,24
,,-0.00015328,24
,,-0.0001532,24
,,-0.00015312,24
,,-0.00015304,24
,,-0.00015296,24
,,-0.00015288,24
,,-0.0001528,24
,,-0.00015272,24
,,-0.00015264,24.4
,,-0.00015256,24
,,-0.00015248,24.4
,,-0.0001524,24
,,-0.00015232,24
,,-0.00015224,24
,,-0.00015216,24
,,-0.00015208,24
,,-0.000152,24
,,-0.00015192,24
,,-0.00015184,24
,,-0.00015176,24
,,-0.00015168,24
,,-0.0001516,24
,,-0.00015152,24
,,-0.00015144,24
,,-0.00015136,24
,,-0.00015128,24
,,-0.0001512,24
,,-0.00015112,23.6
,,-0.00015104,24
,,-0.00015096,24
,,-0.00015088,24.4
,,-0.0001508,24
,,-0.00015072,24
,,-0.00015064,24
,,-0.00015056,24
,,-0.00015048,24
,,-0.0001504,24
,,-0.00015032,24
,,-0.00015024,24
,,-0.00015016,24
,,-0.00015008,24
,,-0.00015,24
,,-0.00014992,24
,,-0.00014984,24
,,-0.00014976,24
,,-0.00014968,24
,,-0.0001496,24
,,-0.00014952,24
,,-0.00014944,24
,,-0.00014936,24
,,-0.00014928,24
,,-0.0001492,24
,,-0.00014912,24
,,-0.00014904,24
,,-0.00014896,24
,,-0.00014888,24
,,-0.0001488,24
,,-0.00014872,24
,,-0.00014864,24
,,-0.00014856,24.4
,,-0.00014848,24
,,-0.0001484,24
,,-0.00014832,24.4
,,-0.00014824,24
,,-0.00014816,24
,,-0.00014808,24.4
,,-0.000148,24
,,-0.00014792,24
,,-0.00014784,24
,,-0.00014776,24
,,-0.00014768,24
,,-0.0001476,24
,,-0.00014752,24
,,-0.00014744,24
,,-0.00014736,24
,,-0.00014728,24
,,-0.0001472,24
,,-0.00014712,24
,,-0.00014704,24
,,-0.00014696,24
,,-0.00014688,24
,,-0.0001468,24
,,-0.00014672,24
,,-0.00014664,24
,,-0.00014656,24
,,-0.00014648,24
,,-0.0001464,24
,,-0.00014632,24
,,-0.00014624,24
,,-0.00014616,24
,,-0.00014608,24
,,-0.000146,24
,,-0.00014592,24
,,-0.00014584,24
,,-0.00014576,24
,,-0.00014568,24
,,-0.0001456,24
,,-0.00014552,24
,,-0.00014544,24
,,-0.00014536,24
,,-0.00014528,24
,,-0.0001452,24
,,-0.00014512,24
,,-0.00014504,24
,,-0.00014496,24
,,-0.00014488,24
,,-0.0001448,24
,,-0.00014472,24
,,-0.00014464,24
,,-0.00014456,24
,,-0.00014448,24
,,-0.0001444,24
,,-0.00014432,23.6
,,-0.00014424,24
,,-0.00014416,24
,,-0.00014408,24
,,-0.000144,24
,,-0.00014392,24
,,-0.00014384,24
,,-0.00014376,24
,,-0.00014368,24
,,-0.0001436,24
,,-0.00014352,24
,,-0.00014344,24
,,-0.00014336,24
,,-0.00014328,24
,,-0.0001432,24
,,-0.00014312,24
,,-0.00014304,24
,,-0.00014296,24
,,-0.00014288,24
,,-0.0001428,24
,,-0.00014272,24
,,-0.00014264,24
,,-0.00014256,24
,,-0.00014248,24
,,-0.0001424,24
,,-0.00014232,24
,,-0.00014224,24
,,-0.00014216,24
,,-0.00014208,24
,,-0.000142,24
,,-0.00014192,24
,,-0.00014184,24
,,-0.00014176,24
,,-0.00014168,24
,,-0.0001416,24
,,-0.00014152,24
,,-0.00014144,24
,,-0.00014136,24
,,-0.00014128,24
,,-0.0001412,24
,,-0.00014112,24
,,-0.00014104,24
,,-0.00014096,24
,,-0.00014088,24
,,-0.0001408,24
,,-0.00014072,24
,,-0.00014064,24
,,-0.00014056,24
,,-0.00014048,24
,,-0.0001404,24
,,-0.00014032,23.6
,,-0.00014024,24
,,-0.00014016,24
,,-0.00014008,24
,,-0.00014,24
,,-0.00013992,24
,,-0.00013984,24
,,-0.00013976,24
,,-0.00013968,24
,,-0.0001396,24
,,-0.00013952,24
,,-0.00013944,23.6
,,-0.00013936,24
,,-0.00013928,24
,,-0.0001392,24
,,-0.00013912,24
,,-0.00013904,24
,,-0.00013896,24
,,-0.00013888,24
,,-0.0001388,24
,,-0.00013872,24
,,-0.00013864,24
,,-0.00013856,24.4
,,-0.00013848,24
,,-0.0001384,24
,,-0.00013832,24
,,-0.00013824,24
,,-0.00013816,24
,,-0.00013808,23.6
,,-0.000138,24
,,-0.00013792,24
,,-0.00013784,24
,,-0.00013776,24
,,-0.00013768,24
,,-0.0001376,24
,,-0.00013752,24
,,-0.00013744,24
,,-0.00013736,24
,,-0.00013728,24
,,-0.0001372,24
,,-0.00013712,24
,,-0.00013704,24
,,-0.00013696,24
,,-0.00013688,24
,,-0.0001368,24
,,-0.00013672,24
,,-0.00013664,24
,,-0.00013656,24
,,-0.00013648,24
,,-0.0001364,24
,,-0.00013632,24
,,-0.00013624,24
,,-0.00013616,24
,,-0.00013608,24
,,-0.000136,24
,,-0.00013592,24
,,-0.00013584,24
,,-0.00013576,24
,,-0.00013568,24
,,-0.0001356,24
,,-0.00013552,24
,,-0.00013544,24
,,-0.00013536,24
,,-0.00013528,24
,,-0.0001352,24
,,-0.00013512,24
,,-0.00013504,24
,,-0.00013496,24
,,-0.00013488,24.4
,,-0.0001348,24
,,-0.00013472,24
,,-0.00013464,24
,,-0.00013456,24
,,-0.00013448,24
,,-0.0001344,24
,,-0.00013432,24
,,-0.00013424,24.4
,,-0.00013416,24
,,-0.00013408,24
,,-0.000134,24
,,-0.00013392,24
,,-0.00013384,24
,,-0.00013376,24
,,-0.00013368,24
,,-0.0001336,24
,,-0.00013352,24
,,-0.00013344,24
,,-0.00013336,24
,,-0.00013328,24
,,-0.0001332,24
,,-0.00013312,24
,,-0.00013304,23.6
,,-0.00013296,24
,,-0.00013288,24
,,-0.0001328,23.6
,,-0.00013272,24
,,-0.00013264,24
,,-0.00013256,24
,,-0.00013248,24
,,-0.0001324,24
,,-0.00013232,24
,,-0.00013224,24
,,-0.00013216,24
,,-0.00013208,24
,,-0.000132,24
,,-0.00013192,24.4
,,-0.00013184,24
,,-0.00013176,24
,,-0.00013168,24
,,-0.0001316,24
,,-0.00013152,24
,,-0.00013144,24
,,-0.00013136,24
,,-0.00013128,24
,,-0.0001312,24
,,-0.00013112,24
,,-0.00013104,24
,,-0.00013096,24
,,-0.00013088,24
,,-0.0001308,24
,,-0.00013072,24
,,-0.00013064,24
,,-0.00013056,24
,,-0.00013048,23.6
,,-0.0001304,24
,,-0.00013032,24
,,-0.00013024,24
,,-0.00013016,24
,,-0.00013008,23.6
,,-0.00013,24
,,-0.00012992,24
,,-0.00012984,24
,,-0.00012976,24
,,-0.00012968,24
,,-0.0001296,24
,,-0.00012952,24
,,-0.00012944,24
,,-0.00012936,24
,,-0.00012928,24
,,-0.0001292,24
,,-0.00012912,24
,,-0.00012904,24
,,-0.00012896,24
,,-0.00012888,24
,,-0.0001288,24
,,-0.00012872,24
,,-0.00012864,24
,,-0.00012856,24
,,-0.00012848,24
,,-0.0001284,24
,,-0.00012832,24
,,-0.00012824,24
,,-0.00012816,24
,,-0.00012808,24
,,-0.000128,24
,,-0.00012792,24
,,-0.00012784,24
,,-0.00012776,24.4
,,-0.00012768,24
,,-0.0001276,24
,,-0.00012752,24
,,-0.00012744,24
,,-0.00012736,24
,,-0.00012728,24
,,-0.0001272,24
,,-0.00012712,24
,,-0.00012704,24
,,-0.00012696,24
,,-0.00012688,24
,,-0.0001268,24
,,-0.00012672,24
,,-0.00012664,24
,,-0.00012656,24.4
,,-0.00012648,24
,,-0.0001264,24
,,-0.00012632,24
,,-0.00012624,24
,,-0.00012616,24
,,-0.00012608,24
,,-0.000126,24
,,-0.00012592,24
,,-0.00012584,24
,,-0.00012576,24
,,-0.00012568,24
,,-0.0001256,24
,,-0.00012552,24
,,-0.00012544,24
,,-0.00012536,24
,,-0.00012528,24
,,-0.0001252,24
,,-0.00012512,24
,,-0.00012504,24
,,-0.00012496,24
,,-0.00012488,24
,,-0.0001248,24
,,-0.00012472,24
,,-0.00012464,24
,,-0.00012456,23.6
,,-0.00012448,24
,,-0.0001244,24
,,-0.00012432,24
,,-0.00012424,24
,,-0.00012416,24
,,-0.00012408,24
,,-0.000124,24
,,-0.00012392,24
,,-0.00012384,24
,,-0.00012376,24
,,-0.00012368,24
,,-0.0001236,24
,,-0.00012352,24
,,-0.00012344,24.4
,,-0.00012336,24
,,-0.00012328,24
,,-0.0001232,24
,,-0.00012312,24
,,-0.00012304,24
,,-0.00012296,24
,,-0.00012288,24
,,-0.0001228,24
,,-0.00012272,24
,,-0.00012264,24
,,-0.00012256,24
,,-0.00012248,24
,,-0.0001224,24
,,-0.00012232,24
,,-0.00012224,24
,,-0.00012216,24
,,-0.00012208,24
,,-0.000122,24
,,-0.00012192,24
,,-0.00012184,24
,,-0.00012176,24
,,-0.00012168,24
,,-0.0001216,24
,,-0.00012152,24
,,-0.00012144,24
,,-0.00012136,24
,,-0.00012128,24
,,-0.0001212,24
,,-0.00012112,24
,,-0.00012104,24
,,-0.00012096,24
,,-0.00012088,24
,,-0.0001208,24
,,-0.00012072,24.4
,,-0.00012064,23.6
,,-0.00012056,24
,,-0.00012048,24
,,-0.0001204,24
,,-0.00012032,24
,,-0.00012024,24
,,-0.00012016,24
,,-0.00012008,24
,,-0.00012,24
,,-0.00011992,24
,,-0.00011984,24
,,-0.00011976,24
,,-0.00011968,24
,,-0.0001196,24
,,-0.00011952,24
,,-0.00011944,24
,,-0.00011936,24
,,-0.00011928,24.4
,,-0.0001192,24.4
,,-0.00011912,24
,,-0.00011904,24
,,-0.00011896,24
,,-0.00011888,23.6
,,-0.0001188,24
,,-0.00011872,24
,,-0.00011864,24
,,-0.00011856,24
,,-0.00011848,24
,,-0.0001184,24
,,-0.00011832,24
,,-0.00011824,24
,,-0.00011816,24
,,-0.00011808,24
,,-0.000118,24
,,-0.00011792,24
,,-0.00011784,24
,,-0.00011776,24
,,-0.00011768,24
,,-0.0001176,24
,,-0.00011752,24
,,-0.00011744,24
,,-0.00011736,24
,,-0.00011728,24
,,-0.0001172,24
,,-0.00011712,24
,,-0.00011704,24
,,-0.00011696,24
,,-0.00011688,24
,,-0.0001168,24
,,-0.00011672,24
,,-0.00011664,24
,,-0.00011656,24
,,-0.00011648,24
,,-0.0001164,24
,,-0.00011632,24
,,-0.00011624,24
,,-0.00011616,24
,,-0.00011608,24
,,-0.000116,24
,,-0.00011592,24
,,-0.00011584,24
,,-0.00011576,24
,,-0.00011568,24
,,-0.0001156,24
,,-0.00011552,24
,,-0.00011544,24
,,-0.00011536,24
,,-0.00011528,24
,,-0.0001152,24
,,-0.00011512,24
,,-0.00011504,24
,,-0.00011496,24
,,-0.00011488,24
,,-0.0001148,24
,,-0.00011472,24.4
,,-0.00011464,24
,,-0.00011456,24
,,-0.00011448,24
,,-0.0001144,24
,,-0.00011432,24
,,-0.00011424,24
,,-0.00011416,24
,,-0.00011408,24.4
,,-0.000114,24
,,-0.00011392,24
,,-0.00011384,24
,,-0.00011376,24
,,-0.00011368,24
,,-0.0001136,24
,,-0.00011352,24
,,-0.00011344,24
,,-0.00011336,24
,,-0.00011328,24
,,-0.0001132,24
,,-0.00011312,24
,,-0.00011304,24
,,-0.00011296,24
,,-0.00011288,24
,,-0.0001128,24
,,-0.00011272,24
,,-0.00011264,24
,,-0.00011256,24
,,-0.00011248,24
,,-0.0001124,24
,,-0.00011232,24
,,-0.00011224,24
,,-0.00011216,24
,,-0.00011208,24
,,-0.000112,24
,,-0.00011192,24
,,-0.00011184,24
,,-0.00011176,24
,,-0.00011168,24
,,-0.0001116,24
,,-0.00011152,24
,,-0.00011144,24
,,-0.00011136,24
,,-0.00011128,24
,,-0.0001112,24.4
,,-0.00011112,24
,,-0.00011104,24
,,-0.00011096,24
,,-0.00011088,24
,,-0.0001108,24
,,-0.00011072,24
,,-0.00011064,24
,,-0.00011056,24
,,-0.00011048,24
,,-0.0001104,24
,,-0.00011032,24
,,-0.00011024,24
,,-0.00011016,24
,,-0.00011008,24
,,-0.00011,24
,,-0.00010992,24.4
,,-0.00010984,24
,,-0.00010976,24
,,-0.00010968,23.6
,,-0.0001096,24
,,-0.00010952,24
,,-0.00010944,24
,,-0.00010936,24
,,-0.00010928,24
,,-0.0001092,24.4
,,-0.00010912,24
,,-0.00010904,24
,,-0.00010896,24
,,-0.00010888,24
,,-0.0001088,24
,,-0.00010872,24
,,-0.00010864,24
,,-0.00010856,24.4
,,-0.00010848,24
,,-0.0001084,24
,,-0.00010832,24
,,-0.00010824,24
,,-0.00010816,24
,,-0.00010808,24
,,-0.000108,24
,,-0.00010792,24
,,-0.00010784,24
,,-0.00010776,24
,,-0.00010768,24
,,-0.0001076,24
,,-0.00010752,24
,,-0.00010744,24
,,-0.00010736,24
,,-0.00010728,24
,,-0.0001072,24
,,-0.00010712,24
,,-0.00010704,24
,,-0.00010696,24
,,-0.00010688,24
,,-0.0001068,24
,,-0.00010672,24
,,-0.00010664,24
,,-0.00010656,24
,,-0.00010648,24
,,-0.0001064,24
,,-0.00010632,24
,,-0.00010624,24
,,-0.00010616,24
,,-0.00010608,24
,,-0.000106,24
,,-0.00010592,24
,,-0.00010584,24
,,-0.00010576,24
,,-0.00010568,24
,,-0.0001056,24
,,-0.00010552,24
,,-0.00010544,24
,,-0.00010536,24
,,-0.00010528,24
,,-0.0001052,24
,,-0.00010512,24
,,-0.00010504,24
,,-0.00010496,24
,,-0.00010488,24
,,-0.0001048,24
,,-0.00010472,24
,,-0.00010464,24
,,-0.00010456,24
,,-0.00010448,24
,,-0.0001044,24
,,-0.00010432,24
,,-0.00010424,24
,,-0.00010416,24
,,-0.00010408,24
,,-0.000104,24
,,-0.00010392,24
,,-0.00010384,24
,,-0.00010376,24
,,-0.00010368,24
,,-0.0001036,24
,,-0.00010352,24
,,-0.00010344,24
,,-0.00010336,24
,,-0.00010328,24
,,-0.0001032,24
,,-0.00010312,24
,,-0.00010304,24
,,-0.00010296,24
,,-0.00010288,24
,,-0.0001028,24
,,-0.00010272,24
,,-0.00010264,24
,,-0.00010256,24
,,-0.00010248,24
,,-0.0001024,24
,,-0.00010232,24
,,-0.00010224,24
,,-0.00010216,24
,,-0.00010208,24
,,-0.000102,24.4
,,-0.00010192,24
,,-0.00010184,24
,,-0.00010176,24
,,-0.00010168,24
,,-0.0001016,24
,,-0.00010152,24
,,-0.00010144,24
,,-0.00010136,24
,,-0.00010128,24
,,-0.0001012,24
,,-0.00010112,24
,,-0.00010104,24
,,-0.00010096,24
,,-0.00010088,24
,,-0.0001008,24
,,-0.00010072,24
,,-0.00010064,23.6
,,-0.00010056,24
,,-0.00010048,24
,,-0.0001004,24
,,-0.00010032,24
,,-0.00010024,24
,,-0.00010016,24
,,-0.00010008,24
,,-0.0001,24
,,-0.00009992,24
,,-0.00009984,24
,,-0.00009976,24
,,-0.00009968,24
,,-0.0000996,24
,,-0.00009952,24
,,-0.00009944,24
,,-0.00009936,24
,,-0.00009928,24
,,-0.0000992,24
,,-0.00009912,24
,,-0.00009904,24
,,-0.00009896,24
,,-0.00009888,24
,,-0.0000988,24
,,-0.00009872,24
,,-0.00009864,24
,,-0.00009856,24
,,-0.00009848,24
,,-0.0000984,24
,,-0.00009832,24
,,-0.00009824,24
,,-0.00009816,24
,,-0.00009808,24
,,-0.000098,24
,,-0.00009792,24
,,-0.00009784,24
,,-0.00009776,24
,,-0.00009768,24
,,-0.0000976,24
,,-0.00009752,24
,,-0.00009744,24
,,-0.00009736,24
,,-0.00009728,24
,,-0.0000972,24
,,-0.00009712,24
,,-0.00009704,24
,,-0.00009696,24
,,-0.00009688,24
,,-0.0000968,24
,,-0.00009672,24
,,-0.00009664,24
,,-0.00009656,24
,,-0.00009648,24
,,-0.0000964,24
,,-0.00009632,24
,,-0.00009624,24
,,-0.00009616,24
,,-0.00009608,24
,,-0.000096,24
,,-0.00009592,24
,,-0.00009584,24
,,-0.00009576,24
,,-0.00009568,24
,,-0.0000956,24
,,-0.00009552,24
,,-0.00009544,24
,,-0.00009536,24
,,-0.00009528,24
,,-0.0000952,24
,,-0.00009512,24
,,-0.00009504,24
,,-0.00009496,24
,,-0.00009488,24
,,-0.0000948,24
,,-0.00009472,24
,,-0.00009464,24
,,-0.00009456,24
,,-0.00009448,24
,,-0.0000944,24
,,-0.00009432,24
,,-0.00009424,24
,,-0.00009416,24
,,-0.00009408,24
,,-0.000094,24
,,-0.00009392,24
,,-0.00009384,24
,,-0.00009376,24
,,-0.00009368,24
,,-0.0000936,24
,,-0.00009352,24
,,-0.00009344,24
,,-0.00009336,24
,,-0.00009328,24
,,-0.0000932,24
,,-0.00009312,24
,,-0.00009304,24
,,-0.00009296,24
,,-0.00009288,24
,,-0.0000928,24
,,-0.00009272,24
,,-0.00009264,24
,,-0.00009256,24
,,-0.00009248,24
,,-0.0000924,23.6
,,-0.00009232,24
,,-0.00009224,24
,,-0.00009216,24
,,-0.00009208,24
,,-0.000092,24.4
,,-0.00009192,24
,,-0.00009184,24
,,-0.00009176,24
,,-0.00009168,24
,,-0.0000916,24
,,-0.00009152,24
,,-0.00009144,24
,,-0.00009136,24
,,-0.00009128,24
,,-0.0000912,24
,,-0.00009112,24
,,-0.00009104,24
,,-0.00009096,24
,,-0.00009088,24.4
,,-0.0000908,24
,,-0.00009072,24
,,-0.00009064,24
,,-0.00009056,24
,,-0.00009048,24
,,-0.0000904,24.4
,,-0.00009032,24
,,-0.00009024,24
,,-0.00009016,24
,,-0.00009008,24
,,-0.00009,24
,,-0.00008992,24
,,-0.00008984,24
,,-0.00008976,24
,,-0.00008968,24
,,-0.0000896,24
,,-0.00008952,24
,,-0.00008944,24
,,-0.00008936,24
,,-0.00008928,24
,,-0.0000892,24
,,-0.00008912,24
,,-0.00008904,24
,,-0.00008896,24
,,-0.00008888,24
,,-0.0000888,24
,,-0.00008872,24
,,-0.00008864,24
,,-0.00008856,24
,,-0.00008848,24
,,-0.0000884,24
,,-0.00008832,24
,,-0.00008824,24
,,-0.00008816,24
,,-0.00008808,24
,,-0.000088,24
,,-0.00008792,24
,,-0.00008784,24
,,-0.00008776,24
,,-0.00008768,24
,,-0.0000876,24
,,-0.00008752,24
,,-0.00008744,24
,,-0.00008736,24
,,-0.00008728,24
,,-0.0000872,24
,,-0.00008712,24
,,-0.00008704,24
,,-0.00008696,24
,,-0.00008688,24
,,-0.0000868,24
,,-0.00008672,24
,,-0.00008664,24
,,-0.00008656,24
,,-0.00008648,24
,,-0.0000864,24
,,-0.00008632,24
,,-0.00008624,24
,,-0.00008616,24
,,-0.00008608,24
,,-0.000086,24
,,-0.00008592,24
,,-0.00008584,24
,,-0.00008576,24
,,-0.00008568,24
,,-0.0000856,24
,,-0.00008552,24
,,-0.00008544,24.4
,,-0.00008536,24
,,-0.00008528,24
,,-0.0000852,24
,,-0.00008512,24
,,-0.00008504,24
,,-0.00008496,24
,,-0.00008488,24
,,-0.0000848,24
,,-0.00008472,24
,,-0.00008464,24
,,-0.00008456,24
,,-0.00008448,24
,,-0.0000844,24
,,-0.00008432,24
,,-0.00008424,24
,,-0.00008416,24
,,-0.00008408,24
,,-0.000084,24
,,-0.00008392,23.6
,,-0.00008384,24.4
,,-0.00008376,24
,,-0.00008368,24
,,-0.0000836,24
,,-0.00008352,24
,,-0.00008344,24
,,-0.00008336,24
,,-0.00008328,24
,,-0.0000832,24
,,-0.00008312,24
,,-0.00008304,24
,,-0.00008296,24
,,-0.00008288,24
,,-0.0000828,24.4
,,-0.00008272,24
,,-0.00008264,24
,,-0.00008256,24
,,-0.00008248,24
,,-0.0000824,24
,,-0.00008232,24
,,-0.00008224,24
,,-0.00008216,24
,,-0.00008208,24
,,-0.000082,24
,,-0.00008192,24
,,-0.00008184,24
,,-0.00008176,24
,,-0.00008168,24
,,-0.0000816,24.4
,,-0.00008152,24
,,-0.00008144,24
,,-0.00008136,24
,,-0.00008128,24
,,-0.0000812,24
,,-0.00008112,24
,,-0.00008104,24
,,-0.00008096,24
,,-0.00008088,24
,,-0.0000808,24
,,-0.00008072,24
,,-0.00008064,24
,,-0.00008056,24
,,-0.00008048,24
,,-0.0000804,24
,,-0.00008032,24
,,-0.00008024,24
,,-0.00008016,24
,,-0.00008008,24
,,-0.00008,24
,,-0.00007992,24
,,-0.00007984,24
,,-0.00007976,24
,,-0.00007968,24
,,-0.0000796,24
,,-0.00007952,24.4
,,-0.00007944,24
,,-0.00007936,24
,,-0.00007928,24
,,-0.0000792,24
,,-0.00007912,24
,,-0.00007904,24
,,-0.00007896,24
,,-0.00007888,24
,,-0.0000788,24
,,-0.00007872,24
,,-0.00007864,24
,,-0.00007856,24
,,-0.00007848,24.4
,,-0.0000784,24
,,-0.00007832,24
,,-0.00007824,24
,,-0.00007816,24
,,-0.00007808,24
,,-0.000078,24
,,-0.00007792,24
,,-0.00007784,24
,,-0.00007776,24
,,-0.00007768,24
,,-0.0000776,24
,,-0.00007752,24
,,-0.00007744,24
,,-0.00007736,24
,,-0.00007728,24
,,-0.0000772,24
,,-0.00007712,24
,,-0.00007704,24
,,-0.00007696,24
,,-0.00007688,24
,,-0.0000768,24
,,-0.00007672,24
,,-0.00007664,24.4
,,-0.00007656,24
,,-0.00007648,24
,,-0.0000764,24
,,-0.00007632,24
,,-0.00007624,24
,,-0.00007616,24
,,-0.00007608,24
,,-0.000076,24
,,-0.00007592,24.4
,,-0.00007584,24
,,-0.00007576,24.4
,,-0.00007568,24.4
,,-0.0000756,24
,,-0.00007552,24
,,-0.00007544,24
,,-0.00007536,24
,,-0.00007528,24
,,-0.0000752,24
,,-0.00007512,24
,,-0.00007504,24
,,-0.00007496,24
,,-0.00007488,24
,,-0.0000748,24
,,-0.00007472,24
,,-0.00007464,24
,,-0.00007456,24
,,-0.00007448,24
,,-0.0000744,24
,,-0.00007432,24
,,-0.00007424,24.4
,,-0.00007416,24
,,-0.00007408,24.4
,,-0.000074,24
,,-0.00007392,24
,,-0.00007384,24
,,-0.00007376,24
,,-0.00007368,24
,,-0.0000736,24
,,-0.00007352,24.4
,,-0.00007344,24
,,-0.00007336,24
,,-0.00007328,24
,,-0.0000732,24
,,-0.00007312,24
,,-0.00007304,24
,,-0.00007296,24
,,-0.00007288,24
,,-0.0000728,24
,,-0.00007272,24
,,-0.00007264,24
,,-0.00007256,24
,,-0.00007248,24
,,-0.0000724,24
,,-0.00007232,24
,,-0.00007224,24
,,-0.00007216,24
,,-0.00007208,24
,,-0.000072,24
,,-0.00007192,24
,,-0.00007184,24
,,-0.00007176,24
,,-0.00007168,24
,,-0.0000716,24
,,-0.00007152,24
,,-0.00007144,24
,,-0.00007136,24
,,-0.00007128,24
,,-0.0000712,24
,,-0.00007112,24
,,-0.00007104,23.6
,,-0.00007096,23.6
,,-0.00007088,24
,,-0.0000708,24
,,-0.00007072,24
,,-0.00007064,24
,,-0.00007056,24
,,-0.00007048,24
,,-0.0000704,24
,,-0.00007032,24
,,-0.00007024,24
,,-0.00007016,24
,,-0.00007008,24
,,-0.00007,24
,,-0.00006992,24
,,-0.00006984,24
,,-0.00006976,24
,,-0.00006968,24
,,-0.0000696,24
,,-0.00006952,24
,,-0.00006944,24
,,-0.00006936,24
,,-0.00006928,23.6
,,-0.0000692,24
,,-0.00006912,24
,,-0.00006904,24
,,-0.00006896,24
,,-0.00006888,23.6
,,-0.0000688,24
,,-0.00006872,24
,,-0.00006864,24
,,-0.00006856,24
,,-0.00006848,23.6
,,-0.0000684,24
,,-0.00006832,24
,,-0.00006824,24
,,-0.00006816,24
,,-0.00006808,24
,,-0.000068,23.6
,,-0.00006792,24
,,-0.00006784,24
,,-0.00006776,24
,,-0.00006768,23.2
,,-0.0000676,24
,,-0.00006752,23.6
,,-0.00006744,23.6
,,-0.00006736,23.6
,,-0.00006728,24
,,-0.0000672,23.6
,,-0.00006712,23.6
,,-0.00006704,23.2
,,-0.00006696,24
,,-0.00006688,24
,,-0.0000668,23.6
,,-0.00006672,24
,,-0.00006664,23.6
,,-0.00006656,23.6
,,-0.00006648,23.6
,,-0.0000664,24
,,-0.00006632,23.6
,,-0.00006624,24
,,-0.00006616,24
,,-0.00006608,24
,,-0.000066,23.6
,,-0.00006592,23.6
,,-0.00006584,23.2
,,-0.00006576,24
,,-0.00006568,24
,,-0.0000656,23.6
,,-0.00006552,24
,,-0.00006544,23.6
,,-0.00006536,24
,,-0.00006528,23.6
,,-0.0000652,24
,,-0.00006512,23.6
,,-0.00006504,23.6
,,-0.00006496,23.2
,,-0.00006488,24
,,-0.0000648,23.6
,,-0.00006472,23.6
,,-0.00006464,23.2
,,-0.00006456,23.6
,,-0.00006448,23.6
,,-0.0000644,23.6
,,-0.00006432,23.6
,,-0.00006424,23.2
,,-0.00006416,23.6
,,-0.00006408,23.6
,,-0.000064,23.2
,,-0.00006392,23.6
,,-0.00006384,23.6
,,-0.00006376,23.6
,,-0.00006368,23.2
,,-0.0000636,24
,,-0.00006352,23.6
,,-0.00006344,23.6
,,-0.00006336,24
,,-0.00006328,24
,,-0.0000632,23.6
,,-0.00006312,23.6
,,-0.00006304,23.6
,,-0.00006296,23.6
,,-0.00006288,23.6
,,-0.0000628,23.6
,,-0.00006272,23.6
,,-0.00006264,23.6
,,-0.00006256,23.6
,,-0.00006248,24
,,-0.0000624,23.2
,,-0.00006232,23.6
,,-0.00006224,23.6
,,-0.00006216,24
,,-0.00006208,23.6
,,-0.000062,23.2
,,-0.00006192,23.6
,,-0.00006184,23.2
,,-0.00006176,23.6
,,-0.00006168,23.6
,,-0.0000616,23.6
,,-0.00006152,23.6
,,-0.00006144,23.6
,,-0.00006136,23.2
,,-0.00006128,23.6
,,-0.0000612,24
,,-0.00006112,23.2
,,-0.00006104,23.6
,,-0.00006096,23.2
,,-0.00006088,24
,,-0.0000608,23.6
,,-0.00006072,23.2
,,-0.00006064,23.2
,,-0.00006056,23.6
,,-0.00006048,23.6
,,-0.0000604,23.2
,,-0.00006032,23.2
,,-0.00006024,23.2
,,-0.00006016,23.2
,,-0.00006008,23.2
,,-0.00006,23.2
,,-0.00005992,23.6
,,-0.00005984,23.2
,,-0.00005976,23.2
,,-0.00005968,23.2
,,-0.0000596,23.6
,,-0.00005952,23.6
,,-0.00005944,23.2
,,-0.00005936,23.6
,,-0.00005928,23.2
,,-0.0000592,23.2
,,-0.00005912,23.2
,,-0.00005904,23.2
,,-0.00005896,23.6
,,-0.00005888,23.2
,,-0.0000588,23.2
,,-0.00005872,23.2
,,-0.00005864,23.2
,,-0.00005856,23.2
,,-0.00005848,23.2
,,-0.0000584,23.2
,,-0.00005832,23.2
,,-0.00005824,23.2
,,-0.00005816,23.2
,,-0.00005808,23.2
,,-0.000058,23.2
,,-0.00005792,23.2
,,-0.00005784,23.6
,,-0.00005776,23.2
,,-0.00005768,23.2
,,-0.0000576,23.2
,,-0.00005752,23.2
,,-0.00005744,23.2
,,-0.00005736,22.8
,,-0.00005728,23.2
,,-0.0000572,23.2
,,-0.00005712,23.2
,,-0.00005704,23.2
,,-0.00005696,23.2
,,-0.00005688,23.2
,,-0.0000568,23.2
,,-0.00005672,23.2
,,-0.00005664,23.2
,,-0.00005656,23.2
,,-0.00005648,22.8
,,-0.0000564,23.2
,,-0.00005632,23.2
,,-0.00005624,23.2
,,-0.00005616,23.2
,,-0.00005608,23.2
,,-0.000056,23.2
,,-0.00005592,23.2
,,-0.00005584,23.2
,,-0.00005576,22.8
,,-0.00005568,23.2
,,-0.0000556,22.8
,,-0.00005552,22.8
,,-0.00005544,23.2
,,-0.00005536,23.2
,,-0.00005528,23.2
,,-0.0000552,22.8
,,-0.00005512,23.2
,,-0.00005504,22.8
,,-0.00005496,22.8
,,-0.00005488,22.8
,,-0.0000548,22.8
,,-0.00005472,22.8
,,-0.00005464,23.2
,,-0.00005456,22.8
,,-0.00005448,22.8
,,-0.0000544,22.8
,,-0.00005432,23.2
,,-0.00005424,22.8
,,-0.00005416,22.8
,,-0.00005408,23.2
,,-0.000054,22.8
,,-0.00005392,23.2
,,-0.00005384,22.8
,,-0.00005376,22.8
,,-0.00005368,23.2
,,-0.0000536,22.8
,,-0.00005352,23.2
,,-0.00005344,22.8
,,-0.00005336,22.8
,,-0.00005328,22.8
,,-0.0000532,23.2
,,-0.00005312,22.8
,,-0.00005304,22.8
,,-0.00005296,22.8
,,-0.00005288,22.8
,,-0.0000528,22.4
,,-0.00005272,23.2
,,-0.00005264,22.8
,,-0.00005256,22.4
,,-0.00005248,22.8
,,-0.0000524,22.8
,,-0.00005232,22.8
,,-0.00005224,22.4
,,-0.00005216,22.8
,,-0.00005208,22.8
,,-0.000052,22.8
,,-0.00005192,23.2
,,-0.00005184,22.8
,,-0.00005176,22.8
,,-0.00005168,22.4
,,-0.0000516,22.8
,,-0.00005152,22.8
,,-0.00005144,22.8
,,-0.00005136,22.4
,,-0.00005128,22.4
,,-0.0000512,22.4
,,-0.00005112,22.8
,,-0.00005104,22.4
,,-0.00005096,22.4
,,-0.00005088,22.8
,,-0.0000508,22.8
,,-0.00005072,22.8
,,-0.00005064,22.4
,,-0.00005056,22.8
,,-0.00005048,22.4
,,-0.0000504,22.4
,,-0.00005032,22.4
,,-0.00005024,22.8
,,-0.00005016,22.4
,,-0.00005008,22.4
,,-0.00005,22.4
,,-0.00004992,22.4
,,-0.00004984,22.8
,,-0.00004976,22.4
,,-0.00004968,22.4
,,-0.0000496,22.4
,,-0.00004952,22
,,-0.00004944,22.4
,,-0.00004936,22.4
,,-0.00004928,22.4
,,-0.0000492,22.4
,,-0.00004912,22.4
,,-0.00004904,22.4
,,-0.00004896,22.4
,,-0.00004888,22.4
,,-0.0000488,22.4
,,-0.00004872,22.4
,,-0.00004864,22.4
,,-0.00004856,22.4
,,-0.00004848,22
,,-0.0000484,22.4
,,-0.00004832,22
,,-0.00004824,22.4
,,-0.00004816,22
,,-0.00004808,22.4
,,-0.000048,22
,,-0.00004792,22.4
,,-0.00004784,22.4
,,-0.00004776,22.4
,,-0.00004768,22
,,-0.0000476,22.4
,,-0.00004752,22.4
,,-0.00004744,22
,,-0.00004736,22
,,-0.00004728,22
,,-0.0000472,22.4
,,-0.00004712,22.4
,,-0.00004704,22
,,-0.00004696,21.6
,,-0.00004688,22.4
,,-0.0000468,21.6
,,-0.00004672,22
,,-0.00004664,22.4
,,-0.00004656,22
,,-0.00004648,21.6
,,-0.0000464,22.4
,,-0.00004632,22
,,-0.00004624,21.6
,,-0.00004616,21.6
,,-0.00004608,22
,,-0.000046,21.6
,,-0.00004592,22
,,-0.00004584,21.6
,,-0.00004576,22
,,-0.00004568,21.6
,,-0.0000456,21.6
,,-0.00004552,21.6
,,-0.00004544,21.6
,,-0.00004536,21.6
,,-0.00004528,21.6
,,-0.0000452,21.6
,,-0.00004512,21.6
,,-0.00004504,21.6
,,-0.00004496,21.6
,,-0.00004488,21.6
,,-0.0000448,21.6
,,-0.00004472,21.6
,,-0.00004464,21.6
,,-0.00004456,21.2
,,-0.00004448,21.6
,,-0.0000444,21.2
,,-0.00004432,21.6
,,-0.00004424,21.6
,,-0.00004416,21.6
,,-0.00004408,21.6
,,-0.000044,21.2
,,-0.00004392,21.6
,,-0.00004384,21.2
,,-0.00004376,21.6
,,-0.00004368,21.2
,,-0.0000436,21.2
,,-0.00004352,21.2
,,-0.00004344,21.2
,,-0.00004336,21.2
,,-0.00004328,21.2
,,-0.0000432,21.2
,,-0.00004312,21.2
,,-0.00004304,21.6
,,-0.00004296,21.2
,,-0.00004288,21.6
,,-0.0000428,21.6
,,-0.00004272,21.6
,,-0.00004264,21.6
,,-0.00004256,21.2
,,-0.00004248,21.2
,,-0.0000424,21.2
,,-0.00004232,21.2
,,-0.00004224,21.2
,,-0.00004216,21.2
,,-0.00004208,21.2
,,-0.000042,21.6
,,-0.00004192,21.2
,,-0.00004184,20.8
,,-0.00004176,21.2
,,-0.00004168,21.2
,,-0.0000416,21.2
,,-0.00004152,20.8
,,-0.00004144,21.2
,,-0.00004136,21.2
,,-0.00004128,21.2
,,-0.0000412,20.8
,,-0.00004112,21.2
,,-0.00004104,20.8
,,-0.00004096,21.2
,,-0.00004088,20.8
,,-0.0000408,21.2
,,-0.00004072,21.2
,,-0.00004064,20.8
,,-0.00004056,21.2
,,-0.00004048,20.8
,,-0.0000404,21.2
,,-0.00004032,21.2
,,-0.00004024,21.2
,,-0.00004016,20.8
,,-0.00004008,20.8
,,-0.00004,20.8
,,-0.00003992,20.8
,,-0.00003984,21.2
,,-0.00003976,20.8
,,-0.00003968,20.8
,,-0.0000396,20.8
,,-0.00003952,20.8
,,-0.00003944,20.8
,,-0.00003936,20.8
,,-0.00003928,20.8
,,-0.0000392,20.8
,,-0.00003912,20.8
,,-0.00003904,20.8
,,-0.00003896,20.8
,,-0.00003888,20.8
,,-0.0000388,20.4
,,-0.00003872,20.4
,,-0.00003864,20.8
,,-0.00003856,20.8
,,-0.00003848,20.8
,,-0.0000384,20.8
,,-0.00003832,20.8
,,-0.00003824,20.4
,,-0.00003816,21.2
,,-0.00003808,20.8
,,-0.000038,20
,,-0.00003792,20.8
,,-0.00003784,20.8
,,-0.00003776,20.8
,,-0.00003768,20.4
,,-0.0000376,20.8
,,-0.00003752,20.4
,,-0.00003744,20.4
,,-0.00003736,20.4
,,-0.00003728,20.4
,,-0.0000372,20.4
,,-0.00003712,20.8
,,-0.00003704,20
,,-0.00003696,20.4
,,-0.00003688,20.4
,,-0.0000368,20.8
,,-0.00003672,20
,,-0.00003664,20
,,-0.00003656,20.4
,,-0.00003648,20.4
,,-0.0000364,20
,,-0.00003632,20
,,-0.00003624,20
,,-0.00003616,20.4
,,-0.00003608,20
,,-0.000036,20.4
,,-0.00003592,20
,,-0.00003584,20
,,-0.00003576,20
,,-0.00003568,20
,,-0.0000356,20.4
,,-0.00003552,20.4
,,-0.00003544,20
,,-0.00003536,20.4
,,-0.00003528,20.4
,,-0.0000352,20
,,-0.00003512,20
,,-0.00003504,20
,,-0.00003496,19.6
,,-0.00003488,20
,,-0.0000348,20
,,-0.00003472,20
,,-0.00003464,20
,,-0.00003456,19.6
,,-0.00003448,20
,,-0.0000344,19.6
,,-0.00003432,19.6
,,-0.00003424,19.6
,,-0.00003416,20
,,-0.00003408,19.6
,,-0.000034,20
,,-0.00003392,19.6
,,-0.00003384,19.6
,,-0.00003376,20
,,-0.00003368,19.6
,,-0.0000336,19.2
,,-0.00003352,19.6
,,-0.00003344,19.6
,,-0.00003336,19.6
,,-0.00003328,20
,,-0.0000332,20
,,-0.00003312,20
,,-0.00003304,19.6
,,-0.00003296,19.6
,,-0.00003288,19.2
,,-0.0000328,19.2
,,-0.00003272,19.6
,,-0.00003264,19.6
,,-0.00003256,19.2
,,-0.00003248,19.6
,,-0.0000324,19.2
,,-0.00003232,19.6
,,-0.00003224,20
,,-0.00003216,19.2
,,-0.00003208,19.2
,,-0.000032,19.2
,,-0.00003192,19.2
,,-0.00003184,19.2
,,-0.00003176,19.2
,,-0.00003168,19.2
,,-0.0000316,19.6
,,-0.00003152,19.6
,,-0.00003144,19.2
,,-0.00003136,19.2
,,-0.00003128,19.2
,,-0.0000312,19.2
,,-0.00003112,19.2
,,-0.00003104,19.2
,,-0.00003096,19.2
,,-0.00003088,19.2
,,-0.0000308,19.2
,,-0.00003072,18.8
,,-0.00003064,19.2
,,-0.00003056,19.2
,,-0.00003048,18.8
,,-0.0000304,19.2
,,-0.00003032,19.2
,,-0.00003024,19.2
,,-0.00003016,19.2
,,-0.00003008,19.2
,,-0.00003,19.2
,,-0.00002992,18.8
,,-0.00002984,19.2
,,-0.00002976,19.2
,,-0.00002968,18.4
,,-0.0000296,18.8
,,-0.00002952,18.8
,,-0.00002944,18.4
,,-0.00002936,18.8
,,-0.00002928,18.4
,,-0.0000292,18.8
,,-0.00002912,18.8
,,-0.00002904,18.4
,,-0.00002896,18.8
,,-0.00002888,18.4
,,-0.0000288,18.8
,,-0.00002872,18.4
,,-0.00002864,18.4
,,-0.00002856,18.4
,,-0.00002848,18.8
,,-0.0000284,18.4
,,-0.00002832,18.4
,,-0.00002824,18
,,-0.00002816,18.4
,,-0.00002808,18.4
,,-0.000028,18.4
,,-0.00002792,18.4
,,-0.00002784,18.4
,,-0.00002776,18.4
,,-0.00002768,18.4
,,-0.0000276,18.8
,,-0.00002752,18
,,-0.00002744,18.4
,,-0.00002736,18.4
,,-0.00002728,18
,,-0.0000272,18.4
,,-0.00002712,18
,,-0.00002704,18.4
,,-0.00002696,18.4
,,-0.00002688,18
,,-0.0000268,18.4
,,-0.00002672,18.4
,,-0.00002664,18
,,-0.00002656,18
,,-0.00002648,18
,,-0.0000264,18
,,-0.00002632,18
,,-0.00002624,18
,,-0.00002616,18
,,-0.00002608,18
,,-0.000026,17.6
,,-0.00002592,18
,,-0.00002584,17.6
,,-0.00002576,17.6
,,-0.00002568,18
,,-0.0000256,17.6
,,-0.00002552,18
,,-0.00002544,18
,,-0.00002536,17.6
,,-0.00002528,18
,,-0.0000252,17.6
,,-0.00002512,17.6
,,-0.00002504,17.6
,,-0.00002496,17.6
,,-0.00002488,17.6
,,-0.0000248,17.6
,,-0.00002472,17.6
,,-0.00002464,17.6
,,-0.00002456,17.6
,,-0.00002448,17.6
,,-0.0000244,17.6
,,-0.00002432,17.6
,,-0.00002424,17.2
,,-0.00002416,17.6
,,-0.00002408,17.6
,,-0.000024,17.6
,,-0.00002392,17.6
,,-0.00002384,17.6
,,-0.00002376,17.6
,,-0.00002368,17.6
,,-0.0000236,17.6
,,-0.00002352,17.6
,,-0.00002344,17.6
,,-0.00002336,17.2
,,-0.00002328,17.2
,,-0.0000232,17.6
,,-0.00002312,17.6
,,-0.00002304,17.6
,,-0.00002296,17.2
,,-0.00002288,17.6
,,-0.0000228,16.8
,,-0.00002272,17.2
,,-0.00002264,17.2
,,-0.00002256,16.8
,,-0.00002248,17.2
,,-0.0000224,16.8
,,-0.00002232,16.8
,,-0.00002224,16.8
,,-0.00002216,16.8
,,-0.00002208,17.2
,,-0.000022,16.8
,,-0.00002192,16.8
,,-0.00002184,17.2
,,-0.00002176,17.2
,,-0.00002168,16.8
,,-0.0000216,16.8
,,-0.00002152,16.8
,,-0.00002144,16.8
,,-0.00002136,16.8
,,-0.00002128,16.8
,,-0.0000212,16.8
,,-0.00002112,16.8
,,-0.00002104,16.8
,,-0.00002096,16.8
,,-0.00002088,16.8
,,-0.0000208,16.8
,,-0.00002072,16.8
,,-0.00002064,16.8
,,-0.00002056,16.8
,,-0.00002048,16.4
,,-0.0000204,16.4
,,-0.00002032,16.8
,,-0.00002024,16.8
,,-0.00002016,16.8
,,-0.00002008,16.4
,,-0.00002,16.8
,,-0.00001992,16.4
,,-0.00001984,16.4
,,-0.00001976,16.8
,,-0.00001968,16.4
,,-0.0000196,16.4
,,-0.00001952,16
,,-0.00001944,16.4
,,-0.00001936,16.8
,,-0.00001928,16.4
,,-0.0000192,16
,,-0.00001912,16
,,-0.00001904,16
,,-0.00001896,16
,,-0.00001888,16
,,-0.0000188,16
,,-0.00001872,16.4
,,-0.00001864,16
,,-0.00001856,16
,,-0.00001848,16
,,-0.0000184,16
,,-0.00001832,16
,,-0.00001824,16
,,-0.00001816,16
,,-0.00001808,16
,,-0.000018,16
,,-0.00001792,16
,,-0.00001784,16
,,-0.00001776,16
,,-0.00001768,16
,,-0.0000176,15.6
,,-0.00001752,16
,,-0.00001744,16
,,-0.00001736,16
,,-0.00001728,16
,,-0.0000172,15.6
,,-0.00001712,15.2
,,-0.00001704,15.6
,,-0.00001696,15.6
,,-0.00001688,15.2
,,-0.0000168,15.6
,,-0.00001672,15.2
,,-0.00001664,15.6
,,-0.00001656,15.6
,,-0.00001648,15.6
,,-0.0000164,15.2
,,-0.00001632,15.2
,,-0.00001624,15.2
,,-0.00001616,15.6
,,-0.00001608,15.2
,,-0.000016,15.2
,,-0.00001592,15.2
,,-0.00001584,14.8
,,-0.00001576,15.2
,,-0.00001568,15.2
,,-0.0000156,15.2
,,-0.00001552,15.2
,,-0.00001544,15.2
,,-0.00001536,15.2
,,-0.00001528,15.2
,,-0.0000152,14.8
,,-0.00001512,15.2
,,-0.00001504,15.2
,,-0.00001496,14.8
,,-0.00001488,15.2
,,-0.0000148,15.2
,,-0.00001472,15.2
,,-0.00001464,14.8
,,-0.00001456,14.8
,,-0.00001448,14.8
,,-0.0000144,15.2
,,-0.00001432,14.8
,,-0.00001424,14.8
,,-0.00001416,14.8
,,-0.00001408,14.8
,,-0.000014,14.8
,,-0.00001392,14.8
,,-0.00001384,14.8
,,-0.00001376,14.8
,,-0.00001368,14.4
,,-0.0000136,14.8
,,-0.00001352,14.4
,,-0.00001344,14.8
,,-0.00001336,14.8
,,-0.00001328,14.4
,,-0.0000132,14.8
,,-0.00001312,14.4
,,-0.00001304,14.4
,,-0.00001296,14.4
,,-0.00001288,14.4
,,-0.0000128,14.4
,,-0.00001272,14.4
,,-0.00001264,14.4
,,-0.00001256,14.4
,,-0.00001248,14.4
,,-0.0000124,14.4
,,-0.00001232,14.4
,,-0.00001224,14.4
,,-0.00001216,14.4
,,-0.00001208,14.4
,,-0.000012,14.4
,,-0.00001192,14.4
,,-0.00001184,14.4
,,-0.00001176,14.4
,,-0.00001168,14.4
,,-0.0000116,14
,,-0.00001152,14
,,-0.00001144,14.4
,,-0.00001136,14.4
,,-0.00001128,14
,,-0.0000112,14.4
,,-0.00001112,14
,,-0.00001104,13.6
,,-0.00001096,14
,,-0.00001088,13.6
,,-0.0000108,13.6
,,-0.00001072,13.6
,,-0.00001064,14.4
,,-0.00001056,13.6
,,-0.00001048,13.6
,,-0.0000104,14
,,-0.00001032,13.6
,,-0.00001024,13.6
,,-0.00001016,14
,,-0.00001008,13.6
,,-0.00001,13.6
,,-0.00000992,13.6
,,-0.00000984,14
,,-0.00000976,13.6
,,-0.00000968,13.6
,,-0.0000096,13.2
,,-0.00000952,13.6
,,-0.00000944,13.6
,,-0.00000936,13.6
,,-0.00000928,13.6
,,-0.0000092,13.6
,,-0.00000912,13.6
,,-0.00000904,13.2
,,-0.00000896,13.6
,,-0.00000888,13.6
,,-0.0000088,13.6
,,-0.00000872,13.2
,,-0.00000864,13.2
,,-0.00000856,13.2
,,-0.00000848,13.2
,,-0.0000084,13.2
,,-0.00000832,13.6
,,-0.00000824,13.2
,,-0.00000816,13.2
,,-0.00000808,13.2
,,-0.000008,13.6
,,-0.00000792,13.2
,,-0.00000784,12.8
,,-0.00000776,13.6
,,-0.00000768,12.8
,,-0.0000076,12.8
,,-0.00000752,13.2
,,-0.00000744,12.8
,,-0.00000736,12.8
,,-0.00000728,12.8
,,-0.0000072,12.8
,,-0.00000712,12.8
,,-0.00000704,12.8
,,-0.00000696,12.8
,,-0.00000688,12.8
,,-0.0000068,12.4
,,-0.00000672,12.8
,,-0.00000664,12.8
,,-0.00000656,12.8
,,-0.00000648,12.8
,,-0.0000064,12.8
,,-0.00000632,12.8
,,-0.00000624,12.8
,,-0.00000616,12.8
,,-0.00000608,12.8
,,-0.000006,12.8
,,-0.00000592,12
,,-0.00000584,12.4
,,-0.00000576,12.8
,,-0.00000568,12.8
,,-0.0000056,12.8
,,-0.00000552,12.4
,,-0.00000544,12.8
,,-0.00000536,12.8
,,-0.00000528,12.8
,,-0.0000052,12
,,-0.00000512,12.4
,,-0.00000504,12.4
,,-0.00000496,12.4
,,-0.00000488,12
,,-0.0000048,12
,,-0.00000472,12.4
,,-0.00000464,12
,,-0.00000456,12
,,-0.00000448,12
,,-0.0000044,12
,,-0.00000432,12
,,-0.00000424,12
,,-0.00000416,12
,,-0.00000408,12
,,-0.000004,11.6
,,-0.00000392,11.6
,,-0.00000384,12
,,-0.00000376,12
,,-0.00000368,11.6
,,-0.0000036,11.6
,,-0.00000352,12
,,-0.00000344,12
,,-0.00000336,11.6
,,-0.00000328,11.6
,,-0.0000032,11.6
,,-0.00000312,11.6
,,-0.00000304,11.6
,,-0.00000296,11.6
,,-0.00000288,11.6
,,-0.0000028,11.6
,,-0.00000272,11.6
,,-0.00000264,11.6
,,-0.00000256,11.6
,,-0.00000248,11.6
,,-0.0000024,11.2
,,-0.00000232,11.6
,,-0.00000224,11.2
,,-0.00000216,11.2
,,-0.00000208,11.2
,,-0.000002,11.6
,,-0.00000192,11.2
,,-0.00000184,11.2
,,-0.00000176,11.2
,,-0.00000168,11.2
,,-0.0000016,11.2
,,-0.00000152,11.2
,,-0.00000144,11.2
,,-0.00000136,11.2
,,-0.00000128,11.2
,,-0.0000012,11.2
,,-0.00000112,11.2
,,-0.00000104,11.2
,,-0.00000096,11.2
,,-0.00000088,10.8
,,-0.0000008,11.2
,,-0.00000072,11.2
,,-0.00000064,10.8
,,-0.00000056,11.2
,,-0.00000048,10.8
,,-0.0000004,11.2
,,-0.00000032,10.4
,,-0.00000024,10.8
,,-0.00000016,10.4
,,-0.00000008,11.2
,,0,10.8
,,0.00000008,10.4
,,0.00000016,10.8
,,0.00000024,10.4
,,0.00000032,10.4
,,0.0000004,10.8
,,0.00000048,10.4
,,0.00000056,10.4
,,0.00000064,10.4
,,0.00000072,10.4
,,0.0000008,10.8
,,0.00000088,10
,,0.00000096,10.4
,,0.00000104,10.4
,,0.00000112,10.4
,,0.0000012,10.4
,,0.00000128,10.4
,,0.00000136,10.4
,,0.00000144,10.4
,,0.00000152,10.4
,,0.0000016,10.4
,,0.00000168,10.4
,,0.00000176,10
,,0.00000184,10
,,0.00000192,9.6
,,0.000002,10
,,0.00000208,10.4
,,0.00000216,10
,,0.00000224,10
,,0.00000232,10.4
,,0.0000024,9.6
,,0.00000248,10
,,0.00000256,10
,,0.00000264,10
,,0.00000272,9.6
,,0.0000028,10
,,0.00000288,10
,,0.00000296,9.6
,,0.00000304,9.6
,,0.00000312,9.6
,,0.0000032,9.6
,,0.00000328,10
,,0.00000336,9.6
,,0.00000344,9.6
,,0.00000352,10
,,0.0000036,9.6
,,0.00000368,9.6
,,0.00000376,9.6
,,0.00000384,10
,,0.00000392,9.6
,,0.000004,9.6
,,0.00000408,9.2
,,0.00000416,9.6
,,0.00000424,9.2
,,0.00000432,9.6
,,0.0000044,9.6
,,0.00000448,9.6
,,0.00000456,8.8
,,0.00000464,9.2
,,0.00000472,9.2
,,0.0000048,9.6
,,0.00000488,9.2
,,0.00000496,8.8
,,0.00000504,9.2
,,0.00000512,8.8
,,0.0000052,8.8
,,0.00000528,8.8
,,0.00000536,8.8
,,0.00000544,8.8
,,0.00000552,8.8
,,0.0000056,9.2
,,0.00000568,8.8
,,0.00000576,8.8
,,0.00000584,8.4
,,0.00000592,8.8
,,0.000006,8.4
,,0.00000608,8.8
,,0.00000616,8.4
,,0.00000624,8.8
,,0.00000632,8.8
,,0.0000064,8.4
,,0.00000648,8.4
,,0.00000656,8.8
,,0.00000664,8.4
,,0.00000672,8.4
,,0.0000068,8.4
,,0.00000688,8.4
,,0.00000696,8.4
,,0.00000704,8.4
,,0.00000712,8.4
,,0.0000072,8.4
,,0.00000728,8.4
,,0.00000736,8.4
,,0.00000744,8
,,0.00000752,8.4
,,0.0000076,8.4
,,0.00000768,8.4
,,0.00000776,8.4
,,0.00000784,8
,,0.00000792,8
,,0.000008,8
,,0.00000808,8.4
,,0.00000816,8
,,0.00000824,8
,,0.00000832,8
,,0.0000084,8
,,0.00000848,8
,,0.00000856,8
,,0.00000864,8
,,0.00000872,8
,,0.0000088,8
,,0.00000888,8
,,0.00000896,7.6
,,0.00000904,8
,,0.00000912,7.6
,,0.0000092,8
,,0.00000928,8
,,0.00000936,8
,,0.00000944,7.6
,,0.00000952,7.6
,,0.0000096,8
,,0.00000968,7.6
,,0.00000976,7.6
,,0.00000984,7.2
,,0.00000992,7.2
,,0.00001,7.6
,,0.00001008,7.6
,,0.00001016,7.2
,,0.00001024,7.2
,,0.00001032,7.2
,,0.0000104,7.2
,,0.00001048,7.2
,,0.00001056,7.2
,,0.00001064,7.2
,,0.00001072,7.2
,,0.0000108,7.6
,,0.00001088,6.8
,,0.00001096,7.2
,,0.00001104,7.2
,,0.00001112,6.8
,,0.0000112,7.2
,,0.00001128,6.8
,,0.00001136,7.2
,,0.00001144,7.2
,,0.00001152,6.8
,,0.0000116,6.8
,,0.00001168,6.8
,,0.00001176,6.8
,,0.00001184,6.8
,,0.00001192,6.4
,,0.000012,6.4
,,0.00001208,6.8
,,0.00001216,7.2
,,0.00001224,6.8
,,0.00001232,6.8
,,0.0000124,6.8
,,0.00001248,6.4
,,0.00001256,6.8
,,0.00001264,6.8
,,0.00001272,6.8
,,0.0000128,6.4
,,0.00001288,6.4
,,0.00001296,6.4
,,0.00001304,6.4
,,0.00001312,6.4
,,0.0000132,6.4
,,0.00001328,6.4
,,0.00001336,6.4
,,0.00001344,6.4
,,0.00001352,6.4
,,0.0000136,6.4
,,0.00001368,6.4
,,0.00001376,6
,,0.00001384,6.4
,,0.00001392,6
,,0.000014,6.4
,,0.00001408,6
,,0.00001416,6.4
,,0.00001424,6
,,0.00001432,6.4
,,0.0000144,6.4
,,0.00001448,6
,,0.00001456,6
,,0.00001464,6
,,0.00001472,6
,,0.0000148,5.6
,,0.00001488,6
,,0.00001496,5.6
,,0.00001504,5.6
,,0.00001512,5.6
,,0.0000152,5.6
,,0.00001528,5.6
,,0.00001536,5.6
,,0.00001544,5.6
,,0.00001552,5.6
,,0.0000156,5.6
,,0.00001568,5.2
,,0.00001576,5.6
,,0.00001584,5.6
,,0.00001592,5.6
,,0.000016,5.6
,,0.00001608,5.2
,,0.00001616,5.2
,,0.00001624,5.2
,,0.00001632,5.2
,,0.0000164,5.2
,,0.00001648,5.2
,,0.00001656,5.2
,,0.00001664,5.2
,,0.00001672,5.2
,,0.0000168,5.2
,,0.00001688,5.2
,,0.00001696,5.2
,,0.00001704,4.8
,,0.00001712,5.2
,,0.0000172,5.2
,,0.00001728,4.8
,,0.00001736,5.2
,,0.00001744,5.2
,,0.00001752,4.8
,,0.0000176,4.8
,,0.00001768,4.8
,,0.00001776,4.8
,,0.00001784,4.8
,,0.00001792,4.8
,,0.000018,4.8
,,0.00001808,4.8
,,0.00001816,4.8
,,0.00001824,4.8
,,0.00001832,4.8
,,0.0000184,4.8
,,0.00001848,4.8
,,0.00001856,4.8
,,0.00001864,4.4
,,0.00001872,4.8
,,0.0000188,4.8
,,0.00001888,4
,,0.00001896,4.8
,,0.00001904,4.8
,,0.00001912,4.8
,,0.0000192,4.8
,,0.00001928,4.4
,,0.00001936,4
,,0.00001944,4.4
,,0.00001952,4.4
,,0.0000196,4
,,0.00001968,4.8
,,0.00001976,4.4
,,0.00001984,4
,,0.00001992,4.4
,,0.00002,4.4
,,0.00002008,4
,,0.00002016,4
,,0.00002024,4
,,0.00002032,4
,,0.0000204,4
,,0.00002048,3.6
,,0.00002056,4
,,0.00002064,4
,,0.00002072,3.6
,,0.0000208,4
,,0.00002088,4
,,0.00002096,4
,,0.00002104,4
,,0.00002112,4
,,0.0000212,3.6
,,0.00002128,4
,,0.00002136,4
,,0.00002144,4
,,0.00002152,3.6
,,0.0000216,3.6
,,0.00002168,3.6
,,0.00002176,3.6
,,0.00002184,3.6
,,0.00002192,4
,,0.000022,4
,,0.00002208,3.2
,,0.00002216,4
,,0.00002224,3.2
,,0.00002232,3.6
,,0.0000224,3.6
,,0.00002248,3.2
,,0.00002256,3.2
,,0.00002264,3.2
,,0.00002272,3.2
,,0.0000228,3.2
,,0.00002288,3.2
,,0.00002296,3.2
,,0.00002304,3.2
,,0.00002312,2.8
,,0.0000232,3.2
,,0.00002328,3.2
,,0.00002336,3.2
,,0.00002344,3.2
,,0.00002352,3.2
,,0.0000236,2.8
,,0.00002368,2.8
,,0.00002376,2.4
,,0.00002384,3.2
,,0.00002392,3.2
,,0.000024,3.2
,,0.00002408,2.8
,,0.00002416,2.8
,,0.00002424,2.8
,,0.00002432,2.4
,,0.0000244,2.4
,,0.00002448,2.8
,,0.00002456,2.8
,,0.00002464,2.8
,,0.00002472,2.4
,,0.0000248,2.4
,,0.00002488,2.8
,,0.00002496,2.4
,,0.00002504,2.4
,,0.00002512,2.4
,,0.0000252,2.4
,,0.00002528,2.4
,,0.00002536,2
,,0.00002544,2
,,0.00002552,2.4
,,0.0000256,2.4
,,0.00002568,2.4
,,0.00002576,2.4
,,0.00002584,2
,,0.00002592,2.4
,,0.000026,2
,,0.00002608,2
,,0.00002616,2.4
,,0.00002624,2
,,0.00002632,2
,,0.0000264,2
,,0.00002648,2
,,0.00002656,1.6
,,0.00002664,2
,,0.00002672,1.6
,,0.0000268,1.6
,,0.00002688,2
,,0.00002696,2
,,0.00002704,2
,,0.00002712,1.6
,,0.0000272,2
,,0.00002728,1.6
,,0.00002736,2
,,0.00002744,1.6
,,0.00002752,1.6
,,0.0000276,1.6
,,0.00002768,1.6
,,0.00002776,1.6
,,0.00002784,1.6
,,0.00002792,1.6
,,0.000028,1.2
,,0.00002808,1.6
,,0.00002816,1.6
,,0.00002824,1.6
,,0.00002832,1.6
,,0.0000284,1.2
,,0.00002848,1.6
,,0.00002856,1.2
,,0.00002864,1.6
,,0.00002872,1.6
,,0.0000288,1.6
,,0.00002888,0.8
,,0.00002896,1.2
,,0.00002904,1.2
,,0.00002912,1.2
,,0.0000292,0.8
,,0.00002928,0.8
,,0.00002936,0.8
,,0.00002944,0.8
,,0.00002952,0.8
,,0.0000296,0.8
,,0.00002968,0.8
,,0.00002976,0.8
,,0.00002984,0.8
,,0.00002992,0.8
,,0.00003,0.8
,,0.00003008,0.8
,,0.00003016,0.8
,,0.00003024,0.8
,,0.00003032,0.4
,,0.0000304,0.8
,,0.00003048,0.8
,,0.00003056,0.8
,,0.00003064,0.8
,,0.00003072,0.8
,,0.0000308,0.8
,,0.00003088,0.4
,,0.00003096,0.4
,,0.00003104,0.8
,,0.00003112,0.4
,,0.0000312,0.8
,,0.00003128,0.4
,,0.00003136,0.4
,,0.00003144,0.4
,,0.00003152,0.4
,,0.0000316,0.4
,,0.00003168,0
,,0.00003176,0
,,0.00003184,0.4
,,0.00003192,0
,,0.000032,0.4
,,0.00003208,0
,,0.00003216,0
,,0.00003224,0
,,0.00003232,0
,,0.0000324,0
,,0.00003248,0
,,0.00003256,0
,,0.00003264,0
,,0.00003272,0
,,0.0000328,0.4
,,0.00003288,0
,,0.00003296,0
,,0.00003304,0
,,0.00003312,-0.4
,,0.0000332,0
,,0.00003328,0
,,0.00003336,0
,,0.00003344,0
,,0.00003352,0
,,0.0000336,-0.4
,,0.00003368,0
,,0.00003376,-0.4
,,0.00003384,-0.4
,,0.00003392,0
,,0.000034,-0.4
,,0.00003408,-0.8
,,0.00003416,-0.8
,,0.00003424,-0.4
,,0.00003432,-0.4
,,0.0000344,-0.4
,,0.00003448,-0.4
,,0.00003456,-0.8
,,0.00003464,-0.4
,,0.00003472,-0.8
,,0.0000348,-0.8
,,0.00003488,-0.8
,,0.00003496,-0.8
,,0.00003504,-0.8
,,0.00003512,-0.8
,,0.0000352,-1.2
,,0.00003528,-0.8
,,0.00003536,-0.8
,,0.00003544,-1.2
,,0.00003552,-0.8
,,0.0000356,-1.2
,,0.00003568,-0.8
,,0.00003576,-0.8
,,0.00003584,-0.8
,,0.00003592,-1.2
,,0.000036,-0.8
,,0.00003608,-1.2
,,0.00003616,-1.6
,,0.00003624,-1.2
,,0.00003632,-1.2
,,0.0000364,-1.2
,,0.00003648,-1.2
,,0.00003656,-1.2
,,0.00003664,-1.2
,,0.00003672,-1.2
,,0.0000368,-1.2
,,0.00003688,-1.2
,,0.00003696,-1.6
,,0.00003704,-1.6
,,0.00003712,-1.6
,,0.0000372,-1.6
,,0.00003728,-1.2
,,0.00003736,-1.6
,,0.00003744,-1.6
,,0.00003752,-1.6
,,0.0000376,-1.6
,,0.00003768,-1.6
,,0.00003776,-1.6
,,0.00003784,-1.6
,,0.00003792,-1.6
,,0.000038,-1.6
,,0.00003808,-1.6
,,0.00003816,-1.6
,,0.00003824,-1.6
,,0.00003832,-1.6
,,0.0000384,-1.6
,,0.00003848,-1.6
,,0.00003856,-1.6
,,0.00003864,-1.6
,,0.00003872,-1.6
,,0.0000388,-1.6
,,0.00003888,-1.6
,,0.00003896,-1.6
,,0.00003904,-2.4
,,0.00003912,-2
,,0.0000392,-2
,,0.00003928,-1.6
,,0.00003936,-1.6
,,0.00003944,-1.6
,,0.00003952,-1.6
,,0.0000396,-2.4
,,0.00003968,-2
,,0.00003976,-2
,,0.00003984,-2.4
,,0.00003992,-2
,,0.00004,-2.4
,,0.00004008,-2
,,0.00004016,-2
,,0.00004024,-2
,,0.00004032,-2.4
,,0.0000404,-2.4
,,0.00004048,-2
,,0.00004056,-2.4
,,0.00004064,-2.4
,,0.00004072,-2.4
,,0.0000408,-2.4
,,0.00004088,-2
,,0.00004096,-2.4
,,0.00004104,-2.4
,,0.00004112,-2.4
,,0.0000412,-2.4
,,0.00004128,-2.4
,,0.00004136,-2.4
,,0.00004144,-2.8
,,0.00004152,-2.4
,,0.0000416,-2.4
,,0.00004168,-2.4
,,0.00004176,-2.8
,,0.00004184,-2.4
,,0.00004192,-2.4
,,0.000042,-2.4
,,0.00004208,-2.8
,,0.00004216,-2.8
,,0.00004224,-2.4
,,0.00004232,-2.8
,,0.0000424,-2.8
,,0.00004248,-2.4
,,0.00004256,-2.8
,,0.00004264,-2.8
,,0.00004272,-2.8
,,0.0000428,-3.2
,,0.00004288,-2.8
,,0.00004296,-2.8
,,0.00004304,-2.8
,,0.00004312,-2.8
,,0.0000432,-3.2
,,0.00004328,-2.8
,,0.00004336,-2.8
,,0.00004344,-3.2
,,0.00004352,-2.8
,,0.0000436,-3.2
,,0.00004368,-3.2
,,0.00004376,-3.2
,,0.00004384,-2.8
,,0.00004392,-3.2
,,0.000044,-3.2
,,0.00004408,-3.2
,,0.00004416,-3.2
,,0.00004424,-3.2
,,0.00004432,-3.2
,,0.0000444,-3.2
,,0.00004448,-3.2
,,0.00004456,-3.2
,,0.00004464,-3.2
,,0.00004472,-3.2
,,0.0000448,-3.6
,,0.00004488,-3.2
,,0.00004496,-4
,,0.00004504,-3.2
,,0.00004512,-3.2
,,0.0000452,-3.6
,,0.00004528,-3.6
,,0.00004536,-3.2
,,0.00004544,-3.6
,,0.00004552,-3.2
,,0.0000456,-3.6
,,0.00004568,-4
,,0.00004576,-3.2
,,0.00004584,-3.2
,,0.00004592,-4
,,0.000046,-4
,,0.00004608,-4
,,0.00004616,-3.6
,,0.00004624,-3.6
,,0.00004632,-4
,,0.0000464,-3.6
,,0.00004648,-3.6
,,0.00004656,-4
,,0.00004664,-4
,,0.00004672,-4
,,0.0000468,-4
,,0.00004688,-4
,,0.00004696,-4
,,0.00004704,-4
,,0.00004712,-4
,,0.0000472,-4
,,0.00004728,-4.4
,,0.00004736,-4
,,0.00004744,-4
,,0.00004752,-4
,,0.0000476,-4.4
,,0.00004768,-4.4
,,0.00004776,-4
,,0.00004784,-4
,,0.00004792,-4
,,0.000048,-4
,,0.00004808,-4
,,0.00004816,-4.4
,,0.00004824,-4.4
,,0.00004832,-4.4
,,0.0000484,-4.4
,,0.00004848,-4.4
,,0.00004856,-4.4
,,0.00004864,-4.4
,,0.00004872,-4.4
,,0.0000488,-4.4
,,0.00004888,-4.4
,,0.00004896,-4
,,0.00004904,-4.4
,,0.00004912,-4.4
,,0.0000492,-4.4
,,0.00004928,-4.8
,,0.00004936,-4.4
,,0.00004944,-4.4
,,0.00004952,-4.4
,,0.0000496,-4.4
,,0.00004968,-4.4
,,0.00004976,-4.4
,,0.00004984,-4.8
,,0.00004992,-4.4
,,0.00005,-4.8
,,0.00005008,-4.8
,,0.00005016,-4.4
,,0.00005024,-4.8
,,0.00005032,-4.8
,,0.0000504,-4.4
,,0.00005048,-4.8
,,0.00005056,-4.8
,,0.00005064,-4.8
,,0.00005072,-4.4
,,0.0000508,-4.8
,,0.00005088,-4.8
,,0.00005096,-4.8
,,0.00005104,-4.8
,,0.00005112,-4.8
,,0.0000512,-4.8
,,0.00005128,-4.8
,,0.00005136,-4.8
,,0.00005144,-4.8
,,0.00005152,-4.8
,,0.0000516,-4.8
,,0.00005168,-4.8
,,0.00005176,-4.8
,,0.00005184,-5.2
,,0.00005192,-4.8
,,0.000052,-4.8
,,0.00005208,-4.8
,,0.00005216,-5.2
,,0.00005224,-4.8
,,0.00005232,-4.8
,,0.0000524,-5.2
,,0.00005248,-4.8
,,0.00005256,-5.2
,,0.00005264,-5.2
,,0.00005272,-5.2
,,0.0000528,-5.2
,,0.00005288,-5.6
,,0.00005296,-5.2
,,0.00005304,-5.6
,,0.00005312,-5.2
,,0.0000532,-5.6
,,0.00005328,-4.8
,,0.00005336,-5.2
,,0.00005344,-5.6
,,0.00005352,-5.2
,,0.0000536,-5.2
,,0.00005368,-5.2
,,0.00005376,-5.2
,,0.00005384,-5.6
,,0.00005392,-5.6
,,0.000054,-5.6
,,0.00005408,-5.6
,,0.00005416,-5.6
,,0.00005424,-5.6
,,0.00005432,-5.6
,,0.0000544,-5.6
,,0.00005448,-5.6
,,0.00005456,-5.6
,,0.00005464,-5.6
,,0.00005472,-5.6
,,0.0000548,-5.6
,,0.00005488,-5.6
,,0.00005496,-5.6
,,0.00005504,-5.6
,,0.00005512,-5.6
,,0.0000552,-6
,,0.00005528,-5.6
,,0.00005536,-5.6
,,0.00005544,-5.6
,,0.00005552,-5.6
,,0.0000556,-5.6
,,0.00005568,-6
,,0.00005576,-5.6
,,0.00005584,-5.6
,,0.00005592,-5.6
,,0.000056,-5.6
,,0.00005608,-6
,,0.00005616,-5.6
,,0.00005624,-5.6
,,0.00005632,-5.6
,,0.0000564,-6
,,0.00005648,-5.6
,,0.00005656,-5.6
,,0.00005664,-6
,,0.00005672,-6
,,0.0000568,-5.6
,,0.00005688,-6
,,0.00005696,-6
,,0.00005704,-5.6
,,0.00005712,-6
,,0.0000572,-6
,,0.00005728,-6
,,0.00005736,-5.6
,,0.00005744,-6.4
,,0.00005752,-6
,,0.0000576,-6.4
,,0.00005768,-6
,,0.00005776,-6
,,0.00005784,-6.4
,,0.00005792,-6
,,0.000058,-6
,,0.00005808,-6
,,0.00005816,-5.6
,,0.00005824,-6.4
,,0.00005832,-6
,,0.0000584,-6
,,0.00005848,-6
,,0.00005856,-6
,,0.00005864,-6.4
,,0.00005872,-6
,,0.0000588,-6.4
,,0.00005888,-6.4
,,0.00005896,-6
,,0.00005904,-6.4
,,0.00005912,-6.4
,,0.0000592,-6.4
,,0.00005928,-6
,,0.00005936,-6.4
,,0.00005944,-6.4
,,0.00005952,-6.4
,,0.0000596,-6.4
,,0.00005968,-6
,,0.00005976,-6.4
,,0.00005984,-6.4
,,0.00005992,-6.4
,,0.00006,-6.4
,,0.00006008,-6.4
,,0.00006016,-6.4
,,0.00006024,-6.4
,,0.00006032,-6.4
,,0.0000604,-6.4
,,0.00006048,-6.4
,,0.00006056,-6.4
,,0.00006064,-6.4
,,0.00006072,-6.4
,,0.0000608,-6.4
,,0.00006088,-6.4
,,0.00006096,-6.4
,,0.00006104,-6.4
,,0.00006112,-6.4
,,0.0000612,-6.4
,,0.00006128,-6.4
,,0.00006136,-6.4
,,0.00006144,-6.4
,,0.00006152,-6.4
,,0.0000616,-6.4
,,0.00006168,-6.4
,,0.00006176,-6.4
,,0.00006184,-6.4
,,0.00006192,-6.4
,,0.000062,-6.4
,,0.00006208,-6.4
,,0.00006216,-6.4
,,0.00006224,-6.8
,,0.00006232,-6.4
,,0.0000624,-6.8
,,0.00006248,-6.4
,,0.00006256,-6.4
,,0.00006264,-6.4
,,0.00006272,-6.4
,,0.0000628,-6.4
,,0.00006288,-6.4
,,0.00006296,-6.4
,,0.00006304,-6.8
,,0.00006312,-6.4
,,0.0000632,-6.4
,,0.00006328,-6.4
,,0.00006336,-6.8
,,0.00006344,-7.2
,,0.00006352,-6.8
,,0.0000636,-6.8
,,0.00006368,-6.8
,,0.00006376,-6.8
,,0.00006384,-6.4
,,0.00006392,-6.4
,,0.000064,-7.2
,,0.00006408,-6.8
,,0.00006416,-6.4
,,0.00006424,-7.2
,,0.00006432,-6.4
,,0.0000644,-6.4
,,0.00006448,-6.4
,,0.00006456,-6.8
,,0.00006464,-7.2
,,0.00006472,-6.4
,,0.0000648,-6.8
,,0.00006488,-7.2
,,0.00006496,-6.8
,,0.00006504,-6.8
,,0.00006512,-6.8
,,0.0000652,-6.8
,,0.00006528,-7.2
,,0.00006536,-7.2
,,0.00006544,-7.2
,,0.00006552,-7.2
,,0.0000656,-7.2
,,0.00006568,-7.2
,,0.00006576,-6.8
,,0.00006584,-7.2
,,0.00006592,-7.2
,,0.000066,-6.4
,,0.00006608,-6.4
,,0.00006616,-7.2
,,0.00006624,-7.2
,,0.00006632,-7.2
,,0.0000664,-7.2
,,0.00006648,-6.4
,,0.00006656,-7.2
,,0.00006664,-7.2
,,0.00006672,-6.8
,,0.0000668,-6.8
,,0.00006688,-7.2
,,0.00006696,-7.2
,,0.00006704,-7.2
,,0.00006712,-6.8
,,0.0000672,-7.2
,,0.00006728,-7.2
,,0.00006736,-6.8
,,0.00006744,-7.2
,,0.00006752,-7.2
,,0.0000676,-7.2
,,0.00006768,-7.2
,,0.00006776,-7.2
,,0.00006784,-7.2
,,0.00006792,-7.2
,,0.000068,-7.2
,,0.00006808,-7.2
,,0.00006816,-7.2
,,0.00006824,-7.2
,,0.00006832,-7.2
,,0.0000684,-6.8
,,0.00006848,-7.2
,,0.00006856,-7.6
,,0.00006864,-7.2
,,0.00006872,-7.2
,,0.0000688,-7.2
,,0.00006888,-7.2
,,0.00006896,-7.2
,,0.00006904,-7.2
,,0.00006912,-7.2
,,0.0000692,-7.2
,,0.00006928,-7.6
,,0.00006936,-7.6
,,0.00006944,-7.2
,,0.00006952,-7.2
,,0.0000696,-7.2
,,0.00006968,-7.2
,,0.00006976,-7.2
,,0.00006984,-7.2
,,0.00006992,-7.2
,,0.00007,-7.2
,,0.00007008,-7.2
,,0.00007016,-6.8
,,0.00007024,-7.2
,,0.00007032,-7.2
,,0.0000704,-7.2
,,0.00007048,-7.2
,,0.00007056,-7.6
,,0.00007064,-7.2
,,0.00007072,-7.2
,,0.0000708,-7.2
,,0.00007088,-7.2
,,0.00007096,-7.2
,,0.00007104,-7.6
,,0.00007112,-7.2
,,0.0000712,-7.6
,,0.00007128,-7.2
,,0.00007136,-7.6
,,0.00007144,-7.6
,,0.00007152,-7.2
,,0.0000716,-7.6
,,0.00007168,-7.6
,,0.00007176,-7.6
,,0.00007184,-7.6
,,0.00007192,-7.6
,,0.000072,-7.6
,,0.00007208,-7.6
,,0.00007216,-7.2
,,0.00007224,-7.6
,,0.00007232,-7.6
,,0.0000724,-7.6
,,0.00007248,-7.2
,,0.00007256,-7.6
,,0.00007264,-7.6
,,0.00007272,-7.6
,,0.0000728,-7.6
,,0.00007288,-7.2
,,0.00007296,-7.6
,,0.00007304,-7.6
,,0.00007312,-7.6
,,0.0000732,-7.6
,,0.00007328,-7.6
,,0.00007336,-7.6
,,0.00007344,-7.2
,,0.00007352,-7.2
,,0.0000736,-7.6
,,0.00007368,-7.6
,,0.00007376,-7.6
,,0.00007384,-7.2
,,0.00007392,-7.6
,,0.000074,-7.6
,,0.00007408,-7.6
,,0.00007416,-7.2
,,0.00007424,-7.6
,,0.00007432,-7.6
,,0.0000744,-7.2
,,0.00007448,-7.6
,,0.00007456,-7.6
,,0.00007464,-7.6
,,0.00007472,-7.6
,,0.0000748,-8
,,0.00007488,-7.6
,,0.00007496,-7.6
,,0.00007504,-7.6
,,0.00007512,-7.6
,,0.0000752,-7.6
,,0.00007528,-7.6
,,0.00007536,-7.6
,,0.00007544,-7.6
,,0.00007552,-7.6
,,0.0000756,-7.6
,,0.00007568,-7.6
,,0.00007576,-7.6
,,0.00007584,-7.6
,,0.00007592,-7.6
,,0.000076,-7.6
,,0.00007608,-7.6
,,0.00007616,-7.2
,,0.00007624,-7.6
,,0.00007632,-7.6
,,0.0000764,-7.6
,,0.00007648,-7.2
,,0.00007656,-7.6
,,0.00007664,-7.6
,,0.00007672,-7.6
,,0.0000768,-7.6
,,0.00007688,-8
,,0.00007696,-7.6
,,0.00007704,-7.6
,,0.00007712,-7.6
,,0.0000772,-8
,,0.00007728,-7.6
,,0.00007736,-7.6
,,0.00007744,-8
,,0.00007752,-7.6
,,0.0000776,-7.6
,,0.00007768,-7.6
,,0.00007776,-7.6
,,0.00007784,-7.6
,,0.00007792,-7.6
,,0.000078,-7.6
,,0.00007808,-7.6
,,0.00007816,-7.6
,,0.00007824,-8
,,0.00007832,-8
,,0.0000784,-7.6
,,0.00007848,-7.6
,,0.00007856,-8
,,0.00007864,-7.6
,,0.00007872,-7.6
,,0.0000788,-7.6
,,0.00007888,-7.6
,,0.00007896,-8
,,0.00007904,-8
,,0.00007912,-7.6
,,0.0000792,-7.6
,,0.00007928,-7.6
,,0.00007936,-7.6
,,0.00007944,-8
,,0.00007952,-8
,,0.0000796,-8
,,0.00007968,-7.6
,,0.00007976,-7.6
,,0.00007984,-7.6
,,0.00007992,-7.6
,,0.00008,-7.6
,,0.00008008,-7.6
,,0.00008016,-7.6
,,0.00008024,-7.6
,,0.00008032,-7.6
,,0.0000804,-7.6
,,0.00008048,-7.6
,,0.00008056,-7.6
,,0.00008064,-7.6
,,0.00008072,-7.6
,,0.0000808,-7.6
,,0.00008088,-7.6
,,0.00008096,-7.6
,,0.00008104,-7.6
,,0.00008112,-7.6
,,0.0000812,-8
,,0.00008128,-8
,,0.00008136,-8
,,0.00008144,-8
,,0.00008152,-7.6
,,0.0000816,-8
,,0.00008168,-7.6
,,0.00008176,-7.6
,,0.00008184,-8
,,0.00008192,-8
,,0.000082,-8
,,0.00008208,-7.6
,,0.00008216,-8
,,0.00008224,-7.6
,,0.00008232,-7.6
,,0.0000824,-7.6
,,0.00008248,-8
,,0.00008256,-7.6
,,0.00008264,-7.6
,,0.00008272,-7.6
,,0.0000828,-7.6
,,0.00008288,-7.6
,,0.00008296,-7.6
,,0.00008304,-8
,,0.00008312,-8
,,0.0000832,-8
,,0.00008328,-7.6
,,0.00008336,-7.6
,,0.00008344,-7.6
,,0.00008352,-7.6
,,0.0000836,-8
,,0.00008368,-7.6
,,0.00008376,-7.6
,,0.00008384,-7.6
,,0.00008392,-7.6
,,0.000084,-7.6
,,0.00008408,-8
,,0.00008416,-8
,,0.00008424,-7.6
,,0.00008432,-7.6
,,0.0000844,-8
,,0.00008448,-7.6
,,0.00008456,-7.6
,,0.00008464,-7.6
,,0.00008472,-7.6
,,0.0000848,-7.6
,,0.00008488,-7.6
,,0.00008496,-7.6
,,0.00008504,-7.6
,,0.00008512,-7.6
,,0.0000852,-7.6
,,0.00008528,-7.6
,,0.00008536,-8
,,0.00008544,-8
,,0.00008552,-7.6
,,0.0000856,-7.6
,,0.00008568,-8
,,0.00008576,-7.6
,,0.00008584,-7.6
,,0.00008592,-8
,,0.000086,-7.6
,,0.00008608,-7.6
,,0.00008616,-7.6
,,0.00008624,-8
,,0.00008632,-7.6
,,0.0000864,-8
,,0.00008648,-7.6
,,0.00008656,-7.6
,,0.00008664,-7.6
,,0.00008672,-8
,,0.0000868,-7.6
,,0.00008688,-8
,,0.00008696,-7.6
,,0.00008704,-7.6
,,0.00008712,-8
,,0.0000872,-7.6
,,0.00008728,-8
,,0.00008736,-8
,,0.00008744,-8
,,0.00008752,-7.6
,,0.0000876,-7.6
,,0.00008768,-8
,,0.00008776,-8
,,0.00008784,-7.6
,,0.00008792,-7.6
,,0.000088,-7.2
,,0.00008808,-8
,,0.00008816,-7.6
,,0.00008824,-8
,,0.00008832,-8
,,0.0000884,-7.6
,,0.00008848,-7.6
,,0.00008856,-7.6
,,0.00008864,-7.6
,,0.00008872,-7.6
,,0.0000888,-7.6
,,0.00008888,-7.6
,,0.00008896,-8
,,0.00008904,-7.6
,,0.00008912,-8
,,0.0000892,-8
,,0.00008928,-7.6
,,0.00008936,-8
,,0.00008944,-8
,,0.00008952,-7.6
,,0.0000896,-7.6
,,0.00008968,-8
,,0.00008976,-7.2
,,0.00008984,-7.6
,,0.00008992,-7.6
,,0.00009,-7.6
,,0.00009008,-8
,,0.00009016,-7.6
,,0.00009024,-7.6
,,0.00009032,-7.6
,,0.0000904,-8
,,0.00009048,-7.6
,,0.00009056,-7.6
,,0.00009064,-7.6
,,0.00009072,-7.6
,,0.0000908,-7.6
,,0.00009088,-7.6
,,0.00009096,-7.6
,,0.00009104,-7.6
,,0.00009112,-7.6
,,0.0000912,-7.6
,,0.00009128,-7.6
,,0.00009136,-7.6
,,0.00009144,-7.6
,,0.00009152,-7.6
,,0.0000916,-7.6
,,0.00009168,-7.6
,,0.00009176,-7.2
,,0.00009184,-7.6
,,0.00009192,-7.6
,,0.000092,-8
,,0.00009208,-8
,,0.00009216,-7.6
,,0.00009224,-7.6
,,0.00009232,-7.6
,,0.0000924,-7.6
,,0.00009248,-7.6
,,0.00009256,-7.6
,,0.00009264,-7.6
,,0.00009272,-7.6
,,0.0000928,-7.6
,,0.00009288,-7.6
,,0.00009296,-7.6
,,0.00009304,-7.6
,,0.00009312,-7.6
,,0.0000932,-7.6
,,0.00009328,-7.6
,,0.00009336,-7.6
,,0.00009344,-7.6
,,0.00009352,-7.6
,,0.0000936,-7.6
,,0.00009368,-7.6
,,0.00009376,-7.6
,,0.00009384,-7.6
,,0.00009392,-7.6
,,0.000094,-7.6
,,0.00009408,-7.6
,,0.00009416,-7.6
,,0.00009424,-7.6
,,0.00009432,-7.6
,,0.0000944,-7.6
,,0.00009448,-7.6
,,0.00009456,-7.6
,,0.00009464,-7.6
,,0.00009472,-7.2
,,0.0000948,-7.6
,,0.00009488,-7.6
,,0.00009496,-7.2
,,0.00009504,-7.6
,,0.00009512,-7.2
,,0.0000952,-7.6
,,0.00009528,-7.6
,,0.00009536,-7.6
,,0.00009544,-7.6
,,0.00009552,-7.6
,,0.0000956,-7.6
,,0.00009568,-7.6
,,0.00009576,-7.2
,,0.00009584,-7.6
,,0.00009592,-7.6
,,0.000096,-7.2
,,0.00009608,-7.6
,,0.00009616,-7.6
,,0.00009624,-7.6
,,0.00009632,-7.6
,,0.0000964,-7.6
,,0.00009648,-7.6
,,0.00009656,-7.2
,,0.00009664,-7.6
,,0.00009672,-7.6
,,0.0000968,-7.6
,,0.00009688,-7.6
,,0.00009696,-7.6
,,0.00009704,-7.6
,,0.00009712,-7.6
,,0.0000972,-7.6
,,0.00009728,-7.6
,,0.00009736,-7.6
,,0.00009744,-7.6
,,0.00009752,-7.6
,,0.0000976,-7.6
,,0.00009768,-7.2
,,0.00009776,-7.2
,,0.00009784,-7.6
,,0.00009792,-7.2
,,0.000098,-7.2
,,0.00009808,-7.6
,,0.00009816,-7.6
,,0.00009824,-7.6
,,0.00009832,-7.6
,,0.0000984,-7.6
,,0.00009848,-7.6
,,0.00009856,-7.2
,,0.00009864,-7.6
,,0.00009872,-7.6
,,0.0000988,-7.2
,,0.00009888,-7.2
,,0.00009896,-7.6
,,0.00009904,-7.6
,,0.00009912,-7.6
,,0.0000992,-7.2
,,0.00009928,-7.2
,,0.00009936,-7.2
,,0.00009944,-7.6
,,0.00009952,-7.2
,,0.0000996,-7.2
,,0.00009968,-7.6
,,0.00009976,-7.2
,,0.00009984,-7.2
,,0.00009992,-7.2
,,0.0001,-7.2
,,0.00010008,-7.2
,,0.00010016,-7.2
,,0.00010024,-7.2
,,0.00010032,-7.2
,,0.0001004,-7.2
,,0.00010048,-7.2
,,0.00010056,-7.6
,,0.00010064,-7.6
,,0.00010072,-7.2
,,0.0001008,-7.2
,,0.00010088,-7.6
,,0.00010096,-7.2
,,0.00010104,-7.2
,,0.00010112,-7.2
,,0.0001012,-7.2
,,0.00010128,-7.2
,,0.00010136,-7.2
,,0.00010144,-7.6
,,0.00010152,-7.2
,,0.0001016,-7.2
,,0.00010168,-7.2
,,0.00010176,-7.2
,,0.00010184,-6.8
,,0.00010192,-7.6
,,0.000102,-7.2
,,0.00010208,-7.2
,,0.00010216,-7.2
,,0.00010224,-7.6
,,0.00010232,-7.2
,,0.0001024,-7.2
,,0.00010248,-7.6
,,0.00010256,-7.2
,,0.00010264,-7.2
,,0.00010272,-7.2
,,0.0001028,-7.2
,,0.00010288,-7.2
,,0.00010296,-7.2
,,0.00010304,-7.2
,,0.00010312,-7.2
,,0.0001032,-7.2
,,0.00010328,-7.2
,,0.00010336,-7.2
,,0.00010344,-7.2
,,0.00010352,-7.2
,,0.0001036,-7.2
,,0.00010368,-7.2
,,0.00010376,-7.2
,,0.00010384,-7.2
,,0.00010392,-7.2
,,0.000104,-7.2
,,0.00010408,-7.2
,,0.00010416,-7.2
,,0.00010424,-7.2
,,0.00010432,-7.2
,,0.0001044,-7.2
,,0.00010448,-7.2
,,0.00010456,-7.2
,,0.00010464,-7.2
,,0.00010472,-7.2
,,0.0001048,-7.2
,,0.00010488,-7.2
,,0.00010496,-7.2
,,0.00010504,-7.6
,,0.00010512,-7.2
,,0.0001052,-7.2
,,0.00010528,-7.2
,,0.00010536,-6.8
,,0.00010544,-7.2
,,0.00010552,-7.2
,,0.0001056,-6.8
,,0.00010568,-6.8
,,0.00010576,-7.2
,,0.00010584,-6.8
,,0.00010592,-7.2
,,0.000106,-7.2
,,0.00010608,-6.8
,,0.00010616,-6.8
,,0.00010624,-7.6
,,0.00010632,-6.8
,,0.0001064,-7.2
,,0.00010648,-7.2
,,0.00010656,-6.8
,,0.00010664,-7.2
,,0.00010672,-7.2
,,0.0001068,-7.2
,,0.00010688,-7.2
,,0.00010696,-7.2
,,0.00010704,-6.8
,,0.00010712,-7.2
,,0.0001072,-7.2
,,0.00010728,-7.2
,,0.00010736,-7.2
,,0.00010744,-7.2
,,0.00010752,-6.8
,,0.0001076,-6.8
,,0.00010768,-7.2
,,0.00010776,-7.2
,,0.00010784,-6.4
,,0.00010792,-7.2
,,0.000108,-7.2
,,0.00010808,-6.8
,,0.00010816,-7.2
,,0.00010824,-7.2
,,0.00010832,-6.8
,,0.0001084,-7.2
,,0.00010848,-6.8
,,0.00010856,-7.2
,,0.00010864,-7.2
,,0.00010872,-6.8
,,0.0001088,-7.2
,,0.00010888,-6.8
,,0.00010896,-7.2
,,0.00010904,-6.4
,,0.00010912,-6.8
,,0.0001092,-6.4
,,0.00010928,-6.8
,,0.00010936,-6.8
,,0.00010944,-7.2
,,0.00010952,-6.4
,,0.0001096,-6.8
,,0.00010968,-7.2
,,0.00010976,-6.4
,,0.00010984,-6.8
,,0.00010992,-7.2
,,0.00011,-6.8
,,0.00011008,-6.8
,,0.00011016,-6.8
,,0.00011024,-6.8
,,0.00011032,-6.8
,,0.0001104,-6.8
,,0.00011048,-7.2
,,0.00011056,-7.2
,,0.00011064,-6.8
,,0.00011072,-6.8
,,0.0001108,-6.8
,,0.00011088,-6.8
,,0.00011096,-6.4
,,0.00011104,-6.4
,,0.00011112,-6.4
,,0.0001112,-6.8
,,0.00011128,-6.8
,,0.00011136,-6.8
,,0.00011144,-6.4
,,0.00011152,-6.4
,,0.0001116,-6.4
,,0.00011168,-6.8
,,0.00011176,-6.4
,,0.00011184,-6.4
,,0.00011192,-6.4
,,0.000112,-6.4
,,0.00011208,-6.8
,,0.00011216,-7.2
,,0.00011224,-6.4
,,0.00011232,-6.4
,,0.0001124,-6.4
,,0.00011248,-6.8
,,0.00011256,-6.4
,,0.00011264,-6.4
,,0.00011272,-6.4
,,0.0001128,-6.8
,,0.00011288,-6.8
,,0.00011296,-6.8
,,0.00011304,-6.4
,,0.00011312,-7.2
,,0.0001132,-6.4
,,0.00011328,-6.4
,,0.00011336,-6.4
,,0.00011344,-6.4
,,0.00011352,-6.4
,,0.0001136,-6.4
,,0.00011368,-6.8
,,0.00011376,-6.4
,,0.00011384,-6.8
,,0.00011392,-6.4
,,0.000114,-6.4
,,0.00011408,-6.8
,,0.00011416,-6.4
,,0.00011424,-6.4
,,0.00011432,-6.4
,,0.0001144,-6.4
,,0.00011448,-6.4
,,0.00011456,-6.4
,,0.00011464,-6.4
,,0.00011472,-6.4
,,0.0001148,-6.4
,,0.00011488,-6.8
,,0.00011496,-6.8
,,0.00011504,-6.8
,,0.00011512,-6.4
,,0.0001152,-6.4
,,0.00011528,-6.4
,,0.00011536,-6.4
,,0.00011544,-6.4
,,0.00011552,-6.4
,,0.0001156,-6.8
,,0.00011568,-6.4
,,0.00011576,-6.4
,,0.00011584,-6.4
,,0.00011592,-6.4
,,0.000116,-6.4
,,0.00011608,-6.4
,,0.00011616,-6.4
,,0.00011624,-6.4
,,0.00011632,-6.4
,,0.0001164,-6.4
,,0.00011648,-6.4
,,0.00011656,-6.4
,,0.00011664,-6.4
,,0.00011672,-6.8
,,0.0001168,-6.4
,,0.00011688,-6.4
,,0.00011696,-6.4
,,0.00011704,-6.4
,,0.00011712,-6.4
,,0.0001172,-6.4
,,0.00011728,-6.4
,,0.00011736,-6.4
,,0.00011744,-6.4
,,0.00011752,-6.4
,,0.0001176,-6.4
,,0.00011768,-6.4
,,0.00011776,-6.4
,,0.00011784,-6.4
,,0.00011792,-6.4
,,0.000118,-6.4
,,0.00011808,-6.4
,,0.00011816,-6.4
,,0.00011824,-6.4
,,0.00011832,-6.4
,,0.0001184,-6.4
,,0.00011848,-6.4
,,0.00011856,-6.4
,,0.00011864,-6.4
,,0.00011872,-6.4
,,0.0001188,-6.4
,,0.00011888,-6.4
,,0.00011896,-6.4
,,0.00011904,-6
,,0.00011912,-5.6
,,0.0001192,-6.4
,,0.00011928,-6
,,0.00011936,-6.4
,,0.00011944,-6.4
,,0.00011952,-6.4
,,0.0001196,-6
,,0.00011968,-6.4
,,0.00011976,-6.4
,,0.00011984,-6.4
,,0.00011992,-6
,,0.00012,-6.4
,,0.00012008,-6.4
,,0.00012016,-6.4
,,0.00012024,-6.4
,,0.00012032,-6
,,0.0001204,-6.4
,,0.00012048,-6.4
,,0.00012056,-6
,,0.00012064,-6.4
,,0.00012072,-6.4
,,0.0001208,-6.4
,,0.00012088,-6.4
,,0.00012096,-6.4
,,0.00012104,-6.4
,,0.00012112,-6.4
,,0.0001212,-6
,,0.00012128,-6.4
,,0.00012136,-6.4
,,0.00012144,-6.4
,,0.00012152,-6
,,0.0001216,-6.4
,,0.00012168,-6
,,0.00012176,-6
,,0.00012184,-6
,,0.00012192,-6.4
,,0.000122,-6.4
,,0.00012208,-6.4
,,0.00012216,-6.4
,,0.00012224,-6
,,0.00012232,-6.4
,,0.0001224,-6.4
,,0.00012248,-6
,,0.00012256,-6
,,0.00012264,-6.4
,,0.00012272,-6
,,0.0001228,-6
,,0.00012288,-6.4
,,0.00012296,-6
,,0.00012304,-6
,,0.00012312,-5.6
,,0.0001232,-6.4
,,0.00012328,-6
,,0.00012336,-6
,,0.00012344,-6
,,0.00012352,-6
,,0.0001236,-6
,,0.00012368,-5.6
,,0.00012376,-6.4
,,0.00012384,-6
,,0.00012392,-6
,,0.000124,-6
,,0.00012408,-6.4
,,0.00012416,-6
,,0.00012424,-6
,,0.00012432,-6
,,0.0001244,-6
,,0.00012448,-6
,,0.00012456,-6
,,0.00012464,-6
,,0.00012472,-6
,,0.0001248,-6
,,0.00012488,-6
,,0.00012496,-6
,,0.00012504,-6
,,0.00012512,-6
,,0.0001252,-6
,,0.00012528,-6.4
,,0.00012536,-6
,,0.00012544,-6
,,0.00012552,-6
,,0.0001256,-5.6
,,0.00012568,-5.6
,,0.00012576,-6
,,0.00012584,-6
,,0.00012592,-5.6
,,0.000126,-6
,,0.00012608,-6
,,0.00012616,-6
,,0.00012624,-5.6
,,0.00012632,-6
,,0.0001264,-6
,,0.00012648,-6
,,0.00012656,-6
,,0.00012664,-6
,,0.00012672,-6
,,0.0001268,-6
,,0.00012688,-6
,,0.00012696,-5.6
,,0.00012704,-6
,,0.00012712,-5.6
,,0.0001272,-5.6
,,0.00012728,-6
,,0.00012736,-6
,,0.00012744,-6
,,0.00012752,-5.6
,,0.0001276,-6
,,0.00012768,-6
,,0.00012776,-5.6
,,0.00012784,-6
,,0.00012792,-5.6
,,0.000128,-5.6
,,0.00012808,-6
,,0.00012816,-6
,,0.00012824,-6
,,0.00012832,-6
,,0.0001284,-5.6
,,0.00012848,-5.6
,,0.00012856,-5.6
,,0.00012864,-5.6
,,0.00012872,-5.6
,,0.0001288,-6
,,0.00012888,-5.6
,,0.00012896,-6
,,0.00012904,-5.6
,,0.00012912,-6
,,0.0001292,-6
,,0.00012928,-5.6
,,0.00012936,-6
,,0.00012944,-6
,,0.00012952,-6
,,0.0001296,-6
,,0.00012968,-5.6
,,0.00012976,-5.6
,,0.00012984,-5.6
,,0.00012992,-5.6
,,0.00013,-6
,,0.00013008,-5.6
,,0.00013016,-5.6
,,0.00013024,-5.6
,,0.00013032,-5.6
,,0.0001304,-5.6
,,0.00013048,-5.6
,,0.00013056,-5.6
,,0.00013064,-5.6
,,0.00013072,-5.6
,,0.0001308,-5.6
,,0.00013088,-5.6
,,0.00013096,-5.6
,,0.00013104,-5.6
,,0.00013112,-5.6
,,0.0001312,-5.6
,,0.00013128,-5.2
,,0.00013136,-5.6
,,0.00013144,-6
,,0.00013152,-5.6
,,0.0001316,-5.6
,,0.00013168,-5.6
,,0.00013176,-5.6
,,0.00013184,-5.6
,,0.00013192,-5.6
,,0.000132,-5.6
,,0.00013208,-5.6
,,0.00013216,-5.6
,,0.00013224,-5.6
,,0.00013232,-5.6
,,0.0001324,-5.6
,,0.00013248,-5.6
,,0.00013256,-5.6
,,0.00013264,-6
,,0.00013272,-5.6
,,0.0001328,-5.6
,,0.00013288,-5.6
,,0.00013296,-6
,,0.00013304,-5.6
,,0.00013312,-5.6
,,0.0001332,-5.2
,,0.00013328,-5.6
,,0.00013336,-5.6
,,0.00013344,-5.6
,,0.00013352,-5.6
,,0.0001336,-5.6
,,0.00013368,-5.6
,,0.00013376,-5.6
,,0.00013384,-5.6
,,0.00013392,-5.6
,,0.000134,-5.6
,,0.00013408,-5.6
,,0.00013416,-5.2
,,0.00013424,-5.6
,,0.00013432,-5.6
,,0.0001344,-5.2
,,0.00013448,-5.2
,,0.00013456,-5.2
,,0.00013464,-5.2
,,0.00013472,-5.6
,,0.0001348,-5.6
,,0.00013488,-5.2
,,0.00013496,-5.6
,,0.00013504,-5.6
,,0.00013512,-5.6
,,0.0001352,-5.2
,,0.00013528,-4.8
,,0.00013536,-5.6
,,0.00013544,-5.2
,,0.00013552,-5.6
,,0.0001356,-5.6
,,0.00013568,-5.6
,,0.00013576,-5.6
,,0.00013584,-5.6
,,0.00013592,-5.2
,,0.000136,-5.6
,,0.00013608,-5.2
,,0.00013616,-5.6
,,0.00013624,-5.6
,,0.00013632,-5.6
,,0.0001364,-5.6
,,0.00013648,-5.2
,,0.00013656,-5.2
,,0.00013664,-5.6
,,0.00013672,-5.2
,,0.0001368,-5.2
,,0.00013688,-5.2
,,0.00013696,-5.2
,,0.00013704,-4.8
,,0.00013712,-5.2
,,0.0001372,-5.6
,,0.00013728,-5.2
,,0.00013736,-5.2
,,0.00013744,-5.2
,,0.00013752,-5.6
,,0.0001376,-5.2
,,0.00013768,-4.8
,,0.00013776,-5.2
,,0.00013784,-5.2
,,0.00013792,-4.8
,,0.000138,-5.2
,,0.00013808,-4.8
,,0.00013816,-4.8
,,0.00013824,-5.2
,,0.00013832,-5.6
,,0.0001384,-5.6
,,0.00013848,-5.2
,,0.00013856,-5.2
,,0.00013864,-5.2
,,0.00013872,-4.8
,,0.0001388,-5.2
,,0.00013888,-4.8
,,0.00013896,-5.2
,,0.00013904,-4.8
,,0.00013912,-4.8
,,0.0001392,-5.2
,,0.00013928,-5.2
,,0.00013936,-4.8
,,0.00013944,-5.6
,,0.00013952,-5.2
,,0.0001396,-4.8
,,0.00013968,-5.2
,,0.00013976,-5.2
,,0.00013984,-4.8
,,0.00013992,-4.8
,,0.00014,-4.8
,,0.00014008,-5.2
,,0.00014016,-4.8
,,0.00014024,-5.2
,,0.00014032,-4.8
,,0.0001404,-4.8
,,0.00014048,-5.2
,,0.00014056,-4.8
,,0.00014064,-5.2
,,0.00014072,-4.8
,,0.0001408,-4.8
,,0.00014088,-5.2
,,0.00014096,-4.8
,,0.00014104,-4.8
,,0.00014112,-4.8
,,0.0001412,-5.2
,,0.00014128,-4.8
,,0.00014136,-4.8
,,0.00014144,-4.8
,,0.00014152,-4.8
,,0.0001416,-4.8
,,0.00014168,-5.2
,,0.00014176,-4.8
,,0.00014184,-4.8
,,0.00014192,-5.2
,,0.000142,-4.8
,,0.00014208,-4.8
,,0.00014216,-4.8
,,0.00014224,-4.8
,,0.00014232,-4.8
,,0.0001424,-4.8
,,0.00014248,-4.8
,,0.00014256,-4.8
,,0.00014264,-4.8
,,0.00014272,-4.8
,,0.0001428,-4.8
,,0.00014288,-5.2
,,0.00014296,-4.8
,,0.00014304,-4.8
,,0.00014312,-4.8
,,0.0001432,-4.8
,,0.00014328,-4.8
,,0.00014336,-4.8
,,0.00014344,-4.8
,,0.00014352,-4.8
,,0.0001436,-4.8
,,0.00014368,-4.8
,,0.00014376,-4.8
,,0.00014384,-4.8
,,0.00014392,-4.8
,,0.000144,-4.8
,,0.00014408,-4.4
,,0.00014416,-4.8
,,0.00014424,-4.8
,,0.00014432,-4.8
,,0.0001444,-4.8
,,0.00014448,-4.8
,,0.00014456,-4.8
,,0.00014464,-4.8
,,0.00014472,-4.8
,,0.0001448,-4.8
,,0.00014488,-4.8
,,0.00014496,-4.8
,,0.00014504,-4.8
,,0.00014512,-4.8
,,0.0001452,-4.8
,,0.00014528,-5.2
,,0.00014536,-4.8
,,0.00014544,-4.8
,,0.00014552,-4.8
,,0.0001456,-4.8
,,0.00014568,-4.8
,,0.00014576,-4.8
,,0.00014584,-4.8
,,0.00014592,-4.8
,,0.000146,-4.8
,,0.00014608,-4.8
,,0.00014616,-4.8
,,0.00014624,-4.4
,,0.00014632,-4.8
,,0.0001464,-4.8
,,0.00014648,-4.8
,,0.00014656,-4.8
,,0.00014664,-4.8
,,0.00014672,-4.8
,,0.0001468,-4.8
,,0.00014688,-4.8
,,0.00014696,-4.8
,,0.00014704,-4.8
,,0.00014712,-4.4
,,0.0001472,-4.4
,,0.00014728,-4.8
,,0.00014736,-4.8
,,0.00014744,-4.8
,,0.00014752,-4.8
,,0.0001476,-4.8
,,0.00014768,-4.4
,,0.00014776,-4.8
,,0.00014784,-4.4
,,0.00014792,-4.4
,,0.000148,-4.8
,,0.00014808,-4.4
,,0.00014816,-4.4
,,0.00014824,-4.8
,,0.00014832,-4.4
,,0.0001484,-4.8
,,0.00014848,-4.4
,,0.00014856,-4.8
,,0.00014864,-4.4
,,0.00014872,-4.4
,,0.0001488,-4.4
,,0.00014888,-4.8
,,0.00014896,-4.4
,,0.00014904,-4.8
,,0.00014912,-4.4
,,0.0001492,-4.4
,,0.00014928,-4.4
,,0.00014936,-4.4
,,0.00014944,-4.8
,,0.00014952,-4.8
,,0.0001496,-4.4
,,0.00014968,-4.8
,,0.00014976,-4.4
,,0.00014984,-4.4
,,0.00014992,-4.4
,,0.00015,-4.4
,,0.00015008,-4.8
,,0.00015016,-4.4
,,0.00015024,-4.4
,,0.00015032,-4.4
,,0.0001504,-4.4
,,0.00015048,-4.4
,,0.00015056,-4.4
,,0.00015064,-4.4
,,0.00015072,-4.4
,,0.0001508,-4.8
,,0.00015088,-4.4
,,0.00015096,-4.8
,,0.00015104,-4.4
,,0.00015112,-4.4
,,0.0001512,-4.4
,,0.00015128,-4.4
,,0.00015136,-4.4
,,0.00015144,-4.4
,,0.00015152,-4.4
,,0.0001516,-4.4
,,0.00015168,-4.4
,,0.00015176,-4.4
,,0.00015184,-4.4
,,0.00015192,-4.4
,,0.000152,-4.4
,,0.00015208,-4.4
,,0.00015216,-4.4
,,0.00015224,-4.4
,,0.00015232,-4
,,0.0001524,-4.4
,,0.00015248,-4.4
,,0.00015256,-4.4
,,0.00015264,-4.4
,,0.00015272,-4.4
,,0.0001528,-4.4
,,0.00015288,-4.4
,,0.00015296,-4.4
,,0.00015304,-4.4
,,0.00015312,-4.4
,,0.0001532,-4.4
,,0.00015328,-4.4
,,0.00015336,-4.4
,,0.00015344,-4
,,0.00015352,-4
,,0.0001536,-4
,,0.00015368,-4.4
,,0.00015376,-4.4
,,0.00015384,-4
,,0.00015392,-4.4
,,0.000154,-4.4
,,0.00015408,-4.4
,,0.00015416,-4.4
,,0.00015424,-4
,,0.00015432,-4.4
,,0.0001544,-4.4
,,0.00015448,-4
,,0.00015456,-4.4
,,0.00015464,-4.4
,,0.00015472,-4.4
,,0.0001548,-4.4
,,0.00015488,-4.4
,,0.00015496,-4.4
,,0.00015504,-4
,,0.00015512,-4.4
,,0.0001552,-4.4
,,0.00015528,-4
,,0.00015536,-4
,,0.00015544,-4.4
,,0.00015552,-4.4
,,0.0001556,-4.4
,,0.00015568,-4.4
,,0.00015576,-4
,,0.00015584,-4
,,0.00015592,-4
,,0.000156,-4.4
,,0.00015608,-4
,,0.00015616,-4.4
,,0.00015624,-4
,,0.00015632,-4.4
,,0.0001564,-4
,,0.00015648,-4.4
,,0.00015656,-4.4
,,0.00015664,-4
,,0.00015672,-4
,,0.0001568,-4
,,0.00015688,-4.4
,,0.00015696,-4.4
,,0.00015704,-4.4
,,0.00015712,-4
,,0.0001572,-4
,,0.00015728,-4
,,0.00015736,-4.4
,,0.00015744,-4
,,0.00015752,-4
,,0.0001576,-4.4
,,0.00015768,-4.4
,,0.00015776,-4
,,0.00015784,-4
,,0.00015792,-4
,,0.000158,-4
,,0.00015808,-4
,,0.00015816,-4
,,0.00015824,-4
,,0.00015832,-4
,,0.0001584,-4
,,0.00015848,-4
,,0.00015856,-4
,,0.00015864,-4
,,0.00015872,-4
,,0.0001588,-4
,,0.00015888,-4
,,0.00015896,-4.4
,,0.00015904,-4
,,0.00015912,-4
,,0.0001592,-4
,,0.00015928,-4
,,0.00015936,-4
,,0.00015944,-4
,,0.00015952,-4.4
,,0.0001596,-4
,,0.00015968,-4
,,0.00015976,-4.4
,,0.00015984,-4
,,0.00015992,-4
,,0.00016,-4
,,0.00016008,-4
,,0.00016016,-4
,,0.00016024,-4
,,0.00016032,-4
,,0.0001604,-4
,,0.00016048,-4
,,0.00016056,-4
,,0.00016064,-4
,,0.00016072,-4
,,0.0001608,-4
,,0.00016088,-4
,,0.00016096,-4
,,0.00016104,-4
,,0.00016112,-4
,,0.0001612,-4
,,0.00016128,-4
,,0.00016136,-3.6
,,0.00016144,-4
,,0.00016152,-4
,,0.0001616,-4
,,0.00016168,-3.6
,,0.00016176,-4
,,0.00016184,-4
,,0.00016192,-3.6
,,0.000162,-4
,,0.00016208,-4
,,0.00016216,-4
,,0.00016224,-3.6
,,0.00016232,-3.6
,,0.0001624,-4
,,0.00016248,-4
,,0.00016256,-4
,,0.00016264,-4
,,0.00016272,-3.6
,,0.0001628,-4
,,0.00016288,-4
,,0.00016296,-4
,,0.00016304,-3.6
,,0.00016312,-4
,,0.0001632,-3.6
,,0.00016328,-4
,,0.00016336,-4
,,0.00016344,-4
,,0.00016352,-3.6
,,0.0001636,-4
,,0.00016368,-4
,,0.00016376,-4
,,0.00016384,-4
,,0.00016392,-3.2
,,0.000164,-3.6
,,0.00016408,-3.6
,,0.00016416,-3.6
,,0.00016424,-4
,,0.00016432,-3.6
,,0.0001644,-4
,,0.00016448,-3.6
,,0.00016456,-4
,,0.00016464,-3.6
,,0.00016472,-3.6
,,0.0001648,-3.6
,,0.00016488,-3.6
,,0.00016496,-4
,,0.00016504,-3.2
,,0.00016512,-4
,,0.0001652,-4
,,0.00016528,-4
,,0.00016536,-3.2
,,0.00016544,-3.6
,,0.00016552,-4
,,0.0001656,-3.6
,,0.00016568,-4
,,0.00016576,-4
,,0.00016584,-4
,,0.00016592,-3.6
,,0.000166,-3.2
,,0.00016608,-3.6
,,0.00016616,-3.6
,,0.00016624,-3.6
,,0.00016632,-3.2
,,0.0001664,-3.2
,,0.00016648,-3.6
,,0.00016656,-3.2
,,0.00016664,-3.2
,,0.00016672,-3.6
,,0.0001668,-3.2
,,0.00016688,-3.2
,,0.00016696,-3.6
,,0.00016704,-3.6
,,0.00016712,-3.6
,,0.0001672,-4
,,0.00016728,-3.6
,,0.00016736,-3.6
,,0.00016744,-3.2
,,0.00016752,-3.2
,,0.0001676,-3.6
,,0.00016768,-3.6
,,0.00016776,-3.2
,,0.00016784,-3.6
,,0.00016792,-3.2
,,0.000168,-3.6
,,0.00016808,-3.2
,,0.00016816,-3.2
,,0.00016824,-3.2
,,0.00016832,-3.2
,,0.0001684,-3.2
,,0.00016848,-3.6
,,0.00016856,-4
,,0.00016864,-3.2
,,0.00016872,-3.2
,,0.0001688,-3.2
,,0.00016888,-3.2
,,0.00016896,-3.2
,,0.00016904,-3.2
,,0.00016912,-3.2
,,0.0001692,-3.2
,,0.00016928,-3.2
,,0.00016936,-3.6
,,0.00016944,-3.2
,,0.00016952,-3.2
,,0.0001696,-3.2
,,0.00016968,-3.2
,,0.00016976,-3.2
,,0.00016984,-3.2
,,0.00016992,-3.2
,,0.00017,-3.2
,,0.00017008,-3.6
,,0.00017016,-3.6
,,0.00017024,-3.2
,,0.00017032,-3.2
,,0.0001704,-3.2
,,0.00017048,-3.2
,,0.00017056,-3.6
,,0.00017064,-3.2
,,0.00017072,-3.2
,,0.0001708,-2.8
,,0.00017088,-3.6
,,0.00017096,-3.2
,,0.00017104,-2.8
,,0.00017112,-3.6
,,0.0001712,-3.2
,,0.00017128,-2.8
,,0.00017136,-2.8
,,0.00017144,-3.2
,,0.00017152,-3.2
,,0.0001716,-3.6
,,0.00017168,-3.2
,,0.00017176,-3.2
,,0.00017184,-3.2
,,0.00017192,-3.2
,,0.000172,-2.8
,,0.00017208,-3.2
,,0.00017216,-3.2
,,0.00017224,-2.8
,,0.00017232,-3.6
,,0.0001724,-3.2
,,0.00017248,-3.2
,,0.00017256,-3.2
,,0.00017264,-3.2
,,0.00017272,-3.2
,,0.0001728,-3.2
,,0.00017288,-3.2
,,0.00017296,-3.2
,,0.00017304,-3.6
,,0.00017312,-3.2
,,0.0001732,-3.2
,,0.00017328,-3.2
,,0.00017336,-3.2
,,0.00017344,-3.2
,,0.00017352,-3.2
,,0.0001736,-3.2
,,0.00017368,-3.2
,,0.00017376,-3.2
,,0.00017384,-3.2
,,0.00017392,-2.8
,,0.000174,-3.2
,,0.00017408,-3.2
,,0.00017416,-3.2
,,0.00017424,-3.2
,,0.00017432,-3.2
,,0.0001744,-2.8
,,0.00017448,-3.2
,,0.00017456,-3.2
,,0.00017464,-3.2
,,0.00017472,-3.2
,,0.0001748,-3.2
,,0.00017488,-2.8
,,0.00017496,-3.2
,,0.00017504,-2.8
,,0.00017512,-3.2
,,0.0001752,-3.2
,,0.00017528,-3.2
,,0.00017536,-3.2
,,0.00017544,-3.2
,,0.00017552,-3.2
,,0.0001756,-3.2
,,0.00017568,-3.2
,,0.00017576,-2.8
,,0.00017584,-2.8
,,0.00017592,-2.8
,,0.000176,-3.2
,,0.00017608,-3.2
,,0.00017616,-2.8
,,0.00017624,-3.2
,,0.00017632,-2.8
,,0.0001764,-3.2
,,0.00017648,-3.2
,,0.00017656,-3.2
,,0.00017664,-3.2
,,0.00017672,-3.2
,,0.0001768,-2.8
,,0.00017688,-3.2
,,0.00017696,-3.2
,,0.00017704,-3.2
,,0.00017712,-3.2
,,0.0001772,-3.2
,,0.00017728,-2.8
,,0.00017736,-2.8
,,0.00017744,-3.2
,,0.00017752,-3.2
,,0.0001776,-3.2
,,0.00017768,-2.4
,,0.00017776,-2.8
,,0.00017784,-2.8
,,0.00017792,-3.2
,,0.000178,-2.8
,,0.00017808,-2.8
,,0.00017816,-3.2
,,0.00017824,-3.2
,,0.00017832,-3.2
,,0.0001784,-3.2
,,0.00017848,-2.8
,,0.00017856,-2.8
,,0.00017864,-2.8
,,0.00017872,-2.8
,,0.0001788,-2.8
,,0.00017888,-2.8
,,0.00017896,-2.8
,,0.00017904,-2.8
,,0.00017912,-2.8
,,0.0001792,-2.8
,,0.00017928,-2.8
,,0.00017936,-2.8
,,0.00017944,-2.8
,,0.00017952,-2.8
,,0.0001796,-2.8
,,0.00017968,-2.8
,,0.00017976,-2.8
,,0.00017984,-2.8
,,0.00017992,-3.2
,,0.00018,-2.8
,,0.00018008,-2.8
,,0.00018016,-2.8
,,0.00018024,-2.8
,,0.00018032,-2.8
,,0.0001804,-2.8
,,0.00018048,-2.8
,,0.00018056,-2.4
,,0.00018064,-2.8
,,0.00018072,-2.8
,,0.0001808,-2.8
,,0.00018088,-2.8
,,0.00018096,-2.8
,,0.00018104,-2.8
,,0.00018112,-2.8
,,0.0001812,-2.8
,,0.00018128,-2.8
,,0.00018136,-2.8
,,0.00018144,-2.8
,,0.00018152,-2.4
,,0.0001816,-2.8
,,0.00018168,-3.2
,,0.00018176,-2.8
,,0.00018184,-2.8
,,0.00018192,-2.8
,,0.000182,-2.8
,,0.00018208,-2.8
,,0.00018216,-2.8
,,0.00018224,-2.8
,,0.00018232,-2.8
,,0.0001824,-2.8
,,0.00018248,-2.8
,,0.00018256,-2.4
,,0.00018264,-2.8
,,0.00018272,-3.2
,,0.0001828,-3.2
,,0.00018288,-2.8
,,0.00018296,-2.4
,,0.00018304,-2.4
,,0.00018312,-2.8
,,0.0001832,-2.8
,,0.00018328,-2.8
,,0.00018336,-2.8
,,0.00018344,-2.4
,,0.00018352,-2.8
,,0.0001836,-2.4
,,0.00018368,-2.8
,,0.00018376,-2.4
,,0.00018384,-2.4
,,0.00018392,-2.4
,,0.000184,-2.8
,,0.00018408,-2.8
,,0.00018416,-2.4
,,0.00018424,-2.8
,,0.00018432,-2.8
,,0.0001844,-2.4
,,0.00018448,-2.8
,,0.00018456,-2.4
,,0.00018464,-2.4
,,0.00018472,-2.4
,,0.0001848,-2.8
,,0.00018488,-2.8
,,0.00018496,-2.4
,,0.00018504,-2.8
,,0.00018512,-2.8
,,0.0001852,-2.8
,,0.00018528,-2.4
,,0.00018536,-2.8
,,0.00018544,-2.4
,,0.00018552,-2.8
,,0.0001856,-2.8
,,0.00018568,-2.8
,,0.00018576,-2.4
,,0.00018584,-2.4
,,0.00018592,-2.8
,,0.000186,-2.4
,,0.00018608,-2.4
,,0.00018616,-2.4
,,0.00018624,-2.4
,,0.00018632,-2.4
,,0.0001864,-2.4
,,0.00018648,-2.8
,,0.00018656,-2.8
,,0.00018664,-2.4
,,0.00018672,-2.4
,,0.0001868,-2.4
,,0.00018688,-2.4
,,0.00018696,-2.4
,,0.00018704,-2.8
,,0.00018712,-2.8
,,0.0001872,-2.4
,,0.00018728,-2.4
,,0.00018736,-2.4
,,0.00018744,-2.4
,,0.00018752,-2.4
,,0.0001876,-2.4
,,0.00018768,-2.4
,,0.00018776,-2.8
,,0.00018784,-2.8
,,0.00018792,-2.4
,,0.000188,-2.4
,,0.00018808,-2.4
,,0.00018816,-2.8
,,0.00018824,-2.8
,,0.00018832,-2.4
,,0.0001884,-2.4
,,0.00018848,-2.8
,,0.00018856,-2.4
,,0.00018864,-2.4
,,0.00018872,-2.4
,,0.0001888,-2.8
,,0.00018888,-2.8
,,0.00018896,-2.8
,,0.00018904,-2.8
,,0.00018912,-2.8
,,0.0001892,-2.8
,,0.00018928,-2.4
,,0.00018936,-2.8
,,0.00018944,-2.4
,,0.00018952,-2.8
,,0.0001896,-2.8
,,0.00018968,-2.8
,,0.00018976,-2.4
,,0.00018984,-2.8
,,0.00018992,-2.8
,,0.00019,-2.4
,,0.00019008,-2.4
,,0.00019016,-2.4
,,0.00019024,-2.8
,,0.00019032,-2.4
,,0.0001904,-2.8
,,0.00019048,-2.4
,,0.00019056,-2.4
,,0.00019064,-2.4
,,0.00019072,-2.4
,,0.0001908,-2.4
,,0.00019088,-2.4
,,0.00019096,-2.4
,,0.00019104,-2.4
,,0.00019112,-2.4
,,0.0001912,-2.4
,,0.00019128,-2.4
,,0.00019136,-2.4
,,0.00019144,-2.4
,,0.00019152,-2.4
,,0.0001916,-2.4
,,0.00019168,-2.8
,,0.00019176,-2.4
,,0.00019184,-2.4
,,0.00019192,-2.4
,,0.000192,-2.4
,,0.00019208,-2.4
,,0.00019216,-2.4
,,0.00019224,-2.8
,,0.00019232,-2.4
,,0.0001924,-2.4
,,0.00019248,-2.4
,,0.00019256,-2.4
,,0.00019264,-2.4
,,0.00019272,-2.4
,,0.0001928,-2.4
,,0.00019288,-2.4
,,0.00019296,-2.4
,,0.00019304,-2.4
,,0.00019312,-2.4
,,0.0001932,-2.4
,,0.00019328,-2.4
,,0.00019336,-2.4
,,0.00019344,-2.4
,,0.00019352,-2.4
,,0.0001936,-2.4
,,0.00019368,-2
,,0.00019376,-2.4
,,0.00019384,-2.4
,,0.00019392,-2.4
,,0.000194,-2.4
,,0.00019408,-2.8
,,0.00019416,-2.4
,,0.00019424,-2.4
,,0.00019432,-2.4
,,0.0001944,-2.4
,,0.00019448,-2.4
,,0.00019456,-2.4
,,0.00019464,-2.4
,,0.00019472,-2.4
,,0.0001948,-2.4
,,0.00019488,-2.4
,,0.00019496,-2.4
,,0.00019504,-2.4
,,0.00019512,-2.4
,,0.0001952,-2.4
,,0.00019528,-2.4
,,0.00019536,-2.4
,,0.00019544,-2.4
,,0.00019552,-2.4
,,0.0001956,-1.6
,,0.00019568,-2.4
,,0.00019576,-2.4
,,0.00019584,-2.4
,,0.00019592,-2.4
,,0.000196,-2.4
,,0.00019608,-2.4
,,0.00019616,-2.4
,,0.00019624,-2.4
,,0.00019632,-2
,,0.0001964,-2.4
,,0.00019648,-2.4
,,0.00019656,-2.4
,,0.00019664,-2.4
,,0.00019672,-2.4
,,0.0001968,-1.6
,,0.00019688,-2.4
,,0.00019696,-2.4
,,0.00019704,-2.4
,,0.00019712,-2.4
,,0.0001972,-2.4
,,0.00019728,-2
,,0.00019736,-2.4
,,0.00019744,-2.4
,,0.00019752,-2.4
,,0.0001976,-2.4
,,0.00019768,-2.4
,,0.00019776,-2.4
,,0.00019784,-2
,,0.00019792,-2.4
,,0.000198,-2.4
,,0.00019808,-2
,,0.00019816,-2
,,0.00019824,-2.4
,,0.00019832,-2.4
,,0.0001984,-2.4
,,0.00019848,-2.4
,,0.00019856,-2.4
,,0.00019864,-2.4
,,0.00019872,-2.4
,,0.0001988,-2.4
,,0.00019888,-2
,,0.00019896,-2.4
,,0.00019904,-2.4
,,0.00019912,-2.4
,,0.0001992,-2.4
,,0.00019928,-2
,,0.00019936,-2.4
,,0.00019944,-2
,,0.00019952,-2.4
,,0.0001996,-2.4
,,0.00019968,-2
,,0.00019976,-2.4
,,0.00019984,-2
,,0.00019992,-2
,,0.0002,-1.6
,,0.00020008,-2
,,0.00020016,-2.4
,,0.00020024,-2.4
,,0.00020032,-2
,,0.0002004,-2.4
,,0.00020048,-2
,,0.00020056,-2
,,0.00020064,-1.6
,,0.00020072,-1.6
,,0.0002008,-2.4
,,0.00020088,-2.4
,,0.00020096,-2.4
,,0.00020104,-1.6
,,0.00020112,-2.4
,,0.0002012,-2
,,0.00020128,-2
,,0.00020136,-2
,,0.00020144,-2.4
,,0.00020152,-1.6
,,0.0002016,-2.4
,,0.00020168,-1.6
,,0.00020176,-2
,,0.00020184,-1.6
,,0.00020192,-2
,,0.000202,-2
,,0.00020208,-2
,,0.00020216,-2
,,0.00020224,-2
,,0.00020232,-2.4
,,0.0002024,-1.6
,,0.00020248,-1.6
,,0.00020256,-2
,,0.00020264,-2
,,0.00020272,-2
,,0.0002028,-2.4
,,0.00020288,-2.4
,,0.00020296,-1.6
,,0.00020304,-2
,,0.00020312,-1.6
,,0.0002032,-2
,,0.00020328,-2
,,0.00020336,-2
,,0.00020344,-2
,,0.00020352,-2.4
,,0.0002036,-2.4
,,0.00020368,-1.6
,,0.00020376,-2
,,0.00020384,-2
,,0.00020392,-1.6
,,0.000204,-2
,,0.00020408,-1.6
,,0.00020416,-2
,,0.00020424,-2
,,0.00020432,-2
,,0.0002044,-2
,,0.00020448,-2
,,0.00020456,-2
,,0.00020464,-2
,,0.00020472,-2
,,0.0002048,-1.6
,,0.00020488,-2
,,0.00020496,-1.6
,,0.00020504,-2
,,0.00020512,-1.6
,,0.0002052,-2
,,0.00020528,-1.6
,,0.00020536,-1.6
,,0.00020544,-2
,,0.00020552,-1.6
,,0.0002056,-2
,,0.00020568,-2
,,0.00020576,-1.6
,,0.00020584,-1.6
,,0.00020592,-1.6
,,0.000206,-1.6
,,0.00020608,-1.6
,,0.00020616,-1.6
,,0.00020624,-1.6
,,0.00020632,-2
,,0.0002064,-1.6
,,0.00020648,-2.4
,,0.00020656,-1.6
,,0.00020664,-1.6
,,0.00020672,-2
,,0.0002068,-1.6
,,0.00020688,-1.6
,,0.00020696,-1.6
,,0.00020704,-1.6
,,0.00020712,-1.6
,,0.0002072,-2
,,0.00020728,-1.6
,,0.00020736,-1.6
,,0.00020744,-1.6
,,0.00020752,-1.6
,,0.0002076,-2
,,0.00020768,-1.6
,,0.00020776,-1.6
,,0.00020784,-1.6
,,0.00020792,-2.4
,,0.000208,-1.6
,,0.00020808,-1.6
,,0.00020816,-2
,,0.00020824,-1.6
,,0.00020832,-1.6
,,0.0002084,-1.6
,,0.00020848,-1.6
,,0.00020856,-1.6
,,0.00020864,-2
,,0.00020872,-1.6
,,0.0002088,-1.6
,,0.00020888,-2
,,0.00020896,-1.6
,,0.00020904,-2
,,0.00020912,-2
,,0.0002092,-1.6
,,0.00020928,-1.6
,,0.00020936,-2
,,0.00020944,-2
,,0.00020952,-1.6
,,0.0002096,-1.6
,,0.00020968,-1.6
,,0.00020976,-1.6
,,0.00020984,-1.6
,,0.00020992,-1.6
,,0.00021,-1.6
,,0.00021008,-1.6
,,0.00021016,-1.6
,,0.00021024,-1.6
,,0.00021032,-1.6
,,0.0002104,-1.6
,,0.00021048,-1.6
,,0.00021056,-2
,,0.00021064,-1.6
,,0.00021072,-1.6
,,0.0002108,-1.6
,,0.00021088,-1.6
,,0.00021096,-2
,,0.00021104,-1.6
,,0.00021112,-1.6
,,0.0002112,-1.6
,,0.00021128,-1.6
,,0.00021136,-1.6
,,0.00021144,-1.6
,,0.00021152,-1.6
,,0.0002116,-1.6
,,0.00021168,-2
,,0.00021176,-1.6
,,0.00021184,-1.6
,,0.00021192,-1.6
,,0.000212,-1.6
,,0.00021208,-1.6
,,0.00021216,-1.6
,,0.00021224,-1.6
,,0.00021232,-1.6
,,0.0002124,-1.6
,,0.00021248,-1.6
,,0.00021256,-1.6
,,0.00021264,-1.6
,,0.00021272,-1.6
,,0.0002128,-1.6
,,0.00021288,-1.6
,,0.00021296,-1.6
,,0.00021304,-1.6
,,0.00021312,-1.6
,,0.0002132,-1.6
,,0.00021328,-1.6
,,0.00021336,-1.6
,,0.00021344,-1.6
,,0.00021352,-1.6
,,0.0002136,-1.6
,,0.00021368,-1.6
,,0.00021376,-1.6
,,0.00021384,-1.6
,,0.00021392,-1.6
,,0.000214,-2
,,0.00021408,-1.6
,,0.00021416,-1.6
,,0.00021424,-1.6
,,0.00021432,-1.6
,,0.0002144,-1.6
,,0.00021448,-1.6
,,0.00021456,-1.6
,,0.00021464,-1.6
,,0.00021472,-1.6
,,0.0002148,-1.6
,,0.00021488,-1.6
,,0.00021496,-1.6
,,0.00021504,-1.6
,,0.00021512,-1.6
,,0.0002152,-1.6
,,0.00021528,-1.6
,,0.00021536,-1.6
,,0.00021544,-1.6
,,0.00021552,-1.6
,,0.0002156,-1.6
,,0.00021568,-1.6
,,0.00021576,-1.6
,,0.00021584,-1.6
,,0.00021592,-1.6
,,0.000216,-1.6
,,0.00021608,-1.6
,,0.00021616,-1.6
,,0.00021624,-1.6
,,0.00021632,-1.6
,,0.0002164,-1.6
,,0.00021648,-1.6
,,0.00021656,-1.6
,,0.00021664,-1.6
,,0.00021672,-1.6
,,0.0002168,-1.6
,,0.00021688,-1.6
,,0.00021696,-1.6
,,0.00021704,-1.6
,,0.00021712,-1.6
,,0.0002172,-1.6
,,0.00021728,-1.6
,,0.00021736,-1.6
,,0.00021744,-1.6
,,0.00021752,-1.6
,,0.0002176,-1.6
,,0.00021768,-1.6
,,0.00021776,-1.6
,,0.00021784,-1.6
,,0.00021792,-1.6
,,0.000218,-1.6
,,0.00021808,-1.6
,,0.00021816,-1.6
,,0.00021824,-1.6
,,0.00021832,-1.6
,,0.0002184,-1.6
,,0.00021848,-1.6
,,0.00021856,-1.6
,,0.00021864,-1.6
,,0.00021872,-1.6
,,0.0002188,-1.6
,,0.00021888,-1.6
,,0.00021896,-1.6
,,0.00021904,-1.6
,,0.00021912,-1.6
,,0.0002192,-1.6
,,0.00021928,-1.6
,,0.00021936,-1.6
,,0.00021944,-1.6
,,0.00021952,-1.6
,,0.0002196,-1.6
,,0.00021968,-1.6
,,0.00021976,-1.6
,,0.00021984,-1.6
,,0.00021992,-1.6
,,0.00022,-1.6
,,0.00022008,-1.6
,,0.00022016,-1.6
,,0.00022024,-1.6
,,0.00022032,-1.6
,,0.0002204,-1.6
,,0.00022048,-1.6
,,0.00022056,-1.6
,,0.00022064,-1.6
,,0.00022072,-1.6
,,0.0002208,-1.2
,,0.00022088,-1.6
,,0.00022096,-1.6
,,0.00022104,-1.6
,,0.00022112,-1.6
,,0.0002212,-1.6
,,0.00022128,-1.6
,,0.00022136,-1.6
,,0.00022144,-1.6
,,0.00022152,-1.6
,,0.0002216,-1.2
,,0.00022168,-1.6
,,0.00022176,-1.6
,,0.00022184,-1.6
,,0.00022192,-1.6
,,0.000222,-1.2
,,0.00022208,-1.6
,,0.00022216,-1.6
,,0.00022224,-1.2
,,0.00022232,-1.6
,,0.0002224,-1.6
,,0.00022248,-1.6
,,0.00022256,-1.6
,,0.00022264,-1.6
,,0.00022272,-1.2
,,0.0002228,-1.6
,,0.00022288,-1.2
,,0.00022296,-1.6
,,0.00022304,-1.6
,,0.00022312,-1.6
,,0.0002232,-1.6
,,0.00022328,-1.6
,,0.00022336,-1.6
,,0.00022344,-1.2
,,0.00022352,-1.2
,,0.0002236,-1.6
,,0.00022368,-1.6
,,0.00022376,-1.6
,,0.00022384,-1.6
,,0.00022392,-1.2
,,0.000224,-1.6
,,0.00022408,-1.6
,,0.00022416,-1.6
,,0.00022424,-1.6
,,0.00022432,-1.6
,,0.0002244,-1.6
,,0.00022448,-1.6
,,0.00022456,-1.6
,,0.00022464,-1.6
,,0.00022472,-1.2
,,0.0002248,-1.2
,,0.00022488,-1.6
,,0.00022496,-1.2
,,0.00022504,-1.2
,,0.00022512,-1.2
,,0.0002252,-1.6
,,0.00022528,-1.6
,,0.00022536,-1.2
,,0.00022544,-1.2
,,0.00022552,-1.2
,,0.0002256,-1.2
,,0.00022568,-1.6
,,0.00022576,-1.6
,,0.00022584,-1.2
,,0.00022592,-1.6
,,0.000226,-1.6
,,0.00022608,-1.6
,,0.00022616,-1.2
,,0.00022624,-1.6
,,0.00022632,-1.2
,,0.0002264,-1.2
,,0.00022648,-1.2
,,0.00022656,-1.2
,,0.00022664,-1.6
,,0.00022672,-1.2
,,0.0002268,-1.6
,,0.00022688,-1.6
,,0.00022696,-1.2
,,0.00022704,-1.6
,,0.00022712,-1.2
,,0.0002272,-1.6
,,0.00022728,-1.2
,,0.00022736,-1.6
,,0.00022744,-1.6
,,0.00022752,-1.6
,,0.0002276,-1.2
,,0.00022768,-1.2
,,0.00022776,-1.6
,,0.00022784,-1.6
,,0.00022792,-1.6
,,0.000228,-1.2
,,0.00022808,-1.6
,,0.00022816,-1.2
,,0.00022824,-1.2
,,0.00022832,-1.6
,,0.0002284,-1.2
,,0.00022848,-1.2
,,0.00022856,-1.2
,,0.00022864,-1.2
,,0.00022872,-1.6
,,0.0002288,-1.2
,,0.00022888,-1.2
,,0.00022896,-1.2
,,0.00022904,-1.6
,,0.00022912,-1.2
,,0.0002292,-1.2
,,0.00022928,-1.6
,,0.00022936,-1.2
,,0.00022944,-1.2
,,0.00022952,-1.2
,,0.0002296,-1.2
,,0.00022968,-1.2
,,0.00022976,-1.2
,,0.00022984,-1.2
,,0.00022992,-1.2
,,0.00023,-1.2
,,0.00023008,-1.2
,,0.00023016,-1.2
,,0.00023024,-1.2
,,0.00023032,-1.6
,,0.0002304,-1.2
,,0.00023048,-1.6
,,0.00023056,-1.2
,,0.00023064,-1.2
,,0.00023072,-1.2
,,0.0002308,-1.2
,,0.00023088,-1.2
,,0.00023096,-1.2
,,0.00023104,-1.2
,,0.00023112,-1.2
,,0.0002312,-1.6
,,0.00023128,-1.2
,,0.00023136,-1.2
,,0.00023144,-1.2
,,0.00023152,-1.2
,,0.0002316,-1.2
,,0.00023168,-1.2
,,0.00023176,-1.2
,,0.00023184,-1.2
,,0.00023192,-1.6
,,0.000232,-1.2
,,0.00023208,-1.6
,,0.00023216,-1.2
,,0.00023224,-1.2
,,0.00023232,-1.2
,,0.0002324,-1.6
,,0.00023248,-1.2
,,0.00023256,-1.2
,,0.00023264,-1.2
,,0.00023272,-0.8
,,0.0002328,-1.2
,,0.00023288,-1.6
,,0.00023296,-1.2
,,0.00023304,-1.2
,,0.00023312,-1.2
,,0.0002332,-1.2
,,0.00023328,-1.2
,,0.00023336,-1.2
,,0.00023344,-0.8
,,0.00023352,-1.2
,,0.0002336,-1.2
,,0.00023368,-1.2
,,0.00023376,-1.2
,,0.00023384,-1.2
,,0.00023392,-1.2
,,0.000234,-1.6
,,0.00023408,-1.2
,,0.00023416,-1.2
,,0.00023424,-1.2
,,0.00023432,-1.2
,,0.0002344,-1.2
,,0.00023448,-0.8
,,0.00023456,-1.2
,,0.00023464,-1.2
,,0.00023472,-1.2
,,0.0002348,-0.8
,,0.00023488,-1.2
,,0.00023496,-1.2
,,0.00023504,-1.2
,,0.00023512,-1.2
,,0.0002352,-1.2
,,0.00023528,-1.2
,,0.00023536,-1.2
,,0.00023544,-1.2
,,0.00023552,-1.2
,,0.0002356,-1.6
,,0.00023568,-1.2
,,0.00023576,-0.8
,,0.00023584,-1.2
,,0.00023592,-1.2
,,0.000236,-1.2
,,0.00023608,-1.2
,,0.00023616,-1.2
,,0.00023624,-1.2
,,0.00023632,-1.2
,,0.0002364,-1.2
,,0.00023648,-1.2
,,0.00023656,-1.2
,,0.00023664,-0.8
,,0.00023672,-1.2
,,0.0002368,-1.6
,,0.00023688,-1.2
,,0.00023696,-1.2
,,0.00023704,-1.2
,,0.00023712,-1.2
,,0.0002372,-1.2
,,0.00023728,-1.2
,,0.00023736,-1.2
,,0.00023744,-0.8
,,0.00023752,-1.2
,,0.0002376,-1.2
,,0.00023768,-0.8
,,0.00023776,-1.2
,,0.00023784,-1.2
,,0.00023792,-1.2
,,0.000238,-0.8
,,0.00023808,-0.8
,,0.00023816,-0.8
,,0.00023824,-0.8
,,0.00023832,-0.8
,,0.0002384,-1.2
,,0.00023848,-1.2
,,0.00023856,-1.2
,,0.00023864,-1.2
,,0.00023872,-1.2
,,0.0002388,-1.2
,,0.00023888,-1.2
,,0.00023896,-0.8
,,0.00023904,-0.8
,,0.00023912,-1.2
,,0.0002392,-1.2
,,0.00023928,-1.2
,,0.00023936,-1.2
,,0.00023944,-1.2
,,0.00023952,-1.2
,,0.0002396,-0.8
,,0.00023968,-0.8
,,0.00023976,-0.8
,,0.00023984,-1.2
,,0.00023992,-1.2
,,0.00024,-0.8
,,0.00024008,-1.2
,,0.00024016,-1.2
,,0.00024024,-1.2
,,0.00024032,-1.2
,,0.0002404,-0.8
,,0.00024048,-1.2
,,0.00024056,-0.8
,,0.00024064,-1.2
,,0.00024072,-1.2
,,0.0002408,-1.2
,,0.00024088,-1.2
,,0.00024096,-0.8
,,0.00024104,-0.8
,,0.00024112,-1.2
,,0.0002412,-1.2
,,0.00024128,-0.8
,,0.00024136,-1.2
,,0.00024144,-1.2
,,0.00024152,-1.2
,,0.0002416,-1.2
,,0.00024168,-1.2
,,0.00024176,-1.2
,,0.00024184,-1.2
,,0.00024192,-0.8
,,0.000242,-0.8
,,0.00024208,-1.2
,,0.00024216,-1.2
,,0.00024224,-1.2
,,0.00024232,-0.8
,,0.0002424,-1.2
,,0.00024248,-1.2
,,0.00024256,-1.2
,,0.00024264,-1.2
,,0.00024272,-0.8
,,0.0002428,-0.8
,,0.00024288,-1.2
,,0.00024296,-1.2
,,0.00024304,-0.8
,,0.00024312,-0.8
,,0.0002432,-1.2
,,0.00024328,-1.2
,,0.00024336,-1.2
,,0.00024344,-0.8
,,0.00024352,-1.2
,,0.0002436,-0.8
,,0.00024368,-0.8
,,0.00024376,-1.2
,,0.00024384,-1.2
,,0.00024392,-1.2
,,0.000244,-1.2
,,0.00024408,-0.8
,,0.00024416,-1.2
,,0.00024424,-1.2
,,0.00024432,-1.2
,,0.0002444,-1.2
,,0.00024448,-0.8
,,0.00024456,-0.8
,,0.00024464,-1.2
,,0.00024472,-0.8
,,0.0002448,-1.2
,,0.00024488,-0.8
,,0.00024496,-1.2
,,0.00024504,-1.2
,,0.00024512,-1.2
,,0.0002452,-0.8
,,0.00024528,-1.2
,,0.00024536,-1.2
,,0.00024544,-1.2
,,0.00024552,-0.8
,,0.0002456,-1.2
,,0.00024568,-1.2
,,0.00024576,-1.2
,,0.00024584,-1.2
,,0.00024592,-1.2
,,0.000246,-1.2
,,0.00024608,-1.2
,,0.00024616,-0.8
,,0.00024624,-1.2
,,0.00024632,-1.2
,,0.0002464,-0.8
,,0.00024648,-0.8
,,0.00024656,-1.2
,,0.00024664,-1.2
,,0.00024672,-0.8
,,0.0002468,-1.2
,,0.00024688,-1.2
,,0.00024696,-0.8
,,0.00024704,-1.2
,,0.00024712,-0.8
,,0.0002472,-1.2
,,0.00024728,-1.2
,,0.00024736,-1.2
,,0.00024744,-1.2
,,0.00024752,-1.2
,,0.0002476,-0.8
,,0.00024768,-0.8
,,0.00024776,-0.8
,,0.00024784,-0.8
,,0.00024792,-1.2
,,0.000248,-0.8
,,0.00024808,-1.2
,,0.00024816,-0.8
,,0.00024824,-0.8
,,0.00024832,-1.2
,,0.0002484,-0.8
,,0.00024848,-1.2
,,0.00024856,-1.2
,,0.00024864,-1.2
,,0.00024872,-0.8
,,0.0002488,-0.8
,,0.00024888,-0.8
,,0.00024896,-0.8
,,0.00024904,-1.2
,,0.00024912,-0.8
,,0.0002492,-0.8
,,0.00024928,-0.8
,,0.00024936,-0.8
,,0.00024944,-0.8
,,0.00024952,-1.2
,,0.0002496,-0.8
,,0.00024968,-0.8
,,0.00024976,-0.8
,,0.00024984,-1.2
,,0.00024992,-1.2
,,0.00025,-0.4
,,0.00025008,-0.8
,,0.00025016,-1.2
,,0.00025024,-0.8
,,0.00025032,-1.2
,,0.0002504,-0.8
,,0.00025048,-0.8
,,0.00025056,-0.8
,,0.00025064,-0.8
,,0.00025072,-0.8
,,0.0002508,-1.2
,,0.00025088,-1.2
,,0.00025096,-0.8
,,0.00025104,-1.2
,,0.00025112,-0.8
,,0.0002512,-0.8
,,0.00025128,-0.8
,,0.00025136,-1.2
,,0.00025144,-0.8
,,0.00025152,-0.8
,,0.0002516,-0.8
,,0.00025168,-1.2
,,0.00025176,-0.8
,,0.00025184,-0.8
,,0.00025192,-0.8
,,0.000252,-0.8
,,0.00025208,-1.2
,,0.00025216,-0.8
,,0.00025224,-0.8
,,0.00025232,-1.2
,,0.0002524,-0.8
,,0.00025248,-0.8
,,0.00025256,-0.8
,,0.00025264,-0.8
,,0.00025272,-1.2
,,0.0002528,-1.2
,,0.00025288,-0.8
,,0.00025296,-0.8
,,0.00025304,-0.8
,,0.00025312,-0.8
,,0.0002532,-1.2
,,0.00025328,-0.8
,,0.00025336,-1.2
,,0.00025344,-1.2
,,0.00025352,-0.8
,,0.0002536,-0.8
,,0.00025368,-0.8
,,0.00025376,-0.8
,,0.00025384,-0.8
,,0.00025392,-0.8
,,0.000254,-0.8
,,0.00025408,-0.8
,,0.00025416,-0.8
,,0.00025424,-1.2
,,0.00025432,-1.2
,,0.0002544,-1.2
,,0.00025448,-0.8
,,0.00025456,-0.8
,,0.00025464,-1.2
,,0.00025472,-0.8
,,0.0002548,-1.2
,,0.00025488,-0.8
,,0.00025496,-0.8
,,0.00025504,-0.8
,,0.00025512,-0.8
,,0.0002552,-0.8
,,0.00025528,-1.2
,,0.00025536,-0.8
,,0.00025544,-0.8
,,0.00025552,-0.8
,,0.0002556,-1.2
,,0.00025568,-0.8
,,0.00025576,-0.8
,,0.00025584,-0.8
,,0.00025592,-0.8
,,0.000256,-1.2
,,0.00025608,-0.8
,,0.00025616,-0.8
,,0.00025624,-0.8
,,0.00025632,-0.8
,,0.0002564,-0.8
,,0.00025648,-1.2
,,0.00025656,-0.8
,,0.00025664,-0.8
,,0.00025672,-0.8
,,0.0002568,-0.8
,,0.00025688,-0.8
,,0.00025696,-0.8
,,0.00025704,-0.8
,,0.00025712,-0.8
,,0.0002572,-0.8
,,0.00025728,-0.8
,,0.00025736,-0.8
,,0.00025744,-0.8
,,0.00025752,-0.8
,,0.0002576,-0.8
,,0.00025768,-0.8
,,0.00025776,-0.8
,,0.00025784,-0.8
,,0.00025792,-0.8
,,0.000258,-0.8
,,0.00025808,-1.2
,,0.00025816,-0.8
,,0.00025824,-0.8
,,0.00025832,-0.8
,,0.0002584,-1.2
,,0.00025848,-0.8
,,0.00025856,-1.2
,,0.00025864,-0.8
,,0.00025872,-0.8
,,0.0002588,-0.8
,,0.00025888,-0.8
,,0.00025896,-0.8
,,0.00025904,-0.8
,,0.00025912,-0.8
,,0.0002592,-0.8
,,0.00025928,-0.8
,,0.00025936,-0.8
,,0.00025944,-0.8
,,0.00025952,-0.8
,,0.0002596,-0.8
,,0.00025968,-1.2
,,0.00025976,-0.8
,,0.00025984,-1.2
,,0.00025992,-0.8
,,0.00026,-0.8
,,0.00026008,-1.2
,,0.00026016,-0.8
,,0.00026024,-1.2
,,0.00026032,-0.8
,,0.0002604,-0.8
,,0.00026048,-1.2
,,0.00026056,-0.8
,,0.00026064,-0.8
,,0.00026072,-0.8
,,0.0002608,-0.8
,,0.00026088,-0.8
,,0.00026096,-1.2
,,0.00026104,-0.8
,,0.00026112,-0.8
,,0.0002612,-1.2
,,0.00026128,-0.8
,,0.00026136,-0.8
,,0.00026144,-1.2
,,0.00026152,-0.8
,,0.0002616,-0.8
,,0.00026168,-0.4
,,0.00026176,-0.8
,,0.00026184,-0.8
,,0.00026192,-0.8
,,0.000262,-0.8
,,0.00026208,-0.8
,,0.00026216,-0.8
,,0.00026224,-0.8
,,0.00026232,-0.8
,,0.0002624,-0.8
,,0.00026248,-0.8
,,0.00026256,-0.8
,,0.00026264,-0.8
,,0.00026272,-0.8
,,0.0002628,-0.8
,,0.00026288,-0.8
,,0.00026296,-1.2
,,0.00026304,-0.8
,,0.00026312,-0.8
,,0.0002632,-0.8
,,0.00026328,-0.8
,,0.00026336,-0.8
,,0.00026344,-0.8
,,0.00026352,-0.8
,,0.0002636,-0.8
,,0.00026368,-1.2
,,0.00026376,-0.8
,,0.00026384,-0.8
,,0.00026392,-0.8
,,0.000264,-0.4
,,0.00026408,-0.8
,,0.00026416,-0.8
,,0.00026424,-0.8
,,0.00026432,-0.8
,,0.0002644,-0.8
,,0.00026448,-1.2
,,0.00026456,-0.8
,,0.00026464,-0.8
,,0.00026472,-0.8
,,0.0002648,-0.8
,,0.00026488,-0.8
,,0.00026496,-0.8
,,0.00026504,-0.8
,,0.00026512,-0.8
,,0.0002652,-0.8
,,0.00026528,-0.8
,,0.00026536,-0.8
,,0.00026544,-0.8
,,0.00026552,-0.8
,,0.0002656,-0.8
,,0.00026568,-0.8
,,0.00026576,-0.8
,,0.00026584,-0.8
,,0.00026592,-0.8
,,0.000266,-0.8
,,0.00026608,-0.8
,,0.00026616,-0.8
,,0.00026624,-0.8
,,0.00026632,-0.8
,,0.0002664,-0.8
,,0.00026648,-0.8
,,0.00026656,-0.8
,,0.00026664,-0.8
,,0.00026672,-0.8
,,0.0002668,-0.8
,,0.00026688,-0.4
,,0.00026696,-0.8
,,0.00026704,-0.8
,,0.00026712,-0.8
,,0.0002672,-0.8
,,0.00026728,-0.8
,,0.00026736,-0.8
,,0.00026744,-0.8
,,0.00026752,-0.8
,,0.0002676,-0.8
,,0.00026768,-1.2
,,0.00026776,-0.8
,,0.00026784,-0.8
,,0.00026792,-0.8
,,0.000268,-0.8
,,0.00026808,-0.4
,,0.00026816,-0.8
,,0.00026824,-0.8
,,0.00026832,-0.8
,,0.0002684,-0.8
,,0.00026848,-0.8
,,0.00026856,-0.8
,,0.00026864,-0.8
,,0.00026872,-0.4
,,0.0002688,-0.8
,,0.00026888,-0.8
,,0.00026896,-0.8
,,0.00026904,-0.8
,,0.00026912,-0.8
,,0.0002692,-0.8
,,0.00026928,-0.8
,,0.00026936,-0.8
,,0.00026944,-0.4
,,0.00026952,-0.8
,,0.0002696,-0.8
,,0.00026968,-0.8
,,0.00026976,-0.8
,,0.00026984,-0.8
,,0.00026992,-0.8
,,0.00027,-0.4
,,0.00027008,-0.8
,,0.00027016,-0.8
,,0.00027024,-0.8
,,0.00027032,-0.8
,,0.0002704,-0.8
,,0.00027048,-0.8
,,0.00027056,-0.8
,,0.00027064,-0.8
,,0.00027072,-0.8
,,0.0002708,-0.8
,,0.00027088,-0.8
,,0.00027096,-0.8
,,0.00027104,-0.8
,,0.00027112,-0.8
,,0.0002712,-0.8
,,0.00027128,-0.8
,,0.00027136,-0.8
,,0.00027144,-0.8
,,0.00027152,-0.8
,,0.0002716,-0.4
,,0.00027168,-0.8
,,0.00027176,-0.8
,,0.00027184,-0.8
,,0.00027192,-0.4
,,0.000272,-0.8
,,0.00027208,-0.8
,,0.00027216,-0.8
,,0.00027224,-0.8
,,0.00027232,-0.8
,,0.0002724,-0.8
,,0.00027248,-0.8
,,0.00027256,-0.8
,,0.00027264,-0.8
,,0.00027272,-0.8
,,0.0002728,-0.8
,,0.00027288,-0.8
,,0.00027296,-0.8
,,0.00027304,-0.8
,,0.00027312,-0.8
,,0.0002732,-1.2
,,0.00027328,-0.8
,,0.00027336,-0.8
,,0.00027344,-0.8
,,0.00027352,-0.8
,,0.0002736,-0.8
,,0.00027368,-0.8
,,0.00027376,-0.8
,,0.00027384,-0.8
,,0.00027392,-0.8
,,0.000274,-0.8
,,0.00027408,-0.8
,,0.00027416,-0.8
,,0.00027424,-0.8
,,0.00027432,-0.4
,,0.0002744,-0.8
,,0.00027448,-0.8
,,0.00027456,-0.8
,,0.00027464,-0.8
,,0.00027472,-0.8
,,0.0002748,-0.8
,,0.00027488,-0.8
,,0.00027496,-0.8
,,0.00027504,-0.8
,,0.00027512,-0.8
,,0.0002752,-0.8
,,0.00027528,-0.8
,,0.00027536,-0.8
,,0.00027544,-0.8
,,0.00027552,-1.2
,,0.0002756,-0.8
,,0.00027568,-0.8
,,0.00027576,-0.8
,,0.00027584,-0.8
,,0.00027592,-0.8
,,0.000276,-0.4
,,0.00027608,-0.8
,,0.00027616,-0.8
,,0.00027624,-0.8
,,0.00027632,-0.8
,,0.0002764,-0.8
,,0.00027648,-0.8
,,0.00027656,-1.2
,,0.00027664,-0.8
,,0.00027672,-0.8
,,0.0002768,-0.8
,,0.00027688,-0.8
,,0.00027696,-0.8
,,0.00027704,-1.2
,,0.00027712,-0.8
,,0.0002772,-0.8
,,0.00027728,-0.8
,,0.00027736,-0.8
,,0.00027744,-0.8
,,0.00027752,-1.2
,,0.0002776,-0.8
,,0.00027768,-0.8
,,0.00027776,-0.8
,,0.00027784,-0.4
,,0.00027792,-0.8
,,0.000278,-0.8
,,0.00027808,-0.8
,,0.00027816,-0.8
,,0.00027824,-0.8
,,0.00027832,-0.8
,,0.0002784,-0.8
,,0.00027848,-0.4
,,0.00027856,-0.8
,,0.00027864,-0.4
,,0.00027872,-0.8
,,0.0002788,-0.8
,,0.00027888,-0.8
,,0.00027896,-0.8
,,0.00027904,-0.8
,,0.00027912,-0.8
,,0.0002792,-0.8
,,0.00027928,-0.8
,,0.00027936,-0.8
,,0.00027944,-0.8
,,0.00027952,-0.8
,,0.0002796,-0.8
,,0.00027968,-0.8
,,0.00027976,-1.2
,,0.00027984,-0.8
,,0.00027992,-0.8
,,0.00028,-0.8
,,0.00028008,-0.8
,,0.00028016,-0.8
,,0.00028024,-0.8
,,0.00028032,-0.8
,,0.0002804,-0.8
,,0.00028048,-0.8
,,0.00028056,-0.8
,,0.00028064,-0.8
,,0.00028072,-0.8
,,0.0002808,-1.2
,,0.00028088,-0.8
,,0.00028096,-0.8
,,0.00028104,-0.8
,,0.00028112,-0.8
,,0.0002812,-0.8
,,0.00028128,-0.8
,,0.00028136,-0.8
,,0.00028144,-0.8
,,0.00028152,-0.8
,,0.0002816,-0.8
,,0.00028168,-0.8
,,0.00028176,-0.8
,,0.00028184,-0.8
,,0.00028192,-0.8
,,0.000282,-0.8
,,0.00028208,-0.8
,,0.00028216,-0.8
,,0.00028224,-0.8
,,0.00028232,-0.8
,,0.0002824,-0.8
,,0.00028248,-0.8
,,0.00028256,-0.8
,,0.00028264,-0.8
,,0.00028272,-0.8
,,0.0002828,-0.8
,,0.00028288,-0.8
,,0.00028296,-0.8
,,0.00028304,-0.8
,,0.00028312,-0.8
,,0.0002832,-0.8
,,0.00028328,-0.8
,,0.00028336,-0.8
,,0.00028344,-0.8
,,0.00028352,-0.8
,,0.0002836,-0.8
,,0.00028368,-0.8
,,0.00028376,-0.8
,,0.00028384,-0.8
,,0.00028392,-0.8
,,0.000284,-0.8
,,0.00028408,-0.8
,,0.00028416,-0.8
,,0.00028424,-0.8
,,0.00028432,-0.8
,,0.0002844,-0.8
,,0.00028448,-0.8
,,0.00028456,-0.8
,,0.00028464,-0.8
,,0.00028472,-0.8
,,0.0002848,-0.8
,,0.00028488,-0.8
,,0.00028496,-0.8
,,0.00028504,-0.8
,,0.00028512,-0.8
,,0.0002852,-0.8
,,0.00028528,-0.8
,,0.00028536,-0.8
,,0.00028544,-0.8
,,0.00028552,-0.8
,,0.0002856,-0.8
,,0.00028568,-0.8
,,0.00028576,-0.8
,,0.00028584,-0.8
,,0.00028592,-0.8
,,0.000286,-0.8
,,0.00028608,-0.8
,,0.00028616,-0.4
,,0.00028624,-0.8
,,0.00028632,-0.8
,,0.0002864,-0.8
,,0.00028648,-1.2
,,0.00028656,-0.8
,,0.00028664,-1.2
,,0.00028672,-0.8
,,0.0002868,-0.8
,,0.00028688,-0.8
,,0.00028696,-0.4
,,0.00028704,-0.8
,,0.00028712,-0.8
,,0.0002872,-0.8
,,0.00028728,-0.4
,,0.00028736,-0.8
,,0.00028744,-0.8
,,0.00028752,-0.8
,,0.0002876,-0.8
,,0.00028768,-0.8
,,0.00028776,-0.8
,,0.00028784,-0.8
,,0.00028792,-0.8
,,0.000288,-0.8
,,0.00028808,-0.8
,,0.00028816,-0.8
,,0.00028824,-0.8
,,0.00028832,-0.8
,,0.0002884,-0.8
,,0.00028848,-0.8
,,0.00028856,-0.8
,,0.00028864,-0.8
,,0.00028872,-0.8
,,0.0002888,-0.8
,,0.00028888,-0.8
,,0.00028896,-1.2
,,0.00028904,-0.8
,,0.00028912,-0.8
,,0.0002892,-0.8
,,0.00028928,-0.8
,,0.00028936,-0.8
,,0.00028944,-0.8
,,0.00028952,-0.8
,,0.0002896,-0.8
,,0.00028968,-0.8
,,0.00028976,-0.8
,,0.00028984,-0.8
,,0.00028992,-0.8
,,0.00029,-0.8
,,0.00029008,-0.8
,,0.00029016,-0.8
,,0.00029024,-0.8
,,0.00029032,-0.8
,,0.0002904,-0.8
,,0.00029048,-0.8
,,0.00029056,-0.8
,,0.00029064,-0.8
,,0.00029072,-0.8
,,0.0002908,-0.8
,,0.00029088,-0.8
,,0.00029096,-0.8
,,0.00029104,-0.4
,,0.00029112,-0.8
,,0.0002912,-0.8
,,0.00029128,-0.8
,,0.00029136,-0.8
,,0.00029144,-0.8
,,0.00029152,-1.2
,,0.0002916,-0.8
,,0.00029168,-0.8
,,0.00029176,-0.8
,,0.00029184,-0.8
,,0.00029192,-0.8
,,0.000292,-0.8
,,0.00029208,-0.8
,,0.00029216,-1.2
,,0.00029224,-0.8
,,0.00029232,-0.4
,,0.0002924,-0.8
,,0.00029248,-0.8
,,0.00029256,-0.8
,,0.00029264,-0.8
,,0.00029272,-0.8
,,0.0002928,-0.8
,,0.00029288,-0.8
,,0.00029296,-0.8
,,0.00029304,-0.8
,,0.00029312,-1.2
,,0.0002932,-0.8
,,0.00029328,-0.8
,,0.00029336,-0.8
,,0.00029344,-0.8
,,0.00029352,-0.8
,,0.0002936,-0.8
,,0.00029368,-0.8
,,0.00029376,-0.4
,,0.00029384,-0.8
,,0.00029392,-0.8
,,0.000294,-0.8
,,0.00029408,-0.4
,,0.00029416,-0.8
,,0.00029424,-0.8
,,0.00029432,-0.8
,,0.0002944,-0.8
,,0.00029448,-0.4
,,0.00029456,-0.8
,,0.00029464,-0.8
,,0.00029472,-0.8
,,0.0002948,-0.8
,,0.00029488,-0.8
,,0.00029496,-1.2
,,0.00029504,-0.8
,,0.00029512,-0.8
,,0.0002952,-0.8
,,0.00029528,-0.8
,,0.00029536,-0.8
,,0.00029544,-0.8
,,0.00029552,-0.8
,,0.0002956,-0.8
,,0.00029568,-0.8
,,0.00029576,-0.8
,,0.00029584,-0.8
,,0.00029592,-0.8
,,0.000296,-0.8
,,0.00029608,-0.8
,,0.00029616,-0.8
,,0.00029624,-0.8
,,0.00029632,-0.8
,,0.0002964,-0.8
,,0.00029648,-0.8
,,0.00029656,-0.8
,,0.00029664,-0.4
,,0.00029672,-0.8
,,0.0002968,-1.2
,,0.00029688,-0.8
,,0.00029696,-0.8
,,0.00029704,-0.8
,,0.00029712,-0.8
,,0.0002972,-0.8
,,0.00029728,-0.8
,,0.00029736,-0.8
,,0.00029744,-0.8
,,0.00029752,-0.8
,,0.0002976,-0.8
,,0.00029768,-0.8
,,0.00029776,-0.8
,,0.00029784,-0.8
,,0.00029792,-0.8
,,0.000298,-0.8
,,0.00029808,-0.8
,,0.00029816,-0.8
,,0.00029824,-0.8
,,0.00029832,-0.8
,,0.0002984,-0.8
,,0.00029848,-0.8
,,0.00029856,-0.8
,,0.00029864,-0.4
,,0.00029872,-0.8
,,0.0002988,-0.8
,,0.00029888,-0.8
,,0.00029896,-0.8
,,0.00029904,-0.8
,,0.00029912,-0.8
,,0.0002992,-0.8
,,0.00029928,-0.8
,,0.00029936,-0.8
,,0.00029944,-0.8
,,0.00029952,-0.8
,,0.0002996,-0.8
,,0.00029968,-0.8
,,0.00029976,-0.8
,,0.00029984,-0.8
,,0.00029992,-0.8
,,0.0003,-0.8
,,0.00030008,-0.8
,,0.00030016,-0.4
,,0.00030024,-0.4
,,0.00030032,-0.8
,,0.0003004,-0.8
,,0.00030048,-0.8
,,0.00030056,-0.8
,,0.00030064,-0.4
,,0.00030072,-0.8
,,0.0003008,-0.8
,,0.00030088,-0.8
,,0.00030096,-0.8
,,0.00030104,-0.8
,,0.00030112,-0.8
,,0.0003012,-0.8
,,0.00030128,-1.2
,,0.00030136,-0.8
,,0.00030144,-0.8
,,0.00030152,-0.8
,,0.0003016,-0.8
,,0.00030168,-0.8
,,0.00030176,-0.8
,,0.00030184,-0.8
,,0.00030192,-0.8
,,0.000302,-0.8
,,0.00030208,-0.8
,,0.00030216,-0.8
,,0.00030224,-0.8
,,0.00030232,-0.8
,,0.0003024,-0.8
,,0.00030248,-0.8
,,0.00030256,-0.8
,,0.00030264,-0.8
,,0.00030272,-0.8
,,0.0003028,-1.2
,,0.00030288,-0.8
,,0.00030296,-0.8
,,0.00030304,-0.8
,,0.00030312,-0.8
,,0.0003032,-0.8
,,0.00030328,-0.8
,,0.00030336,-0.8
,,0.00030344,-0.8
,,0.00030352,-0.8
,,0.0003036,-0.8
,,0.00030368,-0.8
,,0.00030376,-0.8
,,0.00030384,-0.8
,,0.00030392,-0.8
,,0.000304,-0.8
,,0.00030408,-0.8
,,0.00030416,-0.4
,,0.00030424,-0.8
,,0.00030432,-0.8
,,0.0003044,-0.4
,,0.00030448,-0.8
,,0.00030456,-0.8
,,0.00030464,-0.8
,,0.00030472,-0.8
,,0.0003048,-0.4
,,0.00030488,-0.8
,,0.00030496,-0.8
,,0.00030504,-0.8
,,0.00030512,-0.8
,,0.0003052,-0.8
,,0.00030528,-0.8
,,0.00030536,-0.8
,,0.00030544,-0.8
,,0.00030552,-0.8
,,0.0003056,-0.8
,,0.00030568,-0.8
,,0.00030576,-0.8
,,0.00030584,-1.2
,,0.00030592,-0.8
,,0.000306,-0.8
,,0.00030608,-0.8
,,0.00030616,-0.8
,,0.00030624,-0.8
,,0.00030632,-0.8
,,0.0003064,-1.2
,,0.00030648,-0.8
,,0.00030656,-0.8
,,0.00030664,-1.2
,,0.00030672,-0.4
,,0.0003068,-0.8
,,0.00030688,-0.8
,,0.00030696,-0.8
,,0.00030704,-0.8
,,0.00030712,-0.8
,,0.0003072,-0.8
,,0.00030728,-0.8
,,0.00030736,-0.8
,,0.00030744,-0.8
,,0.00030752,-0.8
,,0.0003076,-0.8
,,0.00030768,-0.8
,,0.00030776,-0.8
,,0.00030784,-0.8
,,0.00030792,-0.8
,,0.000308,-0.8
,,0.00030808,-0.8
,,0.00030816,-0.8
,,0.00030824,-0.8
,,0.00030832,-0.8
,,0.0003084,-0.8
,,0.00030848,-0.8
,,0.00030856,-0.8
,,0.00030864,-0.8
,,0.00030872,-0.8
,,0.0003088,-1.2
,,0.00030888,-0.8
,,0.00030896,-0.8
,,0.00030904,-0.8
,,0.00030912,-0.8
,,0.0003092,-0.4
,,0.00030928,-0.8
,,0.00030936,-0.8
,,0.00030944,-0.8
,,0.00030952,-0.8
,,0.0003096,-0.8
,,0.00030968,-0.8
,,0.00030976,-0.8
,,0.00030984,-1.2
,,0.00030992,-0.8
,,0.00031,-0.8
,,0.00031008,-0.4
,,0.00031016,-0.8
,,0.00031024,-0.8
,,0.00031032,-1.2
,,0.0003104,-0.8
,,0.00031048,-0.8
,,0.00031056,-0.8
,,0.00031064,-0.8
,,0.00031072,-0.8
,,0.0003108,-0.8
,,0.00031088,-0.8
,,0.00031096,-0.8
,,0.00031104,-0.8
,,0.00031112,-0.8
,,0.0003112,-0.8
,,0.00031128,-0.8
,,0.00031136,-0.8
,,0.00031144,-0.8
,,0.00031152,-0.8
,,0.0003116,-0.8
,,0.00031168,-0.8
,,0.00031176,-0.8
,,0.00031184,-0.8
,,0.00031192,-0.8
,,0.000312,-1.2
,,0.00031208,-0.8
,,0.00031216,-0.8
,,0.00031224,-0.8
,,0.00031232,-0.8
,,0.0003124,-0.8
,,0.00031248,-1.2
,,0.00031256,-0.8
,,0.00031264,-0.8
,,0.00031272,-0.8
,,0.0003128,-0.8
,,0.00031288,-0.8
,,0.00031296,-0.8
,,0.00031304,-0.8
,,0.00031312,-0.8
,,0.0003132,-0.8
,,0.00031328,-0.8
,,0.00031336,-0.8
,,0.00031344,-0.8
,,0.00031352,-0.8
,,0.0003136,-0.8
,,0.00031368,-1.2
,,0.00031376,-0.8
,,0.00031384,-0.8
,,0.00031392,-0.8
,,0.000314,-0.8
,,0.00031408,-0.8
,,0.00031416,-0.8
,,0.00031424,-0.8
,,0.00031432,-0.8
,,0.0003144,-0.8
,,0.00031448,-0.8
,,0.00031456,-0.8
,,0.00031464,-0.8
,,0.00031472,-0.4
,,0.0003148,-0.8
,,0.00031488,-0.8
,,0.00031496,-0.8
,,0.00031504,-1.2
,,0.00031512,-0.8
,,0.0003152,-0.8
,,0.00031528,-0.8
,,0.00031536,-0.8
,,0.00031544,-0.8
,,0.00031552,-0.8
,,0.0003156,-0.8
,,0.00031568,-0.8
,,0.00031576,-0.8
,,0.00031584,-0.8
,,0.00031592,-0.8
,,0.000316,-0.8
,,0.00031608,-0.8
,,0.00031616,-0.8
,,0.00031624,-0.8
,,0.00031632,-0.8
,,0.0003164,-0.8
,,0.00031648,-0.8
,,0.00031656,-0.8
,,0.00031664,-0.8
,,0.00031672,-0.4
,,0.0003168,-0.8
,,0.00031688,-0.8
,,0.00031696,-0.8
,,0.00031704,-0.8
,,0.00031712,-0.8
,,0.0003172,-0.8
,,0.00031728,-0.8
,,0.00031736,-1.2
,,0.00031744,-0.8
,,0.00031752,-0.8
,,0.0003176,-0.4
,,0.00031768,-0.8
,,0.00031776,-0.8
,,0.00031784,-0.8
,,0.00031792,-0.8
,,0.000318,-0.8
,,0.00031808,-0.8
,,0.00031816,-0.8
,,0.00031824,-0.8
,,0.00031832,-0.4
,,0.0003184,-0.8
,,0.00031848,-0.8
,,0.00031856,-0.8
,,0.00031864,-0.8
,,0.00031872,-0.8
,,0.0003188,-0.8
,,0.00031888,-0.4
,,0.00031896,-0.8
,,0.00031904,-0.8
,,0.00031912,-0.8
,,0.0003192,-1.2
,,0.00031928,-0.8
,,0.00031936,-1.2
,,0.00031944,-0.8
,,0.00031952,-0.8
,,0.0003196,-0.8
,,0.00031968,-0.8
,,0.00031976,-0.8
,,0.00031984,-0.8
,,0.00031992,-0.8
,,0.00032,-0.8
,,0.00032008,-0.4
,,0.00032016,-0.8
,,0.00032024,-1.2
,,0.00032032,-0.4
,,0.0003204,-0.8
,,0.00032048,-0.8
,,0.00032056,-0.8
,,0.00032064,-0.8
,,0.00032072,-0.8
,,0.0003208,-0.8
,,0.00032088,-1.2
,,0.00032096,-0.8
,,0.00032104,-0.8
,,0.00032112,-0.8
,,0.0003212,-0.8
,,0.00032128,-0.8
,,0.00032136,-0.8
,,0.00032144,-0.8
,,0.00032152,-1.2
,,0.0003216,-0.8
,,0.00032168,-0.8
,,0.00032176,-1.2
,,0.00032184,-0.8
,,0.00032192,-0.8
,,0.000322,-0.8
,,0.00032208,-0.8
,,0.00032216,-0.8
,,0.00032224,-0.8
,,0.00032232,-0.8
,,0.0003224,-0.4
,,0.00032248,-0.8
,,0.00032256,-0.8
,,0.00032264,-0.8
,,0.00032272,-0.8
,,0.0003228,-0.8
,,0.00032288,-0.8
,,0.00032296,-0.8
,,0.00032304,-0.8
,,0.00032312,-0.8
,,0.0003232,-0.8
,,0.00032328,-0.8
,,0.00032336,-0.4
,,0.00032344,-0.8
,,0.00032352,-0.8
,,0.0003236,-0.8
,,0.00032368,-0.8
,,0.00032376,-0.8
,,0.00032384,-0.8
,,0.00032392,-0.8
,,0.000324,-0.8
,,0.00032408,-0.8
,,0.00032416,-0.8
,,0.00032424,-0.8
,,0.00032432,-0.8
,,0.0003244,-0.8
,,0.00032448,-0.8
,,0.00032456,-0.8
,,0.00032464,-0.8
,,0.00032472,-0.8
,,0.0003248,-0.8
,,0.00032488,-0.8
,,0.00032496,-0.8
,,0.00032504,-0.8
,,0.00032512,-0.8
,,0.0003252,-0.8
,,0.00032528,-0.8
,,0.00032536,-0.8
,,0.00032544,-0.4
,,0.00032552,-0.8
,,0.0003256,-0.8
,,0.00032568,-0.4
,,0.00032576,-0.8
,,0.00032584,-1.2
,,0.00032592,-0.8
,,0.000326,-0.8
,,0.00032608,-0.8
,,0.00032616,-0.8
,,0.00032624,-0.8
,,0.00032632,-0.8
,,0.0003264,-0.8
,,0.00032648,-0.4
,,0.00032656,-0.8
,,0.00032664,-1.2
,,0.00032672,-0.8
,,0.0003268,-0.8
,,0.00032688,-0.8
,,0.00032696,-0.8
,,0.00032704,-0.8
,,0.00032712,-0.4
,,0.0003272,-0.8
,,0.00032728,-0.8
,,0.00032736,-0.4
,,0.00032744,-0.8
,,0.00032752,-0.8
,,0.0003276,-0.8
,,0.00032768,-0.8
,,0.00032776,-0.8
,,0.00032784,-0.8
,,0.00032792,-0.8
,,0.000328,-0.8
,,0.00032808,-0.8
,,0.00032816,-0.8
,,0.00032824,-0.8
,,0.00032832,-0.4
,,0.0003284,-0.8
,,0.00032848,-0.8
,,0.00032856,-0.8
,,0.00032864,-0.4
,,0.00032872,-0.8
,,0.0003288,-0.8
,,0.00032888,-0.8
,,0.00032896,-0.8
,,0.00032904,-0.8
,,0.00032912,-0.8
,,0.0003292,-0.8
,,0.00032928,-0.8
,,0.00032936,-0.8
,,0.00032944,-0.8
,,0.00032952,-0.8
,,0.0003296,-0.8
,,0.00032968,-1.2
,,0.00032976,-0.8
,,0.00032984,-0.8
,,0.00032992,-0.8
,,0.00033,-0.8
,,0.00033008,-0.8
,,0.00033016,-0.8
,,0.00033024,-0.8
,,0.00033032,0
,,0.0003304,-0.8
,,0.00033048,-1.2
,,0.00033056,-0.8
,,0.00033064,-0.8
,,0.00033072,-0.8
,,0.0003308,-0.4
,,0.00033088,-0.8
,,0.00033096,-0.8
,,0.00033104,-0.8
,,0.00033112,-0.8
,,0.0003312,-0.8
,,0.00033128,-0.8
,,0.00033136,-0.8
,,0.00033144,-0.8
,,0.00033152,-0.8
,,0.0003316,-0.8
,,0.00033168,-0.8
,,0.00033176,-0.8
,,0.00033184,-0.8
,,0.00033192,-0.8
,,0.000332,-0.8
,,0.00033208,-0.8
,,0.00033216,-0.4
,,0.00033224,-0.8
,,0.00033232,-0.8
,,0.0003324,-0.8
,,0.00033248,-0.8
,,0.00033256,-0.8
,,0.00033264,-0.4
,,0.00033272,-0.8
,,0.0003328,-0.8
,,0.00033288,-0.8
,,0.00033296,-0.8
,,0.00033304,-0.8
,,0.00033312,-0.8
,,0.0003332,-0.8
,,0.00033328,-0.8
,,0.00033336,-0.8
,,0.00033344,-0.8
,,0.00033352,-0.8
,,0.0003336,-0.8
,,0.00033368,-0.8
,,0.00033376,-0.8
,,0.00033384,-0.8
,,0.00033392,-0.8
,,0.000334,-1.2
,,0.00033408,-0.8
,,0.00033416,-0.8
,,0.00033424,-0.8
,,0.00033432,-0.8
,,0.0003344,-0.8
,,0.00033448,-0.8
,,0.00033456,-0.8
,,0.00033464,-0.8
,,0.00033472,-0.8
,,0.0003348,-0.8
,,0.00033488,-0.4
,,0.00033496,-0.4
,,0.00033504,-0.8
,,0.00033512,-0.8
,,0.0003352,-0.8
,,0.00033528,-0.8
,,0.00033536,-0.8
,,0.00033544,-0.4
,,0.00033552,-0.8
,,0.0003356,-0.8
,,0.00033568,-0.4
,,0.00033576,-0.8
,,0.00033584,-0.8
,,0.00033592,-0.8
,,0.000336,-1.2
,,0.00033608,-0.8
,,0.00033616,-0.8
,,0.00033624,-1.2
,,0.00033632,-0.8
,,0.0003364,-0.8
,,0.00033648,-0.8
,,0.00033656,-0.8
,,0.00033664,-0.8
,,0.00033672,-0.8
,,0.0003368,-0.8
,,0.00033688,-0.8
,,0.00033696,-0.8
,,0.00033704,-0.8
,,0.00033712,-0.8
,,0.0003372,-0.8
,,0.00033728,-0.8
,,0.00033736,-0.8
,,0.00033744,-0.8
,,0.00033752,-0.8
,,0.0003376,-0.8
,,0.00033768,-0.8
,,0.00033776,-0.8
,,0.00033784,-0.8
,,0.00033792,-0.8
,,0.000338,-1.2
,,0.00033808,-0.8
,,0.00033816,-0.8
,,0.00033824,-1.2
,,0.00033832,-0.8
,,0.0003384,-0.8
,,0.00033848,-0.8
,,0.00033856,-0.8
,,0.00033864,-0.8
,,0.00033872,-0.8
,,0.0003388,-0.8
,,0.00033888,-0.8
,,0.00033896,-0.8
,,0.00033904,-0.8
,,0.00033912,-0.8
,,0.0003392,-0.8
,,0.00033928,-0.8
,,0.00033936,-0.8
,,0.00033944,-0.8
,,0.00033952,-0.8
,,0.0003396,-0.8
,,0.00033968,-0.8
,,0.00033976,-0.8
,,0.00033984,-0.8
,,0.00033992,-0.8
,,0.00034,-0.8
,,0.00034008,-0.8
,,0.00034016,-0.8
,,0.00034024,-0.8
,,0.00034032,-0.8
,,0.0003404,-0.8
,,0.00034048,-1.2
,,0.00034056,-0.8
,,0.00034064,-0.8
,,0.00034072,-0.8
,,0.0003408,-0.8
,,0.00034088,-0.8
,,0.00034096,-1.2
,,0.00034104,-0.8
,,0.00034112,-0.8
,,0.0003412,-1.2
,,0.00034128,-0.8
,,0.00034136,-0.8
,,0.00034144,-0.8
,,0.00034152,-0.8
,,0.0003416,-0.8
,,0.00034168,-0.8
,,0.00034176,-0.8
,,0.00034184,-0.8
,,0.00034192,-0.8
,,0.000342,-0.8
,,0.00034208,-0.8
,,0.00034216,-0.8
,,0.00034224,-1.2
,,0.00034232,-1.2
,,0.0003424,-0.8
,,0.00034248,-0.8
,,0.00034256,-0.8
,,0.00034264,-0.8
,,0.00034272,-0.8
,,0.0003428,-0.4
,,0.00034288,-0.8
,,0.00034296,-0.8
,,0.00034304,-1.2
,,0.00034312,-0.8
,,0.0003432,-0.8
,,0.00034328,-0.8
,,0.00034336,-0.8
,,0.00034344,-0.8
,,0.00034352,-0.8
,,0.0003436,-0.8
,,0.00034368,-0.4
,,0.00034376,-0.8
,,0.00034384,-0.8
,,0.00034392,-0.8
,,0.000344,-0.8
,,0.00034408,-0.8
,,0.00034416,-0.8
,,0.00034424,-0.8
,,0.00034432,-0.8
,,0.0003444,-0.8
,,0.00034448,-0.8
,,0.00034456,-0.8
,,0.00034464,-0.8
,,0.00034472,-0.8
,,0.0003448,-0.8
,,0.00034488,-0.8
,,0.00034496,-0.8
,,0.00034504,-0.8
,,0.00034512,-0.8
,,0.0003452,-0.8
,,0.00034528,-0.8
,,0.00034536,-0.8
,,0.00034544,-1.2
,,0.00034552,-0.8
,,0.0003456,-0.8
,,0.00034568,-0.8
,,0.00034576,-0.8
,,0.00034584,-0.8
,,0.00034592,-0.8
,,0.000346,-0.8
,,0.00034608,-0.8
,,0.00034616,-0.8
,,0.00034624,-0.8
,,0.00034632,-0.8
,,0.0003464,-0.8
,,0.00034648,-0.8
,,0.00034656,-0.8
,,0.00034664,-0.8
,,0.00034672,-0.8
,,0.0003468,-0.8
,,0.00034688,-0.8
,,0.00034696,-1.2
,,0.00034704,-0.8
,,0.00034712,-0.8
,,0.0003472,-0.8
,,0.00034728,-0.8
,,0.00034736,-0.4
,,0.00034744,-0.8
,,0.00034752,-0.8
,,0.0003476,-0.8
,,0.00034768,-0.8
,,0.00034776,-0.8
,,0.00034784,-0.8
,,0.00034792,-0.8
,,0.000348,-0.8
,,0.00034808,-0.8
,,0.00034816,-0.8
,,0.00034824,-0.8
,,0.00034832,-0.8
,,0.0003484,-0.8
,,0.00034848,-0.8
,,0.00034856,-0.8
,,0.00034864,-1.2
,,0.00034872,-0.8
,,0.0003488,-0.8
,,0.00034888,-0.8
,,0.00034896,-0.8
,,0.00034904,-0.8
,,0.00034912,-0.8
,,0.0003492,-0.8
,,0.00034928,-0.8
,,0.00034936,-0.8
,,0.00034944,-0.8
,,0.00034952,-0.4
,,0.0003496,-0.8
,,0.00034968,-0.8
,,0.00034976,-0.8
,,0.00034984,-1.2
,,0.00034992,-0.8
,,0.00035,-0.8
,,0.00035008,-0.4
,,0.00035016,-1.2
,,0.00035024,-0.8
,,0.00035032,-0.8
,,0.0003504,-0.8
,,0.00035048,-0.8
,,0.00035056,-0.4
,,0.00035064,-0.8
,,0.00035072,-0.8
,,0.0003508,-0.8
,,0.00035088,-0.8
,,0.00035096,-0.8
,,0.00035104,-0.8
,,0.00035112,-0.8
,,0.0003512,-0.8
,,0.00035128,-1.2
,,0.00035136,-0.4
,,0.00035144,-0.8
,,0.00035152,-0.8
,,0.0003516,-0.8
,,0.00035168,-0.8
,,0.00035176,-0.8
,,0.00035184,-0.8
,,0.00035192,-0.8
,,0.000352,-1.2
,,0.00035208,-0.8
,,0.00035216,-0.8
,,0.00035224,-0.8
,,0.00035232,-0.8
,,0.0003524,-0.8
,,0.00035248,-0.8
,,0.00035256,-0.8
,,0.00035264,-0.8
,,0.00035272,-0.8
,,0.0003528,-0.8
,,0.00035288,-0.8
,,0.00035296,-0.8
,,0.00035304,-0.8
,,0.00035312,-0.8
,,0.0003532,-0.8
,,0.00035328,-0.8
,,0.00035336,-0.4
,,0.00035344,-0.8
,,0.00035352,-0.8
,,0.0003536,-0.8
,,0.00035368,-0.8
,,0.00035376,-0.8
,,0.00035384,-0.8
,,0.00035392,-0.8
,,0.000354,-0.8
,,0.00035408,-0.8
,,0.00035416,-0.8
,,0.00035424,-1.2
,,0.00035432,-0.8
,,0.0003544,-0.8
,,0.00035448,-0.8
,,0.00035456,-0.8
,,0.00035464,-0.8
,,0.00035472,-0.8
,,0.0003548,-0.8
,,0.00035488,-0.8
,,0.00035496,-0.8
,,0.00035504,-0.8
,,0.00035512,-0.8
,,0.0003552,-0.8
,,0.00035528,-0.8
,,0.00035536,-0.4
,,0.00035544,-0.8
,,0.00035552,-0.8
,,0.0003556,-0.8
,,0.00035568,-0.8
,,0.00035576,-0.8
,,0.00035584,-0.8
,,0.00035592,-0.8
,,0.000356,-0.8
,,0.00035608,-0.8
,,0.00035616,-0.8
,,0.00035624,-0.8
,,0.00035632,-0.8
,,0.0003564,-0.8
,,0.00035648,-0.8
,,0.00035656,-0.8
,,0.00035664,-0.4
,,0.00035672,-0.8
,,0.0003568,-0.8
,,0.00035688,-0.8
,,0.00035696,-0.8
,,0.00035704,-0.8
,,0.00035712,-0.8
,,0.0003572,-1.2
,,0.00035728,-0.8
,,0.00035736,-0.8
,,0.00035744,-0.8
,,0.00035752,-1.2
,,0.0003576,-0.8
,,0.00035768,-0.8
,,0.00035776,-0.8
,,0.00035784,-0.8
,,0.00035792,-0.8
,,0.000358,-0.8
,,0.00035808,-0.8
,,0.00035816,-0.8
,,0.00035824,-0.8
,,0.00035832,-0.8
,,0.0003584,-0.8
,,0.00035848,-0.8
,,0.00035856,-0.8
,,0.00035864,-0.8
,,0.00035872,-0.8
,,0.0003588,-0.4
,,0.00035888,-0.8
,,0.00035896,-0.8
,,0.00035904,-0.8
,,0.00035912,-0.8
,,0.0003592,-0.8
,,0.00035928,-0.8
,,0.00035936,-0.8
,,0.00035944,-0.8
,,0.00035952,-0.8
,,0.0003596,-0.8
,,0.00035968,-0.8
,,0.00035976,-0.8
,,0.00035984,-0.8
,,0.00035992,-0.8
,,0.00036,-0.8
,,0.00036008,-0.8
,,0.00036016,-0.8
,,0.00036024,-0.4
,,0.00036032,-0.8
,,0.0003604,-0.8
,,0.00036048,-0.8
,,0.00036056,-0.8
,,0.00036064,-0.8
,,0.00036072,-0.8
,,0.0003608,-0.8
,,0.00036088,-0.8
,,0.00036096,-0.8
,,0.00036104,-0.8
,,0.00036112,-0.8
,,0.0003612,-0.8
,,0.00036128,-0.8
,,0.00036136,-0.8
,,0.00036144,-1.2
,,0.00036152,-0.8
,,0.0003616,-0.8
,,0.00036168,-0.8
,,0.00036176,-0.8
,,0.00036184,-0.8
,,0.00036192,-0.8
,,0.000362,-0.8
,,0.00036208,-0.8
,,0.00036216,-0.8
,,0.00036224,-0.8
,,0.00036232,-0.8
,,0.0003624,-0.8
,,0.00036248,-0.8
,,0.00036256,-0.8
,,0.00036264,-0.8
,,0.00036272,-0.8
,,0.0003628,-0.8
,,0.00036288,-0.8
,,0.00036296,-0.8
,,0.00036304,-0.8
,,0.00036312,-0.8
,,0.0003632,-0.8
,,0.00036328,-0.8
,,0.00036336,-0.8
,,0.00036344,-0.8
,,0.00036352,-0.8
,,0.0003636,-0.8
,,0.00036368,-0.8
,,0.00036376,-0.8
,,0.00036384,-0.8
,,0.00036392,-0.8
,,0.000364,-0.8
,,0.00036408,-0.8
,,0.00036416,-0.8
,,0.00036424,-0.8
,,0.00036432,-0.8
,,0.0003644,-0.8
,,0.00036448,-0.8
,,0.00036456,-0.8
,,0.00036464,-0.8
,,0.00036472,-0.8
,,0.0003648,-0.8
,,0.00036488,-0.8
,,0.00036496,-0.8
,,0.00036504,-0.8
,,0.00036512,-0.8
,,0.0003652,-0.8
,,0.00036528,-0.8
,,0.00036536,-0.8
,,0.00036544,-0.8
,,0.00036552,-0.8
,,0.0003656,-0.8
,,0.00036568,-0.8
,,0.00036576,-0.8
,,0.00036584,-0.4
,,0.00036592,-0.8
,,0.000366,-0.8
,,0.00036608,-1.2
,,0.00036616,-0.8
,,0.00036624,-0.8
,,0.00036632,-0.8
,,0.0003664,-1.2
,,0.00036648,-0.8
,,0.00036656,-0.8
,,0.00036664,-0.8
,,0.00036672,-0.8
,,0.0003668,-0.8
,,0.00036688,-0.8
,,0.00036696,-0.8
,,0.00036704,-0.8
,,0.00036712,-0.8
,,0.0003672,-0.8
,,0.00036728,-0.8
,,0.00036736,-0.8
,,0.00036744,-0.8
,,0.00036752,-0.8
,,0.0003676,-0.8
,,0.00036768,-0.8
,,0.00036776,-0.8
,,0.00036784,-0.8
,,0.00036792,-0.8
,,0.000368,-1.2
,,0.00036808,-0.8
,,0.00036816,-0.8
,,0.00036824,-0.8
,,0.00036832,-0.8
,,0.0003684,-0.8
,,0.00036848,-0.8
,,0.00036856,-0.8
,,0.00036864,-1.2
,,0.00036872,-0.8
,,0.0003688,-1.2
,,0.00036888,-1.2
,,0.00036896,-0.8
,,0.00036904,-0.8
,,0.00036912,-0.8
,,0.0003692,-0.4
,,0.00036928,-0.8
,,0.00036936,-0.8
,,0.00036944,-1.2
,,0.00036952,-0.8
,,0.0003696,-0.8
,,0.00036968,-0.8
,,0.00036976,-0.8
,,0.00036984,-0.8
,,0.00036992,-0.8
,,0.00037,-0.8
,,0.00037008,-0.8
,,0.00037016,-0.8
,,0.00037024,-0.8
,,0.00037032,-0.8
,,0.0003704,-0.8
,,0.00037048,-0.8
,,0.00037056,-0.8
,,0.00037064,-0.8
,,0.00037072,-0.8
,,0.0003708,-0.8
,,0.00037088,-0.8
,,0.00037096,-0.4
,,0.00037104,-0.8
,,0.00037112,-0.8
,,0.0003712,-0.8
,,0.00037128,-0.8
,,0.00037136,-0.8
,,0.00037144,-0.8
,,0.00037152,-0.8
,,0.0003716,-0.8
,,0.00037168,-0.8
,,0.00037176,-0.8
,,0.00037184,-0.8
,,0.00037192,-0.8
,,0.000372,-0.8
,,0.00037208,-0.8
,,0.00037216,-0.8
,,0.00037224,-0.8
,,0.00037232,-0.8
,,0.0003724,-0.8
,,0.00037248,-0.8
,,0.00037256,-0.8
,,0.00037264,-0.8
,,0.00037272,-0.8
,,0.0003728,-0.8
,,0.00037288,-1.2
,,0.00037296,-0.8
,,0.00037304,-0.8
,,0.00037312,-1.2
,,0.0003732,-0.8
,,0.00037328,-0.8
,,0.00037336,-0.8
,,0.00037344,-0.8
,,0.00037352,-0.8
,,0.0003736,-0.8
,,0.00037368,-0.8
,,0.00037376,-0.8
,,0.00037384,-0.8
,,0.00037392,-0.8
,,0.000374,-0.8
,,0.00037408,-0.8
,,0.00037416,-0.8
,,0.00037424,-0.8
,,0.00037432,-0.8
,,0.0003744,-0.8
,,0.00037448,-0.8
,,0.00037456,-0.8
,,0.00037464,-0.8
,,0.00037472,-0.8
,,0.0003748,-0.8
,,0.00037488,-1.2
,,0.00037496,-0.8
,,0.00037504,-0.8
,,0.00037512,-0.8
,,0.0003752,-0.8
,,0.00037528,-0.8
,,0.00037536,-0.8
,,0.00037544,-1.2
,,0.00037552,-0.8
,,0.0003756,-0.8
,,0.00037568,-0.8
,,0.00037576,-0.8
,,0.00037584,-0.8
,,0.00037592,-0.8
,,0.000376,-0.8
,,0.00037608,-0.4
,,0.00037616,-0.8
,,0.00037624,-0.8
,,0.00037632,-0.8
,,0.0003764,-0.8
,,0.00037648,-0.8
,,0.00037656,-0.8
,,0.00037664,-0.8
,,0.00037672,-0.8
,,0.0003768,-0.8
,,0.00037688,-0.8
,,0.00037696,-1.2
,,0.00037704,-0.8
,,0.00037712,-0.8
,,0.0003772,-0.8
,,0.00037728,-0.4
,,0.00037736,-0.4
,,0.00037744,-0.8
,,0.00037752,-0.8
,,0.0003776,-0.8
,,0.00037768,-0.8
,,0.00037776,-0.8
,,0.00037784,-0.4
,,0.00037792,-0.8
,,0.000378,-0.8
,,0.00037808,-0.8
,,0.00037816,-0.8
,,0.00037824,-0.8
,,0.00037832,-0.8
,,0.0003784,-1.2
,,0.00037848,-0.8
,,0.00037856,-0.8
,,0.00037864,-1.2
,,0.00037872,-0.8
,,0.0003788,-0.8
,,0.00037888,-0.4
,,0.00037896,-0.8
,,0.00037904,-0.8
,,0.00037912,-1.2
,,0.0003792,-0.4
,,0.00037928,-0.8
,,0.00037936,-0.8
,,0.00037944,-0.8
,,0.00037952,-0.8
,,0.0003796,-0.8
,,0.00037968,-1.2
,,0.00037976,-0.8
,,0.00037984,-0.8
,,0.00037992,-0.8
,,0.00038,-0.8
,,0.00038008,-0.8
,,0.00038016,-0.8
,,0.00038024,-0.8
,,0.00038032,-0.8
,,0.0003804,-0.8
,,0.00038048,-0.8
,,0.00038056,-0.8
,,0.00038064,-0.8
,,0.00038072,-0.8
,,0.0003808,-0.8
,,0.00038088,-1.2
,,0.00038096,-0.8
,,0.00038104,-1.2
,,0.00038112,-0.8
,,0.0003812,-0.8
,,0.00038128,-0.8
,,0.00038136,-0.8
,,0.00038144,-0.8
,,0.00038152,-0.8
,,0.0003816,-0.8
,,0.00038168,-0.8
,,0.00038176,-0.8
,,0.00038184,-0.8
,,0.00038192,-1.2
,,0.000382,-0.8
,,0.00038208,-0.8
,,0.00038216,-0.8
,,0.00038224,-0.8
,,0.00038232,-0.8
,,0.0003824,-0.8
,,0.00038248,-0.8
,,0.00038256,-0.8
,,0.00038264,-0.8
,,0.00038272,-0.8
,,0.0003828,-0.8
,,0.00038288,-0.8
,,0.00038296,-0.8
,,0.00038304,-0.8
,,0.00038312,-0.8
,,0.0003832,-0.8
,,0.00038328,-0.8
,,0.00038336,-0.8
,,0.00038344,-0.4
,,0.00038352,-0.8
,,0.0003836,-0.4
,,0.00038368,-0.8
,,0.00038376,-0.8
,,0.00038384,-0.8
,,0.00038392,-0.8
,,0.000384,-0.8
,,0.00038408,-0.8
,,0.00038416,-0.8
,,0.00038424,-0.8
,,0.00038432,-0.8
,,0.0003844,-0.8
,,0.00038448,-0.8
,,0.00038456,-0.4
,,0.00038464,-0.8
,,0.00038472,-0.8
,,0.0003848,-0.8
,,0.00038488,-0.4
,,0.00038496,-0.8
,,0.00038504,-0.8
,,0.00038512,-0.8
,,0.0003852,-0.8
,,0.00038528,-0.8
,,0.00038536,-1.2
,,0.00038544,-0.8
,,0.00038552,-0.8
,,0.0003856,-0.8
,,0.00038568,-0.8
,,0.00038576,-0.8
,,0.00038584,-0.8
,,0.00038592,-0.8
,,0.000386,-1.2
,,0.00038608,-0.8
,,0.00038616,-0.8
,,0.00038624,-0.8
,,0.00038632,-0.8
,,0.0003864,-0.8
,,0.00038648,-0.8
,,0.00038656,-0.8
,,0.00038664,-0.8
,,0.00038672,-0.8
,,0.0003868,-0.8
,,0.00038688,-0.8
,,0.00038696,-0.8
,,0.00038704,-0.8
,,0.00038712,-0.8
,,0.0003872,-0.8
,,0.00038728,-0.8
,,0.00038736,-0.8
,,0.00038744,-0.8
,,0.00038752,-0.8
,,0.0003876,-0.8
,,0.00038768,-0.8
,,0.00038776,-0.8
,,0.00038784,-0.8
,,0.00038792,-0.8
,,0.000388,-0.8
,,0.00038808,-0.8
,,0.00038816,-0.8
,,0.00038824,-0.4
,,0.00038832,-0.8
,,0.0003884,-0.8
,,0.00038848,-0.8
,,0.00038856,-0.8
,,0.00038864,-0.8
,,0.00038872,-0.8
,,0.0003888,-0.8
,,0.00038888,-0.8
,,0.00038896,-0.8
,,0.00038904,-0.8
,,0.00038912,-0.8
,,0.0003892,-0.4
,,0.00038928,-0.8
,,0.00038936,-0.8
,,0.00038944,-0.8
,,0.00038952,-0.8
,,0.0003896,-0.8
,,0.00038968,-0.8
,,0.00038976,-0.8
,,0.00038984,-0.8
,,0.00038992,-1.2
,,0.00039,-0.8
,,0.00039008,-0.8
,,0.00039016,-0.8
,,0.00039024,-0.8
,,0.00039032,-0.8
,,0.0003904,-0.4
,,0.00039048,-0.8
,,0.00039056,-0.8
,,0.00039064,-0.8
,,0.00039072,-0.8
,,0.0003908,-0.8
,,0.00039088,-0.8
,,0.00039096,-0.8
,,0.00039104,-0.4
,,0.00039112,-0.8
,,0.0003912,-0.4
,,0.00039128,-0.8
,,0.00039136,-0.8
,,0.00039144,-0.8
,,0.00039152,-0.8
,,0.0003916,-0.8
,,0.00039168,-0.8
,,0.00039176,-1.2
,,0.00039184,-0.8
,,0.00039192,-0.8
,,0.000392,-1.2
,,0.00039208,-0.8
,,0.00039216,-0.4
,,0.00039224,-0.8
,,0.00039232,-0.8
,,0.0003924,-0.8
,,0.00039248,-1.2
,,0.00039256,-0.8
,,0.00039264,-0.4
,,0.00039272,-0.8
,,0.0003928,-0.8
,,0.00039288,-0.8
,,0.00039296,-0.8
,,0.00039304,-0.8
,,0.00039312,-0.8
,,0.0003932,-0.8
,,0.00039328,-0.8
,,0.00039336,-0.8
,,0.00039344,-0.8
,,0.00039352,-0.4
,,0.0003936,-0.8
,,0.00039368,-0.8
,,0.00039376,-0.8
,,0.00039384,-0.8
,,0.00039392,-0.8
,,0.000394,-0.8
,,0.00039408,-0.8
,,0.00039416,-0.8
,,0.00039424,-0.8
,,0.00039432,-0.8
,,0.0003944,-0.8
,,0.00039448,-0.8
,,0.00039456,-0.8
,,0.00039464,-0.4
,,0.00039472,-0.8
,,0.0003948,-0.8
,,0.00039488,-0.8
,,0.00039496,-0.4
,,0.00039504,-0.8
,,0.00039512,-0.8
,,0.0003952,-0.8
,,0.00039528,-0.8
,,0.00039536,-0.8
,,0.00039544,-0.8
,,0.00039552,-0.8
,,0.0003956,-0.4
,,0.00039568,-0.8
,,0.00039576,-0.8
,,0.00039584,-0.8
,,0.00039592,-0.8
,,0.000396,-0.8
,,0.00039608,-0.8
,,0.00039616,-0.8
,,0.00039624,-0.8
,,0.00039632,-1.2
,,0.0003964,-0.8
,,0.00039648,-0.8
,,0.00039656,-0.4
,,0.00039664,-0.8
,,0.00039672,-0.8
,,0.0003968,-0.8
,,0.00039688,-0.8
,,0.00039696,-0.8
,,0.00039704,-0.8
,,0.00039712,-0.8
,,0.0003972,-0.8
,,0.00039728,-0.8
,,0.00039736,-0.8
,,0.00039744,-0.8
,,0.00039752,-0.8
,,0.0003976,-0.8
,,0.00039768,-0.8
,,0.00039776,-0.4
,,0.00039784,-0.8
,,0.00039792,-0.8
,,0.000398,-0.8
,,0.00039808,-0.8
,,0.00039816,-0.8
,,0.00039824,-0.8
,,0.00039832,-0.8
,,0.0003984,-0.8
,,0.00039848,-0.8
,,0.00039856,-1.2
,,0.00039864,-0.8
,,0.00039872,-0.8
,,0.0003988,-0.8
,,0.00039888,-0.8
,,0.00039896,-0.8
,,0.00039904,-0.8
,,0.00039912,-0.8
,,0.0003992,-0.8
,,0.00039928,-0.8
,,0.00039936,-0.8
,,0.00039944,-1.2
,,0.00039952,-0.8
,,0.0003996,-0.8
,,0.00039968,-0.8
,,0.00039976,-0.8
,,0.00039984,-0.4
,,0.00039992,-0.8
,,0.0004,-0.8
,,0.00040008,-0.8
,,0.00040016,0
,,0.00040024,-0.8
,,0.00040032,-0.8
,,0.0004004,-0.8
,,0.00040048,-0.8
,,0.00040056,-0.4
,,0.00040064,-0.8
,,0.00040072,-0.8
,,0.0004008,-0.8
,,0.00040088,-0.8
,,0.00040096,-0.8
,,0.00040104,-0.8
,,0.00040112,-0.8
,,0.0004012,-0.8
,,0.00040128,-0.8
,,0.00040136,-0.8
,,0.00040144,-0.8
,,0.00040152,-0.8
,,0.0004016,-0.8
,,0.00040168,-1.2
,,0.00040176,-0.8
,,0.00040184,-0.8
,,0.00040192,-0.8
,,0.000402,-0.8
,,0.00040208,-0.8
,,0.00040216,-0.8
,,0.00040224,-0.8
,,0.00040232,-0.8
,,0.0004024,-0.8
,,0.00040248,-0.8
,,0.00040256,-0.8
,,0.00040264,-1.2
,,0.00040272,-0.8
,,0.0004028,-0.8
,,0.00040288,-0.4
,,0.00040296,-0.8
,,0.00040304,-0.8
,,0.00040312,-0.8
,,0.0004032,-0.8
,,0.00040328,-1.2
,,0.00040336,-0.8
,,0.00040344,-0.8
,,0.00040352,-0.8
,,0.0004036,-0.8
,,0.00040368,-0.8
,,0.00040376,0
,,0.00040384,-0.8
,,0.00040392,-0.4
,,0.000404,-0.8
,,0.00040408,-0.8
,,0.00040416,-0.8
,,0.00040424,-0.8
,,0.00040432,-0.8
,,0.0004044,-0.8
,,0.00040448,-0.8
,,0.00040456,-0.8
,,0.00040464,-0.4
,,0.00040472,-0.8
,,0.0004048,-0.8
,,0.00040488,-0.8
,,0.00040496,-0.8
,,0.00040504,-0.8
,,0.00040512,-1.2
,,0.0004052,-0.4
,,0.00040528,-1.2
,,0.00040536,-0.8
,,0.00040544,-0.8
,,0.00040552,-0.8
,,0.0004056,-0.8
,,0.00040568,-1.2
,,0.00040576,-0.8
,,0.00040584,-0.8
,,0.00040592,-0.8
,,0.000406,-0.8
,,0.00040608,-0.8
,,0.00040616,-1.2
,,0.00040624,-1.2
,,0.00040632,-0.4
,,0.0004064,-0.8
,,0.00040648,-0.8
,,0.00040656,-0.8
,,0.00040664,-0.8
,,0.00040672,-0.8
,,0.0004068,-0.8
,,0.00040688,-0.8
,,0.00040696,-0.8
,,0.00040704,-0.8
,,0.00040712,-0.8
,,0.0004072,-0.8
,,0.00040728,-0.8
,,0.00040736,-0.8
,,0.00040744,-0.8
,,0.00040752,-0.8
,,0.0004076,-0.8
,,0.00040768,-0.8
,,0.00040776,-0.8
,,0.00040784,-0.8
,,0.00040792,-1.2
,,0.000408,-1.2
,,0.00040808,-0.8
,,0.00040816,-0.8
,,0.00040824,-1.2
,,0.00040832,-0.8
,,0.0004084,-0.8
,,0.00040848,-0.8
,,0.00040856,-0.8
,,0.00040864,-0.8
,,0.00040872,-0.8
,,0.0004088,-0.8
,,0.00040888,-0.8
,,0.00040896,-0.8
,,0.00040904,-0.8
,,0.00040912,-0.8
,,0.0004092,-0.8
,,0.00040928,-0.8
,,0.00040936,-0.8
,,0.00040944,-0.8
,,0.00040952,-0.8
,,0.0004096,-0.8
,,0.00040968,-1.2
,,0.00040976,-0.8
,,0.00040984,-0.8
,,0.00040992,-0.8
,,0.00041,-0.8
,,0.00041008,-0.8
,,0.00041016,-0.8
,,0.00041024,-0.8
,,0.00041032,-0.8
,,0.0004104,-1.2
,,0.00041048,-0.8
,,0.00041056,-0.8
,,0.00041064,-0.8
,,0.00041072,-0.4
,,0.0004108,-0.8
,,0.00041088,-0.8
,,0.00041096,-0.8
,,0.00041104,-0.8
,,0.00041112,-0.8
,,0.0004112,-0.8
,,0.00041128,-0.8
,,0.00041136,-0.8
,,0.00041144,-0.4
,,0.00041152,-0.8
,,0.0004116,-0.8
,,0.00041168,-0.8
,,0.00041176,-0.8
,,0.00041184,-0.8
,,0.00041192,-0.8
,,0.000412,-0.8
,,0.00041208,-0.8
,,0.00041216,-0.8
,,0.00041224,-0.8
,,0.00041232,-0.8
,,0.0004124,-0.8
,,0.00041248,-0.8
,,0.00041256,-0.8
,,0.00041264,-0.8
,,0.00041272,-0.8
,,0.0004128,-1.2
,,0.00041288,-0.8
,,0.00041296,-0.8
,,0.00041304,-0.8
,,0.00041312,-0.8
,,0.0004132,-0.8
,,0.00041328,-0.8
,,0.00041336,-0.8
,,0.00041344,-0.8
,,0.00041352,-1.2
,,0.0004136,-0.8
,,0.00041368,-0.8
,,0.00041376,-0.8
,,0.00041384,-0.8
,,0.00041392,-0.8
,,0.000414,-0.4
,,0.00041408,-0.8
,,0.00041416,-0.8
,,0.00041424,-0.8
,,0.00041432,-0.8
,,0.0004144,-0.8
,,0.00041448,-0.8
,,0.00041456,-0.8
,,0.00041464,-0.8
,,0.00041472,-1.2
,,0.0004148,-0.8
,,0.00041488,-0.8
,,0.00041496,-0.8
,,0.00041504,-0.8
,,0.00041512,-0.8
,,0.0004152,-0.8
,,0.00041528,-1.2
,,0.00041536,-1.2
,,0.00041544,-0.8
,,0.00041552,-0.8
,,0.0004156,-0.8
,,0.00041568,-0.8
,,0.00041576,-0.8
,,0.00041584,-0.8
,,0.00041592,-0.8
,,0.000416,-0.8
,,0.00041608,-0.8
,,0.00041616,-0.8
,,0.00041624,-0.4
,,0.00041632,-0.8
,,0.0004164,-0.8
,,0.00041648,-0.8
,,0.00041656,-0.8
,,0.00041664,-0.8
,,0.00041672,-0.8
,,0.0004168,-0.8
,,0.00041688,-0.8
,,0.00041696,-0.8
,,0.00041704,-0.8
,,0.00041712,-0.8
,,0.0004172,-0.8
,,0.00041728,-0.8
,,0.00041736,-0.8
,,0.00041744,-0.8
,,0.00041752,-0.8
,,0.0004176,-0.8
,,0.00041768,-0.8
,,0.00041776,-0.8
,,0.00041784,-0.8
,,0.00041792,-0.8
,,0.000418,-0.8
,,0.00041808,-0.8
,,0.00041816,-0.8
,,0.00041824,-0.8
,,0.00041832,-0.8
,,0.0004184,-0.8
,,0.00041848,-0.8
,,0.00041856,-0.8
,,0.00041864,-0.8
,,0.00041872,-0.8
,,0.0004188,-0.8
,,0.00041888,-0.8
,,0.00041896,-0.8
,,0.00041904,-0.8
,,0.00041912,-0.8
,,0.0004192,-0.8
,,0.00041928,-0.8
,,0.00041936,-0.8
,,0.00041944,-0.8
,,0.00041952,-0.8
,,0.0004196,-0.8
,,0.00041968,-0.8
,,0.00041976,-0.8
,,0.00041984,-1.2
,,0.00041992,-0.8
,,0.00042,-0.8
,,0.00042008,-0.8
,,0.00042016,-1.2
,,0.00042024,-0.8
,,0.00042032,-0.8
,,0.0004204,-0.8
,,0.00042048,-0.4
,,0.00042056,-0.8
,,0.00042064,-0.8
,,0.00042072,-0.8
,,0.0004208,-0.8
,,0.00042088,-0.8
,,0.00042096,-0.8
,,0.00042104,-0.8
,,0.00042112,-0.8
,,0.0004212,-0.8
,,0.00042128,-0.4
,,0.00042136,-0.8
,,0.00042144,-0.8
,,0.00042152,-0.4
,,0.0004216,-0.8
,,0.00042168,-0.8
,,0.00042176,-0.8
,,0.00042184,-1.2
,,0.00042192,-0.4
,,0.000422,-0.8
,,0.00042208,-0.8
,,0.00042216,-0.8
,,0.00042224,-0.8
,,0.00042232,-0.8
,,0.0004224,-0.8
,,0.00042248,-0.8
,,0.00042256,-0.8
,,0.00042264,-0.8
,,0.00042272,-0.8
,,0.0004228,-0.8
,,0.00042288,-0.8
,,0.00042296,-0.8
,,0.00042304,-1.2
,,0.00042312,-0.8
,,0.0004232,-0.8
,,0.00042328,-0.8
,,0.00042336,-0.8
,,0.00042344,-0.8
,,0.00042352,-0.8
,,0.0004236,-0.8
,,0.00042368,-0.8
,,0.00042376,-0.8
,,0.00042384,-0.8
,,0.00042392,-0.4
,,0.000424,-0.8
,,0.00042408,-0.8
,,0.00042416,-0.8
,,0.00042424,-0.8
,,0.00042432,-0.8
,,0.0004244,-0.8
,,0.00042448,-0.8
,,0.00042456,-0.8
,,0.00042464,-0.8
,,0.00042472,-0.8
,,0.0004248,-0.8
,,0.00042488,-0.8
,,0.00042496,-1.2
,,0.00042504,-0.8
,,0.00042512,-0.8
,,0.0004252,-0.8
,,0.00042528,-0.8
,,0.00042536,-0.8
,,0.00042544,-1.2
,,0.00042552,-0.8
,,0.0004256,-0.8
,,0.00042568,-0.8
,,0.00042576,-0.8
,,0.00042584,-0.8
,,0.00042592,-0.4
,,0.000426,-0.8
,,0.00042608,-0.8
,,0.00042616,-0.8
,,0.00042624,-0.8
,,0.00042632,-0.8
,,0.0004264,-0.8
,,0.00042648,-0.8
,,0.00042656,-0.8
,,0.00042664,-0.8
,,0.00042672,-0.8
,,0.0004268,-0.8
,,0.00042688,-0.8
,,0.00042696,-1.2
,,0.00042704,-0.8
,,0.00042712,-0.8
,,0.0004272,-1.2
,,0.00042728,-0.8
,,0.00042736,-0.8
,,0.00042744,-0.8
,,0.00042752,-0.8
,,0.0004276,-0.8
,,0.00042768,-0.8
,,0.00042776,-0.4
,,0.00042784,-0.8
,,0.00042792,-0.8
